customer_id,segment,city,region,first_purchase_date,first_tx_date,last_tx_date,recency_days,active_months,orders,units,gross_sales,discount_amount,net_sales,avg_order_value,avg_units_per_order,discount_ratio,returns_amount,net_sales_after_returns,return_rate_amount,return_rate_flag,frequency_per_month,rfm_score,churn_risk_bucket,top_category
C00001,one_time,Karachi,Sindh,2025-12-15,2025-02-22,2025-04-15,260.0,2,2,3.0,243599.05000000002,888.057229,242710.45,121355.225,1.5,0.003645569344379627,0.0,242710.45,0.0,0,1.0,123,medium,Electronics
C00002,price_sensitive,Islamabad,ICT,2025-03-13,2025-01-02,2025-07-29,155.0,5,6,19.0,569257.3,43585.481542,525668.72,87611.45333333332,3.1666666666666665,0.07656552062134293,0.0,525668.72,0.0,0,1.2,135,medium,Electronics
C00003,high_return,Lahore,Punjab,2025-04-13,2025-01-27,2025-06-29,185.0,5,5,8.0,357587.26,24807.777396,332781.57,66556.314,1.6,0.06937545089274154,18366.32,314415.25,0.055190315978135444,0,1.0,124,medium,Electronics
C00004,one_time,Islamabad,ICT,2025-08-03,2025-05-10,2025-05-10,235.0,1,1,1.0,208475.19,0.0,208475.19,208475.19,1.0,0.0,0.0,208475.19,0.0,0,1.0,123,medium,Electronics
C00005,loyal,Islamabad,ICT,2025-03-29,2025-02-13,2025-12-26,5.0,6,7,24.0,626141.2899999999,18269.533185999997,607862.95,86837.56428571428,3.4285714285714284,0.029177972252876022,15397.11,592465.84,0.02532990372254141,0,1.1666666666666667,535,medium,Electronics
C00006,price_sensitive,Lahore,Punjab,2025-12-26,2025-01-19,2025-10-20,72.0,3,3,3.0,12661.71,1731.303742,10930.19,3643.396666666667,1.0,0.13673538108201816,0.0,10930.19,0.0,0,1.0,221,medium,Fashion
C00007,regular,Islamabad,ICT,2025-05-30,,,,0,0,0.0,0.0,0.0,0.0,0.0,0.0,0.0,0.0,0.0,0.0,0,0.0,111,unknown,
C00008,loyal,Karachi,Sindh,2025-12-10,2025-01-06,2025-11-06,55.0,8,11,39.0,1396659.25,24330.844569,1372331.95,124757.45,3.5454545454545454,0.017420744944767308,18155.8,1354176.15,0.013229889459325055,0,1.375,345,medium,Electronics
C00009,regular,Islamabad,ICT,2025-10-21,2025-01-08,2025-08-09,144.0,3,5,10.0,74716.96,2722.893791,71992.56999999999,14398.514,2.0,0.036442780742150106,0.0,71992.56999999999,0.0,0,1.6666666666666667,152,medium,Fashion
C00010,loyal,Karachi,Sindh,2025-10-04,2025-02-28,2025-11-04,57.0,6,8,24.0,783543.5,21579.026184,761961.97,95245.24625,3.0,0.02754030399588536,11664.43,750297.5399999999,0.01530841493309699,0,1.3333333333333333,345,medium,Electronics
C00011,high_return,Karachi,Sindh,2025-11-10,2025-01-30,2025-11-26,35.0,8,8,18.0,721953.65,37104.759048,684850.86,85606.3575,2.25,0.05139493241429003,0.0,684850.86,0.0,0,1.0,425,medium,Electronics
C00012,one_time,Islamabad,ICT,2025-08-24,2025-04-17,2025-04-17,258.0,1,1,1.0,218564.3,0.0,218564.3,218564.3,1.0,0.0,0.0,218564.3,0.0,0,1.0,123,medium,Electronics
C00013,loyal,Karachi,Sindh,2025-02-28,2025-01-05,2025-12-13,18.0,7,7,27.0,429898.99,24136.468073,405748.76,57964.10857142857,3.857142857142857,0.05614450983706661,10040.99,395707.77,0.024746816231798217,0,1.0,424,medium,Electronics
C00014,one_time,Lahore,Punjab,2025-07-07,2025-01-13,2025-10-18,74.0,4,4,10.0,454002.06,35464.742278,418539.51,104634.8775,2.5,0.07811581797227968,0.0,418539.51,0.0,0,1.0,224,medium,Electronics
C00015,one_time,Karachi,Sindh,2025-07-09,2025-05-16,2025-10-10,82.0,4,6,12.0,289158.41000000003,9345.083452,279808.01,46634.668333333335,2.0,0.032318214268780905,0.0,279808.01,0.0,0,1.5,253,medium,Electronics
C00016,loyal,Karachi,Sindh,2025-02-20,2025-05-09,2025-12-28,3.0,5,9,22.0,518593.62,19511.376393,499090.35,55454.48333333333,2.4444444444444446,0.0376236336902872,0.0,499090.35,0.0,0,1.8,554,medium,Electronics
C00017,one_time,Karachi,Sindh,2025-09-01,2025-02-01,2025-02-01,333.0,1,1,1.0,1296.13,222.28629500000002,1073.87,1073.87,1.0,0.1715,0.0,1073.87,0.0,0,1.0,121,medium,Fashion
C00018,high_return,Lahore,Punjab,2025-05-11,2025-11-16,2025-11-16,45.0,1,1,2.0,42743.08,923.332895,41821.270000000004,41821.270000000004,2.0,0.021601927025380482,0.0,41821.270000000004,0.0,0,1.0,321,medium,Electronics
C00019,regular,Lahore,Punjab,2025-05-15,2025-01-15,2025-09-08,114.0,3,4,11.0,72440.84,3974.3713929999994,68465.66,17116.415,2.75,0.054863684532095426,0.0,68465.66,0.0,0,1.3333333333333333,242,medium,Fashion
C00020,price_sensitive,Lahore,Punjab,2025-06-16,2025-04-10,2025-12-12,19.0,5,5,9.0,534913.66,30580.203378000002,504336.76,100867.352,1.8,0.05716848468218217,0.0,504336.76,0.0,0,1.0,424,medium,Electronics
C00021,loyal,Islamabad,ICT,2025-03-30,2025-01-27,2025-09-13,109.0,7,11,37.0,1071731.63,65736.638116,1005992.82,91453.89272727272,3.3636363636363638,0.06133684616175787,0.0,1005992.82,0.0,0,1.5714285714285714,255,medium,Electronics
C00022,regular,Lahore,Punjab,2025-08-30,2025-04-04,2025-11-29,32.0,4,4,18.0,580363.14,2811.1733130000002,577554.27,144388.5675,4.5,0.004843817808622374,0.0,577554.27,0.0,0,1.0,425,medium,Electronics
C00023,one_time,Karachi,Sindh,2025-12-12,2025-01-13,2025-02-09,325.0,2,3,8.0,656296.53,9128.315809,647180.1399999999,215726.7133333333,2.6666666666666665,0.013908828390422847,340743.31,306436.8299999999,0.5265045834070249,1,1.5,154,medium,Electronics
C00024,loyal,Lahore,Punjab,2025-12-06,2025-01-14,2025-12-03,28.0,8,10,29.0,539833.93,22777.706173,517057.33999999997,51705.734,2.9,0.04219391354856112,0.0,517057.33999999997,0.0,0,1.25,444,medium,Electronics
C00025,price_sensitive,Lahore,Punjab,2025-09-21,2025-01-25,2025-08-06,147.0,3,3,8.0,752683.54,56422.451974999996,696248.02,232082.67333333334,2.6666666666666665,0.07496171893834691,210880.66,485367.36,0.30288152201854734,1,1.0,124,medium,Electronics
C00026,loyal,Karachi,Sindh,2025-07-25,2025-02-04,2025-12-19,12.0,6,11,31.0,909165.84,29344.352549,879842.63,79985.69363636363,2.8181818181818183,0.03227612747636889,5280.32,874562.31,0.006001436870591278,0,1.8333333333333333,555,medium,Electronics
C00027,one_time,Islamabad,ICT,2025-02-19,2025-07-01,2025-07-01,183.0,1,1,2.0,290357.55,6138.427809999999,284218.06,284218.06,2.0,0.02114092714310339,0.0,284218.06,0.0,0,1.0,123,medium,Electronics
C00028,regular,Lahore,Punjab,2025-01-02,2025-01-04,2025-12-19,12.0,5,5,10.0,334028.68,5180.630669,328857.39,65771.478,2.0,0.015509538489329719,241341.68,87515.71000000002,0.7338794484746107,1,1.0,522,medium,Electronics
C00029,one_time,Islamabad,ICT,2025-02-23,2025-07-11,2025-07-11,173.0,1,1,3.0,13003.47,0.0,13003.46,13003.46,3.0,0.0,0.0,13003.46,0.0,0,1.0,121,medium,Attach & Addons
C00030,one_time,Islamabad,ICT,2025-11-06,2025-06-21,2025-11-01,60.0,2,2,6.0,162961.59999999998,5728.766039,157231.28999999998,78615.64499999999,3.0,0.03515408561894336,56970.29,100260.99999999997,0.36233430381446347,1,1.0,322,medium,Electronics
C00031,loyal,Islamabad,ICT,2025-08-06,2025-01-02,2025-12-01,30.0,4,6,27.0,211226.47,7827.426413,203400.0,33900.0,4.5,0.03705703368048521,0.0,203400.0,0.0,0,1.5,453,medium,Attach & Addons
C00032,one_time,Karachi,Sindh,2025-07-21,2025-06-27,2025-12-26,5.0,2,2,4.0,53160.759999999995,561.2649080000001,52599.57,26299.785,2.0,0.010557879684188115,0.0,52599.57,0.0,0,1.0,521,medium,Electronics
C00033,regular,Islamabad,ICT,2025-09-27,2025-02-11,2025-11-18,43.0,3,3,7.0,172314.93000000002,2458.415136,169854.50999999998,56618.16999999999,2.3333333333333335,0.014266988565645471,0.0,169854.50999999998,0.0,0,1.0,323,medium,Electronics
C00034,regular,Islamabad,ICT,2025-09-28,2025-06-17,2025-11-30,31.0,2,2,6.0,329981.27,1999.7275480000003,327981.27,163990.635,3.0,0.006060124406454949,0.0,327981.27,0.0,0,1.0,424,medium,Electronics
C00035,loyal,Karachi,Sindh,2025-08-03,2025-01-04,2025-12-29,2.0,6,11,34.0,472951.76,6780.668361,466169.99,42379.09,3.090909090909091,0.014336913263627562,3677.08,462492.91,0.007887852240338337,0,1.8333333333333333,554,medium,Electronics
C00036,one_time,Islamabad,ICT,2025-07-09,2025-04-23,2025-09-26,96.0,3,3,7.0,28117.22,230.50554499999998,27887.04,9295.68,2.3333333333333335,0.00819802046575017,0.0,27887.04,0.0,0,1.0,221,medium,Fashion
C00037,price_sensitive,Islamabad,ICT,2025-07-27,2025-06-25,2025-11-06,55.0,2,2,4.0,20874.98,1077.735252,19797.41,9898.705,2.0,0.05162808548798609,0.0,19797.41,0.0,0,1.0,321,medium,Fashion
C00038,regular,Karachi,Sindh,2025-02-22,2025-05-12,2025-12-07,24.0,2,3,5.0,132629.94999999998,4381.187589,128250.97,42750.323333333334,1.6666666666666667,0.03303316927285278,0.0,128250.97,0.0,0,1.5,452,medium,Electronics
C00039,high_return,Karachi,Sindh,2025-08-05,2025-03-12,2025-08-14,139.0,3,4,10.0,115875.97,1197.8031760000001,114678.99,28669.7475,2.5,0.010336941956127747,0.0,114678.99,0.0,0,1.3333333333333333,142,medium,Electronics
C00040,price_sensitive,Lahore,Punjab,2025-02-10,2025-02-18,2025-12-25,6.0,5,5,15.0,294169.16,18324.350722,275846.49,55169.297999999995,3.0,0.062291882405348,0.0,275846.49,0.0,0,1.0,523,medium,Electronics
C00041,price_sensitive,Lahore,Punjab,2025-10-28,2025-01-04,2025-11-13,48.0,5,7,19.0,551896.02,44555.365005,507327.42000000004,72475.34571428572,2.7142857142857144,0.08073144829890239,23238.08,484089.34,0.0458048965695566,0,1.4,344,medium,Electronics
C00042,loyal,Lahore,Punjab,2025-11-23,2025-01-02,2025-12-30,1.0,7,11,29.0,696937.44,28391.410652000002,668559.84,60778.16727272727,2.6363636363636362,0.040737387636973564,5045.7,663514.14,0.0075471179961991135,0,1.5714285714285714,555,medium,Electronics
C00043,one_time,Islamabad,ICT,2025-05-09,2025-05-03,2025-07-08,176.0,2,3,9.0,291814.81,1259.758984,290555.49,96851.83,3.0,0.004316980978449997,0.0,290555.49,0.0,0,1.5,153,medium,Electronics
C00044,price_sensitive,Islamabad,ICT,2025-03-04,2025-04-13,2025-12-17,14.0,4,5,11.0,107567.95999999999,6334.941766999999,101232.95,20246.59,2.2,0.05889245986444291,0.0,101232.95,0.0,0,1.25,542,medium,Fashion
C00045,regular,Islamabad,ICT,2025-03-22,2025-02-23,2025-12-24,7.0,6,7,14.0,349597.6,5157.493737,344441.92,49205.98857142857,2.0,0.014752657732776198,16743.04,327698.88,0.048609182064715005,0,1.1666666666666667,534,medium,Electronics
C00046,regular,Karachi,Sindh,2025-10-16,2025-06-25,2025-11-12,49.0,3,3,7.0,488377.2,28660.020711999998,459715.11000000004,153238.37000000002,2.3333333333333335,0.058684190646082574,0.0,459715.11000000004,0.0,0,1.0,324,medium,Electronics
C00047,high_return,Islamabad,ICT,2025-08-19,2025-08-07,2025-12-13,18.0,2,2,4.0,19433.82,111.11579100000002,19322.81,9661.405,2.0,0.0057176505185290395,3846.92,15475.890000000001,0.1990869857955442,1,1.0,421,medium,Fashion
C00048,high_return,Lahore,Punjab,2025-01-28,2025-03-18,2025-12-30,1.0,5,5,13.0,372792.14,6250.163706999999,366535.82,73307.164,2.6,0.016765814072689404,0.0,366535.82,0.0,0,1.0,524,medium,Electronics
C00049,regular,Karachi,Sindh,2025-11-24,2025-02-18,2025-11-14,47.0,3,3,10.0,270909.76,1262.449792,269647.7,89882.56666666667,3.3333333333333335,0.004660038058429493,4336.4,265311.3,0.016081724413002593,0,1.0,323,medium,Electronics
C00050,one_time,Karachi,Sindh,2025-02-02,,,,0,0,0.0,0.0,0.0,0.0,0.0,0.0,0.0,0.0,0.0,0.0,0,0.0,111,unknown,
C00051,loyal,Karachi,Sindh,2025-03-03,2025-01-18,2025-12-29,2.0,8,12,44.0,707241.18,18540.305554,688703.1799999999,57391.931666666664,3.6666666666666665,0.026214968921917128,11841.33,676861.85,0.01719366244250535,0,1.5,555,medium,Electronics
C00052,price_sensitive,Lahore,Punjab,2025-04-09,2025-01-08,2025-09-22,100.0,4,7,15.0,549309.93,55404.126216,493916.04000000004,70559.43428571429,2.142857142857143,0.1008613228892476,0.0,493916.04000000004,0.0,0,1.75,254,medium,Electronics
C00053,high_return,Lahore,Punjab,2025-08-02,2025-03-06,2025-12-10,21.0,5,6,13.0,414134.4,16485.507363,397640.38,66273.39666666667,2.1666666666666665,0.039807143195542315,0.0,397640.38,0.0,0,1.2,434,medium,Electronics
C00054,regular,Lahore,Punjab,2025-08-15,2025-02-27,2025-11-30,31.0,4,6,14.0,199443.86,14962.463906999998,184486.86,30747.809999999998,2.3333333333333335,0.07502093023570643,0.0,184486.86,0.0,0,1.5,453,medium,Electronics
C00055,loyal,Karachi,Sindh,2025-05-11,2025-04-09,2025-12-19,12.0,4,6,14.0,436417.73,9200.82601,427222.25,71203.70833333333,2.3333333333333335,0.021082612775608363,5799.27,421422.98,0.013574363226634382,0,1.5,554,medium,Electronics
C00056,regular,Karachi,Sindh,2025-08-06,2025-03-29,2025-12-24,7.0,4,5,18.0,485531.45,11137.40134,474401.97,94880.394,3.6,0.022938578623485667,0.0,474401.97,0.0,0,1.25,544,medium,Electronics
C00057,price_sensitive,Islamabad,ICT,2025-12-25,2025-06-29,2025-12-28,3.0,4,5,21.0,996047.16,78231.030372,917830.59,183566.118,4.2,0.07854149232452004,0.0,917830.59,0.0,0,1.25,545,medium,Electronics
C00058,loyal,Islamabad,ICT,2025-07-26,2025-04-09,2025-11-16,45.0,4,4,17.0,712584.32,24956.269716999996,687621.74,171905.435,4.25,0.03502219880027671,24964.91,662656.83,0.03630616739953568,0,1.0,325,medium,Electronics
C00059,one_time,Lahore,Punjab,2025-02-11,2025-02-26,2025-11-29,32.0,5,6,16.0,631282.71,3886.141387,627386.26,104564.37666666666,2.6666666666666665,0.0061559445957263745,0.0,627386.26,0.0,0,1.2,435,medium,Electronics
C00060,one_time,Karachi,Sindh,2025-06-28,2025-04-21,2025-12-28,3.0,3,4,7.0,106940.27,6390.748322999999,100551.31,25137.8275,1.75,0.059759979313686026,0.0,100551.31,0.0,0,1.3333333333333333,542,medium,Electronics
C00061,loyal,Islamabad,ICT,2025-08-19,2025-01-13,2025-12-28,3.0,4,6,16.0,543840.16,45925.79182600001,497907.62,82984.60333333333,2.6666666666666665,0.08444722402626538,7011.78,490895.83999999997,0.014082491848588298,0,1.5,554,medium,Electronics
C00062,one_time,Lahore,Punjab,2025-04-06,2025-06-10,2025-06-10,204.0,1,1,5.0,41464.37,2403.7961280000004,39060.54,39060.54,5.0,0.05797257086023495,0.0,39060.54,0.0,0,1.0,121,medium,Electronics
C00063,regular,Lahore,Punjab,2025-08-19,2025-03-06,2025-12-04,27.0,3,3,10.0,305882.76,369.95473,305513.39999999997,101837.79999999999,3.3333333333333335,0.0012094657770186196,0.0,305513.39999999997,0.0,0,1.0,424,medium,Electronics
C00064,one_time,Islamabad,ICT,2025-06-20,2025-01-16,2025-09-08,114.0,2,3,7.0,118070.23,997.003028,117072.94,39024.31333333333,2.3333333333333335,0.008444152501439185,0.0,117072.94,0.0,0,1.5,252,medium,Electronics
C00065,price_sensitive,Lahore,Punjab,2025-01-13,2025-10-08,2025-10-29,63.0,1,2,5.0,244854.08,26633.725898999997,218226.69999999998,109113.34999999999,2.5,0.10877387013114095,0.0,218226.69999999998,0.0,0,2.0,353,medium,Electronics
C00066,loyal,Karachi,Sindh,2025-07-06,2025-01-27,2025-12-14,17.0,8,12,37.0,950023.46,35901.134698,914116.9500000001,76176.4125,3.0833333333333335,0.037789734895599315,0.0,914116.9500000001,0.0,0,1.5,455,medium,Electronics
C00067,regular,Lahore,Punjab,2025-10-11,2025-01-03,2025-07-24,160.0,4,5,12.0,94182.93,4083.9018859999996,90098.33,18019.666,2.4,0.0433613807300325,0.0,90098.33,0.0,0,1.25,142,medium,Attach & Addons
C00068,regular,Karachi,Sindh,2025-02-14,2025-01-03,2025-09-25,97.0,5,5,11.0,438068.94,36921.794424,401150.01,80230.00200000001,2.2,0.08428306837731979,193041.14,208108.87,0.48121933238889864,1,1.0,223,medium,Electronics
C00069,price_sensitive,Karachi,Sindh,2025-05-14,2025-02-09,2025-09-10,112.0,3,3,8.0,302711.99,13940.289811,288773.54,96257.84666666666,2.6666666666666665,0.0460513302132499,0.0,288773.54,0.0,0,1.0,223,medium,Electronics
C00070,one_time,Islamabad,ICT,2025-04-18,2025-04-22,2025-10-13,79.0,3,3,15.0,837352.33,30644.069797999997,806699.9299999999,268899.9766666666,5.0,0.036596386849487836,0.0,806699.9299999999,0.0,0,1.0,225,medium,Electronics
C00071,price_sensitive,Islamabad,ICT,2025-10-13,2025-09-04,2025-12-17,14.0,2,2,4.0,303102.47,36371.25487799999,266743.97,133371.985,2.0,0.11999656379573546,0.0,266743.97,0.0,0,1.0,523,medium,Electronics
C00072,regular,Islamabad,ICT,2025-05-08,2025-04-10,2025-11-29,32.0,2,2,11.0,109933.77,4177.501358,105757.82999999999,52878.91499999999,5.5,0.03800016462639278,0.0,105757.82999999999,0.0,0,1.0,422,medium,Electronics
C00073,regular,Lahore,Punjab,2025-12-14,2025-05-20,2025-12-02,29.0,3,3,12.0,159932.86,9109.581361999999,150821.15,50273.71666666667,4.0,0.05695878484258957,0.0,150821.15,0.0,0,1.0,423,medium,Electronics
C00074,one_time,Islamabad,ICT,2025-07-09,2025-02-22,2025-10-24,68.0,2,2,4.0,87706.69,2952.2150460000003,84755.08,42377.54,2.0,0.03366008962372198,2532.68,82222.40000000001,0.02988233861616318,0,1.0,222,medium,Electronics
C00075,loyal,Islamabad,ICT,2025-10-10,2025-01-10,2025-12-30,1.0,7,11,38.0,744044.28,17985.591052,726070.57,66006.41545454545,3.4545454545454546,0.024172742853422646,0.0,726070.57,0.0,0,1.5714285714285714,555,medium,Electronics
C00076,one_time,Lahore,Punjab,2025-04-26,,,,0,0,0.0,0.0,0.0,0.0,0.0,0.0,0.0,0.0,0.0,0.0,0,0.0,111,unknown,
C00077,one_time,Islamabad,ICT,2025-09-16,2025-05-22,2025-11-30,31.0,4,5,9.0,80668.29999999999,2229.679447,78437.75,15687.55,1.8,0.02764009464684393,4799.82,73637.93,0.06119272926620154,0,1.25,442,medium,Electronics
C00078,loyal,Lahore,Punjab,2025-05-17,2025-01-24,2025-11-29,32.0,6,8,24.0,666808.3,64848.719441999994,601965.95,75245.74375,3.0,0.09725241788681993,0.0,601965.95,0.0,0,1.3333333333333333,445,medium,Electronics
C00079,one_time,Lahore,Punjab,2025-08-13,2025-06-19,2025-06-19,195.0,1,1,1.0,2762.79,7.459533,2755.33,2755.33,1.0,0.0027,0.0,2755.33,0.0,0,1.0,121,medium,Fashion
C00080,loyal,Karachi,Sindh,2025-06-21,2025-01-17,2025-11-23,38.0,9,13,45.0,460963.69,10944.75683,450016.9,34616.68461538462,3.4615384615384617,0.023743208125568415,203488.06000000003,246528.84,0.4521787070663347,1,1.4444444444444444,353,medium,Electronics
C00081,price_sensitive,Karachi,Sindh,2025-11-11,2025-02-02,2025-11-10,51.0,5,7,21.0,396553.2,33246.414469999996,363315.04,51902.148571428566,3.0,0.0838384722907292,15253.79,348061.25,0.04198502214496819,0,1.4,344,medium,Electronics
C00082,price_sensitive,Islamabad,ICT,2025-04-06,2025-04-24,2025-11-06,55.0,6,6,19.0,925554.98,78416.488,847136.18,141189.36333333334,3.1666666666666665,0.0847237492039641,43645.59,803490.5900000001,0.051521338635306536,0,1.0,325,medium,Electronics
C00083,one_time,Lahore,Punjab,2025-06-29,2025-03-31,2025-12-06,25.0,3,3,9.0,88301.65000000001,1543.7255930000001,86757.69,28919.23,3.0,0.0174824093660764,0.0,86757.69,0.0,0,1.0,422,medium,Electronics
C00084,one_time,Karachi,Sindh,2025-02-21,2025-01-30,2025-11-22,39.0,4,4,11.0,58313.29,294.13295100000005,58019.27,14504.8175,2.75,0.005044012282620309,8322.03,49697.24,0.14343562061363407,1,1.0,321,medium,Fashion
C00085,price_sensitive,Karachi,Sindh,2025-10-22,2025-01-22,2025-11-03,58.0,6,6,10.0,623659.74,102403.288275,521254.27,86875.71166666667,1.6666666666666667,0.16419736870460805,0.0,521254.27,0.0,0,1.0,325,medium,Electronics
C00086,one_time,Karachi,Sindh,2025-04-23,2025-03-19,2025-12-21,10.0,3,3,11.0,537424.05,1840.215207,535584.7,178528.2333333333,3.6666666666666665,0.0034241400380202558,0.0,535584.7,0.0,0,1.0,525,medium,Electronics
C00087,price_sensitive,Karachi,Sindh,2025-03-22,2025-03-12,2025-12-21,10.0,6,7,16.0,177394.57,7148.583117,170246.88999999998,24320.984285714283,2.2857142857142856,0.04029764336642322,1339.02,168907.87,0.00786516570141164,0,1.1666666666666667,533,medium,Electronics
C00088,price_sensitive,Islamabad,ICT,2025-01-02,2025-01-02,2025-12-04,27.0,4,4,15.0,564755.6000000001,79422.73994700001,485319.01999999996,121329.75499999999,3.75,0.14063205384240546,3524.64,481794.37999999995,0.00726252187684711,0,1.0,424,medium,Electronics
C00089,one_time,Karachi,Sindh,2025-02-23,,,,0,0,0.0,0.0,0.0,0.0,0.0,0.0,0.0,0.0,0.0,0.0,0,0.0,111,unknown,
C00090,loyal,Islamabad,ICT,2025-08-12,2025-05-02,2025-08-23,130.0,4,7,24.0,238308.24,7752.286455,230557.66,32936.80857142857,3.4285714285714284,0.03253050106450369,0.0,230557.66,0.0,0,1.75,253,medium,Electronics
C00091,regular,Lahore,Punjab,2025-05-06,2025-05-24,2025-10-15,77.0,4,5,14.0,856314.51,3631.529194,852684.5,170536.9,2.8,0.004240882469689788,2600.01,850084.49,0.003049205186678074,0,1.25,245,medium,Electronics
C00092,price_sensitive,Islamabad,ICT,2025-06-21,2025-01-03,2025-11-27,34.0,5,6,12.0,628939.53,44704.205032,584241.65,97373.60833333334,2.0,0.07107870136895354,88908.71,495332.94,0.1521779729329465,1,1.2,434,medium,Electronics
C00093,one_time,Karachi,Sindh,2025-07-17,2025-08-19,2025-10-24,68.0,2,2,5.0,281290.64,17344.955209999996,263943.47,131971.735,2.5,0.06166204182976012,2944.38,260999.08999999997,0.011155343225577811,0,1.0,223,medium,Electronics
C00094,price_sensitive,Lahore,Punjab,2025-11-20,2025-01-29,2025-08-30,123.0,7,7,17.0,90138.05,9669.695274,80469.1,11495.585714285715,2.4285714285714284,0.10727650835579425,8041.67,72427.43000000001,0.09993488183663045,0,1.0,222,medium,Fashion
C00095,loyal,Lahore,Punjab,2025-07-03,2025-04-17,2025-12-11,20.0,6,8,26.0,478178.57,21931.675643000002,456241.44,57030.18,3.25,0.045865032477302364,0.0,456241.44,0.0,0,1.3333333333333333,444,medium,Electronics
C00096,price_sensitive,Islamabad,ICT,2025-09-12,2025-05-05,2025-06-23,191.0,2,2,3.0,59540.659999999996,8393.697525,51147.36,25573.68,1.5,0.14097421031275098,0.0,51147.36,0.0,0,1.0,121,medium,Electronics
C00097,regular,Lahore,Punjab,2025-11-21,2025-05-27,2025-08-06,147.0,3,4,13.0,132669.27,0.0,132669.25,33167.3125,3.25,0.0,0.0,132669.25,0.0,0,1.3333333333333333,142,medium,Attach & Addons
C00098,high_return,Islamabad,ICT,2025-07-17,2025-04-09,2025-12-22,9.0,5,5,14.0,640250.6699999999,75066.23328300001,565182.23,113036.446,2.8,0.11724506790910506,20567.02,544615.21,0.03639006838555416,0,1.0,525,medium,Electronics
C00099,one_time,Lahore,Punjab,2025-08-28,2025-03-03,2025-11-12,49.0,3,3,11.0,55174.05,3485.7276659999998,51688.36,17229.453333333335,3.6666666666666665,0.06317694035511259,0.0,51688.36,0.0,0,1.0,321,medium,Fashion
C00100,regular,Islamabad,ICT,2025-07-20,2025-01-18,2025-08-29,124.0,3,4,14.0,633336.15,20873.554236,612461.38,153115.345,3.5,0.03295809695372671,0.0,612461.38,0.0,0,1.3333333333333333,245,medium,Electronics
C00101,price_sensitive,Karachi,Sindh,2025-11-22,2025-03-08,2025-11-19,42.0,5,5,8.0,283782.56,18419.671793999998,265363.31,53072.662,1.6,0.06490769479984956,0.0,265363.31,0.0,0,1.0,323,medium,Electronics
C00102,regular,Islamabad,ICT,2025-09-16,2025-01-17,2025-12-14,17.0,5,6,14.0,470260.57,13314.366537000002,456928.6,76154.76666666666,2.3333333333333335,0.02831274273537329,0.0,456928.6,0.0,0,1.2,434,medium,Electronics
C00103,high_return,Islamabad,ICT,2025-12-12,2025-01-26,2025-12-16,15.0,5,6,12.0,565552.41,17219.623174,548346.37,91391.06166666666,2.0,0.030447440183306796,0.0,548346.37,0.0,0,1.2,435,medium,Electronics
C00104,one_time,Karachi,Sindh,2025-05-27,,,,0,0,0.0,0.0,0.0,0.0,0.0,0.0,0.0,0.0,0.0,0.0,0,0.0,111,unknown,
C00105,one_time,Islamabad,ICT,2025-07-18,2025-04-15,2025-08-29,124.0,2,2,6.0,350229.46,7731.333074,342509.83,171254.915,3.0,0.02207505066535522,105060.74,237449.09000000003,0.30673788253026196,1,1.0,223,medium,Electronics
C00106,price_sensitive,Islamabad,ICT,2025-05-08,2025-04-27,2025-12-10,21.0,6,8,16.0,571711.02,51480.496815,520221.87,65027.73375,2.0,0.09004636086077193,2918.39,517303.48,0.005609894870432878,0,1.3333333333333333,444,medium,Electronics
C00107,one_time,Lahore,Punjab,2025-12-26,2025-01-17,2025-11-14,47.0,5,5,13.0,490697.68999999994,13062.15225,477653.0,95530.6,2.6,0.02661955113340762,0.0,477653.0,0.0,0,1.0,324,medium,Electronics
C00108,loyal,Islamabad,ICT,2025-05-31,2025-01-03,2025-12-13,18.0,9,14,41.0,1138440.85,55745.9307,1082682.8900000001,77334.49214285715,2.9285714285714284,0.04896691005070662,259020.37,823662.5200000001,0.2392393676785637,1,1.5555555555555556,455,medium,Electronics
C00109,one_time,Lahore,Punjab,2025-10-25,2025-05-16,2025-07-22,162.0,2,2,6.0,39582.44,719.752433,38863.5,19431.75,3.0,0.01818362973581214,0.0,38863.5,0.0,0,1.0,121,medium,Electronics
C00110,price_sensitive,Karachi,Sindh,2025-09-09,2025-05-07,2025-11-30,31.0,3,3,7.0,85987.02,8688.270894,77298.84,25766.28,2.3333333333333335,0.10104165598482188,6906.95,70391.89,0.08935386352498952,0,1.0,422,medium,Electronics
C00111,price_sensitive,Lahore,Punjab,2025-04-22,2025-07-27,2025-11-29,32.0,2,2,10.0,330056.86,11482.325524,318571.17,159285.585,5.0,0.03478893159196873,0.0,318571.17,0.0,0,1.0,424,medium,Electronics
C00112,one_time,Lahore,Punjab,2025-03-01,2025-09-16,2025-12-02,29.0,3,4,12.0,173790.64,6802.305475,166987.55,41746.8875,3.0,0.03914080456231705,0.0,166987.55,0.0,0,1.3333333333333333,443,medium,Electronics
C00113,price_sensitive,Karachi,Sindh,2025-10-31,2025-02-08,2025-12-19,12.0,9,11,30.0,905969.8400000001,77529.59487000002,828434.8200000001,75312.25636363636,2.727272727272727,0.08557635303841904,13515.550000000001,814919.27,0.016314560510626533,0,1.2222222222222223,545,medium,Electronics
C00114,regular,Lahore,Punjab,2025-02-06,2025-07-30,2025-11-09,52.0,2,2,5.0,33616.15,1147.069196,32468.05,16234.025,2.5,0.03412256299427507,0.0,32468.05,0.0,0,1.0,321,medium,Fashion
C00115,regular,Karachi,Sindh,2025-01-09,2025-04-16,2025-11-18,43.0,2,2,2.0,45605.5,27.930735000000002,45577.64,22788.82,1.0,0.0006124422492901076,0.0,45577.64,0.0,0,1.0,321,medium,Electronics
C00116,price_sensitive,Islamabad,ICT,2025-05-27,2025-02-13,2025-12-22,9.0,5,6,21.0,1121493.37,102043.701652,1019428.23,169904.705,3.5,0.09098912608997411,20633.12,998795.11,0.020239894671153065,0,1.2,535,medium,Electronics
C00117,regular,Islamabad,ICT,2025-05-11,2025-01-13,2025-08-24,129.0,4,4,9.0,66838.81,4698.29442,62139.47,15534.8675,2.25,0.07029290946382798,20291.53,41847.94,0.3265481665678835,1,1.0,221,medium,Fashion
C00118,regular,Lahore,Punjab,2025-02-23,2025-03-13,2025-03-13,293.0,1,1,2.0,7945.129999999999,57.451837,7887.69,7887.69,2.0,0.007231075765909431,0.0,7887.69,0.0,0,1.0,121,medium,Fashion
C00119,regular,Islamabad,ICT,2025-04-26,,,,0,0,0.0,0.0,0.0,0.0,0.0,0.0,0.0,0.0,0.0,0.0,0,0.0,111,unknown,
C00120,loyal,Karachi,Sindh,2025-04-14,2025-01-06,2025-12-19,12.0,8,10,28.0,337043.0,12381.748608999998,324659.0,32465.9,2.8,0.03673640636061273,0.0,324659.0,0.0,0,1.25,544,medium,Electronics
C00121,high_return,Islamabad,ICT,2025-08-15,2025-03-15,2025-12-11,20.0,2,2,4.0,15082.199999999999,54.08068,15027.869999999999,7513.9349999999995,2.0,0.0035857288724456646,0.0,15027.869999999999,0.0,0,1.0,421,medium,Fashion
C00122,one_time,Karachi,Sindh,2025-04-09,2025-01-07,2025-11-15,46.0,3,3,8.0,251293.5,1769.259548,249523.28,83174.42666666667,2.6666666666666665,0.0070406100754695205,0.0,249523.28,0.0,0,1.0,323,medium,Electronics
C00123,regular,Islamabad,ICT,2025-12-04,2025-01-23,2025-12-09,22.0,6,6,15.0,104024.72,5059.59492,98963.7,16493.95,2.5,0.0486383901826412,0.0,98963.7,0.0,0,1.0,422,medium,Attach & Addons
C00124,one_time,Lahore,Punjab,2025-06-12,2025-03-07,2025-05-04,241.0,2,2,5.0,444864.5,16072.847304,428788.54,214394.27,2.5,0.03612975929524608,0.0,428788.54,0.0,0,1.0,124,medium,Electronics
C00125,high_return,Islamabad,ICT,2025-06-18,2025-01-14,2025-12-26,5.0,7,10,25.0,727802.2,39443.077720999994,688363.3,68836.33,2.5,0.054194776714057744,30244.15,658119.15,0.04393631967305636,0,1.4285714285714286,555,medium,Electronics
C00126,price_sensitive,Islamabad,ICT,2025-03-09,2025-03-22,2025-09-25,97.0,5,6,11.0,158977.7,13219.546157,145756.07,24292.678333333333,1.8333333333333333,0.08315346213336838,0.0,145756.07,0.0,0,1.2,232,medium,Electronics
C00127,price_sensitive,Islamabad,ICT,2025-10-04,2025-02-25,2025-10-10,82.0,4,4,9.0,374023.33,44539.99538,329479.38,82369.845,2.25,0.11908346834942088,0.0,329479.38,0.0,0,1.0,224,medium,Electronics
C00128,price_sensitive,Karachi,Sindh,2025-05-15,2025-03-09,2025-12-09,22.0,7,9,21.0,301612.72000000003,30957.63039,270651.83999999997,30072.426666666663,2.3333333333333335,0.10264033423391426,2215.39,268436.44999999995,0.008185386805425007,0,1.2857142857142858,443,medium,Electronics
C00129,regular,Karachi,Sindh,2025-05-08,2025-06-15,2025-06-15,199.0,1,1,1.0,35237.93,317.14137,34921.06,34921.06,1.0,0.009,0.0,34921.06,0.0,0,1.0,121,medium,Electronics
C00130,high_return,Lahore,Punjab,2025-01-22,2025-03-02,2025-12-19,12.0,4,4,10.0,320160.64,11781.184378,308381.22,77095.305,2.5,0.03679772872143184,29399.460000000003,278981.75999999995,0.09533479373354839,0,1.0,523,medium,Electronics
C00131,price_sensitive,Karachi,Sindh,2025-02-07,2025-04-11,2025-12-29,2.0,4,4,8.0,308087.39,27104.891122,280991.35,70247.8375,2.0,0.08797793094355469,0.0,280991.35,0.0,0,1.0,523,medium,Electronics
C00132,regular,Islamabad,ICT,2025-02-20,2025-01-07,2025-12-30,1.0,4,4,12.0,305624.27999999997,34858.081237,270763.47,67690.8675,3.0,0.11405534022689559,0.0,270763.47,0.0,0,1.0,523,medium,Electronics
C00133,regular,Islamabad,ICT,2025-10-10,2025-06-10,2025-10-18,74.0,2,2,4.0,47208.880000000005,288.57465800000006,46920.229999999996,23460.114999999998,2.0,0.006112719852705678,0.0,46920.229999999996,0.0,0,1.0,221,medium,Attach & Addons
C00134,one_time,Karachi,Sindh,2025-10-04,2025-04-14,2025-04-14,261.0,1,1,2.0,46830.68,862.60312,45969.9,45969.9,2.0,0.018419615517007226,0.0,45969.9,0.0,0,1.0,121,medium,Electronics
C00135,one_time,Islamabad,ICT,2025-10-11,,,,0,0,0.0,0.0,0.0,0.0,0.0,0.0,0.0,0.0,0.0,0.0,0,0.0,111,unknown,
C00136,regular,Lahore,Punjab,2025-11-13,2025-02-25,2025-10-31,61.0,7,7,21.0,264504.76,8451.559993,256051.59,36578.79857142857,3.0,0.031952392815161434,0.0,256051.59,0.0,0,1.0,323,medium,Electronics
C00137,one_time,Lahore,Punjab,2025-01-04,2025-03-31,2025-07-21,163.0,2,2,3.0,26274.79,341.16238799999996,25934.37,12967.185,1.5,0.01298440017979211,0.0,25934.37,0.0,0,1.0,121,medium,Fashion
C00138,loyal,Karachi,Sindh,2025-02-18,2025-01-06,2025-10-18,74.0,5,8,21.0,1466195.45,61624.218902,1404565.18,175570.6475,2.625,0.0420300164633576,0.0,1404565.18,0.0,0,1.6,255,medium,Electronics
C00139,loyal,Karachi,Sindh,2025-06-21,2025-04-19,2025-11-19,42.0,5,7,24.0,597413.87,28258.548699,569147.83,81306.83285714286,3.4285714285714284,0.04730146070930693,0.0,569147.83,0.0,0,1.4,345,medium,Electronics
C00140,regular,Lahore,Punjab,2025-02-15,2025-05-01,2025-05-01,244.0,1,1,2.0,18893.42,88.781429,18804.8,18804.8,2.0,0.00469906607697283,0.0,18804.8,0.0,0,1.0,121,medium,Attach & Addons
C00141,regular,Lahore,Punjab,2025-04-09,2025-01-29,2025-12-12,19.0,6,6,14.0,452201.13,7013.8521949999995,445192.51999999996,74198.75333333333,2.3333333333333335,0.015510470296701823,0.0,445192.51999999996,0.0,0,1.0,424,medium,Electronics
C00142,regular,Karachi,Sindh,2025-02-06,2025-01-10,2025-11-22,39.0,7,11,19.0,382683.48,15131.507721999998,367552.74000000005,33413.88545454546,1.7272727272727273,0.03954053026276441,0.0,367552.74000000005,0.0,0,1.5714285714285714,354,medium,Electronics
C00143,regular,Karachi,Sindh,2025-10-29,2025-03-15,2025-11-14,47.0,4,4,10.0,196777.28,10888.618533,185890.77,46472.6925,2.5,0.05533473444190305,0.0,185890.77,0.0,0,1.0,323,medium,Electronics
C00144,regular,Karachi,Sindh,2025-04-09,2025-04-10,2025-10-23,69.0,5,8,22.0,642072.1,26873.388271,615203.97,76900.49625,2.75,0.04185415979140038,4418.32,610785.65,0.007181878231377473,0,1.6,255,medium,Electronics
C00145,regular,Islamabad,ICT,2025-04-26,2025-09-20,2025-11-04,57.0,2,3,6.0,63869.81,996.8407080000001,62872.75,20957.583333333332,2.0,0.015607384897496957,0.0,62872.75,0.0,0,1.5,352,medium,Electronics
C00146,price_sensitive,Karachi,Sindh,2025-06-10,2025-02-16,2025-10-29,63.0,3,5,13.0,275808.29,16439.757197,259362.18,51872.436,2.6,0.05960573990361204,1310.66,258051.52,0.005053396759697193,0,1.6666666666666667,353,medium,Electronics
C00147,price_sensitive,Karachi,Sindh,2025-05-08,2025-05-16,2025-12-18,13.0,5,5,7.0,57766.659999999996,3712.2294439999996,54052.78,10810.556,1.4,0.06426249057847554,3906.12,50146.659999999996,0.0722649232842418,0,1.0,521,medium,Electronics
C00148,one_time,Islamabad,ICT,2025-08-11,2025-07-15,2025-10-29,63.0,2,2,3.0,58410.9,1799.8805099999997,56611.93,28305.965,1.5,0.030814120480937627,1481.75,55130.18,0.026173811774302697,0,1.0,322,medium,Electronics
C00149,regular,Lahore,Punjab,2025-11-19,2025-08-05,2025-10-20,72.0,3,3,7.0,419889.78,2083.195501,417806.47,139268.82333333333,2.3333333333333335,0.004961291272676367,0.0,417806.47,0.0,0,1.0,224,medium,Electronics
C00150,high_return,Karachi,Sindh,2025-10-07,2025-07-08,2025-09-08,114.0,2,2,7.0,71171.92,841.431534,70329.45999999999,35164.729999999996,3.5,0.011822521213422373,0.0,70329.45999999999,0.0,0,1.0,222,medium,Electronics
C00151,price_sensitive,Islamabad,ICT,2025-12-08,2025-03-03,2025-12-09,22.0,4,4,11.0,266498.17,22207.410784,244292.21999999997,61073.05499999999,2.75,0.08333044382255983,0.0,244292.21999999997,0.0,0,1.0,423,medium,Electronics
C00152,one_time,Karachi,Sindh,2025-05-07,2025-03-01,2025-04-21,254.0,2,2,6.0,63687.15,840.627127,62848.43000000001,31424.215000000004,3.0,0.013199320852008607,0.0,62848.43000000001,0.0,0,1.0,122,medium,Electronics
C00153,one_time,Karachi,Sindh,2025-09-30,2025-07-09,2025-11-16,45.0,3,4,11.0,85015.11,1818.077164,83197.0,20799.25,2.75,0.021385341546932068,3871.64,79325.36,0.04653581258939625,0,1.3333333333333333,342,medium,Attach & Addons
C00154,regular,Islamabad,ICT,2025-10-26,2025-01-26,2025-09-18,104.0,4,4,9.0,46955.75,387.88561300000003,46567.97,11641.9925,2.25,0.008260662709039895,3075.72,43492.25,0.06604797245832274,0,1.0,221,medium,Fashion
C00155,regular,Lahore,Punjab,2025-02-08,2025-06-17,2025-12-08,23.0,4,4,8.0,262591.85,2170.915931,260420.05,65105.0125,2.0,0.008267263172866942,0.0,260420.05,0.0,0,1.0,423,medium,Electronics
C00156,price_sensitive,Islamabad,ICT,2025-09-04,2025-01-22,2025-08-10,143.0,4,5,16.0,103769.17,6297.469842,97470.97,19494.194,3.2,0.06068729124459606,0.0,97470.97,0.0,0,1.25,142,medium,Fashion
C00157,one_time,Karachi,Sindh,2025-11-02,2025-08-20,2025-08-20,133.0,1,1,4.0,31934.08,1938.2449569999999,29996.66,29996.66,4.0,0.060695186991452384,0.0,29996.66,0.0,0,1.0,121,medium,Attach & Addons
C00158,regular,Lahore,Punjab,2025-01-13,2025-02-19,2025-11-18,43.0,4,6,17.0,118438.23999999999,2626.2456469999997,115811.89,19301.981666666667,2.8333333333333335,0.022173967183234063,29139.309999999998,86672.58,0.25160896692040857,1,1.5,352,medium,Fashion
C00159,loyal,Islamabad,ICT,2025-11-09,2025-02-01,2025-12-16,15.0,6,10,23.0,702479.3099999999,18450.574586,684012.9400000001,68401.29400000001,2.3,0.026264936665536812,0.0,684012.9400000001,0.0,0,1.6666666666666667,455,medium,Electronics
C00160,high_return,Islamabad,ICT,2025-01-20,2025-03-22,2025-12-28,3.0,6,7,25.0,182526.08000000002,2886.448544,179638.3,25662.614285714284,3.5714285714285716,0.01581389653467603,0.0,179638.3,0.0,0,1.1666666666666667,533,medium,Electronics
C00161,high_return,Lahore,Punjab,2025-05-22,2025-01-03,2025-11-15,46.0,3,4,11.0,124316.39,6609.589161,117706.90999999999,29426.727499999997,2.75,0.053167479855230675,0.0,117706.90999999999,0.0,0,1.3333333333333333,342,medium,Electronics
C00162,regular,Karachi,Sindh,2025-05-23,2025-05-22,2025-10-06,86.0,3,3,9.0,519591.58,31919.301520000005,487662.01,162554.00333333333,3.0,0.06143152188878812,6876.32,480785.69,0.014100585772510759,0,1.0,224,medium,Electronics
C00163,one_time,Islamabad,ICT,2025-11-18,2025-10-15,2025-11-26,35.0,2,2,8.0,73381.3,328.586254,73053.06,36526.53,4.0,0.0044777927619161825,0.0,73053.06,0.0,0,1.0,422,medium,Attach & Addons
C00164,one_time,Islamabad,ICT,2025-12-08,2025-10-12,2025-12-12,19.0,2,2,4.0,52653.909999999996,40.414663999999995,52613.45,26306.725,2.0,0.0007675529509584378,1363.97,51249.479999999996,0.025924359645679955,0,1.0,421,medium,Attach & Addons
C00165,price_sensitive,Islamabad,ICT,2025-07-05,2025-01-17,2025-11-07,54.0,6,7,18.0,286404.07,27165.901416,259242.37,37034.624285714286,2.5714285714285716,0.09485165981056065,0.0,259242.37,0.0,0,1.1666666666666667,333,medium,Electronics
C00166,one_time,Karachi,Sindh,2025-05-05,2025-01-21,2025-11-06,55.0,4,5,11.0,121711.84,3964.787023,117747.42,23549.484,2.2,0.032575195831399804,5293.99,112453.43,0.04496056049465882,0,1.25,342,medium,Electronics
C00167,regular,Islamabad,ICT,2025-02-27,2025-02-23,2025-10-22,70.0,3,4,5.0,382661.80999999994,2202.952328,380463.85000000003,95115.96250000001,1.25,0.005756917127423822,0.0,380463.85000000003,0.0,0,1.3333333333333333,244,medium,Electronics
C00168,loyal,Lahore,Punjab,2025-06-29,2025-01-10,2025-10-16,76.0,7,11,36.0,1612766.08,35261.641479,1577488.6,143408.05454545456,3.272727272727273,0.021864076828178328,31876.18,1545612.4200000002,0.020206916233816204,0,1.5714285714285714,255,medium,Electronics
C00169,loyal,Lahore,Punjab,2025-09-28,2025-01-28,2025-12-08,23.0,6,6,18.0,436455.25,16911.585038,419532.85000000003,69922.14166666668,3.0,0.03874758073823147,4680.13,414852.72000000003,0.011155574587305856,0,1.0,424,medium,Electronics
C00170,one_time,Islamabad,ICT,2025-04-11,2025-06-19,2025-11-27,34.0,3,3,8.0,35535.51,246.21568100000002,35289.06,11763.019999999999,2.6666666666666665,0.0069287223118508785,0.0,35289.06,0.0,0,1.0,421,medium,Fashion
C00171,one_time,Islamabad,ICT,2025-02-22,,,,0,0,0.0,0.0,0.0,0.0,0.0,0.0,0.0,0.0,0.0,0.0,0,0.0,111,unknown,
C00172,price_sensitive,Lahore,Punjab,2025-04-18,2025-04-09,2025-10-30,62.0,4,7,18.0,885935.91,90089.025081,795846.34,113692.33428571429,2.5714285714285716,0.10168797095153305,0.0,795846.34,0.0,0,1.75,355,medium,Electronics
C00173,high_return,Lahore,Punjab,2025-07-15,2025-03-31,2025-09-07,115.0,3,3,6.0,31451.620000000003,477.48850200000004,30974.010000000002,10324.67,2.0,0.015181682279005024,0.0,30974.010000000002,0.0,0,1.0,221,medium,Fashion
C00174,regular,Islamabad,ICT,2025-12-16,2025-03-21,2025-04-24,251.0,2,2,3.0,229235.3,14460.987161,214773.28999999998,107386.64499999999,1.5,0.06308359646616381,0.0,214773.28999999998,0.0,0,1.0,123,medium,Electronics
C00175,one_time,Lahore,Punjab,2025-11-07,,,,0,0,0.0,0.0,0.0,0.0,0.0,0.0,0.0,0.0,0.0,0.0,0,0.0,111,unknown,
C00176,loyal,Karachi,Sindh,2025-05-24,2025-01-17,2025-12-27,4.0,8,12,35.0,540049.37,19440.987265,520605.37,43383.78083333333,2.9166666666666665,0.035998537068935015,210451.35,310154.02,0.40424352518684165,1,1.5,554,medium,Electronics
C00177,regular,Karachi,Sindh,2025-05-04,2025-03-28,2025-05-23,222.0,2,2,6.0,72949.68000000001,1767.386448,71182.14000000001,35591.07000000001,3.0,0.024227473622913765,60060.729999999996,11121.410000000018,0.843761229993928,1,1.0,121,medium,Electronics
C00178,regular,Karachi,Sindh,2025-05-27,2025-12-20,2025-12-22,9.0,1,2,6.0,27781.29,752.5657590000001,27028.56,13514.28,3.0,0.027088942198148468,0.0,27028.56,0.0,0,2.0,551,medium,Fashion
C00179,regular,Karachi,Sindh,2025-11-15,2025-06-02,2025-12-24,7.0,2,4,9.0,99458.72,1076.063857,98381.48999999999,24595.372499999998,2.25,0.010819200739764197,23090.2,75291.29,0.23470065354773548,1,2.0,552,medium,Electronics
C00180,one_time,Lahore,Punjab,2025-02-27,2025-09-19,2025-11-16,45.0,2,2,9.0,369693.12,7487.890664,362204.52,181102.26,4.5,0.02025434139537138,103764.87,258439.65000000002,0.28648143319691316,1,1.0,323,medium,Electronics
C00181,loyal,Karachi,Sindh,2025-08-17,2025-02-02,2025-11-05,56.0,6,9,27.0,238820.59,12011.567645,226808.92,25200.991111111114,3.0,0.05029536040003921,0.0,226808.92,0.0,0,1.5,353,medium,Attach & Addons
C00182,price_sensitive,Islamabad,ICT,2025-11-14,2025-06-27,2025-11-14,47.0,2,3,9.0,230212.62,38799.537962,191412.52,63804.17333333333,3.0,0.16853784107057207,45432.62,145979.9,0.2373544844402028,1,1.5,352,medium,Electronics
C00183,regular,Islamabad,ICT,2025-05-09,2025-01-16,2025-10-29,63.0,6,7,23.0,245836.78,2831.0645099999997,243006.07,34715.15285714286,3.2857142857142856,0.011516033158260533,1784.21,241221.86000000002,0.007342244578499624,0,1.1666666666666667,333,medium,Electronics
C00184,price_sensitive,Karachi,Sindh,2025-01-01,2025-05-04,2025-12-26,5.0,3,4,9.0,38779.19,3644.9033640000002,35134.479999999996,8783.619999999999,2.25,0.09399121962062643,9972.28,25162.199999999997,0.2838317231392069,1,1.3333333333333333,541,medium,Fashion
C00185,one_time,Islamabad,ICT,2025-04-06,2025-12-11,2025-12-11,20.0,1,1,2.0,108296.27,6569.570387,101726.93999999999,101726.93999999999,2.0,0.06066294238019462,0.0,101726.93999999999,0.0,0,1.0,422,medium,Electronics
C00186,one_time,Karachi,Sindh,2025-02-17,2025-07-12,2025-12-03,28.0,2,2,3.0,22334.32,1067.926465,21265.95,10632.975,1.5,0.047815490464898865,0.0,21265.95,0.0,0,1.0,421,medium,Electronics
C00187,price_sensitive,Karachi,Sindh,2025-08-25,2025-01-31,2025-12-17,14.0,5,6,21.0,293769.58,23804.714369,269961.53,44993.58833333334,3.5,0.0810319243027137,11611.76,258349.77000000002,0.043012647024188964,0,1.2,533,medium,Attach & Addons
C00188,price_sensitive,Karachi,Sindh,2025-09-29,2025-04-29,2025-12-24,7.0,5,5,13.0,355494.94,27133.421059,328353.75,65670.75,2.6,0.07632575883921161,0.0,328353.75,0.0,0,1.0,524,medium,Electronics
C00189,one_time,Islamabad,ICT,2025-07-11,2025-03-04,2025-09-08,114.0,2,3,7.0,47653.04,2842.24457,44809.99,14936.663333333332,2.3333333333333335,0.05964455929779086,0.0,44809.99,0.0,0,1.5,251,medium,Electronics
C00190,one_time,Islamabad,ICT,2025-10-05,2025-09-02,2025-09-02,120.0,1,1,4.0,21043.21,259.934947,20783.45,20783.45,4.0,0.012352438007319227,0.0,20783.45,0.0,0,1.0,221,medium,Attach & Addons
C00191,regular,Karachi,Sindh,2025-03-17,2025-01-17,2025-10-14,78.0,2,2,3.0,23218.95,308.58927900000003,22910.7,11455.35,1.5,0.01329040628452191,0.0,22910.7,0.0,0,1.0,221,medium,Fashion
C00192,high_return,Karachi,Sindh,2025-03-27,2025-01-10,2025-10-21,71.0,7,7,21.0,595778.21,23911.498393,571876.63,81696.66142857143,3.0,0.04013489918169381,0.0,571876.63,0.0,0,1.0,225,medium,Electronics
C00193,loyal,Karachi,Sindh,2025-08-08,2025-05-07,2025-12-25,6.0,5,5,18.0,272095.9,7611.735507,264490.08,52898.016,3.6,0.027974458663287464,0.0,264490.08,0.0,0,1.0,523,medium,Electronics
C00194,loyal,Karachi,Sindh,2025-04-04,2025-01-10,2025-11-22,39.0,9,11,37.0,376683.33,20493.479119,356194.35,32381.304545454543,3.3636363636363638,0.05440505986553745,5008.53,351185.81999999995,0.014061228090788077,0,1.2222222222222223,344,medium,Electronics
C00195,regular,Lahore,Punjab,2025-07-23,2025-01-08,2025-04-01,274.0,2,3,7.0,124094.8,95.65423299999999,123998.70000000001,41332.9,2.3333333333333335,0.0007708158037242495,0.0,123998.70000000001,0.0,0,1.5,152,medium,Electronics
C00196,loyal,Karachi,Sindh,2025-12-07,2025-03-02,2025-06-27,187.0,4,5,16.0,152773.33000000002,11669.295282000001,141106.2,28221.24,3.2,0.07638306556517423,5516.55,135589.65000000002,0.039095022047224,0,1.25,142,medium,Attach & Addons
C00197,one_time,Islamabad,ICT,2025-10-16,,,,0,0,0.0,0.0,0.0,0.0,0.0,0.0,0.0,0.0,0.0,0.0,0,0.0,111,unknown,
C00198,one_time,Karachi,Sindh,2025-12-23,2025-02-16,2025-11-29,32.0,3,3,5.0,36923.56,1940.530703,34983.87,11661.29,1.6666666666666667,0.05255535227372442,0.0,34983.87,0.0,0,1.0,421,medium,Fashion
C00199,one_time,Lahore,Punjab,2025-01-10,2025-11-07,2025-11-07,54.0,1,1,1.0,5826.85,0.0,5826.85,5826.85,1.0,0.0,0.0,5826.85,0.0,0,1.0,321,medium,Fashion
C00200,regular,Islamabad,ICT,2025-04-10,2025-02-07,2025-08-17,136.0,3,5,14.0,623558.78,40826.288142000005,582727.68,116545.53600000001,2.8,0.06547303871176348,3130.48,579597.2000000001,0.005372114810128806,0,1.6666666666666667,155,medium,Electronics
C00201,loyal,Lahore,Punjab,2025-08-11,2025-02-20,2025-07-25,159.0,5,8,26.0,155146.24,5647.929374,149498.99,18687.37375,3.25,0.03640390752621527,0.0,149498.99,0.0,0,1.6,153,medium,Fashion
C00202,loyal,Karachi,Sindh,2025-05-27,2025-02-09,2025-12-07,24.0,7,11,30.0,1082956.2,29998.680668999998,1052940.86,95721.89636363638,2.727272727272727,0.027700733112751928,0.0,1052940.86,0.0,0,1.5714285714285714,455,medium,Electronics
C00203,one_time,Islamabad,ICT,2025-09-14,2025-01-12,2025-12-15,16.0,3,4,10.0,80661.22,3310.665699,77349.9,19337.475,2.5,0.04104408164171085,4286.64,73063.26,0.05541881760674546,0,1.3333333333333333,442,medium,Fashion
C00204,one_time,Karachi,Sindh,2025-01-04,2025-12-08,2025-12-19,12.0,1,2,5.0,175393.72,3895.362256,171504.39,85752.195,2.5,0.022209245895463074,0.0,171504.39,0.0,0,2.0,553,medium,Electronics
C00205,high_return,Islamabad,ICT,2025-12-02,2025-02-12,2025-11-10,51.0,5,5,13.0,573366.09,21377.753062,551982.97,110396.594,2.6,0.03728464838581577,0.0,551982.97,0.0,0,1.0,325,medium,Electronics
C00206,high_return,Islamabad,ICT,2025-06-09,2025-08-13,2025-11-18,43.0,3,3,9.0,89212.97,3349.307754,85863.54,28621.179999999997,3.0,0.03754283434348167,2007.93,83855.61,0.023385129474046844,0,1.0,322,medium,Electronics
C00207,regular,Islamabad,ICT,2025-06-01,2025-01-24,2025-11-25,36.0,7,7,15.0,321418.24,16968.758974,304456.91,43493.84428571428,2.142857142857143,0.05279339148269868,22966.8,281490.11,0.0754353054427308,0,1.0,323,medium,Electronics
C00208,regular,Lahore,Punjab,2025-06-12,2025-01-07,2025-07-14,170.0,4,5,11.0,71050.59,750.185324,70300.18,14060.035999999998,2.2,0.010558467199216784,6394.8099999999995,63905.369999999995,0.09096434745970779,0,1.25,142,medium,Fashion
C00209,high_return,Karachi,Sindh,2025-06-28,2025-01-01,2025-12-25,6.0,5,6,21.0,165373.23,3098.024025,162274.35,27045.725000000002,3.5,0.01873352794161425,0.0,162274.35,0.0,0,1.2,533,medium,Attach & Addons
C00210,regular,Lahore,Punjab,2025-09-25,2025-01-25,2025-12-08,23.0,3,3,8.0,141385.82,3874.9800779999996,137507.98,45835.99333333334,2.6666666666666665,0.02740713374226637,0.0,137507.98,0.0,0,1.0,422,medium,Electronics
C00211,one_time,Lahore,Punjab,2025-06-17,2025-01-12,2025-12-21,10.0,4,4,9.0,332256.36,19131.884689,313118.81,78279.7025,2.25,0.05758169591998179,20544.55,292574.26,0.06561263438628934,0,1.0,523,medium,Electronics
C00212,regular,Karachi,Sindh,2025-02-13,2025-03-23,2025-10-12,80.0,5,6,18.0,346992.31,6012.856723000001,340976.15,56829.35833333334,3.0,0.017328501380909567,62986.08,277990.07,0.18472283178750185,1,1.2,233,medium,Electronics
C00213,price_sensitive,Karachi,Sindh,2025-01-12,2025-02-21,2025-12-06,25.0,5,6,12.0,97867.65000000001,7226.41934,90642.28,15107.046666666667,2.0,0.07383869276517828,4636.07,86006.20999999999,0.05114688200693981,0,1.2,432,medium,Fashion
C00214,loyal,Karachi,Sindh,2025-09-10,2025-01-21,2025-11-30,31.0,6,9,26.0,984700.29,26134.921770999998,958554.96,106506.10666666666,2.888888888888889,0.02654099124008585,0.0,958554.96,0.0,0,1.5,455,medium,Electronics
C00215,loyal,Islamabad,ICT,2025-02-04,2025-03-19,2025-12-16,15.0,9,11,32.0,757884.19,10165.950868,747714.23,67974.0209090909,2.909090909090909,0.013413594058480097,7967.21,739747.02,0.01065542112258583,0,1.2222222222222223,445,medium,Electronics
C00216,price_sensitive,Lahore,Punjab,2025-03-31,2025-06-09,2025-06-17,197.0,1,2,7.0,51141.869999999995,4115.704667999999,47027.06,23513.53,3.5,0.08047622560536015,0.0,47027.06,0.0,0,2.0,151,medium,Electronics
C00217,price_sensitive,Lahore,Punjab,2025-03-31,2025-01-28,2025-05-23,222.0,3,3,9.0,242590.57,19713.426313999997,222872.91999999998,74290.97333333333,3.0,0.08126212949662469,0.0,222872.91999999998,0.0,0,1.0,123,medium,Electronics
C00218,one_time,Lahore,Punjab,2025-04-25,2025-09-16,2025-09-16,106.0,1,1,1.0,1741.72,0.0,1741.72,1741.72,1.0,0.0,0.0,1741.72,0.0,0,1.0,221,medium,Fashion
C00219,price_sensitive,Lahore,Punjab,2025-07-15,2025-03-29,2025-12-09,22.0,4,4,6.0,35336.37,2470.583448,32866.18,8216.545,1.5,0.06991616422399922,0.0,32866.18,0.0,0,1.0,421,medium,Fashion
C00220,regular,Lahore,Punjab,2025-04-24,2025-02-24,2025-12-06,25.0,4,4,18.0,627676.82,1396.05596,626278.36,156569.59,4.5,0.002224163638861158,11568.01,614710.35,0.01847103578670673,0,1.0,425,medium,Electronics
C00221,high_return,Islamabad,ICT,2025-08-05,2025-04-02,2025-11-27,34.0,3,4,11.0,631466.34,11795.71376,619682.77,154920.6925,2.75,0.018679877315392616,0.0,619682.77,0.0,0,1.3333333333333333,445,medium,Electronics
C00222,regular,Karachi,Sindh,2025-09-06,2025-08-04,2025-12-17,14.0,4,4,9.0,59605.57,879.273754,58726.06,14681.515,2.25,0.014751536710411461,0.0,58726.06,0.0,0,1.0,522,medium,Electronics
C00223,one_time,Islamabad,ICT,2025-12-23,2025-03-20,2025-07-15,169.0,2,2,4.0,244113.18,290.91986999999995,243822.64,121911.32,2.0,0.0011917417568359067,0.0,243822.64,0.0,0,1.0,123,medium,Electronics
C00224,regular,Islamabad,ICT,2025-07-11,2025-03-13,2025-10-11,81.0,3,3,10.0,287082.24,3534.607098,283548.89999999997,94516.29999999999,3.3333333333333335,0.012312176113715708,0.0,283548.89999999997,0.0,0,1.0,223,medium,Electronics
C00225,high_return,Islamabad,ICT,2025-04-09,2025-01-05,2025-09-12,110.0,5,6,21.0,823033.04,52709.972671999996,770306.92,128384.48666666668,3.5,0.0640435682533474,44708.850000000006,725598.0700000001,0.05804030684288803,0,1.2,235,medium,Electronics
C00226,one_time,Karachi,Sindh,2025-04-06,2025-03-26,2025-12-19,12.0,3,3,8.0,72971.02,704.8933119999999,72267.21,24089.070000000003,2.6666666666666665,0.009659907618120179,0.0,72267.21,0.0,0,1.0,522,medium,Electronics
C00227,one_time,Karachi,Sindh,2025-07-09,,,,0,0,0.0,0.0,0.0,0.0,0.0,0.0,0.0,0.0,0.0,0.0,0,0.0,111,unknown,
C00228,high_return,Lahore,Punjab,2025-09-25,2025-06-04,2025-11-10,51.0,2,2,3.0,14687.66,750.8126179999999,13937.029999999999,6968.514999999999,1.5,0.05111860010376057,0.0,13937.029999999999,0.0,0,1.0,321,medium,Fashion
C00229,one_time,Islamabad,ICT,2025-01-13,2025-03-17,2025-03-26,280.0,1,2,5.0,29420.58,22.955909,29397.54,14698.77,2.5,0.0007802670443614639,0.0,29397.54,0.0,0,2.0,151,medium,Fashion
C00230,regular,Lahore,Punjab,2025-12-21,2025-01-14,2025-12-07,24.0,8,11,30.0,429283.31,11342.345068,417945.44,37995.04,2.727272727272727,0.02642158407695841,6237.18,411708.26,0.014923431154075996,0,1.375,444,medium,Electronics
C00231,loyal,Karachi,Sindh,2025-09-30,2025-05-17,2025-12-19,12.0,6,9,23.0,742058.13,37868.658006,704175.73,78241.74777777778,2.5555555555555554,0.051031929272171705,0.0,704175.73,0.0,0,1.5,555,medium,Electronics
C00232,one_time,Karachi,Sindh,2025-03-25,2025-04-10,2025-10-30,62.0,3,3,12.0,118492.91,1736.6804379999999,116755.70999999999,38918.57,4.0,0.014656408033189496,0.0,116755.70999999999,0.0,0,1.0,322,medium,Electronics
C00233,regular,Karachi,Sindh,2025-12-08,2025-01-19,2025-12-21,10.0,5,9,24.0,469538.58,15465.195118999996,454082.32,50453.59111111111,2.6666666666666665,0.0329370061965941,0.0,454082.32,0.0,0,1.8,554,medium,Electronics
C00234,price_sensitive,Karachi,Sindh,2025-01-19,2025-02-08,2025-12-15,16.0,5,6,23.0,782948.35,66833.13703299999,716126.12,119354.35333333333,3.8333333333333335,0.08536085047372537,0.0,716126.12,0.0,0,1.2,435,medium,Electronics
C00235,one_time,Islamabad,ICT,2025-08-21,2025-02-01,2025-12-29,2.0,3,3,9.0,458024.55000000005,6627.232827000001,451395.19999999995,150465.06666666665,3.0,0.014469165085146637,6348.42,445046.77999999997,0.014063995363707902,0,1.0,524,medium,Electronics
C00236,regular,Lahore,Punjab,2025-09-22,2025-03-01,2025-11-15,46.0,4,6,13.0,125053.67,5314.0482440000005,119738.16,19956.36,2.1666666666666665,0.04249414066776289,0.0,119738.16,0.0,0,1.5,352,medium,Electronics
C00237,price_sensitive,Karachi,Sindh,2025-07-25,2025-04-14,2025-11-05,56.0,4,4,12.0,236071.00999999998,18623.464784,217448.25,54362.0625,3.0,0.07888924940000046,0.0,217448.25,0.0,0,1.0,323,medium,Electronics
C00238,regular,Lahore,Punjab,2025-02-21,2025-01-25,2025-11-26,35.0,5,6,15.0,473348.98000000004,13049.245103,460295.56,76715.92666666667,2.5,0.027567916388031508,10927.82,449367.74,0.02374087640558601,0,1.2,434,medium,Electronics
C00239,high_return,Karachi,Sindh,2025-05-24,2025-02-12,2025-11-27,34.0,4,7,18.0,293842.34,14774.035876999998,279059.42,39865.631428571425,2.5714285714285716,0.050278785136954725,202766.07,76293.34999999998,0.726605358815696,1,1.75,452,medium,Electronics
C00240,one_time,Lahore,Punjab,2025-04-09,2025-11-30,2025-12-06,25.0,2,2,5.0,29178.87,1180.5268050000002,27998.0,13999.0,2.5,0.04045827699976045,0.0,27998.0,0.0,0,1.0,421,medium,Fashion
C00241,high_return,Lahore,Punjab,2025-02-22,2025-03-19,2025-06-09,205.0,2,2,3.0,23468.010000000002,322.20987,23145.25,11572.625,1.5,0.013729748282875284,0.0,23145.25,0.0,0,1.0,121,medium,Fashion
C00242,regular,Karachi,Sindh,2025-02-26,2025-01-04,2025-12-17,14.0,5,6,12.0,547072.95,2598.019462,544475.15,90745.85833333334,2.0,0.004748945203742938,1704.58,542770.5700000001,0.003130684660264109,0,1.2,535,medium,Electronics
C00243,loyal,Karachi,Sindh,2025-06-30,2025-04-18,2025-11-30,31.0,5,8,21.0,1015643.72,87659.073209,927969.6699999999,115996.20874999999,2.625,0.08630888123740872,0.0,927969.6699999999,0.0,0,1.6,455,medium,Electronics
C00244,one_time,Lahore,Punjab,2025-08-11,2025-04-03,2025-04-03,272.0,1,1,2.0,44994.59,770.1090969999998,44223.57000000001,44223.57000000001,2.0,0.017115593163533657,6227.46,37996.11000000001,0.14081766804443874,1,1.0,121,medium,Electronics
C00245,loyal,Islamabad,ICT,2025-06-12,2025-01-16,2025-12-27,4.0,9,12,41.0,870429.85,61030.570814,809401.72,67450.14333333333,3.4166666666666665,0.07011543872719898,1228.22,808173.5,0.0015174417963925257,0,1.3333333333333333,545,medium,Electronics
C00246,regular,Karachi,Sindh,2025-08-23,2025-05-05,2025-07-23,161.0,2,4,11.0,77593.36,2855.744878,74738.07,18684.5175,2.75,0.036803985263687514,0.0,74738.07,0.0,0,2.0,152,medium,Attach & Addons
C00247,regular,Karachi,Sindh,2025-08-27,2025-02-01,2025-10-02,90.0,3,4,8.0,252916.07,1256.38876,251650.86,62912.715,2.0,0.004967611429356782,0.0,251650.86,0.0,0,1.3333333333333333,243,medium,Electronics
C00248,price_sensitive,Islamabad,ICT,2025-03-15,2025-04-11,2025-12-23,8.0,5,7,18.0,387816.91000000003,23371.339462,364433.62,52061.94571428571,2.5714285714285716,0.06026384837628663,0.0,364433.62,0.0,0,1.4,544,medium,Electronics
C00249,regular,Islamabad,ICT,2025-09-10,2025-01-03,2025-07-31,153.0,4,5,12.0,225823.9,1738.5922770000002,224085.26,44817.052,2.4,0.007698885180000878,0.0,224085.26,0.0,0,1.25,143,medium,Electronics
C00250,regular,Karachi,Sindh,2025-06-23,2025-01-25,2025-07-23,161.0,3,3,9.0,78822.33,7807.484646000001,71014.87,23671.623333333333,3.0,0.0990516855566183,2596.62,68418.25,0.036564454740253695,0,1.0,122,medium,Attach & Addons
C00251,regular,Karachi,Sindh,2025-06-19,2025-12-09,2025-12-09,22.0,1,1,2.0,11629.27,110.13071999999998,11519.16,11519.16,2.0,0.009470131831146752,0.0,11519.16,0.0,0,1.0,421,medium,Fashion
C00252,one_time,Karachi,Sindh,2025-10-10,,,,0,0,0.0,0.0,0.0,0.0,0.0,0.0,0.0,0.0,0.0,0.0,0,0.0,111,unknown,
C00253,regular,Karachi,Sindh,2025-01-05,2025-03-10,2025-12-27,4.0,4,4,7.0,89848.18000000001,4694.250268,85152.92,21288.23,1.75,0.05224647030134611,5305.85,79847.06999999999,0.06230966595156103,0,1.0,522,medium,Electronics
C00254,one_time,Lahore,Punjab,2025-12-05,2025-06-19,2025-11-27,34.0,4,5,13.0,124875.83,2818.9405979999997,122056.2,24411.239999999998,2.6,0.02257394884182151,2033.87,120022.33,0.016663389487793327,0,1.25,442,medium,Electronics
C00255,high_return,Lahore,Punjab,2025-12-31,2025-05-28,2025-12-04,27.0,6,7,23.0,562287.64,13980.825905,548294.49,78327.78428571428,3.2857142857142856,0.02486418855836845,34645.2,513649.29,0.06318721167524408,0,1.1666666666666667,434,medium,Electronics
C00256,one_time,Lahore,Punjab,2025-05-25,2025-11-16,2025-11-16,45.0,1,1,3.0,134864.23,3285.491715,131576.27,131576.27,3.0,0.024361476093401488,0.0,131576.27,0.0,0,1.0,322,medium,Electronics
C00257,regular,Karachi,Sindh,2025-08-05,2025-02-03,2025-10-14,78.0,3,3,7.0,287094.89,33277.388197,253820.99000000002,84606.99666666667,2.3333333333333335,0.11591076454547831,0.0,253820.99000000002,0.0,0,1.0,223,medium,Electronics
C00258,high_return,Lahore,Punjab,2025-10-19,2025-08-05,2025-08-12,141.0,1,2,4.0,50150.24,28.725689,50121.71,25060.855,2.0,0.0005727926526373553,0.0,50121.71,0.0,0,2.0,151,medium,Attach & Addons
C00259,one_time,Karachi,Sindh,2025-10-02,2025-03-02,2025-12-25,6.0,4,5,11.0,656553.61,28902.722194,627653.37,125530.674,2.2,0.044021876894409284,204483.17,423170.19999999995,0.3257899658851509,1,1.25,544,medium,Electronics
C00260,regular,Karachi,Sindh,2025-07-01,2025-01-22,2025-06-13,201.0,2,3,6.0,34411.69,543.1952739999999,33868.81,11289.603333333333,2.0,0.015785196077263277,0.0,33868.81,0.0,0,1.5,151,medium,Fashion
C00261,regular,Lahore,Punjab,2025-07-21,2025-01-11,2025-11-24,37.0,5,6,15.0,83187.52,1917.560616,81270.04,13545.006666666666,2.5,0.02305106121687484,0.0,81270.04,0.0,0,1.2,332,medium,Attach & Addons
C00262,regular,Karachi,Sindh,2025-02-08,2025-02-28,2025-11-22,39.0,3,3,8.0,286285.52999999997,735.266758,285550.29,95183.43,2.6666666666666665,0.0025682987121284128,0.0,285550.29,0.0,0,1.0,323,medium,Electronics
C00263,one_time,Lahore,Punjab,2025-06-22,2025-01-29,2025-12-03,28.0,3,3,9.0,633697.8899999999,12919.332026,620767.7,206922.56666666665,3.0,0.02038721010417125,0.0,620767.7,0.0,0,1.0,425,medium,Electronics
C00264,loyal,Lahore,Punjab,2025-08-08,2025-01-06,2025-12-19,12.0,8,9,26.0,651247.3,21973.587686000003,629265.41,69918.3788888889,2.888888888888889,0.03374077356789042,5012.82,624252.5900000001,0.007966145795301222,0,1.125,535,medium,Electronics
C00265,high_return,Lahore,Punjab,2025-05-28,2025-05-11,2025-11-15,46.0,3,3,6.0,32028.33,1663.019115,30365.629999999997,10121.876666666665,2.0,0.05192337892734338,5524.17,24841.46,0.181921797769386,1,1.0,321,medium,Fashion
C00266,loyal,Lahore,Punjab,2025-11-13,2025-02-10,2025-12-21,10.0,7,10,40.0,1246972.76,39000.693086,1207996.84,120799.68400000001,4.0,0.03127629915989504,0.0,1207996.84,0.0,0,1.4285714285714286,555,medium,Electronics
C00267,regular,Lahore,Punjab,2025-01-01,2025-04-12,2025-04-12,263.0,1,1,2.0,155499.47,0.0,155499.47,155499.47,2.0,0.0,0.0,155499.47,0.0,0,1.0,123,medium,Electronics
C00268,regular,Islamabad,ICT,2025-12-14,2025-03-17,2025-08-24,129.0,4,4,11.0,183102.1,7192.454909,175904.28,43976.07,2.75,0.0392811164317613,0.0,175904.28,0.0,0,1.0,223,medium,Electronics
C00269,regular,Islamabad,ICT,2025-07-10,2025-05-15,2025-09-03,119.0,2,2,3.0,12878.800000000001,601.212472,12277.08,6138.54,1.5,0.04668233624250707,0.0,12277.08,0.0,0,1.0,221,medium,Fashion
C00270,one_time,Islamabad,ICT,2025-11-08,2025-06-15,2025-07-10,174.0,2,2,6.0,69358.34,1895.35694,67462.0,33731.0,3.0,0.02732702282090373,0.0,67462.0,0.0,0,1.0,122,medium,Fashion
C00271,one_time,Islamabad,ICT,2025-04-27,2025-03-20,2025-12-20,11.0,5,5,14.0,135222.25,2589.960683,132633.03,26526.606,2.8,0.019153361839490173,10795.47,121837.56,0.08139352618273141,0,1.0,522,medium,Electronics
C00272,regular,Islamabad,ICT,2025-02-13,2025-01-31,2025-12-12,19.0,5,5,14.0,510568.69,51409.411975,459169.23,91833.84599999999,2.8,0.10069049078391391,5056.27,454112.95999999996,0.011011778816276518,0,1.0,424,medium,Electronics
C00273,regular,Lahore,Punjab,2025-06-22,2025-05-26,2025-09-24,98.0,2,2,3.0,58379.57000000001,3435.852846,54944.49,27472.245,1.5,0.058853685390282934,0.0,54944.49,0.0,0,1.0,222,medium,Electronics
C00274,loyal,Karachi,Sindh,2025-05-29,2025-01-09,2025-12-24,7.0,7,10,29.0,767229.96,31483.663233,735751.21,73575.121,2.9,0.041035497666175605,3220.51,732530.7,0.004377172549943887,0,1.4285714285714286,555,medium,Electronics
C00275,loyal,Karachi,Sindh,2025-08-01,2025-01-06,2025-12-27,4.0,8,11,29.0,1149072.32,36385.083168,1112703.79,101154.89,2.6363636363636362,0.0316647460170305,340855.88,771847.91,0.3063311934975974,1,1.375,545,medium,Electronics
C00276,regular,Lahore,Punjab,2025-08-17,2025-06-04,2025-07-06,178.0,2,3,8.0,309181.06,17245.099125,291938.87,97312.95666666667,2.6666666666666665,0.055776699662650746,0.0,291938.87,0.0,0,1.5,153,medium,Electronics
C00277,price_sensitive,Karachi,Sindh,2025-05-27,2025-01-05,2025-08-22,131.0,7,8,19.0,542907.19,31196.244132,511716.6,63964.575,2.375,0.0574614680126082,0.0,511716.6,0.0,0,1.1428571428571428,234,medium,Electronics
C00278,regular,Karachi,Sindh,2025-02-16,2025-02-12,2025-09-07,115.0,2,3,9.0,276842.06,15352.171886,261484.67,87161.55666666667,3.0,0.05545462234315118,6280.18,255204.49000000002,0.024017392683096873,0,1.5,253,medium,Electronics
C00279,high_return,Islamabad,ICT,2025-01-14,2025-06-08,2025-11-04,57.0,2,2,6.0,318134.01999999996,678.06117,317456.29,158728.145,3.0,0.002131369571855283,0.0,317456.29,0.0,0,1.0,324,medium,Electronics
C00280,price_sensitive,Islamabad,ICT,2025-01-01,2025-03-30,2025-12-20,11.0,4,5,10.0,381928.28,21834.455642,360088.70999999996,72017.742,2.0,0.05716899424677324,5618.35,354470.36,0.015602683016637763,0,1.25,544,medium,Electronics
C00281,high_return,Islamabad,ICT,2025-09-16,2025-02-08,2025-12-31,0.0,6,8,24.0,405536.38,12531.315952,393006.77,49125.84625,3.0,0.030900596272028666,18693.1,374313.67000000004,0.047564320584095786,0,1.3333333333333333,544,medium,Electronics
C00282,regular,Karachi,Sindh,2025-01-12,2025-01-02,2025-11-16,45.0,7,7,15.0,210093.92,14620.696855,195469.77,27924.252857142856,2.142857142857143,0.06959124212161874,2325.71,193144.06,0.01189805461990363,0,1.0,323,medium,Electronics
C00283,regular,Islamabad,ICT,2025-09-29,2025-01-05,2025-12-02,29.0,4,4,9.0,508088.33999999997,5839.068513,502247.18,125561.795,2.25,0.011492230884495401,201656.5,300590.68,0.4015084763641679,1,1.0,424,medium,Electronics
C00284,regular,Lahore,Punjab,2025-06-05,2025-02-07,2025-11-06,55.0,2,2,7.0,601856.76,9921.587679,591942.38,295971.19,3.5,0.016484965092026217,189323.0,402619.38,0.31983349460466065,1,1.0,324,medium,Electronics
C00285,price_sensitive,Karachi,Sindh,2025-05-02,2025-01-26,2025-12-09,22.0,4,5,16.0,970887.99,73552.76840700001,897322.3300000001,179464.46600000001,3.2,0.07575824313884036,0.0,897322.3300000001,0.0,0,1.25,445,medium,Electronics
C00286,price_sensitive,Karachi,Sindh,2025-03-31,2025-02-14,2025-12-23,8.0,2,2,2.0,14418.53,1383.2037559999999,13035.220000000001,6517.610000000001,1.0,0.0959323700821096,3968.3,9066.920000000002,0.30442907752995346,1,1.0,521,medium,Fashion
C00287,one_time,Islamabad,ICT,2025-11-12,2025-05-20,2025-05-20,225.0,1,1,2.0,16098.240000000002,2192.992727,13905.25,13905.25,2.0,0.13622562012990239,0.0,13905.25,0.0,0,1.0,121,medium,Electronics
C00288,high_return,Lahore,Punjab,2025-08-08,2025-02-11,2025-12-23,8.0,5,7,20.0,439835.68000000005,26890.513855,412930.1,58990.014285714286,2.857142857142857,0.06113763634410014,1449.94,411480.16,0.003511344898325407,0,1.4,544,medium,Electronics
C00289,one_time,Islamabad,ICT,2025-08-16,2025-08-13,2025-08-13,140.0,1,1,1.0,9519.25,53.3078,9466.37,9466.37,1.0,0.0056,0.0,9466.37,0.0,0,1.0,121,medium,Attach & Addons
C00290,regular,Islamabad,ICT,2025-05-25,2025-01-02,2025-09-25,97.0,5,5,13.0,169149.03999999998,1947.393845,167199.07,33439.814,2.6,0.01151288736252952,7099.65,160099.42,0.04246225771471097,0,1.0,223,medium,Electronics
C00291,price_sensitive,Karachi,Sindh,2025-07-31,2025-03-05,2025-08-11,142.0,2,3,7.0,286934.7,23911.514277,263013.7,87671.23333333334,2.3333333333333335,0.0833343414965147,0.0,263013.7,0.0,0,1.5,153,medium,Electronics
C00292,high_return,Karachi,Sindh,2025-08-28,2025-03-10,2025-03-10,296.0,1,1,3.0,14653.52,0.0,14653.52,14653.52,3.0,0.0,0.0,14653.52,0.0,0,1.0,121,medium,Fashion
C00293,price_sensitive,Islamabad,ICT,2025-02-15,2025-03-05,2025-12-11,20.0,3,4,10.0,141374.07,14548.155233,126825.44,31706.36,2.5,0.10290540007088994,1272.42,125553.02,0.010032845145264232,0,1.3333333333333333,442,medium,Attach & Addons
C00294,loyal,Karachi,Sindh,2025-03-23,2025-02-27,2025-11-30,31.0,7,7,25.0,228686.74,6545.382887000001,222141.67,31734.524285714288,3.5714285714285716,0.028621610885703305,32132.9,190008.77000000002,0.14465048363055882,1,1.0,423,medium,Electronics
C00295,one_time,Karachi,Sindh,2025-07-16,2025-01-01,2025-06-25,189.0,4,4,9.0,340214.82,9079.316793,331135.55,82783.8875,2.25,0.0266870114388315,0.0,331135.55,0.0,0,1.0,124,medium,Electronics
C00296,high_return,Karachi,Sindh,2025-01-10,2025-07-20,2025-08-20,133.0,2,2,2.0,8271.97,1072.64653,7199.26,3599.63,1.0,0.1296724395760623,0.0,7199.26,0.0,0,1.0,121,medium,Fashion
C00297,regular,Islamabad,ICT,2025-08-30,2025-03-11,2025-12-29,2.0,4,4,11.0,80422.51,6552.655905,73869.51,18467.3775,2.75,0.08147788355523845,0.0,73869.51,0.0,0,1.0,522,medium,Fashion
C00298,one_time,Karachi,Sindh,2025-01-05,2025-07-14,2025-09-20,102.0,3,4,6.0,390607.19,1097.534857,389495.02,97373.755,1.5,0.002809817343608038,0.0,389495.02,0.0,0,1.3333333333333333,244,medium,Electronics
C00299,loyal,Islamabad,ICT,2025-10-16,2025-02-11,2025-12-12,19.0,6,7,28.0,698997.08,23725.375095,675274.1,96467.72857142857,4.0,0.033942023184131184,0.0,675274.1,0.0,0,1.1666666666666667,435,medium,Electronics
C00300,regular,Karachi,Sindh,2025-05-26,2025-02-17,2025-03-18,288.0,2,2,5.0,35858.13,839.0725259999999,35018.450000000004,17509.225000000002,2.5,0.02339978481867292,0.0,35018.450000000004,0.0,0,1.0,121,medium,Attach & Addons
C00301,regular,Lahore,Punjab,2025-06-26,2025-02-08,2025-10-30,62.0,3,3,5.0,23178.519999999997,1498.681352,21679.62,7226.54,1.6666666666666667,0.06465819871156572,0.0,21679.62,0.0,0,1.0,321,medium,Fashion
C00302,one_time,Karachi,Sindh,2025-10-09,2025-02-02,2025-02-02,332.0,1,1,3.0,26303.23,1551.422718,24751.18,24751.18,3.0,0.05898221313504083,0.0,24751.18,0.0,0,1.0,121,medium,Fashion
C00303,one_time,Islamabad,ICT,2025-12-08,2025-09-01,2025-10-22,70.0,2,2,4.0,48941.020000000004,1212.7730549999999,47727.16,23863.58,2.0,0.024780297897346638,0.0,47727.16,0.0,0,1.0,221,medium,Electronics
C00304,regular,Karachi,Sindh,2025-06-26,2025-03-20,2025-12-16,15.0,4,5,15.0,546129.14,8502.211223,537633.72,107526.74399999999,3.0,0.015568133249582691,0.0,537633.72,0.0,0,1.25,445,medium,Electronics
C00305,regular,Islamabad,ICT,2025-04-08,2025-01-01,2025-07-14,170.0,4,4,16.0,728610.28,19814.589451,708803.3899999999,177200.84749999997,4.0,0.02719504513578919,25358.57,683444.82,0.03577659243418687,0,1.0,125,medium,Electronics
C00306,loyal,Islamabad,ICT,2025-11-07,2025-01-04,2025-12-23,8.0,8,12,26.0,482021.16000000003,26612.914347,455406.32999999996,37950.5275,2.1666666666666665,0.05521109145291464,6060.09,449346.23999999993,0.013306995535174051,0,1.5,554,medium,Electronics
C00307,regular,Karachi,Sindh,2025-07-16,2025-04-30,2025-11-10,51.0,5,5,12.0,115667.15,3508.941597,112160.01,22432.002,2.4,0.03033654410089641,3776.88,108383.12999999999,0.03367403408755046,0,1.0,322,medium,Fashion
C00308,regular,Islamabad,ICT,2025-12-24,2025-02-21,2025-12-23,8.0,4,4,7.0,85161.76,2316.51124,82846.87000000001,20711.717500000002,1.75,0.027201307723090738,0.0,82846.87000000001,0.0,0,1.0,522,medium,Fashion
C00309,regular,Karachi,Sindh,2025-01-23,2025-05-04,2025-05-04,241.0,1,1,1.0,4069.12,135.094784,3933.89,3933.89,1.0,0.0332,0.0,3933.89,0.0,0,1.0,121,medium,Fashion
C00310,regular,Lahore,Punjab,2025-06-14,2025-04-30,2025-10-27,65.0,4,4,9.0,425729.19,30450.347019,395282.7,98820.675,2.25,0.07152515668235011,0.0,395282.7,0.0,0,1.0,324,medium,Electronics
C00311,regular,Islamabad,ICT,2025-03-24,2025-02-07,2025-12-22,9.0,6,6,14.0,312758.95,7281.5993339999995,305474.75,50912.458333333336,2.3333333333333335,0.023281825616820875,0.0,305474.75,0.0,0,1.0,524,medium,Electronics
C00312,price_sensitive,Islamabad,ICT,2025-03-19,2025-04-10,2025-12-09,22.0,4,4,10.0,203111.87,22432.682207,180681.37,45170.3425,2.5,0.11044495925816646,0.0,180681.37,0.0,0,1.0,423,medium,Electronics
C00313,price_sensitive,Islamabad,ICT,2025-01-01,2025-01-27,2025-11-12,49.0,4,4,9.0,522500.82999999996,47533.697648999994,474974.24,118743.56,2.25,0.09097343950439274,0.0,474974.24,0.0,0,1.0,324,medium,Electronics
C00314,regular,Islamabad,ICT,2025-07-24,2025-04-16,2025-09-11,111.0,2,2,4.0,109233.81,2370.211569,106863.72,53431.86,2.0,0.021698515953988973,0.0,106863.72,0.0,0,1.0,222,medium,Electronics
C00315,price_sensitive,Lahore,Punjab,2025-10-15,2025-06-24,2025-10-23,69.0,3,4,4.0,18394.86,1308.697158,17086.260000000002,4271.5650000000005,1.0,0.07114471966625459,0.0,17086.260000000002,0.0,0,1.3333333333333333,241,medium,Fashion
C00316,loyal,Lahore,Punjab,2025-04-05,2025-01-08,2025-12-28,3.0,8,13,38.0,948015.52,55806.525893,892224.42,68632.6476923077,2.923076923076923,0.05886667962250238,10317.31,881907.11,0.011563581727565806,0,1.625,555,medium,Electronics
C00317,loyal,Karachi,Sindh,2025-06-03,2025-01-29,2025-09-16,106.0,8,13,43.0,921752.32,41170.635253,880569.78,67736.13692307692,3.3076923076923075,0.044665616087627535,17757.66,862812.12,0.020166101998185765,0,1.625,255,medium,Electronics
C00318,one_time,Islamabad,ICT,2025-04-28,,,,0,0,0.0,0.0,0.0,0.0,0.0,0.0,0.0,0.0,0.0,0.0,0,0.0,111,unknown,
C00319,regular,Islamabad,ICT,2025-11-02,2025-04-12,2025-04-12,263.0,1,1,2.0,9754.29,1162.6999150000001,8591.32,8591.32,2.0,0.11919882584995936,0.0,8591.32,0.0,0,1.0,121,medium,Fashion
C00320,regular,Lahore,Punjab,2025-02-23,2025-05-21,2025-08-15,138.0,4,4,8.0,45231.82,1449.1097790000001,43782.67,10945.6675,2.0,0.032037397102305416,0.0,43782.67,0.0,0,1.0,121,medium,Fashion
C00321,regular,Karachi,Sindh,2025-08-10,2025-01-06,2025-12-16,15.0,6,7,17.0,133596.19,6720.065781,126876.41,18125.20142857143,2.4285714285714284,0.05030132806182572,18230.77,108645.64,0.1436892011682865,1,1.1666666666666667,432,medium,Electronics
C00322,regular,Lahore,Punjab,2025-04-22,2025-01-29,2025-12-21,10.0,6,8,20.0,297621.63,12691.924692,284934.97,35616.87125,2.5,0.04264449694734889,36200.32,248734.64999999997,0.12704765582125635,1,1.3333333333333333,543,medium,Electronics
C00323,one_time,Lahore,Punjab,2025-07-26,2025-10-06,2025-10-06,86.0,1,1,4.0,13277.72,193.117716,13084.35,13084.35,4.0,0.014544493783571276,0.0,13084.35,0.0,0,1.0,221,medium,Fashion
C00324,regular,Karachi,Sindh,2025-03-07,2025-01-06,2025-10-31,61.0,5,8,20.0,143672.23,1187.718921,142485.62,17810.7025,2.5,0.008266864939731219,0.0,142485.62,0.0,0,1.6,352,medium,Fashion
C00325,regular,Islamabad,ICT,2025-04-13,2025-08-10,2025-11-18,43.0,3,3,12.0,84665.25,1643.231922,83023.6,27674.533333333336,4.0,0.019408575797035973,14851.47,68172.13,0.17888251051508244,1,1.0,322,medium,Attach & Addons
C00326,loyal,Islamabad,ICT,2025-09-09,2025-04-05,2025-12-15,16.0,6,8,24.0,396422.83,15812.344819000002,380614.68,47576.835,3.0,0.03988757362687714,7109.16,373505.52,0.018678102484118584,0,1.3333333333333333,444,medium,Electronics
C00327,regular,Lahore,Punjab,2025-11-02,2025-01-13,2025-12-15,16.0,2,3,13.0,402010.9,43045.14303400001,358974.15,119658.05,4.333333333333333,0.10707456696820908,3125.23,355848.92000000004,0.008706002925280273,0,1.5,454,medium,Electronics
C00328,high_return,Lahore,Punjab,2025-10-13,2025-01-23,2025-11-09,52.0,6,6,16.0,577604.78,6055.416086,571551.78,95258.63,2.6666666666666665,0.010483666852618497,211679.57,359872.21,0.3703593924595948,1,1.0,324,medium,Electronics
C00329,one_time,Lahore,Punjab,2025-11-04,2025-05-03,2025-11-21,40.0,3,4,12.0,130652.55,1410.991623,129241.48999999999,32310.372499999998,3.0,0.010799572017538119,0.0,129241.48999999999,0.0,0,1.3333333333333333,342,medium,Electronics
C00330,one_time,Karachi,Sindh,2025-12-01,2025-08-05,2025-08-05,148.0,1,1,1.0,3664.8,0.0,3664.8,3664.8,1.0,0.0,0.0,3664.8,0.0,0,1.0,121,medium,Fashion
C00331,one_time,Karachi,Sindh,2025-09-04,2025-01-22,2025-10-02,90.0,5,5,9.0,339179.19999999995,21161.45452,318023.44,63604.688,1.8,0.06239018937482016,0.0,318023.44,0.0,0,1.0,224,medium,Electronics
C00332,one_time,Lahore,Punjab,2025-03-22,2025-04-12,2025-04-12,263.0,1,1,2.0,28547.86,937.66695,27610.73,27610.73,2.0,0.03284543745135362,0.0,27610.73,0.0,0,1.0,121,medium,Attach & Addons
C00333,regular,Islamabad,ICT,2025-05-18,2025-06-02,2025-12-26,5.0,3,4,10.0,111525.48000000001,5148.76506,106374.59,26593.6475,2.5,0.046166715086095114,0.0,106374.59,0.0,0,1.3333333333333333,542,medium,Electronics
C00334,regular,Islamabad,ICT,2025-11-26,2025-03-06,2025-12-18,13.0,3,3,6.0,111335.52,764.943402,110570.66,36856.886666666665,2.0,0.006870614175961094,0.0,110570.66,0.0,0,1.0,522,medium,Electronics
C00335,regular,Karachi,Sindh,2025-12-06,2025-03-08,2025-12-12,19.0,4,5,14.0,93633.48999999999,7049.272788,86583.97,17316.794,2.8,0.07528580626440391,4348.69,82235.28,0.050225116727726844,0,1.25,442,medium,Fashion
C00336,one_time,Karachi,Sindh,2025-02-03,2025-03-19,2025-12-30,1.0,2,2,7.0,52384.57,631.884231,51752.9,25876.45,3.5,0.012062411336009821,0.0,51752.9,0.0,0,1.0,521,medium,Fashion
C00337,high_return,Islamabad,ICT,2025-07-24,2025-02-24,2025-02-24,310.0,1,1,5.0,47498.06,5945.507323,41551.38,41551.38,5.0,0.12517368757797687,23599.15,17952.229999999996,0.5679510524078865,1,1.0,121,medium,Attach & Addons
C00338,price_sensitive,Karachi,Sindh,2025-02-12,2025-04-16,2025-12-01,30.0,5,6,16.0,630706.47,54120.174696,576566.52,96094.42,2.6666666666666665,0.08580881482950382,0.0,576566.52,0.0,0,1.2,435,medium,Electronics
C00339,price_sensitive,Islamabad,ICT,2025-04-21,2025-02-15,2025-11-25,36.0,6,8,18.0,414743.47,39363.291176,375380.18,46922.5225,2.25,0.09490997212325007,0.0,375380.18,0.0,0,1.3333333333333333,344,medium,Electronics
C00340,loyal,Lahore,Punjab,2025-07-02,2025-02-05,2025-12-21,10.0,6,15,51.0,1471281.15,35865.495828,1435409.92,95693.99466666667,3.4,0.024377051135331954,34806.11,1400603.8099999998,0.02424820221390138,0,2.5,555,low,Electronics
C00341,high_return,Karachi,Sindh,2025-01-08,2025-05-10,2025-11-30,31.0,4,4,11.0,184750.49,9146.621451,175601.81,43900.4525,2.75,0.049507968563439274,1281.98,174319.83,0.007300494226113045,0,1.0,423,medium,Electronics
C00342,price_sensitive,Lahore,Punjab,2025-07-03,2025-02-14,2025-11-25,36.0,6,6,22.0,299712.83,21193.32299,278516.12,46419.35333333333,3.6666666666666665,0.07071209794388848,10653.21,267862.91,0.038249886577480685,0,1.0,323,medium,Electronics
C00343,one_time,Karachi,Sindh,2025-12-18,2025-01-22,2025-06-27,187.0,4,4,14.0,83496.41,2258.952534,81237.44,20309.36,3.5,0.027054486941414605,0.0,81237.44,0.0,0,1.0,122,medium,Attach & Addons
C00344,one_time,Karachi,Sindh,2025-04-03,2025-01-11,2025-09-29,93.0,2,2,4.0,18125.57,394.320224,17731.079999999998,8865.539999999999,2.0,0.02175491441096749,0.0,17731.079999999998,0.0,0,1.0,221,medium,Fashion
C00345,regular,Lahore,Punjab,2025-03-02,,,,0,0,0.0,0.0,0.0,0.0,0.0,0.0,0.0,0.0,0.0,0.0,0,0.0,111,unknown,
C00346,price_sensitive,Lahore,Punjab,2025-10-04,2025-01-19,2025-12-16,15.0,7,9,20.0,1000748.2500000001,94549.476318,906184.31,100687.14555555556,2.2222222222222223,0.09447878256894278,0.0,906184.31,0.0,0,1.2857142857142858,445,medium,Electronics
C00347,price_sensitive,Karachi,Sindh,2025-04-02,2025-01-23,2025-01-23,342.0,1,1,2.0,231469.25,15117.23875,216361.84999999998,216361.84999999998,2.0,0.06530992237629836,0.0,216361.84999999998,0.0,0,1.0,123,medium,Electronics
C00348,one_time,Lahore,Punjab,2025-01-22,2025-09-26,2025-12-12,19.0,4,4,12.0,464082.00999999995,12148.942377,451938.25,112984.5625,3.0,0.026178438541498303,8207.67,443730.58,0.018161043018598225,0,1.0,424,medium,Electronics
C00349,loyal,Islamabad,ICT,2025-01-01,2025-02-15,2025-12-24,7.0,4,8,23.0,277595.18,21096.329927,256501.41,32062.67625,2.875,0.07599674434909136,0.0,256501.41,0.0,0,2.0,553,medium,Electronics
C00350,one_time,Islamabad,ICT,2025-01-12,2025-03-05,2025-11-10,51.0,2,2,5.0,29166.65,452.692927,28714.300000000003,14357.150000000001,2.5,0.015520909223376698,5314.22,23400.08,0.18507224623271332,1,1.0,321,medium,Fashion
C00351,price_sensitive,Lahore,Punjab,2025-02-03,2025-02-11,2025-12-29,2.0,4,5,22.0,661808.03,58588.45836700001,603202.58,120640.51599999999,4.4,0.08852787471768815,0.0,603202.58,0.0,0,1.25,545,medium,Electronics
C00352,loyal,Islamabad,ICT,2025-08-06,2025-04-21,2025-12-12,19.0,7,8,28.0,686553.5,35530.474778,651025.76,81378.22,3.5,0.051751938891870776,0.0,651025.76,0.0,0,1.1428571428571428,435,medium,Electronics
C00353,regular,Islamabad,ICT,2025-03-14,2025-05-14,2025-12-18,13.0,4,5,13.0,564715.51,32214.061062,532503.39,106500.678,2.6,0.05704476057687879,0.0,532503.39,0.0,0,1.25,545,medium,Electronics
C00354,loyal,Islamabad,ICT,2025-02-16,2025-01-18,2025-11-01,60.0,7,10,28.0,454969.18,10206.090386,444767.23,44476.723,2.8,0.02243248737419972,6934.29,437832.94,0.015590829387317947,0,1.4285714285714286,354,medium,Electronics
C00355,high_return,Karachi,Sindh,2025-08-27,2025-01-22,2025-11-28,33.0,4,5,13.0,275938.74,7376.454573,268565.05,53713.009999999995,2.6,0.02673221807492489,0.0,268565.05,0.0,0,1.25,443,medium,Electronics
C00356,one_time,Islamabad,ICT,2025-04-17,2025-03-16,2025-07-13,171.0,2,2,4.0,16733.36,329.465455,16403.97,8201.985,2.0,0.019689139240415553,0.0,16403.97,0.0,0,1.0,121,medium,Fashion
C00357,regular,Islamabad,ICT,2025-03-02,2025-01-04,2025-08-01,152.0,6,6,12.0,253631.57,11230.774624999998,242404.61000000002,40400.76833333333,2.0,0.04427987661394044,4150.21,238254.40000000002,0.017121002773008317,0,1.0,123,medium,Electronics
C00358,loyal,Lahore,Punjab,2025-10-19,2025-01-13,2025-09-30,92.0,7,10,24.0,653044.99,43449.322786,609602.15,60960.215000000004,2.4,0.06653342947474415,15573.12,594029.03,0.025546366593359293,0,1.4285714285714286,255,medium,Electronics
C00359,regular,Islamabad,ICT,2025-04-23,2025-03-04,2025-07-14,170.0,2,2,5.0,21008.43,970.350172,20038.09,10019.045,2.5,0.046188609620043,0.0,20038.09,0.0,0,1.0,121,medium,Fashion
C00360,high_return,Karachi,Sindh,2025-06-29,2025-01-18,2025-12-01,30.0,6,7,22.0,214185.84,10131.587078999999,204052.08000000002,29150.297142857144,3.142857142857143,0.047302786584771425,11262.17,192789.91,0.055192625333689314,0,1.1666666666666667,433,medium,Electronics
C00361,price_sensitive,Karachi,Sindh,2025-05-07,2025-03-13,2025-11-14,47.0,2,3,6.0,75541.08,6172.226348,69370.04,23123.346666666665,2.0,0.0817068851544087,1197.22,68172.81999999999,0.017258459127312022,0,1.5,352,medium,Electronics
C00362,regular,Lahore,Punjab,2025-01-14,2025-01-26,2025-12-23,8.0,3,3,13.0,135486.96,2908.3179529999998,132579.64,44193.21333333334,4.333333333333333,0.021465666902556527,0.0,132579.64,0.0,0,1.0,522,medium,Electronics
C00363,high_return,Karachi,Sindh,2025-03-19,2025-01-29,2025-11-16,45.0,6,7,24.0,647054.86,11834.786267,635226.21,90746.60142857142,3.4285714285714284,0.01829023626682906,0.0,635226.21,0.0,0,1.1666666666666667,335,medium,Electronics
C00364,one_time,Karachi,Sindh,2025-12-31,,,,0,0,0.0,0.0,0.0,0.0,0.0,0.0,0.0,0.0,0.0,0.0,0,0.0,111,unknown,
C00365,loyal,Islamabad,ICT,2025-07-06,2025-04-18,2025-12-04,27.0,4,4,15.0,661191.04,30217.427321000003,630966.01,157741.5025,3.75,0.045701507571850944,0.0,630966.01,0.0,0,1.0,425,medium,Electronics
C00366,price_sensitive,Islamabad,ICT,2025-01-07,2025-01-03,2025-12-23,8.0,5,7,13.0,110162.55,9868.888464,100292.75,14327.535714285714,1.8571428571428572,0.08958478597309158,0.0,100292.75,0.0,0,1.4,542,medium,Attach & Addons
C00367,regular,Karachi,Sindh,2025-08-26,2025-10-17,2025-12-10,21.0,2,2,5.0,26937.77,0.0,26937.77,13468.885,2.5,0.0,0.0,26937.77,0.0,0,1.0,421,medium,Fashion
C00368,regular,Lahore,Punjab,2025-10-01,2025-01-20,2025-11-10,51.0,4,4,8.0,609866.1,4467.467118,605397.48,151349.37,2.0,0.007325324555668858,7921.66,597475.82,0.01308505611883287,0,1.0,325,medium,Electronics
C00369,one_time,Lahore,Punjab,2025-08-15,2025-06-14,2025-06-14,200.0,1,1,1.0,6466.99,304.595229,6162.63,6162.63,1.0,0.0471,0.0,6162.63,0.0,0,1.0,121,medium,Fashion
C00370,one_time,Islamabad,ICT,2025-07-11,2025-05-19,2025-10-15,77.0,3,3,4.0,20183.14,952.315061,19230.65,6410.216666666667,1.3333333333333333,0.0471836919825161,0.0,19230.65,0.0,0,1.0,221,medium,Fashion
C00371,price_sensitive,Karachi,Sindh,2025-01-28,2025-01-02,2025-06-21,193.0,4,4,12.0,356026.17,25983.408902,330037.81000000006,82509.45250000001,3.0,0.0729817386794909,0.0,330037.81000000006,0.0,0,1.0,124,medium,Electronics
C00372,loyal,Islamabad,ICT,2025-09-30,2025-01-06,2025-10-23,69.0,8,11,36.0,911615.49,22936.376097999997,888676.5,80788.77272727272,3.272727272727273,0.02516014300941727,1277.77,887398.73,0.0014378348026531588,0,1.375,245,medium,Electronics
C00373,price_sensitive,Lahore,Punjab,2025-05-06,2025-01-19,2025-06-16,198.0,4,4,7.0,139925.75999999998,14578.555220999999,125351.45,31337.8625,1.75,0.10418778658768765,0.0,125351.45,0.0,0,1.0,122,medium,Electronics
C00374,loyal,Karachi,Sindh,2025-05-25,2025-04-11,2025-12-14,17.0,6,7,20.0,399022.33,12031.551133,386993.62,55284.80285714286,2.857142857142857,0.030152576004956917,12552.33,374441.29,0.03243549596502392,0,1.1666666666666667,434,medium,Electronics
C00375,one_time,Islamabad,ICT,2025-01-25,2025-04-19,2025-09-15,107.0,4,4,13.0,443017.29000000004,4034.892373,438987.87,109746.9675,3.25,0.009107753724465246,16930.62,422057.25,0.03856739822902168,0,1.0,224,medium,Electronics
C00376,regular,Islamabad,ICT,2025-03-08,2025-08-24,2025-10-12,80.0,2,3,10.0,252177.04,5075.202487,247092.91,82364.30333333333,3.3333333333333335,0.020125553408827383,0.0,247092.91,0.0,0,1.5,253,medium,Electronics
C00377,high_return,Lahore,Punjab,2025-05-26,2025-01-23,2025-10-21,71.0,5,5,19.0,152662.43,6440.6011929999995,146222.8,29244.559999999998,3.8,0.042188514836296,21308.78,124914.01999999999,0.1457281627762565,1,1.0,222,medium,Electronics
C00378,loyal,Islamabad,ICT,2025-04-21,2025-01-12,2025-11-12,49.0,9,14,48.0,1073239.48,36309.170883,1036934.64,74066.76,3.4285714285714284,0.033831378326671324,22807.03,1014127.61,0.021994664967504605,0,1.5555555555555556,355,medium,Electronics
C00379,regular,Lahore,Punjab,2025-04-21,2025-03-19,2025-04-10,265.0,2,2,6.0,61036.590000000004,1352.595221,59684.84,29842.42,3.0,0.022160399540668965,0.0,59684.84,0.0,0,1.0,122,medium,Electronics
C00380,regular,Lahore,Punjab,2025-08-24,2025-01-23,2025-03-10,296.0,3,3,8.0,57786.049999999996,1274.179702,56511.89,18837.296666666665,2.6666666666666665,0.022049953267267792,4636.38,51875.51,0.08204255776970121,0,1.0,121,medium,Fashion
C00381,loyal,Karachi,Sindh,2025-04-11,2025-01-13,2025-09-18,104.0,5,5,15.0,604131.08,30784.699607000002,573341.56,114668.312,3.0,0.050956987028378024,10451.08,562890.4800000001,0.01822836635111538,0,1.0,225,medium,Electronics
C00382,one_time,Karachi,Sindh,2025-10-09,2025-06-03,2025-09-30,92.0,3,3,8.0,371079.37,15733.383946999998,355338.92,118446.30666666666,2.6666666666666665,0.042398972346535994,0.0,355338.92,0.0,0,1.0,224,medium,Electronics
C00383,high_return,Islamabad,ICT,2025-11-11,2025-04-28,2025-09-28,94.0,3,3,9.0,434601.41,5760.914996,428853.33,142951.11000000002,3.0,0.013255628866919692,0.0,428853.33,0.0,0,1.0,224,medium,Electronics
C00384,regular,Lahore,Punjab,2025-08-17,2025-05-31,2025-08-28,125.0,3,3,8.0,51163.17,1581.121608,49581.82,16527.273333333334,2.6666666666666665,0.030903511412604025,0.0,49581.82,0.0,0,1.0,221,medium,Fashion
C00385,regular,Lahore,Punjab,2025-05-30,2025-02-05,2025-12-31,0.0,6,7,21.0,657050.17,12329.580188,644730.36,92104.33714285714,3.0,0.018765051362820587,0.0,644730.36,0.0,0,1.1666666666666667,535,medium,Electronics
C00386,price_sensitive,Karachi,Sindh,2025-03-11,2025-04-29,2025-11-23,38.0,6,6,12.0,107364.54999999999,8742.929658,98620.05,16436.675,2.0,0.08143218276423643,0.0,98620.05,0.0,0,1.0,322,medium,Electronics
C00387,price_sensitive,Karachi,Sindh,2025-01-04,2025-06-23,2025-11-07,54.0,3,3,5.0,289690.22,31090.453085,258593.13,86197.71,1.6666666666666667,0.10732310219171363,0.0,258593.13,0.0,0,1.0,323,medium,Electronics
C00388,regular,Lahore,Punjab,2025-11-14,2025-06-09,2025-12-27,4.0,4,5,12.0,510174.4,33680.385948999996,476493.47000000003,95298.694,2.4,0.06601739708813299,159253.84,317239.63,0.3342204039018625,1,1.25,544,medium,Electronics
C00389,regular,Karachi,Sindh,2025-06-01,2025-03-03,2025-11-28,33.0,4,4,13.0,121256.17,462.218352,120793.36,30198.34,3.25,0.003811916144143428,0.0,120793.36,0.0,0,1.0,422,medium,Attach & Addons
C00390,regular,Islamabad,ICT,2025-09-04,2025-01-26,2025-12-14,17.0,7,8,20.0,603467.73,18820.568376,584646.68,73080.835,2.5,0.031187365024472807,237666.49,346980.19000000006,0.4065130242422654,1,1.1428571428571428,434,medium,Electronics
C00391,loyal,Lahore,Punjab,2025-01-31,2025-03-09,2025-12-30,1.0,6,10,25.0,443794.75,32762.529762000002,411041.47000000003,41104.147000000004,2.5,0.07382360823781715,11862.53,399178.94,0.028859691456436257,0,1.6666666666666667,554,medium,Electronics
C00392,one_time,Karachi,Sindh,2025-02-05,2025-01-15,2025-01-15,350.0,1,1,1.0,1072.35,0.0,1072.35,1072.35,1.0,0.0,0.0,1072.35,0.0,0,1.0,121,medium,Fashion
C00393,regular,Islamabad,ICT,2025-01-06,2025-03-01,2025-12-18,13.0,6,6,13.0,333686.26,1751.398049,331937.22,55322.869999999995,2.1666666666666665,0.005248636995122304,0.0,331937.22,0.0,0,1.0,524,medium,Electronics
C00394,one_time,Lahore,Punjab,2025-08-08,2025-07-15,2025-11-07,54.0,2,3,5.0,68185.20999999999,2037.7720359999998,66146.49,22048.83,1.6666666666666667,0.029885836473921547,46959.03,19187.460000000006,0.7099247443061604,1,1.5,351,medium,Attach & Addons
C00395,regular,Islamabad,ICT,2025-12-01,2025-12-01,2025-12-01,30.0,1,1,4.0,24513.059999999998,232.96931899999998,24280.22,24280.22,4.0,0.0095038856430001,1151.64,23128.58,0.04743120119998913,0,1.0,421,medium,Fashion
C00396,regular,Islamabad,ICT,2025-04-04,2025-10-24,2025-12-03,28.0,3,3,8.0,202488.03,5494.002463,197002.26,65667.42,2.6666666666666665,0.02713248019154515,0.0,197002.26,0.0,0,1.0,423,medium,Electronics
C00397,price_sensitive,Lahore,Punjab,2025-03-03,2025-04-13,2025-11-18,43.0,2,2,4.0,287852.06,26886.392206,260971.05,130485.525,2.0,0.09340350805896612,189267.25,71703.79999999999,0.7252423209394299,1,1.0,322,medium,Electronics
C00398,regular,Islamabad,ICT,2025-12-01,2025-02-02,2025-08-20,133.0,3,3,4.0,17732.989999999998,768.390601,16964.54,5654.846666666667,1.3333333333333333,0.043331135978760496,5545.44,11419.100000000002,0.3268841949148046,1,1.0,121,medium,Fashion
C00399,one_time,Karachi,Sindh,2025-01-26,2025-11-15,2025-11-15,46.0,1,1,3.0,28539.800000000003,174.661146,28365.6,28365.6,3.0,0.006119914855745309,0.0,28365.6,0.0,0,1.0,321,medium,Attach & Addons
C00400,price_sensitive,Karachi,Sindh,2025-10-27,2025-01-10,2025-11-11,50.0,6,6,16.0,154313.13,10677.209881,143633.27000000002,23938.878333333338,2.6666666666666665,0.06919184311147082,0.0,143633.27000000002,0.0,0,1.0,322,medium,Electronics
C00401,price_sensitive,Karachi,Sindh,2025-04-28,,,,0,0,0.0,0.0,0.0,0.0,0.0,0.0,0.0,0.0,0.0,0.0,0,0.0,111,unknown,
C00402,regular,Islamabad,ICT,2025-07-31,2025-01-30,2025-12-08,23.0,6,6,15.0,318054.22000000003,2197.177063,315861.42000000004,52643.57000000001,2.5,0.00690818396624324,2619.2,313242.22000000003,0.008292244111357441,0,1.0,424,medium,Electronics
C00403,one_time,Karachi,Sindh,2025-04-23,2025-08-29,2025-08-29,124.0,1,1,4.0,16934.170000000002,56.237435000000005,16877.86,16877.86,4.0,0.0033209442801152935,0.0,16877.86,0.0,0,1.0,221,medium,Attach & Addons
C00404,one_time,Islamabad,ICT,2025-01-01,2025-02-04,2025-10-12,80.0,3,3,10.0,177721.12,9124.679211,168593.9,56197.96666666667,3.3333333333333335,0.051342683475098516,0.0,168593.9,0.0,0,1.0,223,medium,Electronics
C00405,high_return,Karachi,Sindh,2025-11-16,2025-02-23,2025-11-08,53.0,3,3,9.0,532942.46,5438.9484299999995,527501.8200000001,175833.94000000003,3.0,0.01020550779534436,0.0,527501.8200000001,0.0,0,1.0,325,medium,Electronics
C00406,loyal,Lahore,Punjab,2025-05-19,2025-01-30,2025-12-24,7.0,7,9,27.0,1518732.39,60119.38858100001,1458611.95,162067.99444444443,3.0,0.03958524159809353,0.0,1458611.95,0.0,0,1.2857142857142858,545,medium,Electronics
C00407,regular,Islamabad,ICT,2025-11-29,2025-08-04,2025-11-15,46.0,3,3,6.0,230871.88,1316.131428,229556.11,76518.70333333332,2.0,0.005700700440434755,0.0,229556.11,0.0,0,1.0,323,medium,Electronics
C00408,one_time,Islamabad,ICT,2025-06-10,,,,0,0,0.0,0.0,0.0,0.0,0.0,0.0,0.0,0.0,0.0,0.0,0,0.0,111,unknown,
C00409,one_time,Karachi,Sindh,2025-01-10,2025-04-07,2025-04-07,268.0,1,1,3.0,10521.14,182.05980499999998,10338.94,10338.94,3.0,0.01730418994519605,0.0,10338.94,0.0,0,1.0,121,medium,Fashion
C00410,one_time,Lahore,Punjab,2025-05-18,2025-01-26,2025-12-26,5.0,5,6,12.0,125180.08,2406.151822,122774.29,20462.381666666664,2.0,0.01922152328070089,0.0,122774.29,0.0,0,1.2,532,medium,Electronics
C00411,regular,Karachi,Sindh,2025-01-13,2025-08-21,2025-08-21,132.0,1,1,7.0,253676.38999999998,0.0,253676.38999999998,253676.38999999998,7.0,0.0,0.0,253676.38999999998,0.0,0,1.0,123,medium,Electronics
C00412,regular,Karachi,Sindh,2025-03-25,2025-02-21,2025-12-31,0.0,4,4,13.0,121849.34,4691.981842,117157.65,29289.4125,3.25,0.03850641982960269,0.0,117157.65,0.0,0,1.0,522,medium,Attach & Addons
C00413,price_sensitive,Lahore,Punjab,2025-04-11,2025-08-18,2025-09-19,103.0,2,2,4.0,30808.82,2272.185368,28536.64,14268.32,2.0,0.07375113256528487,0.0,28536.64,0.0,0,1.0,221,medium,Attach & Addons
C00414,loyal,Lahore,Punjab,2025-09-22,2025-03-08,2025-12-30,1.0,5,9,28.0,784705.72,20238.589709,764465.85,84940.65,3.111111111111111,0.025791311561995496,11166.39,753299.46,0.014606787209657567,0,1.8,555,medium,Electronics
C00415,high_return,Karachi,Sindh,2025-02-07,2025-06-09,2025-10-17,75.0,3,4,13.0,571823.33,16713.173101,555090.15,138772.5375,3.25,0.029227861516248385,6439.36,548650.79,0.011600566142274367,0,1.3333333333333333,245,medium,Electronics
C00416,one_time,Lahore,Punjab,2025-04-04,,,,0,0,0.0,0.0,0.0,0.0,0.0,0.0,0.0,0.0,0.0,0.0,0,0.0,111,unknown,
C00417,loyal,Karachi,Sindh,2025-03-10,2025-01-02,2025-12-27,4.0,8,9,24.0,1017007.75,56614.504347,960409.72,106712.19111111111,2.6666666666666665,0.05566772165403853,138565.14,821844.58,0.1442771112312358,1,1.125,535,medium,Electronics
C00418,regular,Islamabad,ICT,2025-08-24,2025-09-13,2025-09-13,109.0,1,1,3.0,21521.41,166.00617599999998,21354.89,21354.89,3.0,0.007713536241352215,0.0,21354.89,0.0,0,1.0,221,medium,Fashion
C00419,one_time,Karachi,Sindh,2025-05-17,2025-01-30,2025-12-19,12.0,4,4,8.0,453070.07,26721.736790000003,426345.3,106586.325,2.0,0.05897925852837731,164625.06,261720.24,0.38613081931476667,1,1.0,523,medium,Electronics
C00420,price_sensitive,Islamabad,ICT,2025-02-04,2025-05-12,2025-08-25,128.0,2,3,6.0,137646.25,18291.810658,119353.26,39784.42,2.0,0.13289000359980746,0.0,119353.26,0.0,0,1.5,252,medium,Electronics
C00421,regular,Karachi,Sindh,2025-11-16,2025-04-13,2025-11-26,35.0,5,7,20.0,599647.45,9923.422237,589713.74,84244.81999999999,2.857142857142857,0.016548760837722234,0.0,589713.74,0.0,0,1.4,445,medium,Electronics
C00422,high_return,Lahore,Punjab,2025-11-16,2025-01-06,2025-09-08,114.0,2,2,6.0,429648.76,12.078125,429636.92,214818.46,3.0,2.8111625412348448e-05,0.0,429636.92,0.0,0,1.0,224,medium,Electronics
C00423,regular,Islamabad,ICT,2025-09-24,2025-01-22,2025-09-18,104.0,4,5,11.0,299370.48,18164.091978,281211.93,56242.386,2.2,0.06067429219474145,0.0,281211.93,0.0,0,1.25,243,medium,Electronics
C00424,regular,Lahore,Punjab,2025-09-27,2025-06-22,2025-12-02,29.0,4,4,11.0,427835.7,2949.171573,424898.42,106224.605,2.75,0.006893233951724926,0.0,424898.42,0.0,0,1.0,424,medium,Electronics
C00425,regular,Islamabad,ICT,2025-10-18,2025-04-18,2025-11-12,49.0,3,5,14.0,84974.6,1302.961161,83671.59,16734.318,2.8,0.01533353685689606,0.0,83671.59,0.0,0,1.6666666666666667,352,medium,Fashion
C00426,price_sensitive,Islamabad,ICT,2025-01-05,2025-01-29,2025-11-05,56.0,4,4,15.0,756918.5599999999,102652.664783,654261.94,163565.485,3.75,0.1356191672496444,0.0,654261.94,0.0,0,1.0,325,medium,Electronics
C00427,price_sensitive,Karachi,Sindh,2025-03-19,2025-05-12,2025-08-09,144.0,3,5,8.0,747011.62,51137.262945,695884.54,139176.908,1.6,0.06845577977086889,19649.35,676235.1900000001,0.02823650888982244,0,1.6666666666666667,155,medium,Electronics
C00428,one_time,Karachi,Sindh,2025-05-12,2025-08-28,2025-08-28,125.0,1,1,4.0,17399.510000000002,353.37942699999996,17046.23,17046.23,4.0,0.020309734412061024,0.0,17046.23,0.0,0,1.0,221,medium,Fashion
C00429,price_sensitive,Karachi,Sindh,2025-02-11,2025-03-01,2025-04-21,254.0,2,3,8.0,62213.09,3443.025343,58769.29,19589.763333333332,2.6666666666666665,0.05534245836366591,0.0,58769.29,0.0,0,1.5,152,medium,Attach & Addons
C00430,one_time,Karachi,Sindh,2025-10-23,2025-03-10,2025-03-10,296.0,1,1,1.0,13239.46,181.38060199999998,13058.72,13058.72,1.0,0.0137,0.0,13058.72,0.0,0,1.0,121,medium,Fashion
C00431,one_time,Lahore,Punjab,2025-04-14,2025-02-24,2025-12-05,26.0,3,3,12.0,286646.33999999997,32123.87504,254515.12,84838.37333333334,4.0,0.11206797561064273,4181.23,250333.88999999998,0.016428218488551877,0,1.0,423,medium,Electronics
C00432,one_time,Karachi,Sindh,2025-06-28,,,,0,0,0.0,0.0,0.0,0.0,0.0,0.0,0.0,0.0,0.0,0.0,0,0.0,111,unknown,
C00433,high_return,Karachi,Sindh,2025-12-19,2025-01-31,2025-12-19,12.0,3,4,13.0,84890.21,977.6967339999999,83912.35,20978.0875,3.25,0.01151719066309295,0.0,83912.35,0.0,0,1.3333333333333333,542,medium,Fashion
C00434,regular,Islamabad,ICT,2025-05-23,2025-03-18,2025-08-17,136.0,3,3,7.0,46744.5,1213.305184,45531.96,15177.32,2.3333333333333335,0.025956105723668025,3605.13,41926.83,0.0791780103470178,0,1.0,121,medium,Electronics
C00435,high_return,Lahore,Punjab,2025-05-25,2025-06-08,2025-11-24,37.0,3,3,9.0,104590.79000000001,1407.350154,103183.14,34394.38,3.0,0.013455775159552767,12868.52,90314.62,0.12471533624582466,1,1.0,322,medium,Attach & Addons
C00436,regular,Lahore,Punjab,2025-11-05,2025-04-22,2025-04-22,253.0,1,1,2.0,40889.46,0.0,40889.46,40889.46,2.0,0.0,0.0,40889.46,0.0,0,1.0,121,medium,Electronics
C00437,regular,Islamabad,ICT,2025-02-08,2025-01-18,2025-12-06,25.0,4,4,5.0,20170.9,118.65363500000001,20052.09,5013.0225,1.25,0.005882416500998964,0.0,20052.09,0.0,0,1.0,421,medium,Fashion
C00438,loyal,Islamabad,ICT,2025-05-14,2025-01-28,2025-11-02,59.0,5,6,25.0,365567.72,6812.33214,358755.42,59792.57,4.166666666666667,0.018634938938262933,18264.079999999998,340491.33999999997,0.0509095583838148,0,1.2,334,medium,Electronics
C00439,price_sensitive,Karachi,Sindh,2025-06-28,2025-02-05,2025-11-26,35.0,5,6,17.0,699541.0599999999,42884.7492,656653.5,109442.25,2.8333333333333335,0.06130412016129547,0.0,656653.5,0.0,0,1.2,435,medium,Electronics
C00440,price_sensitive,Lahore,Punjab,2025-01-15,2025-03-10,2025-05-03,242.0,2,3,6.0,33711.409999999996,3641.986775,30070.27,10023.423333333334,2.0,0.10803424641686599,0.0,30070.27,0.0,0,1.5,151,medium,Fashion
C00441,regular,Karachi,Sindh,2025-10-16,2025-07-27,2025-07-27,157.0,1,1,1.0,16276.74,11.393718,16265.37,16265.37,1.0,0.0007,14924.33,1341.0400000000009,0.9175524442419692,1,1.0,121,medium,Attach & Addons
C00442,one_time,Islamabad,ICT,2025-08-19,2025-03-12,2025-09-14,108.0,3,3,7.0,255165.89,5014.067107000001,250160.57,83386.85666666667,2.3333333333333335,0.01965022482824801,0.0,250160.57,0.0,0,1.0,223,medium,Electronics
C00443,high_return,Karachi,Sindh,2025-06-06,2025-07-28,2025-12-15,16.0,2,2,5.0,33865.08,648.187084,33216.42,16608.21,2.5,0.019140279131187644,20618.050000000003,12598.369999999995,0.6207186084472681,1,1.0,421,medium,Fashion
C00444,price_sensitive,Lahore,Punjab,2025-04-07,2025-02-03,2025-10-28,64.0,6,6,16.0,170497.28999999998,15378.596398999998,155118.76,25853.126666666667,2.6666666666666665,0.09019847998170528,0.0,155118.76,0.0,0,1.0,323,medium,Fashion
C00445,regular,Karachi,Sindh,2025-10-16,2025-03-22,2025-06-21,193.0,2,2,3.0,217534.4,137.247451,217397.29,108698.645,1.5,0.0006309229758603697,0.0,217397.29,0.0,0,1.0,123,medium,Electronics
C00446,loyal,Lahore,Punjab,2025-03-27,2025-01-25,2025-12-25,6.0,7,9,26.0,221631.41,9415.096704,212214.12,23579.346666666665,2.888888888888889,0.04248087716447772,16478.559999999998,195735.56,0.07765062946801088,0,1.2857142857142858,543,medium,Attach & Addons
C00447,regular,Karachi,Sindh,2025-01-05,2025-01-20,2025-12-18,13.0,6,6,24.0,167514.49,3582.460074,163932.93,27322.155,4.0,0.021385971291199946,0.0,163932.93,0.0,0,1.0,523,medium,Attach & Addons
C00448,regular,Karachi,Sindh,2025-12-19,2025-03-31,2025-12-25,6.0,4,5,10.0,109382.87,2574.524986,106808.43,21361.685999999998,2.0,0.02353682058260128,5117.02,101691.40999999999,0.04790839075155398,0,1.25,542,medium,Fashion
C00449,loyal,Lahore,Punjab,2025-06-08,2025-02-07,2025-12-18,13.0,5,9,25.0,1025149.01,57358.941999999995,967795.23,107532.80333333333,2.7777777777777777,0.05595180938622766,0.0,967795.23,0.0,0,1.8,555,medium,Electronics
C00450,one_time,Lahore,Punjab,2025-12-31,2025-08-22,2025-08-22,131.0,1,1,2.0,57158.0,3819.8314840000003,53337.76,53337.76,2.0,0.06682934119458345,0.0,53337.76,0.0,0,1.0,221,medium,Electronics
C00451,loyal,Lahore,Punjab,2025-07-03,2025-02-18,2025-12-16,15.0,6,8,17.0,497596.17,4301.417557,493288.22,61661.0275,2.125,0.00864439442329309,0.0,493288.22,0.0,0,1.3333333333333333,444,medium,Electronics
C00452,one_time,Karachi,Sindh,2025-05-16,2025-04-20,2025-12-21,10.0,5,6,17.0,560071.08,33356.583618000004,526702.5499999999,87783.75833333332,2.8333333333333335,0.05955776830683707,3954.23,522748.31999999995,0.007507520136365394,0,1.2,535,medium,Electronics
C00453,price_sensitive,Karachi,Sindh,2025-02-16,2025-07-21,2025-09-12,110.0,3,4,9.0,61114.159999999996,7427.701335,53686.13,13421.5325,2.25,0.12153814001534179,3893.6,49792.53,0.07252525000405133,0,1.3333333333333333,241,medium,Attach & Addons
C00454,one_time,Karachi,Sindh,2025-06-22,,,,0,0,0.0,0.0,0.0,0.0,0.0,0.0,0.0,0.0,0.0,0.0,0,0.0,111,unknown,
C00455,regular,Islamabad,ICT,2025-04-05,2025-03-05,2025-10-25,67.0,4,5,14.0,79248.97,2773.703601,76474.84,15294.967999999999,2.8,0.034999869411551976,0.0,76474.84,0.0,0,1.25,342,medium,Fashion
C00456,high_return,Karachi,Sindh,2025-10-19,2025-02-07,2025-09-29,93.0,4,6,17.0,532996.09,34442.810042000005,498561.05,83093.50833333333,2.8333333333333335,0.06462113078915833,189513.94999999998,309047.1,0.38012185267982723,1,1.5,254,medium,Electronics
C00457,regular,Lahore,Punjab,2025-10-10,2025-01-24,2025-12-18,13.0,5,7,17.0,613106.52,4305.893393,608805.36,86972.19428571429,2.4285714285714284,0.007023075522015326,3481.26,605324.1,0.005718182244650409,0,1.4,545,medium,Electronics
C00458,one_time,Lahore,Punjab,2025-01-11,,,,0,0,0.0,0.0,0.0,0.0,0.0,0.0,0.0,0.0,0.0,0.0,0,0.0,111,unknown,
C00459,regular,Lahore,Punjab,2025-12-26,2025-01-08,2025-12-27,4.0,6,7,16.0,681039.89,9459.805095000002,671585.8,95940.82857142857,2.2857142857142856,0.013890236436811362,0.0,671585.8,0.0,0,1.1666666666666667,535,medium,Electronics
C00460,high_return,Karachi,Sindh,2025-07-19,2025-01-09,2025-10-24,68.0,4,5,8.0,228809.3,6732.662383999999,222067.83000000002,44413.566000000006,1.6,0.029424775933495708,0.0,222067.83000000002,0.0,0,1.25,243,medium,Electronics
C00461,one_time,Lahore,Punjab,2025-12-12,2025-11-26,2025-11-26,35.0,1,1,2.0,224814.25999999998,231.24439999999998,224582.86,224582.86,2.0,0.0010286020112781102,0.0,224582.86,0.0,0,1.0,423,medium,Electronics
C00462,regular,Lahore,Punjab,2025-08-06,2025-04-28,2025-10-30,62.0,3,3,13.0,317414.99,896.8169610000001,316518.83,105506.27666666667,4.333333333333333,0.0028253768386930942,0.0,316518.83,0.0,0,1.0,324,medium,Electronics
C00463,high_return,Islamabad,ICT,2025-07-29,2025-03-17,2025-09-10,112.0,4,4,12.0,233956.08,3954.644155,229994.78,57498.695,3.0,0.01690336132747651,0.0,229994.78,0.0,0,1.0,223,medium,Electronics
C00464,high_return,Islamabad,ICT,2025-04-21,2025-01-11,2025-10-01,91.0,2,2,5.0,225143.16999999998,28985.905433999997,196153.53,98076.765,2.5,0.12874432492888857,0.0,196153.53,0.0,0,1.0,223,medium,Electronics
C00465,regular,Lahore,Punjab,2025-06-20,2025-02-04,2025-05-21,224.0,2,2,4.0,12628.990000000002,417.55539200000004,12211.34,6105.67,2.0,0.033063245120947916,0.0,12211.34,0.0,0,1.0,121,medium,Fashion
C00466,regular,Islamabad,ICT,2025-12-22,2025-02-22,2025-11-27,34.0,2,3,8.0,266653.12,13808.844346,252836.17,84278.72333333334,2.6666666666666665,0.05178579701598841,5841.51,246994.66,0.023103933270307013,0,1.5,453,medium,Electronics
C00467,regular,Islamabad,ICT,2025-05-13,2025-01-09,2025-12-31,0.0,5,7,15.0,559560.64,13573.45127,545975.98,77996.56857142856,2.142857142857143,0.0242573374531847,0.0,545975.98,0.0,0,1.4,545,medium,Electronics
C00468,regular,Lahore,Punjab,2025-11-24,2025-01-02,2025-11-21,40.0,3,3,7.0,84730.79,316.019889,84414.43,28138.14333333333,2.3333333333333335,0.0037296936450138137,0.0,84414.43,0.0,0,1.0,322,medium,Electronics
C00469,high_return,Karachi,Sindh,2025-04-02,2025-01-20,2025-12-28,3.0,4,6,13.0,170080.71,2476.126334,167604.25,27934.041666666668,2.1666666666666665,0.0145585371439242,3259.28,164344.97,0.019446284924159143,0,1.5,553,medium,Electronics
C00470,one_time,Karachi,Sindh,2025-02-20,2025-02-05,2025-04-17,258.0,2,4,11.0,117162.86,5657.747715,111503.56999999999,27875.892499999998,2.75,0.048289600603809095,0.0,111503.56999999999,0.0,0,2.0,152,medium,Electronics
C00471,regular,Lahore,Punjab,2025-10-23,2025-05-01,2025-12-28,3.0,6,7,26.0,822863.7,8372.225056,814502.5499999999,116357.50714285714,3.7142857142857144,0.010174497983080307,0.0,814502.5499999999,0.0,0,1.1666666666666667,535,medium,Electronics
C00472,regular,Karachi,Sindh,2025-09-24,2025-08-26,2025-12-30,1.0,3,5,16.0,114705.89,4031.557561,110673.32,22134.664,3.2,0.0351469097271291,1927.97,108745.35,0.01742036834171054,0,1.6666666666666667,552,medium,Fashion
C00473,one_time,Islamabad,ICT,2025-10-29,2025-02-01,2025-02-01,333.0,1,1,4.0,30859.18,6219.263736000001,24639.519999999997,24639.519999999997,4.0,0.2015369084985408,0.0,24639.519999999997,0.0,0,1.0,121,medium,Attach & Addons
C00474,price_sensitive,Lahore,Punjab,2025-12-12,2025-04-13,2025-12-21,10.0,6,6,15.0,279933.65,24012.116398,255928.41999999998,42654.736666666664,2.5,0.08577788485950151,1516.68,254411.74,0.005926188267797692,0,1.0,523,medium,Electronics
C00475,regular,Karachi,Sindh,2025-07-01,2025-04-05,2025-12-15,16.0,4,4,6.0,31783.04,810.2152749999999,30972.629999999997,7743.157499999999,1.5,0.025492063534514,0.0,30972.629999999997,0.0,0,1.0,421,medium,Attach & Addons
C00476,regular,Karachi,Sindh,2025-01-01,2025-03-30,2025-09-17,105.0,3,3,5.0,40035.49,31.163502,40004.18,13334.726666666667,1.6666666666666667,0.0007783969173350945,0.0,40004.18,0.0,0,1.0,221,medium,Attach & Addons
C00477,regular,Islamabad,ICT,2025-02-24,2025-03-26,2025-09-28,94.0,2,3,7.0,86223.13,162.930531,86058.33,28686.11,2.3333333333333335,0.0018896383255861855,0.0,86058.33,0.0,0,1.5,252,medium,Electronics
C00478,price_sensitive,Lahore,Punjab,2025-05-29,2025-05-05,2025-11-18,43.0,4,6,13.0,310232.58999999997,56872.720333,253360.31999999998,42226.719999999994,2.1666666666666665,0.18332284281609487,0.0,253360.31999999998,0.0,0,1.5,353,medium,Electronics
C00479,one_time,Lahore,Punjab,2025-11-05,2025-02-03,2025-12-28,3.0,3,4,12.0,455676.42000000004,9331.156265,446360.16000000003,111590.04000000001,3.0,0.020477592992413342,9112.41,437247.75000000006,0.020414926816049173,0,1.3333333333333333,544,medium,Electronics
C00480,price_sensitive,Islamabad,ICT,2025-11-09,2025-04-14,2025-10-15,77.0,5,5,8.0,48240.96,3400.656379,44839.89,8967.978,1.6,0.07049313237132926,0.0,44839.89,0.0,0,1.0,221,medium,Fashion
C00481,loyal,Lahore,Punjab,2025-10-18,2025-01-05,2025-12-31,0.0,8,11,40.0,1136812.89,61653.52643699999,1075161.79,97741.98090909091,3.6363636363636362,0.05423366235493688,0.0,1075161.79,0.0,0,1.375,545,medium,Electronics
C00482,one_time,Lahore,Punjab,2025-01-25,2025-02-07,2025-12-04,27.0,4,4,10.0,411460.17000000004,20284.939928,391186.7,97796.675,2.5,0.049299887102073565,0.0,391186.7,0.0,0,1.0,424,medium,Electronics
C00483,regular,Islamabad,ICT,2025-10-21,2025-01-25,2025-12-14,17.0,4,5,8.0,492107.18,23107.821176999998,469004.24,93800.848,1.6,0.046956886865580784,0.0,469004.24,0.0,0,1.25,444,medium,Electronics
C00484,one_time,Islamabad,ICT,2025-07-29,2025-01-21,2025-01-21,344.0,1,1,3.0,15537.36,0.0,15537.36,15537.36,3.0,0.0,2967.59,12569.77,0.1909970548407194,1,1.0,121,medium,Fashion
C00485,one_time,Karachi,Sindh,2025-12-13,2025-05-25,2025-07-01,183.0,2,2,5.0,238206.41999999998,2153.5806709999997,236048.40999999997,118024.20499999999,2.5,0.009040817082092078,0.0,236048.40999999997,0.0,0,1.0,123,medium,Electronics
C00486,one_time,Lahore,Punjab,2025-12-30,2025-02-09,2025-12-16,15.0,2,2,4.0,273729.25,14482.356117,259248.38,129624.19,2.0,0.052907594336374354,0.0,259248.38,0.0,0,1.0,423,medium,Electronics
C00487,regular,Islamabad,ICT,2025-07-01,2025-02-06,2025-12-24,7.0,6,7,12.0,183708.2,6487.365534,177214.95,25316.42142857143,1.7142857142857142,0.03531342386458525,9545.11,167669.84000000003,0.053861765048603405,0,1.1666666666666667,533,medium,Electronics
C00488,price_sensitive,Karachi,Sindh,2025-06-29,2025-01-04,2025-12-30,1.0,5,7,16.0,932033.45,74188.84806300001,857831.89,122547.41285714286,2.2857142857142856,0.07959891145859627,0.0,857831.89,0.0,0,1.4,545,medium,Electronics
C00489,one_time,Lahore,Punjab,2025-12-10,2025-03-05,2025-12-18,13.0,4,4,17.0,218883.33,11062.376149,207819.55,51954.8875,4.25,0.050540057797000805,0.0,207819.55,0.0,0,1.0,523,medium,Electronics
C00490,price_sensitive,Karachi,Sindh,2025-10-12,2025-07-02,2025-10-08,84.0,2,2,6.0,94530.22,7257.557206,87272.05,43636.025,3.0,0.07677499540358629,0.0,87272.05,0.0,0,1.0,222,medium,Attach & Addons
C00491,high_return,Islamabad,ICT,2025-05-30,2025-03-02,2025-12-24,7.0,6,7,16.0,406413.44,9234.982987,397176.97,56739.56714285714,2.2857142857142856,0.022723123986746106,1155.01,396021.95999999996,0.0029080487723142662,0,1.1666666666666667,534,medium,Electronics
C00492,price_sensitive,Lahore,Punjab,2025-02-18,2025-03-13,2025-09-18,104.0,4,5,12.0,572289.22,42538.748626,529747.24,105949.448,2.4,0.07433085778900396,36670.1,493077.14,0.06922188023103244,0,1.25,244,medium,Electronics
C00493,price_sensitive,Karachi,Sindh,2025-03-25,2025-03-02,2025-11-30,31.0,5,6,16.0,296793.58999999997,31705.533104000002,265082.85,44180.475,2.6666666666666665,0.10682687959669211,0.0,265082.85,0.0,0,1.2,433,medium,Electronics
C00494,one_time,Islamabad,ICT,2025-05-28,2025-10-16,2025-12-27,4.0,2,3,8.0,104229.24,868.4310059999999,103361.89,34453.96333333333,2.6666666666666665,0.00833193263234002,0.0,103361.89,0.0,0,1.5,552,medium,Electronics
C00495,one_time,Islamabad,ICT,2025-03-04,2025-01-10,2025-09-27,95.0,2,2,4.0,50428.7,4363.580051,46065.21,23032.605,2.0,0.08652969541154144,0.0,46065.21,0.0,0,1.0,221,medium,Electronics
C00496,regular,Islamabad,ICT,2025-02-18,2025-05-17,2025-11-04,57.0,3,4,11.0,550350.32,282.807422,550067.62,137516.905,2.75,0.0005138680068360822,0.0,550067.62,0.0,0,1.3333333333333333,345,medium,Electronics
C00497,price_sensitive,Islamabad,ICT,2025-08-12,2025-01-28,2025-10-23,69.0,5,5,16.0,249228.5,22565.931237,226658.09,45331.618,3.2,0.09054314108137713,0.0,226658.09,0.0,0,1.0,223,medium,Electronics
C00498,loyal,Islamabad,ICT,2025-08-03,2025-02-09,2025-08-09,144.0,5,8,29.0,379720.45,7651.859259,372062.0,46507.75,3.625,0.020151296194345077,0.0,372062.0,0.0,0,1.6,154,medium,Electronics
C00499,one_time,Islamabad,ICT,2025-07-30,2025-01-06,2025-11-19,42.0,3,3,8.0,543979.82,1044.031887,542944.66,180981.55333333334,2.6666666666666665,0.0019192474584810888,0.0,542944.66,0.0,0,1.0,325,medium,Electronics
C00500,one_time,Islamabad,ICT,2025-06-07,2025-08-30,2025-08-30,123.0,1,1,2.0,7091.18,145.65875,6945.51,6945.51,2.0,0.02054083382455388,0.0,6945.51,0.0,0,1.0,221,medium,Fashion
C00501,price_sensitive,Karachi,Sindh,2025-10-13,2025-01-23,2025-09-05,117.0,5,5,11.0,248385.47999999998,15953.91217,232438.43,46487.686,2.2,0.06423045409095572,0.0,232438.43,0.0,0,1.0,223,medium,Electronics
C00502,regular,Lahore,Punjab,2025-01-19,2025-03-24,2025-10-28,64.0,3,4,18.0,208260.06,4269.972318,203988.84,50997.21,4.5,0.020503078305076836,0.0,203988.84,0.0,0,1.3333333333333333,343,medium,Electronics
C00503,loyal,Lahore,Punjab,2025-03-19,2025-02-13,2025-12-08,23.0,7,11,31.0,1825724.88,128942.07747599999,1696785.92,154253.26545454544,2.8181818181818183,0.07062514121842936,335462.33,1361323.5899999999,0.19770456959001642,1,1.5714285714285714,455,medium,Electronics
C00504,regular,Karachi,Sindh,2025-07-13,2025-02-10,2025-11-14,47.0,4,4,16.0,477598.54,9374.142749999999,468215.29999999993,117053.82499999998,4.0,0.019627662073673842,0.0,468215.29999999993,0.0,0,1.0,324,medium,Electronics
C00505,one_time,Islamabad,ICT,2025-04-23,2025-09-30,2025-10-13,79.0,2,2,6.0,288910.39,7593.557385,281320.18,140660.09,3.0,0.026283434752900372,0.0,281320.18,0.0,0,1.0,223,medium,Electronics
C00506,one_time,Lahore,Punjab,2025-06-15,,,,0,0,0.0,0.0,0.0,0.0,0.0,0.0,0.0,0.0,0.0,0.0,0,0.0,111,unknown,
C00507,regular,Islamabad,ICT,2025-05-12,2025-03-07,2025-09-29,93.0,3,4,9.0,80167.53,2600.75685,77566.89,19391.7225,2.25,0.03244152401851473,0.0,77566.89,0.0,0,1.3333333333333333,242,medium,Fashion
C00508,price_sensitive,Lahore,Punjab,2025-02-24,2025-04-29,2025-10-07,85.0,4,4,5.0,261332.75999999998,18775.975566999998,242549.17,60637.2925,1.25,0.07184700290541453,0.0,242549.17,0.0,0,1.0,223,medium,Electronics
C00509,regular,Islamabad,ICT,2025-10-15,2025-02-06,2025-04-14,261.0,2,3,9.0,225756.25,18954.827139,206798.32,68932.77333333333,3.0,0.08396147233576036,0.0,206798.32,0.0,0,1.5,153,medium,Electronics
C00510,price_sensitive,Karachi,Sindh,2025-06-11,2025-01-15,2025-10-22,70.0,3,6,20.0,884349.4600000001,142202.362125,742125.73,123687.62166666666,3.3333333333333335,0.16079883412265555,14903.38,727222.35,0.020082014943748144,0,2.0,255,medium,Electronics
C00511,one_time,Islamabad,ICT,2025-03-28,2025-02-20,2025-03-14,292.0,2,2,5.0,471059.07,766.9384080000001,470292.31000000006,235146.15500000003,2.5,0.0016281151491255653,0.0,470292.31000000006,0.0,0,1.0,124,medium,Electronics
C00512,regular,Lahore,Punjab,2025-10-15,2025-05-09,2025-08-30,123.0,2,3,5.0,44852.350000000006,400.59364200000005,44452.75,14817.583333333334,1.6666666666666667,0.008931385802527626,0.0,44452.75,0.0,0,1.5,251,medium,Fashion
C00513,regular,Islamabad,ICT,2025-12-15,2025-02-10,2025-11-22,39.0,4,6,12.0,78218.75,474.86196899999993,77743.74,12957.29,2.0,0.0060709480655213735,0.0,77743.74,0.0,0,1.5,352,medium,Fashion
C00514,one_time,Lahore,Punjab,2025-11-09,,,,0,0,0.0,0.0,0.0,0.0,0.0,0.0,0.0,0.0,0.0,0.0,0,0.0,111,unknown,
C00515,price_sensitive,Islamabad,ICT,2025-09-12,2025-04-28,2025-08-17,136.0,3,5,12.0,289781.2,21204.012424,268585.49,53717.098,2.4,0.0731724916040102,10194.32,258391.16999999998,0.03795558725082282,0,1.6666666666666667,153,medium,Electronics
C00516,loyal,Lahore,Punjab,2025-02-23,2025-05-07,2025-11-30,31.0,4,5,14.0,756759.41,27840.245962999998,728929.64,145785.928,2.8,0.036788767467060626,0.0,728929.64,0.0,0,1.25,445,medium,Electronics
C00517,price_sensitive,Lahore,Punjab,2025-08-17,2025-01-12,2025-04-10,265.0,3,3,7.0,91030.12,6163.112457,84868.3,28289.433333333334,2.3333333333333335,0.06770410120298645,5830.27,79038.03,0.06869785302639501,0,1.0,122,medium,Electronics
C00518,price_sensitive,Lahore,Punjab,2025-04-07,2025-02-15,2025-02-23,311.0,1,2,6.0,39990.09,3433.79743,36555.85,18277.925,3.0,0.08586620910330535,0.0,36555.85,0.0,0,2.0,151,medium,Fashion
C00519,one_time,Islamabad,ICT,2025-09-21,2025-03-16,2025-12-21,10.0,3,3,6.0,68800.74,2503.307156,66297.52,22099.173333333336,2.0,0.03638488708115639,23464.6,42832.920000000006,0.35392877440966114,1,1.0,521,medium,Electronics
C00520,loyal,Lahore,Punjab,2025-04-06,2025-01-19,2025-08-23,130.0,5,7,32.0,331100.93,19032.165712,312068.66,44581.23714285714,4.571428571428571,0.057481462561884085,2077.45,309991.20999999996,0.006657028616715309,0,1.4,244,medium,Attach & Addons
C00521,regular,Islamabad,ICT,2025-10-15,2025-07-28,2025-11-19,42.0,3,4,12.0,114761.45999999999,3584.076341,111176.05,27794.0125,3.0,0.031230661765718214,4253.94,106922.11,0.03826309713288068,0,1.3333333333333333,342,medium,Fashion
C00522,regular,Karachi,Sindh,2025-06-14,2025-01-10,2025-10-18,74.0,7,7,21.0,384609.84,13116.341484,371494.34,53070.62,3.0,0.03410297948695228,2235.73,369258.61000000004,0.006018207437561498,0,1.0,224,medium,Electronics
C00523,price_sensitive,Karachi,Sindh,2025-08-11,2025-01-22,2025-10-17,75.0,2,2,6.0,66473.67,5793.4024389999995,60682.96,30341.48,3.0,0.08715334114996208,0.0,60682.96,0.0,0,1.0,222,medium,Attach & Addons
C00524,price_sensitive,Lahore,Punjab,2025-01-07,2025-01-27,2025-09-13,109.0,6,7,17.0,286732.61,26208.493016,260524.2,37217.74285714286,2.4285714285714284,0.09140394954030517,2099.77,258424.43000000002,0.008059788687576817,0,1.1666666666666667,233,medium,Electronics
C00525,high_return,Islamabad,ICT,2025-06-10,2025-07-02,2025-12-17,14.0,5,6,18.0,338567.75,1192.950589,337374.72,56229.119999999995,3.0,0.0035235210353023877,0.0,337374.72,0.0,0,1.2,534,medium,Electronics
C00526,price_sensitive,Lahore,Punjab,2025-05-27,2025-06-18,2025-11-05,56.0,3,3,8.0,47176.09,5195.70988,41979.369999999995,13993.123333333331,2.6666666666666665,0.11013438968765747,0.0,41979.369999999995,0.0,0,1.0,321,medium,Fashion
C00527,loyal,Islamabad,ICT,2025-02-05,2025-03-26,2025-11-15,46.0,7,15,53.0,1249052.7,89345.884536,1159720.07,77314.67133333333,3.533333333333333,0.07153091661865028,9506.63,1150213.4400000002,0.008197348865403355,0,2.142857142857143,355,medium,Electronics
C00528,high_return,Islamabad,ICT,2025-03-23,2025-08-14,2025-10-20,72.0,2,2,4.0,31212.96,3864.3655859999994,27349.28,13674.64,2.0,0.12380644405400833,0.0,27349.28,0.0,0,1.0,221,medium,Fashion
C00529,regular,Karachi,Sindh,2025-10-30,2025-01-11,2025-11-07,54.0,6,6,13.0,281569.31,10105.732329999999,271465.03,45244.17166666667,2.1666666666666665,0.03589074508866041,4915.92,266549.11000000004,0.01810885181048918,0,1.0,323,medium,Electronics
C00530,high_return,Islamabad,ICT,2025-01-11,2025-02-03,2025-12-16,15.0,3,3,7.0,311476.67,18768.616067,292705.36,97568.45333333332,2.3333333333333335,0.06025689200735323,6204.1900000000005,286501.17,0.021196024562037404,0,1.0,423,medium,Electronics
C00531,price_sensitive,Islamabad,ICT,2025-07-14,2025-05-30,2025-06-21,193.0,2,3,8.0,460008.49,39478.266631,420547.06,140182.35333333333,2.6666666666666665,0.08582073481078577,0.0,420547.06,0.0,0,1.5,154,medium,Electronics
C00532,high_return,Lahore,Punjab,2025-01-20,2025-01-21,2025-12-27,4.0,5,7,15.0,559708.36,6801.443407000001,552905.16,78986.45142857144,2.142857142857143,0.012151763119993421,10302.02,542603.14,0.018632526417369663,0,1.4,545,medium,Electronics
C00533,high_return,Lahore,Punjab,2025-09-13,2025-06-24,2025-12-26,5.0,3,5,21.0,910137.68,24352.104978,885790.0499999999,177158.00999999998,4.2,0.026756506749616167,0.0,885790.0499999999,0.0,0,1.6666666666666667,555,medium,Electronics
C00534,one_time,Islamabad,ICT,2025-08-14,2025-04-03,2025-11-18,43.0,2,2,6.0,100666.3,6549.036801,94114.55,47057.275,3.0,0.06505689392577257,0.0,94114.55,0.0,0,1.0,322,medium,Electronics
C00535,regular,Karachi,Sindh,2025-12-21,2025-03-09,2025-11-12,49.0,7,10,18.0,466837.19,36042.201773,430796.95999999996,43079.695999999996,1.8,0.07720507822652262,1174.06,429622.89999999997,0.0027253209957656156,0,1.4285714285714286,354,medium,Electronics
C00536,regular,Lahore,Punjab,2025-12-08,2025-04-23,2025-09-30,92.0,2,2,3.0,7713.08,413.793418,7299.22,3649.61,1.5,0.053648272544819964,0.0,7299.22,0.0,0,1.0,221,medium,Fashion
C00537,regular,Lahore,Punjab,2025-03-22,2025-04-27,2025-08-24,129.0,4,4,11.0,337749.77,4155.619936,333584.32,83396.08,2.75,0.012303842386036266,0.0,333584.32,0.0,0,1.0,224,medium,Electronics
C00538,regular,Karachi,Sindh,2025-04-30,2025-05-14,2025-09-30,92.0,4,4,9.0,105005.29999999999,510.587012,104494.35,26123.5875,2.25,0.004862488007748181,2541.51,101952.84000000001,0.024321984872866333,0,1.0,222,medium,Electronics
C00539,regular,Lahore,Punjab,2025-08-03,2025-01-24,2025-11-11,50.0,5,5,20.0,667959.46,22452.031595,645514.07,129102.81399999998,4.0,0.03361286565954168,0.0,645514.07,0.0,0,1.0,325,medium,Electronics
C00540,regular,Islamabad,ICT,2025-07-28,2025-05-20,2025-12-23,8.0,5,7,16.0,330982.25,2749.3071929999996,328234.01,46890.572857142855,2.2857142857142856,0.008306509466897392,217782.22,110451.79000000001,0.6634968143611931,1,1.4,542,medium,Electronics
C00541,one_time,Islamabad,ICT,2025-07-28,2025-03-19,2025-03-19,287.0,1,1,4.0,308992.9,26.850963,308965.83,308965.83,4.0,8.689831708107209e-05,0.0,308965.83,0.0,0,1.0,124,medium,Electronics
C00542,price_sensitive,Islamabad,ICT,2025-02-09,2025-02-25,2025-06-09,205.0,4,4,9.0,409521.62,48096.474483,361428.14999999997,90357.03749999999,2.25,0.11744550747528298,0.0,361428.14999999997,0.0,0,1.0,124,medium,Electronics
C00543,regular,Lahore,Punjab,2025-10-08,2025-01-19,2025-12-28,3.0,6,9,29.0,856295.67,5845.714893,850454.98,94494.99777777778,3.2222222222222223,0.0068267481639840595,38570.27,811884.71,0.04535251236932024,0,1.5,555,medium,Electronics
C00544,price_sensitive,Lahore,Punjab,2025-09-03,2025-01-26,2025-12-23,8.0,6,7,24.0,466514.13,27335.552582,439184.25999999995,62740.608571428565,3.4285714285714284,0.05859533682720393,0.0,439184.25999999995,0.0,0,1.1666666666666667,534,medium,Electronics
C00545,high_return,Lahore,Punjab,2025-01-04,2025-03-02,2025-05-24,221.0,2,3,7.0,184335.01,22388.806136,161939.78,53979.926666666666,2.3333333333333335,0.12145715638065714,0.0,161939.78,0.0,0,1.5,153,medium,Electronics
C00546,loyal,Lahore,Punjab,2025-01-29,2025-02-24,2025-11-03,58.0,8,11,40.0,970366.75,40495.419769,929873.6699999999,84533.96999999999,3.6363636363636362,0.041732076834866814,2808.87,927064.7999999999,0.0030207006506593526,0,1.375,345,medium,Electronics
C00547,price_sensitive,Islamabad,ICT,2025-08-03,2025-01-18,2025-04-29,246.0,3,3,8.0,626062.27,42064.73409700001,583996.6,194665.53333333333,2.6666666666666665,0.06718937733941387,0.0,583996.6,0.0,0,1.0,125,medium,Electronics
C00548,regular,Karachi,Sindh,2025-11-22,2025-04-05,2025-11-08,53.0,3,4,16.0,347104.79,4918.951263,342182.48,85545.62,4.0,0.014171372463629789,30254.38,311928.1,0.0884159235738779,0,1.3333333333333333,344,medium,Electronics
C00549,regular,Islamabad,ICT,2025-12-07,2025-03-02,2025-12-22,9.0,5,5,18.0,510616.45,11536.329758,499072.02,99814.40400000001,3.6,0.02259294575801465,0.0,499072.02,0.0,0,1.0,524,medium,Electronics
C00550,regular,Lahore,Punjab,2025-02-10,2025-08-08,2025-08-08,145.0,1,1,4.0,24798.17,3855.9771339999993,20942.09,20942.09,4.0,0.15549442293524077,0.0,20942.09,0.0,0,1.0,121,medium,Fashion
C00551,price_sensitive,Islamabad,ICT,2025-01-17,2025-01-18,2025-12-02,29.0,5,6,12.0,331214.78,19438.263758,311773.05,51962.174999999996,2.0,0.058687790919233734,12883.849999999999,298889.2,0.04132445058994034,0,1.2,434,medium,Electronics
C00552,one_time,Karachi,Sindh,2025-03-17,2025-03-08,2025-03-08,298.0,1,1,1.0,2720.29,77.256236,2643.02,2643.02,1.0,0.0284,2446.13,196.88999999999987,0.9255056715424023,1,1.0,121,medium,Fashion
C00553,price_sensitive,Islamabad,ICT,2025-12-28,2025-02-11,2025-10-07,85.0,5,5,10.0,306478.83999999997,50076.609861000004,256397.03,51279.406,2.0,0.16339336791081566,0.0,256397.03,0.0,0,1.0,223,medium,Electronics
C00554,price_sensitive,Karachi,Sindh,2025-01-27,2025-01-31,2025-12-24,7.0,4,4,6.0,74331.28,5336.076898,68992.89,17248.2225,1.5,0.07178777088192212,0.0,68992.89,0.0,0,1.0,522,medium,Electronics
C00555,regular,Lahore,Punjab,2025-05-14,2025-02-14,2025-12-20,11.0,4,4,9.0,93911.33,1336.4902120000002,92573.31999999999,23143.329999999998,2.25,0.014231405433188947,0.0,92573.31999999999,0.0,0,1.0,522,medium,Attach & Addons
C00556,regular,Islamabad,ICT,2025-04-08,2025-07-11,2025-10-26,66.0,3,4,16.0,235498.0,4659.229809,230833.62,57708.405,4.0,0.019784583346780016,0.0,230833.62,0.0,0,1.3333333333333333,343,medium,Electronics
C00557,high_return,Islamabad,ICT,2025-11-05,2025-03-15,2025-09-01,121.0,4,4,12.0,398737.18,5517.257803,393222.01,98305.5025,3.0,0.013836828065544328,0.0,393222.01,0.0,0,1.0,224,medium,Electronics
C00558,price_sensitive,Islamabad,ICT,2025-06-22,2025-03-02,2025-11-09,52.0,3,3,7.0,98096.86,9055.038235,89042.45,29680.816666666666,2.3333333333333335,0.09230711599739277,0.0,89042.45,0.0,0,1.0,322,medium,Attach & Addons
C00559,regular,Islamabad,ICT,2025-07-09,2025-08-04,2025-11-13,48.0,2,3,7.0,58969.7,1598.324505,57371.14,19123.713333333333,2.3333333333333335,0.02710416544428749,0.0,57371.14,0.0,0,1.5,352,medium,Fashion
C00560,one_time,Lahore,Punjab,2025-03-05,2025-03-21,2025-08-31,122.0,3,4,7.0,249751.27,6056.257353,243706.15000000002,60926.537500000006,1.75,0.024249155381672334,0.0,243706.15000000002,0.0,0,1.3333333333333333,243,medium,Electronics
C00561,one_time,Karachi,Sindh,2025-11-06,2025-03-16,2025-05-22,223.0,2,2,6.0,142364.76,8769.666054,133598.96,66799.48,3.0,0.06159997778944733,0.0,133598.96,0.0,0,1.0,122,medium,Electronics
C00562,regular,Karachi,Sindh,2025-11-03,2025-01-18,2025-12-26,5.0,5,7,20.0,714136.2000000001,4591.095404,709538.39,101362.62714285715,2.857142857142857,0.006428879258606411,0.0,709538.39,0.0,0,1.4,545,medium,Electronics
C00563,loyal,Islamabad,ICT,2025-10-09,2025-01-29,2025-12-21,10.0,7,12,39.0,816725.1,39155.100523,777561.73,64796.81083333333,3.25,0.047941590778831214,0.0,777561.73,0.0,0,1.7142857142857142,555,medium,Electronics
C00564,loyal,Lahore,Punjab,2025-09-24,2025-01-14,2025-09-26,96.0,4,5,12.0,376123.57,7098.640805999999,369025.35,73805.06999999999,2.4,0.018873161301749847,0.0,369025.35,0.0,0,1.25,244,medium,Electronics
C00565,price_sensitive,Karachi,Sindh,2025-06-13,2025-02-28,2025-12-12,19.0,4,6,17.0,439628.26,11547.270926,428082.23,71347.03833333333,2.8333333333333335,0.02626598873784865,9975.99,418106.24,0.023303910559426867,0,1.5,454,medium,Electronics
C00566,regular,Karachi,Sindh,2025-10-22,2025-02-20,2025-10-21,71.0,2,2,4.0,199152.49,20632.183097999998,178515.84,89257.92,2.0,0.1035999253536825,12111.77,166404.07,0.06784703250983218,0,1.0,223,medium,Electronics
C00567,high_return,Karachi,Sindh,2025-11-06,2025-07-17,2025-07-17,167.0,1,1,5.0,434977.11000000004,151.58026199999998,434823.66000000003,434823.66000000003,5.0,0.0003484787096038225,0.0,434823.66000000003,0.0,0,1.0,124,medium,Electronics
C00568,one_time,Karachi,Sindh,2025-04-21,,,,0,0,0.0,0.0,0.0,0.0,0.0,0.0,0.0,0.0,0.0,0.0,0,0.0,111,unknown,
C00569,regular,Karachi,Sindh,2025-03-10,2025-03-13,2025-08-26,127.0,4,6,17.0,134004.17,2905.409476,131100.27,21850.045,2.8333333333333335,0.02168148555377045,11054.66,120045.60999999999,0.08432217569040858,0,1.5,252,medium,Fashion
C00570,one_time,Karachi,Sindh,2025-09-07,2025-02-17,2025-12-04,27.0,4,4,10.0,372843.61,13702.270994999999,359150.04,89787.51,2.5,0.03675071967841959,0.0,359150.04,0.0,0,1.0,424,medium,Electronics
C00571,loyal,Lahore,Punjab,2025-05-28,2025-05-20,2025-09-30,92.0,4,4,13.0,180727.49000000002,8268.767108,172457.0,43114.25,3.25,0.04575268050256217,0.0,172457.0,0.0,0,1.0,223,medium,Electronics
C00572,price_sensitive,Islamabad,ICT,2025-09-01,2025-04-04,2025-10-02,90.0,3,3,7.0,67767.67,4490.2110490000005,63277.58,21092.52666666667,2.3333333333333335,0.06625889674235518,0.0,63277.58,0.0,0,1.0,222,medium,Electronics
C00573,loyal,Karachi,Sindh,2025-12-31,2025-01-18,2025-11-17,44.0,8,11,38.0,1061325.48,24396.932359,1036945.18,94267.74363636364,3.4545454545454546,0.02298722947742666,0.0,1036945.18,0.0,0,1.375,345,medium,Electronics
C00574,price_sensitive,Lahore,Punjab,2025-07-20,2025-03-10,2025-12-02,29.0,5,5,10.0,182119.59,5447.927398,176672.74,35334.547999999995,2.0,0.029914010887022092,6562.52,170110.22,0.037145062673505834,0,1.0,423,medium,Electronics
C00575,regular,Lahore,Punjab,2025-03-14,2025-03-01,2025-09-16,106.0,5,6,13.0,606652.24,1845.302827,604797.6,100799.59999999999,2.1666666666666665,0.003041780290797245,212450.1,392347.5,0.35127470743931527,1,1.2,234,medium,Electronics
C00576,loyal,Islamabad,ICT,2025-01-17,2025-02-01,2025-11-05,56.0,4,4,18.0,594804.34,33529.621969,561280.4,140320.1,4.5,0.05637084283715886,177543.83,383736.57000000007,0.316319312058643,1,1.0,324,medium,Electronics
C00577,one_time,Islamabad,ICT,2025-03-02,2025-07-30,2025-10-22,70.0,2,2,4.0,19897.059999999998,1621.64536,18275.339999999997,9137.669999999998,2.0,0.08150175754608974,0.0,18275.339999999997,0.0,0,1.0,221,medium,Fashion
C00578,regular,Karachi,Sindh,2025-02-11,2025-08-04,2025-11-21,40.0,3,5,13.0,272330.16,1869.08817,270456.74,54091.348,2.6,0.00686331682836745,0.0,270456.74,0.0,0,1.6666666666666667,353,medium,Electronics
C00579,one_time,Islamabad,ICT,2025-10-18,2025-03-31,2025-12-06,25.0,3,3,6.0,451232.23,5709.059348,445513.97,148504.65666666665,2.0,0.012652153300308357,21797.25,423716.72,0.048926075202535176,0,1.0,424,medium,Electronics
C00580,regular,Islamabad,ICT,2025-08-17,2025-01-04,2025-04-05,270.0,3,4,13.0,453693.0,6384.433711,447298.38,111824.595,3.25,0.014072145065055004,1181.25,446117.13,0.0026408546348860016,0,1.3333333333333333,144,medium,Electronics
C00581,loyal,Lahore,Punjab,2025-04-12,2025-03-02,2025-12-20,11.0,8,12,35.0,864276.63,18078.571734,846205.31,70517.10916666668,2.9166666666666665,0.020917575584567177,11517.13,834688.18,0.01361032584397278,0,1.5,555,medium,Electronics
C00582,high_return,Lahore,Punjab,2025-10-02,2025-06-10,2025-08-20,133.0,3,5,10.0,140848.75999999998,4923.04293,135930.81,27186.162,2.0,0.03495268918235418,0.0,135930.81,0.0,0,1.6666666666666667,152,medium,Electronics
C00583,price_sensitive,Lahore,Punjab,2025-11-01,2025-03-06,2025-07-06,178.0,3,3,7.0,268233.89,28876.023190000004,239354.91,79784.97,2.3333333333333335,0.10765240436247635,0.0,239354.91,0.0,0,1.0,123,medium,Electronics
C00584,loyal,Karachi,Sindh,2025-11-26,2025-01-25,2025-12-28,3.0,8,11,28.0,670963.58,38879.168466,632097.46,57463.40545454545,2.5454545454545454,0.05794527396852152,14376.76,617720.7,0.022744530566536372,0,1.375,545,medium,Electronics
C00585,regular,Karachi,Sindh,2025-10-30,2025-02-09,2025-10-23,69.0,4,5,13.0,490428.41000000003,8798.034701,481620.27,96324.054,2.6,0.017939488254768928,0.0,481620.27,0.0,0,1.25,244,medium,Electronics
C00586,loyal,Islamabad,ICT,2025-03-21,2025-01-04,2025-12-18,13.0,11,13,45.0,1288218.57,76312.803086,1211877.63,93221.35615384615,3.4615384615384617,0.059239018023160464,126009.26,1085868.3699999999,0.10397853453240159,1,1.1818181818181819,535,medium,Electronics
C00587,regular,Islamabad,ICT,2025-09-21,2025-01-01,2025-12-20,11.0,4,4,11.0,644216.59,2592.9655909999997,641623.85,160405.9625,2.75,0.0040249904011320165,2570.05,639053.7999999999,0.00400554000603313,0,1.0,525,medium,Electronics
C00588,high_return,Karachi,Sindh,2025-03-22,2025-10-01,2025-11-15,46.0,2,4,11.0,85130.58,1729.951623,83400.29000000001,20850.072500000002,2.75,0.020321153961361475,4132.36,79267.93000000001,0.04954850876417815,0,2.0,352,medium,Attach & Addons
C00589,high_return,Karachi,Sindh,2025-07-17,2025-02-14,2025-11-17,44.0,5,7,21.0,152930.99,3987.904881,148944.0,21277.714285714286,3.0,0.026076499478621045,24415.33,124528.67,0.1639228837683962,1,1.4,342,medium,Electronics
C00590,regular,Lahore,Punjab,2025-03-30,2025-02-24,2025-12-22,9.0,4,4,11.0,349772.61,6173.715458,343596.95,85899.2375,2.75,0.017650654400869183,0.0,343596.95,0.0,0,1.0,524,medium,Electronics
C00591,high_return,Karachi,Sindh,2025-02-28,2025-07-15,2025-12-24,7.0,3,5,11.0,88978.31,4777.707512000001,84199.39,16839.878,2.2,0.053695192817215805,2900.63,81298.76,0.03444953698595679,0,1.6666666666666667,552,medium,Attach & Addons
C00592,regular,Karachi,Sindh,2025-12-31,2025-03-29,2025-12-19,12.0,4,4,7.0,51472.630000000005,936.270107,50536.15,12634.0375,1.75,0.01818966909209807,11706.869999999999,38829.28,0.23165338079770617,1,1.0,521,medium,Electronics
C00593,regular,Islamabad,ICT,2025-10-15,2025-02-14,2025-11-05,56.0,4,4,12.0,547905.74,10610.336032000001,537295.22,134323.805,3.0,0.019365258031427086,2258.7,535036.52,0.004203834160296457,0,1.0,325,medium,Electronics
C00594,regular,Islamabad,ICT,2025-07-18,2025-01-27,2025-11-10,51.0,4,5,8.0,675035.12,8350.475112,666689.5900000001,133337.918,1.6,0.012370430611076948,0.0,666689.5900000001,0.0,0,1.25,345,medium,Electronics
C00595,regular,Lahore,Punjab,2025-10-09,2025-01-16,2025-11-20,41.0,6,6,15.0,545609.94,20454.64852,525162.81,87527.13500000001,2.5,0.037489508567237616,2092.85,523069.9600000001,0.0039851451019541915,0,1.0,325,medium,Electronics
C00596,high_return,Karachi,Sindh,2025-09-07,2025-03-09,2025-03-09,297.0,1,1,3.0,217859.7,1418.811908,216436.90000000002,216436.90000000002,3.0,0.006512502807999827,0.0,216436.90000000002,0.0,0,1.0,123,medium,Electronics
C00597,price_sensitive,Islamabad,ICT,2025-12-01,2025-04-02,2025-12-14,17.0,6,7,13.0,49639.38,4443.20782,45195.86,6456.551428571429,1.8571428571428572,0.08950973642297708,4047.34,41148.520000000004,0.08955112260282247,0,1.1666666666666667,431,medium,Fashion
C00598,regular,Karachi,Sindh,2025-05-17,2025-02-11,2025-12-10,21.0,6,7,23.0,673112.1399999999,80194.37750799999,592930.13,84704.30428571429,3.2857142857142856,0.11913969863624804,0.0,592930.13,0.0,0,1.1666666666666667,435,medium,Electronics
C00599,price_sensitive,Karachi,Sindh,2025-11-24,2025-01-02,2025-06-05,209.0,2,2,3.0,12396.56,1119.152683,11277.66,5638.83,1.5,0.09027929385248812,0.0,11277.66,0.0,0,1.0,121,medium,Fashion
C00600,regular,Lahore,Punjab,2025-08-03,2025-03-21,2025-12-12,19.0,3,3,8.0,84933.56999999999,2437.165399,82498.56,27499.52,2.6666666666666665,0.02869496006113955,0.0,82498.56,0.0,0,1.0,422,medium,Electronics
C00601,regular,Karachi,Sindh,2025-08-11,2025-01-08,2025-12-11,20.0,6,6,15.0,751561.9700000001,7526.009605000001,744035.34,124005.89,2.5,0.010013824415570149,0.0,744035.34,0.0,0,1.0,425,medium,Electronics
C00602,regular,Lahore,Punjab,2025-04-13,2025-03-10,2025-12-27,4.0,4,4,6.0,154011.72,1854.627047,152162.21,38040.5525,1.5,0.012042116320757926,0.0,152162.21,0.0,0,1.0,523,medium,Electronics
C00603,loyal,Islamabad,ICT,2025-06-08,2025-01-19,2025-12-23,8.0,7,10,29.0,252121.52000000002,6481.575202,245638.79,24563.879,2.9,0.025708139479723904,4422.5,241216.29,0.018004078264674726,0,1.4285714285714286,553,medium,Electronics
C00604,one_time,Islamabad,ICT,2025-04-18,2025-07-28,2025-09-14,108.0,2,2,2.0,11282.52,369.315667,10912.98,5456.49,1.0,0.032733437831264645,0.0,10912.98,0.0,0,1.0,221,medium,Fashion
C00605,loyal,Islamabad,ICT,2025-04-08,2025-02-09,2025-09-23,99.0,5,7,19.0,562730.3,16809.965473,545921.41,77988.77285714286,2.7142857142857144,0.029872152739953757,0.0,545921.41,0.0,0,1.4,245,medium,Electronics
C00606,regular,Islamabad,ICT,2025-06-20,2025-02-24,2025-10-06,86.0,5,5,11.0,576127.65,3628.6353630000003,572499.19,114499.83799999999,2.2,0.0062983183726731395,36965.83,535533.36,0.06456922672676621,0,1.0,225,medium,Electronics
C00607,price_sensitive,Lahore,Punjab,2025-07-02,2025-02-05,2025-10-05,87.0,5,7,16.0,375530.01,19784.215474999997,355738.91,50819.84428571428,2.2857142857142856,0.052683447256319134,0.0,355738.91,0.0,0,1.4,244,medium,Electronics
C00608,one_time,Lahore,Punjab,2025-02-08,2025-01-07,2025-05-22,223.0,2,2,6.0,160475.84,3662.9779230000004,156810.88999999998,78405.44499999999,3.0,0.022825728302777543,93414.5,63396.389999999985,0.5957143665213558,1,1.0,122,medium,Electronics
C00609,price_sensitive,Islamabad,ICT,2025-01-04,2025-04-06,2025-12-11,20.0,3,4,10.0,324525.19,23609.137518,300915.03,75228.7575,2.5,0.07274978413231958,0.0,300915.03,0.0,0,1.3333333333333333,444,medium,Electronics
C00610,regular,Islamabad,ICT,2025-07-29,2025-03-14,2025-10-08,84.0,6,8,20.0,233708.43,8578.744580999999,225125.5,28140.6875,2.5,0.03670703954067895,8085.030000000001,217040.47,0.035913434950727484,0,1.3333333333333333,243,medium,Electronics
C00611,one_time,Islamabad,ICT,2025-04-18,2025-05-04,2025-05-15,230.0,1,2,6.0,94733.71,525.7460530000001,94209.38,47104.69,3.0,0.0055497251506353975,0.0,94209.38,0.0,0,2.0,152,medium,Electronics
C00612,price_sensitive,Lahore,Punjab,2025-11-07,2025-01-16,2025-11-19,42.0,6,8,30.0,550197.69,45492.974543000004,504708.56999999995,63088.57124999999,3.75,0.08268477925270826,1950.52,502758.04999999993,0.0038646460867506178,0,1.3333333333333333,344,medium,Electronics
C00613,one_time,Islamabad,ICT,2025-02-03,2025-08-31,2025-08-31,122.0,1,1,1.0,2484.2,144.58043999999998,2339.69,2339.69,1.0,0.058199999999999995,0.0,2339.69,0.0,0,1.0,221,medium,Fashion
C00614,loyal,Lahore,Punjab,2025-09-04,2025-02-03,2025-12-19,12.0,7,10,24.0,377082.07,19380.156668,357702.5,35770.25,2.4,0.05139506279892862,0.0,357702.5,0.0,0,1.4285714285714286,554,medium,Electronics
C00615,price_sensitive,Karachi,Sindh,2025-10-01,2025-01-03,2025-10-10,82.0,4,4,12.0,511115.95,38762.357367000004,472343.49,118085.8725,3.0,0.07583867685404849,0.0,472343.49,0.0,0,1.0,224,medium,Electronics
C00616,regular,Islamabad,ICT,2025-08-15,2025-01-26,2025-11-17,44.0,4,4,14.0,184600.31,2104.8366300000002,182495.94,45623.985,3.5,0.011402129443877966,0.0,182495.94,0.0,0,1.0,323,medium,Electronics
C00617,loyal,Lahore,Punjab,2025-10-29,2025-01-25,2025-11-30,31.0,4,6,21.0,401951.33,4840.314166,397110.58,66185.09666666666,3.5,0.01204204042812845,6917.13,390193.45,0.017418649485490916,0,1.5,454,medium,Electronics
C00618,one_time,Lahore,Punjab,2025-11-14,2025-05-29,2025-10-15,77.0,2,2,5.0,33184.03,262.309248,32921.09,16460.545,2.5,0.007904683307000386,17401.53,15519.559999999998,0.5285830450935859,1,1.0,221,medium,Fashion
C00619,one_time,Lahore,Punjab,2025-07-04,2025-03-23,2025-03-23,283.0,1,1,6.0,37904.91,129.13846,37776.36,37776.36,6.0,0.0034069058599532354,0.0,37776.36,0.0,0,1.0,121,medium,Attach & Addons
C00620,high_return,Karachi,Sindh,2025-08-24,2025-01-20,2025-11-02,59.0,6,6,11.0,711035.4099999999,4410.235253999999,706632.19,117772.03166666666,1.8333333333333333,0.006202553616844483,7888.29,698743.8999999999,0.01116321915648932,0,1.0,325,medium,Electronics
C00621,regular,Islamabad,ICT,2025-09-23,2025-02-23,2025-12-22,9.0,4,5,11.0,493528.21,2316.5411929999996,491213.38,98242.676,2.2,0.004693837446495712,5432.8,485780.58,0.011059959319512022,0,1.25,544,medium,Electronics
C00622,loyal,Lahore,Punjab,2025-12-25,2025-01-16,2025-11-18,43.0,7,8,31.0,621560.64,34415.972876,587158.8300000001,73394.85375000001,3.875,0.05537025780139489,0.0,587158.8300000001,0.0,0,1.1428571428571428,335,medium,Electronics
C00623,one_time,Islamabad,ICT,2025-03-06,2025-12-13,2025-12-13,18.0,1,1,3.0,56381.49,926.0069289999999,55456.38,55456.38,3.0,0.01642395277244358,1515.91,53940.469999999994,0.027335177665761812,0,1.0,422,medium,Electronics
C00624,price_sensitive,Lahore,Punjab,2025-01-03,2025-06-25,2025-12-20,11.0,4,5,8.0,125547.94,12701.057122999999,112850.56,22570.112,1.6,0.10116499819112922,5720.83,107129.73,0.05069385566185937,0,1.25,542,medium,Electronics
C00625,one_time,Islamabad,ICT,2025-06-07,2025-02-28,2025-02-28,306.0,1,1,3.0,23149.82,323.140348,22827.449999999997,22827.449999999997,3.0,0.01395865488370968,0.0,22827.449999999997,0.0,0,1.0,121,medium,Electronics
C00626,regular,Karachi,Sindh,2025-05-26,,,,0,0,0.0,0.0,0.0,0.0,0.0,0.0,0.0,0.0,0.0,0.0,0,0.0,111,unknown,
C00627,price_sensitive,Lahore,Punjab,2025-06-02,2025-04-13,2025-12-30,1.0,6,6,10.0,503807.44,33585.278783,470218.25,78369.70833333333,1.6666666666666667,0.06666292737360131,0.0,470218.25,0.0,0,1.0,524,medium,Electronics
C00628,price_sensitive,Lahore,Punjab,2025-03-14,2025-05-20,2025-08-04,149.0,2,2,4.0,290724.29,22525.576359,268204.65,134102.325,2.0,0.07748088871074378,0.0,268204.65,0.0,0,1.0,123,medium,Electronics
C00629,loyal,Karachi,Sindh,2025-12-10,2025-02-19,2025-11-06,55.0,6,8,21.0,688126.76,16815.594139,671326.88,83915.86,2.625,0.024436768218402086,3509.37,667817.51,0.005227513011247218,0,1.3333333333333333,345,medium,Electronics
C00630,loyal,Islamabad,ICT,2025-07-06,2025-01-01,2025-12-04,27.0,8,11,38.0,1170655.31,42311.555078000005,1128335.91,102575.9918181818,3.4545454545454546,0.0361434785428001,236680.97999999998,891654.9299999999,0.20976109853669375,1,1.375,445,medium,Electronics
C00631,regular,Lahore,Punjab,2025-03-02,2025-10-11,2025-11-21,40.0,2,2,6.0,397783.55,3868.6761570000003,393918.85000000003,196959.42500000002,3.0,0.00972558105281126,0.0,393918.85000000003,0.0,0,1.0,324,medium,Electronics
C00632,price_sensitive,Karachi,Sindh,2025-07-17,2025-03-09,2025-09-09,113.0,6,7,18.0,310502.2,25341.147029,285162.49,40737.49857142857,2.5714285714285716,0.0816134218340482,0.0,285162.49,0.0,0,1.1666666666666667,233,medium,Electronics
C00633,regular,Lahore,Punjab,2025-11-15,2025-03-11,2025-06-08,206.0,3,3,7.0,261931.77,17185.453349,244749.45,81583.15000000001,2.3333333333333335,0.0656104196485978,7609.67,237139.78,0.031091673546150972,0,1.0,123,medium,Electronics
C00634,regular,Lahore,Punjab,2025-01-11,2025-02-14,2025-10-11,81.0,4,4,14.0,261757.08000000002,4650.284554,257112.08000000002,64278.020000000004,3.5,0.01776564956332795,0.0,257112.08000000002,0.0,0,1.0,223,medium,Electronics
C00635,regular,Lahore,Punjab,2025-08-14,2025-01-05,2025-02-20,314.0,2,2,5.0,220285.86,3086.624061,217189.80000000002,108594.90000000001,2.5,0.014011902811192694,0.0,217189.80000000002,0.0,0,1.0,123,medium,Electronics
C00636,price_sensitive,Islamabad,ICT,2025-02-21,2025-02-04,2025-10-06,86.0,4,4,7.0,35905.39,3236.677804,32669.36,8167.34,1.75,0.09014462185203949,3686.46,28982.9,0.11284151265895628,1,1.0,221,medium,Fashion
C00637,loyal,Karachi,Sindh,2025-03-13,2025-01-29,2025-12-31,0.0,10,12,38.0,855447.88,71193.440106,784248.28,65354.02333333334,3.1666666666666665,0.08322358587877966,105232.14,679016.14,0.1341821750632338,1,1.2,535,medium,Electronics
C00638,regular,Karachi,Sindh,2025-03-04,,,,0,0,0.0,0.0,0.0,0.0,0.0,0.0,0.0,0.0,0.0,0.0,0,0.0,111,unknown,
C00639,price_sensitive,Karachi,Sindh,2025-08-31,2025-01-02,2025-08-06,147.0,4,6,17.0,437916.18999999994,33256.600923000005,404661.63,67443.605,2.8333333333333335,0.0759428440473964,0.0,404661.63,0.0,0,1.5,154,medium,Electronics
C00640,one_time,Karachi,Sindh,2025-11-26,2025-01-02,2025-12-18,13.0,5,6,16.0,421108.39,3209.521214,417898.06,69649.67666666667,2.6666666666666665,0.007621603582868533,2879.98,415018.08,0.006891584995632667,0,1.2,534,medium,Electronics
C00641,loyal,Lahore,Punjab,2025-11-09,2025-01-30,2025-09-17,105.0,7,10,37.0,985748.45,52753.524664,932993.65,93299.365,3.7,0.05351621365876862,0.0,932993.65,0.0,0,1.4285714285714286,255,medium,Electronics
C00642,price_sensitive,Islamabad,ICT,2025-08-29,2025-02-12,2025-11-21,40.0,7,8,22.0,1002937.22,82849.75683,920087.75,115010.96875,2.75,0.08260712154046891,26612.7,893475.05,0.028924089033899213,0,1.1428571428571428,335,medium,Electronics
C00643,regular,Karachi,Sindh,2025-09-19,2025-04-14,2025-10-22,70.0,5,6,12.0,641086.1,31020.618815,610073.19,101678.86499999999,2.0,0.04838760162636501,0.0,610073.19,0.0,0,1.2,235,medium,Electronics
C00644,regular,Islamabad,ICT,2025-02-23,2025-04-05,2025-12-29,2.0,3,4,13.0,323210.92,817.35815,322401.48,80600.37,3.25,0.0025288692287995717,0.0,322401.48,0.0,0,1.3333333333333333,544,medium,Electronics
C00645,regular,Karachi,Sindh,2025-06-26,2025-02-13,2025-12-04,27.0,5,5,9.0,308844.76,611.076196,308233.29,61646.657999999996,1.8,0.001978586899126927,0.0,308233.29,0.0,0,1.0,424,medium,Electronics
C00646,one_time,Karachi,Sindh,2025-01-20,2025-08-06,2025-08-06,147.0,1,1,1.0,9164.88,137.4732,9027.21,9027.21,1.0,0.015000000000000001,0.0,9027.21,0.0,0,1.0,121,medium,Attach & Addons
C00647,regular,Lahore,Punjab,2025-03-02,2025-01-26,2025-12-21,10.0,4,5,14.0,259596.43,29951.672875,229650.73,45930.146,2.8,0.11537783040776023,0.0,229650.73,0.0,0,1.25,543,medium,Electronics
C00648,price_sensitive,Lahore,Punjab,2025-06-27,2025-01-02,2025-11-29,32.0,5,6,15.0,350064.47,55415.314538,294653.43,49108.905,2.5,0.15830031119125001,14178.64,280474.79,0.04811971813801726,0,1.2,433,medium,Electronics
C00649,one_time,Lahore,Punjab,2025-05-25,2025-10-06,2025-10-06,86.0,1,1,2.0,10073.07,187.67251300000004,9885.24,9885.24,2.0,0.01863111375181549,0.0,9885.24,0.0,0,1.0,221,medium,Fashion
C00650,price_sensitive,Islamabad,ICT,2025-06-09,2025-03-20,2025-12-09,22.0,5,5,15.0,108307.31,8726.934548,99579.95999999999,19915.992,3.0,0.08057567442123711,0.0,99579.95999999999,0.0,0,1.0,422,medium,Fashion
C00651,one_time,Lahore,Punjab,2025-09-26,2025-01-13,2025-09-02,120.0,3,3,11.0,340388.97000000003,33775.343513,306624.93,102208.31,3.6666666666666665,0.09922572847469176,0.0,306624.93,0.0,0,1.0,224,medium,Electronics
C00652,price_sensitive,Lahore,Punjab,2025-03-30,2025-09-28,2025-10-14,78.0,2,2,7.0,27421.940000000002,2146.5676280000002,25275.989999999998,12637.994999999999,3.5,0.07827920373248574,0.0,25275.989999999998,0.0,0,1.0,221,medium,Fashion
C00653,high_return,Karachi,Sindh,2025-12-23,2025-12-06,2025-12-15,16.0,1,2,5.0,21521.6,1957.173679,19564.22,9782.11,2.5,0.09093997095940823,0.0,19564.22,0.0,0,2.0,451,medium,Fashion
C00654,loyal,Karachi,Sindh,2025-04-15,2025-01-04,2025-12-03,28.0,6,8,36.0,994235.78,26808.048843999997,967420.6699999999,120927.58374999999,4.5,0.026963472229897013,0.0,967420.6699999999,0.0,0,1.3333333333333333,445,medium,Electronics
C00655,one_time,Lahore,Punjab,2025-05-03,2025-03-29,2025-11-07,54.0,3,4,6.0,27270.52,825.096326,26445.739999999998,6611.4349999999995,1.5,0.03025598067070228,0.0,26445.739999999998,0.0,0,1.3333333333333333,341,medium,Fashion
C00656,loyal,Lahore,Punjab,2025-05-17,2025-02-19,2025-12-08,23.0,7,12,32.0,783921.7,37364.906886,746558.62,62213.21833333333,2.6666666666666665,0.04766408033608459,29799.52,716759.1,0.03991584746553459,0,1.7142857142857142,455,medium,Electronics
C00657,loyal,Islamabad,ICT,2025-08-14,2025-01-03,2025-11-14,47.0,8,12,38.0,1076409.29,36984.979566,1039409.91,86617.49250000001,3.1666666666666665,0.03435958785342702,0.0,1039409.91,0.0,0,1.5,355,medium,Electronics
C00658,regular,Islamabad,ICT,2025-01-09,2025-06-28,2025-09-20,102.0,2,2,4.0,232370.67,13927.96219,218435.57,109217.785,2.0,0.059938555025038226,0.0,218435.57,0.0,0,1.0,223,medium,Electronics
C00659,price_sensitive,Karachi,Sindh,2025-01-25,2025-04-19,2025-12-14,17.0,5,8,23.0,680610.91,39154.745102,641441.86,80180.2325,2.875,0.05752882377686246,0.0,641441.86,0.0,0,1.6,455,medium,Electronics
C00660,one_time,Islamabad,ICT,2025-08-14,2025-12-29,2025-12-29,2.0,1,1,2.0,23693.19,312.10853399999996,23381.73,23381.73,2.0,0.013172921586329236,0.0,23381.73,0.0,0,1.0,521,medium,Fashion
C00661,one_time,Lahore,Punjab,2025-02-07,2025-01-03,2025-09-08,114.0,2,2,4.0,23952.84,358.296079,23594.72,11797.36,2.0,0.014958396540869476,0.0,23594.72,0.0,0,1.0,221,medium,Fashion
C00662,price_sensitive,Lahore,Punjab,2025-06-25,2025-01-16,2025-10-15,77.0,5,7,18.0,613304.0499999999,64616.214288999996,548689.28,78384.18285714286,2.5714285714285716,0.10535755354786913,0.0,548689.28,0.0,0,1.4,245,medium,Electronics
C00663,one_time,Karachi,Sindh,2025-02-06,2025-02-04,2025-08-26,127.0,2,3,8.0,247748.84,15391.920987,232349.50000000003,77449.83333333334,2.6666666666666665,0.06212711626419724,182643.13,49706.370000000024,0.7860706823126367,1,1.5,251,medium,Electronics
C00664,price_sensitive,Lahore,Punjab,2025-10-11,2025-03-06,2025-11-29,32.0,6,6,17.0,199910.06,16451.454532,183462.14,30577.023333333334,2.8333333333333335,0.08229428039789494,0.0,183462.14,0.0,0,1.0,423,medium,Electronics
C00665,loyal,Lahore,Punjab,2025-03-22,2025-01-18,2025-12-31,0.0,5,5,13.0,834709.27,168064.167823,666623.31,133324.662,2.6,0.2013445565579977,0.0,666623.31,0.0,0,1.0,525,medium,Electronics
C00666,loyal,Lahore,Punjab,2025-10-28,2025-01-12,2025-12-23,8.0,4,7,27.0,1169656.84,39049.931777000005,1130604.42,161514.91714285713,3.857142857142857,0.03338580209303098,0.0,1130604.42,0.0,0,1.75,555,medium,Electronics
C00667,one_time,Lahore,Punjab,2025-12-15,2025-01-24,2025-10-01,91.0,3,3,12.0,168830.5,522.032734,168307.7,56102.56666666667,4.0,0.0030920522891302224,20242.41,148065.29,0.1202702550150706,1,1.0,222,medium,Electronics
C00668,regular,Islamabad,ICT,2025-11-19,2025-02-02,2025-12-27,4.0,4,4,9.0,100339.05,804.511135,99535.45,24883.8625,2.25,0.008017926569964536,0.0,99535.45,0.0,0,1.0,522,medium,Electronics
C00669,one_time,Islamabad,ICT,2025-12-20,,,,0,0,0.0,0.0,0.0,0.0,0.0,0.0,0.0,0.0,0.0,0.0,0,0.0,111,unknown,
C00670,one_time,Islamabad,ICT,2025-08-25,2025-08-04,2025-08-17,136.0,1,2,4.0,64529.89,2445.738035,62084.0,31042.0,2.0,0.03790085547953049,0.0,62084.0,0.0,0,2.0,152,medium,Electronics
C00671,regular,Islamabad,ICT,2025-08-04,2025-01-30,2025-10-23,69.0,2,3,6.0,31488.32,810.255269,30678.309999999998,10226.103333333333,2.0,0.02573193072860032,0.0,30678.309999999998,0.0,0,1.5,251,medium,Fashion
C00672,regular,Islamabad,ICT,2025-06-17,2025-12-04,2025-12-04,27.0,1,1,2.0,24262.019999999997,0.0,24262.019999999997,24262.019999999997,2.0,0.0,0.0,24262.019999999997,0.0,0,1.0,421,medium,Attach & Addons
C00673,price_sensitive,Karachi,Sindh,2025-02-28,2025-04-10,2025-09-21,101.0,3,4,13.0,478274.25,31638.149409,446641.38,111660.345,3.25,0.06615064350422378,0.0,446641.38,0.0,0,1.3333333333333333,244,medium,Electronics
C00674,regular,Lahore,Punjab,2025-06-18,,,,0,0,0.0,0.0,0.0,0.0,0.0,0.0,0.0,0.0,0.0,0.0,0,0.0,111,unknown,
C00675,price_sensitive,Karachi,Sindh,2025-02-14,2025-04-08,2025-04-15,260.0,1,2,4.0,25482.93,1979.547638,23503.18,11751.59,2.0,0.07768131992671172,0.0,23503.18,0.0,0,2.0,151,medium,Fashion
C00676,regular,Lahore,Punjab,2025-06-19,2025-01-29,2025-11-17,44.0,6,6,15.0,1118228.6400000001,48870.887378,1069384.1500000001,178230.69166666668,2.5,0.04370384162043998,1195.4,1068188.7500000002,0.001117839646304838,0,1.0,325,medium,Electronics
C00677,loyal,Lahore,Punjab,2025-06-04,2025-01-10,2025-12-22,9.0,6,8,26.0,752390.9400000001,48057.693287,704347.4400000001,88043.43000000001,3.25,0.0638733014076432,2314.21,702033.2300000001,0.0032856085911237213,0,1.3333333333333333,545,medium,Electronics
C00678,regular,Lahore,Punjab,2025-01-07,2025-01-21,2025-08-11,142.0,5,5,14.0,132168.4,7347.316794,124822.74,24964.548000000003,2.8,0.05559057077183351,5040.15,119782.59000000001,0.0403784598863957,0,1.0,122,medium,Fashion
C00679,regular,Karachi,Sindh,2025-02-14,2025-01-03,2025-08-21,132.0,2,3,7.0,111019.57,6692.537903,104327.52,34775.840000000004,2.3333333333333335,0.06028250607528024,8735.29,95592.23000000001,0.08372948959200795,0,1.5,152,medium,Electronics
C00680,regular,Lahore,Punjab,2025-01-31,2025-04-11,2025-09-29,93.0,3,3,8.0,879812.88,11877.509952,867943.56,289314.52,2.6666666666666665,0.013500040999627103,0.0,867943.56,0.0,0,1.0,225,medium,Electronics
C00681,regular,Lahore,Punjab,2025-06-09,2025-01-12,2025-11-06,55.0,7,8,23.0,1205343.2100000002,51711.502564,1153626.94,144203.3675,2.875,0.0429018906274836,250743.66,902883.2799999999,0.21735246578066217,1,1.1428571428571428,335,medium,Electronics
C00682,price_sensitive,Islamabad,ICT,2025-06-07,2025-03-13,2025-12-02,29.0,7,7,15.0,545095.6,28413.548178,516694.75,73813.53571428571,2.142857142857143,0.05212580724922381,2207.7,514487.05,0.004272735498086636,0,1.0,424,medium,Electronics
C00683,regular,Islamabad,ICT,2025-03-23,2025-01-12,2025-09-29,93.0,5,6,24.0,323745.66,19009.826061,304740.46,50790.07666666667,4.0,0.05871839659873742,0.0,304740.46,0.0,0,1.2,234,medium,Electronics
C00684,regular,Lahore,Punjab,2025-07-25,2025-03-23,2025-12-09,22.0,3,3,8.0,72417.98,964.4376040000001,71454.22,23818.073333333334,2.6666666666666665,0.013317654041164917,8503.6,62950.62,0.11900766672703166,1,1.0,422,medium,Electronics
C00685,regular,Islamabad,ICT,2025-01-12,2025-02-23,2025-07-13,171.0,4,4,12.0,218321.12,4247.996904,214074.01,53518.5025,3.0,0.019457562804734603,13358.9,200715.11000000002,0.06240318476773523,0,1.0,123,medium,Electronics
C00686,loyal,Karachi,Sindh,2025-08-12,2025-01-17,2025-12-30,1.0,7,8,24.0,1017529.51,54992.21136800001,962526.88,120315.86,3.0,0.05404483194595507,259799.01,702727.87,0.26991351140240366,1,1.1428571428571428,535,medium,Electronics
C00687,loyal,Lahore,Punjab,2025-06-04,2025-01-13,2025-12-15,16.0,9,12,43.0,855523.8,26320.139511,829219.54,69101.62833333334,3.5833333333333335,0.030764941327172897,38678.9,790540.64,0.04664494519750463,0,1.3333333333333333,445,medium,Electronics
C00688,regular,Karachi,Sindh,2025-01-17,2025-09-10,2025-12-01,30.0,3,4,14.0,272994.13,7852.919093,265138.36,66284.59,3.5,0.028765889922248513,0.0,265138.36,0.0,0,1.3333333333333333,443,medium,Electronics
C00689,loyal,Islamabad,ICT,2025-12-20,2025-01-19,2025-07-21,163.0,4,4,16.0,119717.91,1374.347906,118343.06,29585.765,4.0,0.011479885557641291,0.0,118343.06,0.0,0,1.0,122,medium,Electronics
C00690,high_return,Islamabad,ICT,2025-12-10,2025-01-13,2025-10-20,72.0,5,7,18.0,424738.03,12808.654965000002,411933.37,58847.624285714286,2.5714285714285716,0.030156600210722834,0.0,411933.37,0.0,0,1.4,244,medium,Electronics
C00691,regular,Karachi,Sindh,2025-11-22,2025-03-02,2025-11-25,36.0,3,5,13.0,1091942.8900000001,36853.995991,1055081.3299999998,211016.26599999997,2.6,0.03375084569761702,0.0,1055081.3299999998,0.0,0,1.6666666666666667,355,medium,Electronics
C00692,price_sensitive,Lahore,Punjab,2025-03-15,2025-05-16,2025-11-18,43.0,3,3,6.0,22383.84,1785.932876,20598.14,6866.046666666666,2.0,0.07978670665980457,4057.79,16540.35,0.19699788427498793,1,1.0,321,medium,Fashion
C00693,one_time,Islamabad,ICT,2025-11-15,2025-04-02,2025-12-19,12.0,4,4,7.0,63094.05,1598.821976,61496.41,15374.1025,1.75,0.025340297159557833,7527.3,53969.11,0.12240226705916654,1,1.0,522,medium,Electronics
C00694,one_time,Islamabad,ICT,2025-12-01,2025-01-25,2025-09-09,113.0,3,3,5.0,43204.61,3458.8927559999997,39744.97,13248.323333333334,1.6666666666666667,0.08005841867337767,0.0,39744.97,0.0,0,1.0,221,medium,Fashion
C00695,regular,Islamabad,ICT,2025-10-05,2025-01-13,2025-10-27,65.0,4,4,12.0,74787.25,1259.402426,73526.08,18381.52,3.0,0.016839801249544543,0.0,73526.08,0.0,0,1.0,322,medium,Electronics
C00696,regular,Karachi,Sindh,2025-12-18,2025-03-26,2025-12-02,29.0,5,7,20.0,219103.22999999998,2831.012129,216272.03999999998,30896.00571428571,2.857142857142857,0.01292090549737674,20474.15,195797.88999999998,0.09466850176287236,0,1.4,443,medium,Electronics
C00697,regular,Karachi,Sindh,2025-11-20,2025-03-03,2025-12-31,0.0,3,4,12.0,508846.09,13985.402950000002,494851.7,123712.925,3.0,0.02748454439337443,0.0,494851.7,0.0,0,1.3333333333333333,544,medium,Electronics
C00698,price_sensitive,Islamabad,ICT,2025-01-17,2025-02-13,2025-10-31,61.0,4,5,9.0,367148.12,44148.089746,323011.41,64602.28199999999,1.8,0.12024599157963821,0.0,323011.41,0.0,0,1.25,344,medium,Electronics
C00699,regular,Lahore,Punjab,2025-07-12,2025-01-25,2025-07-13,171.0,3,3,4.0,67687.14,685.575557,67001.72,22333.906666666666,1.3333333333333333,0.010128593954479388,51050.08,15951.64,0.7619219327503831,1,1.0,121,medium,Electronics
C00700,loyal,Karachi,Sindh,2025-04-30,2025-01-17,2025-11-22,39.0,6,8,19.0,711268.03,12488.315152,698772.35,87346.54375,2.375,0.017557818748018237,1746.91,697025.44,0.0024999701261791485,0,1.3333333333333333,345,medium,Electronics
C00701,loyal,Lahore,Punjab,2025-11-02,2025-02-11,2025-10-25,67.0,7,12,29.0,513330.8,22586.60023,490749.42,40895.784999999996,2.4166666666666665,0.04400008772121213,38115.3,452634.12,0.07766753957651137,0,1.7142857142857142,354,medium,Electronics
C00702,regular,Karachi,Sindh,2025-06-24,2025-01-09,2025-06-03,211.0,2,2,4.0,44722.31,1229.4885989999998,43492.259999999995,21746.129999999997,2.0,0.027491616577945098,0.0,43492.259999999995,0.0,0,1.0,121,medium,Attach & Addons
C00703,regular,Karachi,Sindh,2025-06-13,2025-02-24,2025-09-15,107.0,4,4,11.0,381651.8,2742.060695,378909.37,94727.3425,2.75,0.007184718361082013,0.0,378909.37,0.0,0,1.0,224,medium,Electronics
C00704,high_return,Lahore,Punjab,2025-01-07,2025-04-01,2025-09-11,111.0,2,3,11.0,293333.06,7793.997241,285538.61,95179.53666666667,3.6666666666666665,0.026570469898619678,0.0,285538.61,0.0,0,1.5,253,medium,Electronics
C00705,loyal,Lahore,Punjab,2025-02-02,2025-02-20,2025-11-30,31.0,6,6,19.0,360056.17,5455.947738,354600.38,59100.06333333333,3.1666666666666665,0.01515304608722578,5370.96,349229.42,0.015146515071416448,0,1.0,424,medium,Electronics
C00706,price_sensitive,Lahore,Punjab,2025-03-20,2025-03-13,2025-12-01,30.0,3,4,12.0,164021.63,19532.426782000002,144488.80000000002,36122.200000000004,3.0,0.11908445722676943,6268.08,138220.72000000003,0.04338107867184169,0,1.3333333333333333,442,medium,Electronics
C00707,regular,Karachi,Sindh,2025-02-27,2025-02-19,2025-12-19,12.0,5,6,13.0,69630.33,2134.791037,67495.23,11249.205,2.1666666666666665,0.03065892459507229,0.0,67495.23,0.0,0,1.2,532,medium,Attach & Addons
C00708,loyal,Lahore,Punjab,2025-08-14,2025-01-12,2025-12-29,2.0,7,11,30.0,313520.82,9200.769129999999,304321.61,27665.600909090906,2.727272727272727,0.029346596918188715,1589.77,302731.83999999997,0.0052239799861731806,0,1.5714285714285714,554,medium,Electronics
C00709,regular,Lahore,Punjab,2025-04-09,2025-03-06,2025-08-07,146.0,3,4,10.0,286128.55,3850.172018,282279.04,70569.76,2.5,0.013456091739185064,0.0,282279.04,0.0,0,1.3333333333333333,143,medium,Electronics
C00710,one_time,Lahore,Punjab,2025-02-08,2025-08-20,2025-11-01,60.0,3,3,8.0,81299.69,1853.0171530000002,79448.06,26482.686666666665,2.6666666666666665,0.022792425813677766,0.0,79448.06,0.0,0,1.0,322,medium,Electronics
C00711,one_time,Lahore,Punjab,2025-10-12,2025-08-22,2025-08-22,131.0,1,1,4.0,44874.25,398.631474,44475.14,44475.14,4.0,0.008883301091383144,0.0,44475.14,0.0,0,1.0,221,medium,Attach & Addons
C00712,regular,Lahore,Punjab,2025-10-15,,,,0,0,0.0,0.0,0.0,0.0,0.0,0.0,0.0,0.0,0.0,0.0,0,0.0,111,unknown,
C00713,loyal,Lahore,Punjab,2025-03-25,2025-01-12,2025-10-31,61.0,7,13,43.0,1351793.68,27071.870581,1324760.04,101904.61846153847,3.3076923076923075,0.020026629049634263,239108.93,1085651.11,0.18049225729966914,1,1.8571428571428572,355,medium,Electronics
C00714,high_return,Lahore,Punjab,2025-01-27,2025-03-01,2025-11-02,59.0,4,5,10.0,276162.92,7744.093221,268425.28,53685.056000000004,2.0,0.0280417560076494,0.0,268425.28,0.0,0,1.25,343,medium,Electronics
C00715,regular,Karachi,Sindh,2025-08-24,2025-09-03,2025-12-01,30.0,3,4,9.0,86734.11,1600.573294,85132.99,21283.2475,2.25,0.01845379279270866,0.0,85132.99,0.0,0,1.3333333333333333,442,medium,Electronics
C00716,loyal,Lahore,Punjab,2025-01-21,2025-01-20,2025-12-26,5.0,9,12,43.0,690779.62,23468.46977,667313.84,55609.486666666664,3.5833333333333335,0.033973888474011435,8722.98,658590.86,0.013071780438421597,0,1.3333333333333333,545,medium,Electronics
C00717,regular,Karachi,Sindh,2025-12-23,2025-01-14,2025-12-07,24.0,4,5,14.0,339518.12,7185.669304,332328.98,66465.796,2.8,0.021164317545113647,40001.44,292327.54,0.12036699297184375,1,1.25,443,medium,Electronics
C00718,high_return,Islamabad,ICT,2025-09-19,2025-08-30,2025-11-20,41.0,2,2,8.0,505157.47,215.84578499999998,504936.5,252468.25,4.0,0.0004272841595314823,0.0,504936.5,0.0,0,1.0,324,medium,Electronics
C00719,regular,Islamabad,ICT,2025-09-14,2025-05-16,2025-05-28,217.0,1,3,7.0,310864.74,2047.068706,308817.79,102939.26333333332,2.3333333333333335,0.006585078468532649,13631.28,295186.50999999995,0.04414020319230962,0,3.0,153,low,Electronics
C00720,price_sensitive,Karachi,Sindh,2025-01-15,2025-02-03,2025-11-06,55.0,4,5,22.0,470472.57,37136.789973,433339.81,86667.962,4.4,0.07893508004728096,0.0,433339.81,0.0,0,1.25,344,medium,Electronics
C00721,regular,Lahore,Punjab,2025-06-12,2025-03-16,2025-12-16,15.0,5,6,18.0,403955.44,14591.126637,389363.77,64893.96166666667,3.0,0.0361206340902353,0.0,389363.77,0.0,0,1.2,434,medium,Electronics
C00722,loyal,Karachi,Sindh,2025-10-08,2025-01-06,2025-12-27,4.0,8,12,34.0,1110785.77,45385.587384,1065384.01,88782.00083333334,2.8333333333333335,0.04085899244460072,22291.45,1043092.56,0.02092339456080254,0,1.5,555,medium,Electronics
C00723,regular,Islamabad,ICT,2025-10-01,2025-05-31,2025-09-10,112.0,4,4,12.0,293939.93,12940.459087000001,280993.4,70248.35,3.0,0.04402416196737885,0.0,280993.4,0.0,0,1.0,223,medium,Electronics
C00724,regular,Karachi,Sindh,2025-07-27,2025-03-01,2025-11-02,59.0,3,4,13.0,907105.33,57292.958666,849835.16,212458.79,3.25,0.06316020507342847,0.0,849835.16,0.0,0,1.3333333333333333,345,medium,Electronics
C00725,one_time,Islamabad,ICT,2025-03-01,,,,0,0,0.0,0.0,0.0,0.0,0.0,0.0,0.0,0.0,0.0,0.0,0,0.0,111,unknown,
C00726,price_sensitive,Karachi,Sindh,2025-05-25,2025-01-08,2025-11-18,43.0,3,4,9.0,59154.43,3565.357489,55589.59,13897.3975,2.25,0.06027202846853566,5194.99,50394.6,0.09345256908712585,0,1.3333333333333333,341,medium,Attach & Addons
C00727,loyal,Karachi,Sindh,2025-01-08,2025-02-21,2025-09-25,97.0,6,7,23.0,833231.27,23563.149434000003,809663.0,115666.14285714286,3.2857142857142856,0.02827924284934722,0.0,809663.0,0.0,0,1.1666666666666667,235,medium,Electronics
C00728,regular,Karachi,Sindh,2025-06-23,2025-03-23,2025-11-14,47.0,4,5,17.0,587078.27,23214.250164,563854.97,112770.99399999999,3.4,0.03954200206388153,0.0,563854.97,0.0,0,1.25,345,medium,Electronics
C00729,one_time,Karachi,Sindh,2025-07-18,2025-01-02,2025-12-22,9.0,2,2,5.0,28469.86,1589.123122,26880.86,13440.43,2.5,0.05581773573877778,3581.67,23299.190000000002,0.13324238882238143,1,1.0,521,medium,Attach & Addons
C00730,high_return,Karachi,Sindh,2025-06-30,2025-01-19,2025-09-11,111.0,3,7,17.0,782656.51,13589.662608,769070.9,109867.27142857143,2.4285714285714284,0.017363508045183194,0.0,769070.9,0.0,0,2.3333333333333335,255,low,Electronics
C00731,regular,Islamabad,ICT,2025-02-15,2025-01-03,2025-11-19,42.0,6,8,24.0,489091.28,6555.412081,482532.19,60316.52375,3.0,0.013403248737127352,0.0,482532.19,0.0,0,1.3333333333333333,344,medium,Electronics
C00732,one_time,Karachi,Sindh,2025-08-10,2025-01-25,2025-02-10,324.0,2,2,4.0,18776.7,16.276755,18760.760000000002,9380.380000000001,2.0,0.000866859192509866,2291.93,16468.83,0.12216615957988906,1,1.0,121,medium,Fashion
C00733,loyal,Karachi,Sindh,2025-09-30,2025-01-27,2025-12-31,0.0,8,9,30.0,690203.97,26604.108634,663586.05,73731.78333333334,3.3333333333333335,0.038545284858329636,0.0,663586.05,0.0,0,1.125,535,medium,Electronics
C00734,high_return,Karachi,Sindh,2025-12-06,2025-03-10,2025-12-17,14.0,3,4,12.0,519829.24,3276.295993,516553.98000000004,129138.49500000001,3.0,0.006302638906961064,0.0,516553.98000000004,0.0,0,1.3333333333333333,544,medium,Electronics
C00735,one_time,Lahore,Punjab,2025-06-15,2025-12-05,2025-12-05,26.0,1,1,2.0,35602.43,104.16031,35498.19,35498.19,2.0,0.002925651704111208,0.0,35498.19,0.0,0,1.0,421,medium,Electronics
C00736,price_sensitive,Islamabad,ICT,2025-11-15,2025-01-07,2025-07-04,180.0,6,7,22.0,407273.87,27668.480146,379618.10000000003,54231.15714285715,3.142857142857143,0.06793580974394454,20154.85,359463.25000000006,0.05309243684639904,0,1.1666666666666667,134,medium,Electronics
C00737,high_return,Karachi,Sindh,2025-04-27,2025-01-06,2025-12-06,25.0,5,6,22.0,382533.37,34463.77494,348058.55,58009.75833333333,3.6666666666666665,0.09009351246925204,0.0,348058.55,0.0,0,1.2,434,medium,Electronics
C00738,high_return,Islamabad,ICT,2025-03-13,2025-01-22,2025-10-07,85.0,4,4,11.0,1102380.1099999999,10228.667095,1092167.17,273041.7925,2.75,0.009278711582523021,0.0,1092167.17,0.0,0,1.0,225,medium,Electronics
C00739,price_sensitive,Karachi,Sindh,2025-07-24,2025-02-04,2025-10-20,72.0,4,4,11.0,83373.7,6680.170985,76692.68000000001,19173.170000000002,2.75,0.08012324012248467,0.0,76692.68000000001,0.0,0,1.0,222,medium,Fashion
C00740,price_sensitive,Lahore,Punjab,2025-10-04,2025-06-10,2025-11-12,49.0,4,4,15.0,349989.42,36662.501622,313321.12,78330.28,3.75,0.1047531711730029,0.0,313321.12,0.0,0,1.0,324,medium,Electronics
C00741,loyal,Islamabad,ICT,2025-11-16,2025-03-10,2025-10-21,71.0,6,6,19.0,410437.64,14720.505931,395708.06,65951.34333333334,3.1666666666666665,0.03586538976054925,2130.46,393577.6,0.005383918639413107,0,1.0,224,medium,Electronics
C00742,one_time,Lahore,Punjab,2025-04-05,2025-02-10,2025-06-08,206.0,2,3,5.0,15115.199999999999,210.61807199999998,14904.460000000001,4968.153333333334,1.6666666666666667,0.01393419021911718,0.0,14904.460000000001,0.0,0,1.5,151,medium,Fashion
C00743,regular,Lahore,Punjab,2025-01-11,,,,0,0,0.0,0.0,0.0,0.0,0.0,0.0,0.0,0.0,0.0,0.0,0,0.0,111,unknown,
C00744,regular,Karachi,Sindh,2025-10-16,2025-03-09,2025-12-26,5.0,4,4,12.0,293113.17,10325.954673999999,282786.68,70696.67,3.0,0.0352285592421521,0.0,282786.68,0.0,0,1.0,523,medium,Electronics
C00745,regular,Islamabad,ICT,2025-09-24,2025-03-18,2025-12-20,11.0,5,8,31.0,661049.58,45269.31597,615779.15,76972.39375,3.875,0.06848096926406036,0.0,615779.15,0.0,0,1.6,555,medium,Electronics
C00746,one_time,Islamabad,ICT,2025-03-29,2025-10-08,2025-12-01,30.0,2,2,7.0,41601.0,3638.681278,37961.76,18980.88,3.5,0.08746619739910098,0.0,37961.76,0.0,0,1.0,421,medium,Attach & Addons
C00747,price_sensitive,Islamabad,ICT,2025-03-17,2025-03-20,2025-12-23,8.0,8,11,31.0,1032425.2000000001,87586.925075,944827.36,85893.39636363636,2.8181818181818183,0.08483609764174684,9983.87,934843.49,0.0105668722379081,0,1.375,545,medium,Electronics
C00748,regular,Islamabad,ICT,2025-06-09,2025-04-30,2025-11-20,41.0,2,2,6.0,33408.53,539.798613,32868.170000000006,16434.085000000003,3.0,0.016157508666199923,0.0,32868.170000000006,0.0,0,1.0,321,medium,Fashion
C00749,loyal,Karachi,Sindh,2025-11-06,2025-03-26,2025-10-05,87.0,5,5,10.0,406767.7,12421.550371000001,394353.57,78870.714,2.0,0.030537209249898653,0.0,394353.57,0.0,0,1.0,224,medium,Electronics
C00750,high_return,Karachi,Sindh,2025-05-28,2025-02-05,2025-08-10,143.0,3,3,6.0,47001.11,3927.8574049999997,43072.020000000004,14357.340000000002,2.0,0.08356946048720976,9808.56,33263.46000000001,0.2277246342289031,1,1.0,121,medium,Fashion
C00751,one_time,Lahore,Punjab,2025-08-30,2025-03-07,2025-03-07,299.0,1,1,1.0,4788.54,92.418822,4696.0,4696.0,1.0,0.0193,0.0,4696.0,0.0,0,1.0,121,medium,Fashion
C00752,price_sensitive,Karachi,Sindh,2025-01-02,2025-06-03,2025-11-26,35.0,4,5,16.0,172856.87,18206.500905,154650.6,30930.120000000003,3.2,0.10532703099969357,0.0,154650.6,0.0,0,1.25,443,medium,Electronics
C00753,one_time,Islamabad,ICT,2025-08-21,2025-03-25,2025-05-11,234.0,2,2,5.0,419738.12000000005,2675.931533,417064.53,208532.265,2.5,0.006375240669110539,0.0,417064.53,0.0,0,1.0,124,medium,Electronics
C00754,one_time,Karachi,Sindh,2025-03-18,,,,0,0,0.0,0.0,0.0,0.0,0.0,0.0,0.0,0.0,0.0,0.0,0,0.0,111,unknown,
C00755,loyal,Lahore,Punjab,2025-04-13,2025-02-03,2025-12-31,0.0,6,12,41.0,848607.9299999999,30673.982526,817926.49,68160.54083333333,3.4166666666666665,0.03614623601973647,6531.39,811395.1,0.007985301955436118,0,2.0,555,medium,Electronics
C00756,loyal,Islamabad,ICT,2025-12-25,2025-01-03,2025-11-30,31.0,8,14,48.0,1147509.51,35315.517440999996,1112199.42,79442.81571428571,3.4285714285714284,0.030775795000600906,175594.11,936605.3099999999,0.15788005895561427,1,1.75,455,medium,Electronics
C00757,price_sensitive,Islamabad,ICT,2025-05-02,2025-01-28,2025-12-19,12.0,3,3,8.0,46129.100000000006,4298.199374,41829.8,13943.266666666668,2.6666666666666665,0.09317761183287772,5228.66,36601.14,0.12499844608389234,1,1.0,521,medium,Attach & Addons
C00758,regular,Lahore,Punjab,2025-04-16,2025-03-01,2025-12-04,27.0,3,3,8.0,61336.799999999996,635.755139,60701.38,20233.79333333333,2.6666666666666665,0.010364987071382923,4209.38,56492.0,0.0693457051553029,0,1.0,422,medium,Fashion
C00759,price_sensitive,Lahore,Punjab,2025-11-01,2025-02-22,2025-12-14,17.0,5,5,10.0,721350.28,44204.598671,677150.5,135430.1,2.0,0.06128035144174339,0.0,677150.5,0.0,0,1.0,425,medium,Electronics
C00760,regular,Islamabad,ICT,2025-11-13,2025-02-28,2025-12-31,0.0,4,6,10.0,84185.48999999999,2178.960704,82006.76,13667.793333333333,1.6666666666666667,0.025882853494111638,19387.43,62619.329999999994,0.23641258354799044,1,1.5,552,medium,Fashion
C00761,regular,Karachi,Sindh,2025-01-09,2025-05-08,2025-09-09,113.0,2,2,6.0,133905.61000000002,875.283135,133031.35,66515.675,3.0,0.006536568072091975,0.0,133031.35,0.0,0,1.0,222,medium,Electronics
C00762,regular,Karachi,Sindh,2025-12-25,2025-02-01,2025-12-27,4.0,4,4,9.0,59211.24,3182.348098,56028.71,14007.1775,2.25,0.05374567561834544,0.0,56028.71,0.0,0,1.0,522,medium,Fashion
C00763,high_return,Islamabad,ICT,2025-02-10,2025-02-17,2025-11-04,57.0,5,5,11.0,452864.53,2167.4144229999997,450697.78,90139.55600000001,2.2,0.004786010560376631,11050.95,439646.83,0.02451964595876199,0,1.0,324,medium,Electronics
C00764,regular,Islamabad,ICT,2025-09-21,2025-11-13,2025-11-16,45.0,1,2,4.0,167726.62,7620.678524999998,160112.37,80056.185,2.0,0.045435116530697386,0.0,160112.37,0.0,0,2.0,353,medium,Electronics
C00765,regular,Islamabad,ICT,2025-12-14,2025-09-12,2025-09-12,110.0,1,1,2.0,10740.2,599.375092,10140.970000000001,10140.970000000001,2.0,0.055806697454423564,0.0,10140.970000000001,0.0,0,1.0,221,medium,Fashion
C00766,regular,Karachi,Sindh,2025-11-14,2025-02-18,2025-06-16,198.0,2,3,7.0,276679.20999999996,15493.353505,261180.00999999998,87060.00333333333,2.3333333333333335,0.05599753412986831,0.0,261180.00999999998,0.0,0,1.5,153,medium,Electronics
C00767,high_return,Karachi,Sindh,2025-01-07,2025-02-17,2025-09-25,97.0,3,3,6.0,586627.95,9101.919117000001,577533.35,192511.11666666667,2.0,0.015515658803846631,288528.79000000004,289004.55999999994,0.49958810170875856,1,1.0,223,medium,Electronics
C00768,regular,Islamabad,ICT,2025-07-27,2025-08-26,2025-12-26,5.0,2,2,5.0,64370.9,503.06009,63867.94,31933.97,2.5,0.007815023403432295,0.0,63867.94,0.0,0,1.0,522,medium,Electronics
C00769,one_time,Lahore,Punjab,2025-11-10,2025-02-15,2025-07-20,164.0,4,4,7.0,407432.55,25901.970422999995,381526.62,95381.655,1.75,0.06357364040501917,0.0,381526.62,0.0,0,1.0,124,medium,Electronics
C00770,regular,Islamabad,ICT,2025-01-03,2025-04-11,2025-10-12,80.0,2,2,8.0,66148.35,2660.68151,63488.26,31744.13,4.0,0.0402229459994089,0.0,63488.26,0.0,0,1.0,222,medium,Fashion
C00771,loyal,Islamabad,ICT,2025-07-07,2025-03-06,2025-12-11,20.0,3,4,15.0,547570.1799999999,14745.129355,532826.15,133206.5375,3.75,0.02692829137444994,0.0,532826.15,0.0,0,1.3333333333333333,445,medium,Electronics
C00772,regular,Karachi,Sindh,2025-01-12,2025-03-20,2025-11-20,41.0,2,2,2.0,39472.45,724.112295,38748.090000000004,19374.045000000002,1.0,0.01834475171923709,37218.0,1530.0900000000038,0.9605118600684575,1,1.0,321,medium,Electronics
C00773,price_sensitive,Islamabad,ICT,2025-01-25,,,,0,0,0.0,0.0,0.0,0.0,0.0,0.0,0.0,0.0,0.0,0.0,0,0.0,111,unknown,
C00774,regular,Karachi,Sindh,2025-05-02,2025-05-31,2025-08-05,148.0,2,2,4.0,22532.420000000002,660.605024,21872.04,10936.02,2.0,0.029317979338215776,13607.84,8264.2,0.6221568724270804,1,1.0,121,medium,Fashion
C00775,price_sensitive,Lahore,Punjab,2025-08-26,2025-05-10,2025-12-06,25.0,4,4,11.0,309378.6,34500.840714,274890.81,68722.7025,2.75,0.11151657132717001,0.0,274890.81,0.0,0,1.0,423,medium,Electronics
C00776,price_sensitive,Islamabad,ICT,2025-08-09,2025-02-02,2025-11-12,49.0,6,7,14.0,95991.28,8202.070587,87789.1,12541.300000000001,2.0,0.08544599662594353,2188.62,85600.48000000001,0.024930429859743405,0,1.1666666666666667,332,medium,Fashion
C00777,regular,Lahore,Punjab,2025-07-02,2025-08-01,2025-08-01,152.0,1,1,1.0,2440.8,0.0,2440.8,2440.8,1.0,0.0,0.0,2440.8,0.0,0,1.0,121,medium,Fashion
C00778,loyal,Islamabad,ICT,2025-10-27,2025-02-20,2025-12-14,17.0,9,12,30.0,1201121.62,38868.362045,1162247.05,96853.92083333334,2.5,0.03236005529981219,144134.93,1018112.1200000001,0.12401402094330977,1,1.3333333333333333,445,medium,Electronics
C00779,one_time,Lahore,Punjab,2025-07-30,2025-01-17,2025-11-09,52.0,4,4,7.0,52136.36,4485.078141,47651.3,11912.825,1.75,0.08602591628951464,1724.19,45927.11,0.03618348292701353,0,1.0,321,medium,Attach & Addons
C00780,price_sensitive,Karachi,Sindh,2025-12-18,2025-01-20,2025-12-18,13.0,7,7,25.0,588282.13,31684.205061999997,556597.91,79513.98714285715,3.5714285714285716,0.05385886030908332,3686.31,552911.6,0.006622931803678529,0,1.0,525,medium,Electronics
C00781,one_time,Islamabad,ICT,2025-02-28,2025-05-13,2025-05-13,232.0,1,1,3.0,589100.99,1388.1523320000001,587721.44,587721.44,3.0,0.002356391103671376,0.0,587721.44,0.0,0,1.0,125,medium,Electronics
C00782,high_return,Islamabad,ICT,2025-07-21,2025-02-20,2025-11-18,43.0,6,8,19.0,650345.51,30525.901987,619828.66,77478.5825,2.375,0.04693797607213433,2505.61,617323.05,0.004042423594933477,0,1.3333333333333333,345,medium,Electronics
C00783,one_time,Lahore,Punjab,2025-04-03,,,,0,0,0.0,0.0,0.0,0.0,0.0,0.0,0.0,0.0,0.0,0.0,0,0.0,111,unknown,
C00784,one_time,Karachi,Sindh,2025-07-26,2025-04-26,2025-04-26,249.0,1,1,1.0,1257.05,0.0,1257.05,1257.05,1.0,0.0,0.0,1257.05,0.0,0,1.0,121,medium,Fashion
C00785,price_sensitive,Lahore,Punjab,2025-11-28,2025-01-03,2025-11-01,60.0,4,4,9.0,121325.16,8839.109081,112484.84999999999,28121.212499999998,2.25,0.07285470780339379,0.0,112484.84999999999,0.0,0,1.0,322,medium,Electronics
C00786,price_sensitive,Lahore,Punjab,2025-08-01,2025-03-02,2025-11-02,59.0,7,11,29.0,628645.73,79717.354909,548935.24,49903.203636363636,2.6363636363636362,0.12680807504888325,7600.25,541334.99,0.013845440128784591,0,1.5714285714285714,355,medium,Electronics
C00787,regular,Karachi,Sindh,2025-01-24,2025-02-04,2025-12-24,7.0,5,5,12.0,651177.05,3915.440509,647243.41,129448.682,2.4,0.006012866253502024,0.0,647243.41,0.0,0,1.0,525,medium,Electronics
C00788,one_time,Lahore,Punjab,2025-01-04,2025-10-21,2025-10-21,71.0,1,1,2.0,147725.82,19951.431322,127773.18,127773.18,2.0,0.13505717092651778,0.0,127773.18,0.0,0,1.0,222,medium,Electronics
C00789,regular,Lahore,Punjab,2025-01-20,2025-03-26,2025-12-19,12.0,4,5,17.0,210739.19,2228.0145899999998,208511.88999999998,41702.378,3.4,0.010572379015028006,2885.49,205626.4,0.01383849141648469,0,1.25,543,medium,Electronics
C00790,one_time,Islamabad,ICT,2025-02-19,2025-01-26,2025-06-10,204.0,3,4,8.0,64299.770000000004,788.4763379999999,63511.5,15877.875,2.0,0.012262506351111363,0.0,63511.5,0.0,0,1.3333333333333333,142,medium,Attach & Addons
C00791,regular,Lahore,Punjab,2025-04-06,,,,0,0,0.0,0.0,0.0,0.0,0.0,0.0,0.0,0.0,0.0,0.0,0,0.0,111,unknown,
C00792,high_return,Islamabad,ICT,2025-09-07,2025-07-05,2025-12-08,23.0,4,4,11.0,80419.76,2114.013868,78303.65,19575.9125,2.75,0.02628724417978865,0.0,78303.65,0.0,0,1.0,422,medium,Fashion
C00793,regular,Karachi,Sindh,2025-08-16,2025-01-12,2025-10-28,64.0,5,5,15.0,379096.79,16896.045836999998,362190.0,72438.0,3.0,0.0445692136749562,0.0,362190.0,0.0,0,1.0,324,medium,Electronics
C00794,regular,Lahore,Punjab,2025-09-19,2025-01-05,2025-08-01,152.0,3,3,5.0,20025.54,78.09144400000001,19947.05,6649.016666666666,1.6666666666666667,0.0038995924204790486,0.0,19947.05,0.0,0,1.0,121,medium,Attach & Addons
C00795,high_return,Karachi,Sindh,2025-08-31,2025-07-16,2025-12-01,30.0,3,4,8.0,53531.380000000005,890.7751420000002,52639.51,13159.8775,2.0,0.016640242452184123,0.0,52639.51,0.0,0,1.3333333333333333,441,medium,Fashion
C00796,high_return,Islamabad,ICT,2025-09-03,2025-08-22,2025-09-13,109.0,2,3,11.0,104199.64,4115.995752000001,100083.49,33361.16333333334,3.6666666666666665,0.03950105539712038,12587.65,87495.84000000001,0.12577149338017687,1,1.5,252,medium,Electronics
C00797,one_time,Islamabad,ICT,2025-05-11,2025-03-22,2025-12-11,20.0,3,4,8.0,198540.83,3888.7688709999998,194647.09,48661.7725,2.0,0.019586746318125094,2793.02,191854.07,0.014349148502554032,0,1.3333333333333333,443,medium,Electronics
C00798,high_return,Islamabad,ICT,2025-02-09,2025-01-10,2025-11-12,49.0,4,6,20.0,488924.55,17811.39614,471107.87,78517.97833333333,3.3333333333333335,0.03642974389402209,0.0,471107.87,0.0,0,1.5,354,medium,Electronics
C00799,regular,Lahore,Punjab,2025-08-13,2025-05-02,2025-12-12,19.0,4,5,12.0,750087.89,12576.060284,737515.51,147503.102,2.4,0.016766115613464975,0.0,737515.51,0.0,0,1.25,445,medium,Electronics
C00800,loyal,Islamabad,ICT,2025-01-08,2025-01-21,2025-12-14,17.0,7,14,53.0,1576645.07,74076.575496,1502565.55,107326.11071428572,3.7857142857142856,0.04698367242286179,67453.25,1435112.3,0.04489205146490947,0,2.0,455,medium,Electronics
C00801,one_time,Islamabad,ICT,2025-03-28,2025-03-14,2025-03-30,276.0,1,2,4.0,418063.89,1316.419719,416749.88,208374.94,2.0,0.003148848179640676,0.0,416749.88,0.0,0,2.0,154,medium,Electronics
C00802,high_return,Lahore,Punjab,2025-01-14,,,,0,0,0.0,0.0,0.0,0.0,0.0,0.0,0.0,0.0,0.0,0.0,0,0.0,111,unknown,
C00803,regular,Lahore,Punjab,2025-10-20,2025-02-21,2025-12-30,1.0,2,2,2.0,6086.860000000001,61.289136000000006,6025.6900000000005,3012.8450000000003,1.0,0.01006908915269942,0.0,6025.6900000000005,0.0,0,1.0,521,medium,Fashion
C00804,regular,Lahore,Punjab,2025-02-10,2025-04-13,2025-11-12,49.0,4,5,16.0,448483.76,7735.904724,440750.1,88150.01999999999,3.2,0.017249018613293823,238533.87,202216.22999999998,0.5411998091435487,1,1.25,343,medium,Electronics
C00805,price_sensitive,Islamabad,ICT,2025-11-12,2025-02-07,2025-11-04,57.0,3,4,9.0,59197.56,6829.072691,52369.13,13092.2825,2.25,0.11536071235030634,4016.88,48352.25,0.07670320282196784,0,1.3333333333333333,341,medium,Fashion
C00806,one_time,Islamabad,ICT,2025-01-14,2025-02-24,2025-12-11,20.0,4,5,15.0,725842.8,10692.663849999999,715149.63,143029.926,3.0,0.014731376890423102,195778.56,519371.07,0.27375887756524464,1,1.25,445,medium,Electronics
C00807,one_time,Lahore,Punjab,2025-03-25,2025-10-10,2025-12-11,20.0,2,2,4.0,229636.79,26348.657133999997,203286.84,101643.42,2.0,0.11474057416496719,0.0,203286.84,0.0,0,1.0,423,medium,Electronics
C00808,high_return,Lahore,Punjab,2025-11-22,2025-01-31,2025-12-21,10.0,3,3,6.0,556685.2,20709.201547,535973.41,178657.80333333334,2.0,0.03720091992206727,0.0,535973.41,0.0,0,1.0,525,medium,Electronics
C00809,high_return,Karachi,Sindh,2025-12-11,2025-04-03,2025-12-18,13.0,6,10,30.0,491961.56,25760.41053,466201.5,46620.15,3.0,0.05236264908583508,11036.310000000001,455165.19,0.023672832455494033,0,1.6666666666666667,554,medium,Electronics
C00810,regular,Karachi,Sindh,2025-03-07,2025-03-26,2025-12-24,7.0,3,3,11.0,107578.3,6048.22777,101528.42,33842.806666666664,3.6666666666666665,0.056221633638010644,4177.71,97350.70999999999,0.0411481829422737,0,1.0,522,medium,Electronics
C00811,regular,Lahore,Punjab,2025-09-18,2025-01-13,2025-02-06,328.0,2,2,6.0,52708.1,725.191818,51983.5,25991.75,3.0,0.01375864085406228,0.0,51983.5,0.0,0,1.0,121,medium,Attach & Addons
C00812,price_sensitive,Lahore,Punjab,2025-06-13,2025-04-09,2025-11-27,34.0,2,2,5.0,32730.640000000003,1672.1245190000002,31059.04,15529.52,2.5,0.05108743730645047,0.0,31059.04,0.0,0,1.0,421,medium,Attach & Addons
C00813,regular,Karachi,Sindh,2025-10-30,2025-06-26,2025-11-20,41.0,3,3,4.0,231035.55,6330.836228,224699.85,74899.95,1.3333333333333333,0.027402000376132593,0.0,224699.85,0.0,0,1.0,323,medium,Electronics
C00814,price_sensitive,Lahore,Punjab,2025-01-10,2025-06-05,2025-06-05,209.0,1,1,2.0,6146.01,420.22980700000005,5725.929999999999,5725.929999999999,2.0,0.0683744099017086,0.0,5725.929999999999,0.0,0,1.0,121,medium,Attach & Addons
C00815,loyal,Islamabad,ICT,2025-09-27,2025-01-10,2025-08-13,140.0,5,7,19.0,383833.39,26060.867237,357775.4,51110.77142857143,2.7142857142857144,0.06789630062408067,0.0,357775.4,0.0,0,1.4,144,medium,Electronics
C00816,price_sensitive,Islamabad,ICT,2025-04-03,2025-02-01,2025-12-16,15.0,4,6,23.0,867663.17,101458.567018,766214.82,127702.46999999999,3.8333333333333335,0.11693312627064717,8800.68,757414.1399999999,0.011485917226189909,0,1.5,455,medium,Electronics
C00817,price_sensitive,Islamabad,ICT,2025-12-16,2025-03-06,2025-12-04,27.0,4,5,13.0,582336.4199999999,45283.219276,537053.89,107410.778,2.6,0.0777612694668831,0.0,537053.89,0.0,0,1.25,445,medium,Electronics
C00818,price_sensitive,Lahore,Punjab,2025-05-13,2025-02-01,2025-08-24,129.0,2,3,6.0,117389.63,13543.762574999999,103848.22,34616.073333333334,2.0,0.11537443788688999,0.0,103848.22,0.0,0,1.5,252,medium,Electronics
C00819,price_sensitive,Lahore,Punjab,2025-06-20,2025-01-30,2025-05-28,217.0,2,3,8.0,290501.96,32691.074446,257815.1,85938.36666666667,2.6666666666666665,0.11253305983202315,8252.67,249562.43,0.03201003354729804,0,1.5,153,medium,Electronics
C00820,regular,Karachi,Sindh,2025-11-09,2025-03-25,2025-12-29,2.0,2,2,4.0,19512.92,556.061223,18957.27,9478.635,2.0,0.028497079012264698,0.0,18957.27,0.0,0,1.0,521,medium,Attach & Addons
C00821,price_sensitive,Lahore,Punjab,2025-10-11,2025-01-11,2025-12-21,10.0,3,3,6.0,987528.71,117025.48585600001,870514.2899999999,290171.43,2.0,0.11850337582185334,0.0,870514.2899999999,0.0,0,1.0,525,medium,Electronics
C00822,loyal,Lahore,Punjab,2025-06-24,2025-03-29,2025-12-11,20.0,8,11,31.0,819253.2,24551.940579,794709.45,72246.31363636363,2.8181818181818183,0.029968684381092438,0.0,794709.45,0.0,0,1.375,445,medium,Electronics
C00823,regular,Karachi,Sindh,2025-06-14,2025-06-29,2025-12-17,14.0,2,3,5.0,29391.87,473.760496,28917.98,9639.326666666666,1.6666666666666667,0.0161187599155821,0.0,28917.98,0.0,0,1.5,551,medium,Attach & Addons
C00824,regular,Lahore,Punjab,2025-04-30,2025-01-07,2025-02-28,306.0,2,2,6.0,140352.97,11556.05799,128797.23,64398.615,3.0,0.08233568545076032,0.0,128797.23,0.0,0,1.0,122,medium,Electronics
C00825,regular,Karachi,Sindh,2025-06-05,2025-01-17,2025-12-05,26.0,4,4,14.0,130313.45,4345.832745,125967.04,31491.76,3.5,0.03334907290843731,0.0,125967.04,0.0,0,1.0,422,medium,Electronics
C00826,regular,Lahore,Punjab,2025-04-18,2025-01-18,2025-12-03,28.0,6,7,15.0,84700.01000000001,2685.440173,82015.86,11716.551428571429,2.142857142857143,0.03170531116820411,6414.91,75600.95,0.07821548173731276,0,1.1666666666666667,432,medium,Fashion
C00827,one_time,Lahore,Punjab,2025-11-30,2025-08-08,2025-10-16,76.0,3,3,6.0,24179.98,891.877124,23288.390000000003,7762.796666666668,2.0,0.03688494051690696,0.0,23288.390000000003,0.0,0,1.0,221,medium,Fashion
C00828,loyal,Lahore,Punjab,2025-10-20,2025-02-08,2025-09-26,96.0,5,9,22.0,197398.39,10014.516112,187387.58,20820.84222222222,2.4444444444444446,0.050732511607617464,0.0,187387.58,0.0,0,1.8,253,medium,Electronics
C00829,regular,Lahore,Punjab,2025-10-12,2025-02-27,2025-07-09,175.0,3,4,9.0,270538.32,926.8412920000001,269611.44,67402.86,2.25,0.0034259150127050396,0.0,269611.44,0.0,0,1.3333333333333333,143,medium,Electronics
C00830,high_return,Islamabad,ICT,2025-02-04,2025-02-01,2025-09-22,100.0,4,5,14.0,311615.77,4522.194172,307086.66000000003,61417.33200000001,2.8,0.014512083813986693,223251.89,83834.77000000002,0.7269996358682594,1,1.25,242,medium,Electronics
C00831,one_time,Islamabad,ICT,2025-09-02,2025-02-25,2025-03-01,305.0,2,2,4.0,29487.62,117.179017,29370.54,14685.27,2.0,0.003973837732580656,0.0,29370.54,0.0,0,1.0,121,medium,Fashion
C00832,loyal,Lahore,Punjab,2025-06-10,2025-01-07,2025-09-08,114.0,6,12,37.0,1208468.46,38223.802924,1170238.42,97519.86833333333,3.0833333333333335,0.03162995492989532,124726.16,1045512.2599999999,0.1065818365457528,1,2.0,255,medium,Electronics
C00833,one_time,Islamabad,ICT,2025-07-25,2025-09-26,2025-12-09,22.0,2,2,4.0,53537.31,980.530425,52557.89,26278.945,2.0,0.01831489899287058,33434.15,19123.739999999998,0.6361395025561338,1,1.0,421,medium,Electronics
C00834,regular,Karachi,Sindh,2025-10-03,2025-01-06,2025-10-24,68.0,4,6,20.0,677662.98,29192.380703999996,648478.66,108079.77666666667,3.3333333333333335,0.04307802191584967,0.0,648478.66,0.0,0,1.5,255,medium,Electronics
C00835,regular,Islamabad,ICT,2025-08-04,2025-09-03,2025-09-03,119.0,1,1,1.0,205463.03,13663.291495000001,191804.89,191804.89,1.0,0.0665,0.0,191804.89,0.0,0,1.0,223,medium,Electronics
C00836,regular,Karachi,Sindh,2025-05-06,2025-01-22,2025-08-01,152.0,3,3,5.0,59307.729999999996,2981.4007599999995,56324.380000000005,18774.793333333335,1.6666666666666667,0.050270019776511424,0.0,56324.380000000005,0.0,0,1.0,122,medium,Electronics
C00837,regular,Karachi,Sindh,2025-11-02,2025-04-29,2025-04-29,246.0,1,1,3.0,255259.32,0.0,255259.32,255259.32,3.0,0.0,0.0,255259.32,0.0,0,1.0,123,medium,Electronics
C00838,regular,Karachi,Sindh,2025-02-08,2025-03-31,2025-09-09,113.0,4,4,13.0,281849.41,3290.3289480000003,278550.96,69637.74,3.25,0.011674067183607022,0.0,278550.96,0.0,0,1.0,223,medium,Electronics
C00839,one_time,Islamabad,ICT,2025-06-27,2025-02-06,2025-07-14,170.0,4,4,7.0,114436.29000000001,6481.942010999999,107950.85,26987.7125,1.75,0.05664236415738398,3324.05,104626.8,0.03079225406747608,0,1.0,122,medium,Electronics
C00840,one_time,Lahore,Punjab,2025-10-21,2025-01-08,2025-01-08,357.0,1,1,3.0,59721.92,1489.3289809999999,58231.47,58231.47,3.0,0.02493772773882688,0.0,58231.47,0.0,0,1.0,122,medium,Electronics
C00841,loyal,Lahore,Punjab,2025-05-06,2025-01-10,2025-12-31,0.0,8,15,48.0,1982896.37,80740.855572,1902152.34,126810.156,3.2,0.04071864611462272,0.0,1902152.34,0.0,0,1.875,555,medium,Electronics
C00842,price_sensitive,Islamabad,ICT,2025-12-02,2025-02-01,2025-12-24,7.0,5,6,16.0,414871.9,33175.324087,381705.60000000003,63617.600000000006,2.6666666666666665,0.07996522320986309,0.0,381705.60000000003,0.0,0,1.2,534,medium,Electronics
C00843,regular,Karachi,Sindh,2025-01-08,2025-01-11,2025-09-21,101.0,4,4,12.0,518603.92,6512.50725,512084.47,128021.1175,3.0,0.012557767110591837,0.0,512084.47,0.0,0,1.0,224,medium,Electronics
C00844,regular,Islamabad,ICT,2025-05-09,2025-02-03,2025-12-18,13.0,5,8,17.0,752469.9,62526.845651,689951.47,86243.93375,2.125,0.08309547750813687,315648.27,374303.19999999995,0.4574934379080315,1,1.6,554,medium,Electronics
C00845,regular,Lahore,Punjab,2025-06-06,2025-01-15,2025-09-15,107.0,6,7,27.0,946259.4800000001,17675.359974000003,928597.0900000001,132656.72714285715,3.857142857142857,0.0186791893213054,0.0,928597.0900000001,0.0,0,1.1666666666666667,235,medium,Electronics
C00846,one_time,Islamabad,ICT,2025-01-05,2025-08-01,2025-10-17,75.0,2,3,8.0,42451.27,1903.045179,40548.62,13516.206666666667,2.6666666666666665,0.04482893395179932,0.0,40548.62,0.0,0,1.5,251,medium,Fashion
C00847,regular,Islamabad,ICT,2025-06-24,2025-03-03,2025-12-30,1.0,4,4,8.0,96249.33,4835.015775,91414.61,22853.6525,2.0,0.05023427981264908,0.0,91414.61,0.0,0,1.0,522,medium,Electronics
C00848,regular,Lahore,Punjab,2025-11-07,2025-07-06,2025-07-06,178.0,1,1,1.0,2384.53,0.0,2384.53,2384.53,1.0,0.0,2259.1,125.43000000000029,0.9473984391054001,1,1.0,121,medium,Fashion
C00849,regular,Lahore,Punjab,2025-04-24,2025-01-07,2025-11-22,39.0,4,4,11.0,337279.03,6363.640885,330903.52,82725.88,2.75,0.01886758534913955,0.0,330903.52,0.0,0,1.0,324,medium,Electronics
C00850,price_sensitive,Karachi,Sindh,2025-01-26,2025-01-25,2025-12-24,7.0,4,6,14.0,284687.77,34303.632131,250384.81000000003,41730.80166666667,2.3333333333333335,0.12049562975957835,151692.77,98692.04000000004,0.6058385490717267,1,1.5,552,medium,Electronics
C00851,regular,Karachi,Sindh,2025-08-20,2025-06-10,2025-11-25,36.0,6,7,18.0,132892.55,1541.514214,131350.35,18764.335714285717,2.5714285714285716,0.011599703775719557,0.0,131350.35,0.0,0,1.1666666666666667,332,medium,Fashion
C00852,regular,Lahore,Punjab,2025-11-24,2025-03-22,2025-11-03,58.0,3,3,9.0,70125.58,427.540932,69698.69,23232.896666666667,3.0,0.006096789958813888,0.0,69698.69,0.0,0,1.0,322,medium,Electronics
C00853,regular,Karachi,Sindh,2025-10-16,2025-02-19,2025-11-04,57.0,4,4,10.0,458274.36000000004,13900.924571,444375.21,111093.8025,2.5,0.030333192917447963,0.0,444375.21,0.0,0,1.0,324,medium,Electronics
C00854,high_return,Lahore,Punjab,2025-10-14,2025-07-18,2025-11-28,33.0,3,5,17.0,337196.82,11691.089523,325505.65,65101.130000000005,3.4,0.03467141096704293,6171.7,319333.95,0.018960346771246517,0,1.6666666666666667,454,medium,Electronics
C00855,high_return,Islamabad,ICT,2025-02-22,2025-04-05,2025-07-03,181.0,4,4,14.0,376478.5,10822.462303999999,365658.07,91414.5175,3.5,0.028746561368046247,3721.16,361936.91000000003,0.010176611171196084,0,1.0,124,medium,Electronics
C00856,regular,Karachi,Sindh,2025-12-27,2025-03-07,2025-08-13,140.0,2,3,8.0,275595.44,5062.7646970000005,270533.9,90177.96666666667,2.6666666666666665,0.01837027745088961,0.0,270533.9,0.0,0,1.5,153,medium,Electronics
C00857,loyal,Lahore,Punjab,2025-08-08,2025-01-18,2025-12-27,4.0,9,12,45.0,1370452.85,51744.079981,1318729.33,109894.11083333334,3.75,0.037756920992210716,1220.61,1317508.72,0.000925595550377271,0,1.3333333333333333,545,medium,Electronics
C00858,price_sensitive,Islamabad,ICT,2025-07-11,2025-01-15,2025-12-20,11.0,4,5,16.0,263024.85000000003,39147.464612,223882.56,44776.512,3.2,0.14883561234613382,0.0,223882.56,0.0,0,1.25,543,medium,Electronics
C00859,loyal,Islamabad,ICT,2025-03-14,2025-03-21,2025-12-20,11.0,8,14,53.0,1260728.41,60492.996243,1200215.74,85729.69571428571,3.7857142857142856,0.047982575599291845,3914.62,1196301.1199999999,0.003261596952561212,0,1.75,555,medium,Electronics
C00860,regular,Lahore,Punjab,2025-03-30,2025-05-31,2025-10-02,90.0,2,2,2.0,6164.26,264.919914,5899.13,2949.565,1.0,0.04297675860525026,4745.57,1153.5600000000004,0.8044525209649558,1,1.0,221,medium,Fashion
C00861,regular,Lahore,Punjab,2025-03-14,2025-06-20,2025-06-20,194.0,1,1,2.0,7489.43,53.780331,7435.46,7435.46,2.0,0.0071808309844674425,0.0,7435.46,0.0,0,1.0,121,medium,Fashion
C00862,loyal,Islamabad,ICT,2025-06-08,2025-01-13,2025-12-29,2.0,8,9,36.0,788757.51,53896.441225,734875.07,81652.78555555554,4.0,0.06833081212120568,0.0,734875.07,0.0,0,1.125,535,medium,Electronics
C00863,regular,Islamabad,ICT,2025-11-20,2025-04-13,2025-08-22,131.0,2,3,8.0,120807.21,1169.523871,119637.21,39879.07,2.6666666666666665,0.009680911188992777,0.0,119637.21,0.0,0,1.5,252,medium,Electronics
C00864,high_return,Lahore,Punjab,2025-04-12,2025-02-15,2025-12-28,3.0,6,6,17.0,549602.3099999999,413.67208000000005,549188.75,91531.45833333333,2.8333333333333335,0.000752675293522693,7792.72,541396.03,0.014189511347419262,0,1.0,525,medium,Electronics
C00865,price_sensitive,Lahore,Punjab,2025-04-12,2025-02-26,2025-11-08,53.0,3,5,15.0,387429.83999999997,25197.690925,362227.32,72445.464,3.0,0.06503807482923876,0.0,362227.32,0.0,0,1.6666666666666667,354,medium,Electronics
C00866,one_time,Islamabad,ICT,2025-03-23,2025-04-16,2025-11-25,36.0,3,3,9.0,107225.61,1975.6987679999997,105250.87000000001,35083.62333333334,3.0,0.018425623953083593,0.0,105250.87000000001,0.0,0,1.0,322,medium,Electronics
C00867,regular,Islamabad,ICT,2025-10-06,2025-07-20,2025-10-18,74.0,2,5,13.0,58947.36,1151.205016,57795.7,11559.14,2.6,0.019529373597053368,9506.0,48289.7,0.16447590391672737,1,2.5,251,low,Electronics
C00868,one_time,Lahore,Punjab,2025-11-27,2025-03-17,2025-11-29,32.0,4,7,17.0,993622.36,15950.148725000001,977684.95,139669.27857142856,2.4285714285714284,0.01605252595664212,0.0,977684.95,0.0,0,1.75,455,medium,Electronics
C00869,one_time,Lahore,Punjab,2025-11-06,2025-11-22,2025-11-22,39.0,1,1,1.0,4008.33,0.0,4008.33,4008.33,1.0,0.0,3613.31,395.02,0.9014502298962411,1,1.0,321,medium,Fashion
C00870,high_return,Islamabad,ICT,2025-08-01,2025-03-07,2025-12-30,1.0,5,6,18.0,143859.38,1251.714571,142607.8,23767.966666666664,3.0,0.008700959026794082,0.0,142607.8,0.0,0,1.2,532,medium,Fashion
C00871,price_sensitive,Lahore,Punjab,2025-03-17,2025-01-16,2025-12-29,2.0,6,8,25.0,520761.31,30722.619369,490041.39,61255.17375,3.125,0.05899558738148193,0.0,490041.39,0.0,0,1.3333333333333333,544,medium,Electronics
C00872,high_return,Lahore,Punjab,2025-05-23,2025-01-11,2025-12-22,9.0,6,9,22.0,713924.3099999999,7924.5883349999995,705999.04,78444.33777777778,2.4444444444444446,0.01110003991179401,0.0,705999.04,0.0,0,1.5,555,medium,Electronics
C00873,regular,Lahore,Punjab,2025-11-12,2025-03-21,2025-03-21,285.0,1,1,2.0,5694.51,419.760171,5275.0,5275.0,2.0,0.07371313264881438,0.0,5275.0,0.0,0,1.0,121,medium,Fashion
C00874,one_time,Lahore,Punjab,2025-11-01,2025-07-27,2025-12-14,17.0,3,3,8.0,72642.07,2281.961118,70361.14,23453.713333333333,2.6666666666666665,0.03141376777946994,0.0,70361.14,0.0,0,1.0,422,medium,Electronics
C00875,one_time,Karachi,Sindh,2025-10-18,2025-07-18,2025-07-18,166.0,1,1,2.0,30015.190000000002,457.909885,29557.3,29557.3,2.0,0.01525593824326949,0.0,29557.3,0.0,0,1.0,121,medium,Attach & Addons
C00876,price_sensitive,Karachi,Sindh,2025-09-24,2025-02-16,2025-11-08,53.0,6,7,15.0,344734.64,23910.483065,320834.32,45833.474285714285,2.142857142857143,0.06935909621673064,0.0,320834.32,0.0,0,1.1666666666666667,334,medium,Electronics
C00877,high_return,Islamabad,ICT,2025-04-20,2025-02-10,2025-12-06,25.0,5,7,22.0,419946.94,34281.275397,385654.91000000003,55093.55857142858,3.142857142857143,0.08163239717141407,0.0,385654.91000000003,0.0,0,1.4,444,medium,Electronics
C00878,high_return,Karachi,Sindh,2025-09-22,2025-01-02,2025-11-24,37.0,6,7,14.0,298369.2,2386.396437,295978.64,42282.66285714286,2.0,0.007998132639025744,10607.31,285371.33,0.03583809291102898,0,1.1666666666666667,333,medium,Electronics
C00879,one_time,Lahore,Punjab,2025-10-09,2025-03-04,2025-07-29,155.0,3,4,10.0,308083.27999999997,7902.414603,300192.49,75048.1225,2.5,0.025650254707103873,0.0,300192.49,0.0,0,1.3333333333333333,144,medium,Electronics
C00880,regular,Karachi,Sindh,2025-04-27,2025-01-07,2025-10-22,70.0,5,6,22.0,474649.82,14677.246765,459977.0,76662.83333333333,3.6666666666666665,0.030922263417270442,0.0,459977.0,0.0,0,1.2,234,medium,Electronics
C00881,regular,Islamabad,ICT,2025-06-02,2025-01-12,2025-11-10,51.0,5,5,10.0,66869.77,1544.415578,65325.53,13065.106,2.0,0.023095870944374416,17104.13,48221.399999999994,0.2618291807200034,1,1.0,321,medium,Attach & Addons
C00882,one_time,Islamabad,ICT,2025-10-31,2025-03-15,2025-08-31,122.0,2,2,9.0,147379.37,4323.716381,143060.72,71530.36,4.5,0.029337324355505116,12425.46,130635.26000000001,0.08685444893608811,0,1.0,222,medium,Electronics
C00883,high_return,Islamabad,ICT,2025-10-27,2025-03-13,2025-11-03,58.0,3,3,7.0,483665.48,33845.751169,449814.67000000004,149938.22333333336,2.3333333333333335,0.06997760346469217,0.0,449814.67000000004,0.0,0,1.0,324,medium,Electronics
C00884,one_time,Karachi,Sindh,2025-02-12,2025-04-20,2025-11-06,55.0,2,2,6.0,81431.61,686.055969,80744.76999999999,40372.384999999995,3.0,0.008424934359028392,0.0,80744.76999999999,0.0,0,1.0,322,medium,Electronics
C00885,regular,Karachi,Sindh,2025-11-22,2025-05-11,2025-12-06,25.0,5,6,14.0,454029.86,11246.826211,442794.42000000004,73799.07,2.3333333333333335,0.02477111573895162,137252.05000000002,305542.37,0.3099678853224935,1,1.2,434,medium,Electronics
C00886,regular,Karachi,Sindh,2025-12-30,2025-05-25,2025-11-09,52.0,3,4,13.0,360565.72,2557.8192929999996,358007.48,89501.87,3.25,0.00709390591263085,0.0,358007.48,0.0,0,1.3333333333333333,344,medium,Electronics
C00887,regular,Islamabad,ICT,2025-01-21,2025-12-17,2025-12-17,14.0,1,1,5.0,24945.559999999998,1725.094488,23220.23,23220.23,5.0,0.0691543700762781,0.0,23220.23,0.0,0,1.0,521,medium,Fashion
C00888,price_sensitive,Lahore,Punjab,2025-12-02,2025-01-15,2025-12-08,23.0,4,6,17.0,432688.16000000003,43470.171705,389222.28,64870.380000000005,2.8333333333333335,0.10046535986794738,0.0,389222.28,0.0,0,1.5,454,medium,Electronics
C00889,high_return,Lahore,Punjab,2025-05-04,2025-01-05,2025-12-07,24.0,6,6,12.0,291663.51999999996,2989.561049,288675.0,48112.5,2.0,0.010250034179797324,0.0,288675.0,0.0,0,1.0,423,medium,Electronics
C00890,regular,Islamabad,ICT,2025-10-19,2025-11-29,2025-11-29,32.0,1,1,2.0,6762.8099999999995,30.896208,6731.9,6731.9,2.0,0.0045685459150855935,0.0,6731.9,0.0,0,1.0,421,medium,Fashion
C00891,regular,Islamabad,ICT,2025-09-28,2025-04-03,2025-10-26,66.0,2,2,2.0,22432.829999999998,542.788926,21889.62,10944.81,1.0,0.02419618594711412,0.0,21889.62,0.0,0,1.0,321,medium,Electronics
C00892,price_sensitive,Islamabad,ICT,2025-05-21,2025-03-17,2025-12-28,3.0,7,9,27.0,354526.62,26858.234923,327669.18,36407.68666666667,3.0,0.07575802043581382,0.0,327669.18,0.0,0,1.2857142857142858,544,medium,Electronics
C00893,one_time,Islamabad,ICT,2025-10-17,2025-01-22,2025-11-29,32.0,6,8,23.0,640939.1,6121.1363329999995,634828.58,79353.5725,2.875,0.009550262003051459,13595.51,621233.07,0.02141603328570998,0,1.3333333333333333,445,medium,Electronics
C00894,price_sensitive,Lahore,Punjab,2025-02-21,2025-01-08,2025-12-26,5.0,4,6,10.0,64909.39,6368.5827899999995,58541.46,9756.91,1.6666666666666667,0.09811496903606703,0.0,58541.46,0.0,0,1.5,552,medium,Fashion
C00895,regular,Karachi,Sindh,2025-06-06,2025-02-12,2025-10-08,84.0,2,2,5.0,244784.8,3670.4483939999996,241108.61,120554.305,2.5,0.014994592777002493,0.0,241108.61,0.0,0,1.0,223,medium,Electronics
C00896,regular,Karachi,Sindh,2025-10-18,2025-04-15,2025-04-15,260.0,1,1,2.0,210740.56,8690.35181,202047.88,202047.88,2.0,0.041237205642805544,0.0,202047.88,0.0,0,1.0,123,medium,Electronics
C00897,high_return,Lahore,Punjab,2025-04-16,2025-09-26,2025-11-13,48.0,2,2,4.0,237517.21000000002,13030.21529,224483.56999999998,112241.78499999999,2.0,0.054860089043652874,0.0,224483.56999999998,0.0,0,1.0,323,medium,Electronics
C00898,high_return,Karachi,Sindh,2025-05-26,2025-02-13,2025-11-09,52.0,5,6,8.0,243431.06999999998,1455.5571539999999,241975.33,40329.221666666665,1.3333333333333333,0.005979340081773457,0.0,241975.33,0.0,0,1.2,333,medium,Electronics
C00899,one_time,Lahore,Punjab,2025-03-18,2025-06-04,2025-06-04,210.0,1,1,1.0,53025.62,58.328182000000005,52966.56,52966.56,1.0,0.0011,0.0,52966.56,0.0,0,1.0,121,medium,Electronics
C00900,one_time,Karachi,Sindh,2025-12-11,2025-05-01,2025-08-31,122.0,2,3,8.0,479361.31,26578.332348999997,452769.42999999993,150923.1433333333,2.6666666666666665,0.055445301476249716,0.0,452769.42999999993,0.0,0,1.5,254,medium,Electronics
C00901,one_time,Lahore,Punjab,2025-09-20,2025-03-12,2025-08-27,126.0,2,2,6.0,240051.01,7243.485067,232805.44,116402.72,3.0,0.030174774382328153,0.0,232805.44,0.0,0,1.0,223,medium,Electronics
C00902,regular,Karachi,Sindh,2025-03-15,2025-08-22,2025-10-13,79.0,2,4,7.0,298630.38,7134.387430000001,291496.54000000004,72874.13500000001,1.75,0.023890360485091973,0.0,291496.54000000004,0.0,0,2.0,253,medium,Electronics
C00903,regular,Islamabad,ICT,2025-06-08,2025-05-16,2025-10-20,72.0,3,3,5.0,407524.55,5182.2448540000005,402347.07,134115.69,1.6666666666666667,0.012716399181349935,0.0,402347.07,0.0,0,1.0,224,medium,Electronics
C00904,regular,Islamabad,ICT,2025-11-08,2025-02-10,2025-08-26,127.0,4,4,10.0,364720.77999999997,33530.44152,331202.57,82800.6425,2.5,0.0919345520153801,0.0,331202.57,0.0,0,1.0,224,medium,Electronics
C00905,regular,Karachi,Sindh,2025-10-25,2025-01-19,2025-11-26,35.0,3,4,11.0,346634.48,12395.407646,334248.67,83562.1675,2.75,0.035759303708044275,0.0,334248.67,0.0,0,1.3333333333333333,444,medium,Electronics
C00906,regular,Lahore,Punjab,2025-03-25,2025-01-18,2025-12-07,24.0,3,4,9.0,550125.58,47384.439433,502744.04,125686.01,2.25,0.08613385953258164,0.0,502744.04,0.0,0,1.3333333333333333,444,medium,Electronics
C00907,one_time,Karachi,Sindh,2025-09-20,2025-08-08,2025-08-08,145.0,1,1,1.0,24126.11,0.0,24126.11,24126.11,1.0,0.0,0.0,24126.11,0.0,0,1.0,121,medium,Attach & Addons
C00908,regular,Karachi,Sindh,2025-06-21,2025-03-20,2025-11-05,56.0,5,6,15.0,118284.31,1188.140305,117098.0,19516.333333333332,2.5,0.010044783665728784,2322.17,114775.83,0.01983099625954329,0,1.2,332,medium,Attach & Addons
C00909,loyal,Islamabad,ICT,2025-12-28,2025-02-19,2025-12-23,8.0,6,7,16.0,1067441.11,56245.834043,1011211.41,144458.77285714287,2.2857142857142856,0.05269221272825064,11377.31,999834.1,0.011251168536557552,0,1.1666666666666667,535,medium,Electronics
C00910,loyal,Lahore,Punjab,2025-05-21,2025-02-02,2025-09-13,109.0,7,10,30.0,456068.68,16087.485236,439981.07,43998.107,3.0,0.03527426008731843,3992.42,435988.65,0.00907407220951574,0,1.4285714285714286,254,medium,Electronics
C00911,high_return,Islamabad,ICT,2025-04-28,2025-01-13,2025-12-15,16.0,4,5,17.0,276006.21,9253.713818,266752.61000000004,53350.52200000001,3.4,0.03352719425407131,7216.44,259536.17000000004,0.027052931178442822,0,1.25,443,medium,Electronics
C00912,one_time,Karachi,Sindh,2025-08-08,,,,0,0,0.0,0.0,0.0,0.0,0.0,0.0,0.0,0.0,0.0,0.0,0,0.0,111,unknown,
C00913,price_sensitive,Islamabad,ICT,2025-01-09,2025-01-25,2025-10-29,63.0,6,8,18.0,877769.3,76010.048606,801761.6,100220.2,2.25,0.08659456261001608,0.0,801761.6,0.0,0,1.3333333333333333,345,medium,Electronics
C00914,high_return,Lahore,Punjab,2025-05-01,2025-03-24,2025-11-24,37.0,2,3,15.0,397547.94,695.074916,396851.51,132283.83666666667,5.0,0.0017484052766063888,0.0,396851.51,0.0,0,1.5,354,medium,Electronics
C00915,regular,Karachi,Sindh,2025-03-13,2025-06-25,2025-12-17,14.0,3,3,8.0,412421.23,7508.832184999999,404909.93999999994,134969.97999999998,2.6666666666666665,0.018206706247881566,6704.93,398205.00999999995,0.016559064961457853,0,1.0,524,medium,Electronics
C00916,regular,Karachi,Sindh,2025-02-18,2025-02-01,2025-12-09,22.0,4,4,12.0,719362.63,13984.036168000002,705393.31,176348.3275,3.0,0.019439480986105716,21800.420000000002,683592.89,0.030905339887615322,0,1.0,425,medium,Electronics
C00917,price_sensitive,Islamabad,ICT,2025-10-20,2025-03-04,2025-11-24,37.0,4,4,10.0,219304.25999999998,28541.606094,190765.05,47691.2625,2.5,0.13014615445226646,4108.73,186656.31999999998,0.021538169596579667,0,1.0,323,medium,Electronics
C00918,price_sensitive,Lahore,Punjab,2025-06-01,2025-01-26,2025-11-04,57.0,6,6,16.0,387086.64,40051.877758,347030.82,57838.47,2.6666666666666665,0.10347005972099683,0.0,347030.82,0.0,0,1.0,324,medium,Electronics
C00919,regular,Lahore,Punjab,2025-03-01,2025-03-26,2025-10-26,66.0,4,4,8.0,156027.03,7009.38814,149017.02,37254.255,2.0,0.04492419127634487,26516.75,122500.26999999999,0.17794443882987326,1,1.0,322,medium,Electronics
C00920,regular,Lahore,Punjab,2025-12-11,2025-04-16,2025-11-05,56.0,4,5,13.0,447808.66000000003,15785.832419999999,432014.15,86402.83,2.6,0.0352512888428732,0.0,432014.15,0.0,0,1.25,344,medium,Electronics
C00921,loyal,Lahore,Punjab,2025-06-13,2025-03-02,2025-11-17,44.0,8,11,47.0,1046038.49,40087.992479,1005946.41,91449.67363636364,4.2727272727272725,0.038323630403886956,0.0,1005946.41,0.0,0,1.375,345,medium,Electronics
C00922,price_sensitive,Lahore,Punjab,2025-08-30,2025-03-29,2025-10-01,91.0,5,6,16.0,527813.42,139330.674757,388470.64999999997,64745.10833333333,2.6666666666666665,0.2639771356268281,0.0,388470.64999999997,0.0,0,1.2,234,medium,Electronics
C00923,price_sensitive,Karachi,Sindh,2025-02-18,2025-07-28,2025-12-30,1.0,3,3,8.0,402232.99,29793.727084000002,372456.50000000006,124152.16666666669,2.6666666666666665,0.07407081921351107,9100.48,363356.0200000001,0.024433672120099927,0,1.0,524,medium,Electronics
C00924,regular,Karachi,Sindh,2025-08-14,2025-04-11,2025-11-06,55.0,3,3,14.0,408050.12,4931.211413,403115.88,134371.96,4.666666666666667,0.012084817945893509,4396.32,398719.56,0.010905846725760344,0,1.0,324,medium,Electronics
C00925,one_time,Lahore,Punjab,2025-05-29,2025-03-26,2025-05-20,225.0,2,2,7.0,328105.2,143.928301,327961.17000000004,163980.58500000002,3.5,0.0004386651019246266,0.0,327961.17000000004,0.0,0,1.0,124,medium,Electronics
C00926,loyal,Lahore,Punjab,2025-10-20,2025-01-02,2025-11-05,56.0,6,7,22.0,195751.96,8159.0463660000005,187593.37,26799.052857142855,3.142857142857143,0.041680534723636996,58325.82,129267.54999999999,0.3109162120175143,1,1.1666666666666667,332,medium,Electronics
C00927,high_return,Karachi,Sindh,2025-06-09,2025-01-02,2025-12-10,21.0,4,4,12.0,904104.97,29199.026017999997,874916.2,218729.05,3.0,0.03229605741244847,0.0,874916.2,0.0,0,1.0,425,medium,Electronics
C00928,high_return,Karachi,Sindh,2025-03-19,2025-03-02,2025-12-09,22.0,4,4,9.0,205282.48,11135.473267000001,194153.05,48538.2625,2.25,0.05424463532884054,18153.77,175999.28,0.09350236836351529,0,1.0,423,medium,Electronics
C00929,high_return,Lahore,Punjab,2025-09-11,2025-01-09,2025-12-13,18.0,3,4,11.0,160902.4,3801.995276,157097.47,39274.3675,2.75,0.023629201776977846,0.0,157097.47,0.0,0,1.3333333333333333,443,medium,Electronics
C00930,price_sensitive,Lahore,Punjab,2025-11-16,2025-07-30,2025-12-30,1.0,5,6,13.0,88730.82,6988.496789,81742.01,13623.668333333333,2.1666666666666665,0.07876064696573298,1133.44,80608.56999999999,0.013866064707731069,0,1.2,532,medium,Attach & Addons
C00931,loyal,Karachi,Sindh,2025-03-26,2025-02-05,2025-12-16,15.0,7,9,32.0,890288.44,52804.781709999996,837503.06,93055.89555555556,3.5555555555555554,0.05931199298735138,4171.03,833332.03,0.004980316131621059,0,1.2857142857142858,445,medium,Electronics
C00932,regular,Islamabad,ICT,2025-02-11,2025-03-10,2025-10-10,82.0,3,3,10.0,344164.86,2926.201151,341235.31,113745.10333333333,3.3333333333333335,0.008502324005419962,23406.25,317829.06,0.06859269634200517,0,1.0,224,medium,Electronics
C00933,one_time,Islamabad,ICT,2025-06-16,2025-02-22,2025-10-08,84.0,3,4,7.0,256931.02,8033.296425,248905.64,62226.41,1.75,0.03126635477880406,0.0,248905.64,0.0,0,1.3333333333333333,243,medium,Electronics
C00934,regular,Islamabad,ICT,2025-10-07,2025-07-23,2025-12-28,3.0,3,3,9.0,56947.56,1687.051182,55260.09,18420.03,3.0,0.02962464383021854,0.0,55260.09,0.0,0,1.0,522,medium,Fashion
C00935,loyal,Karachi,Sindh,2025-01-19,2025-03-18,2025-10-24,68.0,4,7,24.0,293227.8,17993.274886,275232.01,39318.85857142857,3.4285714285714284,0.06136278649568697,2110.54,273121.47000000003,0.007668221439795465,0,1.75,253,medium,Electronics
C00936,high_return,Karachi,Sindh,2025-04-12,2025-03-11,2025-09-19,103.0,2,3,11.0,640019.4,10256.56539,629777.9199999999,209925.9733333333,3.6666666666666665,0.016025397652008673,3450.93,626326.9899999999,0.005479598268545205,0,1.5,255,medium,Electronics
C00937,high_return,Karachi,Sindh,2025-06-16,2025-04-19,2025-12-09,22.0,5,5,11.0,97727.14,2468.246546,95258.37,19051.674,2.2,0.025256510586516703,17201.760000000002,78056.60999999999,0.18058003721877672,1,1.0,422,medium,Fashion
C00938,regular,Islamabad,ICT,2025-02-05,2025-02-28,2025-12-29,2.0,4,4,13.0,141552.76,4774.708047,136777.48,34194.37,3.25,0.03373094277356372,5335.91,131441.57,0.03901161214550816,0,1.0,522,medium,Fashion
C00939,loyal,Lahore,Punjab,2025-12-19,2025-02-13,2025-11-27,34.0,8,10,24.0,757957.97,11942.596764999998,746028.28,74602.82800000001,2.4,0.015756278365936304,0.0,746028.28,0.0,0,1.25,445,medium,Electronics
C00940,high_return,Karachi,Sindh,2025-03-14,2025-02-22,2025-11-15,46.0,6,8,18.0,120557.56,2059.28525,118499.20999999999,14812.401249999999,2.25,0.01708134479496765,4326.45,114172.76,0.03651036998474505,0,1.3333333333333333,342,medium,Fashion
C00941,price_sensitive,Karachi,Sindh,2025-03-11,2025-05-20,2025-12-24,7.0,3,6,9.0,358547.81999999995,22887.427481,335670.07999999996,55945.01333333333,1.5,0.06383368188098314,0.0,335670.07999999996,0.0,0,2.0,554,medium,Electronics
C00942,one_time,Karachi,Sindh,2025-07-15,2025-01-02,2025-01-02,363.0,1,1,1.0,6952.87,0.0,6952.87,6952.87,1.0,0.0,0.0,6952.87,0.0,0,1.0,121,medium,Fashion
C00943,one_time,Islamabad,ICT,2025-11-12,2025-09-30,2025-09-30,92.0,1,1,5.0,263565.14999999997,4043.795583,259525.92,259525.92,5.0,0.015342679345125865,0.0,259525.92,0.0,0,1.0,223,medium,Electronics
C00944,loyal,Lahore,Punjab,2025-01-05,2025-04-04,2025-12-23,8.0,4,6,21.0,413321.31,6839.179507000001,406481.51,67746.91833333333,3.5,0.01654688336055066,0.0,406481.51,0.0,0,1.5,554,medium,Electronics
C00945,loyal,Islamabad,ICT,2025-06-09,2025-02-14,2025-12-24,7.0,10,14,41.0,789185.66,55027.678002,734142.37,52438.74071428571,2.9285714285714284,0.06972716407695496,239253.85,494888.52,0.3258957114816844,1,1.4,544,medium,Electronics
C00946,one_time,Islamabad,ICT,2025-08-18,2025-03-11,2025-03-11,295.0,1,1,5.0,55959.759999999995,3384.734351,52575.03,52575.03,5.0,0.06048514773830339,15307.810000000001,37267.22,0.2911612223521318,1,1.0,121,medium,Fashion
C00947,high_return,Islamabad,ICT,2025-03-08,2025-01-01,2025-12-19,12.0,4,5,16.0,489106.63,2974.692195,486123.16000000003,97224.63200000001,3.2,0.006081888922667027,20605.46,465517.7,0.04238732423281375,0,1.25,544,medium,Electronics
C00948,one_time,Karachi,Sindh,2025-02-27,2025-03-15,2025-11-29,32.0,4,4,7.0,41843.55,3086.1628410000003,38757.39,9689.3475,1.75,0.07375480428883305,4912.54,33844.85,0.12675105315399204,1,1.0,421,medium,Fashion
C00949,price_sensitive,Islamabad,ICT,2025-11-22,2025-03-21,2025-08-26,127.0,4,7,22.0,603698.87,71696.285679,531991.12,75998.73142857142,3.142857142857143,0.11876166950420164,0.0,531991.12,0.0,0,1.75,255,medium,Electronics
C00950,loyal,Lahore,Punjab,2025-06-21,2025-03-29,2025-12-01,30.0,5,6,24.0,812108.8899999999,31635.466875,780482.46,130080.40999999999,4.0,0.038954710710037914,0.0,780482.46,0.0,0,1.2,435,medium,Electronics
C00951,regular,Lahore,Punjab,2025-07-28,2025-04-17,2025-10-04,88.0,4,5,8.0,62836.68,2152.139241,60685.78,12137.155999999999,1.6,0.03424972867758131,0.0,60685.78,0.0,0,1.25,242,medium,Electronics
C00952,regular,Lahore,Punjab,2025-10-13,2025-04-16,2025-12-18,13.0,5,5,10.0,63744.130000000005,3858.9461850000002,59885.11,11977.022,2.0,0.06053806342638922,5572.55,54312.56,0.09305401626547902,0,1.0,522,medium,Fashion
C00953,price_sensitive,Lahore,Punjab,2025-05-30,2025-01-04,2025-12-11,20.0,6,11,34.0,793759.39,60430.511749000005,733329.87,66666.35181818182,3.090909090909091,0.07613202755182524,0.0,733329.87,0.0,0,1.8333333333333333,455,medium,Electronics
C00954,high_return,Islamabad,ICT,2025-02-05,2025-02-08,2025-10-09,83.0,4,5,12.0,523673.77,5674.270698,517988.77,103597.754,2.4,0.010835506804169321,227977.30000000002,290011.47,0.4401201593617561,1,1.25,243,medium,Electronics
C00955,regular,Lahore,Punjab,2025-10-14,2025-07-06,2025-08-23,130.0,2,2,8.0,72915.17,2063.10462,70850.37,35425.185,4.0,0.02829458698375112,0.0,70850.37,0.0,0,1.0,222,medium,Attach & Addons
C00956,regular,Lahore,Punjab,2025-11-07,2025-11-18,2025-11-18,43.0,1,1,2.0,19836.48,131.30523,19705.26,19705.26,2.0,0.006619381563664521,0.0,19705.26,0.0,0,1.0,321,medium,Attach & Addons
C00957,one_time,Islamabad,ICT,2025-06-07,2025-07-20,2025-10-04,88.0,2,2,6.0,82711.44,116.859313,82594.39,41297.195,3.0,0.001412855501004456,0.0,82594.39,0.0,0,1.0,222,medium,Fashion
C00958,one_time,Islamabad,ICT,2025-01-12,2025-05-23,2025-05-23,222.0,1,1,4.0,38228.51,618.7576160000001,37609.54,37609.54,4.0,0.01618576334782601,0.0,37609.54,0.0,0,1.0,121,medium,Electronics
C00959,one_time,Karachi,Sindh,2025-05-16,2025-04-10,2025-12-30,1.0,3,3,10.0,60958.8,151.337697,60807.340000000004,20269.113333333335,3.3333333333333335,0.0024826226402094526,0.0,60807.340000000004,0.0,0,1.0,522,medium,Attach & Addons
C00960,regular,Islamabad,ICT,2025-05-24,2025-03-31,2025-12-15,16.0,2,2,5.0,42182.09,276.481855,41905.88,20952.94,2.5,0.006554484498041705,10609.03,31296.85,0.2531632792343223,1,1.0,421,medium,Electronics
C00961,one_time,Islamabad,ICT,2025-10-06,,,,0,0,0.0,0.0,0.0,0.0,0.0,0.0,0.0,0.0,0.0,0.0,0,0.0,111,unknown,
C00962,one_time,Karachi,Sindh,2025-04-14,2025-01-15,2025-09-29,93.0,3,3,5.0,240054.28,31.275808999999995,240022.97,80007.65666666666,1.6666666666666667,0.0001302864043915401,1471.27,238551.7,0.006129705002817022,0,1.0,223,medium,Electronics
C00963,loyal,Karachi,Sindh,2025-12-26,2025-03-13,2025-12-31,0.0,6,9,26.0,544946.0800000001,12673.345171,532273.83,59141.53666666666,2.888888888888889,0.023256145215321117,2900.85,529372.98,0.005449920391539821,0,1.5,555,medium,Electronics
C00964,regular,Islamabad,ICT,2025-11-17,2025-02-26,2025-08-28,125.0,4,4,14.0,425972.6,23851.754634999998,402116.64999999997,100529.16249999999,3.5,0.055993635823055284,0.0,402116.64999999997,0.0,0,1.0,224,medium,Electronics
C00965,regular,Karachi,Sindh,2025-05-29,2025-03-26,2025-12-26,5.0,6,9,24.0,797130.9,41039.511096,756080.9600000001,84008.99555555556,2.6666666666666665,0.051484029907760444,2995.88,753085.0800000001,0.003962379901750203,0,1.5,555,medium,Electronics
C00966,loyal,Lahore,Punjab,2025-08-19,2025-03-16,2025-12-22,9.0,7,13,38.0,844880.5,52602.596684,792289.74,60945.36461538461,2.923076923076923,0.06226039858181127,29880.620000000003,762409.12,0.0377142584226826,0,1.8571428571428572,555,medium,Electronics
C00967,regular,Islamabad,ICT,2025-09-29,2025-01-14,2025-09-06,116.0,3,3,14.0,92920.13,5531.873188,87388.06,29129.353333333333,4.666666666666667,0.05953363590860236,0.0,87388.06,0.0,0,1.0,222,medium,Fashion
C00968,one_time,Karachi,Sindh,2025-08-14,2025-03-19,2025-09-08,114.0,3,3,8.0,307440.87,6023.913705999999,301408.64,100469.54666666668,2.6666666666666665,0.01959373100264776,79937.96,221470.68,0.2652145605381452,1,1.0,223,medium,Electronics
C00969,loyal,Karachi,Sindh,2025-10-19,2025-02-01,2025-12-09,22.0,8,11,40.0,650425.01,39000.429474000004,611426.1900000001,55584.1990909091,3.6363636363636362,0.059961454240512684,0.0,611426.1900000001,0.0,0,1.375,445,medium,Electronics
C00970,price_sensitive,Karachi,Sindh,2025-04-24,2025-09-29,2025-11-24,37.0,2,2,4.0,25378.13,4397.505211,20980.34,10490.17,2.0,0.1732793240085065,0.0,20980.34,0.0,0,1.0,321,medium,Fashion
C00971,one_time,Karachi,Sindh,2025-12-27,,,,0,0,0.0,0.0,0.0,0.0,0.0,0.0,0.0,0.0,0.0,0.0,0,0.0,111,unknown,
C00972,loyal,Islamabad,ICT,2025-09-06,2025-03-22,2025-12-05,26.0,5,6,20.0,874511.76,29593.259549,844904.42,140817.40333333335,3.3333333333333335,0.033839750249899436,39982.95,804921.4700000001,0.04732245334922025,0,1.2,435,medium,Electronics
C00973,one_time,Karachi,Sindh,2025-11-27,2025-01-22,2025-05-12,233.0,2,3,9.0,297953.3,7691.612069,290253.95,96751.31666666667,3.0,0.025814824232522345,0.0,290253.95,0.0,0,1.5,153,medium,Electronics
C00974,regular,Karachi,Sindh,2025-07-09,2025-06-20,2025-10-12,80.0,3,3,8.0,88962.83,5513.601902,83447.77,27815.923333333336,2.6666666666666665,0.061976467048091885,0.0,83447.77,0.0,0,1.0,222,medium,Fashion
C00975,one_time,Karachi,Sindh,2025-07-15,2025-06-09,2025-12-06,25.0,2,3,5.0,39070.27,115.31116099999998,38954.16,12984.720000000001,1.6666666666666667,0.0029513786569685847,0.0,38954.16,0.0,0,1.5,451,medium,Electronics
C00976,regular,Lahore,Punjab,2025-09-19,2025-03-07,2025-12-10,21.0,2,2,5.0,392499.88,23908.287936999997,368592.37,184296.185,2.5,0.06091285413131845,0.0,368592.37,0.0,0,1.0,424,medium,Electronics
C00977,regular,Lahore,Punjab,2025-05-23,2025-03-24,2025-12-25,6.0,3,3,8.0,86861.73999999999,4649.0552290000005,82211.35,27403.783333333336,2.6666666666666665,0.053522474095038866,40281.74,41929.61000000001,0.48997784369189895,1,1.0,521,medium,Electronics
C00978,regular,Islamabad,ICT,2025-04-11,2025-12-10,2025-12-10,21.0,1,1,3.0,55176.009999999995,1600.758924,53576.3,53576.3,3.0,0.029011864467909154,7698.35,45877.950000000004,0.14368946717111858,1,1.0,421,medium,Electronics
C00979,one_time,Islamabad,ICT,2025-01-12,,,,0,0,0.0,0.0,0.0,0.0,0.0,0.0,0.0,0.0,0.0,0.0,0,0.0,111,unknown,
C00980,regular,Lahore,Punjab,2025-02-11,2025-04-11,2025-12-19,12.0,2,2,3.0,9044.15,26.360825000000002,9017.74,4508.87,1.5,0.0029146824190222414,0.0,9017.74,0.0,0,1.0,521,medium,Fashion
C00981,one_time,Lahore,Punjab,2025-10-18,2025-02-22,2025-02-22,312.0,1,1,1.0,1031.26,25.472122,1005.79,1005.79,1.0,0.0247,0.0,1005.79,0.0,0,1.0,121,medium,Fashion
C00982,regular,Karachi,Sindh,2025-06-07,2025-03-31,2025-09-14,108.0,3,4,8.0,313835.86,4092.296676,309737.58,77434.395,2.0,0.013039608271661498,7977.89,301759.69,0.025756932691215578,0,1.3333333333333333,244,medium,Electronics
C00983,regular,Karachi,Sindh,2025-03-08,,,,0,0,0.0,0.0,0.0,0.0,0.0,0.0,0.0,0.0,0.0,0.0,0,0.0,111,unknown,
C00984,regular,Lahore,Punjab,2025-01-14,2025-01-16,2025-12-27,4.0,7,8,23.0,315730.16,4028.171782,311701.67,38962.70875,2.875,0.012758273653679458,202395.65,109306.01999999999,0.649324881704997,1,1.1428571428571428,532,medium,Electronics
C00985,loyal,Islamabad,ICT,2025-06-12,2025-03-31,2025-12-27,4.0,7,9,29.0,647827.91,77971.896001,569855.47,63317.27444444444,3.2222222222222223,0.12035896385044602,0.0,569855.47,0.0,0,1.2857142857142858,545,medium,Electronics
C00986,price_sensitive,Lahore,Punjab,2025-05-10,2025-03-01,2025-10-11,81.0,3,3,8.0,260034.30000000002,20003.092035,240038.78,80012.92666666667,2.6666666666666665,0.07692482120627933,0.0,240038.78,0.0,0,1.0,223,medium,Electronics
C00987,price_sensitive,Islamabad,ICT,2025-07-25,2025-01-02,2025-08-28,125.0,4,4,10.0,408602.86,17230.22162,391383.62,97845.905,2.5,0.04216862706247333,0.0,391383.62,0.0,0,1.0,224,medium,Electronics
C00988,regular,Lahore,Punjab,2025-09-13,2025-01-10,2025-11-23,38.0,3,3,10.0,85902.37,1694.01719,84208.12,28069.373333333333,3.3333333333333335,0.019720261385104975,0.0,84208.12,0.0,0,1.0,322,medium,Fashion
C00989,regular,Karachi,Sindh,2025-10-08,2025-01-09,2025-09-08,114.0,4,4,13.0,314600.95,18325.492309999998,296274.83,74068.7075,3.25,0.0582499585903984,0.0,296274.83,0.0,0,1.0,223,medium,Electronics
C00990,one_time,Islamabad,ICT,2025-10-16,2025-04-30,2025-12-18,13.0,5,5,13.0,626218.22,31967.367342999998,594256.15,118851.23000000001,2.6,0.05104828687833452,15434.170000000002,578821.98,0.025972251191678876,0,1.0,525,medium,Electronics
C00991,regular,Karachi,Sindh,2025-09-27,2025-03-19,2025-12-10,21.0,2,2,11.0,52138.18,787.8327429999999,51350.509999999995,25675.254999999997,5.5,0.015110476487671796,0.0,51350.509999999995,0.0,0,1.0,421,medium,Attach & Addons
C00992,loyal,Lahore,Punjab,2025-12-02,2025-01-27,2025-12-25,6.0,9,12,34.0,590848.03,43945.008536,546920.11,45576.675833333335,2.8333333333333335,0.07437616155883603,1173.65,545746.46,0.002145925846464121,0,1.3333333333333333,545,medium,Electronics
C00993,regular,Islamabad,ICT,2025-01-25,2025-08-16,2025-12-04,27.0,4,5,16.0,851521.78,17770.388742,833754.25,166750.85,3.2,0.020868977352522914,0.0,833754.25,0.0,0,1.25,445,medium,Electronics
C00994,regular,Islamabad,ICT,2025-01-25,2025-03-28,2025-12-21,10.0,6,11,30.0,598967.66,3882.454146,595084.9199999999,54098.62909090908,2.727272727272727,0.0064819094673659,53225.26,541859.6599999999,0.08944145316268476,0,1.8333333333333333,555,medium,Electronics
C00995,price_sensitive,Islamabad,ICT,2025-06-22,2025-01-01,2025-10-13,79.0,7,9,24.0,225418.67,15464.471125,209954.89,23328.321111111112,2.6666666666666665,0.06860332875267164,0.0,209954.89,0.0,0,1.2857142857142858,243,medium,Electronics
C00996,one_time,Karachi,Sindh,2025-10-15,2025-03-26,2025-11-11,50.0,3,4,12.0,556220.46,8474.1096,547739.91,136934.9775,3.0,0.01523516340984652,0.0,547739.91,0.0,0,1.3333333333333333,345,medium,Electronics
C00997,loyal,Lahore,Punjab,2025-04-02,2025-01-22,2025-09-23,99.0,8,10,37.0,935892.37,56319.436949,879569.51,87956.951,3.7,0.06017725836251876,1813.14,877756.37,0.002061394783909688,0,1.25,245,medium,Electronics
C00998,price_sensitive,Karachi,Sindh,2025-11-30,2025-04-08,2025-07-28,156.0,2,2,5.0,82589.93000000001,6676.430934,75911.06,37955.53,2.5,0.0808383168989246,0.0,75911.06,0.0,0,1.0,122,medium,Electronics
C00999,regular,Islamabad,ICT,2025-11-12,2025-12-23,2025-12-23,8.0,1,1,3.0,13640.93,2489.9830469999997,11150.55,11150.55,3.0,0.18253763101196177,0.0,11150.55,0.0,0,1.0,521,medium,Fashion
C01000,regular,Karachi,Sindh,2025-06-09,2025-09-04,2025-11-24,37.0,2,2,6.0,103393.44,1883.298313,101508.35999999999,50754.17999999999,3.0,0.01821487236521002,1009.34,100499.01999999999,0.00994341746827552,0,1.0,322,medium,Electronics
C01001,price_sensitive,Islamabad,ICT,2025-09-11,2025-01-04,2025-10-29,63.0,2,5,13.0,111255.02,10208.397316999999,101048.33,20209.666,2.6,0.09175673436578412,0.0,101048.33,0.0,0,2.5,352,low,Attach & Addons
C01002,high_return,Karachi,Sindh,2025-05-31,2025-02-12,2025-08-27,126.0,2,3,7.0,364830.1,16872.925497,347948.80000000005,115982.93333333335,2.3333333333333335,0.04624872097176193,0.0,347948.80000000005,0.0,0,1.5,254,medium,Electronics
C01003,price_sensitive,Lahore,Punjab,2025-01-05,2025-01-12,2025-04-03,272.0,3,3,7.0,35008.2,2137.726587,32871.15,10957.050000000001,2.3333333333333335,0.061063596157471686,0.0,32871.15,0.0,0,1.0,121,medium,Attach & Addons
C01004,regular,Karachi,Sindh,2025-09-23,2025-03-11,2025-10-30,62.0,4,5,14.0,181473.26,8542.204043,172930.32,34586.064,2.8,0.04707142001526836,29454.71,143475.61000000002,0.17032704270714352,1,1.25,342,medium,Electronics
C01005,price_sensitive,Karachi,Sindh,2025-09-24,2025-01-23,2025-06-28,186.0,3,3,9.0,158511.53,3652.9137100000003,154861.63,51620.543333333335,3.0,0.023045097791939806,7310.76,147550.87,0.04720833688758151,0,1.0,122,medium,Electronics
C01006,regular,Karachi,Sindh,2025-02-25,2025-01-04,2025-12-24,7.0,5,6,16.0,617632.51,9206.428826,608438.21,101406.36833333333,2.6666666666666665,0.014905997784993538,5254.81,603183.3999999999,0.00863655489355279,0,1.2,535,medium,Electronics
C01007,price_sensitive,Karachi,Sindh,2025-03-24,2025-01-31,2025-06-23,191.0,3,3,6.0,78380.95,5183.624811,73198.65,24399.55,2.0,0.06613373289045361,0.0,73198.65,0.0,0,1.0,122,medium,Electronics
C01008,price_sensitive,Lahore,Punjab,2025-05-29,2025-07-07,2025-12-22,9.0,3,4,9.0,175149.85,15041.710211000001,160106.69999999998,40026.674999999996,2.25,0.08587909273687645,19364.4,140742.3,0.12094684357369181,1,1.3333333333333333,542,medium,Electronics
C01009,loyal,Islamabad,ICT,2025-07-09,2025-02-23,2025-09-15,107.0,6,7,19.0,388523.71,13700.843569,374824.0,53546.28571428572,2.7142857142857144,0.03526385447364332,1658.42,373165.58,0.004424529912705697,0,1.1666666666666667,234,medium,Electronics
C01010,price_sensitive,Islamabad,ICT,2025-09-20,2025-06-23,2025-08-18,135.0,2,2,5.0,29987.85,3452.2784300000003,26535.77,13267.885,2.5,0.1151225723084516,15792.77,10743.0,0.5951502443682621,1,1.0,121,medium,Attach & Addons
C01011,regular,Islamabad,ICT,2025-09-09,2025-04-16,2025-12-26,5.0,5,5,11.0,359774.61,17336.701461999997,342442.16000000003,68488.432,2.2,0.04818767356039938,0.0,342442.16000000003,0.0,0,1.0,524,medium,Electronics
C01012,high_return,Lahore,Punjab,2025-09-17,2025-01-21,2025-10-23,69.0,7,9,25.0,777304.36,20150.178639,757149.04,84127.67111111112,2.7777777777777777,0.025923151439675447,0.0,757149.04,0.0,0,1.2857142857142858,245,medium,Electronics
C01013,regular,Lahore,Punjab,2025-09-30,2025-03-23,2025-12-18,13.0,3,3,7.0,314433.08,1229.315895,313203.52999999997,104401.17666666665,2.3333333333333335,0.003909626477595805,2361.86,310841.67,0.007540975033071946,0,1.0,524,medium,Electronics
C01014,price_sensitive,Karachi,Sindh,2025-11-04,2025-02-02,2025-12-23,8.0,6,9,18.0,156379.2,12804.90041,143574.32,15952.702222222222,2.0,0.08188365466762842,16629.739999999998,126944.58000000002,0.11582670215676451,1,1.5,552,medium,Fashion
C01015,price_sensitive,Lahore,Punjab,2025-05-04,2025-03-09,2025-05-27,218.0,2,2,3.0,215412.14,17201.538830999998,198211.4,99105.7,1.5,0.0798540826482667,0.0,198211.4,0.0,0,1.0,123,medium,Electronics
C01016,regular,Islamabad,ICT,2025-06-27,2025-05-26,2025-09-26,96.0,4,6,12.0,420019.29,10462.895074,409568.46,68261.41,2.0,0.02491051083391908,2575.29,406993.17000000004,0.006287813275465595,0,1.5,254,medium,Electronics
C01017,loyal,Lahore,Punjab,2025-04-26,2025-03-10,2025-12-07,24.0,5,6,21.0,376106.45,21491.11267,354621.43,59103.57166666666,3.5,0.057141037251554706,0.0,354621.43,0.0,0,1.2,434,medium,Electronics
C01018,one_time,Islamabad,ICT,2025-09-13,2025-02-11,2025-11-09,52.0,5,5,11.0,68472.64,1896.759219,66577.21,13315.442000000001,2.2,0.027700979822013583,0.0,66577.21,0.0,0,1.0,322,medium,Fashion
C01019,price_sensitive,Lahore,Punjab,2025-01-07,2025-01-12,2025-12-02,29.0,6,6,17.0,404323.60000000003,46377.795219,357933.14,59655.52333333334,2.8333333333333335,0.1147046455339238,220203.85,137729.29,0.6152094494519283,1,1.0,422,medium,Electronics
C01020,one_time,Lahore,Punjab,2025-01-14,2025-01-04,2025-08-23,130.0,2,3,5.0,124828.17,1974.8423000000003,122853.99,40951.33,1.6666666666666667,0.01582048587270005,7661.97,115192.02,0.0623664725907559,0,1.5,252,medium,Electronics
C01021,price_sensitive,Islamabad,ICT,2025-03-27,2025-05-01,2025-12-10,21.0,6,6,12.0,57516.35,6089.504174,51427.03,8571.171666666667,2.0,0.10587431528600129,5577.95,45849.08,0.10846338977771028,1,1.0,421,medium,Fashion
C01022,regular,Islamabad,ICT,2025-07-02,2025-03-18,2025-10-29,63.0,3,3,8.0,482420.31999999995,1213.9328879999998,481201.52999999997,160400.50999999998,2.6666666666666665,0.002516338631838725,0.0,481201.52999999997,0.0,0,1.0,324,medium,Electronics
C01023,one_time,Lahore,Punjab,2025-08-07,2025-01-14,2025-08-05,148.0,5,6,17.0,184210.42,5992.501432999999,178218.6,29703.100000000002,2.8333333333333335,0.03253074083974185,1262.08,176956.52000000002,0.007081640187948956,0,1.2,133,medium,Electronics
C01024,one_time,Lahore,Punjab,2025-08-18,2025-06-22,2025-11-01,60.0,2,2,4.0,245269.88,1313.225773,243950.57,121975.285,2.0,0.005354207263443844,0.0,243950.57,0.0,0,1.0,323,medium,Electronics
C01025,price_sensitive,Karachi,Sindh,2025-05-18,2025-04-14,2025-08-11,142.0,3,4,10.0,513805.45999999996,75296.203104,438520.67000000004,109630.16750000001,2.5,0.14654613266273972,0.0,438520.67000000004,0.0,0,1.3333333333333333,144,medium,Electronics
C01026,regular,Islamabad,ICT,2025-03-06,2025-06-04,2025-10-11,81.0,4,5,13.0,253330.04,1751.5992989999997,251578.6,50315.72,2.6,0.006914297645079911,0.0,251578.6,0.0,0,1.25,243,medium,Electronics
C01027,price_sensitive,Karachi,Sindh,2025-08-30,2025-04-12,2025-12-27,4.0,4,4,11.0,97301.12,9503.607699,87794.63,21948.6575,2.75,0.09767213058801379,0.0,87794.63,0.0,0,1.0,522,medium,Electronics
C01028,high_return,Lahore,Punjab,2025-06-30,2025-03-21,2025-12-19,12.0,3,5,16.0,342808.46,7661.801705,335146.54,67029.30799999999,3.2,0.02235009516684623,0.0,335146.54,0.0,0,1.6666666666666667,554,medium,Electronics
C01029,regular,Islamabad,ICT,2025-06-22,2025-03-27,2025-12-08,23.0,2,2,3.0,20441.56,1141.1547190000001,19300.14,9650.07,1.5,0.0558252265971873,0.0,19300.14,0.0,0,1.0,421,medium,Electronics
C01030,loyal,Lahore,Punjab,2025-07-07,2025-01-02,2025-12-29,2.0,9,14,42.0,838906.0700000001,23282.852944000002,815634.99,58259.64214285714,3.0,0.027753825817472034,0.0,815634.99,0.0,0,1.5555555555555556,555,medium,Electronics
C01031,high_return,Islamabad,ICT,2025-11-04,2025-01-01,2025-12-15,16.0,3,5,15.0,398782.89999999997,18575.585424,380203.79,76040.758,3.0,0.04658069697572289,4538.7,375665.08999999997,0.01193754538848758,0,1.6666666666666667,454,medium,Electronics
C01032,price_sensitive,Lahore,Punjab,2025-04-27,2025-01-19,2025-11-21,40.0,5,6,15.0,712727.3200000001,46360.501242,666372.99,111062.165,2.5,0.06504661732624475,8607.74,657765.25,0.012917300264526027,0,1.2,335,medium,Electronics
C01033,one_time,Karachi,Sindh,2025-07-15,2025-10-09,2025-10-09,83.0,1,2,3.0,21635.8,280.044451,21355.28,10677.64,1.5,0.012943568113959272,0.0,21355.28,0.0,0,2.0,251,medium,Fashion
C01034,regular,Karachi,Sindh,2025-04-22,2025-01-18,2025-07-29,155.0,2,2,3.0,16031.81,1692.1011629999998,14339.9,7169.95,1.5,0.105546483085815,0.0,14339.9,0.0,0,1.0,121,medium,Fashion
C01035,regular,Karachi,Sindh,2025-08-20,2025-01-01,2025-11-11,50.0,2,2,7.0,612740.48,42339.554725999995,570421.58,285210.79,3.5,0.06909867408466305,0.0,570421.58,0.0,0,1.0,325,medium,Electronics
C01036,regular,Islamabad,ICT,2025-08-09,2025-02-23,2025-09-07,115.0,4,4,10.0,91332.65,2585.340288,88747.38,22186.845,2.5,0.02830685727393216,0.0,88747.38,0.0,0,1.0,222,medium,Attach & Addons
C01037,one_time,Islamabad,ICT,2025-02-11,2025-10-19,2025-10-19,73.0,1,1,1.0,11674.65,0.0,11674.65,11674.65,1.0,0.0,0.0,11674.65,0.0,0,1.0,221,medium,Fashion
C01038,regular,Islamabad,ICT,2025-04-23,2025-04-05,2025-11-18,43.0,3,3,6.0,54341.28,701.365813,53639.35,17879.783333333333,2.0,0.012906685543660363,0.0,53639.35,0.0,0,1.0,322,medium,Fashion
C01039,regular,Karachi,Sindh,2025-01-17,2025-02-25,2025-09-26,96.0,3,3,9.0,325738.01,8880.151484,316846.52,105615.50666666667,3.0,0.027261637301707588,9508.12,307338.4,0.030008598484843704,0,1.0,224,medium,Electronics
C01040,high_return,Islamabad,ICT,2025-05-09,2025-01-17,2025-07-01,183.0,5,5,12.0,443951.68,20339.845436,423615.43,84723.086,2.4,0.045815448735321826,126318.98999999999,297296.44,0.2981926083287382,1,1.0,123,medium,Electronics
C01041,regular,Lahore,Punjab,2025-02-17,2025-03-10,2025-11-06,55.0,3,4,6.0,67114.31,939.361886,66175.5,16543.875,1.5,0.013996447046836957,0.0,66175.5,0.0,0,1.3333333333333333,342,medium,Electronics
C01042,price_sensitive,Islamabad,ICT,2025-01-10,2025-03-04,2025-12-23,8.0,3,4,19.0,127413.81,7902.335692,119513.56999999999,29878.392499999998,4.75,0.06202102968273219,0.0,119513.56999999999,0.0,0,1.3333333333333333,542,medium,Fashion
C01043,regular,Karachi,Sindh,2025-08-20,2025-03-10,2025-09-18,104.0,3,4,15.0,531407.94,5933.535408000001,525474.13,131368.5325,3.75,0.011165688280833743,1665.69,523808.44,0.0031698801233088296,0,1.3333333333333333,245,medium,Electronics
C01044,one_time,Karachi,Sindh,2025-07-22,2025-01-15,2025-01-24,341.0,1,2,8.0,72959.41,2733.655302,70225.83,35112.915,4.0,0.03746816623105916,0.0,70225.83,0.0,0,2.0,152,medium,Fashion
C01045,one_time,Lahore,Punjab,2025-09-21,2025-02-11,2025-11-01,60.0,2,2,5.0,27888.489999999998,665.507521,27223.03,13611.515,2.5,0.023863160787837564,0.0,27223.03,0.0,0,1.0,321,medium,Attach & Addons
C01046,regular,Islamabad,ICT,2025-07-19,2025-11-25,2025-12-24,7.0,2,2,4.0,9996.13,98.262509,9897.99,4948.995,2.0,0.009830055131335827,0.0,9897.99,0.0,0,1.0,521,medium,Fashion
C01047,price_sensitive,Islamabad,ICT,2025-12-09,2025-02-04,2025-12-19,12.0,5,5,15.0,257222.31000000003,30450.05091,226773.69,45354.738,3.0,0.11838028711428647,0.0,226773.69,0.0,0,1.0,523,medium,Electronics
C01048,one_time,Lahore,Punjab,2025-03-10,2025-11-03,2025-11-03,58.0,1,1,3.0,10889.84,706.409754,10183.23,10183.23,3.0,0.06486869908097824,0.0,10183.23,0.0,0,1.0,321,medium,Fashion
C01049,regular,Lahore,Punjab,2025-03-28,2025-03-29,2025-09-25,97.0,2,2,3.0,23932.61,95.242467,23837.17,11918.585,1.5,0.003979610539761438,0.0,23837.17,0.0,0,1.0,221,medium,Electronics
C01050,regular,Karachi,Sindh,2025-11-29,2025-03-30,2025-12-23,8.0,4,5,12.0,173677.5,3608.237814,170073.1,34014.62,2.4,0.020775505255430322,0.0,170073.1,0.0,0,1.25,543,medium,Electronics
C01051,loyal,Islamabad,ICT,2025-03-28,2025-02-23,2025-12-25,6.0,9,15,33.0,508359.77999999997,15388.497644,492961.52,32864.10133333333,2.2,0.03027087950191496,9172.279999999999,483789.24,0.018606482712890043,0,1.6666666666666667,554,medium,Electronics
C01052,regular,Lahore,Punjab,2025-04-19,2025-02-15,2025-12-22,9.0,5,7,15.0,1244648.89,29517.040843,1215120.62,173588.66,2.142857142857143,0.023715154595124414,0.0,1215120.62,0.0,0,1.4,545,medium,Electronics
C01053,regular,Islamabad,ICT,2025-06-01,2025-06-12,2025-11-05,56.0,3,3,7.0,45755.950000000004,388.78391999999997,45367.380000000005,15122.460000000001,2.3333333333333335,0.008496904118480765,0.0,45367.380000000005,0.0,0,1.0,321,medium,Fashion
C01054,loyal,Lahore,Punjab,2025-05-28,2025-02-25,2025-11-10,51.0,6,8,27.0,662847.75,21993.955739,640858.72,80107.34,3.375,0.033181006858664,0.0,640858.72,0.0,0,1.3333333333333333,345,medium,Electronics
C01055,regular,Karachi,Sindh,2025-11-10,2025-10-15,2025-12-24,7.0,3,3,9.0,34849.51,606.9022659999999,34242.73,11414.243333333334,3.0,0.01741494402647268,0.0,34242.73,0.0,0,1.0,521,medium,Fashion
C01056,one_time,Lahore,Punjab,2025-08-16,2025-04-01,2025-04-01,274.0,1,1,3.0,123062.14,2483.83894,120576.15,120576.15,3.0,0.02018361569203981,0.0,120576.15,0.0,0,1.0,122,medium,Electronics
C01057,one_time,Lahore,Punjab,2025-07-30,2025-01-11,2025-07-21,163.0,2,2,4.0,105402.68,645.704226,104752.87,52376.435,2.0,0.006126070285878879,0.0,104752.87,0.0,0,1.0,122,medium,Electronics
C01058,regular,Lahore,Punjab,2025-01-28,,,,0,0,0.0,0.0,0.0,0.0,0.0,0.0,0.0,0.0,0.0,0.0,0,0.0,111,unknown,
C01059,one_time,Lahore,Punjab,2025-09-18,,,,0,0,0.0,0.0,0.0,0.0,0.0,0.0,0.0,0.0,0.0,0.0,0,0.0,111,unknown,
C01060,one_time,Lahore,Punjab,2025-12-18,2025-01-21,2025-08-29,124.0,2,2,4.0,116682.62999999999,1304.6617119999999,115375.67,57687.835,2.0,0.011181284755065942,0.0,115375.67,0.0,0,1.0,222,medium,Electronics
C01061,loyal,Islamabad,ICT,2025-05-18,2025-04-17,2025-12-17,14.0,5,10,30.0,695130.1599999999,23717.26142,671408.06,67140.80600000001,3.0,0.03411916614292782,0.0,671408.06,0.0,0,2.0,555,medium,Electronics
C01062,loyal,Karachi,Sindh,2025-08-08,2025-01-09,2025-12-03,28.0,7,14,48.0,1096115.65,59969.27506000001,1036173.25,74012.375,3.4285714285714284,0.05471071876402824,1307.21,1034866.04,0.0012615747414826623,0,2.0,455,medium,Electronics
C01063,regular,Karachi,Sindh,2025-05-16,2025-02-05,2025-12-28,3.0,5,6,13.0,793320.0399999999,15926.022212,777401.65,129566.94166666667,2.1666666666666665,0.020075154299644318,2613.23,774788.42,0.003361492736733965,0,1.2,535,medium,Electronics
C01064,regular,Lahore,Punjab,2025-11-25,2025-02-15,2025-11-23,38.0,4,4,8.0,325358.72,4732.121074000001,320625.88,80156.47,2.0,0.014544319187142121,0.0,320625.88,0.0,0,1.0,324,medium,Electronics
C01065,one_time,Lahore,Punjab,2025-02-18,2025-09-14,2025-11-14,47.0,3,4,10.0,583072.76,24085.601611000002,558972.9299999999,139743.23249999998,2.5,0.04130805495183826,3295.07,555677.86,0.00589486506976286,0,1.3333333333333333,345,medium,Electronics
C01066,price_sensitive,Islamabad,ICT,2025-11-20,2025-02-15,2025-10-31,61.0,5,8,22.0,582485.7,49273.841189,533224.28,66653.035,2.75,0.08459236199103258,0.0,533224.28,0.0,0,1.6,355,medium,Electronics
C01067,regular,Lahore,Punjab,2025-06-18,2025-01-01,2025-09-10,112.0,4,6,16.0,592986.86,21109.705279,571889.97,95314.995,2.6666666666666665,0.03559894274723052,0.0,571889.97,0.0,0,1.5,255,medium,Electronics
C01068,regular,Lahore,Punjab,2025-04-29,2025-04-30,2025-09-05,117.0,2,2,4.0,24365.69,357.96318399999996,24008.239999999998,12004.119999999999,2.0,0.014691280402894396,0.0,24008.239999999998,0.0,0,1.0,221,medium,Fashion
C01069,loyal,Islamabad,ICT,2025-09-23,2025-02-03,2025-09-30,92.0,6,10,31.0,757369.6799999999,46616.600439,710757.25,71075.725,3.1,0.06155065573657505,0.0,710757.25,0.0,0,1.6666666666666667,255,medium,Electronics
C01070,regular,Lahore,Punjab,2025-05-20,2025-03-20,2025-10-12,80.0,2,2,6.0,142510.24,7888.151755000001,134619.12,67309.56,3.0,0.055351473374825565,0.0,134619.12,0.0,0,1.0,222,medium,Electronics
C01071,one_time,Islamabad,ICT,2025-09-15,2025-03-09,2025-07-28,156.0,2,2,3.0,25734.2,322.885162,25411.08,12705.54,1.5,0.01254692828997987,9205.01,16206.070000000002,0.3622439502768084,1,1.0,121,medium,Fashion
C01072,high_return,Karachi,Sindh,2025-06-30,2025-02-24,2025-12-30,1.0,7,8,21.0,347950.39,4420.002431,343532.3,42941.5375,2.625,0.012702967313817351,0.0,343532.3,0.0,0,1.1428571428571428,534,medium,Electronics
C01073,regular,Lahore,Punjab,2025-10-15,2025-02-25,2025-12-10,21.0,5,6,16.0,838918.09,16355.351115,822572.47,137095.41166666665,2.6666666666666665,0.019495766404322025,0.0,822572.47,0.0,0,1.2,435,medium,Electronics
C01074,high_return,Karachi,Sindh,2025-08-14,2025-04-28,2025-11-29,32.0,5,5,14.0,81016.88,1067.622986,79949.2,15989.84,2.8,0.013177784506142425,10189.36,69759.84,0.12744792943519137,1,1.0,422,medium,Attach & Addons
C01075,loyal,Lahore,Punjab,2025-09-28,2025-03-19,2025-12-19,12.0,7,10,29.0,425627.77,28195.033915000004,397433.13,39743.313,2.9,0.06624340774334345,176171.55,221261.58000000002,0.44327343822594756,1,1.4285714285714286,553,medium,Electronics
C01076,loyal,Lahore,Punjab,2025-07-02,2025-01-04,2025-12-30,1.0,6,13,39.0,462735.65,10103.092016,452627.62,34817.50923076923,3.0,0.021833398866069643,138508.19,314119.43,0.30600914279159547,1,2.1666666666666665,554,low,Electronics
C01077,loyal,Lahore,Punjab,2025-11-11,2025-02-19,2025-11-10,51.0,8,10,35.0,704758.02,12674.178541000001,692089.4500000001,69208.945,3.5,0.017983730842821767,69089.06999999999,623000.3800000001,0.09982679262052034,0,1.25,345,medium,Electronics
C01078,one_time,Karachi,Sindh,2025-04-24,2025-04-04,2025-12-09,22.0,2,2,7.0,43188.81,290.997293,42897.520000000004,21448.760000000002,3.5,0.006737793724809737,0.0,42897.520000000004,0.0,0,1.0,421,medium,Fashion
C01079,regular,Lahore,Punjab,2025-08-01,2025-04-16,2025-12-16,15.0,5,6,21.0,467206.48,14451.578354000001,452772.01999999996,75462.00333333333,3.5,0.0309318876613184,3490.24,449281.77999999997,0.007708603548425983,0,1.2,434,medium,Electronics
C01080,regular,Islamabad,ICT,2025-06-23,2025-03-24,2025-12-01,30.0,5,5,9.0,227420.65,1745.585182,225681.74,45136.348,1.8,0.0076755790734042845,0.0,225681.74,0.0,0,1.0,423,medium,Electronics
C01081,loyal,Karachi,Sindh,2025-05-02,2025-01-10,2025-10-18,74.0,5,8,20.0,500285.41,22876.523618,477413.44,59676.68,2.5,0.045726945381037595,18262.44,459151.0,0.03825288203030061,0,1.6,254,medium,Electronics
C01082,regular,Islamabad,ICT,2025-04-29,2025-01-02,2025-12-07,24.0,5,5,15.0,374128.29,11917.431813000001,362209.69,72441.938,3.0,0.03185386438699945,232307.63999999998,129902.05000000002,0.6413623003846197,1,1.0,422,medium,Electronics
C01083,regular,Islamabad,ICT,2025-09-25,2025-10-14,2025-11-12,49.0,2,2,7.0,45072.33,2605.078992,42466.8,21233.4,3.5,0.05779774402610205,0.0,42466.8,0.0,0,1.0,321,medium,Fashion
C01084,regular,Lahore,Punjab,2025-01-18,2025-08-20,2025-12-19,12.0,2,3,14.0,687308.01,146436.64230200002,540885.45,180295.15,4.666666666666667,0.21305825069898432,0.0,540885.45,0.0,0,1.5,555,medium,Electronics
C01085,high_return,Lahore,Punjab,2025-05-29,2025-05-26,2025-05-26,219.0,1,1,2.0,8283.08,0.0,8283.08,8283.08,2.0,0.0,0.0,8283.08,0.0,0,1.0,121,medium,Fashion
C01086,regular,Karachi,Sindh,2025-10-29,2025-05-08,2025-12-04,27.0,4,4,8.0,290299.31,20503.840953,269791.16000000003,67447.79000000001,2.0,0.07063000236893432,10128.11,259663.05000000005,0.03754055544295817,0,1.0,423,medium,Electronics
C01087,regular,Karachi,Sindh,2025-05-15,2025-06-07,2025-08-03,150.0,3,3,9.0,47682.68,682.7347629999999,46999.649999999994,15666.549999999997,3.0,0.014318296769392993,0.0,46999.649999999994,0.0,0,1.0,121,medium,Attach & Addons
C01088,price_sensitive,Islamabad,ICT,2025-08-12,2025-01-15,2025-11-17,44.0,5,5,10.0,468746.5,28427.092255000003,440320.04000000004,88064.008,2.0,0.06064491629270832,0.0,440320.04000000004,0.0,0,1.0,324,medium,Electronics
C01089,price_sensitive,Lahore,Punjab,2025-03-27,2025-03-13,2025-12-03,28.0,6,7,23.0,709358.34,68484.12421,640866.98,91552.42571428571,3.2857142857142856,0.09654376405865617,0.0,640866.98,0.0,0,1.1666666666666667,435,medium,Electronics
C01090,regular,Islamabad,ICT,2025-12-11,2025-01-06,2025-11-29,32.0,3,3,8.0,36835.19,1711.1520779999998,35124.33,11708.11,2.6666666666666665,0.04645427587043802,0.0,35124.33,0.0,0,1.0,421,medium,Fashion
C01091,regular,Lahore,Punjab,2025-10-12,2025-02-07,2025-11-14,47.0,4,5,13.0,553920.74,30431.737376,523492.6,104698.51999999999,2.6,0.05493879390759046,198345.12,325147.48,0.37888810653674954,1,1.25,344,medium,Electronics
C01092,regular,Islamabad,ICT,2025-09-15,2025-03-01,2025-11-04,57.0,4,4,10.0,287907.62,1858.6184870000002,286049.48,71512.37,2.5,0.00645560713884544,10466.67,275582.81,0.03659041785358254,0,1.0,323,medium,Electronics
C01093,loyal,Lahore,Punjab,2025-10-10,2025-01-05,2025-12-05,26.0,7,12,52.0,1634281.22,83486.184398,1550799.7,129233.30833333333,4.333333333333333,0.051084344221981576,0.0,1550799.7,0.0,0,1.7142857142857142,455,medium,Electronics
C01094,regular,Karachi,Sindh,2025-03-29,2025-06-19,2025-07-13,171.0,2,3,5.0,313243.65,6177.277252000001,307072.62999999995,102357.54333333332,1.6666666666666667,0.019720359062346517,0.0,307072.62999999995,0.0,0,1.5,154,medium,Electronics
C01095,one_time,Karachi,Sindh,2025-10-05,2025-05-04,2025-12-10,21.0,2,2,4.0,25910.89,327.09400899999997,25583.91,12791.955,2.0,0.01262380446985804,0.0,25583.91,0.0,0,1.0,421,medium,Fashion
C01096,one_time,Lahore,Punjab,2025-07-08,,,,0,0,0.0,0.0,0.0,0.0,0.0,0.0,0.0,0.0,0.0,0.0,0,0.0,111,unknown,
C01097,regular,Islamabad,ICT,2025-01-03,2025-01-19,2025-08-07,146.0,4,4,8.0,566548.34,64575.731672,501955.32999999996,125488.83249999999,2.0,0.11398097410716976,7813.63,494141.69999999995,0.015566385160209377,0,1.0,124,medium,Electronics
C01098,price_sensitive,Karachi,Sindh,2025-01-19,2025-03-01,2025-12-12,19.0,6,7,10.0,57196.94,6327.727263000001,50869.5,7267.071428571428,1.4285714285714286,0.11063052084604527,0.0,50869.5,0.0,0,1.1666666666666667,431,medium,Fashion
C01099,price_sensitive,Lahore,Punjab,2025-01-30,2025-05-24,2025-10-16,76.0,2,3,10.0,102370.29000000001,11936.910077,90432.67,30144.22333333333,3.3333333333333335,0.11660521892631152,0.0,90432.67,0.0,0,1.5,252,medium,Attach & Addons
C01100,regular,Lahore,Punjab,2025-10-08,2025-08-06,2025-09-24,98.0,2,2,4.0,67589.5,5076.830445,62512.83,31256.415,2.0,0.07511270900065838,0.0,62512.83,0.0,0,1.0,222,medium,Electronics
C01101,regular,Islamabad,ICT,2025-04-21,2025-03-09,2025-12-05,26.0,3,4,11.0,80136.15,1536.53601,78599.53,19649.8825,2.75,0.019174068257584127,5416.97,73182.56,0.06891860549293362,0,1.3333333333333333,442,medium,Fashion
C01102,price_sensitive,Lahore,Punjab,2025-07-05,2025-02-25,2025-12-20,11.0,7,9,21.0,138977.18,13712.943519,125265.53,13918.392222222223,2.3333333333333335,0.098670468914393,0.0,125265.53,0.0,0,1.2857142857142858,542,medium,Fashion
C01103,loyal,Karachi,Sindh,2025-05-09,2025-01-27,2025-12-31,0.0,8,13,48.0,1140256.59,42371.74050000001,1097896.2,84453.55384615384,3.6923076923076925,0.03715982952573859,5199.19,1092697.01,0.004735593401270539,0,1.625,555,medium,Electronics
C01104,regular,Karachi,Sindh,2025-01-03,2025-04-03,2025-12-15,16.0,6,9,24.0,800222.54,13545.134961,786671.6900000001,87407.96555555557,2.6666666666666665,0.01692671011366413,7474.65,779197.04,0.00950161305537765,0,1.5,455,medium,Electronics
C01105,regular,Islamabad,ICT,2025-04-14,2025-06-05,2025-08-07,146.0,2,2,6.0,282084.15,7811.432976,274276.24,137138.12,3.0,0.02769185356922748,0.0,274276.24,0.0,0,1.0,123,medium,Electronics
C01106,price_sensitive,Islamabad,ICT,2025-11-16,2025-02-03,2025-11-23,38.0,3,3,8.0,72900.09000000001,5736.609129,67163.44,22387.813333333335,2.6666666666666665,0.07869138610116942,0.0,67163.44,0.0,0,1.0,322,medium,Electronics
C01107,regular,Karachi,Sindh,2025-01-10,2025-04-10,2025-12-24,7.0,2,3,9.0,83573.06,788.367814,82785.73,27595.243333333332,3.0,0.009433276871757478,0.0,82785.73,0.0,0,1.5,552,medium,Attach & Addons
C01108,regular,Islamabad,ICT,2025-10-29,2025-01-26,2025-12-12,19.0,4,5,10.0,171380.86000000002,2618.880767,168761.76,33752.352,2.0,0.015281057447138495,0.0,168761.76,0.0,0,1.25,443,medium,Electronics
C01109,high_return,Karachi,Sindh,2025-03-07,2025-02-18,2025-11-12,49.0,4,4,8.0,55839.909999999996,1052.874682,54786.9,13696.725,2.0,0.018855236013095293,2266.83,52520.07,0.041375401784003105,0,1.0,321,medium,Attach & Addons
C01110,one_time,Lahore,Punjab,2025-01-13,2025-05-27,2025-12-17,14.0,4,5,16.0,222856.87,7101.26365,215763.37,43152.674,3.2,0.03186468359714466,25907.23,189856.13999999998,0.12007242007760631,1,1.25,543,medium,Electronics
C01111,one_time,Islamabad,ICT,2025-03-27,2025-07-09,2025-10-02,90.0,3,3,9.0,333248.81,5301.407150999999,327936.48,109312.15999999999,3.0,0.015908255309298777,6515.89,321420.58999999997,0.019869366165057332,0,1.0,224,medium,Electronics
C01112,regular,Karachi,Sindh,2025-11-10,2025-03-30,2025-12-19,12.0,5,6,13.0,195985.42,7050.386761,188938.28,31489.713333333333,2.1666666666666665,0.03597403705336856,4360.8,184577.48,0.023080553077968108,0,1.2,533,medium,Electronics
C01113,loyal,Islamabad,ICT,2025-07-28,2025-01-01,2025-12-04,27.0,8,13,44.0,954460.12,28102.912539,926378.0800000001,71259.85230769232,3.3846153846153846,0.029443778687159815,3950.27,922427.81,0.004264209274036363,0,1.625,455,medium,Electronics
C01114,loyal,Lahore,Punjab,2025-05-01,2025-02-02,2025-11-02,59.0,5,11,39.0,904158.23,25568.891265000002,878579.45,79870.85909090909,3.5454545454545454,0.028279221951007405,13614.34,864965.11,0.015495855269549044,0,2.2,355,medium,Electronics
C01115,regular,Karachi,Sindh,2025-01-20,2025-06-02,2025-12-18,13.0,3,5,11.0,97007.19,1673.413668,95334.28,19066.856,2.2,0.017250408634658935,5286.29,90047.99,0.05545004378278202,0,1.6666666666666667,552,medium,Fashion
C01116,price_sensitive,Karachi,Sindh,2025-08-31,2025-02-09,2025-10-04,88.0,2,2,5.0,76813.33,6168.039924999999,70646.41,35323.205,2.5,0.08029908252903499,0.0,70646.41,0.0,0,1.0,222,medium,Electronics
C01117,regular,Karachi,Sindh,2025-03-11,2025-01-02,2025-05-06,239.0,2,2,5.0,35239.08,471.112028,34767.74,17383.87,2.5,0.013369021779229197,0.0,34767.74,0.0,0,1.0,121,medium,Fashion
C01118,regular,Lahore,Punjab,2025-04-11,2025-04-21,2025-07-21,163.0,4,5,14.0,279491.48,4641.348236,274850.26999999996,54970.05399999999,2.8,0.01660640330073747,0.0,274850.26999999996,0.0,0,1.25,143,medium,Electronics
C01119,loyal,Karachi,Sindh,2025-04-21,2025-01-19,2025-07-04,180.0,6,9,26.0,215320.83000000002,9378.338592,205940.72,22882.30222222222,2.888888888888889,0.043555185032493136,9542.3,196398.42,0.04633517839502552,0,1.5,153,medium,Fashion
C01120,one_time,Islamabad,ICT,2025-01-20,2025-02-08,2025-02-08,326.0,1,1,2.0,13978.470000000001,1815.776497,12162.79,12162.79,2.0,0.12989808591355134,4776.17,7386.620000000001,0.3926870397334822,1,1.0,121,medium,Fashion
C01121,regular,Karachi,Sindh,2025-08-15,2025-01-12,2025-11-19,42.0,3,4,13.0,414400.7,8972.670912,405434.94,101358.735,3.25,0.021652161572120895,0.0,405434.94,0.0,0,1.3333333333333333,344,medium,Electronics
C01122,loyal,Lahore,Punjab,2025-08-18,2025-01-24,2025-11-29,32.0,7,12,39.0,1200274.73,16376.406834,1183915.1,98659.59166666667,3.25,0.013643882041905522,22454.35,1161460.75,0.018966182625764293,0,1.7142857142857142,455,medium,Electronics
C01123,one_time,Islamabad,ICT,2025-12-25,2025-05-08,2025-06-21,193.0,2,3,12.0,351670.36,17804.907493000002,333865.61,111288.53666666667,4.0,0.050629536970360545,0.0,333865.61,0.0,0,1.5,154,medium,Electronics
C01124,loyal,Lahore,Punjab,2025-02-07,2025-02-03,2025-12-09,22.0,6,11,31.0,1044713.25,70344.767034,974376.34,88579.66727272727,2.8181818181818183,0.06733404313001679,5124.82,969251.52,0.00525958994447669,0,1.8333333333333333,455,medium,Electronics
C01125,price_sensitive,Islamabad,ICT,2025-07-07,2025-01-31,2025-08-16,137.0,5,5,22.0,678910.54,63895.195598,615013.86,123002.772,4.4,0.09411430789983022,82173.37,532840.49,0.1336122246090519,1,1.0,125,medium,Electronics
C01126,regular,Islamabad,ICT,2025-01-20,2025-07-07,2025-07-07,177.0,1,1,1.0,1284.04,34.02706,1250.08,1250.08,1.0,0.0265,1149.54,100.53999999999996,0.9195731473185716,1,1.0,121,medium,Fashion
C01127,one_time,Lahore,Punjab,2025-03-12,2025-04-18,2025-12-09,22.0,5,5,16.0,507938.27,6385.1689750000005,501552.7,100310.54000000001,3.2,0.012570757810786733,0.0,501552.7,0.0,0,1.0,424,medium,Electronics
C01128,one_time,Lahore,Punjab,2025-01-14,2025-03-12,2025-03-12,294.0,1,1,1.0,4041.54,62.64387,3979.08,3979.08,1.0,0.0155,0.0,3979.08,0.0,0,1.0,121,medium,Fashion
C01129,regular,Lahore,Punjab,2025-08-17,2025-06-14,2025-11-06,55.0,4,4,14.0,209448.44,3002.0725079999997,206443.9,51610.975,3.5,0.014333229256804202,5678.84,200765.06,0.02750790892828512,0,1.0,323,medium,Electronics
C01130,high_return,Lahore,Punjab,2025-02-24,2025-05-01,2025-06-09,205.0,2,2,7.0,61920.869999999995,852.137676,61068.41,30534.205,3.5,0.01376172001459282,0.0,61068.41,0.0,0,1.0,122,medium,Attach & Addons
C01131,regular,Karachi,Sindh,2025-09-11,2025-03-10,2025-11-06,55.0,5,7,17.0,181276.32,3860.919309,177418.03,25345.432857142856,2.4285714285714284,0.021298530933328744,0.0,177418.03,0.0,0,1.4,343,medium,Electronics
C01132,one_time,Lahore,Punjab,2025-06-07,2025-05-06,2025-10-14,78.0,2,3,6.0,104726.75,1462.131313,103261.76,34420.58666666666,2.0,0.013961392986987566,0.0,103261.76,0.0,0,1.5,252,medium,Electronics
C01133,regular,Islamabad,ICT,2025-06-08,2025-04-23,2025-12-12,19.0,4,5,16.0,288249.78,1587.000469,286662.45,57332.490000000005,3.2,0.005505643296588119,0.0,286662.45,0.0,0,1.25,443,medium,Electronics
C01134,loyal,Karachi,Sindh,2025-11-01,2025-01-16,2025-11-30,31.0,8,10,32.0,1199452.49,118362.58851,1081069.53,108106.95300000001,3.2,0.09868051423195595,15462.400000000001,1065607.1300000001,0.014302872822620393,0,1.25,445,medium,Electronics
C01135,high_return,Lahore,Punjab,2025-07-30,2025-02-27,2025-12-05,26.0,4,5,10.0,160387.31,10189.776192,150193.06,30038.612,2.0,0.06353230933295159,0.0,150193.06,0.0,0,1.25,443,medium,Electronics
C01136,loyal,Karachi,Sindh,2025-04-19,2025-01-06,2025-12-27,4.0,6,10,41.0,593600.91,28213.532223000002,565395.16,56539.516,4.1,0.04752946255254225,11735.36,553659.8,0.020756031940563482,0,1.6666666666666667,555,medium,Electronics
C01137,regular,Islamabad,ICT,2025-11-10,2025-01-19,2025-09-11,111.0,4,4,7.0,293820.26999999996,16613.977618,277205.25,69301.3125,1.75,0.05654469522473723,6436.32,270768.93,0.023218607872686394,0,1.0,223,medium,Electronics
C01138,regular,Islamabad,ICT,2025-12-22,2025-03-24,2025-09-19,103.0,3,4,21.0,580254.08,5329.517481,574924.1,143731.025,5.25,0.00918479966741466,0.0,574924.1,0.0,0,1.3333333333333333,245,medium,Electronics
C01139,one_time,Islamabad,ICT,2025-06-22,2025-09-22,2025-11-16,45.0,2,2,5.0,181163.39,1119.0652550000002,180049.76,90024.88,2.5,0.006177104849936845,0.0,180049.76,0.0,0,1.0,323,medium,Electronics
C01140,price_sensitive,Karachi,Sindh,2025-07-02,2025-01-08,2025-12-30,1.0,6,8,17.0,472423.86,30095.567516,442330.31,55291.28875,2.125,0.06370458832456091,79543.32,362786.99,0.17982787568864544,1,1.3333333333333333,544,medium,Electronics
C01141,regular,Karachi,Sindh,2025-05-26,2025-04-18,2025-11-09,52.0,5,5,14.0,105706.56,1002.428546,104703.14,20940.628,2.8,0.00948312522893565,22193.440000000002,82509.7,0.21196537181215389,1,1.0,322,medium,Electronics
C01142,one_time,Lahore,Punjab,2025-04-23,2025-01-09,2025-09-07,115.0,2,2,7.0,464661.06,11082.754160999999,453572.65,226786.325,3.5,0.023851265180258485,10962.4,442610.25,0.02416900578110254,0,1.0,224,medium,Electronics
C01143,high_return,Lahore,Punjab,2025-09-08,2025-03-06,2025-04-10,265.0,2,2,3.0,20474.34,226.871628,20247.59,10123.795,1.5,0.011080778574547458,0.0,20247.59,0.0,0,1.0,121,medium,Fashion
C01144,regular,Lahore,Punjab,2025-11-09,2025-09-06,2025-10-23,69.0,2,2,6.0,33180.46,925.528494,32255.51,16127.755,3.0,0.027893781279704984,6101.71,26153.8,0.18916799021314498,1,1.0,221,medium,Fashion
C01145,regular,Islamabad,ICT,2025-10-28,2025-04-04,2025-12-04,27.0,2,3,6.0,117274.26999999999,2199.2925349999996,115077.07,38359.02333333334,2.0,0.018753410573350827,0.0,115077.07,0.0,0,1.5,452,medium,Electronics
C01146,price_sensitive,Lahore,Punjab,2025-07-17,2025-05-19,2025-09-08,114.0,3,3,6.0,245426.94,32767.397451999997,212650.99,70883.66333333333,2.0,0.1335118200634372,1541.54,211109.44999999998,0.007249155059188768,0,1.0,223,medium,Electronics
C01147,high_return,Karachi,Sindh,2025-08-28,2025-03-26,2025-11-14,47.0,4,5,16.0,126468.78,5695.342767,120773.27,24154.654000000002,3.2,0.045033586684397525,16402.07,104371.20000000001,0.13580877623003831,1,1.25,342,medium,Attach & Addons
C01148,price_sensitive,Lahore,Punjab,2025-07-17,,,,0,0,0.0,0.0,0.0,0.0,0.0,0.0,0.0,0.0,0.0,0.0,0,0.0,111,unknown,
C01149,regular,Islamabad,ICT,2025-05-04,2025-01-02,2025-12-01,30.0,4,5,14.0,87483.97,2622.2348269999998,84860.64,16972.128,2.8,0.02997388923936579,0.0,84860.64,0.0,0,1.25,442,medium,Fashion
C01150,one_time,Lahore,Punjab,2025-05-17,2025-03-04,2025-07-06,178.0,2,2,10.0,597844.7,92.285876,597752.7100000001,298876.35500000004,5.0,0.00015436429561054905,0.0,597752.7100000001,0.0,0,1.0,125,medium,Electronics
C01151,regular,Islamabad,ICT,2025-11-21,2025-02-18,2025-07-18,166.0,3,3,9.0,257521.32,1019.886405,256501.07,85500.35666666667,3.0,0.003960395997504206,0.0,256501.07,0.0,0,1.0,123,medium,Electronics
C01152,price_sensitive,Islamabad,ICT,2025-03-02,2025-01-14,2025-11-16,45.0,7,8,18.0,605303.85,58667.099763,546627.08,68328.385,2.25,0.09692173569191738,1640.59,544986.49,0.0030012966060883775,0,1.1428571428571428,335,medium,Electronics
C01153,regular,Islamabad,ICT,2025-09-16,2025-01-14,2025-11-23,38.0,2,3,13.0,677001.71,11622.377619,665393.28,221797.76,4.333333333333333,0.01716742727134323,0.0,665393.28,0.0,0,1.5,355,medium,Electronics
C01154,loyal,Lahore,Punjab,2025-04-23,2025-03-17,2025-12-24,7.0,7,9,36.0,396457.4,24059.485882999998,372402.28,41378.031111111115,4.0,0.06068618187729626,11930.47,360471.81000000006,0.032036511699122784,0,1.2857142857142858,544,medium,Electronics
C01155,high_return,Karachi,Sindh,2025-04-28,2025-09-04,2025-12-14,17.0,2,4,6.0,303092.42,15806.075885,287280.61,71820.1525,1.5,0.05214936053168206,0.0,287280.61,0.0,0,2.0,453,medium,Electronics
C01156,price_sensitive,Lahore,Punjab,2025-12-03,2025-01-11,2025-11-29,32.0,7,7,20.0,360570.4,29714.941592,330856.89,47265.270000000004,2.857142857142857,0.08241092888379078,0.0,330856.89,0.0,0,1.0,424,medium,Electronics
C01157,regular,Islamabad,ICT,2025-02-20,2025-07-02,2025-12-26,5.0,2,3,7.0,34357.96,193.281118,34165.01,11388.336666666668,2.3333333333333335,0.005625512050191571,0.0,34165.01,0.0,0,1.5,551,medium,Fashion
C01158,regular,Lahore,Punjab,2025-02-04,2025-02-21,2025-11-21,40.0,6,7,17.0,336996.77,2015.568604,334981.13,47854.44714285714,2.4285714285714284,0.005980973063925805,0.0,334981.13,0.0,0,1.1666666666666667,334,medium,Electronics
C01159,one_time,Lahore,Punjab,2025-03-10,,,,0,0,0.0,0.0,0.0,0.0,0.0,0.0,0.0,0.0,0.0,0.0,0,0.0,111,unknown,
C01160,regular,Lahore,Punjab,2025-02-18,2025-03-01,2025-10-02,90.0,3,3,6.0,47646.21,425.67979900000006,47220.42,15740.14,2.0,0.008934179633595203,15067.83,32152.589999999997,0.3190956370146644,1,1.0,221,medium,Fashion
C01161,one_time,Islamabad,ICT,2025-07-11,2025-10-24,2025-10-24,68.0,1,1,3.0,65491.36,1345.3362419999999,64146.6,64146.6,3.0,0.020542194298606715,0.0,64146.6,0.0,0,1.0,222,medium,Electronics
C01162,one_time,Islamabad,ICT,2025-03-11,2025-03-15,2025-11-28,33.0,4,5,14.0,217080.7,20432.912715,196645.88,39329.176,2.8,0.09412588366906868,0.0,196645.88,0.0,0,1.25,443,medium,Electronics
C01163,high_return,Lahore,Punjab,2025-05-06,2025-05-26,2025-12-27,4.0,5,5,15.0,384500.47,11851.313591,372641.32,74528.264,3.0,0.03082262445869052,24988.559999999998,347652.76,0.06705794193730313,0,1.0,524,medium,Electronics
C01164,regular,Lahore,Punjab,2025-05-09,2025-03-20,2025-09-14,108.0,3,3,8.0,120656.56,1458.3820739999999,119198.37,39732.79,2.6666666666666665,0.012087051661343568,18185.16,101013.20999999999,0.15256215332474765,1,1.0,222,medium,Electronics
C01165,regular,Lahore,Punjab,2025-04-10,2025-03-22,2025-09-09,113.0,5,5,21.0,239607.95,21143.675896999997,218465.67,43693.134000000005,4.2,0.08824279785791747,1621.24,216844.43000000002,0.007421028667799384,0,1.0,223,medium,Electronics
C01166,regular,Karachi,Sindh,2025-07-01,2025-04-17,2025-07-18,166.0,2,3,8.0,81409.08,2848.739668,78559.54000000001,26186.513333333336,2.6666666666666665,0.03499289843344256,0.0,78559.54000000001,0.0,0,1.5,152,medium,Fashion
C01167,price_sensitive,Islamabad,ICT,2025-12-30,2025-06-27,2025-11-28,33.0,4,5,10.0,612845.14,43076.483064,569756.5700000001,113951.31400000001,2.0,0.07028934432603968,0.0,569756.5700000001,0.0,0,1.25,445,medium,Electronics
C01168,loyal,Karachi,Sindh,2025-01-31,2025-01-04,2025-12-11,20.0,5,10,39.0,935361.34,12319.444307,923039.43,92303.943,3.9,0.013170786283512637,6572.78,916466.65,0.007120800895797051,0,2.0,455,medium,Electronics
C01169,regular,Islamabad,ICT,2025-02-05,2025-05-06,2025-11-09,52.0,5,6,11.0,108983.31,6047.186469,102937.49,17156.248333333333,1.8333333333333333,0.05548727111518269,18278.12,84659.37000000001,0.17756523886486836,1,1.2,332,medium,Electronics
C01170,loyal,Lahore,Punjab,2025-12-30,2025-02-16,2025-12-31,0.0,5,5,8.0,54207.96,3190.149513,51018.2,10203.64,1.6,0.0588502041582085,0.0,51018.2,0.0,0,1.0,521,medium,Fashion
C01171,loyal,Karachi,Sindh,2025-12-08,2025-02-27,2025-12-09,22.0,8,10,36.0,804512.03,32840.004967,771667.13,77166.713,3.6,0.04081978111253352,24290.760000000002,747376.37,0.03147828779489416,0,1.25,445,medium,Electronics
C01172,price_sensitive,Lahore,Punjab,2025-06-12,2025-05-15,2025-11-01,60.0,3,3,7.0,67025.37,5192.188932,61831.44,20610.48,2.3333333333333335,0.07746602416368609,10048.24,51783.200000000004,0.1625102051642336,1,1.0,321,medium,Attach & Addons
C01173,price_sensitive,Karachi,Sindh,2025-09-27,2025-09-05,2025-10-11,81.0,2,2,11.0,288777.17,25226.201606000002,263556.5,131778.25,5.5,0.08735524905240952,216405.03,47151.47,0.8210954007964136,1,1.0,221,medium,Electronics
C01174,price_sensitive,Lahore,Punjab,2025-12-02,2025-09-03,2025-12-31,0.0,3,4,10.0,151737.55,11828.354737,139909.0,34977.25,2.5,0.07795271992331497,0.0,139909.0,0.0,0,1.3333333333333333,542,medium,Attach & Addons
C01175,one_time,Islamabad,ICT,2025-04-16,2025-05-09,2025-05-25,220.0,1,2,5.0,26950.56,1176.821195,25773.48,12886.74,2.5,0.04366592734993262,0.0,25773.48,0.0,0,2.0,151,medium,Fashion
C01176,regular,Lahore,Punjab,2025-03-11,2025-02-18,2025-08-05,148.0,5,6,13.0,867118.22,9669.179855,857435.1,142905.85,2.1666666666666665,0.011150936091505494,4005.54,853429.5599999999,0.004671537239378234,0,1.2,135,medium,Electronics
C01177,loyal,Islamabad,ICT,2025-10-28,2025-02-13,2025-12-06,25.0,9,10,34.0,607421.0,31403.147232,576022.67,57602.26700000001,3.4,0.05169914644373507,0.0,576022.67,0.0,0,1.1111111111111112,435,medium,Electronics
C01178,regular,Lahore,Punjab,2025-04-17,2025-03-18,2025-11-08,53.0,4,5,17.0,187406.75,7868.712141999999,179540.44999999998,35908.09,3.4,0.041987346464308246,0.0,179540.44999999998,0.0,0,1.25,343,medium,Fashion
C01179,loyal,Lahore,Punjab,2025-09-07,2025-01-05,2025-12-16,15.0,7,10,21.0,367175.18,16879.924331,350304.0,35030.4,2.1,0.045972400234133466,0.0,350304.0,0.0,0,1.4285714285714286,454,medium,Electronics
C01180,high_return,Islamabad,ICT,2025-01-21,2025-02-18,2025-07-14,170.0,3,3,5.0,23613.050000000003,291.28074000000004,23322.02,7774.006666666667,1.6666666666666667,0.01233558307800136,0.0,23322.02,0.0,0,1.0,121,medium,Fashion
C01181,one_time,Islamabad,ICT,2025-01-07,2025-03-21,2025-10-03,89.0,3,4,17.0,757855.21,14096.691788999999,743747.74,185936.935,4.25,0.018600771760875007,0.0,743747.74,0.0,0,1.3333333333333333,245,medium,Electronics
C01182,loyal,Karachi,Sindh,2025-06-09,2025-01-18,2025-12-30,1.0,7,11,41.0,1326792.4,56365.149863,1270429.96,115493.63272727272,3.727272727272727,0.04248226765769837,60257.909999999996,1210172.05,0.04743111536821754,0,1.5714285714285714,555,medium,Electronics
C01183,regular,Lahore,Punjab,2025-05-28,2025-03-26,2025-09-24,98.0,3,3,11.0,779149.3,9621.595705,769540.94,256513.64666666664,3.6666666666666665,0.012348847268424676,0.0,769540.94,0.0,0,1.0,225,medium,Electronics
C01184,loyal,Karachi,Sindh,2025-07-18,2025-02-04,2025-11-04,57.0,4,6,15.0,154021.76,4594.204068,149427.22,24904.536666666667,2.5,0.029828279250931816,0.0,149427.22,0.0,0,1.5,352,medium,Electronics
C01185,one_time,Karachi,Sindh,2025-06-03,2025-07-10,2025-10-11,81.0,3,4,14.0,109185.23999999999,2580.185911,106606.3,26651.575,3.5,0.023631270224803283,0.0,106606.3,0.0,0,1.3333333333333333,242,medium,Electronics
C01186,one_time,Islamabad,ICT,2025-05-22,2025-01-02,2025-02-26,308.0,2,2,6.0,173497.08,1836.7426840000003,171663.75999999998,85831.87999999999,3.0,0.010586591336292233,4925.1,166738.65999999997,0.028690388699397013,0,1.0,123,medium,Electronics
C01187,regular,Islamabad,ICT,2025-11-10,2025-01-16,2025-08-22,131.0,6,9,22.0,559516.48,17023.853335,542493.63,60277.07,2.4444444444444446,0.03042600878351251,34187.78,508305.85,0.06301968928188152,0,1.5,254,medium,Electronics
C01188,regular,Lahore,Punjab,2025-03-10,2025-03-25,2025-03-25,281.0,1,1,2.0,13178.2,0.0,13178.2,13178.2,2.0,0.0,0.0,13178.2,0.0,0,1.0,121,medium,Fashion
C01189,high_return,Karachi,Sindh,2025-08-06,2025-01-15,2025-11-29,32.0,5,7,17.0,553113.3,28907.933439,524216.04,74888.00571428571,2.4285714285714284,0.052264036028423104,0.0,524216.04,0.0,0,1.4,445,medium,Electronics
C01190,price_sensitive,Lahore,Punjab,2025-11-01,2025-05-16,2025-12-13,18.0,3,5,14.0,73330.12,8383.897710000001,64946.39,12989.278,2.8,0.11433088763525823,0.0,64946.39,0.0,0,1.6666666666666667,452,medium,Fashion
C01191,one_time,Karachi,Sindh,2025-12-11,2025-03-27,2025-11-19,42.0,4,5,11.0,81759.81999999999,1334.574079,80425.29,16085.057999999999,2.2,0.016323104417304248,0.0,80425.29,0.0,0,1.25,342,medium,Electronics
C01192,regular,Islamabad,ICT,2025-06-10,2025-02-26,2025-08-08,145.0,5,5,13.0,505557.94000000006,6468.079393000001,499100.22,99820.044,2.6,0.01279394285252448,0.0,499100.22,0.0,0,1.0,124,medium,Electronics
C01193,price_sensitive,Lahore,Punjab,2025-07-15,2025-01-08,2025-03-06,300.0,2,2,4.0,31889.86,2051.549638,29837.58,14918.79,2.0,0.06433235009498317,0.0,29837.58,0.0,0,1.0,121,medium,Attach & Addons
C01194,one_time,Karachi,Sindh,2025-11-23,2025-05-07,2025-06-02,212.0,2,2,7.0,202113.41999999998,14756.326588999998,187355.72,93677.86,3.5,0.07301012762536994,0.0,187355.72,0.0,0,1.0,123,medium,Electronics
C01195,regular,Islamabad,ICT,2025-10-16,2025-01-02,2025-10-24,68.0,5,5,12.0,368948.92,29102.226253999997,339841.93,67968.386,2.4,0.07887874086743497,2257.62,337584.31,0.006643147300864257,0,1.0,224,medium,Electronics
C01196,one_time,Karachi,Sindh,2025-03-02,2025-03-06,2025-12-20,11.0,5,7,11.0,354337.78,8087.34593,346249.65,49464.235714285714,1.5714285714285714,0.022823831909767,51223.44,295026.21,0.14793788239208328,1,1.4,543,medium,Electronics
C01197,price_sensitive,Lahore,Punjab,2025-01-28,2025-01-31,2025-05-21,224.0,2,2,6.0,82424.05,6298.758652,76127.33,38063.665,3.0,0.07641894146186702,0.0,76127.33,0.0,0,1.0,122,medium,Electronics
C01198,regular,Islamabad,ICT,2025-06-18,2025-04-07,2025-09-09,113.0,3,3,9.0,177963.62,1619.549569,176338.35,58779.450000000004,3.0,0.009100453053270102,0.0,176338.35,0.0,0,1.0,223,medium,Electronics
C01199,regular,Karachi,Sindh,2025-06-26,2025-03-05,2025-08-14,139.0,3,4,13.0,351775.34,8149.393957,343621.76,85905.44,3.25,0.023166473116051852,17350.79,326270.97000000003,0.05049386278680373,0,1.3333333333333333,144,medium,Electronics
C01200,one_time,Karachi,Sindh,2025-07-17,2025-05-15,2025-07-24,160.0,2,2,4.0,67020.35,2230.96863,64789.57,32394.785,2.0,0.033287928666442354,51340.42,13449.150000000001,0.792417977152804,1,1.0,121,medium,Electronics
C01201,regular,Lahore,Punjab,2025-11-26,2025-02-23,2025-12-14,17.0,3,3,13.0,80317.12,3413.5508999999997,76903.04000000001,25634.346666666668,4.333333333333333,0.04250091263232546,0.0,76903.04000000001,0.0,0,1.0,422,medium,Attach & Addons
C01202,price_sensitive,Lahore,Punjab,2025-01-02,2025-04-20,2025-10-13,79.0,6,6,19.0,559705.1,101422.54322600001,458286.98,76381.16333333333,3.1666666666666665,0.18120710929023162,1078.38,457208.6,0.0023530670672773646,0,1.0,224,medium,Electronics
C01203,regular,Lahore,Punjab,2025-02-26,2025-01-04,2025-10-26,66.0,6,6,12.0,123137.98,8815.352423999999,114320.36,19053.393333333333,2.0,0.07158922392587566,13662.08,100658.28,0.11950697146160141,1,1.0,322,medium,Electronics
C01204,regular,Islamabad,ICT,2025-04-08,2025-01-19,2025-10-06,86.0,3,3,4.0,8915.48,361.88573,8553.56,2851.1866666666665,1.3333333333333333,0.040590717493617846,0.0,8553.56,0.0,0,1.0,221,medium,Fashion
C01205,regular,Islamabad,ICT,2025-05-05,2025-01-27,2025-05-04,241.0,4,4,15.0,241650.44,5019.503634,236636.35,59159.0875,3.75,0.02077175458070757,0.0,236636.35,0.0,0,1.0,123,medium,Electronics
C01206,regular,Lahore,Punjab,2025-03-17,2025-05-19,2025-10-31,61.0,3,4,9.0,72237.64,731.333939,71506.46,17876.615,2.25,0.01012400099172675,0.0,71506.46,0.0,0,1.3333333333333333,342,medium,Attach & Addons
C01207,loyal,Islamabad,ICT,2025-10-21,2025-01-03,2025-11-27,34.0,8,11,33.0,343526.97000000003,18681.076578,324845.03,29531.366363636367,3.0,0.05438023273107203,1070.14,323774.89,0.003294309289571092,0,1.375,444,medium,Electronics
C01208,regular,Karachi,Sindh,2025-05-18,2025-03-30,2025-11-16,45.0,4,6,14.0,316445.37,3530.4111190000003,312915.49,52152.581666666665,2.3333333333333335,0.011156463180358747,0.0,312915.49,0.0,0,1.5,354,medium,Electronics
C01209,regular,Lahore,Punjab,2025-08-31,2025-02-22,2025-12-26,5.0,8,9,20.0,369903.14,21341.313014000003,348571.2,38730.13333333333,2.2222222222222223,0.05769432780159693,0.0,348571.2,0.0,0,1.125,534,medium,Electronics
C01210,regular,Islamabad,ICT,2025-02-01,2025-01-09,2025-12-10,21.0,4,5,15.0,394103.66,1420.545548,392690.62,78538.124,3.0,0.003604497222888009,0.0,392690.62,0.0,0,1.25,444,medium,Electronics
C01211,price_sensitive,Islamabad,ICT,2025-01-20,2025-01-27,2025-12-28,3.0,4,7,11.0,306814.88,20485.814289,286321.95,40903.135714285716,1.5714285714285714,0.0667692984414576,0.0,286321.95,0.0,0,1.75,553,medium,Electronics
C01212,one_time,Lahore,Punjab,2025-03-09,2025-04-14,2025-12-18,13.0,3,4,10.0,366893.36,6283.418524000001,360603.05,90150.7625,2.5,0.01712600774241322,0.0,360603.05,0.0,0,1.3333333333333333,544,medium,Electronics
C01213,regular,Lahore,Punjab,2025-08-02,2025-03-02,2025-10-09,83.0,4,4,11.0,132512.43,2007.7523259999998,130505.76,32626.44,2.75,0.01515142636807732,0.0,130505.76,0.0,0,1.0,222,medium,Electronics
C01214,loyal,Islamabad,ICT,2025-08-20,2025-05-19,2025-12-13,18.0,6,7,21.0,345446.09,7962.056896,337484.03,48212.00428571429,3.0,0.02304862358117876,89395.53,248088.50000000003,0.26488817856062696,1,1.1666666666666667,433,medium,Electronics
C01215,regular,Islamabad,ICT,2025-08-02,2025-02-21,2025-12-19,12.0,5,5,19.0,394837.45999999996,12443.439962,382385.18,76477.036,3.8,0.03151534801687763,0.0,382385.18,0.0,0,1.0,524,medium,Electronics
C01216,price_sensitive,Lahore,Punjab,2025-09-27,2025-07-01,2025-11-17,44.0,4,4,20.0,550666.12,39013.552200000006,511640.77,127910.1925,5.0,0.07084792541803735,0.0,511640.77,0.0,0,1.0,324,medium,Electronics
C01217,price_sensitive,Islamabad,ICT,2025-06-17,2025-02-05,2025-12-02,29.0,6,6,11.0,133673.42,11603.111812000001,122070.56999999999,20345.094999999998,1.8333333333333333,0.08680193722880734,0.0,122070.56999999999,0.0,0,1.0,422,medium,Electronics
C01218,regular,Karachi,Sindh,2025-01-26,2025-03-24,2025-11-21,40.0,3,4,9.0,859488.02,62981.28228599999,796512.8,199128.2,2.25,0.07327767324319423,0.0,796512.8,0.0,0,1.3333333333333333,345,medium,Electronics
C01219,one_time,Islamabad,ICT,2025-03-07,2025-01-20,2025-01-20,345.0,1,1,3.0,50772.69,2766.516634,48007.19,48007.19,3.0,0.054488281672686635,0.0,48007.19,0.0,0,1.0,121,medium,Electronics
C01220,loyal,Karachi,Sindh,2025-09-11,2025-03-20,2025-12-25,6.0,6,8,26.0,771068.25,29954.208601000002,741089.65,92636.20625,3.25,0.0388476747693865,0.0,741089.65,0.0,0,1.3333333333333333,545,medium,Electronics
C01221,one_time,Karachi,Sindh,2025-02-13,2025-02-19,2025-05-26,219.0,2,2,2.0,30767.44,1304.5441529999998,29462.54,14731.27,1.0,0.04240015266138489,0.0,29462.54,0.0,0,1.0,121,medium,Electronics
C01222,one_time,Islamabad,ICT,2025-08-15,2025-01-02,2025-12-10,21.0,4,4,7.0,240750.38999999998,25981.479957999996,214775.54,53693.885,1.75,0.10791874504543897,1476.53,213299.01,0.0068747586433725175,0,1.0,423,medium,Electronics
C01223,loyal,Islamabad,ICT,2025-10-06,2025-03-26,2025-09-26,96.0,5,6,15.0,562714.2,65518.608071999995,497209.98000000004,82868.33,2.5,0.11643318770345586,0.0,497209.98000000004,0.0,0,1.2,234,medium,Electronics
C01224,regular,Lahore,Punjab,2025-06-27,2025-01-23,2025-11-07,54.0,6,7,23.0,510687.66,7569.481494,503120.39999999997,71874.34285714285,3.2857142857142856,0.014822135107004544,0.0,503120.39999999997,0.0,0,1.1666666666666667,334,medium,Electronics
C01225,loyal,Karachi,Sindh,2025-07-16,2025-01-17,2025-12-25,6.0,7,10,34.0,310982.9,3341.188514,307641.51,30764.151,3.4,0.010743962172839728,3751.12,303890.39,0.01219315299811134,0,1.4285714285714286,554,medium,Electronics
C01226,regular,Islamabad,ICT,2025-09-25,2025-01-24,2025-11-10,51.0,5,6,11.0,252343.53,3355.5257250000004,248983.15,41497.191666666666,1.8333333333333333,0.013297450998644588,14229.93,234753.22,0.057152180780105,0,1.2,333,medium,Electronics
C01227,one_time,Karachi,Sindh,2025-10-24,,,,0,0,0.0,0.0,0.0,0.0,0.0,0.0,0.0,0.0,0.0,0.0,0,0.0,111,unknown,
C01228,high_return,Lahore,Punjab,2025-03-26,2025-01-11,2025-09-30,92.0,4,6,9.0,629008.18,1798.790447,627226.92,104537.82,1.5,0.002859725046818946,0.0,627226.92,0.0,0,1.5,255,medium,Electronics
C01229,price_sensitive,Karachi,Sindh,2025-02-16,2025-02-13,2025-11-29,32.0,3,5,16.0,519048.10000000003,42438.610465,476605.86,95321.17199999999,3.2,0.08176238476742329,0.0,476605.86,0.0,0,1.6666666666666667,454,medium,Electronics
C01230,price_sensitive,Islamabad,ICT,2025-08-26,2025-03-22,2025-12-17,14.0,5,6,16.0,166452.38,20192.097937,146263.09,24377.181666666667,2.6666666666666665,0.12130855645921072,29556.46,116706.63,0.20207736620359928,1,1.2,532,medium,Electronics
C01231,one_time,Islamabad,ICT,2025-02-11,2025-04-26,2025-07-17,167.0,2,2,8.0,73506.66,2063.7660370000003,71441.61,35720.805,4.0,0.02807590546217173,0.0,71441.61,0.0,0,1.0,122,medium,Electronics
C01232,one_time,Karachi,Sindh,2025-09-25,2025-01-07,2025-10-19,73.0,3,4,12.0,88934.24,7008.499319,81924.74,20481.185,3.0,0.07880541081815057,0.0,81924.74,0.0,0,1.3333333333333333,242,medium,Fashion
C01233,price_sensitive,Lahore,Punjab,2025-12-02,2025-05-25,2025-11-14,47.0,3,5,16.0,302152.39999999997,17789.696992,284360.98,56872.195999999996,3.2,0.05887657020761709,0.0,284360.98,0.0,0,1.6666666666666667,353,medium,Electronics
C01234,regular,Karachi,Sindh,2025-09-16,2025-03-13,2025-09-26,96.0,3,4,14.0,118830.45,1935.3455169999997,116894.15000000001,29223.537500000002,3.5,0.016286612707433153,0.0,116894.15000000001,0.0,0,1.3333333333333333,242,medium,Fashion
C01235,regular,Islamabad,ICT,2025-12-29,2025-02-04,2025-11-28,33.0,5,6,19.0,404790.56,12285.305972000002,392509.22000000003,65418.20333333334,3.1666666666666665,0.03034978377954269,0.0,392509.22000000003,0.0,0,1.2,434,medium,Electronics
C01236,regular,Lahore,Punjab,2025-08-08,2025-05-22,2025-12-05,26.0,4,5,11.0,683258.65,54723.807474,628538.81,125707.76200000002,2.2,0.08009237420411729,0.0,628538.81,0.0,0,1.25,445,medium,Electronics
C01237,price_sensitive,Karachi,Sindh,2025-01-08,2025-02-28,2025-12-10,21.0,4,4,11.0,262830.16000000003,17764.349938,245069.41999999998,61267.354999999996,2.75,0.06758870419589592,0.0,245069.41999999998,0.0,0,1.0,423,medium,Electronics
C01238,regular,Karachi,Sindh,2025-06-25,2025-03-07,2025-08-24,129.0,4,5,16.0,295995.87,22722.319107,273266.11999999994,54653.22399999999,3.2,0.07676566266617166,46782.43,226483.68999999994,0.1711973295482075,1,1.25,243,medium,Electronics
C01239,price_sensitive,Lahore,Punjab,2025-09-17,2025-01-16,2025-12-11,20.0,4,5,13.0,132430.83,7181.339206000001,125250.00000000001,25050.000000000004,2.6,0.054227095050299094,1062.87,124187.13000000002,0.008485988023952094,0,1.25,442,medium,Attach & Addons
C01240,regular,Karachi,Sindh,2025-09-03,2025-02-03,2025-11-18,43.0,6,7,18.0,599186.98,5091.300178,594102.03,84871.71857142857,2.5714285714285716,0.008497014033916426,17590.95,576511.0800000001,0.029609308017345102,0,1.1666666666666667,335,medium,Electronics
C01241,regular,Lahore,Punjab,2025-05-17,2025-01-01,2025-10-06,86.0,2,3,9.0,58864.03,973.731255,57889.810000000005,19296.603333333336,3.0,0.016542041973680702,0.0,57889.810000000005,0.0,0,1.5,252,medium,Fashion
C01242,regular,Lahore,Punjab,2025-10-29,2025-05-03,2025-12-01,30.0,5,7,19.0,461465.23000000004,9749.977548,451720.43,64531.49,2.7142857142857144,0.021128303746741656,0.0,451720.43,0.0,0,1.4,444,medium,Electronics
C01243,price_sensitive,Lahore,Punjab,2025-05-09,2025-07-19,2025-12-29,2.0,3,4,16.0,341783.41000000003,28965.449862,312816.95,78204.2375,4.0,0.08474796907784377,0.0,312816.95,0.0,0,1.3333333333333333,544,medium,Electronics
C01244,one_time,Lahore,Punjab,2025-01-21,2025-02-03,2025-11-07,54.0,4,4,10.0,129975.79,3464.6006070000003,126511.28,31627.82,2.5,0.02665573801859562,9986.91,116524.37,0.07894086598444028,0,1.0,322,medium,Electronics
C01245,regular,Karachi,Sindh,2025-06-11,2025-03-13,2025-10-21,71.0,4,4,9.0,65992.62,1516.0265040000002,64476.39,16119.0975,2.25,0.02297266730734437,12559.08,51917.31,0.19478571923769306,1,1.0,221,medium,Electronics
C01246,price_sensitive,Karachi,Sindh,2025-04-12,2025-04-19,2025-04-19,256.0,1,1,2.0,232095.45,31236.345144000003,200850.77000000002,200850.77000000002,2.0,0.13458404783032155,0.0,200850.77000000002,0.0,0,1.0,123,medium,Electronics
C01247,regular,Islamabad,ICT,2025-02-28,2025-03-31,2025-12-27,4.0,5,8,24.0,640940.91,11363.853203,629575.43,78696.92875,3.0,0.01772995454916429,43293.12,586282.31,0.06876558063900301,0,1.6,555,medium,Electronics
C01248,price_sensitive,Lahore,Punjab,2025-10-10,2025-01-15,2025-12-16,15.0,7,10,17.0,855881.88,58349.597378,797542.64,79754.264,1.7,0.06817482498636378,1587.89,795954.75,0.0019909781876991557,0,1.4285714285714286,455,medium,Electronics
C01249,regular,Islamabad,ICT,2025-05-11,2025-01-26,2025-10-18,74.0,5,6,12.0,63988.46,750.636775,63237.740000000005,10539.623333333335,2.0,0.011730814821922578,1790.62,61447.12,0.028315686170947915,0,1.2,232,medium,Fashion
C01250,one_time,Islamabad,ICT,2025-10-08,2025-04-14,2025-06-12,202.0,2,3,8.0,52116.09,1055.8749119999998,51059.5,17019.833333333332,2.6666666666666665,0.020260056193778155,7456.58,43602.92,0.14603707439359961,1,1.5,151,medium,Attach & Addons
C01251,regular,Karachi,Sindh,2025-06-03,2025-03-07,2025-10-19,73.0,2,3,5.0,52637.41,337.05774699999995,52300.18,17433.393333333333,1.6666666666666667,0.006403387761669883,0.0,52300.18,0.0,0,1.5,251,medium,Attach & Addons
C01252,loyal,Karachi,Sindh,2025-05-13,2025-01-17,2025-12-19,12.0,7,7,35.0,570883.34,19373.475743,551510.45,78787.20714285714,5.0,0.033935962718757914,13814.58,537695.87,0.025048627818384947,0,1.0,525,medium,Electronics
C01253,regular,Karachi,Sindh,2025-09-22,2025-03-06,2025-09-04,118.0,4,4,12.0,458263.56,1030.567832,457234.18,114308.545,3.0,0.002248853982629559,0.0,457234.18,0.0,0,1.0,224,medium,Electronics
C01254,regular,Karachi,Sindh,2025-05-14,2025-03-25,2025-11-08,53.0,5,6,14.0,174106.36,2866.342499,171238.72,28539.786666666667,2.3333333333333335,0.016463169404035558,7375.96,163862.76,0.04307413650370664,0,1.2,333,medium,Electronics
C01255,regular,Islamabad,ICT,2025-12-30,2025-08-09,2025-10-24,68.0,2,2,5.0,39431.25,1871.771527,37558.74,18779.37,2.5,0.04746924145189412,0.0,37558.74,0.0,0,1.0,221,medium,Electronics
C01256,one_time,Lahore,Punjab,2025-08-01,2025-01-14,2025-12-06,25.0,7,7,12.0,944340.34,41323.795662,903008.66,129001.23714285715,1.7142857142857142,0.04375943069635255,0.0,903008.66,0.0,0,1.0,425,medium,Electronics
C01257,price_sensitive,Islamabad,ICT,2025-05-11,2025-03-23,2025-12-03,28.0,4,4,11.0,204422.93,18088.462562,186341.7,46585.425,2.75,0.08848548722983278,0.0,186341.7,0.0,0,1.0,423,medium,Electronics
C01258,regular,Islamabad,ICT,2025-10-13,2025-01-24,2025-09-04,118.0,5,7,19.0,226987.01,4680.473165,222310.17,31758.595714285715,2.7142857142857144,0.020620004488362573,17497.66,204812.51,0.07870832000173451,0,1.4,243,medium,Electronics
C01259,price_sensitive,Karachi,Sindh,2025-10-04,2025-01-05,2025-12-07,24.0,7,8,22.0,1302453.14,145198.384211,1157272.56,144659.07,2.75,0.1114806972717652,21245.31,1136027.25,0.01835808670690334,0,1.1428571428571428,435,medium,Electronics
C01260,loyal,Lahore,Punjab,2025-08-06,2025-03-14,2025-12-15,16.0,4,7,21.0,509048.55000000005,31240.52178,477811.78,68258.82571428572,3.0,0.061370416986749096,6154.02,471657.76,0.012879590369245396,0,1.75,454,medium,Electronics
C01261,loyal,Islamabad,ICT,2025-06-12,2025-01-19,2025-12-30,1.0,5,8,27.0,733798.39,51451.839186000005,682349.66,85293.7075,3.375,0.0701171328353555,136107.39,546242.27,0.19946868589338787,1,1.6,555,medium,Electronics
C01262,price_sensitive,Karachi,Sindh,2025-02-10,2025-02-19,2025-12-24,7.0,5,7,15.0,369941.55,26437.395801,343507.52,49072.50285714286,2.142857142857143,0.07146371041857828,16760.59,326746.93,0.04879249805069769,0,1.4,544,medium,Electronics
C01263,regular,Karachi,Sindh,2025-12-04,2025-04-27,2025-12-31,0.0,6,7,17.0,697910.96,9289.307216,688623.86,98374.83714285714,2.4285714285714284,0.013310160963799738,0.0,688623.86,0.0,0,1.1666666666666667,535,medium,Electronics
C01264,regular,Lahore,Punjab,2025-10-06,2025-03-30,2025-03-30,276.0,1,1,2.0,242484.09999999998,14493.187004,227993.5,227993.5,2.0,0.059769638520628776,0.0,227993.5,0.0,0,1.0,123,medium,Electronics
C01265,high_return,Islamabad,ICT,2025-05-30,2025-03-18,2025-08-20,133.0,4,4,10.0,419302.86,411.744646,418891.67,104722.9175,2.5,0.000981974332347745,0.0,418891.67,0.0,0,1.0,124,medium,Electronics
C01266,regular,Lahore,Punjab,2025-04-18,2025-10-28,2025-10-28,64.0,1,1,3.0,36168.93,828.5327729999999,35339.14,35339.14,3.0,0.02290730671324808,0.0,35339.14,0.0,0,1.0,321,medium,Electronics
C01267,one_time,Lahore,Punjab,2025-09-28,2025-05-05,2025-12-19,12.0,3,4,8.0,503406.09,3156.33982,500248.35000000003,125062.08750000001,2.0,0.006269967492844594,1185.73,499062.62000000005,0.0023702826805925494,0,1.3333333333333333,544,medium,Electronics
C01268,price_sensitive,Lahore,Punjab,2025-10-16,2025-03-08,2025-10-19,73.0,5,6,14.0,316624.5,24450.29781,292182.87,48697.145,2.3333333333333335,0.07722174945400624,12513.439999999999,279669.43,0.04282742516698532,0,1.2,233,medium,Electronics
C01269,loyal,Islamabad,ICT,2025-09-29,2025-02-04,2025-10-28,64.0,8,12,41.0,1602660.56,106798.881486,1495830.46,124652.53833333333,3.4166666666666665,0.0666384911138014,5675.83,1490154.63,0.0037944340296426375,0,1.5,355,medium,Electronics
C01270,loyal,Karachi,Sindh,2025-09-05,2025-02-20,2025-12-21,10.0,6,7,19.0,600373.41,32267.407706000005,568103.53,81157.64714285715,2.7142857142857144,0.05374556429139659,0.0,568103.53,0.0,0,1.1666666666666667,535,medium,Electronics
C01271,loyal,Lahore,Punjab,2025-07-20,2025-01-06,2025-12-20,11.0,8,13,40.0,1121084.09,79993.028057,1041077.74,80082.90307692307,3.076923076923077,0.07135328096307209,15993.55,1025084.19,0.015362493486797633,0,1.625,555,medium,Electronics
C01272,high_return,Lahore,Punjab,2025-01-01,2025-04-11,2025-12-13,18.0,3,3,10.0,168561.84,1287.360475,167272.97,55757.65666666667,3.3333333333333335,0.00763731859476617,0.0,167272.97,0.0,0,1.0,423,medium,Electronics
C01273,regular,Islamabad,ICT,2025-12-09,2025-01-16,2025-11-30,31.0,3,3,5.0,48626.65,2147.0141830000002,46479.65,15493.216666666667,1.6666666666666667,0.044153035074388225,0.0,46479.65,0.0,0,1.0,421,medium,Attach & Addons
C01274,loyal,Islamabad,ICT,2025-03-08,2025-01-21,2025-11-12,49.0,6,9,31.0,737041.55,22215.846212,714829.7100000001,79425.52333333335,3.4444444444444446,0.030141918338253793,0.0,714829.7100000001,0.0,0,1.5,355,medium,Electronics
C01275,regular,Karachi,Sindh,2025-10-30,2025-02-25,2025-12-12,19.0,3,4,11.0,150438.11000000002,5965.595169,144468.79,36117.1975,2.75,0.039654813324894865,0.0,144468.79,0.0,0,1.3333333333333333,442,medium,Electronics
C01276,price_sensitive,Karachi,Sindh,2025-07-10,2025-02-06,2025-12-08,23.0,6,7,18.0,369156.74,30234.501943999996,338922.99,48417.57,2.5714285714285716,0.0819015303472449,11071.1,327851.89,0.03266553266274442,0,1.1666666666666667,434,medium,Electronics
C01277,loyal,Lahore,Punjab,2025-11-09,2025-03-02,2025-11-22,39.0,5,10,24.0,623300.47,29429.866133000003,593867.25,59386.725,2.4,0.04721617831124049,3119.14,590748.11,0.005252251239649938,0,2.0,355,medium,Electronics
C01278,price_sensitive,Lahore,Punjab,2025-10-29,2025-02-07,2025-08-29,124.0,5,5,23.0,362944.85,29371.971302,333579.29,66715.858,4.6,0.08092681657282093,0.0,333579.29,0.0,0,1.0,224,medium,Electronics
C01279,regular,Islamabad,ICT,2025-02-08,2025-01-15,2025-09-25,97.0,3,5,11.0,198557.27,8284.623665,190273.19999999998,38054.64,2.2,0.04172410138898465,0.0,190273.19999999998,0.0,0,1.6666666666666667,253,medium,Electronics
C01280,regular,Lahore,Punjab,2025-09-09,2025-03-10,2025-09-23,99.0,4,4,10.0,291406.06,6378.095950999999,285017.65,71254.4125,2.5,0.021887314048994036,0.0,285017.65,0.0,0,1.0,223,medium,Electronics
C01281,regular,Islamabad,ICT,2025-07-29,2025-01-02,2025-09-25,97.0,2,3,6.0,279306.54,29008.081052,250307.50000000003,83435.83333333334,2.0,0.10385750742535425,4429.76,245877.74000000002,0.017697272355003346,0,1.5,253,medium,Electronics
C01282,high_return,Lahore,Punjab,2025-05-14,2025-04-09,2025-11-05,56.0,3,3,9.0,61630.98,3107.5737310000004,58523.28,19507.76,3.0,0.050422267031937515,0.0,58523.28,0.0,0,1.0,322,medium,Attach & Addons
C01283,regular,Islamabad,ICT,2025-04-01,2025-02-08,2025-12-10,21.0,4,5,13.0,508929.68999999994,1811.4346159999998,507115.56,101423.112,2.6,0.003559302299694875,0.0,507115.56,0.0,0,1.25,444,medium,Electronics
C01284,one_time,Lahore,Punjab,2025-02-15,2025-04-10,2025-04-10,265.0,1,1,3.0,11105.0,633.052891,10472.04,10472.04,3.0,0.05700611355245385,0.0,10472.04,0.0,0,1.0,121,medium,Fashion
C01285,one_time,Lahore,Punjab,2025-04-10,2025-01-17,2025-01-17,348.0,1,1,3.0,260526.69,7369.7132440000005,253161.47,253161.47,3.0,0.028287747577800955,0.0,253161.47,0.0,0,1.0,123,medium,Electronics
C01286,one_time,Lahore,Punjab,2025-07-09,2025-04-13,2025-11-25,36.0,2,3,10.0,274958.91,2713.9834379999998,272244.82999999996,90748.27666666666,3.3333333333333335,0.009870505516624283,2324.27,269920.55999999994,0.008537425669387368,0,1.5,353,medium,Electronics
C01287,one_time,Karachi,Sindh,2025-01-30,2025-03-27,2025-06-14,200.0,2,2,7.0,65368.53,33.379911,65335.439999999995,32667.719999999998,3.5,0.0005106419097997155,0.0,65335.439999999995,0.0,0,1.0,122,medium,Electronics
C01288,regular,Lahore,Punjab,2025-03-25,2025-02-23,2025-11-04,57.0,6,7,15.0,483805.4,33258.594216,450554.89999999997,64364.98571428571,2.142857142857143,0.06874374328190631,21176.879999999997,429378.01999999996,0.047001774922434535,0,1.1666666666666667,334,medium,Electronics
C01289,loyal,Lahore,Punjab,2025-12-10,2025-02-05,2025-12-05,26.0,9,14,44.0,364304.94,15652.224941,348650.36,24903.597142857143,3.142857142857143,0.042964624473662096,15562.75,333087.61,0.04463712585869695,0,1.5555555555555556,454,medium,Electronics
C01290,loyal,Karachi,Sindh,2025-04-12,2025-01-18,2025-12-06,25.0,6,6,21.0,439021.20999999996,5298.557302,433731.68,72288.61333333333,3.5,0.012069023503443035,0.0,433731.68,0.0,0,1.0,424,medium,Electronics
C01291,price_sensitive,Karachi,Sindh,2025-03-24,2025-04-05,2025-11-10,51.0,4,5,15.0,312593.84,51049.758565,261535.38999999998,52307.077999999994,3.0,0.1633101873184705,3441.38,258094.00999999998,0.013158372180529756,0,1.25,343,medium,Electronics
C01292,regular,Lahore,Punjab,2025-10-02,,,,0,0,0.0,0.0,0.0,0.0,0.0,0.0,0.0,0.0,0.0,0.0,0,0.0,111,unknown,
C01293,regular,Islamabad,ICT,2025-06-22,2025-01-10,2025-12-24,7.0,4,5,14.0,374329.35,2938.8484540000004,371393.0,74278.6,2.8,0.007850969885209377,40047.35,331345.65,0.1078301152687315,1,1.25,544,medium,Electronics
C01294,regular,Lahore,Punjab,2025-03-04,2025-03-16,2025-07-16,168.0,2,2,7.0,224360.94,32436.199238999998,191927.82,95963.91,3.5,0.1445715071393443,0.0,191927.82,0.0,0,1.0,123,medium,Electronics
C01295,one_time,Islamabad,ICT,2025-05-04,2025-03-17,2025-03-17,289.0,1,1,1.0,1746.83,32.141672,1714.6,1714.6,1.0,0.0184,0.0,1714.6,0.0,0,1.0,121,medium,Fashion
C01296,regular,Lahore,Punjab,2025-10-02,2025-03-08,2025-12-04,27.0,5,8,28.0,654642.41,9851.049749,644789.79,80598.72375,3.5,0.015047985890495545,0.0,644789.79,0.0,0,1.6,455,medium,Electronics
C01297,regular,Islamabad,ICT,2025-04-30,2025-01-06,2025-10-30,62.0,4,7,19.0,758461.29,7377.0090040000005,751083.34,107297.62,2.7142857142857144,0.009726282806074387,0.0,751083.34,0.0,0,1.75,355,medium,Electronics
C01298,regular,Lahore,Punjab,2025-11-13,2025-01-14,2025-12-11,20.0,6,6,19.0,674762.91,17841.753283000002,656902.15,109483.69166666667,3.1666666666666665,0.026441514521004128,4575.5,652326.65,0.006965268723812214,0,1.0,425,medium,Electronics
C01299,loyal,Karachi,Sindh,2025-10-13,2025-04-30,2025-12-08,23.0,6,7,26.0,591962.29,25125.076269999998,566839.96,80977.13714285714,3.7142857142857144,0.0424437108485407,24563.440000000002,542276.52,0.04333399501333675,0,1.1666666666666667,435,medium,Electronics
C01300,loyal,Islamabad,ICT,2025-06-10,2025-01-28,2025-12-26,5.0,6,7,22.0,695284.57,18489.261013,676777.54,96682.50571428573,3.142857142857143,0.026592364926205685,0.0,676777.54,0.0,0,1.1666666666666667,535,medium,Electronics
C01301,one_time,Lahore,Punjab,2025-03-30,2025-04-06,2025-11-22,39.0,2,2,5.0,20302.2,84.966352,20216.98,10108.49,2.5,0.004185081025701648,2660.64,17556.34,0.1316042257547863,1,1.0,321,medium,Fashion
C01302,regular,Lahore,Punjab,2025-11-05,2025-06-15,2025-09-26,96.0,4,4,14.0,206694.51,2641.76317,204052.44,51013.11,3.5,0.012781003085181122,0.0,204052.44,0.0,0,1.0,223,medium,Electronics
C01303,price_sensitive,Karachi,Sindh,2025-11-30,2025-01-07,2025-12-07,24.0,7,8,25.0,472721.11,33688.988123999996,439040.64,54880.08,3.125,0.07126609624858936,48672.26,390368.38,0.11086048890599284,1,1.1428571428571428,434,medium,Electronics
C01304,regular,Islamabad,ICT,2025-07-15,2025-05-26,2025-08-11,142.0,3,3,3.0,17671.29,430.723297,17240.18,5746.7266666666665,1.0,0.024374185302827353,0.0,17240.18,0.0,0,1.0,121,medium,Fashion
C01305,loyal,Islamabad,ICT,2025-09-21,2025-01-30,2025-12-19,12.0,8,9,36.0,682642.4199999999,12251.512024,670380.82,74486.75777777778,4.0,0.017947188257067297,267039.72000000003,403341.0999999999,0.3983403343788983,1,1.125,534,medium,Electronics
C01306,regular,Islamabad,ICT,2025-05-05,2025-12-29,2025-12-29,2.0,1,1,3.0,39038.57,981.882167,38057.07,38057.07,3.0,0.02515159154139099,0.0,38057.07,0.0,0,1.0,521,medium,Fashion
C01307,high_return,Karachi,Sindh,2025-04-30,2025-03-05,2025-08-27,126.0,3,3,6.0,141508.8,1299.095807,140212.84,46737.613333333335,2.0,0.009180318163958708,0.0,140212.84,0.0,0,1.0,222,medium,Electronics
C01308,price_sensitive,Islamabad,ICT,2025-07-02,2025-07-03,2025-08-16,137.0,2,2,5.0,167902.70999999996,12338.322478999999,155564.43999999997,77782.21999999999,2.5,0.07348495136856338,0.0,155564.43999999997,0.0,0,1.0,123,medium,Electronics
C01309,one_time,Islamabad,ICT,2025-03-03,2025-08-01,2025-10-09,83.0,3,4,7.0,84086.6,1519.3139,82565.75,20641.4375,1.75,0.018068442534244458,12130.35,70435.4,0.1469174566936048,1,1.3333333333333333,242,medium,Electronics
C01310,regular,Lahore,Punjab,2025-06-07,2025-02-16,2025-09-10,112.0,2,2,3.0,35596.78,1946.1541499999998,33650.130000000005,16825.065000000002,1.5,0.05467219647395073,15525.69,18124.440000000002,0.46138573610265393,1,1.0,221,medium,Fashion
C01311,one_time,Lahore,Punjab,2025-09-24,2025-05-25,2025-07-04,180.0,3,3,9.0,175269.1,16670.420648,158598.28,52866.09333333333,3.0,0.09511328949598075,0.0,158598.28,0.0,0,1.0,123,medium,Electronics
C01312,regular,Karachi,Sindh,2025-02-19,2025-01-25,2025-12-03,28.0,4,4,10.0,834911.6699999999,10715.467792000001,824194.94,206048.735,2.5,0.012834253223457761,0.0,824194.94,0.0,0,1.0,425,medium,Electronics
C01313,high_return,Islamabad,ICT,2025-05-29,2025-01-27,2025-06-21,193.0,4,4,11.0,104198.56,1609.195119,102590.7,25647.675,2.75,0.015443544699658038,0.0,102590.7,0.0,0,1.0,122,medium,Electronics
C01314,loyal,Lahore,Punjab,2025-10-03,2025-05-10,2025-12-29,2.0,3,5,15.0,101092.41,2920.000594,98173.19,19634.638,3.0,0.028884469110984693,2261.29,95911.90000000001,0.023033681598815317,0,1.6666666666666667,552,medium,Fashion
C01315,price_sensitive,Karachi,Sindh,2025-06-21,2025-03-12,2025-12-24,7.0,4,4,21.0,158468.91,8591.956022,149876.28,37469.07,5.25,0.05421855947642979,0.0,149876.28,0.0,0,1.0,523,medium,Attach & Addons
C01316,loyal,Islamabad,ICT,2025-07-20,2025-01-04,2025-12-16,15.0,3,5,20.0,533701.27,30211.092105,503494.8,100698.95999999999,4.0,0.056606745764348654,4946.34,498548.45999999996,0.009824014071247607,0,1.6666666666666667,454,medium,Electronics
C01317,regular,Karachi,Sindh,2025-11-20,2025-01-21,2025-11-24,37.0,6,7,17.0,408629.13,24025.812605,384607.45999999996,54943.922857142854,2.4285714285714284,0.058796132828317936,22113.88,362493.57999999996,0.05749727267380618,0,1.1666666666666667,334,medium,Electronics
C01318,regular,Islamabad,ICT,2025-08-04,2025-04-10,2025-06-24,190.0,3,4,10.0,274281.82,30798.845906000002,243484.91,60871.2275,2.5,0.11228905330291304,0.0,243484.91,0.0,0,1.3333333333333333,143,medium,Electronics
C01319,regular,Lahore,Punjab,2025-01-08,2025-02-07,2025-11-20,41.0,4,7,17.0,230818.74,1911.195933,228908.74,32701.24857142857,2.4285714285714284,0.008280072636216626,0.0,228908.74,0.0,0,1.75,353,medium,Electronics
C01320,one_time,Islamabad,ICT,2025-11-28,2025-02-13,2025-02-13,321.0,1,1,3.0,21107.15,0.0,21107.15,21107.15,3.0,0.0,0.0,21107.15,0.0,0,1.0,121,medium,Fashion
C01321,regular,Islamabad,ICT,2025-06-23,2025-11-01,2025-11-01,60.0,1,1,2.0,26533.07,1551.1656930000001,24980.88,24980.88,2.0,0.05846159878973674,22650.98,2329.9000000000015,0.9067326691453623,1,1.0,321,medium,Electronics
C01322,regular,Islamabad,ICT,2025-12-27,2025-07-27,2025-10-02,90.0,2,2,5.0,53526.369999999995,1194.660693,52332.14,26166.07,2.5,0.02231910538674676,0.0,52332.14,0.0,0,1.0,221,medium,Electronics
C01323,one_time,Islamabad,ICT,2025-11-04,2025-01-18,2025-11-08,53.0,2,3,7.0,55601.74,3749.263326,51853.5,17284.5,2.3333333333333335,0.06743068339228232,0.0,51853.5,0.0,0,1.5,351,medium,Fashion
C01324,one_time,Karachi,Sindh,2025-08-20,,,,0,0,0.0,0.0,0.0,0.0,0.0,0.0,0.0,0.0,0.0,0.0,0,0.0,111,unknown,
C01325,regular,Islamabad,ICT,2025-02-07,,,,0,0,0.0,0.0,0.0,0.0,0.0,0.0,0.0,0.0,0.0,0.0,0,0.0,111,unknown,
C01326,high_return,Karachi,Sindh,2025-06-06,2025-04-06,2025-12-05,26.0,3,3,5.0,31625.53,556.619507,31068.980000000003,10356.326666666668,1.6666666666666667,0.017600321860218628,0.0,31068.980000000003,0.0,0,1.0,421,medium,Fashion
C01327,high_return,Islamabad,ICT,2025-11-07,2025-07-27,2025-12-11,20.0,3,3,11.0,145202.25,6779.0780270000005,138423.26,46141.08666666667,3.6666666666666665,0.046687141741949593,58725.64,79697.62000000001,0.42424690763676565,1,1.0,422,medium,Attach & Addons
C01328,one_time,Islamabad,ICT,2025-01-28,2025-03-19,2025-12-13,18.0,3,3,11.0,127190.72,3996.634323,123196.09,41065.363333333335,3.6666666666666665,0.03142237360555865,0.0,123196.09,0.0,0,1.0,422,medium,Attach & Addons
C01329,price_sensitive,Karachi,Sindh,2025-03-17,2025-03-27,2025-03-27,279.0,1,1,5.0,52820.9,9875.567133,42947.07,42947.07,5.0,0.1869632500203518,0.0,42947.07,0.0,0,1.0,121,medium,Electronics
C01330,one_time,Lahore,Punjab,2025-12-08,2025-04-19,2025-04-19,256.0,1,1,2.0,154605.47999999998,2468.0728469999995,152136.7,152136.7,2.0,0.01596368283323463,0.0,152136.7,0.0,0,1.0,123,medium,Electronics
C01331,price_sensitive,Lahore,Punjab,2025-06-11,2025-01-06,2025-08-29,124.0,5,7,19.0,491431.92,37623.198441,453796.6,64828.08571428571,2.7142857142857144,0.07655831237213896,0.0,453796.6,0.0,0,1.4,244,medium,Electronics
C01332,one_time,Karachi,Sindh,2025-12-27,2025-08-09,2025-08-09,144.0,1,1,1.0,7448.6,370.19542,7078.59,7078.59,1.0,0.0497,0.0,7078.59,0.0,0,1.0,121,medium,Fashion
C01333,one_time,Islamabad,ICT,2025-03-28,2025-04-03,2025-11-30,31.0,4,4,9.0,35919.75,396.520129,35523.36,8880.84,2.25,0.011039055923273408,2784.97,32738.39,0.07839827088428572,0,1.0,421,medium,Fashion
C01334,one_time,Lahore,Punjab,2025-08-02,2025-04-29,2025-11-19,42.0,4,4,9.0,319300.76,16065.361546,303228.7,75807.175,2.25,0.05031419764237329,0.0,303228.7,0.0,0,1.0,324,medium,Electronics
C01335,price_sensitive,Islamabad,ICT,2025-03-02,2025-07-07,2025-07-07,177.0,1,1,1.0,2415.65,184.07253000000003,2231.48,2231.48,1.0,0.0762,0.0,2231.48,0.0,0,1.0,121,medium,Fashion
C01336,one_time,Karachi,Sindh,2025-08-06,2025-01-24,2025-09-10,112.0,3,3,7.0,47941.1,2132.6741660000002,45808.35,15269.449999999999,2.3333333333333335,0.04448529896059958,0.0,45808.35,0.0,0,1.0,221,medium,Fashion
C01337,regular,Karachi,Sindh,2025-12-28,2025-04-11,2025-12-23,8.0,5,5,14.0,541719.02,17885.517047,523829.00999999995,104765.802,2.8,0.033016224992432425,0.0,523829.00999999995,0.0,0,1.0,525,medium,Electronics
C01338,regular,Lahore,Punjab,2025-04-03,2025-04-17,2025-07-06,178.0,3,3,5.0,250663.09,15713.709777999999,234945.09999999998,78315.03333333333,1.6666666666666667,0.06268856646584864,0.0,234945.09999999998,0.0,0,1.0,123,medium,Electronics
C01339,one_time,Lahore,Punjab,2025-12-21,2025-08-07,2025-09-20,102.0,2,3,11.0,506893.87,32588.937943,474313.22000000003,158104.40666666668,3.6666666666666665,0.06429144219676597,0.0,474313.22000000003,0.0,0,1.5,254,medium,Electronics
C01340,price_sensitive,Islamabad,ICT,2025-10-18,2025-06-27,2025-12-05,26.0,4,5,16.0,319402.87,31989.764259,287419.41000000003,57483.882000000005,3.2,0.10015490549286549,14771.94,272647.47000000003,0.0513950675773776,0,1.25,443,medium,Electronics
C01341,one_time,Lahore,Punjab,2025-12-06,2025-02-01,2025-11-20,41.0,3,4,6.0,36778.0,232.47028,36545.11,9136.2775,1.5,0.006320905976398934,0.0,36545.11,0.0,0,1.3333333333333333,341,medium,Fashion
C01342,price_sensitive,Karachi,Sindh,2025-05-21,2025-03-04,2025-12-21,10.0,5,6,17.0,341157.31999999995,29907.050748999995,311255.4,51875.9,2.8333333333333335,0.08766351766686407,7561.8,303693.60000000003,0.02429451826377952,0,1.2,534,medium,Electronics
C01343,one_time,Karachi,Sindh,2025-02-18,2025-07-19,2025-07-19,165.0,1,1,2.0,15657.829999999998,11.61148,15646.3,15646.3,2.0,0.0007415765786191319,0.0,15646.3,0.0,0,1.0,121,medium,Electronics
C01344,loyal,Karachi,Sindh,2025-07-09,2025-01-03,2025-12-08,23.0,8,12,35.0,1449450.8,92483.75318500001,1356967.4,113080.61666666665,2.9166666666666665,0.06380606584576724,6897.56,1350069.8399999999,0.005083069792244089,0,1.5,455,medium,Electronics
C01345,regular,Islamabad,ICT,2025-12-19,2025-01-01,2025-11-16,45.0,5,5,12.0,79305.12,2281.147517,77023.70999999999,15404.741999999998,2.4,0.028764189714358922,0.0,77023.70999999999,0.0,0,1.0,322,medium,Electronics
C01346,price_sensitive,Lahore,Punjab,2025-12-07,2025-03-11,2025-12-02,29.0,2,3,8.0,497357.66,40602.488394,456768.75999999995,152256.25333333333,2.6666666666666665,0.081636399033243,0.0,456768.75999999995,0.0,0,1.5,454,medium,Electronics
C01347,one_time,Islamabad,ICT,2025-07-11,2025-11-14,2025-11-29,32.0,1,2,6.0,98662.58,5687.646073999999,92976.34,46488.17,3.0,0.05764744925583741,0.0,92976.34,0.0,0,2.0,452,medium,Electronics
C01348,one_time,Islamabad,ICT,2025-12-29,2025-03-17,2025-11-06,55.0,4,4,7.0,284362.71,1785.081881,282578.27,70644.5675,1.75,0.006277482307718899,219960.2,62618.07000000001,0.778404510721932,1,1.0,322,medium,Electronics
C01349,loyal,Lahore,Punjab,2025-08-21,2025-01-12,2025-11-08,53.0,8,9,26.0,426424.14,11020.562778000001,415402.63,46155.84777777778,2.888888888888889,0.025844134382260818,2329.41,413073.22000000003,0.005607595695771112,0,1.125,334,medium,Electronics
C01350,one_time,Karachi,Sindh,2025-02-06,2025-05-14,2025-09-15,107.0,3,3,10.0,118421.23000000001,749.1443820000001,117671.8,39223.933333333334,3.3333333333333335,0.006326098639576705,0.0,117671.8,0.0,0,1.0,222,medium,Attach & Addons
C01351,price_sensitive,Lahore,Punjab,2025-01-17,2025-01-25,2025-08-11,142.0,3,3,6.0,25647.07,2931.316523,22715.78,7571.926666666666,2.0,0.11429440177766895,0.0,22715.78,0.0,0,1.0,121,medium,Attach & Addons
C01352,loyal,Lahore,Punjab,2025-11-03,2025-01-30,2025-12-03,28.0,9,12,44.0,1005394.57,37964.875198,967427.99,80618.99916666666,3.6666666666666665,0.03776116992356544,0.0,967427.99,0.0,0,1.3333333333333333,445,medium,Electronics
C01353,regular,Lahore,Punjab,2025-07-02,2025-01-19,2025-12-23,8.0,4,6,11.0,208734.73,14795.232615,193942.22,32323.703333333335,1.8333333333333333,0.0708805507114221,0.0,193942.22,0.0,0,1.5,553,medium,Electronics
C01354,regular,Islamabad,ICT,2025-07-11,2025-02-26,2025-11-20,41.0,4,5,12.0,312995.25,18483.360923,294509.55,58901.909999999996,2.4,0.059053167493755894,0.0,294509.55,0.0,0,1.25,343,medium,Electronics
C01355,regular,Lahore,Punjab,2025-05-27,2025-04-07,2025-10-03,89.0,3,3,8.0,280225.33999999997,3380.457689,276845.27,92281.75666666667,2.6666666666666665,0.012063354759423257,0.0,276845.27,0.0,0,1.0,223,medium,Electronics
C01356,one_time,Karachi,Sindh,2025-05-07,2025-04-08,2025-04-08,267.0,1,1,3.0,17395.01,175.26638400000002,17219.829999999998,17219.829999999998,3.0,0.010075670206570736,0.0,17219.829999999998,0.0,0,1.0,121,medium,Attach & Addons
C01357,price_sensitive,Lahore,Punjab,2025-01-01,2025-02-02,2025-11-23,38.0,6,11,42.0,919053.8,131297.03422,787767.8099999999,71615.25545454545,3.8181818181818183,0.1428610971631911,33146.56,754621.25,0.04207656060483101,0,1.8333333333333333,355,medium,Electronics
C01358,one_time,Karachi,Sindh,2025-01-19,2025-04-06,2025-06-06,208.0,2,2,6.0,287165.81,32553.379761000004,254601.56999999998,127300.78499999999,3.0,0.1133609177255468,0.0,254601.56999999998,0.0,0,1.0,123,medium,Electronics
C01359,one_time,Karachi,Sindh,2025-04-19,,,,0,0,0.0,0.0,0.0,0.0,0.0,0.0,0.0,0.0,0.0,0.0,0,0.0,111,unknown,
C01360,high_return,Karachi,Sindh,2025-08-28,2025-04-19,2025-11-18,43.0,5,8,23.0,171228.56,7682.651819000001,163544.78,20443.0975,2.875,0.04486781772269766,11085.79,152458.99,0.06778443188464958,0,1.6,353,medium,Fashion
C01361,price_sensitive,Islamabad,ICT,2025-03-31,2025-02-11,2025-11-27,34.0,6,6,19.0,357515.49,26577.652961,330939.1,55156.51666666666,3.1666666666666665,0.07433986415805369,0.0,330939.1,0.0,0,1.0,424,medium,Electronics
C01362,regular,Islamabad,ICT,2025-09-07,2025-03-10,2025-07-25,159.0,2,3,6.0,237741.75,2075.523851,235668.6,78556.2,2.0,0.008730161408334883,0.0,235668.6,0.0,0,1.5,153,medium,Electronics
C01363,regular,Islamabad,ICT,2025-06-02,2025-04-25,2025-11-12,49.0,4,5,15.0,437610.02999999997,9691.305533,427908.18,85581.636,3.0,0.02214598585183251,0.0,427908.18,0.0,0,1.25,344,medium,Electronics
C01364,high_return,Lahore,Punjab,2025-12-09,2025-06-15,2025-11-26,35.0,2,2,6.0,252152.67000000004,0.0,252152.67000000004,126076.33500000002,3.0,0.0,0.0,252152.67000000004,0.0,0,1.0,423,medium,Electronics
C01365,regular,Islamabad,ICT,2025-08-03,2025-10-14,2025-11-05,56.0,2,2,7.0,35201.14,1991.0559369999999,33210.130000000005,16605.065000000002,3.5,0.05656225727348602,0.0,33210.130000000005,0.0,0,1.0,321,medium,Fashion
C01366,loyal,Lahore,Punjab,2025-12-06,2025-03-07,2025-12-31,0.0,4,8,30.0,1194637.22,26610.146593,1168031.06,146003.8825,3.75,0.02227466727765271,3785.3,1164245.76,0.003240752861486406,0,2.0,555,medium,Electronics
C01367,regular,Karachi,Sindh,2025-11-20,2025-05-19,2025-10-05,87.0,3,3,12.0,156624.49,14286.560962999998,142335.84,47445.28,4.0,0.09121537099977149,5584.86,136750.98,0.03923720125584673,0,1.0,222,medium,Electronics
C01368,one_time,Lahore,Punjab,2025-05-07,2025-04-20,2025-11-08,53.0,3,3,7.0,214841.65,2558.684639,212276.17,70758.72333333334,2.3333333333333335,0.0119096303672961,90181.79,122094.38000000002,0.42483237755797076,1,1.0,322,medium,Electronics
C01369,regular,Karachi,Sindh,2025-05-27,2025-01-17,2025-12-11,20.0,8,8,20.0,331973.61,10278.081355,321702.94,40212.8675,2.5,0.030960537360183542,1687.62,320015.32,0.005245895483578732,0,1.0,424,medium,Electronics
C01370,high_return,Lahore,Punjab,2025-03-25,2025-02-20,2025-10-22,70.0,4,4,8.0,54670.59,1861.0401259999996,52809.69,13202.4225,2.0,0.03404097387644801,0.0,52809.69,0.0,0,1.0,221,medium,Fashion
C01371,regular,Islamabad,ICT,2025-11-28,2025-03-03,2025-12-22,9.0,3,4,10.0,243229.67,9276.810752000001,233951.68000000002,58487.920000000006,2.5,0.038140128019743647,0.0,233951.68000000002,0.0,0,1.3333333333333333,543,medium,Electronics
C01372,loyal,Karachi,Sindh,2025-05-23,2025-01-02,2025-12-01,30.0,10,15,45.0,2475757.4899999998,90420.352528,2385295.28,159019.68533333333,3.0,0.036522297879829906,4963.15,2380332.13,0.0020807277160251624,0,1.5,455,medium,Electronics
C01373,regular,Lahore,Punjab,2025-09-15,2025-03-10,2025-10-29,63.0,4,4,16.0,558893.22,20992.351287999998,537895.2899999999,134473.82249999998,4.0,0.037560576039909734,0.0,537895.2899999999,0.0,0,1.0,325,medium,Electronics
C01374,regular,Lahore,Punjab,2025-04-15,2025-01-08,2025-11-11,50.0,3,3,10.0,193310.26,17811.045196,175498.06,58499.35333333333,3.3333333333333335,0.09213709192672959,0.0,175498.06,0.0,0,1.0,323,medium,Electronics
C01375,high_return,Islamabad,ICT,2025-11-03,2025-03-26,2025-12-01,30.0,5,5,17.0,437942.16000000003,14728.01673,423205.05,84641.01,3.4,0.033630049981942814,7218.049999999999,415987.0,0.017055680219316853,0,1.0,424,medium,Electronics
C01376,high_return,Islamabad,ICT,2025-09-23,2025-05-07,2025-12-08,23.0,5,6,14.0,283924.3,2470.4663349999996,281452.29,46908.715,2.3333333333333335,0.008701144407153596,101924.29,179528.0,0.3621370073059274,1,1.2,433,medium,Electronics
C01377,one_time,Islamabad,ICT,2025-02-20,2025-03-10,2025-11-03,58.0,2,2,5.0,122884.18,6405.582393999999,116476.29,58238.145,2.5,0.05212698977199506,0.0,116476.29,0.0,0,1.0,322,medium,Electronics
C01378,regular,Lahore,Punjab,2025-02-08,2025-02-02,2025-08-06,147.0,3,3,6.0,279522.17,14404.441324,265122.92,88374.30666666666,2.0,0.05153237513861602,0.0,265122.92,0.0,0,1.0,123,medium,Electronics
C01379,regular,Islamabad,ICT,2025-03-25,2025-01-11,2025-05-25,220.0,3,4,13.0,627139.8,63899.14435100001,563234.91,140808.7275,3.25,0.10188979291539144,0.0,563234.91,0.0,0,1.3333333333333333,145,medium,Electronics
C01380,high_return,Lahore,Punjab,2025-04-27,2025-01-31,2025-12-31,0.0,3,4,8.0,44081.66,1409.0175510000001,42672.33,10668.0825,2.0,0.031963804244214036,1933.08,40739.25,0.04530054955986701,0,1.3333333333333333,541,medium,Attach & Addons
C01381,regular,Islamabad,ICT,2025-06-15,2025-04-29,2025-12-13,18.0,3,4,10.0,52975.53999999999,967.974933,52007.259999999995,13001.814999999999,2.5,0.018272110732613582,1966.94,50040.31999999999,0.03782048890866391,0,1.3333333333333333,441,medium,Fashion
C01382,regular,Lahore,Punjab,2025-12-16,2025-01-04,2025-11-15,46.0,5,5,12.0,78435.51,1115.610471,77320.24,15464.048,2.4,0.014223283191503441,0.0,77320.24,0.0,0,1.0,322,medium,Fashion
C01383,price_sensitive,Karachi,Sindh,2025-03-22,2025-01-18,2025-09-28,94.0,5,6,18.0,496475.82,35502.474506,460964.6,76827.43333333333,3.0,0.07150896997561734,5610.42,455354.18,0.012171043069250872,0,1.2,234,medium,Electronics
C01384,regular,Islamabad,ICT,2025-09-25,2025-01-10,2025-10-20,72.0,4,5,14.0,449916.52,5863.220392,444050.45999999996,88810.09199999999,2.8,0.013031796191880218,14544.5,429505.95999999996,0.03275416041681389,0,1.25,244,medium,Electronics
C01385,price_sensitive,Karachi,Sindh,2025-11-17,2025-03-11,2025-08-23,130.0,5,9,22.0,578439.99,38827.794553,539624.0399999999,59958.226666666655,2.4444444444444446,0.0671250176755587,29418.25,510205.7899999999,0.05451619612795606,0,1.8,254,medium,Electronics
C01386,loyal,Lahore,Punjab,2025-12-23,2025-03-24,2025-12-27,4.0,6,7,20.0,563173.74,23877.427893,539278.85,77039.83571428571,2.857142857142857,0.042397978096421894,179416.56,359862.29,0.3326971936689154,1,1.1666666666666667,534,medium,Electronics
C01387,loyal,Karachi,Sindh,2025-02-18,2025-01-11,2025-10-16,76.0,4,4,11.0,45485.53,2365.0008620000003,43120.2,10780.05,2.75,0.05199457634109134,0.0,43120.2,0.0,0,1.0,221,medium,Fashion
C01388,price_sensitive,Islamabad,ICT,2025-10-06,2025-01-05,2025-11-19,42.0,7,11,30.0,486608.82999999996,38070.083423,448554.06,40777.641818181815,2.727272727272727,0.0782354965136987,3571.32,444982.74,0.007961849682065078,0,1.5714285714285714,354,medium,Electronics
C01389,regular,Islamabad,ICT,2025-10-21,2025-04-05,2025-11-10,51.0,5,8,22.0,998294.05,17646.543797000002,980633.68,122579.21,2.75,0.017676699362277077,0.0,980633.68,0.0,0,1.6,355,medium,Electronics
C01390,regular,Lahore,Punjab,2025-04-17,2025-07-04,2025-10-19,73.0,4,4,5.0,114426.14000000001,11667.659234,102756.51000000001,25689.127500000002,1.25,0.10196672922812916,0.0,102756.51000000001,0.0,0,1.0,222,medium,Electronics
C01391,one_time,Islamabad,ICT,2025-04-09,2025-08-07,2025-10-30,62.0,2,2,5.0,51412.14,978.6399289999999,50432.12,25216.06,2.5,0.01903519147423157,0.0,50432.12,0.0,0,1.0,321,medium,Electronics
C01392,loyal,Karachi,Sindh,2025-03-14,2025-01-03,2025-10-14,78.0,7,11,37.0,738936.48,17293.576085999997,721652.8,65604.8,3.3636363636363638,0.023403332429872723,6942.91,714709.89,0.009620845370516126,0,1.5714285714285714,255,medium,Electronics
C01393,price_sensitive,Islamabad,ICT,2025-05-02,2025-03-10,2025-11-22,39.0,5,5,12.0,66116.38,5818.766836,60297.6,12059.52,2.4,0.0880079465330679,0.0,60297.6,0.0,0,1.0,322,medium,Attach & Addons
C01394,high_return,Karachi,Sindh,2025-12-30,2025-01-31,2025-11-14,47.0,4,5,17.0,141233.74,7487.328662,133745.3,26749.059999999998,3.4,0.05301373922406927,0.0,133745.3,0.0,0,1.25,342,medium,Fashion
C01395,regular,Islamabad,ICT,2025-07-14,2025-01-13,2025-10-05,87.0,5,6,16.0,141561.16,5968.08004,135592.81,22598.801666666666,2.6666666666666665,0.042159021867297496,0.0,135592.81,0.0,0,1.2,232,medium,Attach & Addons
C01396,regular,Lahore,Punjab,2025-12-01,2025-06-06,2025-11-19,42.0,2,3,8.0,125573.89,8873.592276000001,116701.47,38900.49,2.6666666666666665,0.07066430988161633,0.0,116701.47,0.0,0,1.5,352,medium,Electronics
C01397,regular,Islamabad,ICT,2025-01-23,2025-03-01,2025-12-20,11.0,3,3,7.0,467768.51,5056.620263000001,462717.61,154239.20333333334,2.3333333333333335,0.010810091220120825,0.0,462717.61,0.0,0,1.0,524,medium,Electronics
C01398,price_sensitive,Lahore,Punjab,2025-02-17,2025-04-15,2025-12-24,7.0,3,3,5.0,260942.80000000002,17828.02085,243117.15999999997,81039.05333333333,1.6666666666666667,0.06832156645057844,0.0,243117.15999999997,0.0,0,1.0,523,medium,Electronics
C01399,loyal,Islamabad,ICT,2025-11-09,2025-02-03,2025-12-15,16.0,6,9,23.0,586218.23,51818.523337,534389.17,59376.57444444445,2.5555555555555554,0.08839459553654617,6510.31,527878.86,0.01218271320880249,0,1.5,455,medium,Electronics
C01400,loyal,Lahore,Punjab,2025-06-16,2025-01-03,2025-12-06,25.0,9,10,29.0,1164795.73,64697.875216,1100120.6500000001,110012.06500000002,2.9,0.055544395939706954,0.0,1100120.6500000001,0.0,0,1.1111111111111112,435,medium,Electronics
C01401,one_time,Karachi,Sindh,2025-06-05,2025-04-28,2025-09-13,109.0,3,3,4.0,29402.590000000004,568.024044,28833.690000000002,9611.230000000001,1.3333333333333333,0.019318843816140005,0.0,28833.690000000002,0.0,0,1.0,221,medium,Attach & Addons
C01402,one_time,Karachi,Sindh,2025-07-15,2025-02-26,2025-09-21,101.0,5,6,16.0,716167.5599999999,13221.361349,702957.91,117159.65166666667,2.6666666666666665,0.01846126812697297,13432.429999999998,689525.48,0.019108441357463347,0,1.2,235,medium,Electronics
C01403,loyal,Karachi,Sindh,2025-11-17,2025-01-06,2025-12-30,1.0,9,11,35.0,1330218.47,79894.669031,1250334.21,113666.74636363635,3.1818181818181817,0.060061313861474196,1346.55,1248987.66,0.0010769520574822951,0,1.2222222222222223,545,medium,Electronics
C01404,one_time,Karachi,Sindh,2025-05-28,,,,0,0,0.0,0.0,0.0,0.0,0.0,0.0,0.0,0.0,0.0,0.0,0,0.0,111,unknown,
C01405,price_sensitive,Lahore,Punjab,2025-07-21,2025-01-26,2025-12-19,12.0,4,6,12.0,275879.83,22132.934831,253757.44,42292.90666666667,2.0,0.0802267234650681,1220.33,252537.11000000002,0.004809041263972398,0,1.5,553,medium,Electronics
C01406,high_return,Lahore,Punjab,2025-05-06,2025-04-25,2025-08-15,138.0,3,4,13.0,535283.3200000001,43878.707413,491409.1,122852.275,3.25,0.0819728651604537,0.0,491409.1,0.0,0,1.3333333333333333,144,medium,Electronics
C01407,high_return,Karachi,Sindh,2025-10-21,2025-05-10,2025-09-11,111.0,3,3,4.0,273337.23,360.95395499999995,272976.21,90992.07,1.3333333333333333,0.001320544424189855,0.0,272976.21,0.0,0,1.0,223,medium,Electronics
C01408,regular,Karachi,Sindh,2025-06-25,2025-01-17,2025-11-29,32.0,6,9,29.0,774292.53,10576.372534,763727.82,84858.64666666667,3.2222222222222223,0.013659401484862575,23760.94,739966.88,0.031111790585289928,0,1.5,455,medium,Electronics
C01409,price_sensitive,Karachi,Sindh,2025-07-23,2025-01-10,2025-11-07,54.0,3,3,10.0,87237.97,8809.512691,78428.53,26142.843333333334,3.3333333333333335,0.10098255027025503,6744.23,71684.3,0.0859920490668383,0,1.0,322,medium,Fashion
C01410,one_time,Islamabad,ICT,2025-01-31,2025-03-21,2025-05-06,239.0,3,4,12.0,400349.1,3098.382095,397251.39,99312.8475,3.0,0.007739200849958199,3663.09,393588.3,0.009221087936281356,0,1.3333333333333333,144,medium,Electronics
C01411,regular,Karachi,Sindh,2025-12-31,2025-02-25,2025-06-15,199.0,3,3,8.0,133460.25,5848.101364,127610.56999999999,42536.85666666667,2.6666666666666665,0.043819049971808084,4089.62,123520.95,0.0320476587480175,0,1.0,122,medium,Electronics
C01412,regular,Lahore,Punjab,2025-12-10,2025-01-21,2025-08-08,145.0,3,3,10.0,73576.72,2365.2997490000002,71210.48,23736.826666666664,3.3333333333333335,0.03214739321078733,0.0,71210.48,0.0,0,1.0,122,medium,Fashion
C01413,one_time,Lahore,Punjab,2025-03-16,,,,0,0,0.0,0.0,0.0,0.0,0.0,0.0,0.0,0.0,0.0,0.0,0,0.0,111,unknown,
C01414,loyal,Lahore,Punjab,2025-06-03,2025-01-17,2025-11-28,33.0,8,11,28.0,779607.53,14983.630549,764621.1,69511.0090909091,2.5454545454545454,0.01921945334340216,10678.369999999999,753942.73,0.013965570659768608,0,1.375,445,medium,Electronics
C01415,loyal,Islamabad,ICT,2025-12-29,2025-04-04,2025-10-14,78.0,6,11,32.0,701118.95,22385.519033,678719.8200000001,61701.801818181826,2.909090909090909,0.03192827555580976,8507.06,670212.76,0.012533979043075533,0,1.8333333333333333,255,medium,Electronics
C01416,one_time,Islamabad,ICT,2025-08-22,2025-07-02,2025-10-01,91.0,2,2,6.0,32975.47,1396.4415909999998,31580.030000000002,15790.015000000001,3.0,0.04234789044705048,0.0,31580.030000000002,0.0,0,1.0,221,medium,Attach & Addons
C01417,one_time,Islamabad,ICT,2025-09-19,2025-03-10,2025-12-11,20.0,3,4,4.0,30356.5,1235.169313,29121.800000000003,7280.450000000001,1.0,0.040688791955594356,0.0,29121.800000000003,0.0,0,1.3333333333333333,441,medium,Fashion
C01418,regular,Islamabad,ICT,2025-09-02,2025-02-19,2025-06-19,195.0,4,5,16.0,945617.29,43878.678553000005,901723.3200000001,180344.66400000002,3.2,0.04640215340499961,0.0,901723.3200000001,0.0,0,1.25,145,medium,Electronics
C01419,price_sensitive,Lahore,Punjab,2025-05-02,2025-04-10,2025-07-12,172.0,3,4,15.0,499044.28,44591.47829,454456.93,113614.2325,3.75,0.08935375091364638,6774.23,447682.7,0.014906209043836122,0,1.3333333333333333,144,medium,Electronics
C01420,loyal,Islamabad,ICT,2025-06-19,2025-01-20,2025-11-06,55.0,4,5,16.0,95553.51,5596.7503799999995,89955.51,17991.102,3.2,0.05857189735887253,0.0,89955.51,0.0,0,1.25,342,medium,Attach & Addons
C01421,one_time,Islamabad,ICT,2025-02-04,2025-03-26,2025-08-08,145.0,5,5,11.0,544640.94,27388.276174,517254.75,103450.95,2.2,0.05028684801770503,0.0,517254.75,0.0,0,1.0,124,medium,Electronics
C01422,regular,Islamabad,ICT,2025-07-15,2025-03-03,2025-03-03,303.0,1,1,4.0,42547.2,410.121663,42137.340000000004,42137.340000000004,4.0,0.009639216282152528,0.0,42137.340000000004,0.0,0,1.0,121,medium,Electronics
C01423,regular,Karachi,Sindh,2025-07-20,2025-07-08,2025-11-12,49.0,2,3,10.0,252865.3,17609.979201000002,235252.84,78417.61333333333,3.3333333333333335,0.06964173890605,2130.78,233122.06,0.00905740394037326,0,1.5,353,medium,Electronics
C01424,regular,Lahore,Punjab,2025-03-18,2025-01-29,2025-09-14,108.0,3,4,8.0,96787.02,4321.289544,92465.55,23116.3875,2.0,0.04464740772058071,0.0,92465.55,0.0,0,1.3333333333333333,242,medium,Electronics
C01425,high_return,Islamabad,ICT,2025-05-06,2025-02-13,2025-11-20,41.0,2,2,5.0,57614.049999999996,1316.0804979999998,56298.0,28149.0,2.5,0.022843047798236715,0.0,56298.0,0.0,0,1.0,322,medium,Electronics
C01426,one_time,Karachi,Sindh,2025-04-19,2025-03-17,2025-09-13,109.0,3,4,7.0,94284.0,3819.039334,90467.23,22616.8075,1.75,0.04050569910058971,0.0,90467.23,0.0,0,1.3333333333333333,242,medium,Electronics
C01427,regular,Lahore,Punjab,2025-10-05,2025-04-17,2025-12-29,2.0,5,5,9.0,288780.8,15252.473682999998,273535.38,54707.076,1.8,0.05281678589089025,0.0,273535.38,0.0,0,1.0,523,medium,Electronics
C01428,one_time,Islamabad,ICT,2025-06-14,2025-02-28,2025-08-09,144.0,3,3,8.0,545962.36,12027.322876999999,533929.51,177976.50333333333,2.6666666666666665,0.02202958254667959,0.0,533929.51,0.0,0,1.0,125,medium,Electronics
C01429,one_time,Lahore,Punjab,2025-06-11,2025-03-02,2025-03-02,304.0,1,1,3.0,14488.41,163.391016,14325.349999999999,14325.349999999999,3.0,0.011277360041578062,6581.37,7743.979999999999,0.45942123578132477,1,1.0,121,medium,Fashion
C01430,price_sensitive,Lahore,Punjab,2025-11-05,,,,0,0,0.0,0.0,0.0,0.0,0.0,0.0,0.0,0.0,0.0,0.0,0,0.0,111,unknown,
C01431,regular,Karachi,Sindh,2025-02-11,2025-03-15,2025-12-23,8.0,5,9,14.0,728416.02,30661.065851,697740.85,77526.7611111111,1.5555555555555556,0.0420927945145962,1382.92,696357.9299999999,0.0019819966109193695,0,1.8,555,medium,Electronics
C01432,regular,Islamabad,ICT,2025-04-19,2025-07-27,2025-11-12,49.0,3,4,11.0,324599.88,19283.7886,305309.63,76327.4075,2.75,0.05940787347179549,0.0,305309.63,0.0,0,1.3333333333333333,344,medium,Electronics
C01433,price_sensitive,Lahore,Punjab,2025-12-07,2025-01-01,2025-12-20,11.0,6,7,20.0,383304.26,22995.50967,360297.37999999995,51471.05428571428,2.857142857142857,0.05999283616101736,133170.49000000002,227126.88999999993,0.36961270714763467,1,1.1666666666666667,533,medium,Electronics
C01434,one_time,Karachi,Sindh,2025-01-21,2025-01-01,2025-05-04,241.0,2,3,7.0,140736.47,11171.904055,129562.98,43187.659999999996,2.3333333333333335,0.07938172710314534,0.0,129562.98,0.0,0,1.5,152,medium,Electronics
C01435,regular,Lahore,Punjab,2025-12-25,2025-07-23,2025-10-16,76.0,2,2,6.0,710790.87,37193.492356,673585.58,336792.79,3.0,0.052326913478784556,0.0,673585.58,0.0,0,1.0,225,medium,Electronics
C01436,one_time,Lahore,Punjab,2025-04-02,2025-01-20,2025-12-20,11.0,3,3,9.0,124864.53,2255.3275379999995,122608.31,40869.43666666667,3.0,0.018062195388874644,0.0,122608.31,0.0,0,1.0,522,medium,Electronics
C01437,high_return,Karachi,Sindh,2025-05-05,2025-02-24,2025-10-11,81.0,3,3,10.0,62844.66,314.185409,62530.53,20843.51,3.3333333333333335,0.004999397068899728,0.0,62530.53,0.0,0,1.0,222,medium,Fashion
C01438,one_time,Lahore,Punjab,2025-04-21,2025-02-24,2025-02-24,310.0,1,1,3.0,9542.49,616.887224,8925.52,8925.52,3.0,0.06464635792125535,0.0,8925.52,0.0,0,1.0,121,medium,Fashion
C01439,regular,Karachi,Sindh,2025-09-30,2025-01-21,2025-12-06,25.0,7,7,21.0,350063.63,5367.408389,344691.9,49241.700000000004,3.0,0.01533266506149182,2102.07,342589.83,0.006098402660462866,0,1.0,424,medium,Electronics
C01440,regular,Islamabad,ICT,2025-12-04,2025-03-22,2025-11-27,34.0,3,3,11.0,86287.51,2059.742212,84227.84,28075.946666666667,3.6666666666666665,0.02387068779710992,0.0,84227.84,0.0,0,1.0,422,medium,Electronics
C01441,high_return,Lahore,Punjab,2025-09-06,2025-01-20,2025-12-21,10.0,6,8,17.0,337001.53,2439.2022779999998,334562.03,41820.25375,2.125,0.00723795609473939,0.0,334562.03,0.0,0,1.3333333333333333,544,medium,Electronics
C01442,regular,Islamabad,ICT,2025-10-02,2025-10-21,2025-12-28,3.0,2,2,7.0,257507.73,1418.657154,256096.19999999998,128048.09999999999,3.5,0.005509182788415711,0.0,256096.19999999998,0.0,0,1.0,523,medium,Electronics
C01443,price_sensitive,Islamabad,ICT,2025-12-07,2025-03-31,2025-08-16,137.0,4,4,8.0,401188.07,44360.35774100001,356816.13000000006,89204.03250000002,2.0,0.1105724747523026,0.0,356816.13000000006,0.0,0,1.0,124,medium,Electronics
C01444,price_sensitive,Lahore,Punjab,2025-01-05,2025-01-01,2025-04-07,268.0,2,2,5.0,44917.3,3314.677202,41603.020000000004,20801.510000000002,2.5,0.07379511239544674,0.0,41603.020000000004,0.0,0,1.0,121,medium,Attach & Addons
C01445,one_time,Karachi,Sindh,2025-06-13,2025-03-06,2025-03-06,300.0,1,1,1.0,4011.68,14.843216,3996.79,3996.79,1.0,0.0037,0.0,3996.79,0.0,0,1.0,121,medium,Fashion
C01446,regular,Lahore,Punjab,2025-03-05,2025-06-08,2025-12-20,11.0,2,3,9.0,75467.38,3791.316758,71674.6,23891.533333333336,3.0,0.050237821400451424,0.0,71674.6,0.0,0,1.5,552,medium,Attach & Addons
C01447,high_return,Lahore,Punjab,2025-12-20,,,,0,0,0.0,0.0,0.0,0.0,0.0,0.0,0.0,0.0,0.0,0.0,0,0.0,111,unknown,
C01448,regular,Karachi,Sindh,2025-06-22,2025-05-08,2025-05-08,237.0,1,1,4.0,17488.28,800.438976,16687.38,16687.38,4.0,0.045770022895333336,0.0,16687.38,0.0,0,1.0,121,medium,Fashion
C01449,one_time,Karachi,Sindh,2025-09-03,2025-01-23,2025-12-14,17.0,7,7,14.0,131338.93,4537.170983,126803.25,18114.75,2.0,0.03454551505025966,0.0,126803.25,0.0,0,1.0,422,medium,Fashion
C01450,loyal,Lahore,Punjab,2025-01-05,2025-01-10,2025-11-30,31.0,7,11,33.0,794440.76,38417.004533,756010.5,68728.22727272728,3.0,0.048357292912564055,2983.18,753027.32,0.003945950486137427,0,1.5714285714285714,455,medium,Electronics
C01451,regular,Karachi,Sindh,2025-01-20,2025-01-09,2025-10-10,82.0,2,2,3.0,14984.4,967.6392149999999,14016.99,7008.495,1.5,0.06457644049811805,0.0,14016.99,0.0,0,1.0,221,medium,Fashion
C01452,one_time,Islamabad,ICT,2025-01-12,2025-03-21,2025-03-21,285.0,1,1,4.0,46129.58,4.97851,46124.850000000006,46124.850000000006,4.0,0.00010792445975012128,0.0,46124.850000000006,0.0,0,1.0,121,medium,Electronics
C01453,regular,Karachi,Sindh,2025-05-27,2025-03-22,2025-11-25,36.0,4,4,7.0,298582.05000000005,2622.460186,295957.02,73989.255,1.75,0.008783047025097454,0.0,295957.02,0.0,0,1.0,323,medium,Electronics
C01454,one_time,Islamabad,ICT,2025-04-18,2025-05-01,2025-11-30,31.0,2,2,5.0,133688.37,3095.713246,130597.16,65298.58,2.5,0.023156189622178802,0.0,130597.16,0.0,0,1.0,422,medium,Electronics
C01455,one_time,Islamabad,ICT,2025-12-18,2025-04-30,2025-12-04,27.0,6,7,18.0,531131.1,6627.585905,524519.42,74931.34571428572,2.5714285714285716,0.01247824860001608,0.0,524519.42,0.0,0,1.1666666666666667,435,medium,Electronics
C01456,one_time,Islamabad,ICT,2025-07-02,2025-10-22,2025-10-22,70.0,1,1,2.0,13717.150000000001,720.08959,12997.08,12997.08,2.0,0.052495568685915074,0.0,12997.08,0.0,0,1.0,221,medium,Fashion
C01457,one_time,Karachi,Sindh,2025-04-12,2025-04-18,2025-09-27,95.0,3,3,8.0,304541.56,4509.038728,300037.46,100012.48666666668,2.6666666666666665,0.01480598814821859,0.0,300037.46,0.0,0,1.0,224,medium,Electronics
C01458,one_time,Karachi,Sindh,2025-08-04,2025-02-14,2025-05-07,238.0,2,2,5.0,170910.69,12.984928,170897.96000000002,85448.98000000001,2.5,7.597493170263369e-05,0.0,170897.96000000002,0.0,0,1.0,123,medium,Electronics
C01459,one_time,Lahore,Punjab,2025-07-22,2025-04-12,2025-12-26,5.0,5,5,17.0,294704.36,1555.2780019999998,293144.48,58628.89599999999,3.4,0.005277417687339271,4378.29,288766.19,0.014935604450065034,0,1.0,523,medium,Electronics
C01460,regular,Karachi,Sindh,2025-08-30,2025-05-19,2025-08-15,138.0,3,3,3.0,21936.46,523.161298,21413.04,7137.68,1.0,0.02384893907221129,0.0,21413.04,0.0,0,1.0,121,medium,Fashion
C01461,regular,Karachi,Sindh,2025-08-07,2025-01-06,2025-07-28,156.0,3,4,9.0,96815.0,1085.872206,95728.87,23932.2175,2.25,0.011215950069720601,0.0,95728.87,0.0,0,1.3333333333333333,142,medium,Attach & Addons
C01462,one_time,Islamabad,ICT,2025-06-24,2025-02-01,2025-04-13,262.0,2,2,7.0,135267.8,5004.499592,130262.04999999999,65131.024999999994,3.5,0.03699697630921772,0.0,130262.04999999999,0.0,0,1.0,122,medium,Electronics
C01463,regular,Karachi,Sindh,2025-09-17,2025-03-11,2025-12-14,17.0,4,4,9.0,410175.84,19630.7402,390537.51999999996,97634.37999999999,2.25,0.04785932833099092,0.0,390537.51999999996,0.0,0,1.0,424,medium,Electronics
C01464,regular,Karachi,Sindh,2025-06-12,2025-05-11,2025-12-24,7.0,4,4,16.0,249663.08,3701.484547,245959.52000000002,61489.880000000005,4.0,0.01482591878222443,0.0,245959.52000000002,0.0,0,1.0,523,medium,Electronics
C01465,price_sensitive,Islamabad,ICT,2025-11-25,2025-03-11,2025-11-04,57.0,3,3,6.0,78095.6,4721.866451,73373.27,24457.756666666668,2.0,0.06046264387494301,0.0,73373.27,0.0,0,1.0,322,medium,Electronics
C01466,loyal,Karachi,Sindh,2025-12-03,2025-06-15,2025-08-17,136.0,3,6,21.0,694245.46,44120.602372,650129.01,108354.835,3.5,0.06355187741811089,15636.890000000001,634492.12,0.024051980083153037,0,2.0,155,medium,Electronics
C01467,high_return,Islamabad,ICT,2025-08-13,2025-01-20,2025-03-23,283.0,2,2,4.0,72086.9,2151.35322,69935.95000000001,34967.975000000006,2.0,0.029843885921020327,3785.55,66150.40000000001,0.05412881357871023,0,1.0,122,medium,Electronics
C01468,regular,Karachi,Sindh,2025-05-27,2025-03-28,2025-12-15,16.0,6,7,21.0,172946.65,5812.677738,167131.25,23875.89285714286,3.0,0.03360965788004567,0.0,167131.25,0.0,0,1.1666666666666667,433,medium,Fashion
C01469,price_sensitive,Karachi,Sindh,2025-11-19,2025-04-25,2025-12-23,8.0,2,2,5.0,64387.22,6864.457552999999,57520.14,28760.07,2.5,0.1066121126677002,8576.86,48943.28,0.1491105550160344,1,1.0,521,medium,Electronics
C01470,one_time,Lahore,Punjab,2025-01-13,2025-03-15,2025-06-19,195.0,2,2,6.0,319900.45,19390.479508,300511.83,150255.915,3.0,0.060614105131768334,0.0,300511.83,0.0,0,1.0,124,medium,Electronics
C01471,regular,Karachi,Sindh,2025-07-08,2025-01-12,2025-03-11,295.0,3,3,6.0,42765.979999999996,571.847307,42193.8,14064.6,2.0,0.013371546893114575,6399.26,35794.54,0.15166351454479093,1,1.0,121,medium,Attach & Addons
C01472,regular,Islamabad,ICT,2025-07-27,2025-04-12,2025-12-19,12.0,3,4,13.0,142352.62,1548.4498760000001,140805.66999999998,35201.417499999996,3.25,0.01087756499318383,0.0,140805.66999999998,0.0,0,1.3333333333333333,542,medium,Attach & Addons
C01473,regular,Karachi,Sindh,2025-01-22,2025-05-05,2025-12-03,28.0,4,5,10.0,611984.82,2851.666834,609139.5,121827.9,2.0,0.004659701908946043,7815.51,601323.99,0.012830410767976794,0,1.25,445,medium,Electronics
C01474,regular,Lahore,Punjab,2025-06-20,2025-03-02,2025-06-30,184.0,3,4,10.0,64182.47,5293.064839,58889.6,14722.4,2.5,0.0824690112268973,14800.09,44089.509999999995,0.25131924822039886,1,1.3333333333333333,141,medium,Electronics
C01475,regular,Karachi,Sindh,2025-10-25,2025-04-29,2025-11-24,37.0,5,6,21.0,341925.47,10673.743542999999,331248.70999999996,55208.118333333325,3.5,0.03121657928261384,0.0,331248.70999999996,0.0,0,1.2,334,medium,Electronics
C01476,high_return,Karachi,Sindh,2025-10-04,2025-02-13,2025-12-12,19.0,6,8,22.0,516817.53,43326.90807899999,473498.32,59187.29,2.75,0.08383405276326442,0.0,473498.32,0.0,0,1.3333333333333333,444,medium,Electronics
C01477,one_time,Islamabad,ICT,2025-07-13,2025-10-26,2025-12-29,2.0,2,2,5.0,246012.16,1426.391343,244584.22999999998,122292.11499999999,2.5,0.005798052189777936,0.0,244584.22999999998,0.0,0,1.0,523,medium,Electronics
C01478,price_sensitive,Lahore,Punjab,2025-02-04,2025-03-16,2025-12-30,1.0,3,4,9.0,72904.02,5897.317386000001,67006.08,16751.52,2.25,0.08089152540559492,10999.2,56006.880000000005,0.16415226797329438,1,1.3333333333333333,542,medium,Attach & Addons
C01479,price_sensitive,Karachi,Sindh,2025-02-26,2025-01-07,2025-12-28,3.0,5,7,16.0,348984.08999999997,27312.597802000004,321671.88,45953.125714285714,2.2857142857142856,0.07826316036928792,10348.5,311323.38,0.03217098118741371,0,1.4,544,medium,Electronics
C01480,regular,Karachi,Sindh,2025-06-12,2025-01-01,2025-11-07,54.0,3,3,9.0,577972.02,11107.552627000001,566856.17,188952.05666666667,3.0,0.01921814939588252,0.0,566856.17,0.0,0,1.0,325,medium,Electronics
C01481,regular,Islamabad,ICT,2025-09-21,2025-07-04,2025-09-20,102.0,3,6,17.0,534762.5700000001,18504.272845,516276.29,86046.04833333332,2.8333333333333335,0.03460278239929918,4685.86,511590.43,0.009076264184047654,0,2.0,254,medium,Electronics
C01482,regular,Karachi,Sindh,2025-11-23,2025-01-08,2025-12-27,4.0,5,5,12.0,536709.26,1150.548227,535558.9199999999,107111.78399999999,2.4,0.002143708545293219,227840.39,307718.5299999999,0.42542544151818074,1,1.0,524,medium,Electronics
C01483,loyal,Karachi,Sindh,2025-03-08,2025-02-18,2025-12-31,0.0,8,12,33.0,552555.94,7668.622673,544885.02,45407.085,2.75,0.013878454863773614,0.0,544885.02,0.0,0,1.5,555,medium,Electronics
C01484,regular,Karachi,Sindh,2025-01-25,2025-03-01,2025-06-17,197.0,3,3,5.0,34452.08,687.633402,33764.49,11254.83,1.6666666666666667,0.019959125893124596,0.0,33764.49,0.0,0,1.0,121,medium,Fashion
C01485,high_return,Lahore,Punjab,2025-02-06,2025-01-14,2025-01-14,351.0,1,1,5.0,56786.409999999996,346.11339200000003,56441.549999999996,56441.549999999996,5.0,0.006095003927876407,0.0,56441.549999999996,0.0,0,1.0,122,medium,Electronics
C01486,loyal,Karachi,Sindh,2025-05-16,2025-01-05,2025-12-10,21.0,6,9,25.0,206522.32,3516.711659,203006.49,22556.276666666665,2.7777777777777777,0.017028240138886683,3847.27,199159.22,0.018951463078840484,0,1.5,453,medium,Fashion
C01487,regular,Islamabad,ICT,2025-05-08,2025-02-20,2025-09-23,99.0,3,3,8.0,158116.16,14054.910257,144059.15,48019.71666666667,2.6666666666666665,0.08888977734470657,0.0,144059.15,0.0,0,1.0,222,medium,Electronics
C01488,regular,Lahore,Punjab,2025-09-14,2025-05-18,2025-12-08,23.0,3,3,9.0,493164.73000000004,28287.938017,464875.87999999995,154958.62666666665,3.0,0.05736001846076867,0.0,464875.87999999995,0.0,0,1.0,424,medium,Electronics
C01489,regular,Karachi,Sindh,2025-07-13,2025-01-09,2025-11-08,53.0,4,4,8.0,446737.21,8464.316542,438265.01,109566.2525,2.0,0.018946970058751095,0.0,438265.01,0.0,0,1.0,324,medium,Electronics
C01490,loyal,Karachi,Sindh,2025-01-23,2025-04-02,2025-12-18,13.0,4,7,25.0,851590.65,26840.110643,824751.74,117821.67714285714,3.5714285714285716,0.031517620165275415,10009.89,814741.85,0.012136852236286279,0,1.75,555,medium,Electronics
C01491,one_time,Lahore,Punjab,2025-09-17,2025-06-18,2025-10-04,88.0,4,4,10.0,319044.94,2462.150469,316592.8,79148.2,2.5,0.0077172528390514515,0.0,316592.8,0.0,0,1.0,224,medium,Electronics
C01492,one_time,Karachi,Sindh,2025-12-24,2025-02-15,2025-07-30,154.0,2,2,6.0,24564.93,794.368751,23770.7,11885.35,3.0,0.032337513316748716,812.85,22957.850000000002,0.03419545911563395,0,1.0,121,medium,Fashion
C01493,price_sensitive,Karachi,Sindh,2025-03-13,2025-03-03,2025-12-13,18.0,4,4,9.0,428848.05000000005,43739.486197000006,385099.31,96274.8275,2.25,0.10199296976399916,0.0,385099.31,0.0,0,1.0,424,medium,Electronics
C01494,loyal,Islamabad,ICT,2025-07-07,2025-02-01,2025-12-30,1.0,7,12,37.0,594940.23,21155.641957,573775.37,47814.614166666666,3.0833333333333335,0.03555927283149099,30270.82,543504.55,0.052757266314864645,0,1.7142857142857142,555,medium,Electronics
C01495,high_return,Lahore,Punjab,2025-10-17,2025-02-10,2025-09-12,110.0,5,6,25.0,707495.03,33451.179599,674034.75,112339.125,4.166666666666667,0.04728115135875937,5924.32,668110.43,0.008789339125319576,0,1.2,235,medium,Electronics
C01496,loyal,Islamabad,ICT,2025-03-24,2025-03-08,2025-11-06,55.0,6,7,21.0,247965.66999999998,5422.378239,242543.97,34649.13857142857,3.0,0.021867455438488722,0.0,242543.97,0.0,0,1.1666666666666667,333,medium,Electronics
C01497,one_time,Karachi,Sindh,2025-01-16,2025-04-26,2025-05-07,238.0,2,2,7.0,165107.7,8180.554319999999,156924.83000000002,78462.41500000001,3.5,0.04954677655857358,0.0,156924.83000000002,0.0,0,1.0,123,medium,Electronics
C01498,regular,Islamabad,ICT,2025-05-25,2025-04-08,2025-09-28,94.0,4,4,13.0,187954.03,469.41379800000004,187485.62999999998,46871.407499999994,3.25,0.002497492594332774,39576.9,147908.72999999998,0.21109297816584666,1,1.0,222,medium,Electronics
C01499,one_time,Karachi,Sindh,2025-08-22,2025-04-19,2025-11-07,54.0,2,2,7.0,36918.97,218.55733500000002,36700.68,18350.34,3.5,0.005919919623976509,0.0,36700.68,0.0,0,1.0,321,medium,Fashion
C01500,price_sensitive,Lahore,Punjab,2025-12-24,2025-03-02,2025-11-07,54.0,4,4,11.0,338932.77,29875.127789,309059.38,77264.845,2.75,0.08814470134888402,0.0,309059.38,0.0,0,1.0,324,medium,Electronics
C01501,loyal,Lahore,Punjab,2025-01-13,2025-01-31,2025-12-31,0.0,7,8,28.0,490679.61,14189.018543,476494.48000000004,59561.810000000005,3.5,0.02891707389879111,184605.43999999997,291889.04000000004,0.38742408936195855,1,1.1428571428571428,533,medium,Electronics
C01502,regular,Lahore,Punjab,2025-10-17,2025-04-23,2025-12-20,11.0,4,5,15.0,323336.8,12441.061603,310898.07,62179.614,3.0,0.03847709757441776,76310.76,234587.31,0.24545266556334683,1,1.25,543,medium,Electronics
C01503,price_sensitive,Islamabad,ICT,2025-08-03,2025-01-01,2025-11-18,43.0,3,4,10.0,380138.59,24834.134129,355304.95,88826.2375,2.5,0.06532915831828597,0.0,355304.95,0.0,0,1.3333333333333333,344,medium,Electronics
C01504,regular,Islamabad,ICT,2025-02-24,2025-02-09,2025-04-23,252.0,3,4,9.0,39387.55,442.83977600000003,38944.75,9736.1875,2.25,0.011243140941744282,0.0,38944.75,0.0,0,1.3333333333333333,141,medium,Fashion
C01505,regular,Karachi,Sindh,2025-08-09,2025-04-10,2025-11-07,54.0,3,3,8.0,278680.88,36096.561828,242572.97000000003,80857.65666666668,2.6666666666666665,0.1295265101358945,0.0,242572.97000000003,0.0,0,1.0,323,medium,Electronics
C01506,high_return,Lahore,Punjab,2025-10-22,2025-03-30,2025-03-30,276.0,1,1,3.0,9354.2,176.012236,9178.26,9178.26,3.0,0.018816385794616322,0.0,9178.26,0.0,0,1.0,121,medium,Fashion
C01507,price_sensitive,Islamabad,ICT,2025-08-21,2025-01-07,2025-11-27,34.0,5,5,18.0,752060.0,60424.469418,691629.25,138325.85,3.6,0.08034527752838869,19138.41,672490.84,0.027671487288890687,0,1.0,425,medium,Electronics
C01508,price_sensitive,Karachi,Sindh,2025-09-26,2025-02-27,2025-09-25,97.0,4,4,14.0,156524.11,14668.097299000001,141854.11,35463.5275,3.5,0.09371142438695229,0.0,141854.11,0.0,0,1.0,222,medium,Fashion
C01509,high_return,Islamabad,ICT,2025-02-22,2025-03-11,2025-04-06,269.0,2,2,9.0,141311.23,4032.214754,137281.91,68640.955,4.5,0.028534283892370053,0.0,137281.91,0.0,0,1.0,122,medium,Electronics
C01510,one_time,Karachi,Sindh,2025-10-08,2025-01-21,2025-10-11,81.0,5,8,28.0,880695.5,44399.441242,836281.97,104535.24625,3.5,0.050414066203358594,0.0,836281.97,0.0,0,1.6,255,medium,Electronics
C01511,loyal,Islamabad,ICT,2025-12-03,2025-02-02,2025-12-02,29.0,7,12,36.0,1068392.16,57719.790073000004,1010666.9600000001,84222.24666666667,3.0,0.05402490979810261,30292.0,980374.9600000001,0.029972286815431265,0,1.7142857142857142,455,medium,Electronics
C01512,regular,Islamabad,ICT,2025-02-01,2025-12-06,2025-12-27,4.0,1,2,5.0,56571.479999999996,0.0,56571.479999999996,28285.739999999998,2.5,0.0,0.0,56571.479999999996,0.0,0,2.0,552,medium,Electronics
C01513,one_time,Islamabad,ICT,2025-01-10,2025-02-22,2025-11-03,58.0,3,3,8.0,74805.75,446.982753,74358.78,24786.26,2.6666666666666665,0.005975245926950802,0.0,74358.78,0.0,0,1.0,322,medium,Electronics
C01514,regular,Lahore,Punjab,2025-02-23,2025-07-30,2025-10-31,61.0,2,2,6.0,30880.91,2503.458654,28377.55,14188.775,3.0,0.08106816327627651,0.0,28377.55,0.0,0,1.0,321,medium,Fashion
C01515,loyal,Lahore,Punjab,2025-06-09,2025-01-20,2025-12-21,10.0,7,7,24.0,531614.88,29711.321865,501894.33999999997,71699.19142857143,3.4285714285714284,0.05588880782456654,2088.01,499806.32999999996,0.004160258113291336,0,1.0,524,medium,Electronics
C01516,one_time,Islamabad,ICT,2025-06-27,2025-04-19,2025-04-19,256.0,1,1,3.0,48816.270000000004,1384.98847,47430.41,47430.41,3.0,0.028371452181823804,33703.64,13726.770000000004,0.7105913695454034,1,1.0,121,medium,Electronics
C01517,regular,Karachi,Sindh,2025-02-22,2025-02-01,2025-12-31,0.0,5,6,16.0,443586.12,9778.373923,433803.56,72300.59333333334,2.6666666666666665,0.022043913193226152,0.0,433803.56,0.0,0,1.2,534,medium,Electronics
C01518,regular,Karachi,Sindh,2025-01-22,2025-03-06,2025-06-20,194.0,3,3,7.0,72419.49,2090.0091709999997,70328.31,23442.77,2.3333333333333335,0.02885976097042384,0.0,70328.31,0.0,0,1.0,122,medium,Fashion
C01519,high_return,Lahore,Punjab,2025-09-17,2025-05-05,2025-12-20,11.0,3,4,12.0,113925.03,1774.0134560000001,112151.0,28037.75,3.0,0.015571762026308004,0.0,112151.0,0.0,0,1.3333333333333333,542,medium,Fashion
C01520,price_sensitive,Lahore,Punjab,2025-09-21,2025-02-28,2025-07-15,169.0,4,4,10.0,56220.46,4689.377406,51532.12,12883.03,2.5,0.08341051293425916,0.0,51532.12,0.0,0,1.0,121,medium,Fashion
C01521,price_sensitive,Lahore,Punjab,2025-04-29,2025-01-07,2025-12-30,1.0,5,9,21.0,258730.72,26384.201808,232346.94,25816.326666666668,2.3333333333333335,0.10197552810118567,0.0,232346.94,0.0,0,1.8,553,medium,Electronics
C01522,price_sensitive,Islamabad,ICT,2025-10-17,2025-01-31,2025-11-10,51.0,6,7,25.0,184230.37,16398.584338,167835.56,23976.50857142857,3.5714285714285716,0.08901129785496278,5082.32,162753.24,0.030281544626180528,0,1.1666666666666667,333,medium,Attach & Addons
C01523,loyal,Karachi,Sindh,2025-12-20,2025-01-05,2025-12-27,4.0,6,8,22.0,498002.58999999997,16408.755975,481594.3,60199.2875,2.75,0.03294913782476513,3553.2,478041.1,0.007377994299351134,0,1.3333333333333333,544,medium,Electronics
C01524,regular,Lahore,Punjab,2025-12-27,2025-04-02,2025-07-21,163.0,3,4,10.0,289626.35,11487.902388,278132.25,69533.0625,2.5,0.039664562247185044,244734.19,33398.06,0.8799202178100526,1,1.3333333333333333,141,medium,Electronics
C01525,regular,Islamabad,ICT,2025-03-20,2025-04-02,2025-09-27,95.0,2,3,5.0,140476.11,5110.23098,135363.65,45121.21666666667,1.6666666666666667,0.03637793629108893,0.0,135363.65,0.0,0,1.5,252,medium,Electronics
C01526,loyal,Lahore,Punjab,2025-08-29,2025-02-25,2025-12-06,25.0,7,8,22.0,148253.49,10176.293846,138078.07,17259.75875,2.75,0.06864117563775396,0.0,138078.07,0.0,0,1.1428571428571428,432,medium,Fashion
C01527,one_time,Karachi,Sindh,2025-06-03,2025-12-22,2025-12-30,1.0,1,2,5.0,109262.38,1045.571403,108213.39,54106.695,2.5,0.009569363242865475,0.0,108213.39,0.0,0,2.0,552,medium,Electronics
C01528,regular,Karachi,Sindh,2025-08-02,2025-01-20,2025-12-31,0.0,6,7,14.0,129405.79,6348.872733,123058.35,17579.764285714286,2.0,0.04906173620979402,14578.16,108480.19,0.11846542717336937,1,1.1666666666666667,532,medium,Fashion
C01529,regular,Lahore,Punjab,2025-12-09,2025-01-25,2025-02-20,314.0,2,2,3.0,204272.14,7459.065101,196804.05,98402.025,1.5,0.03651533244327885,0.0,196804.05,0.0,0,1.0,123,medium,Electronics
C01530,high_return,Islamabad,ICT,2025-09-21,2025-01-15,2025-12-20,11.0,4,6,16.0,1059249.27,52335.310408,1006924.4,167820.73333333334,2.6666666666666665,0.04940792681216575,0.0,1006924.4,0.0,0,1.5,555,medium,Electronics
C01531,loyal,Karachi,Sindh,2025-11-21,2025-04-19,2025-11-18,43.0,3,3,16.0,105229.55,8699.996005,96529.28,32176.426666666666,5.333333333333333,0.08267635854187347,1395.28,95134.0,0.014454474331518892,0,1.0,322,medium,Attach & Addons
C01532,regular,Karachi,Sindh,2025-11-16,2025-01-10,2025-11-23,38.0,3,4,6.0,51058.87,259.68721100000005,50799.39,12699.8475,1.5,0.0050860352177790075,0.0,50799.39,0.0,0,1.3333333333333333,341,medium,Attach & Addons
C01533,price_sensitive,Karachi,Sindh,2025-05-19,2025-02-17,2025-05-10,235.0,2,3,9.0,301021.58,15944.712464,285079.86,95026.62,3.0,0.05296866910339119,0.0,285079.86,0.0,0,1.5,153,medium,Electronics
C01534,regular,Lahore,Punjab,2025-04-17,2025-01-26,2025-02-23,311.0,2,2,2.0,5434.17,197.24102699999997,5236.79,2618.395,1.0,0.03629644030275092,0.0,5236.79,0.0,0,1.0,121,medium,Fashion
C01535,price_sensitive,Islamabad,ICT,2025-06-11,2025-02-22,2025-11-24,37.0,4,7,21.0,973679.2699999999,89392.275027,884277.6699999999,126325.38142857142,3.0,0.0918087483027137,0.0,884277.6699999999,0.0,0,1.75,355,medium,Electronics
C01536,price_sensitive,Islamabad,ICT,2025-04-10,2025-03-08,2025-10-21,71.0,4,6,16.0,486035.1,24059.195385,461990.28,76998.38,2.6666666666666665,0.049500942185039726,0.0,461990.28,0.0,0,1.5,254,medium,Electronics
C01537,regular,Islamabad,ICT,2025-11-03,2025-03-02,2025-12-18,13.0,4,6,18.0,327521.51,5921.9322,321598.12,53599.68666666667,3.0,0.0180810481729887,0.0,321598.12,0.0,0,1.5,554,medium,Electronics
C01538,one_time,Islamabad,ICT,2025-06-26,2025-01-07,2025-06-30,184.0,2,2,7.0,20173.98,38.575548,20135.7,10067.85,3.5,0.0019121436622818104,0.0,20135.7,0.0,0,1.0,121,medium,Fashion
C01539,one_time,Islamabad,ICT,2025-02-25,2025-04-27,2025-12-15,16.0,2,2,5.0,303293.34,1562.4294060000002,301731.97,150865.985,2.5,0.00515154538507176,0.0,301731.97,0.0,0,1.0,424,medium,Electronics
C01540,regular,Lahore,Punjab,2025-07-05,2025-03-13,2025-09-25,97.0,2,2,5.0,22657.03,729.620648,21927.41,10963.705,2.5,0.03220283717680561,0.0,21927.41,0.0,0,1.0,221,medium,Fashion
C01541,loyal,Lahore,Punjab,2025-11-12,2025-02-26,2025-12-24,7.0,5,7,21.0,817274.04,27928.810496000002,789341.38,112763.05428571429,3.0,0.03417312814193878,1528.02,787813.36,0.0019358164144390858,0,1.4,545,medium,Electronics
C01542,high_return,Islamabad,ICT,2025-04-30,2025-04-10,2025-11-27,34.0,4,7,18.0,331681.04000000004,29938.494547000002,301742.94,43106.13428571429,2.5714285714285716,0.09026290603466511,14850.29,286892.65,0.049215037143868226,0,1.75,453,medium,Electronics
C01543,regular,Islamabad,ICT,2025-06-24,2025-04-26,2025-10-30,62.0,4,5,21.0,634278.99,16488.445506,617795.37,123559.074,4.2,0.025995572557117177,0.0,617795.37,0.0,0,1.25,345,medium,Electronics
C01544,price_sensitive,Lahore,Punjab,2025-08-23,2025-01-07,2025-12-29,2.0,4,6,26.0,507794.23,32101.94517,475697.25,79282.875,4.333333333333333,0.06321841264324725,0.0,475697.25,0.0,0,1.5,554,medium,Electronics
C01545,regular,Lahore,Punjab,2025-01-24,2025-02-01,2025-02-01,333.0,1,1,1.0,41542.97,0.0,41541.91,41541.91,1.0,0.0,0.0,41541.91,0.0,0,1.0,121,medium,Electronics
C01546,regular,Islamabad,ICT,2025-09-30,2025-02-18,2025-10-10,82.0,3,3,6.0,43230.56,426.521975,42804.479999999996,14268.159999999998,2.0,0.009866214432568073,23088.32,19716.159999999996,0.539390269429742,1,1.0,221,medium,Attach & Addons
C01547,regular,Islamabad,ICT,2025-10-08,2025-02-16,2025-08-24,129.0,3,4,9.0,599875.76,5908.54307,593973.22,148493.305,2.25,0.009849611309515156,10702.38,583270.84,0.018018287087084497,0,1.3333333333333333,245,medium,Electronics
C01548,price_sensitive,Lahore,Punjab,2025-01-21,2025-05-18,2025-12-01,30.0,3,4,13.0,313775.13,34420.56961,279364.42000000004,69841.10500000001,3.25,0.10969820842716246,0.0,279364.42000000004,0.0,0,1.3333333333333333,443,medium,Electronics
C01549,one_time,Karachi,Sindh,2025-07-30,2025-06-24,2025-06-24,190.0,1,1,6.0,259386.78000000003,8055.943073,251332.84999999998,251332.84999999998,6.0,0.031057647089801566,0.0,251332.84999999998,0.0,0,1.0,123,medium,Electronics
C01550,high_return,Islamabad,ICT,2025-10-25,2025-01-25,2025-11-18,43.0,5,7,18.0,445842.41,7428.215831,438415.4,62630.77142857143,2.5714285714285716,0.01666107948546214,0.0,438415.4,0.0,0,1.4,344,medium,Electronics
C01551,loyal,Karachi,Sindh,2025-10-31,2025-01-23,2025-12-27,4.0,7,12,38.0,942781.6900000001,49513.649133,893250.22,74437.51833333333,3.1666666666666665,0.052518679200271694,0.0,893250.22,0.0,0,1.7142857142857142,555,medium,Electronics
C01552,one_time,Islamabad,ICT,2025-02-10,,,,0,0,0.0,0.0,0.0,0.0,0.0,0.0,0.0,0.0,0.0,0.0,0,0.0,111,unknown,
C01553,one_time,Islamabad,ICT,2025-05-26,2025-06-21,2025-08-07,146.0,2,2,3.0,9099.38,0.0,9099.38,4549.69,1.5,0.0,0.0,9099.38,0.0,0,1.0,121,medium,Fashion
C01554,high_return,Islamabad,ICT,2025-08-15,2025-03-05,2025-12-06,25.0,3,4,17.0,1206412.51,6368.094209,1200066.8,300016.7,4.25,0.0052785379430456995,0.0,1200066.8,0.0,0,1.3333333333333333,445,medium,Electronics
C01555,one_time,Islamabad,ICT,2025-01-13,2025-01-24,2025-09-14,108.0,4,4,11.0,137535.21,1681.010068,135855.24,33963.81,2.75,0.012222397944497268,33697.96,102157.28,0.248043137680961,1,1.0,222,medium,Electronics
C01556,one_time,Karachi,Sindh,2025-04-10,2025-03-17,2025-10-21,71.0,2,2,8.0,59071.46,3034.026612,56038.21,28019.105,4.0,0.051361970941635776,0.0,56038.21,0.0,0,1.0,222,medium,Fashion
C01557,regular,Lahore,Punjab,2025-01-16,2025-05-02,2025-05-02,243.0,1,1,3.0,10484.46,554.884546,9929.7,9929.7,3.0,0.052924475461778676,0.0,9929.7,0.0,0,1.0,121,medium,Fashion
C01558,one_time,Lahore,Punjab,2025-06-15,2025-10-06,2025-11-30,31.0,2,2,6.0,241256.94,6675.525953,234591.02,117295.51,3.0,0.027669777926388358,13150.44,221440.58,0.056056877198453724,0,1.0,423,medium,Electronics
C01559,one_time,Karachi,Sindh,2025-04-10,2025-03-22,2025-12-11,20.0,3,3,3.0,8418.2,0.0,8418.2,2806.066666666667,1.0,0.0,0.0,8418.2,0.0,0,1.0,421,medium,Fashion
C01560,regular,Lahore,Punjab,2025-06-22,2025-04-04,2025-12-05,26.0,5,5,13.0,144135.36,919.166267,143215.43,28643.086,2.6,0.006377104598066706,13172.65,130042.78,0.09197786858580811,0,1.0,422,medium,Electronics
C01561,loyal,Lahore,Punjab,2025-08-04,2025-01-14,2025-12-28,3.0,6,7,21.0,459350.37,23019.500706,436329.4,62332.77142857143,3.0,0.05011316461114421,13312.26,423017.14,0.03050965623677891,0,1.1666666666666667,534,medium,Electronics
C01562,regular,Lahore,Punjab,2025-10-19,2025-05-18,2025-12-01,30.0,7,11,26.0,711122.85,39791.719095,671312.56,61028.41454545455,2.3636363636363638,0.055956181263195244,0.0,671312.56,0.0,0,1.5714285714285714,455,medium,Electronics
C01563,regular,Lahore,Punjab,2025-01-28,2025-01-23,2025-12-23,8.0,5,5,12.0,90598.09999999999,2645.637161,87951.87,17590.374,2.4,0.029201905569763608,0.0,87951.87,0.0,0,1.0,522,medium,Fashion
C01564,regular,Lahore,Punjab,2025-05-29,2025-03-12,2025-10-26,66.0,3,6,13.0,763992.26,36618.549719,727403.31,121233.88500000001,2.1666666666666665,0.0479305244780883,32016.57,695386.7400000001,0.044014880823129605,0,2.0,355,medium,Electronics
C01565,regular,Islamabad,ICT,2025-11-06,2025-04-26,2025-12-07,24.0,3,3,11.0,96579.23999999999,2240.194357,94338.84,31446.28,3.6666666666666665,0.023195402624829106,0.0,94338.84,0.0,0,1.0,422,medium,Electronics
C01566,price_sensitive,Karachi,Sindh,2025-12-22,2025-02-20,2025-12-09,22.0,6,7,18.0,790635.91,114882.24475800002,675741.63,96534.51857142858,2.5714285714285716,0.14530360094319522,170510.77,505230.86,0.25233130893533967,1,1.1666666666666667,434,medium,Electronics
C01567,loyal,Lahore,Punjab,2025-08-23,2025-05-01,2025-11-04,57.0,4,6,22.0,994319.03,45789.687954,948532.41,158088.73500000002,3.6666666666666665,0.04605130403065905,0.0,948532.41,0.0,0,1.5,355,medium,Electronics
C01568,one_time,Lahore,Punjab,2025-11-09,2025-01-16,2025-07-30,154.0,3,4,7.0,190522.25,4335.997633,186179.94,46544.985,1.75,0.022758484287268285,0.0,186179.94,0.0,0,1.3333333333333333,143,medium,Electronics
C01569,regular,Lahore,Punjab,2025-02-23,2025-01-07,2025-08-12,141.0,3,4,10.0,118421.99,4389.664076,114032.85999999999,28508.214999999997,2.5,0.03706798100589257,36483.59,77549.26999999999,0.3199392701366957,1,1.3333333333333333,142,medium,Attach & Addons
C01570,one_time,Islamabad,ICT,2025-02-13,2025-05-05,2025-09-07,115.0,2,2,9.0,266823.85,27725.526592,239092.69999999998,119546.34999999999,4.5,0.10390947657789962,0.0,239092.69999999998,0.0,0,1.0,223,medium,Electronics
C01571,loyal,Lahore,Punjab,2025-03-15,2025-03-19,2025-12-07,24.0,8,9,28.0,207023.99,6997.250404,200024.44,22224.937777777777,3.111111111111111,0.033799224930405415,0.0,200024.44,0.0,0,1.125,433,medium,Attach & Addons
C01572,loyal,Lahore,Punjab,2025-06-14,2025-02-07,2025-12-22,9.0,4,4,14.0,516667.87,35750.140856,480924.88,120231.22,3.5,0.06919365985734705,0.0,480924.88,0.0,0,1.0,524,medium,Electronics
C01573,regular,Karachi,Sindh,2025-09-15,2025-06-27,2025-12-05,26.0,2,2,6.0,537253.98,11160.558289000002,526096.23,263048.115,3.0,0.020773337573041343,0.0,526096.23,0.0,0,1.0,425,medium,Electronics
C01574,loyal,Islamabad,ICT,2025-12-22,2025-01-02,2025-12-28,3.0,7,12,46.0,1311384.05,52891.209891,1258471.23,104872.6025,3.8333333333333335,0.04033235716951109,4231.06,1254240.17,0.0033620633504668996,0,1.7142857142857142,555,medium,Electronics
C01575,regular,Lahore,Punjab,2025-06-12,2025-01-27,2025-10-01,91.0,3,3,7.0,238350.11,14060.956607,224279.38,74759.79333333333,2.3333333333333335,0.058992868125800325,0.0,224279.38,0.0,0,1.0,223,medium,Electronics
C01576,one_time,Karachi,Sindh,2025-04-21,2025-03-28,2025-05-14,231.0,2,2,7.0,451109.6,10012.183463,441091.22,220545.61,3.5,0.022194569707671925,0.0,441091.22,0.0,0,1.0,124,medium,Electronics
C01577,price_sensitive,Karachi,Sindh,2025-09-25,2025-11-05,2025-11-05,56.0,1,1,3.0,56149.18,4787.4274669999995,51361.31,51361.31,3.0,0.08526264260671304,0.0,51361.31,0.0,0,1.0,321,medium,Electronics
C01578,high_return,Karachi,Sindh,2025-01-24,2025-08-17,2025-08-17,136.0,1,1,8.0,222174.05000000002,6288.378984999999,215887.57,215887.57,8.0,0.02830384099763226,0.0,215887.57,0.0,0,1.0,123,medium,Electronics
C01579,regular,Karachi,Sindh,2025-08-16,2025-05-19,2025-05-19,226.0,1,1,3.0,30029.48,0.0,30029.48,30029.48,3.0,0.0,0.0,30029.48,0.0,0,1.0,121,medium,Attach & Addons
C01580,loyal,Lahore,Punjab,2025-12-12,2025-03-02,2025-11-23,38.0,9,18,55.0,1502223.65,114907.97681200001,1387307.81,77072.65611111111,3.0555555555555554,0.07649192369724708,11754.34,1375553.47,0.008472770004805206,0,2.0,355,medium,Electronics
C01581,regular,Karachi,Sindh,2025-12-06,2025-05-27,2025-11-19,42.0,3,5,11.0,298524.82999999996,4554.439962999999,293977.61,58795.522,2.2,0.01525648624605196,0.0,293977.61,0.0,0,1.6666666666666667,353,medium,Electronics
C01582,one_time,Islamabad,ICT,2025-09-29,2025-12-03,2025-12-03,28.0,1,1,2.0,99676.54000000001,1714.437396,97963.39,97963.39,2.0,0.017200009109465477,0.0,97963.39,0.0,0,1.0,422,medium,Electronics
C01583,regular,Islamabad,ICT,2025-04-14,2025-04-15,2025-12-12,19.0,3,3,7.0,402998.2,28848.974734,374165.0,124721.66666666667,2.3333333333333335,0.07158586498401233,0.0,374165.0,0.0,0,1.0,424,medium,Electronics
C01584,loyal,Lahore,Punjab,2025-10-10,2025-02-10,2025-12-15,16.0,8,9,23.0,660844.35,8661.453567,652189.12,72465.45777777777,2.5555555555555554,0.013106646923742332,27091.02,625098.1,0.04153859543072414,0,1.125,435,medium,Electronics
C01585,high_return,Karachi,Sindh,2025-06-19,2025-04-15,2025-09-09,113.0,4,5,13.0,175783.47,16847.234564,158940.30000000002,31788.060000000005,2.6,0.09584083511379084,0.0,158940.30000000002,0.0,0,1.25,243,medium,Electronics
C01586,regular,Islamabad,ICT,2025-08-10,2025-02-22,2025-11-24,37.0,2,3,6.0,40379.770000000004,261.800952,40117.76,13372.586666666668,2.0,0.00648346813268129,0.0,40117.76,0.0,0,1.5,351,medium,Fashion
C01587,one_time,Karachi,Sindh,2025-05-14,2025-04-23,2025-11-01,60.0,4,4,10.0,83987.2,1698.6336720000002,82287.97,20571.9925,2.5,0.020224911319820165,1324.77,80963.2,0.016099194086328778,0,1.0,322,medium,Fashion
C01588,one_time,Islamabad,ICT,2025-08-12,2025-02-26,2025-10-26,66.0,2,2,6.0,237318.75,28965.875907,208353.93000000002,104176.96500000001,3.0,0.12205472979695031,0.0,208353.93000000002,0.0,0,1.0,323,medium,Electronics
C01589,price_sensitive,Islamabad,ICT,2025-02-02,2025-02-12,2025-10-19,73.0,3,3,10.0,89535.28,11798.238417,77736.04,25912.013333333332,3.3333333333333335,0.13177194974986398,16249.43,61486.60999999999,0.209033416160638,1,1.0,222,medium,Fashion
C01590,regular,Islamabad,ICT,2025-01-07,2025-01-19,2025-12-07,24.0,4,4,9.0,407841.66000000003,6656.739377000001,401190.23,100297.5575,2.25,0.01632187201523258,0.0,401190.23,0.0,0,1.0,424,medium,Electronics
C01591,one_time,Lahore,Punjab,2025-05-06,2025-06-19,2025-06-19,195.0,1,1,3.0,21170.72,2678.440838,18492.16,18492.16,3.0,0.12651628466107906,0.0,18492.16,0.0,0,1.0,121,medium,Attach & Addons
C01592,high_return,Islamabad,ICT,2025-07-27,2025-02-09,2025-09-14,108.0,2,2,9.0,82753.77,116.874085,82636.73,41318.365,4.5,0.0014123113061797667,4624.83,78011.9,0.05596579148279464,0,1.0,222,medium,Electronics
C01593,price_sensitive,Karachi,Sindh,2025-05-15,2025-05-23,2025-11-03,58.0,3,3,7.0,252027.28999999998,19038.202691,232999.12000000002,77666.37333333334,2.3333333333333335,0.07554024284830424,0.0,232999.12000000002,0.0,0,1.0,323,medium,Electronics
C01594,regular,Lahore,Punjab,2025-11-03,2025-04-02,2025-05-21,224.0,2,2,4.0,59799.549999999996,171.04165999999998,59628.619999999995,29814.309999999998,2.0,0.002860249951713683,2037.31,57591.31,0.034166646821610164,0,1.0,122,medium,Electronics
C01595,loyal,Lahore,Punjab,2025-11-27,2025-01-05,2025-12-22,9.0,6,10,27.0,773287.14,39333.449494,733944.51,73394.451,2.7,0.05086525749542402,102774.88,631169.63,0.1400308587361734,1,1.6666666666666667,555,medium,Electronics
C01596,regular,Islamabad,ICT,2025-08-05,2025-01-14,2025-09-16,106.0,3,4,12.0,672148.94,697.985235,671453.08,167863.27,3.0,0.001038438348203004,0.0,671453.08,0.0,0,1.3333333333333333,245,medium,Electronics
C01597,price_sensitive,Lahore,Punjab,2025-02-14,2025-03-29,2025-09-13,109.0,5,6,18.0,403874.17000000004,37322.273288,366553.38999999996,61092.23166666666,3.0,0.09241064683091764,7569.620000000001,358983.76999999996,0.02065079796424745,0,1.2,234,medium,Electronics
C01598,one_time,Islamabad,ICT,2025-05-12,2025-07-09,2025-07-25,159.0,1,2,5.0,74945.87,2894.8274030000002,72053.3,36026.65,2.5,0.03862557607243735,0.0,72053.3,0.0,0,2.0,152,medium,Electronics
C01599,regular,Karachi,Sindh,2025-06-06,2025-02-03,2025-10-13,79.0,4,4,8.0,37026.34,530.645949,36495.0,9123.75,2.0,0.014331579869898024,0.0,36495.0,0.0,0,1.0,221,medium,Fashion
C01600,price_sensitive,Lahore,Punjab,2025-07-24,2025-03-04,2025-12-21,10.0,4,6,16.0,522310.94,40533.560763,481778.45,80296.40833333334,2.6666666666666665,0.07760427297004348,3660.31,478118.14,0.007597496318069021,0,1.5,554,medium,Electronics
C01601,regular,Islamabad,ICT,2025-08-06,2025-09-26,2025-09-26,96.0,1,1,1.0,8802.68,450.697216,8352.17,8352.17,1.0,0.0512,0.0,8352.17,0.0,0,1.0,221,medium,Fashion
C01602,high_return,Lahore,Punjab,2025-04-14,2025-02-24,2025-10-03,89.0,3,3,13.0,78476.56,3445.211309,75032.58,25010.86,4.333333333333333,0.04390115098062402,0.0,75032.58,0.0,0,1.0,222,medium,Fashion
C01603,regular,Lahore,Punjab,2025-05-13,2025-07-23,2025-12-10,21.0,4,4,8.0,80028.57,1159.1165280000002,78870.09,19717.5225,2.0,0.014483784078610928,0.0,78870.09,0.0,0,1.0,422,medium,Electronics
C01604,one_time,Karachi,Sindh,2025-11-27,2025-06-14,2025-07-30,154.0,2,2,5.0,76485.85,3922.8252910000006,72564.04,36282.02,2.5,0.051288248623765055,3676.04,68888.0,0.05065925215850717,0,1.0,122,medium,Electronics
C01605,regular,Islamabad,ICT,2025-01-28,2025-01-04,2025-12-17,14.0,3,4,10.0,258057.8,177.40729500000003,257880.97,64470.2425,2.5,0.0006874711595619277,0.0,257880.97,0.0,0,1.3333333333333333,543,medium,Electronics
C01606,regular,Islamabad,ICT,2025-01-17,,,,0,0,0.0,0.0,0.0,0.0,0.0,0.0,0.0,0.0,0.0,0.0,0,0.0,111,unknown,
C01607,price_sensitive,Karachi,Sindh,2025-07-18,2025-02-17,2025-10-11,81.0,4,5,13.0,343027.79000000004,32473.495468,310555.62,62111.123999999996,2.6,0.09466724392213237,79121.16,231434.46,0.25477291314193573,1,1.25,243,medium,Electronics
C01608,price_sensitive,Karachi,Sindh,2025-01-26,2025-08-10,2025-12-25,6.0,3,5,14.0,129736.04,18910.560414,110826.11,22165.222,2.8,0.14576181309372477,0.0,110826.11,0.0,0,1.6666666666666667,552,medium,Attach & Addons
C01609,regular,Islamabad,ICT,2025-10-28,2025-01-31,2025-07-27,157.0,3,3,9.0,474778.42,12416.919114,462355.79000000004,154118.59666666668,3.0,0.026153082345233804,0.0,462355.79000000004,0.0,0,1.0,124,medium,Electronics
C01610,price_sensitive,Lahore,Punjab,2025-06-30,2025-02-03,2025-10-11,81.0,5,5,13.0,289184.63,19210.112998,269965.48,53993.096,2.6,0.06642854081836921,0.0,269965.48,0.0,0,1.0,223,medium,Electronics
C01611,one_time,Karachi,Sindh,2025-03-09,2025-03-04,2025-11-12,49.0,2,4,13.0,210360.64,4732.534009,205623.81,51405.9525,3.25,0.022497240971504934,0.0,205623.81,0.0,0,2.0,353,medium,Electronics
C01612,one_time,Karachi,Sindh,2025-11-17,2025-12-03,2025-12-06,25.0,1,2,3.0,14179.35,1194.803069,12984.54,6492.27,1.5,0.08426359945977778,6019.5,6965.040000000001,0.4635897767652916,1,2.0,451,medium,Fashion
C01613,one_time,Lahore,Punjab,2025-02-21,2025-03-24,2025-11-02,59.0,3,4,12.0,352075.37,17128.280593,334942.41,83735.6025,3.0,0.048649471256680066,9554.9,325387.50999999995,0.028526993640488826,0,1.3333333333333333,344,medium,Electronics
C01614,price_sensitive,Islamabad,ICT,2025-07-07,2025-03-09,2025-11-27,34.0,5,6,10.0,442914.5,39754.360888,403178.86000000004,67196.47666666667,1.6666666666666667,0.08975628679575856,11751.89,391426.97000000003,0.02914808082943634,0,1.2,434,medium,Electronics
C01615,one_time,Lahore,Punjab,2025-06-08,2025-02-16,2025-02-16,318.0,1,1,4.0,65824.45,670.819158,65153.55,65153.55,4.0,0.010191033240687921,0.0,65153.55,0.0,0,1.0,122,medium,Electronics
C01616,regular,Karachi,Sindh,2025-08-30,2025-04-22,2025-12-06,25.0,4,5,13.0,400238.98,39171.023425,361082.44,72216.488,2.6,0.09786908667666502,0.0,361082.44,0.0,0,1.25,444,medium,Electronics
C01617,regular,Lahore,Punjab,2025-01-05,2025-02-06,2025-09-26,96.0,5,5,12.0,379527.99,7559.279431,371970.97,74394.19399999999,2.4,0.019917580864062225,224212.82,147758.14999999997,0.6027696731279863,1,1.0,222,medium,Electronics
C01618,one_time,Islamabad,ICT,2025-12-27,2025-03-28,2025-09-28,94.0,3,4,11.0,234642.11,5663.715784000001,228982.07,57245.5175,2.75,0.024137678373246818,1686.25,227295.82,0.007364113705496679,0,1.3333333333333333,243,medium,Electronics
C01619,one_time,Karachi,Sindh,2025-02-23,2025-01-13,2025-04-23,252.0,2,3,8.0,43565.240000000005,2626.890177,40938.29,13646.096666666666,2.6666666666666665,0.0602978470220754,10504.31,30433.980000000003,0.2565888804832835,1,1.5,151,medium,Fashion
C01620,one_time,Lahore,Punjab,2025-08-14,2025-11-13,2025-11-13,48.0,1,1,6.0,221267.93000000002,17294.896359000002,203969.50999999998,203969.50999999998,6.0,0.07816268882255102,0.0,203969.50999999998,0.0,0,1.0,323,medium,Electronics
C01621,price_sensitive,Islamabad,ICT,2025-03-02,2025-04-21,2025-11-11,50.0,3,4,8.0,52370.17,3832.182729,48537.61,12134.4025,2.0,0.07317491482269392,0.0,48537.61,0.0,0,1.3333333333333333,341,medium,Fashion
C01622,regular,Islamabad,ICT,2025-02-15,2025-03-24,2025-11-06,55.0,5,6,16.0,106792.73,3505.9187199999997,103288.18,17214.696666666667,2.6666666666666665,0.032829189028129535,0.0,103288.18,0.0,0,1.2,332,medium,Attach & Addons
C01623,loyal,Islamabad,ICT,2025-10-21,2025-04-14,2025-12-04,27.0,6,7,25.0,658135.85,6861.62521,651286.26,93040.89428571428,3.5714285714285716,0.01042584932882778,0.0,651286.26,0.0,0,1.1666666666666667,435,medium,Electronics
C01624,regular,Islamabad,ICT,2025-07-29,2025-01-08,2025-12-10,21.0,6,8,20.0,191153.08,7065.235906000001,184085.63,23010.70375,2.5,0.036961140809240435,20954.83,163130.8,0.11383197048025966,1,1.3333333333333333,443,medium,Electronics
C01625,one_time,Islamabad,ICT,2025-10-29,2025-04-05,2025-04-05,270.0,1,1,1.0,5092.94,313.21581,4779.96,4779.96,1.0,0.0615,4690.84,89.11999999999989,0.9813554925145818,1,1.0,121,medium,Fashion
C01626,one_time,Islamabad,ICT,2025-08-10,2025-09-25,2025-09-25,97.0,1,1,1.0,2283.27,41.327187,2241.99,2241.99,1.0,0.0181,0.0,2241.99,0.0,0,1.0,221,medium,Fashion
C01627,high_return,Karachi,Sindh,2025-01-06,2025-01-21,2025-08-18,135.0,4,5,7.0,52405.31,592.924707,51812.29,10362.458,1.4,0.011314210468366661,12195.88,39616.41,0.23538585150357183,1,1.25,141,medium,Fashion
C01628,one_time,Islamabad,ICT,2025-08-23,2025-02-25,2025-08-10,143.0,4,4,8.0,53064.759999999995,9356.323443,43707.97,10926.9925,2.0,0.1763189627730343,5289.049999999999,38418.92,0.12100882287601092,1,1.0,121,medium,Fashion
C01629,regular,Islamabad,ICT,2025-07-28,2025-05-18,2025-05-18,227.0,1,1,5.0,24249.53,677.1176899999999,23572.11,23572.11,5.0,0.0279229201555659,0.0,23572.11,0.0,0,1.0,121,medium,Fashion
C01630,regular,Islamabad,ICT,2025-11-29,2025-01-20,2025-06-02,212.0,3,3,5.0,83429.91,718.911302,82711.17,27570.39,1.6666666666666667,0.008616949269152992,0.0,82711.17,0.0,0,1.0,122,medium,Electronics
C01631,one_time,Lahore,Punjab,2025-12-17,2025-02-06,2025-11-18,43.0,5,5,10.0,419691.13000000006,781.9173149999999,418909.41000000003,83781.88200000001,2.0,0.0018630780092969794,6684.43,412224.98000000004,0.015956743487810406,0,1.0,324,medium,Electronics
C01632,price_sensitive,Karachi,Sindh,2025-03-11,2025-03-11,2025-06-17,197.0,2,2,5.0,144021.5,18725.302043,125297.89,62648.945,2.5,0.13001740742180853,0.0,125297.89,0.0,0,1.0,122,medium,Electronics
C01633,loyal,Karachi,Sindh,2025-03-09,2025-03-18,2025-12-07,24.0,6,9,34.0,521726.99,10870.547641000001,510863.69,56762.63222222222,3.7777777777777777,0.020835701141319142,11698.779999999999,499164.91000000003,0.02290000293424651,0,1.5,454,medium,Electronics
C01634,regular,Lahore,Punjab,2025-02-17,2025-01-20,2025-12-31,0.0,4,5,12.0,80964.07,2831.046666,78132.5,15626.5,2.4,0.03496670394657778,2030.2,76102.3,0.02598406552970915,0,1.25,542,medium,Fashion
C01635,one_time,Islamabad,ICT,2025-07-06,2025-01-05,2025-07-19,165.0,3,3,9.0,73675.59,338.253043,73337.13,24445.710000000003,3.0,0.00459111413970353,0.0,73337.13,0.0,0,1.0,122,medium,Fashion
C01636,regular,Lahore,Punjab,2025-11-28,2025-02-26,2025-08-29,124.0,5,6,14.0,569711.1900000001,16719.281283,552992.5900000001,92165.43166666669,2.3333333333333335,0.029346942058484052,0.0,552992.5900000001,0.0,0,1.2,235,medium,Electronics
C01637,price_sensitive,Lahore,Punjab,2025-03-30,2025-02-03,2025-12-23,8.0,3,4,9.0,264213.85,5895.251607,258309.12,64577.28,2.25,0.0223124246022682,1020.58,257288.54,0.00395100258171295,0,1.3333333333333333,543,medium,Electronics
C01638,regular,Lahore,Punjab,2025-11-07,2025-04-03,2025-07-31,153.0,2,3,8.0,93127.77,5700.718503,87427.17,29142.39,2.6666666666666665,0.06121394835289194,0.0,87427.17,0.0,0,1.5,152,medium,Attach & Addons
C01639,price_sensitive,Karachi,Sindh,2025-06-03,2025-01-15,2025-12-30,1.0,7,7,22.0,609533.66,45169.311987,564346.3,80620.90000000001,3.142857142857143,0.0741047048771679,0.0,564346.3,0.0,0,1.0,525,medium,Electronics
C01640,loyal,Karachi,Sindh,2025-04-18,2025-03-05,2025-12-26,5.0,8,10,38.0,1772364.5,71623.41741800001,1700738.67,170073.867,3.8,0.040411223209447046,5496.62,1695242.0499999998,0.0032319015830927157,0,1.25,545,medium,Electronics
C01641,regular,Karachi,Sindh,2025-02-28,2025-02-01,2025-10-22,70.0,4,5,10.0,52194.59,966.6328719999999,51228.07,10245.614,2.0,0.018519790499360183,0.0,51228.07,0.0,0,1.25,241,medium,Electronics
C01642,one_time,Islamabad,ICT,2025-09-30,,,,0,0,0.0,0.0,0.0,0.0,0.0,0.0,0.0,0.0,0.0,0.0,0,0.0,111,unknown,
C01643,regular,Islamabad,ICT,2025-09-02,2025-03-18,2025-12-15,16.0,5,7,18.0,805970.56,23020.348005,782932.41,111847.48714285715,2.5714285714285716,0.028562269079654718,0.0,782932.41,0.0,0,1.4,445,medium,Electronics
C01644,regular,Lahore,Punjab,2025-09-04,2025-05-25,2025-10-29,63.0,3,3,8.0,62276.43,2219.9530459999996,60056.880000000005,20018.960000000003,2.6666666666666665,0.03564676147942327,0.0,60056.880000000005,0.0,0,1.0,322,medium,Attach & Addons
C01645,one_time,Karachi,Sindh,2025-12-28,2025-10-01,2025-10-01,91.0,1,1,3.0,48495.85,759.717425,47735.36,47735.36,3.0,0.015665617264157657,0.0,47735.36,0.0,0,1.0,221,medium,Electronics
C01646,one_time,Karachi,Sindh,2025-12-18,2025-03-04,2025-09-16,106.0,3,3,7.0,109601.86,2470.3184840000004,107127.81,35709.27,2.3333333333333335,0.022539019721015685,5071.84,102055.97,0.04734382229973711,0,1.0,222,medium,Electronics
C01647,price_sensitive,Islamabad,ICT,2025-04-04,2025-07-19,2025-07-19,165.0,1,1,1.0,5672.47,638.152875,5034.18,5034.18,1.0,0.11249999999999999,0.0,5034.18,0.0,0,1.0,121,medium,Fashion
C01648,high_return,Islamabad,ICT,2025-02-08,2025-03-09,2025-10-10,82.0,5,5,10.0,413874.53,5943.881084000001,407929.85,81585.97,2.0,0.014361553207925117,0.0,407929.85,0.0,0,1.0,224,medium,Electronics
C01649,regular,Karachi,Sindh,2025-03-25,2025-11-05,2025-12-13,18.0,2,2,5.0,151905.52,1747.3095540000002,150157.34,75078.67,2.5,0.01150260737068673,0.0,150157.34,0.0,0,1.0,423,medium,Electronics
C01650,high_return,Karachi,Sindh,2025-12-08,2025-01-12,2025-12-27,4.0,6,8,19.0,201409.56,4087.3686159999997,197316.17,24664.52125,2.375,0.020293816321330527,11251.06,186065.11000000002,0.05702046618885821,0,1.3333333333333333,543,medium,Electronics
C01651,regular,Islamabad,ICT,2025-02-13,2025-04-07,2025-10-14,78.0,2,4,9.0,328121.8,624.899421,327500.5,81875.125,2.25,0.0019044739514412026,3519.95,323980.55,0.01074792252225569,0,2.0,254,medium,Electronics
C01652,loyal,Islamabad,ICT,2025-03-15,2025-01-24,2025-12-30,1.0,6,10,31.0,556516.05,12054.951717,544461.75,54446.175,3.1,0.021661462804172492,23561.3,520900.45,0.04327448163254811,0,1.6666666666666667,555,medium,Electronics
C01653,regular,Karachi,Sindh,2025-06-05,2025-03-28,2025-11-27,34.0,3,4,10.0,432919.39,1169.439667,431750.56,107937.64,2.5,0.0027012873389662684,0.0,431750.56,0.0,0,1.3333333333333333,444,medium,Electronics
C01654,price_sensitive,Lahore,Punjab,2025-06-20,2025-02-13,2025-11-10,51.0,4,4,9.0,278773.43,27258.316769999998,251520.38,62880.095,2.25,0.09777946474310696,0.0,251520.38,0.0,0,1.0,323,medium,Electronics
C01655,loyal,Lahore,Punjab,2025-06-19,2025-02-02,2025-11-12,49.0,5,7,14.0,470040.01999999996,6305.588929,463730.09,66247.15571428572,2.0,0.013415004384094785,4340.37,459389.72000000003,0.009359690245677177,0,1.4,344,medium,Electronics
C01656,price_sensitive,Lahore,Punjab,2025-11-18,2025-05-30,2025-12-23,8.0,5,6,13.0,115333.42,9581.148094,105754.7,17625.783333333333,2.1666666666666665,0.0830734759621279,4591.53,101163.17,0.0434167937689767,0,1.2,532,medium,Electronics
C01657,one_time,Lahore,Punjab,2025-04-01,,,,0,0,0.0,0.0,0.0,0.0,0.0,0.0,0.0,0.0,0.0,0.0,0,0.0,111,unknown,
C01658,price_sensitive,Karachi,Sindh,2025-06-04,2025-03-16,2025-11-27,34.0,3,4,6.0,138191.43,11463.684697,126724.79,31681.1975,1.5,0.0829551058050416,0.0,126724.79,0.0,0,1.3333333333333333,442,medium,Electronics
C01659,loyal,Lahore,Punjab,2025-12-30,2025-01-30,2025-12-29,2.0,7,13,33.0,675352.23,19889.684125,655462.2,50420.16923076923,2.5384615384615383,0.029450830605830678,3944.39,651517.8099999999,0.006017723066257673,0,1.8571428571428572,555,medium,Electronics
C01660,regular,Lahore,Punjab,2025-01-10,2025-01-12,2025-12-21,10.0,3,3,7.0,292049.52,2588.370685,289459.23000000004,96486.41000000002,2.3333333333333335,0.00886278013742327,0.0,289459.23000000004,0.0,0,1.0,523,medium,Electronics
C01661,regular,Islamabad,ICT,2025-09-05,2025-01-29,2025-12-06,25.0,4,4,9.0,427743.48,2585.7102069999996,425157.99000000005,106289.49750000001,2.25,0.006045002034864446,0.0,425157.99000000005,0.0,0,1.0,424,medium,Electronics
C01662,regular,Lahore,Punjab,2025-02-03,2025-05-15,2025-08-13,140.0,3,3,5.0,39949.79,511.654899,39438.03999999999,13146.01333333333,1.6666666666666667,0.01280744902538912,4075.87,35362.16999999999,0.10334869582768313,1,1.0,121,medium,Attach & Addons
C01663,regular,Islamabad,ICT,2025-06-09,2025-01-27,2025-12-17,14.0,7,8,23.0,803960.51,17007.90287,786966.78,98370.8475,2.875,0.021155147122835675,0.0,786966.78,0.0,0,1.1428571428571428,535,medium,Electronics
C01664,one_time,Islamabad,ICT,2025-11-23,,,,0,0,0.0,0.0,0.0,0.0,0.0,0.0,0.0,0.0,0.0,0.0,0,0.0,111,unknown,
C01665,one_time,Karachi,Sindh,2025-04-27,2025-01-12,2025-12-17,14.0,4,4,8.0,323514.92,14647.878001000001,308866.62,77216.655,2.0,0.04527728736900295,6311.73,302554.89,0.020435131514049656,0,1.0,524,medium,Electronics
C01666,loyal,Karachi,Sindh,2025-04-09,2025-02-13,2025-09-08,114.0,7,12,28.0,674506.81,86091.02798700001,588429.0299999999,49035.752499999995,2.3333333333333335,0.12763552081408933,0.0,588429.0299999999,0.0,0,1.7142857142857142,255,medium,Electronics
C01667,regular,Karachi,Sindh,2025-04-01,2025-01-16,2025-11-08,53.0,3,3,6.0,139457.37,37338.828677,102114.55,34038.183333333334,2.0,0.26774367447916164,0.0,102114.55,0.0,0,1.0,322,medium,Electronics
C01668,price_sensitive,Karachi,Sindh,2025-01-17,2025-02-06,2025-12-15,16.0,4,4,14.0,226278.73,20422.804269,205859.02,51464.755,3.5,0.09025507730664742,0.0,205859.02,0.0,0,1.0,423,medium,Electronics
C01669,regular,Islamabad,ICT,2025-04-26,2025-05-11,2025-07-25,159.0,2,2,7.0,130926.35,7931.020996000001,122990.82,61495.41,3.5,0.06057620178061941,0.0,122990.82,0.0,0,1.0,122,medium,Electronics
C01670,one_time,Karachi,Sindh,2025-06-30,2025-06-28,2025-10-01,91.0,3,3,8.0,75808.78,3255.533758,72554.48000000001,24184.82666666667,2.6666666666666665,0.042944019914316,0.0,72554.48000000001,0.0,0,1.0,222,medium,Attach & Addons
C01671,one_time,Islamabad,ICT,2025-11-20,2025-04-04,2025-04-04,271.0,1,1,4.0,13936.779999999999,3434.044961,10502.56,10502.56,4.0,0.2464016050335874,0.0,10502.56,0.0,0,1.0,121,medium,Fashion
C01672,regular,Karachi,Sindh,2025-09-14,2025-07-13,2025-12-07,24.0,3,3,8.0,76398.66,1115.8355999999999,75281.67,25093.89,2.6666666666666665,0.01460543417908115,8951.33,66330.34,0.11890450889306786,1,1.0,422,medium,Fashion
C01673,price_sensitive,Lahore,Punjab,2025-12-31,2025-03-14,2025-12-31,0.0,5,5,17.0,520425.33,67795.66308,452614.57999999996,90522.916,3.4,0.13026972203678094,29734.18,422880.39999999997,0.06569426022467063,0,1.0,524,medium,Electronics
C01674,regular,Lahore,Punjab,2025-12-09,2025-08-24,2025-11-05,56.0,3,4,15.0,518945.49,15368.247237000001,503583.01,125895.7525,3.75,0.029614376718063398,203697.38999999998,299885.62,0.40449615248139525,1,1.3333333333333333,344,medium,Electronics
C01675,one_time,Islamabad,ICT,2025-07-22,2025-01-11,2025-06-19,195.0,2,3,4.0,18703.510000000002,1119.7388580000002,17583.79,5861.263333333333,1.3333333333333333,0.05986784608878227,0.0,17583.79,0.0,0,1.5,151,medium,Fashion
C01676,regular,Lahore,Punjab,2025-07-12,2025-02-25,2025-10-31,61.0,3,3,10.0,131127.36,5951.523136,125173.5,41724.5,3.3333333333333335,0.045387348117128266,0.0,125173.5,0.0,0,1.0,322,medium,Electronics
C01677,price_sensitive,Lahore,Punjab,2025-12-20,2025-07-02,2025-10-27,65.0,3,5,18.0,254669.59,28742.092235,225930.71,45186.142,3.6,0.11286032319367224,0.0,225930.71,0.0,0,1.6666666666666667,353,medium,Electronics
C01678,regular,Islamabad,ICT,2025-08-09,2025-02-04,2025-12-13,18.0,5,5,9.0,572489.1,16367.260390999998,556114.62,111222.924,1.8,0.028589645446524658,0.0,556114.62,0.0,0,1.0,425,medium,Electronics
C01679,one_time,Lahore,Punjab,2025-09-13,2025-04-24,2025-09-02,120.0,2,2,4.0,291996.74,8048.656228000001,283935.37,141967.685,2.0,0.02756419892907024,0.0,283935.37,0.0,0,1.0,223,medium,Electronics
C01680,one_time,Lahore,Punjab,2025-05-29,2025-08-21,2025-12-12,19.0,2,2,11.0,70995.09,0.0,70995.1,35497.55,5.5,0.0,8545.07,62450.030000000006,0.12036140522374078,1,1.0,422,medium,Attach & Addons
C01681,one_time,Lahore,Punjab,2025-10-09,2025-03-19,2025-08-25,128.0,2,2,8.0,301633.24,18724.551209,282915.57999999996,141457.78999999998,4.0,0.062077214066327706,0.0,282915.57999999996,0.0,0,1.0,223,medium,Electronics
C01682,regular,Karachi,Sindh,2025-04-19,2025-01-07,2025-12-16,15.0,7,8,23.0,1322980.38,23689.297618,1299305.76,162413.22,2.875,0.017906008264461187,740005.9700000001,559299.7899999999,0.5695395131627833,1,1.1428571428571428,435,medium,Electronics
C01683,one_time,Islamabad,ICT,2025-10-30,2025-01-21,2025-08-22,131.0,4,4,6.0,19837.6,249.869854,19587.97,4896.9925,1.5,0.012595770355284915,0.0,19587.97,0.0,0,1.0,221,medium,Fashion
C01684,regular,Karachi,Sindh,2025-06-03,2025-02-26,2025-11-22,39.0,5,6,17.0,403888.92,34455.792366,369433.44,61572.24,2.8333333333333335,0.08531007081352963,0.0,369433.44,0.0,0,1.2,334,medium,Electronics
C01685,regular,Lahore,Punjab,2025-05-12,2025-03-15,2025-10-27,65.0,3,3,7.0,82615.48000000001,1808.906514,80805.32,26935.10666666667,2.3333333333333335,0.021895491183976656,0.0,80805.32,0.0,0,1.0,322,medium,Attach & Addons
C01686,regular,Lahore,Punjab,2025-03-25,2025-01-31,2025-06-18,196.0,4,4,16.0,130318.35,8673.224195,121643.97,30410.9925,4.0,0.06655412837102373,0.0,121643.97,0.0,0,1.0,122,medium,Electronics
C01687,one_time,Karachi,Sindh,2025-04-26,2025-05-01,2025-10-12,80.0,3,3,7.0,25001.56,1226.0768659999999,23775.98,7925.326666666667,2.3333333333333335,0.0490400145430925,0.0,23775.98,0.0,0,1.0,221,medium,Fashion
C01688,price_sensitive,Lahore,Punjab,2025-02-10,2025-04-06,2025-05-11,234.0,2,2,6.0,48006.27,3652.337137,44353.97,22176.985,3.0,0.07608041901609935,0.0,44353.97,0.0,0,1.0,121,medium,Attach & Addons
C01689,price_sensitive,Islamabad,ICT,2025-04-22,2025-04-13,2025-04-13,262.0,1,1,1.0,1474.64,173.712592,1300.85,1300.85,1.0,0.11779999999999999,0.0,1300.85,0.0,0,1.0,121,medium,Fashion
C01690,regular,Islamabad,ICT,2025-11-20,2025-10-23,2025-10-23,69.0,1,1,7.0,90404.12,0.0,90404.12,90404.12,7.0,0.0,0.0,90404.12,0.0,0,1.0,222,medium,Attach & Addons
C01691,price_sensitive,Islamabad,ICT,2025-07-14,2025-01-11,2025-10-09,83.0,5,6,14.0,352264.57,26065.047504,326197.38,54366.23,2.3333333333333335,0.07399281597919427,0.0,326197.38,0.0,0,1.2,234,medium,Electronics
C01692,loyal,Lahore,Punjab,2025-10-10,2025-02-12,2025-12-27,4.0,6,8,23.0,438254.44,23734.340031,414520.23000000004,51815.028750000005,2.875,0.05415653069253559,8017.11,406503.12000000005,0.019340696592781488,0,1.3333333333333333,544,medium,Electronics
C01693,regular,Islamabad,ICT,2025-07-08,2025-06-18,2025-12-15,16.0,2,3,6.0,65338.72,639.7927300000001,64699.21,21566.403333333332,2.0,0.009791938532006751,0.0,64699.21,0.0,0,1.5,452,medium,Attach & Addons
C01694,regular,Islamabad,ICT,2025-01-24,2025-06-25,2025-07-30,154.0,2,2,3.0,26468.899999999998,172.338351,26296.329999999998,13148.164999999999,1.5,0.006510975182194953,0.0,26296.329999999998,0.0,0,1.0,121,medium,Fashion
C01695,one_time,Lahore,Punjab,2025-01-04,,,,0,0,0.0,0.0,0.0,0.0,0.0,0.0,0.0,0.0,0.0,0.0,0,0.0,111,unknown,
C01696,price_sensitive,Karachi,Sindh,2025-06-30,2025-08-17,2025-11-06,55.0,4,5,16.0,240255.47,13539.336751,226716.78,45343.356,3.2,0.056353916732884375,0.0,226716.78,0.0,0,1.25,343,medium,Electronics
C01697,price_sensitive,Karachi,Sindh,2025-10-06,2025-02-18,2025-09-12,110.0,4,4,17.0,1372287.5999999999,155071.603604,1217205.7,304301.425,4.25,0.1130022625024084,0.0,1217205.7,0.0,0,1.0,225,medium,Electronics
C01698,regular,Lahore,Punjab,2025-12-17,2025-08-15,2025-08-15,138.0,1,1,2.0,211687.88,15546.684296000001,196138.52,196138.52,2.0,0.07344154183980679,0.0,196138.52,0.0,0,1.0,123,medium,Electronics
C01699,loyal,Islamabad,ICT,2025-11-14,2025-02-10,2025-12-16,15.0,8,13,34.0,1204678.01,32179.294603,1172500.02,90192.30923076923,2.6153846153846154,0.026711946541632316,2877.25,1169622.77,0.002453944521041458,0,1.625,455,medium,Electronics
C01700,one_time,Karachi,Sindh,2025-09-06,2025-08-26,2025-08-26,127.0,1,1,1.0,5121.01,33.286565,5087.72,5087.72,1.0,0.006500000000000001,0.0,5087.72,0.0,0,1.0,221,medium,Fashion
C01701,loyal,Karachi,Sindh,2025-11-22,2025-01-20,2025-11-30,31.0,7,9,26.0,1193737.53,74632.634731,1119130.91,124347.87888888888,2.888888888888889,0.06252013768135446,0.0,1119130.91,0.0,0,1.2857142857142858,445,medium,Electronics
C01702,loyal,Karachi,Sindh,2025-05-18,2025-01-30,2025-11-29,32.0,5,6,20.0,403983.93,20234.072322,383761.84,63960.30666666667,3.3333333333333335,0.05008632972603638,8244.41,375517.43000000005,0.021483141731861614,0,1.2,434,medium,Electronics
C01703,price_sensitive,Lahore,Punjab,2025-04-13,2025-02-03,2025-07-17,167.0,3,3,6.0,58823.880000000005,5794.898266,53028.049999999996,17676.016666666666,2.0,0.09851268338640701,0.0,53028.049999999996,0.0,0,1.0,121,medium,Electronics
C01704,price_sensitive,Karachi,Sindh,2025-11-13,2025-01-28,2025-08-08,145.0,4,4,10.0,761850.92,53834.998448,708013.62,177003.405,2.5,0.07066342907087386,0.0,708013.62,0.0,0,1.0,125,medium,Electronics
C01705,one_time,Karachi,Sindh,2025-06-28,2025-02-28,2025-12-18,13.0,6,6,16.0,126839.21,3641.89633,123197.3,20532.883333333335,2.6666666666666665,0.02871270114343979,1560.8,121636.5,0.012669108819754978,0,1.0,522,medium,Attach & Addons
C01706,loyal,Lahore,Punjab,2025-11-28,2025-02-04,2025-12-04,27.0,6,7,25.0,180970.67,10295.476599,170675.39,24382.198571428573,3.5714285714285716,0.0568903049262071,5285.84,165389.55000000002,0.030970135764740305,0,1.1666666666666667,433,medium,Attach & Addons
C01707,price_sensitive,Lahore,Punjab,2025-08-27,2025-01-07,2025-11-15,46.0,6,8,19.0,161882.87,12041.060236,149843.58,18730.4475,2.375,0.07438131184602793,11040.18,138803.4,0.07367803145119732,0,1.3333333333333333,342,medium,Fashion
C01708,one_time,Lahore,Punjab,2025-12-09,2025-08-11,2025-08-11,142.0,1,1,1.0,12825.45,5208.415245,7617.38,7617.38,1.0,0.40609999999999996,0.0,7617.38,0.0,0,1.0,121,medium,Electronics
C01709,high_return,Karachi,Sindh,2025-01-30,2025-01-30,2025-12-03,28.0,5,6,13.0,1110688.91,32512.917192,1078161.51,179693.585,2.1666666666666665,0.029272748561070986,0.0,1078161.51,0.0,0,1.2,435,medium,Electronics
C01710,price_sensitive,Karachi,Sindh,2025-01-25,2025-05-11,2025-05-11,234.0,1,1,2.0,17882.86,2117.564192,15765.73,15765.73,2.0,0.118413060998073,0.0,15765.73,0.0,0,1.0,121,medium,Attach & Addons
C01711,price_sensitive,Lahore,Punjab,2025-07-25,2025-03-22,2025-11-30,31.0,3,4,12.0,174327.79,20002.872825,154326.35,38581.5875,3.0,0.11474288078223213,0.0,154326.35,0.0,0,1.3333333333333333,443,medium,Electronics
C01712,loyal,Islamabad,ICT,2025-02-16,2025-04-28,2025-12-13,18.0,7,10,27.0,518556.66,24768.920748,493780.08999999997,49378.009,2.7,0.047765119337200304,0.0,493780.08999999997,0.0,0,1.4285714285714286,454,medium,Electronics
C01713,regular,Lahore,Punjab,2025-02-08,,,,0,0,0.0,0.0,0.0,0.0,0.0,0.0,0.0,0.0,0.0,0.0,0,0.0,111,unknown,
C01714,price_sensitive,Karachi,Sindh,2025-01-22,2025-01-06,2025-10-15,77.0,3,3,6.0,177814.55,19146.503609000003,158665.08,52888.35999999999,2.0,0.10767681052534792,9838.62,148826.46,0.062008729330990796,0,1.0,222,medium,Electronics
C01715,one_time,Karachi,Sindh,2025-05-29,2025-05-07,2025-09-02,120.0,3,3,8.0,839858.17,17337.926434,822498.68,274166.2266666667,2.6666666666666665,0.02064387423176463,0.0,822498.68,0.0,0,1.0,225,medium,Electronics
C01716,price_sensitive,Lahore,Punjab,2025-09-29,2025-01-14,2025-10-29,63.0,5,7,17.0,149518.08,9480.732458,140035.74,20005.105714285713,2.4285714285714284,0.06340860221051528,0.0,140035.74,0.0,0,1.4,342,medium,Fashion
C01717,loyal,Islamabad,ICT,2025-10-14,2025-01-17,2025-11-27,34.0,5,5,20.0,481217.35,16151.603565,465052.74,93010.548,4.0,0.03356405076624939,0.0,465052.74,0.0,0,1.0,424,medium,Electronics
C01718,regular,Islamabad,ICT,2025-02-01,2025-01-24,2025-11-24,37.0,6,8,22.0,928454.46,4334.470964,924120.77,115515.09625,2.75,0.004668479877839135,0.0,924120.77,0.0,0,1.3333333333333333,345,medium,Electronics
C01719,price_sensitive,Karachi,Sindh,2025-09-12,2025-10-16,2025-10-16,76.0,1,1,4.0,15007.529999999999,1285.403733,13721.87,13721.87,4.0,0.08565058560602579,0.0,13721.87,0.0,0,1.0,221,medium,Fashion
C01720,one_time,Islamabad,ICT,2025-05-19,2025-03-26,2025-03-26,280.0,1,1,2.0,114095.78,2839.726734,111260.23999999999,111260.23999999999,2.0,0.024888972528168875,0.0,111260.23999999999,0.0,0,1.0,122,medium,Electronics
C01721,high_return,Islamabad,ICT,2025-08-02,2025-02-15,2025-11-27,34.0,5,6,14.0,82257.68000000001,2799.812636,79458.29000000001,13243.048333333334,2.3333333333333335,0.03403709703458692,0.0,79458.29000000001,0.0,0,1.2,432,medium,Fashion
C01722,price_sensitive,Islamabad,ICT,2025-11-20,2025-05-29,2025-11-07,54.0,5,5,9.0,39156.29,4226.936677,34929.18,6985.836,1.8,0.107950387460099,1097.45,33831.73,0.03141928897271565,0,1.0,321,medium,Fashion
C01723,regular,Lahore,Punjab,2025-04-21,2025-03-31,2025-03-31,275.0,1,1,2.0,15546.829999999998,1147.49037,14399.79,14399.79,2.0,0.07380863944611217,0.0,14399.79,0.0,0,1.0,121,medium,Fashion
C01724,regular,Karachi,Sindh,2025-12-23,2025-11-15,2025-12-01,30.0,2,2,5.0,406284.08,11859.581556000001,394409.95,197204.975,2.5,0.029190367380380743,0.0,394409.95,0.0,0,1.0,424,medium,Electronics
C01725,loyal,Lahore,Punjab,2025-11-17,2025-02-02,2025-12-12,19.0,7,12,33.0,897835.29,18803.937626,879033.69,73252.8075,2.75,0.02094363836600809,0.0,879033.69,0.0,0,1.7142857142857142,455,medium,Electronics
C01726,regular,Islamabad,ICT,2025-02-20,2025-03-01,2025-12-16,15.0,5,6,12.0,490940.36,29912.551288999995,461030.64999999997,76838.44166666667,2.0,0.060929093890345454,2651.06,458379.58999999997,0.005750290137976727,0,1.2,434,medium,Electronics
C01727,one_time,Karachi,Sindh,2025-03-29,2025-03-11,2025-03-11,295.0,1,1,4.0,45392.57,134.543944,45258.229999999996,45258.229999999996,4.0,0.0029640080744491887,0.0,45258.229999999996,0.0,0,1.0,121,medium,Electronics
C01728,price_sensitive,Lahore,Punjab,2025-09-28,2025-04-09,2025-10-01,91.0,5,5,14.0,575904.46,30431.604922,545465.17,109093.03400000001,2.8,0.05284141213631164,178387.34,367077.8300000001,0.32703708652928287,1,1.0,224,medium,Electronics
C01729,regular,Karachi,Sindh,2025-07-17,2025-01-12,2025-11-15,46.0,5,5,19.0,168605.18,12311.19004,156296.3,31259.26,3.8,0.07301786362672844,0.0,156296.3,0.0,0,1.0,323,medium,Attach & Addons
C01730,regular,Lahore,Punjab,2025-06-16,2025-01-23,2025-12-12,19.0,7,7,21.0,724449.01,17838.654954,706596.17,100942.31000000001,3.0,0.024623755030046907,2596.92,703999.25,0.0036752534336550392,0,1.0,425,medium,Electronics
C01731,regular,Karachi,Sindh,2025-11-09,2025-03-31,2025-10-05,87.0,2,2,7.0,284918.78,16608.869643,268319.42,134159.71,3.5,0.0582933481710121,0.0,268319.42,0.0,0,1.0,223,medium,Electronics
C01732,price_sensitive,Lahore,Punjab,2025-09-08,2025-01-02,2025-09-13,109.0,4,8,30.0,578771.2999999999,40248.648946,538521.76,67315.22,3.75,0.0695415424814603,0.0,538521.76,0.0,0,2.0,255,medium,Electronics
C01733,loyal,Islamabad,ICT,2025-03-14,2025-02-09,2025-12-28,3.0,4,7,16.0,366977.51,7885.762115,359095.41000000003,51299.34428571429,2.2857142857142856,0.02148840705524434,6029.64,353065.77,0.016791192067868537,0,1.75,554,medium,Electronics
C01734,one_time,Lahore,Punjab,2025-09-19,2025-04-15,2025-09-29,93.0,3,3,8.0,528735.21,8340.901819,520384.31,173461.43666666668,2.6666666666666665,0.01577519647121666,0.0,520384.31,0.0,0,1.0,225,medium,Electronics
C01735,regular,Islamabad,ICT,2025-09-02,2025-05-09,2025-09-07,115.0,4,4,9.0,81680.17,2549.328241,79130.98,19782.745,2.25,0.03121110351508818,0.0,79130.98,0.0,0,1.0,222,medium,Electronics
C01736,regular,Lahore,Punjab,2025-03-04,2025-02-22,2025-11-20,41.0,5,5,15.0,98842.91,3426.04334,95414.8,19082.96,3.0,0.03466149812869734,0.0,95414.8,0.0,0,1.0,322,medium,Attach & Addons
C01737,regular,Islamabad,ICT,2025-06-24,2025-02-11,2025-09-16,106.0,3,4,8.0,335240.67,3382.0675119999996,331853.39999999997,82963.34999999999,2.0,0.010088476174445063,0.0,331853.39999999997,0.0,0,1.3333333333333333,244,medium,Electronics
C01738,one_time,Islamabad,ICT,2025-07-11,2025-02-04,2025-08-07,146.0,2,2,5.0,402460.58999999997,243.34934700000002,402217.37999999995,201108.68999999997,2.5,0.0006046538544308153,0.0,402217.37999999995,0.0,0,1.0,124,medium,Electronics
C01739,one_time,Lahore,Punjab,2025-09-28,2025-11-15,2025-11-15,46.0,1,1,3.0,9772.18,1439.5470739999998,8332.380000000001,8332.380000000001,3.0,0.14731074069450212,0.0,8332.380000000001,0.0,0,1.0,321,medium,Fashion
C01740,one_time,Lahore,Punjab,2025-12-18,2025-01-30,2025-06-22,192.0,3,3,7.0,118097.96,517.079564,117580.13,39193.37666666667,2.3333333333333335,0.004378395393112633,0.0,117580.13,0.0,0,1.0,122,medium,Electronics
C01741,regular,Karachi,Sindh,2025-12-05,2025-03-30,2025-11-17,44.0,5,5,16.0,361120.11,3178.986686,357941.26,71588.25200000001,3.2,0.008803128371887127,0.0,357941.26,0.0,0,1.0,324,medium,Electronics
C01742,regular,Lahore,Punjab,2025-03-19,2025-01-13,2025-11-18,43.0,4,4,8.0,876684.63,11291.305249000001,865384.9199999999,216346.22999999998,2.0,0.01287955196499795,969.61,864415.3099999999,0.001120437827828107,0,1.0,325,medium,Electronics
C01743,regular,Karachi,Sindh,2025-09-27,2025-01-30,2025-04-03,272.0,3,3,12.0,123344.59999999999,1581.706751,121762.83,40587.61,4.0,0.012823477890398121,0.0,121762.83,0.0,0,1.0,122,medium,Electronics
C01744,regular,Lahore,Punjab,2025-09-04,2025-01-26,2025-11-26,35.0,3,4,15.0,312995.89999999997,2723.806985,310273.35,77568.3375,3.75,0.00870237273076101,0.0,310273.35,0.0,0,1.3333333333333333,444,medium,Electronics
C01745,price_sensitive,Karachi,Sindh,2025-11-11,2025-02-02,2025-10-29,63.0,4,4,6.0,234974.11000000002,39563.395194000004,195412.77,48853.1925,1.5,0.16837342290178267,0.0,195412.77,0.0,0,1.0,323,medium,Electronics
C01746,one_time,Islamabad,ICT,2025-06-17,2025-07-01,2025-11-01,60.0,3,3,6.0,141054.58000000002,3531.4731810000003,137525.13999999998,45841.713333333326,2.0,0.025036217760529292,0.0,137525.13999999998,0.0,0,1.0,322,medium,Electronics
C01747,loyal,Lahore,Punjab,2025-07-12,2025-01-21,2025-12-15,16.0,9,16,51.0,977166.69,43515.797323,933645.09,58352.818125,3.1875,0.0445326245443344,15729.539999999999,917915.5499999999,0.016847451101574366,0,1.7777777777777777,455,medium,Electronics
C01748,price_sensitive,Islamabad,ICT,2025-12-02,2025-03-02,2025-11-11,50.0,3,3,11.0,241584.21,22785.419262,218794.63999999998,72931.54666666666,3.6666666666666665,0.09431667434721831,0.0,218794.63999999998,0.0,0,1.0,323,medium,Electronics
C01749,regular,Lahore,Punjab,2025-01-13,2025-01-05,2025-06-21,193.0,3,5,13.0,496774.56,4180.005182,492585.69,98517.138,2.6,0.008414289938679629,0.0,492585.69,0.0,0,1.6666666666666667,154,medium,Electronics
C01750,regular,Karachi,Sindh,2025-05-27,2025-01-24,2025-12-20,11.0,6,6,16.0,240991.78999999998,12564.284249,228421.42,38070.23666666667,2.6666666666666665,0.052135735615723676,0.0,228421.42,0.0,0,1.0,523,medium,Electronics
C01751,one_time,Lahore,Punjab,2025-02-12,2025-02-05,2025-02-05,329.0,1,1,3.0,8375.68,424.035836,7951.5,7951.5,3.0,0.05062703398410637,0.0,7951.5,0.0,0,1.0,121,medium,Fashion
C01752,regular,Karachi,Sindh,2025-05-28,2025-05-07,2025-11-05,56.0,5,5,16.0,135866.73,4754.51417,131112.18,26222.435999999998,3.2,0.0349939545170477,0.0,131112.18,0.0,0,1.0,322,medium,Attach & Addons
C01753,regular,Karachi,Sindh,2025-05-31,2025-08-12,2025-08-12,141.0,1,1,3.0,13311.39,1827.9574899999998,11483.59,11483.59,3.0,0.13732281076581784,0.0,11483.59,0.0,0,1.0,121,medium,Attach & Addons
C01754,price_sensitive,Lahore,Punjab,2025-01-22,2025-03-02,2025-10-15,77.0,4,6,11.0,85011.58,10281.989677,74728.61,12454.768333333333,1.8333333333333333,0.1209481070343593,0.0,74728.61,0.0,0,1.5,252,medium,Fashion
C01755,regular,Islamabad,ICT,2025-11-24,2025-03-16,2025-08-24,129.0,3,4,7.0,105246.98,2896.297273,102349.89,25587.4725,1.75,0.02751905349683193,0.0,102349.89,0.0,0,1.3333333333333333,242,medium,Electronics
C01756,price_sensitive,Lahore,Punjab,2025-04-24,2025-01-08,2025-10-09,83.0,4,4,12.0,160095.38,11352.351491000001,148746.93,37186.7325,3.0,0.07090992563932826,5907.37,142839.56,0.03971423141304496,0,1.0,222,medium,Electronics
C01757,regular,Islamabad,ICT,2025-03-24,2025-05-08,2025-12-24,7.0,5,7,14.0,295003.59,6266.305712,288737.36,41248.194285714286,2.0,0.021241455780249996,0.0,288737.36,0.0,0,1.4,543,medium,Electronics
C01758,high_return,Karachi,Sindh,2025-11-24,2025-01-22,2025-08-16,137.0,5,8,16.0,281995.92,9793.766705,272196.24,34024.53,2.0,0.0347301716457458,5723.09,266473.14999999997,0.021025602704872044,0,1.6,153,medium,Electronics
C01759,loyal,Lahore,Punjab,2025-04-23,2025-01-17,2025-11-11,50.0,8,12,37.0,693579.91,41978.591487,651591.61,54299.300833333335,3.0833333333333335,0.06052452050838669,10364.91,641226.7,0.01590706485616044,0,1.5,355,medium,Electronics
C01760,loyal,Lahore,Punjab,2025-02-22,2025-01-14,2025-12-05,26.0,4,4,16.0,441680.25999999995,64021.316277,377657.95,94414.4875,4.0,0.14494946248446786,0.0,377657.95,0.0,0,1.0,424,medium,Electronics
C01761,price_sensitive,Islamabad,ICT,2025-10-10,2025-01-22,2025-12-10,21.0,8,12,41.0,1233156.83,89463.54793100001,1143690.78,95307.565,3.4166666666666665,0.07254839429547659,215118.34,928572.4400000001,0.1880913475581223,1,1.5,455,medium,Electronics
C01762,one_time,Lahore,Punjab,2025-04-07,2025-01-06,2025-11-08,53.0,2,2,4.0,16284.91,950.2572690000001,15334.8,7667.4,2.0,0.05835201232306473,3790.25,11544.55,0.24716657537105147,1,1.0,321,medium,Fashion
C01763,one_time,Karachi,Sindh,2025-11-30,2025-04-18,2025-11-04,57.0,2,2,4.0,53943.119999999995,2.39723,53940.759999999995,26970.379999999997,2.0,4.443995823749164e-05,0.0,53940.759999999995,0.0,0,1.0,322,medium,Electronics
C01764,high_return,Lahore,Punjab,2025-02-28,2025-09-10,2025-12-12,19.0,3,3,9.0,39791.49,297.574785,39494.27,13164.756666666666,3.0,0.0074783524065070205,0.0,39494.27,0.0,0,1.0,421,medium,Fashion
C01765,one_time,Karachi,Sindh,2025-02-19,2025-01-19,2025-11-17,44.0,4,5,18.0,168222.11000000002,11168.27677,157055.09,31411.018,3.6,0.06639006471860327,0.0,157055.09,0.0,0,1.25,343,medium,Fashion
C01766,one_time,Karachi,Sindh,2025-01-19,2025-01-11,2025-12-17,14.0,4,5,9.0,711615.03,32730.24891,678884.3600000001,135776.87200000003,1.8,0.04599431930210917,0.0,678884.3600000001,0.0,0,1.25,545,medium,Electronics
C01767,regular,Islamabad,ICT,2025-02-16,2025-03-31,2025-11-10,51.0,4,4,10.0,410954.82,6365.494835999999,404593.8,101148.45,2.5,0.01548952470249649,0.0,404593.8,0.0,0,1.0,324,medium,Electronics
C01768,one_time,Islamabad,ICT,2025-10-16,2025-01-22,2025-01-22,343.0,1,1,1.0,43692.18,567.99834,43124.72,43124.72,1.0,0.013,0.0,43124.72,0.0,0,1.0,121,medium,Electronics
C01769,high_return,Karachi,Sindh,2025-07-01,2025-02-17,2025-11-13,48.0,4,4,11.0,548357.39,13737.482403000002,534613.71,133653.4275,2.75,0.025052060305050326,0.0,534613.71,0.0,0,1.0,325,medium,Electronics
C01770,regular,Islamabad,ICT,2025-08-03,2025-07-26,2025-11-15,46.0,4,6,17.0,609762.91,36355.70084899999,573422.81,95570.46833333334,2.8333333333333335,0.059622683263893486,10296.1,563126.7100000001,0.017955511745338486,0,1.5,355,medium,Electronics
C01771,price_sensitive,Islamabad,ICT,2025-05-08,2025-05-26,2025-12-31,0.0,2,3,4.0,147492.6,9931.544835,137560.39,45853.46333333334,1.3333333333333333,0.06733588556307232,0.0,137560.39,0.0,0,1.5,552,medium,Electronics
C01772,regular,Karachi,Sindh,2025-09-05,2025-01-03,2025-12-30,1.0,4,6,19.0,136246.16,2950.585113,133295.8,22215.966666666664,3.1666666666666665,0.021656280903623266,3495.14,129800.65999999999,0.026220931192130585,0,1.5,552,medium,Attach & Addons
C01773,regular,Lahore,Punjab,2025-10-07,2025-02-07,2025-11-14,47.0,2,3,7.0,53769.52,1950.179358,51818.75,17272.916666666668,2.3333333333333335,0.036269235023857385,0.0,51818.75,0.0,0,1.5,351,medium,Electronics
C01774,price_sensitive,Lahore,Punjab,2025-07-21,2025-04-18,2025-12-17,14.0,3,3,7.0,235639.20999999996,21101.2505,214535.50999999998,71511.83666666666,2.3333333333333335,0.08954897828761182,0.0,214535.50999999998,0.0,0,1.0,523,medium,Electronics
C01775,regular,Islamabad,ICT,2025-08-06,2025-02-05,2025-07-24,160.0,2,3,10.0,688836.45,4454.163624999999,684374.39,228124.79666666666,3.3333333333333335,0.006466213605566313,0.0,684374.39,0.0,0,1.5,155,medium,Electronics
C01776,one_time,Islamabad,ICT,2025-07-21,2025-01-21,2025-10-10,82.0,4,4,7.0,60036.76,1098.398929,58938.19,14734.5475,1.75,0.01829543981054274,0.0,58938.19,0.0,0,1.0,222,medium,Attach & Addons
C01777,price_sensitive,Karachi,Sindh,2025-01-06,2025-03-16,2025-11-23,38.0,4,5,15.0,119685.63,9095.930511999999,110591.49,22118.298000000003,3.0,0.07599851805099742,0.0,110591.49,0.0,0,1.25,342,medium,Fashion
C01778,one_time,Karachi,Sindh,2025-11-14,,,,0,0,0.0,0.0,0.0,0.0,0.0,0.0,0.0,0.0,0.0,0.0,0,0.0,111,unknown,
C01779,one_time,Karachi,Sindh,2025-03-23,2025-01-21,2025-01-21,344.0,1,1,2.0,14539.16,0.0,14539.16,14539.16,2.0,0.0,1718.72,12820.44,0.1182131567435808,1,1.0,121,medium,Fashion
C01780,regular,Karachi,Sindh,2025-08-07,2025-01-28,2025-11-25,36.0,7,9,25.0,402806.71,36660.202692,366144.33,40682.70333333334,2.7777777777777777,0.09101189672833404,41329.58,324814.75,0.11287783699941496,1,1.2857142857142858,344,medium,Electronics
C01781,one_time,Lahore,Punjab,2025-03-12,2025-03-04,2025-03-04,302.0,1,1,4.0,21240.33,0.0,21240.33,21240.33,4.0,0.0,0.0,21240.33,0.0,0,1.0,121,medium,Fashion
C01782,price_sensitive,Karachi,Sindh,2025-09-23,2025-01-12,2025-01-12,353.0,1,1,1.0,6267.47,783.43375,5483.78,5483.78,1.0,0.125,0.0,5483.78,0.0,0,1.0,121,medium,Fashion
C01783,one_time,Karachi,Sindh,2025-10-18,2025-10-01,2025-11-02,59.0,2,2,6.0,117316.35,2645.5979370000005,114674.39000000001,57337.19500000001,3.0,0.022550973815670197,0.0,114674.39000000001,0.0,0,1.0,322,medium,Electronics
C01784,price_sensitive,Islamabad,ICT,2025-05-04,2025-01-30,2025-11-10,51.0,4,4,8.0,665149.8400000001,42096.299770000005,623055.99,155763.9975,2.0,0.06328844605901131,0.0,623055.99,0.0,0,1.0,325,medium,Electronics
C01785,one_time,Karachi,Sindh,2025-06-15,2025-06-01,2025-08-11,142.0,2,3,7.0,27963.41,862.855633,27100.9,9033.633333333333,2.3333333333333335,0.03085659556541924,0.0,27100.9,0.0,0,1.5,151,medium,Attach & Addons
C01786,regular,Islamabad,ICT,2025-10-22,2025-07-12,2025-12-21,10.0,4,6,21.0,754478.31,7701.162139,746783.25,124463.875,3.5,0.010207267772880044,0.0,746783.25,0.0,0,1.5,555,medium,Electronics
C01787,price_sensitive,Karachi,Sindh,2025-08-18,2025-01-20,2025-03-11,295.0,3,4,10.0,341105.26,39737.779483,301367.56000000006,75341.89000000001,2.5,0.11649711729159497,3261.1099999999997,298106.45000000007,0.010821038601500438,0,1.3333333333333333,143,medium,Electronics
C01788,loyal,Karachi,Sindh,2025-02-10,2025-01-24,2025-12-02,29.0,7,13,34.0,537474.38,28104.99669,509365.94,39181.99538461539,2.6153846153846154,0.05229085838472896,0.0,509365.94,0.0,0,1.8571428571428572,454,medium,Electronics
C01789,loyal,Islamabad,ICT,2025-04-18,2025-01-31,2025-11-07,54.0,6,7,26.0,1043942.1900000001,29669.528751,1014271.01,144895.85857142857,3.7142857142857144,0.028420662595310953,0.0,1014271.01,0.0,0,1.1666666666666667,335,medium,Electronics
C01790,one_time,Lahore,Punjab,2025-11-18,2025-07-12,2025-12-24,7.0,2,2,5.0,25495.379999999997,572.258941,24922.98,12461.49,2.5,0.022445593711488125,0.0,24922.98,0.0,0,1.0,521,medium,Fashion
C01791,price_sensitive,Lahore,Punjab,2025-10-17,2025-02-18,2025-11-28,33.0,8,11,23.0,767237.6,46835.726802,720394.78,65490.43454545455,2.090909090909091,0.061044618775200794,2296.23,718098.55,0.0031874606309612624,0,1.375,445,medium,Electronics
C01792,regular,Islamabad,ICT,2025-05-14,2025-02-01,2025-09-09,113.0,3,3,6.0,29156.32,801.5176769999999,28354.78,9451.593333333332,2.0,0.02749035807673945,5015.31,23339.469999999998,0.17687705564987632,1,1.0,221,medium,Fashion
C01793,price_sensitive,Islamabad,ICT,2025-09-23,2025-01-20,2025-10-17,75.0,4,4,6.0,27066.79,2944.089899,24122.010000000002,6030.5025000000005,1.5,0.1087712986652647,0.0,24122.010000000002,0.0,0,1.0,221,medium,Fashion
C01794,one_time,Lahore,Punjab,2025-12-18,2025-05-26,2025-07-09,175.0,2,2,4.0,212366.85,5133.492157,207241.85,103620.925,2.0,0.024172756515435434,5106.01,202135.84,0.024637929066933153,0,1.0,123,medium,Electronics
C01795,high_return,Islamabad,ICT,2025-08-21,2025-08-14,2025-10-20,72.0,3,3,6.0,94887.61,2486.937637,92402.59,30800.86333333333,2.0,0.02620929789463556,0.0,92402.59,0.0,0,1.0,222,medium,Electronics
C01796,one_time,Islamabad,ICT,2025-02-28,,,,0,0,0.0,0.0,0.0,0.0,0.0,0.0,0.0,0.0,0.0,0.0,0,0.0,111,unknown,
C01797,high_return,Islamabad,ICT,2025-03-06,2025-01-26,2025-08-18,135.0,2,2,4.0,16168.16,416.191801,15751.71,7875.855,2.0,0.025741444975804297,0.0,15751.71,0.0,0,1.0,121,medium,Fashion
C01798,loyal,Islamabad,ICT,2025-09-23,2025-01-11,2025-11-11,50.0,7,12,27.0,235396.36000000002,10071.377295,225323.14,18776.928333333333,2.25,0.04278476224101341,35227.47,190095.67,0.15634199842945556,1,1.7142857142857142,353,medium,Electronics
C01799,high_return,Islamabad,ICT,2025-11-11,2025-01-18,2025-10-16,76.0,5,7,23.0,599075.2899999999,7028.4339820000005,592057.47,84579.63857142857,3.2857142857142856,0.011732138012235493,0.0,592057.47,0.0,0,1.4,245,medium,Electronics
C01800,regular,Lahore,Punjab,2025-02-17,2025-01-04,2025-12-03,28.0,4,4,8.0,259325.58999999997,2353.89725,256982.46,64245.615,2.0,0.009076995640885268,0.0,256982.46,0.0,0,1.0,423,medium,Electronics
C01801,loyal,Islamabad,ICT,2025-09-05,2025-01-05,2025-10-06,86.0,7,8,31.0,574765.74,17177.349379,557596.79,69699.59875,3.875,0.029885826839644268,3425.12,554171.67,0.00614264655289712,0,1.1428571428571428,235,medium,Electronics
C01802,high_return,Lahore,Punjab,2025-04-08,2025-01-12,2025-10-20,72.0,7,7,22.0,558805.84,9398.656786,549414.36,78487.7657142857,3.142857142857143,0.016819181392234556,0.0,549414.36,0.0,0,1.0,225,medium,Electronics
C01803,one_time,Karachi,Sindh,2025-10-11,2025-07-17,2025-07-17,167.0,1,1,2.0,23828.53,1103.0280710000002,22725.36,22725.36,2.0,0.04629022734511949,19455.08,3270.279999999999,0.8560955690030874,1,1.0,121,medium,Electronics
C01804,high_return,Lahore,Punjab,2025-10-28,2025-02-24,2025-12-30,1.0,4,7,19.0,472559.27,21082.518723,451476.12,64496.58857142857,2.7142857142857144,0.044613490965905715,1094.68,450381.44,0.002424668662431138,0,1.75,554,medium,Electronics
C01805,high_return,Karachi,Sindh,2025-11-01,2025-03-29,2025-05-09,236.0,2,2,3.0,65866.38,193.42935,65673.27,32836.635,1.5,0.0029366931961343555,0.0,65673.27,0.0,0,1.0,122,medium,Electronics
C01806,one_time,Lahore,Punjab,2025-03-24,2025-07-07,2025-11-15,46.0,2,2,4.0,257704.95,34.483752,257670.58000000002,128835.29000000001,2.0,0.00013381098034787457,0.0,257670.58000000002,0.0,0,1.0,323,medium,Electronics
C01807,regular,Lahore,Punjab,2025-03-14,2025-02-06,2025-11-19,42.0,3,4,12.0,285502.17,4568.533057000001,280939.43,70234.8575,3.0,0.01600174547534963,0.0,280939.43,0.0,0,1.3333333333333333,343,medium,Electronics
C01808,regular,Islamabad,ICT,2025-04-16,2025-03-20,2025-12-10,21.0,4,5,17.0,201753.44,6060.240463,195690.94,39138.188,3.4,0.030037854437574892,0.0,195690.94,0.0,0,1.25,443,medium,Electronics
C01809,regular,Lahore,Punjab,2025-09-19,2025-02-01,2025-12-19,12.0,5,5,11.0,285673.76,700.7034140000001,284973.33,56994.666000000005,2.2,0.0024528098555499115,5760.94,279212.39,0.02021571632685767,0,1.0,523,medium,Electronics
C01810,regular,Lahore,Punjab,2025-05-25,2025-06-10,2025-07-11,173.0,2,3,7.0,35139.42,271.6676,34867.87,11622.623333333335,2.3333333333333335,0.007731135004504912,3376.12,31491.750000000004,0.09682610380272726,0,1.5,151,medium,Attach & Addons
C01811,one_time,Islamabad,ICT,2025-10-10,2025-01-04,2025-04-29,246.0,2,2,5.0,291276.68,4115.217300000001,287170.05,143585.025,2.5,0.014128207242680744,1969.31,285200.74,0.0068576441032064455,0,1.0,123,medium,Electronics
C01812,one_time,Karachi,Sindh,2025-09-01,2025-02-11,2025-08-01,152.0,5,6,16.0,96221.6,5279.321835,90941.62999999999,15156.938333333332,2.6666666666666665,0.054866286104159556,1229.97,89711.65999999999,0.013524829057935296,0,1.2,132,medium,Fashion
C01813,regular,Lahore,Punjab,2025-05-07,2025-03-26,2025-11-19,42.0,5,6,16.0,526468.51,9596.889966,516878.06,86146.34333333334,2.6666666666666665,0.01822880150229688,7363.46,509514.6,0.014246029324595438,0,1.2,334,medium,Electronics
C01814,regular,Islamabad,ICT,2025-09-28,2025-06-02,2025-10-22,70.0,2,2,8.0,143923.9,3623.7327370000003,140305.0,70152.5,4.0,0.02517811660884676,0.0,140305.0,0.0,0,1.0,222,medium,Electronics
C01815,regular,Karachi,Sindh,2025-03-14,2025-05-05,2025-12-04,27.0,4,4,10.0,273890.32,8880.15662,265008.0,66252.0,2.5,0.03242230911994261,0.0,265008.0,0.0,0,1.0,423,medium,Electronics
C01816,one_time,Lahore,Punjab,2025-09-05,2025-06-05,2025-12-17,14.0,5,5,10.0,513421.27999999997,26877.334172,486561.39,97312.278,2.0,0.052349474435496715,18968.31,467593.08,0.038984412634960615,0,1.0,524,medium,Electronics
C01817,price_sensitive,Lahore,Punjab,2025-02-12,2025-02-21,2025-12-25,6.0,6,7,22.0,182685.49,13898.275379,168786.47,24112.352857142858,3.142857142857143,0.07607760955180404,0.0,168786.47,0.0,0,1.1666666666666667,533,medium,Electronics
C01818,high_return,Lahore,Punjab,2025-06-19,2025-09-17,2025-12-16,15.0,2,2,5.0,238007.38,7068.570628,230935.19999999998,115467.59999999999,2.5,0.029698955671038436,0.0,230935.19999999998,0.0,0,1.0,423,medium,Electronics
C01819,regular,Karachi,Sindh,2025-06-17,2025-04-29,2025-12-17,14.0,5,5,13.0,156429.08000000002,9491.897736,146937.5,29387.5,2.6,0.06067860103760758,0.0,146937.5,0.0,0,1.0,522,medium,Electronics
C01820,high_return,Karachi,Sindh,2025-09-02,2025-04-24,2025-12-28,3.0,4,5,9.0,330707.5,7256.345187000001,323451.24,64690.248,1.8,0.02194188274230249,0.0,323451.24,0.0,0,1.25,544,medium,Electronics
C01821,regular,Lahore,Punjab,2025-02-16,2025-07-24,2025-08-24,129.0,2,2,8.0,52438.07,1066.1083899999999,51372.52,25686.26,4.0,0.020330809085841638,0.0,51372.52,0.0,0,1.0,221,medium,Electronics
C01822,loyal,Lahore,Punjab,2025-08-13,2025-03-11,2025-12-03,28.0,8,11,31.0,946402.3,58832.153940000004,887590.78,80690.07090909091,2.8181818181818183,0.0621640014399796,5380.2,882210.5800000001,0.006061577160591956,0,1.375,445,medium,Electronics
C01823,price_sensitive,Karachi,Sindh,2025-03-10,2025-01-09,2025-12-24,7.0,4,5,16.0,922874.51,80617.196326,842266.27,168453.25400000002,3.2,0.08735445117668274,3991.0,838275.27,0.004738406537400578,0,1.25,545,medium,Electronics
C01824,loyal,Islamabad,ICT,2025-10-17,2025-01-22,2025-12-18,13.0,4,4,15.0,400110.16,18598.350083,381521.48,95380.37,3.75,0.04648307376898403,20347.08,361174.39999999997,0.053331414000595725,0,1.0,524,medium,Electronics
C01825,loyal,Karachi,Sindh,2025-03-02,2025-02-05,2025-10-15,77.0,4,5,19.0,604291.36,11488.967833,592804.81,118560.96200000001,3.8,0.019012298691478892,0.0,592804.81,0.0,0,1.25,245,medium,Electronics
C01826,one_time,Islamabad,ICT,2025-11-14,2025-06-19,2025-11-08,53.0,3,4,8.0,47014.19,456.82526,46557.61,11639.4025,2.0,0.009716752750605722,0.0,46557.61,0.0,0,1.3333333333333333,341,medium,Fashion
C01827,high_return,Islamabad,ICT,2025-11-27,2025-08-21,2025-08-21,132.0,1,1,2.0,12421.22,26.000009999999996,12395.2,12395.2,2.0,0.0020931929391798873,0.0,12395.2,0.0,0,1.0,121,medium,Fashion
C01828,high_return,Islamabad,ICT,2025-04-04,2025-01-18,2025-11-13,48.0,5,6,14.0,310014.7,17693.196503,292328.77,48721.46166666667,2.3333333333333335,0.057072121105870136,0.0,292328.77,0.0,0,1.2,333,medium,Electronics
C01829,regular,Lahore,Punjab,2025-05-18,,,,0,0,0.0,0.0,0.0,0.0,0.0,0.0,0.0,0.0,0.0,0.0,0,0.0,111,unknown,
C01830,regular,Lahore,Punjab,2025-05-07,2025-07-11,2025-09-11,111.0,3,3,7.0,257962.44999999998,16670.325476,241294.28,80431.42666666667,2.3333333333333335,0.06462307004759803,5631.13,235663.15,0.02333718810077056,0,1.0,223,medium,Electronics
C01831,regular,Islamabad,ICT,2025-11-15,2025-03-13,2025-10-28,64.0,5,5,18.0,782764.14,5226.704309999999,777536.98,155507.396,3.6,0.006677240362595045,0.0,777536.98,0.0,0,1.0,325,medium,Electronics
C01832,one_time,Islamabad,ICT,2025-06-23,,,,0,0,0.0,0.0,0.0,0.0,0.0,0.0,0.0,0.0,0.0,0.0,0,0.0,111,unknown,
C01833,one_time,Islamabad,ICT,2025-12-24,2025-01-23,2025-09-11,111.0,3,3,10.0,940906.87,59023.970981,881893.1699999999,293964.38999999996,3.3333333333333335,0.06273093848384803,0.0,881893.1699999999,0.0,0,1.0,225,medium,Electronics
C01834,regular,Karachi,Sindh,2025-04-01,2025-05-08,2025-12-22,9.0,4,7,18.0,111991.25,3715.492295,108275.66,15467.951428571429,2.5714285714285716,0.03317663027245432,13837.05,94438.61,0.1277946493237723,1,1.75,552,medium,Attach & Addons
C01835,one_time,Lahore,Punjab,2025-06-28,2025-04-02,2025-12-21,10.0,2,2,10.0,345139.07,3118.408005,342009.62,171004.81,5.0,0.009035221671658326,0.0,342009.62,0.0,0,1.0,524,medium,Electronics
C01836,regular,Islamabad,ICT,2025-07-28,2025-05-02,2025-09-28,94.0,2,3,8.0,113094.2,1303.525196,111790.06,37263.35333333333,2.6666666666666665,0.011526012792875321,0.0,111790.06,0.0,0,1.5,252,medium,Electronics
C01837,regular,Islamabad,ICT,2025-04-17,2025-04-14,2025-04-14,261.0,1,1,4.0,15115.18,1067.410955,14047.58,14047.58,4.0,0.07061847460632292,0.0,14047.58,0.0,0,1.0,121,medium,Fashion
C01838,one_time,Karachi,Sindh,2025-10-11,2025-07-27,2025-07-27,157.0,1,1,1.0,6516.09,0.0,6516.09,6516.09,1.0,0.0,0.0,6516.09,0.0,0,1.0,121,medium,Fashion
C01839,regular,Lahore,Punjab,2025-02-06,2025-06-27,2025-12-21,10.0,3,3,9.0,88099.56999999999,4195.723837999999,83904.55,27968.183333333334,3.0,0.04762479360568955,3228.26,80676.29000000001,0.03847538661490944,0,1.0,522,medium,Electronics
C01840,regular,Islamabad,ICT,2025-02-25,2025-03-22,2025-11-20,41.0,6,6,22.0,665787.7999999999,7719.341230999999,658077.74,109679.62333333334,3.6666666666666665,0.011594296607717955,0.0,658077.74,0.0,0,1.0,325,medium,Electronics
C01841,regular,Lahore,Punjab,2025-09-15,2025-01-05,2025-10-24,68.0,4,4,10.0,738885.64,42213.353069,696675.28,174168.82,2.5,0.05713110498263303,10765.88,685909.4,0.015453225209885442,0,1.0,225,medium,Electronics
C01842,high_return,Islamabad,ICT,2025-12-29,2025-04-12,2025-11-18,43.0,4,5,14.0,452745.76000000007,2423.73636,450321.94,90064.388,2.8,0.005353415921553853,0.0,450321.94,0.0,0,1.25,344,medium,Electronics
C01843,high_return,Karachi,Sindh,2025-08-18,2025-02-03,2025-07-04,180.0,3,3,11.0,360024.77,7573.648634,352448.44,117482.81333333334,3.6666666666666665,0.021036465446530248,0.0,352448.44,0.0,0,1.0,124,medium,Electronics
C01844,one_time,Karachi,Sindh,2025-04-24,2025-02-28,2025-02-28,306.0,1,1,1.0,10356.69,586.188654,9770.9,9770.9,1.0,0.056600000000000004,9302.68,468.21999999999935,0.9520801563827284,1,1.0,121,medium,Fashion
C01845,high_return,Lahore,Punjab,2025-02-06,2025-02-14,2025-10-26,66.0,5,5,17.0,779305.17,45799.482599999996,733487.35,146697.47,3.4,0.05876963783006854,0.0,733487.35,0.0,0,1.0,325,medium,Electronics
C01846,regular,Karachi,Sindh,2025-01-18,2025-02-13,2025-12-05,26.0,3,3,14.0,310210.57,6395.533794,303825.86,101275.28666666667,4.666666666666667,0.0206167500804373,0.0,303825.86,0.0,0,1.0,424,medium,Electronics
C01847,regular,Lahore,Punjab,2025-05-30,2025-02-10,2025-06-20,194.0,3,3,10.0,225056.29,4945.027822999999,220110.23,73370.07666666668,3.3333333333333335,0.02197240442824326,0.0,220110.23,0.0,0,1.0,123,medium,Electronics
C01848,regular,Islamabad,ICT,2025-07-05,2025-11-17,2025-12-21,10.0,2,3,7.0,99835.54000000001,1866.624844,97969.23999999999,32656.41333333333,2.3333333333333335,0.018696997522124885,0.0,97969.23999999999,0.0,0,1.5,552,medium,Electronics
C01849,loyal,Karachi,Sindh,2025-09-17,2025-01-11,2025-12-25,6.0,6,9,29.0,542049.26,16960.608136,525094.38,58343.82,3.2222222222222223,0.031289791145550125,2282.15,522812.23,0.004346171063571467,0,1.5,555,medium,Electronics
C01850,high_return,Islamabad,ICT,2025-05-15,2025-10-29,2025-10-29,63.0,1,1,3.0,10576.03,3003.492095,7572.72,7572.72,3.0,0.2839905044709593,0.0,7572.72,0.0,0,1.0,321,medium,Fashion
C01851,loyal,Islamabad,ICT,2025-11-06,2025-01-15,2025-12-02,29.0,8,8,22.0,556895.69,37935.595517,518952.79000000004,64869.098750000005,2.75,0.0681197506071559,0.0,518952.79000000004,0.0,0,1.0,424,medium,Electronics
C01852,loyal,Karachi,Sindh,2025-07-26,2025-02-08,2025-12-04,27.0,10,12,40.0,1231374.57,60706.255941,1170688.15,97557.34583333333,3.3333333333333335,0.04929958553634903,9503.89,1161184.26,0.008118208081289624,0,1.2,435,medium,Electronics
C01853,price_sensitive,Karachi,Sindh,2025-01-03,2025-07-10,2025-11-07,54.0,2,3,12.0,259747.02,28373.986477,231374.17,77124.72333333334,4.0,0.10923700482492542,0.0,231374.17,0.0,0,1.5,353,medium,Electronics
C01854,one_time,Karachi,Sindh,2025-08-30,2025-01-24,2025-12-08,23.0,3,3,6.0,234672.92,27154.426561,207525.31,69175.10333333333,2.0,0.11571180245679816,2336.81,205188.5,0.011260361446996513,0,1.0,423,medium,Electronics
C01855,one_time,Islamabad,ICT,2025-04-12,2025-06-14,2025-06-20,194.0,1,2,6.0,402081.94999999995,11688.822895,390410.92,195205.46,3.0,0.029070747629929672,0.0,390410.92,0.0,0,2.0,154,medium,Electronics
C01856,price_sensitive,Lahore,Punjab,2025-05-13,2025-04-10,2025-10-25,67.0,5,7,19.0,676430.85,59295.025633,617140.0599999999,88162.86571428571,2.7142857142857144,0.08765866552804326,0.0,617140.0599999999,0.0,0,1.4,345,medium,Electronics
C01857,regular,Lahore,Punjab,2025-12-14,2025-01-18,2025-12-31,0.0,3,4,8.0,47351.4,826.076585,46526.72,11631.68,2.0,0.017445663380596985,7800.44,38726.28,0.16765505928636276,1,1.3333333333333333,541,medium,Fashion
C01858,regular,Islamabad,ICT,2025-04-19,2025-07-18,2025-12-19,12.0,3,3,8.0,65229.130000000005,571.376907,64658.12,21552.70666666667,2.6666666666666665,0.008759535915932037,0.0,64658.12,0.0,0,1.0,522,medium,Electronics
C01859,regular,Islamabad,ICT,2025-03-24,2025-07-12,2025-12-01,30.0,4,4,10.0,63557.5,1124.908939,62432.579999999994,15608.144999999999,2.5,0.017699074680407503,0.0,62432.579999999994,0.0,0,1.0,422,medium,Attach & Addons
C01860,loyal,Islamabad,ICT,2025-03-10,2025-04-06,2025-11-29,32.0,6,9,30.0,850618.97,40493.013095999995,810128.58,90014.28666666667,3.3333333333333335,0.04760417357727161,8505.36,801623.22,0.01049877786066997,0,1.5,455,medium,Electronics
C01861,loyal,Karachi,Sindh,2025-05-20,2025-01-07,2025-12-11,20.0,8,11,33.0,236924.74,4719.1132,232204.3,21109.481818181815,3.0,0.01991819511968231,2122.1,230082.19999999998,0.009138934980962885,0,1.375,443,medium,Fashion
C01862,price_sensitive,Lahore,Punjab,2025-11-08,2025-04-11,2025-07-25,159.0,3,5,19.0,410419.98,19382.761273,391045.29000000004,78209.058,3.8,0.047226651278039634,0.0,391045.29000000004,0.0,0,1.6666666666666667,154,medium,Electronics
C01863,one_time,Lahore,Punjab,2025-06-02,2025-02-15,2025-08-20,133.0,2,2,8.0,42019.31,573.427043,41445.53,20722.765,4.0,0.013646750577294108,0.0,41445.53,0.0,0,1.0,121,medium,Fashion
C01864,one_time,Lahore,Punjab,2025-11-15,2025-03-13,2025-11-07,54.0,4,5,12.0,309202.3,12986.631823,296216.62,59243.324,2.4,0.04200043732857097,8462.5,287754.12,0.028568619816133206,0,1.25,343,medium,Electronics
C01865,loyal,Lahore,Punjab,2025-12-10,2025-02-10,2025-12-11,20.0,9,10,35.0,912126.69,46300.53761099999,865827.37,86582.737,3.5,0.05076108189641945,5951.16,859876.21,0.0068733793897044395,0,1.1111111111111112,435,medium,Electronics
C01866,regular,Lahore,Punjab,2025-11-07,2025-01-09,2025-09-30,92.0,4,4,11.0,71908.75,2534.708817,69375.29,17343.8225,2.75,0.03524896228901212,0.0,69375.29,0.0,0,1.0,222,medium,Fashion
C01867,price_sensitive,Lahore,Punjab,2025-02-24,2025-03-22,2025-12-14,17.0,4,5,10.0,339771.21,28338.740037,311438.80000000005,62287.76000000001,2.0,0.08340535985082431,3351.76,308087.04000000004,0.010762178636701656,0,1.25,444,medium,Electronics
C01868,regular,Islamabad,ICT,2025-02-05,2025-01-22,2025-12-05,26.0,5,5,18.0,846986.46,19628.646483999997,827344.4199999999,165468.884,3.6,0.023174687448958745,0.0,827344.4199999999,0.0,0,1.0,425,medium,Electronics
C01869,high_return,Islamabad,ICT,2025-06-26,2025-02-02,2025-12-30,1.0,5,7,14.0,565413.89,9542.552755,555857.85,79408.26428571428,2.0,0.016877110597689773,0.0,555857.85,0.0,0,1.4,545,medium,Electronics
C01870,one_time,Karachi,Sindh,2025-10-22,2025-05-18,2025-05-18,227.0,1,1,3.0,8775.35,129.68402500000002,8645.5,8645.5,3.0,0.014778216823260613,0.0,8645.5,0.0,0,1.0,121,medium,Fashion
C01871,price_sensitive,Islamabad,ICT,2025-08-01,2025-01-24,2025-12-02,29.0,4,5,9.0,116361.71,7664.5070160000005,108699.09,21739.818,1.8,0.06586794759203865,0.0,108699.09,0.0,0,1.25,442,medium,Attach & Addons
C01872,regular,Islamabad,ICT,2025-01-06,2025-02-03,2025-10-17,75.0,4,4,9.0,148134.37,4551.571026,143582.04,35895.51,2.25,0.030725962016782463,0.0,143582.04,0.0,0,1.0,222,medium,Electronics
C01873,one_time,Lahore,Punjab,2025-02-04,2025-03-09,2025-03-09,297.0,1,1,2.0,29625.2,25.690676,29600.08,29600.08,2.0,0.0008671899598990049,0.0,29600.08,0.0,0,1.0,121,medium,Attach & Addons
C01874,one_time,Karachi,Sindh,2025-04-28,2025-03-14,2025-08-20,133.0,2,2,6.0,138304.96,1391.9853010000002,136907.1,68453.55,3.0,0.010064608680700969,0.0,136907.1,0.0,0,1.0,122,medium,Electronics
C01875,regular,Lahore,Punjab,2025-03-28,2025-07-19,2025-11-27,34.0,4,5,17.0,344183.74,2470.728352,341713.07,68342.614,3.4,0.007178515614944507,0.0,341713.07,0.0,0,1.25,444,medium,Electronics
C01876,regular,Karachi,Sindh,2025-11-09,2025-05-07,2025-10-31,61.0,2,2,5.0,54224.68,18.840318,54206.03,27103.015,2.5,0.0003474491320188519,0.0,54206.03,0.0,0,1.0,322,medium,Electronics
C01877,loyal,Islamabad,ICT,2025-10-12,2025-01-29,2025-11-01,60.0,6,7,16.0,227454.01,3467.028574,223986.61000000002,31998.087142857144,2.2857142857142856,0.015242767423621153,106824.54,117162.07000000002,0.47692377682755227,1,1.1666666666666667,332,medium,Electronics
C01878,one_time,Islamabad,ICT,2025-03-28,2025-05-27,2025-05-27,218.0,1,1,4.0,38730.729999999996,24.3852,38706.37,38706.37,4.0,0.0006296085821258727,0.0,38706.37,0.0,0,1.0,121,medium,Electronics
C01879,price_sensitive,Lahore,Punjab,2025-02-15,2025-01-02,2025-12-13,18.0,7,8,24.0,198403.87,21244.095221,177159.33000000002,22144.916250000002,3.0,0.10707500423756855,6688.11,170471.22000000003,0.03775194905060884,0,1.1428571428571428,433,medium,Attach & Addons
C01880,one_time,Lahore,Punjab,2025-04-22,2025-04-21,2025-12-11,20.0,4,4,5.0,237259.58,13319.356504,223933.85,55983.4625,1.25,0.056138329605068,0.0,223933.85,0.0,0,1.0,423,medium,Electronics
C01881,loyal,Lahore,Punjab,2025-09-04,2025-02-25,2025-11-16,45.0,5,6,17.0,298242.75,16290.777950000002,281944.68,46990.78,2.8333333333333335,0.054622544722378,0.0,281944.68,0.0,0,1.2,333,medium,Electronics
C01882,loyal,Islamabad,ICT,2025-05-14,2025-02-18,2025-06-22,192.0,4,6,20.0,669207.83,44867.864305,624341.32,104056.88666666666,3.3333333333333335,0.06704623331290073,0.0,624341.32,0.0,0,1.5,155,medium,Electronics
C01883,regular,Islamabad,ICT,2025-04-04,2025-02-06,2025-11-06,55.0,5,5,15.0,427842.17000000004,9457.076771,418384.14999999997,83676.82999999999,3.0,0.022104124918308075,0.0,418384.14999999997,0.0,0,1.0,324,medium,Electronics
C01884,price_sensitive,Islamabad,ICT,2025-10-16,2025-06-03,2025-12-05,26.0,3,3,4.0,100516.81,5788.759988999999,94730.35,31576.783333333336,1.3333333333333333,0.05758996917033081,82337.02,12393.330000000002,0.8691725513523385,1,1.0,421,medium,Electronics
C01885,one_time,Karachi,Sindh,2025-05-06,2025-10-02,2025-12-28,3.0,2,2,6.0,55530.18,1553.75397,53975.78999999999,26987.894999999997,3.0,0.027980351765472398,0.0,53975.78999999999,0.0,0,1.0,522,medium,Electronics
C01886,price_sensitive,Lahore,Punjab,2025-05-02,2025-01-07,2025-12-27,4.0,6,7,22.0,916794.5099999999,86461.357974,830350.87,118621.55285714286,3.142857142857143,0.09430832867225612,2077.74,828273.13,0.0025022434190982417,0,1.1666666666666667,535,medium,Electronics
C01887,one_time,Karachi,Sindh,2025-04-25,2025-10-02,2025-10-02,90.0,1,1,2.0,10729.42,59.990326,10669.359999999999,10669.359999999999,2.0,0.0055911993378952455,0.0,10669.359999999999,0.0,0,1.0,221,medium,Electronics
C01888,price_sensitive,Islamabad,ICT,2025-07-20,2025-02-16,2025-10-28,64.0,3,4,12.0,341129.8,20871.479425,320267.45,80066.8625,3.0,0.06118339536739388,0.0,320267.45,0.0,0,1.3333333333333333,344,medium,Electronics
C01889,price_sensitive,Islamabad,ICT,2025-01-11,2025-01-29,2025-12-17,14.0,4,5,16.0,611794.4400000001,34361.814405,577447.28,115489.456,3.2,0.05616562060452853,0.0,577447.28,0.0,0,1.25,545,medium,Electronics
C01890,price_sensitive,Karachi,Sindh,2025-09-04,2025-03-17,2025-11-11,50.0,4,4,8.0,248199.89999999997,28244.513856999998,219960.50000000003,54990.12500000001,2.0,0.11379744253321618,0.0,219960.50000000003,0.0,0,1.0,323,medium,Electronics
C01891,price_sensitive,Lahore,Punjab,2025-05-07,2025-05-07,2025-09-26,96.0,2,3,7.0,228333.86,9243.689327,219087.68,73029.22666666667,2.3333333333333335,0.04048321754381939,0.0,219087.68,0.0,0,1.5,253,medium,Electronics
C01892,price_sensitive,Lahore,Punjab,2025-06-01,2025-01-07,2025-12-30,1.0,4,6,16.0,348286.49,28286.837532,320007.23,53334.53833333333,2.6666666666666665,0.0812171541078151,0.0,320007.23,0.0,0,1.5,554,medium,Electronics
C01893,high_return,Islamabad,ICT,2025-05-17,2025-05-02,2025-11-25,36.0,3,3,9.0,51892.130000000005,628.257091,51263.93,17087.976666666666,3.0,0.012106982137753835,0.0,51263.93,0.0,0,1.0,321,medium,Fashion
C01894,one_time,Islamabad,ICT,2025-01-19,2025-09-16,2025-09-16,106.0,1,1,1.0,5378.16,103.798488,5274.14,5274.14,1.0,0.0193,0.0,5274.14,0.0,0,1.0,221,medium,Fashion
C01895,regular,Islamabad,ICT,2025-06-24,2025-01-27,2025-11-08,53.0,4,4,10.0,478339.08999999997,3726.237895,474617.01,118654.2525,2.5,0.0077899506289565434,0.0,474617.01,0.0,0,1.0,324,medium,Electronics
C01896,regular,Lahore,Punjab,2025-12-20,2025-05-16,2025-08-27,126.0,2,3,10.0,434403.83999999997,7554.357939999999,426848.30000000005,142282.7666666667,3.3333333333333335,0.01739017302425319,0.0,426848.30000000005,0.0,0,1.5,254,medium,Electronics
C01897,one_time,Karachi,Sindh,2025-09-03,,,,0,0,0.0,0.0,0.0,0.0,0.0,0.0,0.0,0.0,0.0,0.0,0,0.0,111,unknown,
C01898,high_return,Islamabad,ICT,2025-04-03,2025-01-16,2025-11-07,54.0,6,6,17.0,129784.64,4147.262184,125637.04,20939.506666666664,2.8333333333333335,0.03195495386819273,0.0,125637.04,0.0,0,1.0,322,medium,Fashion
C01899,one_time,Islamabad,ICT,2025-07-24,2025-06-13,2025-06-13,201.0,1,1,5.0,48991.350000000006,2966.1383610000003,46026.1,46026.1,5.0,0.060544123830023056,0.0,46026.1,0.0,0,1.0,121,medium,Electronics
C01900,regular,Karachi,Sindh,2025-09-02,2025-04-23,2025-12-24,7.0,6,7,13.0,209372.52,1392.304746,207978.14,29711.16285714286,1.8571428571428572,0.006649892478726435,0.0,207978.14,0.0,0,1.1666666666666667,533,medium,Electronics
C01901,loyal,Lahore,Punjab,2025-10-22,2025-02-01,2025-12-31,0.0,5,12,45.0,1770641.54,103170.18812199999,1667473.84,138956.15333333335,3.75,0.058267122842944254,2942.45,1664531.3900000001,0.0017646153897083025,0,2.4,555,low,Electronics
C01902,price_sensitive,Islamabad,ICT,2025-10-09,2025-05-04,2025-09-19,103.0,3,4,7.0,109992.54,8938.348779,101054.64,25263.66,1.75,0.08126322729705124,0.0,101054.64,0.0,0,1.3333333333333333,242,medium,Electronics
C01903,one_time,Lahore,Punjab,2025-09-26,2025-01-16,2025-08-18,135.0,5,5,20.0,370211.14999999997,10738.371696,359472.52999999997,71894.506,4.0,0.029006073145014678,0.0,359472.52999999997,0.0,0,1.0,124,medium,Electronics
C01904,one_time,Islamabad,ICT,2025-11-01,2025-05-03,2025-11-18,43.0,2,3,12.0,559450.65,1807.9065229999997,557643.95,185881.31666666665,4.0,0.0032315746223549827,0.0,557643.95,0.0,0,1.5,355,medium,Electronics
C01905,regular,Lahore,Punjab,2025-11-10,2025-02-28,2025-10-31,61.0,3,4,10.0,79401.47,3327.3927129999997,76074.5,19018.625,2.5,0.0419059333914095,0.0,76074.5,0.0,0,1.3333333333333333,342,medium,Electronics
C01906,one_time,Karachi,Sindh,2025-11-05,2025-01-17,2025-08-26,127.0,4,4,6.0,61783.72,2264.996263,59517.78,14879.445,1.5,0.03666008234855395,13654.81,45862.97,0.2294240477383397,1,1.0,221,medium,Fashion
C01907,regular,Islamabad,ICT,2025-03-03,2025-01-12,2025-12-06,25.0,7,8,23.0,516622.01,13802.608634,502814.16000000003,62851.770000000004,2.875,0.026717035602102975,0.0,502814.16000000003,0.0,0,1.1428571428571428,434,medium,Electronics
C01908,regular,Islamabad,ICT,2025-01-25,2025-01-22,2025-11-18,43.0,3,3,9.0,252613.17,16845.185986,235760.46,78586.81999999999,3.0,0.06668372035393087,0.0,235760.46,0.0,0,1.0,323,medium,Electronics
C01909,regular,Islamabad,ICT,2025-07-26,2025-01-25,2025-11-26,35.0,4,4,8.0,246004.61000000002,4339.598283,241664.94,60416.235,2.0,0.017640312850234798,2984.93,238680.01,0.012351522732258969,0,1.0,423,medium,Electronics
C01910,regular,Islamabad,ICT,2025-10-09,2025-01-22,2025-11-16,45.0,4,4,5.0,271418.57,6792.763176,264628.77999999997,66157.19499999999,1.25,0.02502689177089099,5780.94,258847.83999999997,0.02184546971799515,0,1.0,323,medium,Electronics
C01911,price_sensitive,Islamabad,ICT,2025-01-25,2025-06-10,2025-12-19,12.0,4,7,21.0,1218324.6300000001,129159.976607,1089176.4100000001,155596.63000000003,3.0,0.10601441801845539,8544.75,1080631.6600000001,0.007845147876458323,0,1.75,555,medium,Electronics
C01912,regular,Karachi,Sindh,2025-03-14,2025-02-23,2025-12-22,9.0,4,4,12.0,305923.95,454.050549,305476.39,76369.0975,3.0,0.0014841941894382573,7927.67,297548.72000000003,0.025951825605900345,0,1.0,523,medium,Electronics
C01913,one_time,Islamabad,ICT,2025-11-17,2025-09-25,2025-12-27,4.0,2,3,5.0,226938.36000000002,3671.512607,223267.72,74422.57333333333,1.6666666666666667,0.016178457476294445,0.0,223267.72,0.0,0,1.5,553,medium,Electronics
C01914,one_time,Islamabad,ICT,2025-03-27,2025-03-14,2025-11-29,32.0,5,7,13.0,328846.68,3559.2720849999996,325286.47,46469.49571428571,1.8571428571428572,0.010823500133861774,248473.29,76813.17999999996,0.7638598986302751,1,1.4,442,medium,Electronics
C01915,regular,Lahore,Punjab,2025-12-30,2025-11-04,2025-11-04,57.0,1,1,2.0,99840.07,2735.9945589999998,97102.92,97102.92,2.0,0.027403772443268515,0.0,97102.92,0.0,0,1.0,322,medium,Electronics
C01916,price_sensitive,Islamabad,ICT,2025-08-21,2025-01-30,2025-12-10,21.0,5,5,16.0,609983.9199999999,52336.909766,557654.8,111530.96,3.2,0.08580047448791765,6170.98,551483.8200000001,0.011065949759600381,0,1.0,425,medium,Electronics
C01917,one_time,Lahore,Punjab,2025-12-05,2025-01-15,2025-04-09,266.0,3,3,12.0,324762.33999999997,1655.10518,323103.72000000003,107701.24,4.0,0.005096358093737101,8304.85,314798.87000000005,0.02570335618543791,0,1.0,124,medium,Electronics
C01918,regular,Karachi,Sindh,2025-09-28,2025-02-01,2025-05-08,237.0,3,3,11.0,961848.41,89016.612248,872835.74,290945.24666666664,3.6666666666666665,0.09254744440238769,0.0,872835.74,0.0,0,1.0,125,medium,Electronics
C01919,one_time,Lahore,Punjab,2025-06-30,2025-06-03,2025-11-30,31.0,3,4,13.0,165367.16999999998,2031.543575,163338.47,40834.6175,3.25,0.012285047721382667,1835.6,161502.87,0.011238013922868263,0,1.3333333333333333,443,medium,Electronics
C01920,one_time,Lahore,Punjab,2025-02-26,2025-01-18,2025-10-27,65.0,2,3,7.0,40009.15,665.169288,39343.64,13114.546666666667,2.3333333333333335,0.016625429133085807,0.0,39343.64,0.0,0,1.5,351,medium,Fashion
C01921,regular,Karachi,Sindh,2025-02-17,2025-02-11,2025-12-14,17.0,5,7,14.0,318099.8,11924.550626,306165.89,43737.98428571429,2.0,0.03748682214198186,0.0,306165.89,0.0,0,1.4,444,medium,Electronics
C01922,price_sensitive,Karachi,Sindh,2025-05-16,2025-03-11,2025-11-07,54.0,4,4,12.0,341447.55,35657.686875,305792.54000000004,76448.13500000001,3.0,0.10443093492690166,8200.4,297592.14,0.026816873949900802,0,1.0,323,medium,Electronics
C01923,regular,Lahore,Punjab,2025-07-23,2025-03-20,2025-12-02,29.0,4,4,13.0,398276.22,9881.33698,388390.22,97097.555,3.25,0.02481026102939312,0.0,388390.22,0.0,0,1.0,424,medium,Electronics
C01924,price_sensitive,Lahore,Punjab,2025-12-26,2025-06-04,2025-06-27,187.0,1,2,4.0,328478.72000000003,22863.458614000003,305609.1,152804.55,2.0,0.06960407850468975,0.0,305609.1,0.0,0,2.0,154,medium,Electronics
C01925,regular,Karachi,Sindh,2025-08-08,2025-01-06,2025-10-05,87.0,3,3,7.0,38692.83,618.071151,38074.52,12691.506666666666,2.3333333333333335,0.015973790260366067,0.0,38074.52,0.0,0,1.0,221,medium,Fashion
C01926,one_time,Karachi,Sindh,2025-02-18,2025-08-22,2025-10-15,77.0,2,2,7.0,289404.83999999997,3068.906053,286341.33,143170.665,3.5,0.010604197403885853,0.0,286341.33,0.0,0,1.0,223,medium,Electronics
C01927,loyal,Karachi,Sindh,2025-11-18,2025-01-03,2025-12-31,0.0,6,9,33.0,636315.16,43901.618095,592402.83,65822.53666666667,3.6666666666666665,0.0689935127351044,0.0,592402.83,0.0,0,1.5,555,medium,Electronics
C01928,one_time,Karachi,Sindh,2025-12-01,,,,0,0,0.0,0.0,0.0,0.0,0.0,0.0,0.0,0.0,0.0,0.0,0,0.0,111,unknown,
C01929,price_sensitive,Karachi,Sindh,2025-08-09,2025-02-22,2025-12-23,8.0,5,5,13.0,483816.94,38291.810026,445525.25,89105.05,2.6,0.07914524453401735,0.0,445525.25,0.0,0,1.0,524,medium,Electronics
C01930,one_time,Lahore,Punjab,2025-08-09,2025-05-18,2025-09-20,102.0,2,2,5.0,24059.75,226.651975,23833.07,11916.535,2.5,0.00942037947193965,0.0,23833.07,0.0,0,1.0,221,medium,Fashion
C01931,one_time,Karachi,Sindh,2025-01-03,2025-07-14,2025-07-14,170.0,1,1,1.0,24705.86,410.117276,24296.75,24296.75,1.0,0.0166,0.0,24296.75,0.0,0,1.0,121,medium,Electronics
C01932,one_time,Islamabad,ICT,2025-11-16,2025-03-02,2025-11-02,59.0,2,2,7.0,76771.04,2612.6639139999997,74159.32999999999,37079.66499999999,3.5,0.034031894240328125,0.0,74159.32999999999,0.0,0,1.0,322,medium,Electronics
C01933,high_return,Islamabad,ICT,2025-03-03,2025-01-09,2025-11-13,48.0,6,6,14.0,371840.81,2935.576944,368906.46,61484.41,2.3333333333333335,0.007894714256888586,222764.44,146142.02000000002,0.6038507430853881,1,1.0,322,medium,Electronics
C01934,one_time,Islamabad,ICT,2025-03-01,2025-09-10,2025-09-10,112.0,1,1,8.0,88001.24,4915.811047,83083.5,83083.5,8.0,0.05586070204238031,0.0,83083.5,0.0,0,1.0,222,medium,Attach & Addons
C01935,regular,Islamabad,ICT,2025-05-02,2025-02-24,2025-04-04,271.0,3,3,7.0,115713.79999999999,1795.707989,113919.35999999999,37973.119999999995,2.3333333333333335,0.015518529241974598,0.0,113919.35999999999,0.0,0,1.0,122,medium,Electronics
C01936,one_time,Karachi,Sindh,2025-04-06,2025-02-16,2025-11-19,42.0,5,5,12.0,625183.13,33311.07634,591858.69,118371.73799999998,2.4,0.05328211005949569,0.0,591858.69,0.0,0,1.0,325,medium,Electronics
C01937,loyal,Islamabad,ICT,2025-08-23,2025-01-15,2025-12-26,5.0,6,8,25.0,366766.37,8320.160599,358445.51,44805.68875,3.125,0.022685178575669304,0.0,358445.51,0.0,0,1.3333333333333333,544,medium,Electronics
C01938,regular,Lahore,Punjab,2025-09-13,2025-06-23,2025-11-27,34.0,2,3,7.0,24511.27,405.985379,24105.27,8035.09,2.3333333333333335,0.016563212718068057,0.0,24105.27,0.0,0,1.5,451,medium,Fashion
C01939,one_time,Islamabad,ICT,2025-12-14,2025-01-19,2025-08-16,137.0,3,3,7.0,257204.29,59.669835,257145.0,85715.0,2.3333333333333335,0.0002319939336937187,3158.79,253986.21,0.01228408096599195,0,1.0,123,medium,Electronics
C01940,high_return,Karachi,Sindh,2025-11-13,2025-02-13,2025-11-13,48.0,5,7,16.0,1045015.33,47453.816957,997569.6,142509.94285714286,2.2857142857142856,0.04540968500146309,208720.87,788848.73,0.2092293810877958,1,1.4,345,medium,Electronics
C01941,loyal,Islamabad,ICT,2025-02-17,2025-03-23,2025-06-23,191.0,3,4,16.0,272627.51,12862.109418,259761.5,64940.375,4.0,0.04717832554022153,0.0,259761.5,0.0,0,1.3333333333333333,143,medium,Electronics
C01942,loyal,Lahore,Punjab,2025-05-16,2025-01-25,2025-12-26,5.0,9,13,40.0,1223853.6,45875.798371,1177984.33,90614.17923076924,3.076923076923077,0.03748471089270808,0.0,1177984.33,0.0,0,1.4444444444444444,555,medium,Electronics
C01943,one_time,Karachi,Sindh,2025-11-10,2025-02-03,2025-07-28,156.0,2,3,7.0,70551.78,485.05889599999995,70066.03,23355.343333333334,2.3333333333333335,0.006875218399875949,0.0,70066.03,0.0,0,1.5,152,medium,Attach & Addons
C01944,regular,Karachi,Sindh,2025-11-14,2025-02-01,2025-09-01,121.0,2,2,5.0,239730.66,15632.01445,224093.94999999998,112046.97499999999,2.5,0.06520657161666348,0.0,224093.94999999998,0.0,0,1.0,223,medium,Electronics
C01945,regular,Karachi,Sindh,2025-11-10,2025-01-31,2025-09-18,104.0,3,3,4.0,46922.08,2363.188162,44557.69,14852.563333333334,1.3333333333333333,0.05036409643391768,0.0,44557.69,0.0,0,1.0,221,medium,Electronics
C01946,regular,Islamabad,ICT,2025-12-21,2025-02-02,2025-11-10,51.0,3,3,7.0,626062.63,3059.5174960000004,623009.28,207669.76,2.3333333333333335,0.004886919214456229,195827.28,427182.0,0.3143248203301241,1,1.0,324,medium,Electronics
C01947,regular,Islamabad,ICT,2025-07-11,2025-02-16,2025-11-15,46.0,6,8,17.0,259220.8,10185.615171,249033.62,31129.2025,2.125,0.039293201668230325,0.0,249033.62,0.0,0,1.3333333333333333,343,medium,Electronics
C01948,regular,Karachi,Sindh,2025-02-28,2025-01-27,2025-09-19,103.0,5,6,20.0,372158.46,13498.805897,358661.63,59776.93833333333,3.3333333333333335,0.03627166206835658,0.0,358661.63,0.0,0,1.2,234,medium,Electronics
C01949,price_sensitive,Islamabad,ICT,2025-09-22,2025-07-05,2025-07-06,178.0,1,2,6.0,61361.89,11000.362525999999,50361.28,25180.64,3.0,0.179270268989433,0.0,50361.28,0.0,0,2.0,151,medium,Electronics
C01950,one_time,Lahore,Punjab,2025-08-03,2025-06-14,2025-12-28,3.0,3,4,12.0,343424.02999999997,23511.421506,319926.24,79981.56,3.0,0.06846178325378105,6642.34,313283.89999999997,0.020762098163626716,0,1.3333333333333333,544,medium,Electronics
C01951,high_return,Karachi,Sindh,2025-10-04,2025-03-06,2025-12-30,1.0,4,4,13.0,224566.54,14463.122110999999,210105.92,52526.48,3.25,0.06440461749555387,0.0,210105.92,0.0,0,1.0,523,medium,Electronics
C01952,high_return,Lahore,Punjab,2025-10-19,2025-04-09,2025-08-17,136.0,2,2,8.0,592965.74,13667.774454,579297.42,289648.71,4.0,0.02304985521423211,0.0,579297.42,0.0,0,1.0,125,medium,Electronics
C01953,regular,Lahore,Punjab,2025-09-02,2025-02-19,2025-11-02,59.0,4,4,9.0,90587.53,1723.761747,88864.21,22216.0525,2.25,0.01902868691750399,15374.29,73489.92000000001,0.1730087962296632,1,1.0,322,medium,Fashion
C01954,high_return,Islamabad,ICT,2025-11-28,2025-04-17,2025-12-23,8.0,4,7,16.0,573388.19,12624.622096,560771.99,80110.28428571428,2.2857142857142856,0.022017583054858524,8068.91,552703.08,0.014388931943622934,0,1.75,555,medium,Electronics
C01955,one_time,Islamabad,ICT,2025-09-26,,,,0,0,0.0,0.0,0.0,0.0,0.0,0.0,0.0,0.0,0.0,0.0,0,0.0,111,unknown,
C01956,regular,Karachi,Sindh,2025-01-16,2025-06-24,2025-10-03,89.0,4,5,11.0,404922.64,3246.473923,401676.13,80335.226,2.2,0.008017516439683393,0.0,401676.13,0.0,0,1.25,244,medium,Electronics
C01957,price_sensitive,Lahore,Punjab,2025-02-28,2025-11-10,2025-11-10,51.0,1,1,2.0,19181.82,1087.12042,18094.05,18094.05,2.0,0.05667451889341053,0.0,18094.05,0.0,0,1.0,321,medium,Fashion
C01958,price_sensitive,Islamabad,ICT,2025-08-25,2025-03-15,2025-12-20,11.0,3,4,10.0,152665.81,11494.95154,141170.59999999998,35292.649999999994,2.5,0.07529486490786641,89401.91,51768.68999999997,0.6332898634701561,1,1.3333333333333333,541,medium,Electronics
C01959,price_sensitive,Lahore,Punjab,2025-04-04,2025-01-08,2025-11-11,50.0,5,6,17.0,754874.46,50356.849837,704509.96,117418.32666666666,2.8333333333333335,0.06670890658693103,1403.36,703106.6,0.0019919661604216356,0,1.2,335,medium,Electronics
C01960,regular,Islamabad,ICT,2025-05-18,2025-05-23,2025-12-30,1.0,4,5,11.0,333533.44,31199.098966,302340.31,60468.062,2.2,0.09354114227946679,33516.18,268824.13,0.11085581012998234,1,1.25,543,medium,Electronics
C01961,one_time,Lahore,Punjab,2025-07-26,2025-01-21,2025-07-24,160.0,3,4,8.0,280047.32,15589.272274,264451.12,66112.78,2.0,0.05566656475769881,4214.42,260236.69999999998,0.01593648005725973,0,1.3333333333333333,143,medium,Electronics
C01962,one_time,Karachi,Sindh,2025-08-06,2025-04-22,2025-09-26,96.0,3,3,6.0,33211.04,290.135078,32920.26,10973.42,2.0,0.008736103355992465,0.0,32920.26,0.0,0,1.0,221,medium,Attach & Addons
C01963,regular,Islamabad,ICT,2025-12-12,2025-01-05,2025-05-18,227.0,2,3,9.0,79199.12999999999,219.679837,78979.77,26326.59,3.0,0.0027737657850534472,0.0,78979.77,0.0,0,1.5,152,medium,Fashion
C01964,one_time,Karachi,Sindh,2025-11-14,2025-04-22,2025-11-18,43.0,4,4,13.0,319934.02999999997,32406.807489,287530.43,71882.6075,3.25,0.10129215541403958,0.0,287530.43,0.0,0,1.0,323,medium,Electronics
C01965,regular,Lahore,Punjab,2025-03-03,2025-02-02,2025-10-20,72.0,6,7,24.0,355105.1,22118.648935,332984.6,47569.22857142857,3.4285714285714284,0.062287612695509025,3293.92,329690.68,0.009892109124566123,0,1.1666666666666667,234,medium,Electronics
C01966,regular,Lahore,Punjab,2025-08-27,2025-03-13,2025-04-05,270.0,2,2,9.0,54744.05,1343.6705789999999,53399.7,26699.85,4.5,0.024544595787122068,0.0,53399.7,0.0,0,1.0,122,medium,Attach & Addons
C01967,high_return,Karachi,Sindh,2025-08-10,2025-06-04,2025-09-12,110.0,3,3,6.0,31668.11,180.522445,31487.21,10495.736666666666,2.0,0.005700448969010149,0.0,31487.21,0.0,0,1.0,221,medium,Attach & Addons
C01968,price_sensitive,Lahore,Punjab,2025-06-22,2025-01-03,2025-12-31,0.0,6,6,17.0,823209.03,41479.082798,781733.59,130288.93166666666,2.8333333333333335,0.05038706001317794,0.0,781733.59,0.0,0,1.0,525,medium,Electronics
C01969,regular,Islamabad,ICT,2025-04-20,2025-09-16,2025-09-16,106.0,1,1,1.0,11756.25,664.228125,11092.1,11092.1,1.0,0.056499999999999995,10100.93,991.1700000000001,0.9106418081337168,1,1.0,221,medium,Fashion
C01970,price_sensitive,Islamabad,ICT,2025-12-22,2025-01-02,2025-12-21,10.0,5,9,27.0,1093857.76,93536.017759,1000324.4999999999,111147.16666666666,3.0,0.08551022004817152,4603.76,995720.7399999999,0.004602266564499821,0,1.8,555,medium,Electronics
C01971,regular,Lahore,Punjab,2025-03-15,2025-01-31,2025-11-23,38.0,2,2,3.0,54637.56,3657.629951,50980.57,25490.285,1.5,0.06694350829356216,0.0,50980.57,0.0,0,1.0,321,medium,Electronics
C01972,regular,Lahore,Punjab,2025-07-26,2025-04-09,2025-04-09,266.0,1,1,3.0,44131.62,0.0,44131.62,44131.62,3.0,0.0,0.0,44131.62,0.0,0,1.0,121,medium,Attach & Addons
C01973,regular,Lahore,Punjab,2025-10-06,2025-02-18,2025-06-08,206.0,3,5,11.0,311552.4,14092.830363000003,297465.01,59493.002,2.2,0.045234221797039606,2958.72,294506.29000000004,0.00994644714684258,0,1.6666666666666667,153,medium,Electronics
C01974,regular,Lahore,Punjab,2025-12-06,2025-01-27,2025-12-28,3.0,6,6,16.0,93157.69,2484.086134,90674.76,15112.46,2.6666666666666665,0.026665389985518106,0.0,90674.76,0.0,0,1.0,522,medium,Fashion
C01975,regular,Islamabad,ICT,2025-12-06,2025-03-22,2025-10-10,82.0,4,4,12.0,502559.78,13241.06331,489321.33999999997,122330.33499999999,3.0,0.026347240342233513,0.0,489321.33999999997,0.0,0,1.0,224,medium,Electronics
C01976,one_time,Islamabad,ICT,2025-01-28,2025-08-27,2025-08-27,126.0,1,1,2.0,6996.24,28.118918999999998,6968.0599999999995,6968.0599999999995,2.0,0.004019147284827279,0.0,6968.0599999999995,0.0,0,1.0,221,medium,Fashion
C01977,price_sensitive,Lahore,Punjab,2025-06-14,2025-04-13,2025-12-29,2.0,6,11,26.0,1296621.43,100681.708088,1195931.8800000001,108721.08000000002,2.3636363636363638,0.07764927044896983,0.0,1195931.8800000001,0.0,0,1.8333333333333333,555,medium,Electronics
C01978,price_sensitive,Karachi,Sindh,2025-03-11,2025-05-09,2025-10-24,68.0,4,5,10.0,55464.53,6219.453625,49244.45,9848.89,2.0,0.11213389214692705,0.0,49244.45,0.0,0,1.25,241,medium,Fashion
C01979,one_time,Karachi,Sindh,2025-04-06,2025-01-29,2025-11-29,32.0,2,3,8.0,110820.79000000001,2505.140737,108315.03,36105.01,2.6666666666666665,0.022605331878612307,9370.16,98944.87,0.08650840054238086,0,1.5,452,medium,Electronics
C01980,price_sensitive,Islamabad,ICT,2025-01-05,2025-01-24,2025-12-08,23.0,6,7,22.0,250496.97,19210.137992,231286.35,33040.90714285714,3.142857142857143,0.07668810521740044,0.0,231286.35,0.0,0,1.1666666666666667,433,medium,Attach & Addons
C01981,high_return,Karachi,Sindh,2025-10-29,2025-02-13,2025-12-24,7.0,5,8,18.0,819164.22,12078.677727999999,807104.76,100888.095,2.25,0.014745123667632845,0.0,807104.76,0.0,0,1.6,555,medium,Electronics
C01982,regular,Lahore,Punjab,2025-08-05,2025-01-16,2025-06-01,213.0,2,3,7.0,88663.73999999999,4439.641449,84226.15,28075.38333333333,2.3333333333333335,0.05007279694044037,0.0,84226.15,0.0,0,1.5,152,medium,Electronics
C01983,regular,Karachi,Sindh,2025-07-06,2025-03-30,2025-12-26,5.0,4,4,12.0,96284.15,5645.743101,90638.43,22659.6075,3.0,0.058636266727181995,5168.29,85470.14,0.05702095678400432,0,1.0,522,medium,Fashion
C01984,one_time,Islamabad,ICT,2025-09-12,2025-01-22,2025-12-29,2.0,2,3,6.0,287360.44,26997.931836,260371.19,86790.39666666667,2.0,0.09395145635216873,0.0,260371.19,0.0,0,1.5,553,medium,Electronics
C01985,regular,Lahore,Punjab,2025-04-14,2025-01-06,2025-09-21,101.0,3,4,12.0,356879.88,4994.355703,351893.24,87973.31,3.0,0.013994500623010745,0.0,351893.24,0.0,0,1.3333333333333333,244,medium,Electronics
C01986,regular,Lahore,Punjab,2025-09-15,2025-02-14,2025-12-30,1.0,4,4,15.0,167099.99,10174.875771,156922.65,39230.6625,3.75,0.06089094183069671,0.0,156922.65,0.0,0,1.0,523,medium,Attach & Addons
C01987,regular,Islamabad,ICT,2025-07-01,2025-10-23,2025-12-14,17.0,2,2,4.0,16544.68,908.4970199999999,15636.239999999998,7818.119999999999,2.0,0.05491173114257875,0.0,15636.239999999998,0.0,0,1.0,421,medium,Electronics
C01988,regular,Karachi,Sindh,2025-02-07,2025-03-30,2025-10-28,64.0,3,3,8.0,271680.33999999997,3519.0723199999998,268166.39,89388.79666666668,2.6666666666666665,0.012952988501118631,0.0,268166.39,0.0,0,1.0,323,medium,Electronics
C01989,loyal,Islamabad,ICT,2025-10-03,2025-04-28,2025-10-28,64.0,5,5,18.0,527830.89,43990.323751,483833.63,96766.726,3.6,0.08334170012482597,0.0,483833.63,0.0,0,1.0,324,medium,Electronics
C01990,regular,Islamabad,ICT,2025-10-14,2025-01-27,2025-08-03,150.0,3,3,5.0,55152.26,3771.7899319999997,51378.78,17126.26,1.6666666666666667,0.0683886740452703,0.0,51378.78,0.0,0,1.0,121,medium,Electronics
C01991,regular,Karachi,Sindh,2025-03-02,2025-03-20,2025-12-03,28.0,2,2,8.0,59716.78,1491.739447,58225.159999999996,29112.579999999998,4.0,0.024980239172306344,0.0,58225.159999999996,0.0,0,1.0,422,medium,Fashion
C01992,regular,Lahore,Punjab,2025-12-31,2025-01-09,2025-12-21,10.0,7,8,29.0,1167350.9100000001,18210.90206,1149156.0,143644.5,3.625,0.01560019519751777,0.0,1149156.0,0.0,0,1.1428571428571428,535,medium,Electronics
C01993,one_time,Karachi,Sindh,2025-12-17,2025-01-17,2025-11-19,42.0,2,2,3.0,18169.54,43.915457,18125.27,9062.635,1.5,0.002416982323162832,0.0,18125.27,0.0,0,1.0,321,medium,Fashion
C01994,loyal,Karachi,Sindh,2025-09-10,2025-05-21,2025-10-11,81.0,4,6,22.0,716460.97,11372.396502,705090.4099999999,117515.06833333331,3.6666666666666665,0.015873016086277527,0.0,705090.4099999999,0.0,0,1.5,255,medium,Electronics
C01995,price_sensitive,Lahore,Punjab,2025-10-18,2025-01-02,2025-09-05,117.0,6,6,14.0,330977.5,35080.289602,295897.01,49316.168333333335,2.3333333333333335,0.10598995279739558,4504.77,291392.24,0.015224114633669331,0,1.0,223,medium,Electronics
C01996,loyal,Lahore,Punjab,2025-07-06,2025-05-07,2025-12-19,12.0,5,8,18.0,462541.83,14012.924749,448521.56,56065.195,2.25,0.03029547565243991,0.0,448521.56,0.0,0,1.6,554,medium,Electronics
C01997,regular,Islamabad,ICT,2025-10-31,2025-02-21,2025-11-25,36.0,4,6,13.0,837401.0900000001,7341.169719,830071.2999999999,138345.21666666665,2.1666666666666665,0.008766611133739985,0.0,830071.2999999999,0.0,0,1.5,355,medium,Electronics
C01998,price_sensitive,Karachi,Sindh,2025-03-27,2025-01-30,2025-12-17,14.0,5,5,8.0,36673.39,2855.834783,33817.46,6763.492,1.6,0.07787212425685217,2548.59,31268.87,0.07536314081542493,0,1.0,521,medium,Fashion
C01999,loyal,Lahore,Punjab,2025-04-24,2025-01-22,2025-11-04,57.0,3,3,12.0,158274.77,8933.846406,149342.19999999998,49780.73333333333,4.0,0.056445170673759315,0.0,149342.19999999998,0.0,0,1.0,322,medium,Electronics
C02000,regular,Karachi,Sindh,2025-12-22,2025-02-03,2025-12-22,9.0,5,6,18.0,1010597.26,1570.035382,1009026.76,168171.12666666668,3.0,0.0015535717779405023,0.0,1009026.76,0.0,0,1.2,535,medium,Electronics
C02001,loyal,Karachi,Sindh,2025-07-26,2025-03-02,2025-11-19,42.0,8,12,34.0,717379.71,29597.452251,687796.38,57316.365,2.8333333333333335,0.041257721452701804,7445.860000000001,680350.52,0.010825674889420035,0,1.5,355,medium,Electronics
C02002,one_time,Lahore,Punjab,2025-12-21,,,,0,0,0.0,0.0,0.0,0.0,0.0,0.0,0.0,0.0,0.0,0.0,0,0.0,111,unknown,
C02003,regular,Lahore,Punjab,2025-07-16,2025-04-21,2025-10-24,68.0,2,2,7.0,156499.66999999998,8308.194239,148193.19,74096.595,3.5,0.05308761506653657,11125.85,137067.34,0.07507666175483503,0,1.0,222,medium,Electronics
C02004,regular,Karachi,Sindh,2025-05-18,2025-02-03,2025-10-26,66.0,5,7,17.0,237072.47999999998,13415.540314000002,223662.53,31951.79,2.4285714285714284,0.056588349326754425,0.0,223662.53,0.0,0,1.4,343,medium,Electronics
C02005,one_time,Lahore,Punjab,2025-03-09,2025-01-15,2025-10-21,71.0,5,5,9.0,83199.62,1405.656533,81795.46999999999,16359.093999999997,1.8,0.01689498741700984,0.0,81795.46999999999,0.0,0,1.0,222,medium,Electronics
C02006,regular,Karachi,Sindh,2025-01-19,2025-04-03,2025-12-03,28.0,2,2,5.0,41511.43,2698.600035,38813.73,19406.865,2.5,0.06500860208862956,1904.57,36909.16,0.04906949164638389,0,1.0,421,medium,Electronics
C02007,one_time,Lahore,Punjab,2025-03-15,2025-05-24,2025-11-13,48.0,7,7,11.0,191767.54,1478.220269,190288.96000000002,27184.137142857147,1.5714285714285714,0.007708396681732476,13341.79,176947.17,0.07011331608517908,0,1.0,323,medium,Electronics
C02008,loyal,Islamabad,ICT,2025-06-02,2025-01-13,2025-11-01,60.0,6,7,18.0,376365.26,6425.7238019999995,369935.25,52847.892857142855,2.5714285714285716,0.017073105530515754,45251.5,324683.75,0.1223227578339723,1,1.1666666666666667,334,medium,Electronics
C02009,price_sensitive,Lahore,Punjab,2025-07-30,2025-08-31,2025-08-31,122.0,1,1,1.0,3632.17,140.928196,3491.22,3491.22,1.0,0.0388,0.0,3491.22,0.0,0,1.0,221,medium,Fashion
C02010,regular,Karachi,Sindh,2025-05-19,2025-07-08,2025-07-08,176.0,1,1,3.0,18826.78,108.949358,18718.059999999998,18718.059999999998,3.0,0.005786935312358248,4278.54,14439.519999999997,0.22857817530235508,1,1.0,121,medium,Fashion
C02011,regular,Lahore,Punjab,2025-07-02,2025-01-08,2025-12-21,10.0,3,3,9.0,278869.52999999997,540.892427,278329.83999999997,92776.61333333333,3.0,0.0019395895528636637,0.0,278329.83999999997,0.0,0,1.0,523,medium,Electronics
C02012,high_return,Karachi,Sindh,2025-07-10,2025-02-20,2025-11-23,38.0,6,10,26.0,416866.76999999996,3634.054503,413232.76,41323.276,2.6,0.008717544224021503,6402.43,406830.33,0.015493519923251002,0,1.6666666666666667,354,medium,Electronics
C02013,price_sensitive,Lahore,Punjab,2025-02-20,2025-07-09,2025-11-01,60.0,4,4,8.0,80765.42,5457.665169,75308.3,18827.075,2.0,0.06757428078749544,4764.9,70543.40000000001,0.06327191026752695,0,1.0,322,medium,Electronics
C02014,one_time,Karachi,Sindh,2025-02-19,2025-07-06,2025-08-01,152.0,2,2,8.0,455683.69999999995,5982.521212999999,449711.8,224855.9,4.0,0.01312867063930529,228349.38999999998,221362.41,0.5077682862668936,1,1.0,123,medium,Electronics
C02015,high_return,Karachi,Sindh,2025-04-23,2025-06-19,2025-10-19,73.0,4,4,9.0,188981.44,7803.832808,181178.79,45294.6975,2.25,0.04129417580901066,0.0,181178.79,0.0,0,1.0,223,medium,Electronics
C02016,one_time,Lahore,Punjab,2025-06-15,2025-05-02,2025-07-19,165.0,2,2,5.0,64461.590000000004,1047.383805,63415.72,31707.86,2.5,0.01624818446147543,0.0,63415.72,0.0,0,1.0,122,medium,Electronics
C02017,high_return,Karachi,Sindh,2025-07-22,2025-01-30,2025-11-05,56.0,6,7,16.0,706011.42,1322.590081,704688.26,100669.75142857143,2.2857142857142856,0.001873326752986517,4380.96,700307.3,0.0062168766654350106,0,1.1666666666666667,335,medium,Electronics
C02018,regular,Islamabad,ICT,2025-07-08,2025-01-08,2025-10-02,90.0,5,5,13.0,82768.26000000001,2938.277885,79829.25,15965.85,2.6,0.03550005624136595,10504.81,69324.44,0.13159098951825302,1,1.0,222,medium,Electronics
C02019,regular,Islamabad,ICT,2025-02-24,2025-01-22,2025-08-23,130.0,4,5,16.0,865051.42,12688.016332000001,852359.0700000001,170471.814,3.2,0.014667355071216462,0.0,852359.0700000001,0.0,0,1.25,245,medium,Electronics
C02020,regular,Lahore,Punjab,2025-03-16,2025-03-07,2025-12-18,13.0,5,7,23.0,964096.82,18005.165551,946076.23,135153.74714285714,3.2857142857142856,0.01867568192061872,0.0,946076.23,0.0,0,1.4,545,medium,Electronics
C02021,price_sensitive,Karachi,Sindh,2025-05-13,2025-01-25,2025-08-08,145.0,4,4,11.0,275636.71,33440.134138,242193.66999999998,60548.417499999996,2.75,0.12131959541238176,0.0,242193.66999999998,0.0,0,1.0,123,medium,Electronics
C02022,loyal,Karachi,Sindh,2025-02-28,2025-01-22,2025-09-08,114.0,5,5,15.0,500264.57000000007,29869.183568000004,470391.36,94078.272,3.0,0.059706773893661906,110761.22,359630.14,0.23546610209847393,1,1.0,224,medium,Electronics
C02023,regular,Karachi,Sindh,2025-07-01,2025-04-10,2025-11-20,41.0,5,7,14.0,1142933.02,37256.226856,1105684.3800000001,157954.91142857145,2.0,0.03259703430040021,5472.65,1100211.7300000002,0.004949558932902714,0,1.4,345,medium,Electronics
C02024,price_sensitive,Lahore,Punjab,2025-12-05,2025-01-05,2025-07-15,169.0,4,6,14.0,667394.5900000001,72741.02156800001,594655.14,99109.19,2.3333333333333335,0.1089925250487871,0.0,594655.14,0.0,0,1.5,155,medium,Electronics
C02025,regular,Lahore,Punjab,2025-11-23,2025-02-25,2025-12-28,3.0,4,4,11.0,83687.36,1106.900015,82580.05,20645.0125,2.75,0.013226609311131335,0.0,82580.05,0.0,0,1.0,522,medium,Electronics
C02026,high_return,Islamabad,ICT,2025-05-23,2025-09-02,2025-11-14,47.0,2,2,5.0,25326.48,731.781959,24594.43,12297.215,2.5,0.028893946533430623,0.0,24594.43,0.0,0,1.0,321,medium,Fashion
C02027,price_sensitive,Karachi,Sindh,2025-08-02,2025-03-31,2025-04-28,247.0,2,3,12.0,530981.52,82908.112363,448069.08999999997,149356.3633333333,4.0,0.15614123889471707,10508.54,437560.55,0.023452945616043278,0,1.5,154,medium,Electronics
C02028,high_return,Islamabad,ICT,2025-07-28,2025-01-07,2025-10-17,75.0,4,4,12.0,128897.4,1363.783418,127532.83,31883.2075,3.0,0.010580379573210941,30205.08,97327.75,0.23684160384428074,1,1.0,222,medium,Fashion
C02029,regular,Lahore,Punjab,2025-05-22,2025-02-06,2025-10-13,79.0,3,4,8.0,54580.81,666.641493,53914.45,13478.6125,2.0,0.012213843894951358,0.0,53914.45,0.0,0,1.3333333333333333,242,medium,Attach & Addons
C02030,loyal,Lahore,Punjab,2025-04-22,2025-01-24,2025-12-01,30.0,10,13,37.0,532383.79,41481.443232,490900.25000000006,37761.557692307695,2.8461538461538463,0.0779164279814004,0.0,490900.25000000006,0.0,0,1.3,444,medium,Electronics
C02031,loyal,Islamabad,ICT,2025-02-28,2025-01-17,2025-11-30,31.0,8,11,34.0,1258970.66,33940.582398,1225018.45,111365.31363636363,3.090909090909091,0.026958993943512553,4495.98,1220522.47,0.0036701324784128757,0,1.375,445,medium,Electronics
C02032,regular,Karachi,Sindh,2025-09-25,2025-04-13,2025-10-03,89.0,4,4,11.0,525843.1,6285.113862,519558.33999999997,129889.58499999999,2.75,0.011952450953525873,0.0,519558.33999999997,0.0,0,1.0,225,medium,Electronics
C02033,one_time,Karachi,Sindh,2025-01-20,2025-10-17,2025-10-17,75.0,1,1,1.0,10249.09,57.394904,10191.88,10191.88,1.0,0.0056,0.0,10191.88,0.0,0,1.0,221,medium,Electronics
C02034,regular,Karachi,Sindh,2025-05-11,2025-04-20,2025-12-23,8.0,4,4,19.0,552187.3200000001,25032.773164000002,527145.9,131786.475,4.75,0.045333842805372636,1642.6,525503.3,0.003116025373620472,0,1.0,525,medium,Electronics
C02035,high_return,Lahore,Punjab,2025-03-31,2025-01-08,2025-10-19,73.0,5,5,8.0,290140.21,9528.428254,280617.44,56123.488,1.6,0.032840771205066684,0.0,280617.44,0.0,0,1.0,223,medium,Electronics
C02036,one_time,Karachi,Sindh,2025-11-18,2025-03-26,2025-12-08,23.0,3,3,9.0,248659.72999999998,5598.4697160000005,243062.38,81020.79333333333,3.0,0.02251458133570724,0.0,243062.38,0.0,0,1.0,423,medium,Electronics
C02037,high_return,Karachi,Sindh,2025-08-18,2025-04-05,2025-11-09,52.0,4,6,15.0,207876.32,2552.316237,205323.66,34220.61,2.5,0.01227805185795092,0.0,205323.66,0.0,0,1.5,353,medium,Electronics
C02038,high_return,Islamabad,ICT,2025-01-26,2025-01-30,2025-11-20,41.0,5,5,16.0,145876.94,2143.56446,143731.66999999998,28746.333999999995,3.2,0.014694333867984893,22248.47,121483.19999999998,0.1547917031785688,1,1.0,322,medium,Attach & Addons
C02039,regular,Islamabad,ICT,2025-12-30,2025-01-01,2025-08-21,132.0,5,5,19.0,235998.6,5081.669095,230920.35,46184.07,3.8,0.021532623901158735,0.0,230920.35,0.0,0,1.0,123,medium,Electronics
C02040,one_time,Islamabad,ICT,2025-05-30,2025-01-02,2025-04-24,251.0,2,2,5.0,37578.01,2098.045966,35478.97,17739.485,2.5,0.055831747503393606,0.0,35478.97,0.0,0,1.0,121,medium,Electronics
C02041,regular,Islamabad,ICT,2025-01-29,2025-01-26,2025-12-21,10.0,5,6,14.0,692753.84,29050.631123,663710.14,110618.35666666667,2.3333333333333335,0.041934998329276676,0.0,663710.14,0.0,0,1.2,535,medium,Electronics
C02042,one_time,Lahore,Punjab,2025-07-28,2025-01-14,2025-07-26,158.0,2,2,6.0,239115.31000000003,4248.107978,234866.07,117433.035,3.0,0.017765938860209326,0.0,234866.07,0.0,0,1.0,123,medium,Electronics
C02043,high_return,Karachi,Sindh,2025-04-26,2025-04-12,2025-11-01,60.0,3,3,9.0,172802.27000000002,3619.4710529999998,169181.41,56393.80333333334,3.0,0.020945737882957206,0.0,169181.41,0.0,0,1.0,323,medium,Electronics
C02044,price_sensitive,Lahore,Punjab,2025-11-14,2025-05-03,2025-12-25,6.0,3,7,21.0,128910.04,9674.591757,119235.92,17033.702857142856,3.0,0.07504917194192168,0.0,119235.92,0.0,0,2.3333333333333335,552,low,Fashion
C02045,high_return,Karachi,Sindh,2025-02-14,2025-02-25,2025-04-30,245.0,2,2,8.0,93217.96,4049.427138,89167.34,44583.67,4.0,0.04344041789801021,22338.9,66828.44,0.2505278277898612,1,1.0,122,medium,Electronics
C02046,regular,Lahore,Punjab,2025-06-04,2025-01-09,2025-08-26,127.0,4,4,12.0,449751.65,6523.3518460000005,443219.5,110804.875,3.0,0.014504342220867895,1434.15,441785.35,0.003235755647032678,0,1.0,224,medium,Electronics
C02047,regular,Karachi,Sindh,2025-03-29,2025-02-09,2025-10-04,88.0,5,6,13.0,276033.16,6264.537146,269759.67,44959.945,2.1666666666666665,0.022694871681358864,6192.92,263566.75,0.022957175177445912,0,1.2,233,medium,Electronics
C02048,regular,Karachi,Sindh,2025-03-14,2025-02-02,2025-06-19,195.0,4,5,14.0,341361.31,45226.540205,296137.74,59227.547999999995,2.8,0.13248877034424317,5963.41,290174.33,0.020137284764853006,0,1.25,143,medium,Electronics
C02049,regular,Karachi,Sindh,2025-07-31,2025-01-21,2025-11-15,46.0,5,6,20.0,528442.64,4240.6636229999995,524209.54,87368.25666666667,3.3333333333333335,0.008024832407543796,0.0,524209.54,0.0,0,1.2,335,medium,Electronics
C02050,price_sensitive,Lahore,Punjab,2025-08-27,2025-01-07,2025-12-29,2.0,6,8,21.0,412158.11,38481.563365,373667.54,46708.4425,2.625,0.09336602248345909,0.0,373667.54,0.0,0,1.3333333333333333,544,medium,Electronics
C02051,high_return,Islamabad,ICT,2025-11-09,2025-01-04,2025-07-29,155.0,5,7,17.0,379261.23,18584.098598,360673.5,51524.78571428572,2.4285714285714284,0.04900078660294384,0.0,360673.5,0.0,0,1.4,144,medium,Electronics
C02052,one_time,Islamabad,ICT,2025-04-05,2025-03-23,2025-10-28,64.0,4,7,18.0,520898.54,22835.345597,498065.8,71152.25714285714,2.5714285714285716,0.04383837512195753,202241.96000000002,295823.83999999997,0.40605470200925264,1,1.75,353,medium,Electronics
C02053,regular,Lahore,Punjab,2025-10-03,2025-05-15,2025-11-11,50.0,4,4,10.0,107095.87000000001,2888.004938,104209.89,26052.4725,2.5,0.026966538840386654,17427.7,86782.19,0.16723652620686963,1,1.0,322,medium,Electronics
C02054,one_time,Karachi,Sindh,2025-11-05,2025-05-30,2025-12-30,1.0,2,2,3.0,15356.33,16.374498,15340.16,7670.08,1.5,0.0010663028210516445,0.0,15340.16,0.0,0,1.0,521,medium,Electronics
C02055,regular,Karachi,Sindh,2025-09-30,2025-02-24,2025-12-08,23.0,4,5,10.0,468758.24,2502.872832,466257.02,93251.40400000001,2.0,0.005339368182626507,18168.26,448088.76,0.038966190793223866,0,1.25,444,medium,Electronics
C02056,regular,Lahore,Punjab,2025-12-16,2025-05-07,2025-05-07,238.0,1,1,1.0,5798.83,0.0,5798.83,5798.83,1.0,0.0,0.0,5798.83,0.0,0,1.0,121,medium,Fashion
C02057,price_sensitive,Islamabad,ICT,2025-01-11,2025-02-26,2025-12-23,8.0,4,4,6.0,467623.93,30721.179268,436890.12,109222.53,1.5,0.06569633694323557,0.0,436890.12,0.0,0,1.0,524,medium,Electronics
C02058,regular,Islamabad,ICT,2025-03-12,2025-09-18,2025-12-28,3.0,4,5,14.0,320442.99,5443.732017,315000.62,63000.123999999996,2.8,0.0169881451206032,3915.21,311085.41,0.012429213631389043,0,1.25,544,medium,Electronics
C02059,price_sensitive,Karachi,Sindh,2025-10-17,2025-01-09,2025-11-12,49.0,5,6,15.0,503501.66000000003,63258.12524,440239.29,73373.215,2.5,0.1256363787162092,119144.22,321095.06999999995,0.27063513572357434,1,1.2,334,medium,Electronics
C02060,one_time,Islamabad,ICT,2025-02-19,2025-07-22,2025-08-22,131.0,2,2,4.0,25975.489999999998,591.290125,25383.870000000003,12691.935000000001,2.0,0.0227633867542056,1636.69,23747.180000000004,0.06447755996229101,0,1.0,221,medium,Fashion
C02061,price_sensitive,Islamabad,ICT,2025-02-21,2025-02-01,2025-12-28,3.0,5,7,24.0,478646.33,37666.353888,440986.1,62998.014285714286,3.4285714285714284,0.07869349773976121,0.0,440986.1,0.0,0,1.4,544,medium,Electronics
C02062,one_time,Islamabad,ICT,2025-03-25,2025-03-26,2025-08-12,141.0,3,3,7.0,297342.82,4414.860913,292929.25,97643.08333333333,2.3333333333333335,0.014847713198522837,0.0,292929.25,0.0,0,1.0,123,medium,Electronics
C02063,regular,Karachi,Sindh,2025-05-06,2025-01-07,2025-08-23,130.0,5,6,17.0,136710.63999999998,3809.320818,132903.09,22150.515,2.8333333333333335,0.02786411370760901,28352.9,104550.19,0.21333514517984498,1,1.2,232,medium,Fashion
C02064,price_sensitive,Islamabad,ICT,2025-03-13,2025-10-11,2025-10-12,80.0,1,2,5.0,173604.16999999998,17920.097405,155685.96000000002,77842.98000000001,2.5,0.10322388802642242,0.0,155685.96000000002,0.0,0,2.0,253,medium,Electronics
C02065,one_time,Karachi,Sindh,2025-02-25,2025-10-04,2025-10-04,88.0,1,1,1.0,3661.08,229.54971600000002,3431.63,3431.63,1.0,0.0627,0.0,3431.63,0.0,0,1.0,221,medium,Fashion
C02066,price_sensitive,Lahore,Punjab,2025-04-20,2025-04-21,2025-12-19,12.0,7,8,23.0,228147.52,20791.814588,207360.23,25920.02875,2.875,0.09113320446349801,11470.58,195889.65000000002,0.05531716472343805,0,1.1428571428571428,533,medium,Electronics
C02067,high_return,Lahore,Punjab,2025-04-03,2025-06-01,2025-10-12,80.0,3,3,12.0,212907.19,2324.146315,210584.68000000002,70194.89333333334,4.0,0.010916241555768971,0.0,210584.68000000002,0.0,0,1.0,223,medium,Electronics
C02068,price_sensitive,Karachi,Sindh,2025-03-01,2025-05-23,2025-11-23,38.0,3,4,13.0,528273.14,42891.014526,485395.35,121348.8375,3.25,0.08119098110117808,2151.89,483243.45999999996,0.0044332727950525275,0,1.3333333333333333,344,medium,Electronics
C02069,regular,Islamabad,ICT,2025-01-28,2025-02-20,2025-12-17,14.0,7,7,22.0,727379.0,6923.990686000001,720450.51,102921.50142857143,3.142857142857143,0.00951909621531554,0.0,720450.51,0.0,0,1.0,525,medium,Electronics
C02070,one_time,Lahore,Punjab,2025-05-05,2025-07-09,2025-12-28,3.0,2,4,9.0,361101.94,10473.784137,350620.92,87655.23,2.25,0.029005061941788517,0.0,350620.92,0.0,0,2.0,554,medium,Electronics
C02071,price_sensitive,Karachi,Sindh,2025-02-05,2025-01-19,2025-10-26,66.0,6,7,14.0,736904.46,83948.586636,652942.5800000001,93277.51142857144,2.0,0.11392058427221353,9353.73,643588.8500000001,0.014325501639056834,0,1.1666666666666667,335,medium,Electronics
C02072,price_sensitive,Islamabad,ICT,2025-03-27,2025-05-12,2025-11-25,36.0,2,2,5.0,68384.83,7536.727076,60846.26,30423.13,2.5,0.11021051124935165,11987.53,48858.73,0.19701342366811042,1,1.0,321,medium,Electronics
C02073,regular,Lahore,Punjab,2025-12-04,2025-04-09,2025-09-27,95.0,3,6,9.0,31526.66,1698.5372009999999,29828.75,4971.458333333333,1.5,0.053876217810576825,1696.46,28132.29,0.056873318526589285,0,2.0,251,medium,Fashion
C02074,one_time,Karachi,Sindh,2025-12-10,2025-01-20,2025-08-19,134.0,3,3,8.0,269215.52999999997,1620.893789,267592.98,89197.65999999999,2.6666666666666665,0.0060208034395341165,15540.09,252052.88999999998,0.058073608657446846,0,1.0,123,medium,Electronics
C02075,price_sensitive,Islamabad,ICT,2025-10-05,2025-05-16,2025-11-11,50.0,3,5,14.0,144991.23,10101.08171,134886.56,26977.311999999998,2.8,0.06966684612579671,35528.01,99358.54999999999,0.2633917715745735,1,1.6666666666666667,352,medium,Electronics
C02076,one_time,Islamabad,ICT,2025-01-11,,,,0,0,0.0,0.0,0.0,0.0,0.0,0.0,0.0,0.0,0.0,0.0,0,0.0,111,unknown,
C02077,high_return,Karachi,Sindh,2025-04-06,2025-02-17,2025-10-18,74.0,3,3,6.0,114524.26999999999,380.382474,114144.36,38048.12,2.0,0.0033214136531933367,0.0,114144.36,0.0,0,1.0,222,medium,Electronics
C02078,price_sensitive,Islamabad,ICT,2025-07-11,2025-01-19,2025-05-26,219.0,3,3,10.0,58779.13,4655.074622,54123.65,18041.216666666667,3.3333333333333335,0.07919604495677293,0.0,54123.65,0.0,0,1.0,122,medium,Attach & Addons
C02079,high_return,Lahore,Punjab,2025-05-08,2025-01-06,2025-06-12,202.0,5,6,21.0,300620.05,2154.483998,298462.24,49743.706666666665,3.5,0.0071668007439956195,3144.14,295318.1,0.01053446492929893,0,1.2,133,medium,Electronics
C02080,price_sensitive,Karachi,Sindh,2025-12-21,2025-03-23,2025-12-25,6.0,4,5,9.0,93858.59,9757.753786,84100.84000000001,16820.168,1.8,0.10396228822529723,2093.93,82006.91000000002,0.024897848820534963,0,1.25,542,medium,Electronics
C02081,loyal,Islamabad,ICT,2025-11-12,2025-02-08,2025-12-04,27.0,7,9,28.0,932493.93,19402.787972,913107.53,101456.39222222223,3.111111111111111,0.020807414769981394,25490.13,887617.4,0.027915803081812282,0,1.2857142857142858,445,medium,Electronics
C02082,one_time,Islamabad,ICT,2025-05-25,2025-02-21,2025-05-14,231.0,4,4,10.0,44979.23,1103.1671059999999,43875.58,10968.895,2.5,0.024526144756146333,1702.59,42172.990000000005,0.038804957108259305,0,1.0,121,medium,Fashion
C02083,one_time,Islamabad,ICT,2025-08-11,2025-12-12,2025-12-12,19.0,1,1,2.0,14905.26,784.246856,14120.75,14120.75,2.0,0.05261544287050343,0.0,14120.75,0.0,0,1.0,421,medium,Fashion
C02084,price_sensitive,Islamabad,ICT,2025-11-09,2025-01-12,2025-12-12,19.0,6,9,28.0,527132.02,47427.192268,479719.64,53302.182222222225,3.111111111111111,0.08997213310623778,6660.46,473059.18,0.013884067785925963,0,1.5,454,medium,Electronics
C02085,regular,Islamabad,ICT,2025-06-30,2025-04-09,2025-08-16,137.0,3,5,13.0,672969.9700000001,45641.33324,627313.19,125462.63799999999,2.6,0.06782075764836876,0.0,627313.19,0.0,0,1.6666666666666667,155,medium,Electronics
C02086,one_time,Karachi,Sindh,2025-09-22,2025-03-25,2025-10-25,67.0,4,4,11.0,47268.23,1408.928956,45859.67,11464.9175,2.75,0.029807102064113675,0.0,45859.67,0.0,0,1.0,321,medium,Fashion
C02087,price_sensitive,Lahore,Punjab,2025-03-30,2025-05-29,2025-11-03,58.0,3,3,6.0,244627.12000000002,27509.379668,217113.78999999998,72371.26333333332,2.0,0.11245433322356081,0.0,217113.78999999998,0.0,0,1.0,323,medium,Electronics
C02088,high_return,Lahore,Punjab,2025-04-16,2025-06-15,2025-10-22,70.0,4,4,7.0,59342.77,4685.077337,54657.22,13664.305,1.75,0.07894942108364675,0.0,54657.22,0.0,0,1.0,222,medium,Fashion
C02089,price_sensitive,Karachi,Sindh,2025-11-15,2025-02-14,2025-12-17,14.0,4,5,11.0,155429.9,8974.520409,146459.9,29291.98,2.2,0.05773998702308887,5555.55,140904.35,0.03793222581744218,0,1.25,542,medium,Electronics
C02090,loyal,Islamabad,ICT,2025-01-13,2025-02-20,2025-12-28,3.0,6,9,23.0,977866.28,36086.607739,941789.47,104643.27444444444,2.5555555555555554,0.0369034176523604,9415.9,932373.57,0.009997882010721567,0,1.5,555,medium,Electronics
C02091,regular,Lahore,Punjab,2025-02-09,2025-11-08,2025-12-12,19.0,2,3,9.0,55685.42,1047.6646250000001,54637.36,18212.453333333335,3.0,0.018813984432549852,1577.21,53060.15,0.028866877901860558,0,1.5,451,medium,Attach & Addons
C02092,one_time,Lahore,Punjab,2025-08-07,2025-01-27,2025-12-15,16.0,4,4,14.0,244553.5,4516.371978,240038.15,60009.5375,3.5,0.01846782801309325,0.0,240038.15,0.0,0,1.0,423,medium,Electronics
C02093,one_time,Lahore,Punjab,2025-11-29,2025-07-21,2025-10-07,85.0,2,2,8.0,411660.62000000005,238.327962,411422.43000000005,205711.21500000003,4.0,0.0005789428243099862,0.0,411422.43000000005,0.0,0,1.0,224,medium,Electronics
C02094,regular,Islamabad,ICT,2025-11-28,2025-01-02,2025-12-27,4.0,5,6,22.0,484121.93,31402.346051,452721.26999999996,75453.545,3.6666666666666665,0.06486453949937777,0.0,452721.26999999996,0.0,0,1.2,534,medium,Electronics
C02095,one_time,Karachi,Sindh,2025-07-30,2025-10-19,2025-10-19,73.0,1,1,2.0,5733.87,0.0,5733.87,5733.87,2.0,0.0,0.0,5733.87,0.0,0,1.0,221,medium,Fashion
C02096,high_return,Lahore,Punjab,2025-09-06,2025-01-12,2025-10-24,68.0,5,7,13.0,684656.49,33130.678641,651525.29,93075.04142857144,1.8571428571428572,0.04839022067986239,9775.900000000001,641749.39,0.01500463627436473,0,1.4,245,medium,Electronics
C02097,regular,Karachi,Sindh,2025-01-18,2025-03-19,2025-11-21,40.0,4,4,7.0,61080.41,2411.701523,58668.6,14667.15,1.75,0.03948404280521365,0.0,58668.6,0.0,0,1.0,322,medium,Fashion
C02098,loyal,Lahore,Punjab,2025-10-22,2025-02-26,2025-11-24,37.0,5,5,11.0,301117.8,37374.087651999995,263754.31,52750.862,2.2,0.12411782914195041,0.0,263754.31,0.0,0,1.0,323,medium,Electronics
C02099,one_time,Karachi,Sindh,2025-12-11,2025-04-28,2025-10-14,78.0,3,4,17.0,619940.13,15987.394284,603948.44,150987.11,4.25,0.025788610077557006,0.0,603948.44,0.0,0,1.3333333333333333,245,medium,Electronics
C02100,one_time,Islamabad,ICT,2025-12-31,2025-07-18,2025-12-06,25.0,2,2,4.0,269666.38,96.462108,269570.0,134785.0,2.0,0.0003577090625831815,0.0,269570.0,0.0,0,1.0,423,medium,Electronics
C02101,regular,Islamabad,ICT,2025-08-17,2025-09-13,2025-10-07,85.0,2,2,6.0,302517.6,607.165272,301908.81,150954.405,3.0,0.0020070411506636306,0.0,301908.81,0.0,0,1.0,224,medium,Electronics
C02102,one_time,Islamabad,ICT,2025-03-18,2025-04-16,2025-09-25,97.0,2,2,7.0,159934.45,1991.75826,157943.48,78971.74,3.5,0.012453591205647064,0.0,157943.48,0.0,0,1.0,223,medium,Electronics
C02103,high_return,Karachi,Sindh,2025-12-12,2025-04-12,2025-04-29,246.0,1,3,11.0,281921.47000000003,4546.352577000001,277376.62,92458.87333333334,3.6666666666666665,0.016126308425534246,0.0,277376.62,0.0,0,3.0,153,low,Electronics
C02104,regular,Islamabad,ICT,2025-11-06,2025-01-05,2025-11-04,57.0,8,10,21.0,256678.17,7349.525943000001,249325.1,24932.510000000002,2.1,0.02863323337157967,0.0,249325.1,0.0,0,1.25,343,medium,Electronics
C02105,price_sensitive,Islamabad,ICT,2025-02-08,2025-03-11,2025-09-25,97.0,3,3,5.0,249275.61,30870.050964,218404.49,72801.49666666666,1.6666666666666667,0.12383903488993568,0.0,218404.49,0.0,0,1.0,223,medium,Electronics
C02106,regular,Lahore,Punjab,2025-11-29,2025-10-05,2025-10-25,67.0,1,2,10.0,71440.94,314.898962,71125.98999999999,35562.994999999995,5.0,0.004407822209506202,0.0,71125.98999999999,0.0,0,2.0,352,medium,Attach & Addons
C02107,regular,Karachi,Sindh,2025-07-10,2025-03-27,2025-08-08,145.0,4,6,17.0,220455.04,4392.041839,216062.44999999998,36010.40833333333,2.8333333333333335,0.019922619319567382,0.0,216062.44999999998,0.0,0,1.5,153,medium,Electronics
C02108,high_return,Karachi,Sindh,2025-08-08,2025-04-30,2025-12-23,8.0,5,6,12.0,57166.119999999995,1053.471561,56112.29,9352.048333333334,2.0,0.018428250176853005,0.0,56112.29,0.0,0,1.2,532,medium,Fashion
C02109,price_sensitive,Lahore,Punjab,2025-05-11,2025-01-27,2025-12-17,14.0,4,4,7.0,49337.45,3954.034978,45383.09,11345.7725,1.75,0.0801426700812466,4629.71,40753.38,0.10201398802946209,1,1.0,521,medium,Fashion
C02110,price_sensitive,Islamabad,ICT,2025-08-14,2025-01-12,2025-11-20,41.0,8,9,24.0,224418.38999999998,21477.694824,202943.65,22549.294444444444,2.6666666666666665,0.0957038094070633,0.0,202943.65,0.0,0,1.125,333,medium,Electronics
C02111,regular,Lahore,Punjab,2025-04-06,,,,0,0,0.0,0.0,0.0,0.0,0.0,0.0,0.0,0.0,0.0,0.0,0,0.0,111,unknown,
C02112,regular,Islamabad,ICT,2025-07-19,2025-04-09,2025-07-12,172.0,2,4,15.0,175768.36,9565.887692,166199.86,41549.965,3.75,0.05442326304916312,0.0,166199.86,0.0,0,2.0,153,medium,Electronics
C02113,one_time,Karachi,Sindh,2025-11-14,,,,0,0,0.0,0.0,0.0,0.0,0.0,0.0,0.0,0.0,0.0,0.0,0,0.0,111,unknown,
C02114,price_sensitive,Islamabad,ICT,2025-07-25,2025-03-31,2025-07-18,166.0,2,2,4.0,23323.79,2382.627345,20941.489999999998,10470.744999999999,2.0,0.1021543816420916,0.0,20941.489999999998,0.0,0,1.0,121,medium,Fashion
C02115,price_sensitive,Lahore,Punjab,2025-09-13,2025-02-27,2025-05-17,228.0,3,3,6.0,58213.27,5899.10757,52313.09,17437.696666666667,2.0,0.10133613126354181,0.0,52313.09,0.0,0,1.0,121,medium,Fashion
C02116,loyal,Islamabad,ICT,2025-06-26,2025-01-20,2025-11-03,58.0,6,9,28.0,820473.74,40297.08928,780171.72,86685.74666666666,3.111111111111111,0.04911441684897801,0.0,780171.72,0.0,0,1.5,355,medium,Electronics
C02117,regular,Lahore,Punjab,2025-12-15,2025-02-03,2025-09-10,112.0,5,8,17.0,252704.99,5588.4535,247114.21,30889.27625,2.125,0.02211453560928892,0.0,247114.21,0.0,0,1.6,253,medium,Electronics
C02118,regular,Islamabad,ICT,2025-07-09,2025-03-15,2025-11-16,45.0,3,4,10.0,546323.71,3922.3605879999996,542399.96,135599.99,2.5,0.007179554019356033,7074.79,535325.1699999999,0.013043492849815107,0,1.3333333333333333,345,medium,Electronics
C02119,regular,Karachi,Sindh,2025-05-07,2025-05-13,2025-12-06,25.0,4,4,14.0,368028.39999999997,4691.448225,363340.99999999994,90835.24999999999,3.5,0.01274751683565725,11424.68,351916.31999999995,0.03144340990969916,0,1.0,424,medium,Electronics
C02120,price_sensitive,Karachi,Sindh,2025-09-11,2025-01-22,2025-12-12,19.0,7,8,21.0,447074.27,58287.940981,388782.85,48597.85625,2.625,0.13037641593867613,1371.18,387411.67,0.0035268531006447433,0,1.1428571428571428,434,medium,Electronics
C02121,one_time,Karachi,Sindh,2025-03-25,2025-02-25,2025-09-22,100.0,3,4,10.0,1621624.83,74614.24105699999,1546991.11,386747.7775,2.5,0.04601202428369328,201317.19,1345673.9200000002,0.1301346780202247,1,1.3333333333333333,245,medium,Electronics
C02122,price_sensitive,Islamabad,ICT,2025-01-13,2025-04-09,2025-11-14,47.0,4,5,12.0,296169.37,37119.52974,259040.79,51808.158,2.4,0.12533210216843152,1991.81,257048.98,0.007689175129523038,0,1.25,343,medium,Electronics
C02123,high_return,Lahore,Punjab,2025-04-24,2025-08-02,2025-12-16,15.0,2,2,4.0,38905.31,207.014075,38698.06,19349.03,2.0,0.0053209722528878445,0.0,38698.06,0.0,0,1.0,421,medium,Fashion
C02124,loyal,Karachi,Sindh,2025-07-24,2025-02-17,2025-12-26,5.0,8,13,41.0,1767825.11,60042.850905,1707795.7,131368.9,3.1538461538461537,0.033964248253606937,8175.030000000001,1699620.67,0.0047868899072646695,0,1.625,555,medium,Electronics
C02125,price_sensitive,Lahore,Punjab,2025-09-30,2025-01-13,2025-12-29,2.0,8,9,32.0,403229.75,34577.362155,368649.67,40961.07444444444,3.5555555555555554,0.0857510194994293,4401.96,364247.70999999996,0.011940767504281233,0,1.125,534,medium,Electronics
C02126,price_sensitive,Karachi,Sindh,2025-11-24,2025-02-13,2025-10-03,89.0,7,7,18.0,853066.4199999999,62519.621275,790550.51,112935.78714285714,2.5714285714285716,0.07328810489926448,0.0,790550.51,0.0,0,1.0,225,medium,Electronics
C02127,regular,Karachi,Sindh,2025-04-19,2025-02-26,2025-11-15,46.0,3,4,13.0,213885.21000000002,10821.129026999999,203060.63999999998,50765.159999999996,3.25,0.05059316175718741,1365.68,201694.96,0.006725478655046099,0,1.3333333333333333,343,medium,Electronics
C02128,regular,Karachi,Sindh,2025-11-24,2025-03-16,2025-12-05,26.0,5,6,11.0,89997.24,1557.862191,88437.56,14739.593333333332,1.8333333333333333,0.01731011074339613,0.0,88437.56,0.0,0,1.2,432,medium,Fashion
C02129,price_sensitive,Karachi,Sindh,2025-04-21,2025-02-10,2025-12-25,6.0,5,6,18.0,388331.55,28452.777174,359878.01999999996,59979.66999999999,3.0,0.0732692905688451,0.0,359878.01999999996,0.0,0,1.2,534,medium,Electronics
C02130,regular,Lahore,Punjab,2025-08-17,2025-04-13,2025-09-05,117.0,3,3,9.0,225819.07,13922.529702000002,211890.91,70630.30333333333,3.0,0.06165347196762435,0.0,211890.91,0.0,0,1.0,223,medium,Electronics
C02131,one_time,Lahore,Punjab,2025-07-08,2025-01-04,2025-11-20,41.0,5,5,13.0,430710.8,11207.957908,419500.19999999995,83900.04,2.6,0.02602200341389164,0.0,419500.19999999995,0.0,0,1.0,324,medium,Electronics
C02132,price_sensitive,Islamabad,ICT,2025-01-02,2025-02-13,2025-12-17,14.0,4,6,13.0,313134.87,18288.819818,294838.22000000003,49139.70333333334,2.1666666666666665,0.05840556760095099,3606.52,291231.7,0.012232199746694983,0,1.5,553,medium,Electronics
C02133,regular,Lahore,Punjab,2025-10-13,2025-05-19,2025-12-16,15.0,3,3,5.0,77025.89000000001,1617.595753,75409.84,25136.61333333333,1.6666666666666667,0.021000675915591495,0.0,75409.84,0.0,0,1.0,422,medium,Electronics
C02134,regular,Islamabad,ICT,2025-04-06,2025-05-15,2025-12-13,18.0,4,4,12.0,246433.42,8968.921407,237460.13999999998,59365.034999999996,3.0,0.036394907017887425,3650.73,233809.40999999997,0.015374074992122889,0,1.0,423,medium,Electronics
C02135,one_time,Lahore,Punjab,2025-08-26,2025-06-18,2025-07-23,161.0,2,2,7.0,472938.32,3381.525773,469569.02999999997,234784.51499999998,3.5,0.007150035490885999,0.0,469569.02999999997,0.0,0,1.0,124,medium,Electronics
C02136,regular,Lahore,Punjab,2025-09-26,2025-02-17,2025-08-04,149.0,2,2,7.0,47309.71,52.627029,47257.03,23628.515,3.5,0.0011123938193660456,0.0,47257.03,0.0,0,1.0,121,medium,Attach & Addons
C02137,regular,Karachi,Sindh,2025-04-04,2025-04-11,2025-12-13,18.0,4,5,16.0,162108.44,5448.25186,156659.84,31331.968,3.2,0.03360868724663565,14387.02,142272.82,0.09183604425997116,0,1.25,442,medium,Attach & Addons
C02138,price_sensitive,Islamabad,ICT,2025-02-24,2025-01-13,2025-07-11,173.0,2,2,5.0,246307.94999999998,18502.685688,227799.58,113899.79,2.5,0.07512013188368465,15005.35,212794.22999999998,0.0658708413773195,0,1.0,123,medium,Electronics
C02139,high_return,Karachi,Sindh,2025-04-26,2025-04-30,2025-04-30,245.0,1,1,1.0,200212.47,12713.491845,187495.62,187495.62,1.0,0.0635,0.0,187495.62,0.0,0,1.0,123,medium,Electronics
C02140,regular,Lahore,Punjab,2025-06-29,2025-02-22,2025-12-18,13.0,6,6,14.0,281756.12,7971.144404000001,273775.32,45629.22,2.3333333333333335,0.028290936161386667,9833.53,263941.79,0.035918248584277064,0,1.0,523,medium,Electronics
C02141,one_time,Lahore,Punjab,2025-02-22,2025-06-25,2025-12-09,22.0,2,3,12.0,117247.33,4561.308863,112684.39,37561.46333333333,4.0,0.03890330690686091,0.0,112684.39,0.0,0,1.5,452,medium,Electronics
C02142,loyal,Karachi,Sindh,2025-06-29,2025-04-07,2025-09-28,94.0,6,9,32.0,718974.69,40947.661192,678024.84,75336.09333333332,3.5555555555555554,0.05695285489396018,76441.15,601583.69,0.11274092848869667,1,1.5,255,medium,Electronics
C02143,price_sensitive,Islamabad,ICT,2025-11-09,2025-01-12,2025-07-05,179.0,4,4,12.0,442091.50999999995,29205.680234,412902.36,103225.59,3.0,0.06606252229091665,11235.82,401666.54,0.027211808622261205,0,1.0,124,medium,Electronics
C02144,one_time,Lahore,Punjab,2025-07-01,,,,0,0,0.0,0.0,0.0,0.0,0.0,0.0,0.0,0.0,0.0,0.0,0,0.0,111,unknown,
C02145,regular,Lahore,Punjab,2025-02-13,2025-04-17,2025-12-11,20.0,3,3,9.0,85708.69,3020.4552830000002,82687.17,27562.39,3.0,0.035240945614732885,16697.23,65989.94,0.20193253681314768,1,1.0,422,medium,Attach & Addons
C02146,loyal,Karachi,Sindh,2025-04-08,2025-01-15,2025-10-07,85.0,6,9,29.0,214346.95,12689.834935,201659.2,22406.57777777778,3.2222222222222223,0.05920231164940765,30498.08,171161.12,0.15123574823266184,1,1.5,253,medium,Electronics
C02147,price_sensitive,Lahore,Punjab,2025-10-15,2025-04-25,2025-10-21,71.0,4,4,11.0,289661.01,25581.910556000003,264068.28,66017.07,2.75,0.08831672083170601,0.0,264068.28,0.0,0,1.0,223,medium,Electronics
C02148,loyal,Lahore,Punjab,2025-08-25,2025-03-16,2025-12-17,14.0,8,9,30.0,808940.76,35995.981342,772959.43,85884.38111111111,3.3333333333333335,0.04449767290994213,6769.2,766190.2300000001,0.008757510080444971,0,1.125,535,medium,Electronics
C02149,loyal,Lahore,Punjab,2025-03-13,2025-03-22,2025-12-24,7.0,7,9,28.0,563744.26,25272.553937999997,538488.9199999999,59832.10222222222,3.111111111111111,0.044829820418925415,1343.75,537145.1699999999,0.0024954088191823896,0,1.2857142857142858,545,medium,Electronics
C02150,regular,Islamabad,ICT,2025-09-25,2025-02-23,2025-11-24,37.0,4,4,8.0,51356.590000000004,1349.015519,50007.41,12501.8525,2.0,0.026267622499858343,0.0,50007.41,0.0,0,1.0,321,medium,Attach & Addons
C02151,one_time,Lahore,Punjab,2025-08-20,2025-04-15,2025-11-04,57.0,5,5,14.0,95784.3,7201.899979,88581.09999999999,17716.219999999998,2.8,0.07518873112817027,0.0,88581.09999999999,0.0,0,1.0,322,medium,Electronics
C02152,price_sensitive,Lahore,Punjab,2025-05-19,2025-02-17,2025-12-13,18.0,7,8,21.0,1025199.4299999999,84221.62551700001,941004.25,117625.53125,2.625,0.08215145566068059,0.0,941004.25,0.0,0,1.1428571428571428,435,medium,Electronics
C02153,high_return,Lahore,Punjab,2025-12-17,2025-03-12,2025-11-13,48.0,5,5,18.0,417113.97,12787.542081,404324.35,80864.87,3.6,0.03065718964291702,0.0,404324.35,0.0,0,1.0,324,medium,Electronics
C02154,regular,Karachi,Sindh,2025-08-09,2025-02-09,2025-02-09,325.0,1,1,1.0,373353.07,0.0,373353.07,373353.07,1.0,0.0,0.0,373353.07,0.0,0,1.0,124,medium,Electronics
C02155,regular,Lahore,Punjab,2025-02-25,2025-01-16,2025-12-25,6.0,5,6,14.0,84671.95999999999,3953.990283,80718.47,13453.078333333333,2.3333333333333335,0.0466977531050421,0.0,80718.47,0.0,0,1.2,532,medium,Fashion
C02156,one_time,Islamabad,ICT,2025-04-12,2025-01-24,2025-10-17,75.0,4,4,8.0,174136.74,1353.790743,172783.95,43195.9875,2.0,0.00777429704380592,0.0,172783.95,0.0,0,1.0,223,medium,Electronics
C02157,loyal,Lahore,Punjab,2025-07-11,2025-07-02,2025-11-11,50.0,3,3,9.0,689724.82,36082.56323000001,653641.67,217880.55666666667,3.0,0.052314433501175164,0.0,653641.67,0.0,0,1.0,325,medium,Electronics
C02158,one_time,Lahore,Punjab,2025-07-19,,,,0,0,0.0,0.0,0.0,0.0,0.0,0.0,0.0,0.0,0.0,0.0,0,0.0,111,unknown,
C02159,regular,Islamabad,ICT,2025-08-15,2025-02-12,2025-05-03,242.0,2,2,6.0,238053.86,1026.576447,237023.45,118511.725,3.0,0.004312370515647173,0.0,237023.45,0.0,0,1.0,123,medium,Electronics
C02160,one_time,Lahore,Punjab,2025-12-10,2025-04-25,2025-04-25,250.0,1,1,1.0,194574.86,0.0,194574.86,194574.86,1.0,0.0,0.0,194574.86,0.0,0,1.0,123,medium,Electronics
C02161,loyal,Karachi,Sindh,2025-04-25,2025-02-14,2025-12-02,29.0,8,11,39.0,887565.4199999999,33511.657595000004,854050.09,77640.91727272727,3.5454545454545454,0.03775683103449434,12599.98,841450.11,0.014753209615609313,0,1.375,445,medium,Electronics
C02162,price_sensitive,Islamabad,ICT,2025-04-14,2025-04-03,2025-06-19,195.0,3,4,9.0,75597.81,9489.186366,66108.32,16527.08,2.25,0.12552197432703407,0.0,66108.32,0.0,0,1.3333333333333333,142,medium,Fashion
C02163,regular,Lahore,Punjab,2025-06-05,2025-02-26,2025-08-05,148.0,3,4,6.0,33090.93,544.162032,32546.989999999998,8136.7474999999995,1.5,0.016444446620267245,6553.030000000001,25993.96,0.20134058479754965,1,1.3333333333333333,141,medium,Fashion
C02164,high_return,Karachi,Sindh,2025-01-06,2025-01-16,2025-05-03,242.0,3,3,10.0,71873.14,311.38812600000006,71561.53,23853.843333333334,3.3333333333333335,0.004332468652406171,4709.91,66851.62,0.06581622835621317,0,1.0,122,medium,Fashion
C02165,regular,Lahore,Punjab,2025-01-28,2025-03-16,2025-12-06,25.0,5,5,10.0,103718.11,1095.961977,102622.86,20524.572,2.0,0.010566736869771344,0.0,102622.86,0.0,0,1.0,422,medium,Fashion
C02166,regular,Islamabad,ICT,2025-04-29,2025-09-24,2025-09-26,96.0,1,2,3.0,20289.61,294.523657,19995.16,9997.58,1.5,0.014515984141637026,0.0,19995.16,0.0,0,2.0,251,medium,Fashion
C02167,high_return,Karachi,Sindh,2025-09-01,2025-01-20,2025-11-14,47.0,3,3,6.0,30192.940000000002,958.865319,29234.33,9744.776666666667,2.0,0.03175793145682401,4650.01,24584.32,0.15905991346475187,1,1.0,321,medium,Fashion
C02168,regular,Islamabad,ICT,2025-08-06,2025-08-26,2025-12-03,28.0,4,4,9.0,95068.66,2692.7462069999997,92375.0,23093.75,2.25,0.028324225954168277,0.0,92375.0,0.0,0,1.0,422,medium,Electronics
C02169,regular,Lahore,Punjab,2025-06-13,2025-05-23,2025-05-23,222.0,1,1,1.0,214728.61,1782.247463,212946.84,212946.84,1.0,0.0083,0.0,212946.84,0.0,0,1.0,123,medium,Electronics
C02170,regular,Lahore,Punjab,2025-11-04,2025-01-04,2025-05-30,215.0,3,4,6.0,347204.99,688.3458599999999,346516.29000000004,86629.07250000001,1.5,0.0019825344676065856,22914.19,323602.10000000003,0.06612730962806972,0,1.3333333333333333,144,medium,Electronics
C02171,regular,Karachi,Sindh,2025-04-15,2025-03-19,2025-12-06,25.0,4,5,16.0,579330.98,3406.326885,575933.64,115186.728,3.2,0.00587975958924206,0.0,575933.64,0.0,0,1.25,445,medium,Electronics
C02172,one_time,Karachi,Sindh,2025-07-07,2025-05-06,2025-11-22,39.0,2,3,4.0,108855.09,527.3131400000001,108325.31000000001,36108.43666666667,1.3333333333333333,0.004844175316009569,0.0,108325.31000000001,0.0,0,1.5,352,medium,Electronics
C02173,regular,Lahore,Punjab,2025-07-05,2025-01-22,2025-06-03,211.0,4,5,12.0,81106.3,975.1252460000001,80131.71,16026.342,2.4,0.012022805207486964,10313.69,69818.02,0.12870922135569052,1,1.25,142,medium,Fashion
C02174,price_sensitive,Islamabad,ICT,2025-08-26,2025-04-23,2025-08-30,123.0,2,3,5.0,27301.5,1491.5245340000001,25810.78,8603.593333333332,1.6666666666666667,0.05463159657894255,0.0,25810.78,0.0,0,1.5,251,medium,Fashion
C02175,loyal,Lahore,Punjab,2025-10-11,2025-02-01,2025-12-03,28.0,9,9,22.0,253232.27000000002,9617.155751,243616.72999999998,27068.525555555552,2.4444444444444446,0.0379776074786993,9428.53,234188.19999999998,0.03870230915586135,0,1.0,423,medium,Electronics
C02176,price_sensitive,Lahore,Punjab,2025-07-29,2025-02-02,2025-12-07,24.0,6,8,19.0,459129.62,36341.35608,422786.54000000004,52848.317500000005,2.375,0.07915271526154204,0.0,422786.54000000004,0.0,0,1.3333333333333333,444,medium,Electronics
C02177,regular,Lahore,Punjab,2025-04-07,2025-01-23,2025-11-07,54.0,7,10,23.0,442426.48,10675.233313,431748.15,43174.815,2.3,0.024128829976451684,0.0,431748.15,0.0,0,1.4285714285714286,354,medium,Electronics
C02178,regular,Islamabad,ICT,2025-07-27,2025-02-14,2025-12-20,11.0,5,5,14.0,367016.95999999996,1313.426402,365703.66000000003,73140.732,2.8,0.003578653155429112,194652.21,171051.45000000004,0.5322676015875805,1,1.0,523,medium,Electronics
C02179,one_time,Islamabad,ICT,2025-05-17,2025-08-06,2025-12-12,19.0,2,2,5.0,242581.5,5818.80829,236758.67,118379.335,2.5,0.023987024113545346,3446.31,233312.36000000002,0.014556214562279809,0,1.0,423,medium,Electronics
C02180,price_sensitive,Lahore,Punjab,2025-07-03,2025-02-02,2025-12-10,21.0,6,9,24.0,433699.16000000003,27700.051209999998,405992.88,45110.32,2.6666666666666665,0.06386927567487102,1086.87,404906.01,0.0026770666520063106,0,1.5,454,medium,Electronics
C02181,high_return,Karachi,Sindh,2025-05-22,2025-08-26,2025-10-28,64.0,3,4,6.0,88996.41,1853.240904,87145.42,21786.355,1.5,0.020823771475725818,0.0,87145.42,0.0,0,1.3333333333333333,342,medium,Electronics
C02182,one_time,Islamabad,ICT,2025-10-17,2025-04-04,2025-04-04,271.0,1,1,1.0,252053.15,17164.819515,234880.99,234880.99,1.0,0.0681,0.0,234880.99,0.0,0,1.0,123,medium,Electronics
C02183,price_sensitive,Lahore,Punjab,2025-04-28,2025-03-20,2025-12-24,7.0,5,6,19.0,349577.28,35371.390478,314203.64,52367.27333333334,3.1666666666666665,0.10118332197676004,9303.36,304900.28,0.029609332342553384,0,1.2,534,medium,Electronics
C02184,regular,Lahore,Punjab,2025-10-09,2025-02-26,2025-10-09,83.0,2,2,4.0,72238.56,144.94139700000002,72093.91,36046.955,2.0,0.0020064269968836593,0.0,72093.91,0.0,0,1.0,222,medium,Electronics
C02185,high_return,Lahore,Punjab,2025-12-26,2025-01-09,2025-11-21,40.0,5,7,26.0,503134.81,11352.981090000001,491771.51,70253.07285714286,3.7142857142857144,0.022564491393469676,0.0,491771.51,0.0,0,1.4,344,medium,Electronics
C02186,high_return,Karachi,Sindh,2025-11-19,2025-06-22,2025-12-23,8.0,2,2,6.0,267256.54,2442.545819,264807.67000000004,132403.83500000002,3.0,0.009139330393935356,0.0,264807.67000000004,0.0,0,1.0,523,medium,Electronics
C02187,price_sensitive,Islamabad,ICT,2025-07-14,2025-02-09,2025-11-27,34.0,4,5,9.0,202475.52,27019.612181,175452.06,35090.412,1.8,0.1334463157867183,0.0,175452.06,0.0,0,1.25,443,medium,Electronics
C02188,regular,Lahore,Punjab,2025-04-23,2025-05-01,2025-12-19,12.0,4,5,12.0,797299.35,25240.280392999997,772069.02,154413.804,2.4,0.03165721932797261,0.0,772069.02,0.0,0,1.25,545,medium,Electronics
C02189,loyal,Islamabad,ICT,2025-04-15,2025-03-22,2025-12-20,11.0,4,7,28.0,439909.12999999995,56046.885924,383856.29,54836.612857142856,4.0,0.12740559834254864,232324.41999999998,151531.87,0.6052380175924693,1,1.75,553,medium,Electronics
C02190,regular,Lahore,Punjab,2025-10-09,2025-01-31,2025-11-14,47.0,6,7,17.0,1464536.36,56100.397618,1408427.8900000001,201203.9842857143,2.4285714285714284,0.03830590974060897,0.0,1408427.8900000001,0.0,0,1.1666666666666667,335,medium,Electronics
C02191,regular,Lahore,Punjab,2025-12-17,2025-02-15,2025-12-05,26.0,4,5,14.0,90663.26000000001,3569.957239,87092.93000000001,17418.586000000003,2.8,0.039376007866913226,0.0,87092.93000000001,0.0,0,1.25,442,medium,Electronics
C02192,one_time,Islamabad,ICT,2025-05-20,2025-01-16,2025-03-16,290.0,2,2,4.0,47291.08,276.33065700000003,47014.42,23507.21,2.0,0.005843187700513501,27894.08,19120.339999999997,0.5933090315694632,1,1.0,121,medium,Attach & Addons
C02193,regular,Karachi,Sindh,2025-03-28,2025-03-22,2025-07-13,171.0,2,3,7.0,154636.5,1279.913932,153360.24,51120.079999999994,2.3333333333333335,0.008276919950981818,0.0,153360.24,0.0,0,1.5,153,medium,Electronics
C02194,price_sensitive,Karachi,Sindh,2025-05-09,2025-04-07,2025-09-12,110.0,4,4,6.0,53110.54,5550.26424,47559.619999999995,11889.904999999999,1.5,0.10450400692593222,0.0,47559.619999999995,0.0,0,1.0,221,medium,Electronics
C02195,one_time,Islamabad,ICT,2025-03-07,2025-12-14,2025-12-14,17.0,1,1,2.0,10816.880000000001,726.229324,10090.75,10090.75,2.0,0.06713852090436428,0.0,10090.75,0.0,0,1.0,421,medium,Fashion
C02196,price_sensitive,Islamabad,ICT,2025-05-29,2025-02-07,2025-06-23,191.0,4,6,19.0,458325.91,32730.044060999997,425606.01,70934.335,3.1666666666666665,0.07141216184134123,0.0,425606.01,0.0,0,1.5,154,medium,Electronics
C02197,one_time,Lahore,Punjab,2025-04-26,2025-03-13,2025-07-19,165.0,3,3,8.0,53362.69,3760.6251260000004,49601.770000000004,16533.923333333336,2.6666666666666665,0.07047293016900011,0.0,49601.770000000004,0.0,0,1.0,121,medium,Attach & Addons
C02198,loyal,Lahore,Punjab,2025-10-21,2025-02-05,2025-12-23,8.0,6,11,31.0,598400.9,9332.428377,589067.9299999999,53551.63,2.8181818181818183,0.015595612200783789,46814.270000000004,542253.6599999999,0.07947176822204531,0,1.8333333333333333,555,medium,Electronics
C02199,regular,Islamabad,ICT,2025-09-07,2025-05-10,2025-12-26,5.0,3,3,9.0,501975.95999999996,6960.6015449999995,495007.95,165002.65,3.0,0.013866404170032366,0.0,495007.95,0.0,0,1.0,524,medium,Electronics
C02200,loyal,Islamabad,ICT,2025-10-29,2025-02-21,2025-12-26,5.0,6,8,21.0,389202.9,8012.995055,381195.01,47649.37625,2.625,0.020588220321585474,212550.12,168644.89,0.5575889359097329,1,1.3333333333333333,543,medium,Electronics
C02201,high_return,Islamabad,ICT,2025-03-11,2025-06-24,2025-06-24,190.0,1,1,2.0,268106.69,22.57464,268084.13999999996,268084.13999999996,2.0,8.420021149043314e-05,0.0,268084.13999999996,0.0,0,1.0,123,medium,Electronics
C02202,regular,Karachi,Sindh,2025-04-22,2025-01-02,2025-12-21,10.0,8,9,18.0,427733.06,23948.648286,403786.74,44865.19333333333,2.0,0.055989706023658777,14741.310000000001,389045.43,0.036507662435869,0,1.125,534,medium,Electronics
C02203,price_sensitive,Karachi,Sindh,2025-04-01,2025-01-24,2025-11-13,48.0,7,9,28.0,810808.2999999999,105149.62654099999,705635.84,78403.98222222221,3.111111111111111,0.1296849409916006,18504.370000000003,687131.47,0.026223682175780645,0,1.2857142857142858,345,medium,Electronics
C02204,regular,Karachi,Sindh,2025-08-15,2025-01-19,2025-07-25,159.0,2,2,8.0,41766.270000000004,2569.779619,39197.39,19598.695,4.0,0.06152763028635307,2456.34,36741.05,0.06266590709228345,0,1.0,121,medium,Fashion
C02205,high_return,Islamabad,ICT,2025-05-31,2025-04-06,2025-12-02,29.0,4,4,11.0,671353.33,5713.522318,665631.36,166407.84,2.75,0.008510455020756359,439367.9,226263.45999999996,0.6600769230584329,1,1.0,423,medium,Electronics
C02206,regular,Islamabad,ICT,2025-02-09,2025-01-28,2025-12-01,30.0,3,3,11.0,475633.11,788.6933270000001,474844.46,158281.48666666666,3.6666666666666665,0.0016581968547143408,0.0,474844.46,0.0,0,1.0,424,medium,Electronics
C02207,one_time,Lahore,Punjab,2025-12-11,2025-11-19,2025-11-19,42.0,1,1,2.0,318994.47,9780.577265999998,309206.14,309206.14,2.0,0.030660648336631038,0.0,309206.14,0.0,0,1.0,324,medium,Electronics
C02208,regular,Karachi,Sindh,2025-07-19,2025-05-31,2025-09-12,110.0,3,3,5.0,29189.64,240.662588,28948.56,9649.52,1.6666666666666667,0.008244794660023215,9613.27,19335.29,0.33208111215203795,1,1.0,221,medium,Fashion
C02209,regular,Karachi,Sindh,2025-03-02,2025-05-31,2025-09-29,93.0,3,3,9.0,408167.81999999995,29498.195097999997,378681.14,126227.04666666668,3.0,0.07226977153171948,0.0,378681.14,0.0,0,1.0,224,medium,Electronics
C02210,regular,Karachi,Sindh,2025-08-25,2025-02-10,2025-11-25,36.0,3,5,10.0,553432.78,24307.533025,529137.23,105827.446,2.0,0.04392138287327325,186435.46,342701.77,0.35233857954013176,1,1.6666666666666667,354,medium,Electronics
C02211,loyal,Karachi,Sindh,2025-02-06,2025-01-22,2025-10-02,90.0,7,11,25.0,486163.65,25416.711572000004,460756.02,41886.91090909091,2.272727272727273,0.05228015622311541,4985.68,455770.34,0.01082065080777458,0,1.5714285714285714,254,medium,Electronics
C02212,loyal,Islamabad,ICT,2025-08-25,2025-02-03,2025-12-28,3.0,4,5,16.0,133908.06,3490.18506,130416.98,26083.396,3.2,0.026064040207885917,0.0,130416.98,0.0,0,1.25,542,medium,Fashion
C02213,high_return,Lahore,Punjab,2025-07-16,2025-03-29,2025-12-11,20.0,2,2,6.0,335362.37,43640.662368000005,291720.17,145860.085,3.0,0.13012987225728398,0.0,291720.17,0.0,0,1.0,423,medium,Electronics
C02214,loyal,Lahore,Punjab,2025-08-28,2025-02-14,2025-12-27,4.0,4,6,19.0,612720.31,29767.600474000006,582955.51,97159.25166666666,3.1666666666666665,0.04858268934156924,0.0,582955.51,0.0,0,1.5,555,medium,Electronics
C02215,regular,Lahore,Punjab,2025-12-26,2025-01-04,2025-09-30,92.0,3,4,9.0,244355.14,5990.344004999999,238369.57,59592.3925,2.25,0.024514908935412607,0.0,238369.57,0.0,0,1.3333333333333333,243,medium,Electronics
C02216,loyal,Islamabad,ICT,2025-01-30,2025-01-18,2025-12-31,0.0,7,10,36.0,1065776.58,40185.396007,1025575.19,102557.519,3.6,0.037705272156571504,16266.0,1009309.19,0.01586036807306152,0,1.4285714285714286,555,medium,Electronics
C02217,regular,Karachi,Sindh,2025-04-18,2025-01-21,2025-12-13,18.0,6,6,15.0,407016.09,4321.452977999999,402701.36,67116.89333333333,2.5,0.010617400845258966,0.0,402701.36,0.0,0,1.0,424,medium,Electronics
C02218,loyal,Islamabad,ICT,2025-03-31,2025-01-26,2025-12-31,0.0,7,11,28.0,791509.9199999999,36704.164048,754808.72,68618.97454545455,2.5454545454545454,0.04637233611424605,3447.14,751361.58,0.004566905374384122,0,1.5714285714285714,555,medium,Electronics
C02219,regular,Karachi,Sindh,2025-08-08,2025-02-15,2025-12-26,5.0,5,6,14.0,81177.99,1641.771667,79536.64,13256.106666666667,2.3333333333333335,0.020224344887080845,0.0,79536.64,0.0,0,1.2,532,medium,Fashion
C02220,regular,Islamabad,ICT,2025-04-13,2025-01-10,2025-12-23,8.0,5,6,14.0,268986.17,1351.141391,267638.24,44606.37333333333,2.3333333333333335,0.005023088700062164,182851.29,84786.94999999998,0.683203155124619,1,1.2,532,medium,Electronics
C02221,regular,Lahore,Punjab,2025-07-03,2025-03-16,2025-12-30,1.0,7,7,19.0,766389.03,44662.980557,721744.41,103106.3442857143,2.7142857142857144,0.058277165784849504,0.0,721744.41,0.0,0,1.0,525,medium,Electronics
C02222,one_time,Lahore,Punjab,2025-09-04,2025-01-19,2025-03-27,279.0,3,3,8.0,77040.11,1714.970395,75324.03,25108.01,2.6666666666666665,0.02226074696674239,0.0,75324.03,0.0,0,1.0,122,medium,Attach & Addons
C02223,loyal,Lahore,Punjab,2025-12-11,2025-01-26,2025-10-08,84.0,7,10,31.0,1651265.64,35771.042989,1615503.18,161550.318,3.1,0.021662803441486255,0.0,1615503.18,0.0,0,1.4285714285714286,255,medium,Electronics
C02224,regular,Lahore,Punjab,2025-10-05,2025-12-08,2025-12-30,1.0,1,3,7.0,564110.4500000001,6513.701863000001,557602.49,185867.49666666667,2.3333333333333335,0.011546855519162959,0.0,557602.49,0.0,0,3.0,555,low,Electronics
C02225,price_sensitive,Karachi,Sindh,2025-04-21,2025-01-09,2025-12-05,26.0,3,3,11.0,71918.20999999999,7219.569106,64699.020000000004,21566.34,3.6666666666666665,0.10038582865174203,0.0,64699.020000000004,0.0,0,1.0,422,medium,Attach & Addons
C02226,high_return,Islamabad,ICT,2025-09-06,2025-03-26,2025-11-06,55.0,3,3,8.0,418156.9,13241.662967,404927.15,134975.71666666667,2.6666666666666665,0.031666733149686155,3099.75,401827.4,0.007655080673153182,0,1.0,324,medium,Electronics
C02227,high_return,Karachi,Sindh,2025-07-01,2025-01-10,2025-10-16,76.0,4,6,19.0,465579.06000000006,2943.283769,462634.49,77105.74833333334,3.1666666666666665,0.0063217700748826626,0.0,462634.49,0.0,0,1.5,254,medium,Electronics
C02228,regular,Islamabad,ICT,2025-12-01,2025-05-01,2025-11-12,49.0,3,3,4.0,37779.17,850.200748,36929.46,12309.82,1.3333333333333333,0.02250448456120132,0.0,36929.46,0.0,0,1.0,321,medium,Fashion
C02229,regular,Lahore,Punjab,2025-06-15,,,,0,0,0.0,0.0,0.0,0.0,0.0,0.0,0.0,0.0,0.0,0.0,0,0.0,111,unknown,
C02230,regular,Lahore,Punjab,2025-07-27,2025-02-08,2025-11-07,54.0,3,3,8.0,264326.15,3058.807556,261267.96000000002,87089.32,2.6666666666666665,0.0115720958974358,0.0,261267.96000000002,0.0,0,1.0,323,medium,Electronics
C02231,one_time,Lahore,Punjab,2025-06-24,2025-01-01,2025-11-21,40.0,3,3,10.0,237144.72,2572.3473209999997,234571.83,78190.61,3.3333333333333335,0.010847162530120847,197714.44,36857.389999999985,0.8428737585412537,1,1.0,321,medium,Electronics
C02232,loyal,Islamabad,ICT,2025-03-31,2025-02-14,2025-12-25,6.0,8,10,35.0,1650660.06,69207.09649899999,1581422.47,158142.247,3.5,0.04192692255424172,0.0,1581422.47,0.0,0,1.25,545,medium,Electronics
C02233,price_sensitive,Lahore,Punjab,2025-06-15,2025-02-16,2025-09-14,108.0,3,3,8.0,49381.979999999996,3325.2538,46057.31,15352.436666666666,2.6666666666666665,0.06733739311384436,0.0,46057.31,0.0,0,1.0,221,medium,Fashion
C02234,one_time,Karachi,Sindh,2025-03-19,2025-08-13,2025-08-13,140.0,1,1,4.0,23925.940000000002,123.391408,23802.66,23802.66,4.0,0.0051572229972991655,0.0,23802.66,0.0,0,1.0,121,medium,Fashion
C02235,regular,Karachi,Sindh,2025-06-12,2025-02-16,2025-12-05,26.0,6,7,12.0,250400.5,5568.432123,244826.27,34975.18142857143,1.7142857142857142,0.022238103050912436,1531.16,243295.11,0.0062540674250357205,0,1.1666666666666667,433,medium,Electronics
C02236,price_sensitive,Karachi,Sindh,2025-08-27,2025-02-04,2025-10-20,72.0,4,5,10.0,63634.97,4508.664805,59126.5,11825.3,2.0,0.0708519985944835,0.0,59126.5,0.0,0,1.25,242,medium,Fashion
C02237,loyal,Islamabad,ICT,2025-05-23,2025-01-29,2025-09-18,104.0,5,7,23.0,882650.85,28722.513648,853941.5599999999,121991.65142857142,3.2857142857142856,0.032541195250647525,226303.90000000002,627637.6599999999,0.2650109920870932,1,1.4,245,medium,Electronics
C02238,regular,Karachi,Sindh,2025-10-10,2025-05-18,2025-08-22,131.0,2,2,3.0,8979.16,31.367631999999997,8947.77,4473.885,1.5,0.003493381563531555,5236.64,3711.13,0.5852452622273483,1,1.0,221,medium,Fashion
C02239,regular,Lahore,Punjab,2025-09-02,2025-02-06,2025-11-21,40.0,4,7,19.0,497633.56,11975.080372,485666.44,69380.92,2.7142857142857144,0.024064053019253767,0.0,485666.44,0.0,0,1.75,354,medium,Electronics
C02240,price_sensitive,Islamabad,ICT,2025-03-01,2025-04-20,2025-12-21,10.0,2,2,5.0,30486.86,4009.155266,26478.879999999997,13239.439999999999,2.5,0.1315043683081826,0.0,26478.879999999997,0.0,0,1.0,521,medium,Attach & Addons
C02241,loyal,Lahore,Punjab,2025-02-27,2025-02-03,2025-12-28,3.0,8,11,31.0,1451386.75,52430.527914,1398941.8699999999,127176.53363636363,2.8181818181818183,0.036124436104987175,43102.090000000004,1355839.7799999998,0.030810493934247608,0,1.375,545,medium,Electronics
C02242,regular,Islamabad,ICT,2025-08-05,2025-01-14,2025-10-01,91.0,3,3,6.0,296712.55,17801.466596,278915.16,92971.71999999999,2.0,0.05999566447728618,0.0,278915.16,0.0,0,1.0,223,medium,Electronics
C02243,high_return,Karachi,Sindh,2025-10-30,2025-04-08,2025-10-21,71.0,4,5,12.0,308209.3,1716.232065,306504.69,61300.938,2.4,0.005568398049637048,0.0,306504.69,0.0,0,1.25,244,medium,Electronics
C02244,one_time,Lahore,Punjab,2025-01-20,2025-02-01,2025-12-18,13.0,5,7,13.0,161900.32,3446.9116149999995,158456.02,22636.574285714283,1.8571428571428572,0.021290332316823087,0.0,158456.02,0.0,0,1.4,543,medium,Electronics
C02245,price_sensitive,Lahore,Punjab,2025-02-28,2025-01-28,2025-10-28,64.0,6,10,27.0,760360.4,70665.193654,689684.53,68968.45300000001,2.7,0.09293644652456914,0.0,689684.53,0.0,0,1.6666666666666667,355,medium,Electronics
C02246,high_return,Islamabad,ICT,2025-05-26,2025-01-02,2025-05-23,222.0,4,4,5.0,240178.22,4045.6884349999996,236143.12,59035.78,1.25,0.016844526681062087,0.0,236143.12,0.0,0,1.0,123,medium,Electronics
C02247,price_sensitive,Lahore,Punjab,2025-09-06,2025-04-24,2025-08-21,132.0,3,3,13.0,394748.86,17193.659388,377558.33999999997,125852.77999999998,4.333333333333333,0.04355594437435488,1373.2,376185.13999999996,0.00363705381266376,0,1.0,124,medium,Electronics
C02248,regular,Karachi,Sindh,2025-01-13,,,,0,0,0.0,0.0,0.0,0.0,0.0,0.0,0.0,0.0,0.0,0.0,0,0.0,111,unknown,
C02249,price_sensitive,Islamabad,ICT,2025-02-13,2025-03-02,2025-12-31,0.0,6,9,17.0,271469.88,27582.813383999997,243885.31,27098.367777777778,1.8888888888888888,0.10160542813810504,0.0,243885.31,0.0,0,1.5,553,medium,Electronics
C02250,loyal,Lahore,Punjab,2025-01-19,2025-05-18,2025-12-27,4.0,3,5,18.0,569272.63,3268.702331,565993.72,113198.74399999999,3.6,0.005741892651680795,0.0,565993.72,0.0,0,1.6666666666666667,555,medium,Electronics
C02251,regular,Islamabad,ICT,2025-08-27,2025-03-18,2025-06-23,191.0,3,3,5.0,108333.48999999999,5947.79514,102382.03,34127.34333333333,1.6666666666666667,0.05490264497155958,3301.18,99080.85,0.032243744336774724,0,1.0,122,medium,Electronics
C02252,regular,Lahore,Punjab,2025-12-03,2025-03-11,2025-12-01,30.0,5,7,24.0,682470.59,9622.017166,672849.22,96121.31714285714,3.4285714285714284,0.014098801189367002,3975.61,668873.61,0.005908619467523497,0,1.4,445,medium,Electronics
C02253,high_return,Karachi,Sindh,2025-04-10,2025-01-12,2025-01-12,353.0,1,1,1.0,1442.62,0.0,1442.62,1442.62,1.0,0.0,0.0,1442.62,0.0,0,1.0,121,medium,Fashion
C02254,regular,Karachi,Sindh,2025-05-02,2025-01-18,2025-11-26,35.0,5,8,28.0,1023785.33,5975.325553000001,1017793.5,127224.1875,3.5,0.005836502416966652,0.0,1017793.5,0.0,0,1.6,455,medium,Electronics
C02255,regular,Karachi,Sindh,2025-12-26,2025-04-03,2025-09-18,104.0,2,3,5.0,26677.25,306.12661,26371.32,8790.44,1.6666666666666667,0.011475193657517174,0.0,26371.32,0.0,0,1.5,251,medium,Fashion
C02256,price_sensitive,Karachi,Sindh,2025-05-25,2025-05-16,2025-12-11,20.0,4,6,18.0,307311.7,24048.924220999997,283264.39,47210.73166666667,3.0,0.07825580419163994,8433.32,274831.07,0.029771903203222965,0,1.5,453,medium,Electronics
C02257,regular,Lahore,Punjab,2025-02-19,2025-02-13,2025-11-16,45.0,4,4,12.0,212026.11,1623.273262,210402.79,52600.6975,3.0,0.007656006432415328,0.0,210402.79,0.0,0,1.0,323,medium,Electronics
C02258,loyal,Karachi,Sindh,2025-10-15,2025-01-04,2025-12-03,28.0,7,9,27.0,582981.44,29361.291362000004,553627.08,61514.119999999995,3.0,0.050364024216620014,0.0,553627.08,0.0,0,1.2857142857142858,445,medium,Electronics
C02259,regular,Islamabad,ICT,2025-11-10,2025-05-02,2025-11-02,59.0,3,3,19.0,487088.0,33905.340974,453192.11,151064.03666666665,6.333333333333333,0.06960824527395461,0.0,453192.11,0.0,0,1.0,324,medium,Electronics
C02260,one_time,Lahore,Punjab,2025-08-27,2025-02-15,2025-06-08,206.0,3,3,6.0,52738.28,284.975584,52451.9,17483.966666666667,2.0,0.0054035813075435915,0.0,52451.9,0.0,0,1.0,121,medium,Electronics
C02261,price_sensitive,Karachi,Sindh,2025-10-23,2025-04-07,2025-11-26,35.0,5,5,12.0,93535.39,6944.857438999999,86592.01,17318.402,2.4,0.07424844691405039,0.0,86592.01,0.0,0,1.0,422,medium,Electronics
C02262,price_sensitive,Islamabad,ICT,2025-08-08,2025-03-11,2025-10-20,72.0,4,4,16.0,663651.81,17393.906119,646240.58,161560.145,4.0,0.026209385489357737,0.0,646240.58,0.0,0,1.0,225,medium,Electronics
C02263,regular,Lahore,Punjab,2025-12-12,2025-04-23,2025-12-23,8.0,3,3,9.0,48206.82,1279.488421,46927.19,15642.396666666667,3.0,0.026541647447394373,2527.2,44399.990000000005,0.053853640075188815,0,1.0,521,medium,Attach & Addons
C02264,price_sensitive,Islamabad,ICT,2025-08-25,2025-03-27,2025-12-29,2.0,3,4,16.0,326754.12,19679.265173,307068.41,76767.1025,4.0,0.06022652498765738,0.0,307068.41,0.0,0,1.3333333333333333,544,medium,Electronics
C02265,regular,Lahore,Punjab,2025-09-16,2025-01-20,2025-12-30,1.0,4,4,11.0,86104.76,5680.721139,80425.03,20106.2575,2.75,0.0659745307808767,0.0,80425.03,0.0,0,1.0,522,medium,Fashion
C02266,price_sensitive,Islamabad,ICT,2025-10-07,2025-04-24,2025-11-26,35.0,3,3,10.0,325592.48000000004,42239.652746,283358.28,94452.76000000001,3.3333333333333335,0.1297316594842731,0.0,283358.28,0.0,0,1.0,423,medium,Electronics
C02267,regular,Karachi,Sindh,2025-06-08,2025-02-27,2025-04-29,246.0,2,2,3.0,24997.43,239.59536400000002,24757.64,12378.82,1.5,0.0095847998774274,0.0,24757.64,0.0,0,1.0,121,medium,Fashion
C02268,regular,Islamabad,ICT,2025-02-14,2025-02-10,2025-03-05,301.0,2,2,6.0,31431.33,1178.229382,30253.32,15126.66,3.0,0.037485826466776936,0.0,30253.32,0.0,0,1.0,121,medium,Fashion
C02269,regular,Islamabad,ICT,2025-03-12,2025-02-16,2025-12-06,25.0,4,5,8.0,345822.89999999997,6510.757580999999,339310.54,67862.108,1.6,0.018826854962467783,2230.51,337080.02999999997,0.006573653739138196,0,1.25,444,medium,Electronics
C02270,regular,Lahore,Punjab,2025-04-13,2025-03-04,2025-11-08,53.0,6,6,12.0,292116.02,762.0519899999999,291354.85,48559.14166666666,2.0,0.002608730565341811,1643.36,289711.49,0.005640407221640553,0,1.0,323,medium,Electronics
C02271,high_return,Lahore,Punjab,2025-11-09,2025-02-22,2025-05-06,239.0,3,3,9.0,324595.74,10947.094547,313655.77,104551.92333333334,3.0,0.033725317981683926,0.0,313655.77,0.0,0,1.0,124,medium,Electronics
C02272,price_sensitive,Karachi,Sindh,2025-10-13,2025-02-13,2025-07-20,164.0,5,6,12.0,108372.41,13382.291523999998,94991.44,15831.906666666668,2.0,0.12348430309891602,0.0,94991.44,0.0,0,1.2,132,medium,Fashion
C02273,regular,Islamabad,ICT,2025-05-26,2025-06-01,2025-08-27,126.0,2,3,9.0,818131.3999999999,19255.128965999997,798877.8999999999,266292.6333333333,3.0,0.023535496823615373,0.0,798877.8999999999,0.0,0,1.5,255,medium,Electronics
C02274,loyal,Islamabad,ICT,2025-08-09,2025-04-13,2025-12-11,20.0,5,7,17.0,959248.72,25226.971096,934031.3,133433.04285714286,2.4285714285714284,0.026298675797034165,2304.54,931726.76,0.0024673048965275575,0,1.4,445,medium,Electronics
C02275,one_time,Islamabad,ICT,2025-04-08,2025-09-08,2025-10-24,68.0,2,3,10.0,68672.48,1784.88561,66887.73,22295.91,3.3333333333333335,0.025991279330526584,0.0,66887.73,0.0,0,1.5,252,medium,Attach & Addons
C02276,regular,Islamabad,ICT,2025-06-22,2025-03-02,2025-10-30,62.0,5,5,11.0,315725.45999999996,5803.362106999999,309915.08,61983.016,2.2,0.01838103935932186,27893.059999999998,282022.02,0.0900022677179826,0,1.0,323,medium,Electronics
C02277,high_return,Karachi,Sindh,2025-12-16,2025-01-05,2025-09-03,119.0,2,2,6.0,66367.76000000001,7132.491973,59233.469999999994,29616.734999999997,3.0,0.10746922862847863,0.0,59233.469999999994,0.0,0,1.0,222,medium,Electronics
C02278,one_time,Lahore,Punjab,2025-05-02,2025-02-19,2025-09-29,93.0,3,4,9.0,386557.1,14024.558907999999,372541.84,93135.46,2.25,0.03628069154078401,0.0,372541.84,0.0,0,1.3333333333333333,244,medium,Electronics
C02279,price_sensitive,Islamabad,ICT,2025-04-18,,,,0,0,0.0,0.0,0.0,0.0,0.0,0.0,0.0,0.0,0.0,0.0,0,0.0,111,unknown,
C02280,one_time,Karachi,Sindh,2025-01-06,2025-05-22,2025-07-03,181.0,2,2,5.0,293405.03,620.6187850000001,292780.87,146390.435,2.5,0.002115228852756887,4208.21,288572.66,0.014373240983948167,0,1.0,123,medium,Electronics
C02281,price_sensitive,Karachi,Sindh,2025-05-26,2025-02-12,2025-12-23,8.0,3,4,12.0,179192.21,19989.516357,159202.84,39800.71,3.0,0.11155348972480444,0.0,159202.84,0.0,0,1.3333333333333333,543,medium,Electronics
C02282,price_sensitive,Karachi,Sindh,2025-04-06,2025-03-17,2025-03-17,289.0,1,1,3.0,247124.54,9684.538576,237441.57,237441.57,3.0,0.03918889874716611,0.0,237441.57,0.0,0,1.0,123,medium,Electronics
C02283,price_sensitive,Karachi,Sindh,2025-07-21,2025-11-13,2025-12-10,21.0,2,2,4.0,158260.08,8905.947174,149355.84999999998,74677.92499999999,2.0,0.05627412278573347,0.0,149355.84999999998,0.0,0,1.0,422,medium,Electronics
C02284,high_return,Karachi,Sindh,2025-04-22,2025-01-23,2025-09-07,115.0,3,3,4.0,72445.18000000001,1063.0922779999999,71381.31,23793.77,1.3333333333333333,0.014674437664451931,55194.2,16187.11,0.7732304156368103,1,1.0,221,medium,Electronics
C02285,regular,Lahore,Punjab,2025-11-19,2025-01-16,2025-11-07,54.0,6,7,21.0,167045.36,3787.337121,163256.88,23322.411428571428,3.0,0.022672507162126505,0.0,163256.88,0.0,0,1.1666666666666667,333,medium,Fashion
C02286,regular,Karachi,Sindh,2025-10-26,2025-01-25,2025-12-24,7.0,5,5,11.0,231418.43,4982.927593,226441.29,45288.258,2.2,0.021532112170149977,0.0,226441.29,0.0,0,1.0,523,medium,Electronics
C02287,regular,Lahore,Punjab,2025-12-03,2025-05-10,2025-12-31,0.0,4,5,11.0,88729.54000000001,756.592091,87972.86,17594.572,2.2,0.008526947068586177,39839.64,48133.22,0.45286284883769834,1,1.25,541,medium,Electronics
C02288,regular,Islamabad,ICT,2025-08-02,2025-05-02,2025-11-24,37.0,3,3,8.0,301878.94,844.730395,301033.99,100344.66333333333,2.6666666666666665,0.0027982422192154247,0.0,301033.99,0.0,0,1.0,324,medium,Electronics
C02289,regular,Islamabad,ICT,2025-10-18,2025-07-02,2025-10-16,76.0,2,2,4.0,22586.32,785.8152110000001,21800.12,10900.06,2.0,0.034791644278483615,0.0,21800.12,0.0,0,1.0,221,medium,Fashion
C02290,regular,Lahore,Punjab,2025-05-30,2025-08-19,2025-12-12,19.0,2,2,5.0,288096.64,751.533727,287344.47000000003,143672.23500000002,2.5,0.0026086167717887998,0.0,287344.47000000003,0.0,0,1.0,423,medium,Electronics
C02291,regular,Lahore,Punjab,2025-09-24,2025-10-19,2025-10-19,73.0,1,1,2.0,27229.27,3200.465912,24028.22,24028.22,2.0,0.11753770527083539,0.0,24028.22,0.0,0,1.0,221,medium,Attach & Addons
C02292,one_time,Islamabad,ICT,2025-01-03,2025-06-05,2025-06-10,204.0,1,2,4.0,16105.74,373.272621,15732.02,7866.01,2.0,0.02317637196428106,0.0,15732.02,0.0,0,2.0,151,medium,Fashion
C02293,regular,Karachi,Sindh,2025-03-17,2025-01-09,2025-12-30,1.0,6,8,22.0,526661.98,5728.016884,520924.62,65115.5775,2.75,0.010876078208645324,0.0,520924.62,0.0,0,1.3333333333333333,545,medium,Electronics
C02294,high_return,Islamabad,ICT,2025-08-13,2025-01-21,2025-12-10,21.0,5,7,19.0,160995.35,12814.778806,148177.4,21168.2,2.7142857142857144,0.07959719834144278,37723.76,110453.63999999998,0.2545851121696021,1,1.4,442,medium,Electronics
C02295,one_time,Karachi,Sindh,2025-09-08,2025-10-29,2025-10-29,63.0,1,1,2.0,12962.8,62.67912,12899.99,12899.99,2.0,0.004835307186718919,0.0,12899.99,0.0,0,1.0,321,medium,Attach & Addons
C02296,regular,Karachi,Sindh,2025-10-06,2025-01-06,2025-07-17,167.0,3,4,13.0,157211.7,1054.13132,156157.18,39039.295,3.25,0.006705170925573605,0.0,156157.18,0.0,0,1.3333333333333333,143,medium,Electronics
C02297,loyal,Lahore,Punjab,2025-05-05,2025-02-28,2025-12-12,19.0,4,4,14.0,143605.71,4215.689548,139391.65,34847.9125,3.5,0.029356002264812456,8290.03,131101.62,0.05947293112607535,0,1.0,422,medium,Attach & Addons
C02298,price_sensitive,Lahore,Punjab,2025-02-16,2025-03-21,2025-12-01,30.0,5,5,10.0,659948.01,48695.774810999996,611276.79,122255.35800000001,2.0,0.0737872894123887,4783.65,606493.14,0.007825669284776867,0,1.0,425,medium,Electronics
C02299,one_time,Islamabad,ICT,2025-08-03,2025-02-19,2025-12-17,14.0,3,3,4.0,36344.07,1016.495178,35328.66,11776.220000000001,1.3333333333333333,0.027968666635299788,0.0,35328.66,0.0,0,1.0,521,medium,Electronics
C02300,one_time,Islamabad,ICT,2025-08-25,2025-12-06,2025-12-06,25.0,1,1,2.0,16204.349999999999,1292.9535799999999,14911.54,14911.54,2.0,0.07979052414937964,0.0,14911.54,0.0,0,1.0,421,medium,Fashion
C02301,high_return,Lahore,Punjab,2025-01-25,2025-03-26,2025-12-23,8.0,4,4,9.0,298360.41,30344.283817,268026.55,67006.6375,2.25,0.10170345260284366,0.0,268026.55,0.0,0,1.0,523,medium,Electronics
C02302,regular,Islamabad,ICT,2025-11-10,2025-02-13,2025-08-29,124.0,3,6,21.0,231911.03999999998,4336.939802,227572.64,37928.77333333334,3.5,0.01870087686209333,129651.66,97920.98000000001,0.5697154983129782,1,2.0,252,medium,Electronics
C02303,one_time,Lahore,Punjab,2025-05-07,2025-01-19,2025-06-18,196.0,3,4,10.0,310024.23000000004,387.924397,309636.10000000003,77409.02500000001,2.5,0.0012512712216074205,0.0,309636.10000000003,0.0,0,1.3333333333333333,144,medium,Electronics
C02304,loyal,Lahore,Punjab,2025-11-30,2025-01-04,2025-12-05,26.0,9,11,34.0,659684.0700000001,13149.042185999999,646538.0599999999,58776.187272727264,3.090909090909091,0.019932332436040177,0.0,646538.0599999999,0.0,0,1.2222222222222223,445,medium,Electronics
C02305,price_sensitive,Islamabad,ICT,2025-02-17,2025-02-03,2025-10-02,90.0,4,4,10.0,516626.47000000003,40188.914736000006,476425.4,119106.35,2.5,0.07779104840679187,1600.23,474825.17000000004,0.0033588259568024708,0,1.0,224,medium,Electronics
C02306,price_sensitive,Karachi,Sindh,2025-04-09,2025-06-02,2025-09-26,96.0,3,3,8.0,134604.34,14598.685649000001,120007.95,40002.65,2.6666666666666665,0.10845627747961174,3765.35,116242.59999999999,0.03137583801739802,0,1.0,222,medium,Electronics
C02307,price_sensitive,Karachi,Sindh,2025-03-26,2025-04-26,2025-12-09,22.0,5,6,19.0,339815.35000000003,19359.375896,320459.32,53409.886666666665,3.1666666666666665,0.0569702807598303,0.0,320459.32,0.0,0,1.2,434,medium,Electronics
C02308,regular,Lahore,Punjab,2025-06-22,2025-03-20,2025-10-11,81.0,4,5,13.0,115134.40000000001,1392.2261280000002,113742.76,22748.552,2.6,0.012092182075904335,15771.42,97971.34,0.13865867154973205,1,1.25,242,medium,Electronics
C02309,price_sensitive,Islamabad,ICT,2025-07-28,2025-03-17,2025-07-18,166.0,3,3,9.0,68378.51,15208.872016,53170.49,17723.496666666666,3.0,0.22242181082916257,0.0,53170.49,0.0,0,1.0,121,medium,Electronics
C02310,price_sensitive,Karachi,Sindh,2025-03-05,2025-03-06,2025-11-22,39.0,4,5,8.0,68025.08,4846.793094000001,63178.95,12635.789999999999,1.6,0.07125009031962917,3953.82,59225.13,0.06258128696345856,0,1.25,342,medium,Fashion
C02311,price_sensitive,Lahore,Punjab,2025-05-01,2025-01-30,2025-11-28,33.0,3,4,12.0,291885.5,26130.155121,265752.26,66438.065,3.0,0.08952193624212233,2415.2,263337.06,0.009088163539982689,0,1.3333333333333333,443,medium,Electronics
C02312,one_time,Lahore,Punjab,2025-02-23,2025-06-28,2025-06-28,186.0,1,1,3.0,35564.83,7.452208000000001,35557.19,35557.19,3.0,0.00020953869314151087,0.0,35557.19,0.0,0,1.0,121,medium,Attach & Addons
C02313,price_sensitive,Islamabad,ICT,2025-09-29,2025-03-26,2025-10-13,79.0,2,2,3.0,19315.86,1874.946732,17441.69,8720.845,1.5,0.0970677325265352,0.0,17441.69,0.0,0,1.0,221,medium,Electronics
C02314,high_return,Islamabad,ICT,2025-01-18,2025-04-22,2025-12-07,24.0,4,4,12.0,99460.20999999999,1176.292118,98284.59,24571.1475,3.0,0.011826760852405199,0.0,98284.59,0.0,0,1.0,422,medium,Electronics
C02315,regular,Lahore,Punjab,2025-07-06,2025-04-06,2025-05-31,214.0,2,3,11.0,440628.15,15747.867509000002,424884.13,141628.04333333333,3.6666666666666665,0.03573958565516071,236013.84,188870.29,0.5554781252950068,1,1.5,153,medium,Electronics
C02316,high_return,Karachi,Sindh,2025-09-19,2025-01-02,2025-10-22,70.0,5,6,11.0,659865.5700000001,5381.327082000001,654480.7000000001,109080.11666666668,1.8333333333333333,0.008155186945122777,4038.15,650442.55,0.00617000623547799,0,1.2,235,medium,Electronics
C02317,regular,Islamabad,ICT,2025-08-27,2025-02-21,2025-11-22,39.0,6,7,19.0,586824.3400000001,20872.597179,565947.53,80849.64714285715,2.7142857142857144,0.03556873114533729,10138.41,555809.12,0.017914045848031176,0,1.1666666666666667,335,medium,Electronics
C02318,loyal,Islamabad,ICT,2025-03-17,2025-01-13,2025-10-06,86.0,8,13,40.0,865626.02,12488.128897,853138.37,65626.02846153846,3.076923076923077,0.014426702303842484,0.0,853138.37,0.0,0,1.625,255,medium,Electronics
C02319,one_time,Islamabad,ICT,2025-09-03,2025-02-01,2025-10-13,79.0,2,2,3.0,266764.11,1925.55923,264829.33999999997,132414.66999999998,1.5,0.007218209488525275,0.0,264829.33999999997,0.0,0,1.0,223,medium,Electronics
C02320,one_time,Karachi,Sindh,2025-11-11,,,,0,0,0.0,0.0,0.0,0.0,0.0,0.0,0.0,0.0,0.0,0.0,0,0.0,111,unknown,
C02321,one_time,Karachi,Sindh,2025-03-20,2025-05-02,2025-12-16,15.0,3,3,10.0,78727.12,2589.0627750000003,76138.84999999999,25379.616666666665,3.3333333333333335,0.03288654246465513,21530.99,54607.859999999986,0.28278585767975223,1,1.0,422,medium,Fashion
C02322,price_sensitive,Lahore,Punjab,2025-09-20,2025-04-01,2025-12-29,2.0,4,4,7.0,244623.69,24581.33031,220039.78,55009.945,1.75,0.10048630330938103,0.0,220039.78,0.0,0,1.0,523,medium,Electronics
C02323,loyal,Islamabad,ICT,2025-03-04,2025-03-09,2025-11-07,54.0,5,5,12.0,506833.07999999996,18983.932912999997,487851.58,97570.316,2.4,0.03745598632393923,2754.77,485096.81,0.00564673788696144,0,1.0,324,medium,Electronics
C02324,loyal,Karachi,Sindh,2025-01-12,2025-01-18,2025-12-30,1.0,7,10,31.0,642791.7000000001,18745.75673,624036.89,62403.689,3.1,0.02916303482138926,51428.600000000006,572608.29,0.08241275607921193,0,1.4285714285714286,555,medium,Electronics
C02325,one_time,Karachi,Sindh,2025-02-12,2025-02-18,2025-12-10,21.0,5,5,12.0,247163.25,6519.010054,240644.92,48128.984000000004,2.4,0.02637532098319633,0.0,240644.92,0.0,0,1.0,423,medium,Attach & Addons
C02326,regular,Islamabad,ICT,2025-09-10,2025-01-15,2025-11-15,46.0,5,5,15.0,338024.39999999997,1254.4515219999998,336770.36,67354.072,3.0,0.003711127131650851,0.0,336770.36,0.0,0,1.0,324,medium,Electronics
C02327,price_sensitive,Karachi,Sindh,2025-10-19,2025-03-19,2025-08-06,147.0,5,6,17.0,177244.5,9536.195767,167710.46,27951.743333333332,2.8333333333333335,0.053802491851651243,0.0,167710.46,0.0,0,1.2,133,medium,Electronics
C02328,regular,Lahore,Punjab,2025-11-21,2025-04-21,2025-12-10,21.0,5,5,19.0,884327.06,33485.294716,850817.06,170163.412,3.8,0.0378652833669932,0.0,850817.06,0.0,0,1.0,425,medium,Electronics
C02329,loyal,Karachi,Sindh,2025-10-19,2025-03-26,2025-12-30,1.0,7,9,23.0,453217.51,35538.249274,417669.79,46407.75444444444,2.5555555555555554,0.0784132309318764,0.0,417669.79,0.0,0,1.2857142857142858,544,medium,Electronics
C02330,one_time,Karachi,Sindh,2025-12-15,2025-04-27,2025-12-10,21.0,5,6,18.0,202570.93,10399.766611000001,192171.66999999998,32028.611666666664,3.0,0.05133888959783125,0.0,192171.66999999998,0.0,0,1.2,433,medium,Electronics
C02331,high_return,Lahore,Punjab,2025-04-11,2025-02-03,2025-11-27,34.0,5,7,19.0,186152.43,6470.439011,179683.6,25669.085714285717,2.7142857142857144,0.03475882109623818,17002.62,162680.98,0.09462533030282118,0,1.4,443,medium,Electronics
C02332,loyal,Islamabad,ICT,2025-09-27,2025-01-27,2025-11-23,38.0,6,9,29.0,1760737.19,104940.804013,1655805.57,183978.39666666667,3.2222222222222223,0.059600492685112194,0.0,1655805.57,0.0,0,1.5,355,medium,Electronics
C02333,regular,Karachi,Sindh,2025-06-29,2025-02-19,2025-08-09,144.0,3,3,9.0,370089.0,22915.858386,347170.64,115723.54666666668,3.0,0.06191985815844297,0.0,347170.64,0.0,0,1.0,124,medium,Electronics
C02334,one_time,Lahore,Punjab,2025-10-20,2025-03-11,2025-10-20,72.0,5,6,16.0,302006.03,11958.297548999999,290050.58,48341.763333333336,2.6666666666666665,0.03959622113836601,27458.77,262591.81,0.09466890223077644,0,1.2,233,medium,Electronics
C02335,regular,Islamabad,ICT,2025-08-16,2025-01-04,2025-12-09,22.0,7,9,26.0,402137.14,9809.610196,392328.08,43592.00888888889,2.888888888888889,0.02439369364391461,5584.57,386743.51,0.014234438687131442,0,1.2857142857142858,444,medium,Electronics
C02336,regular,Lahore,Punjab,2025-10-02,2025-01-20,2025-07-27,157.0,3,3,12.0,206709.95,2921.98552,203788.14,67929.38,4.0,0.01413567910011105,0.0,203788.14,0.0,0,1.0,123,medium,Electronics
C02337,price_sensitive,Karachi,Sindh,2025-01-21,2025-02-16,2025-11-21,40.0,4,7,17.0,976674.04,75777.896295,900889.2,128698.45714285714,2.4285714285714284,0.07758770397439867,0.0,900889.2,0.0,0,1.75,355,medium,Electronics
C02338,regular,Lahore,Punjab,2025-01-27,2025-04-04,2025-06-29,185.0,2,2,3.0,35297.51,277.237614,35020.759999999995,17510.379999999997,1.5,0.007854310799826956,25114.3,9906.459999999995,0.7171260703651207,1,1.0,121,medium,Electronics
C02339,regular,Karachi,Sindh,2025-10-12,2025-01-29,2025-12-16,15.0,4,4,7.0,224658.9,4527.598838999999,220125.84,55031.46,1.75,0.020153213778755258,0.0,220125.84,0.0,0,1.0,423,medium,Electronics
C02340,price_sensitive,Islamabad,ICT,2025-11-22,2025-06-20,2025-06-20,194.0,1,1,1.0,1507.15,75.809645,1431.27,1431.27,1.0,0.0503,0.0,1431.27,0.0,0,1.0,121,medium,Fashion
C02341,one_time,Islamabad,ICT,2025-08-12,2025-07-14,2025-11-06,55.0,3,3,4.0,15021.08,278.59044900000004,14742.67,4914.223333333333,1.3333333333333333,0.01854663239926823,0.0,14742.67,0.0,0,1.0,321,medium,Fashion
C02342,regular,Lahore,Punjab,2025-12-22,2025-01-14,2025-10-09,83.0,6,7,18.0,244732.9,2536.984751,242192.84,34598.97714285714,2.5714285714285716,0.010366341227517837,18405.36,223787.47999999998,0.07599464955281089,0,1.1666666666666667,233,medium,Attach & Addons
C02343,high_return,Karachi,Sindh,2025-10-02,2025-01-11,2025-10-28,64.0,5,5,10.0,113599.49,5541.990105,108054.94,21610.988,2.0,0.04878534318243858,12513.05,95541.89,0.1158026648295765,1,1.0,322,medium,Electronics
C02344,regular,Islamabad,ICT,2025-05-21,2025-01-10,2025-04-25,250.0,3,3,4.0,386328.07,289.02441600000003,386038.84,128679.61333333334,1.3333333333333333,0.0007481320629898833,0.0,386038.84,0.0,0,1.0,124,medium,Electronics
C02345,price_sensitive,Lahore,Punjab,2025-08-09,2025-05-10,2025-12-07,24.0,4,4,11.0,939493.52,44989.015198,894530.0,223632.5,2.75,0.047886456096046304,232913.97,661616.03,0.2603758062893363,1,1.0,425,medium,Electronics
C02346,one_time,Islamabad,ICT,2025-06-29,2025-03-04,2025-11-29,32.0,3,4,11.0,143294.85,2247.8358639999997,141050.91999999998,35262.729999999996,2.75,0.015686787515392212,0.0,141050.91999999998,0.0,0,1.3333333333333333,442,medium,Electronics
C02347,regular,Islamabad,ICT,2025-11-25,2025-05-12,2025-12-29,2.0,3,5,13.0,697096.13,64516.535107,632587.3,126517.46,2.6,0.09255041353765657,444185.42,188401.88000000006,0.7021725222747911,1,1.6666666666666667,553,medium,Electronics
C02348,price_sensitive,Karachi,Sindh,2025-02-07,2025-05-28,2025-12-09,22.0,3,3,7.0,440958.51,29860.405859000002,411101.3,137033.76666666666,2.3333333333333335,0.06771704181193827,0.0,411101.3,0.0,0,1.0,424,medium,Electronics
C02349,price_sensitive,Islamabad,ICT,2025-08-27,2025-01-11,2025-11-17,44.0,3,6,13.0,210790.98,14482.342712000001,196313.02,32718.836666666666,2.1666666666666665,0.06870475535528134,15132.900000000001,181180.12,0.07708556467625022,0,2.0,353,medium,Electronics
C02350,regular,Islamabad,ICT,2025-05-28,2025-06-12,2025-06-26,188.0,1,2,9.0,264938.5,3082.330164,261861.55,130930.775,4.5,0.011634134578402157,0.0,261861.55,0.0,0,2.0,153,medium,Electronics
C02351,regular,Karachi,Sindh,2025-02-19,2025-01-01,2025-12-29,2.0,4,4,9.0,155127.95,15156.704078,139972.14,34993.035,2.25,0.09770453408299407,0.0,139972.14,0.0,0,1.0,522,medium,Attach & Addons
C02352,one_time,Islamabad,ICT,2025-12-09,2025-09-30,2025-10-10,82.0,2,2,9.0,90406.17,4297.757464,86107.01999999999,43053.509999999995,4.5,0.04753832027172482,0.0,86107.01999999999,0.0,0,1.0,222,medium,Electronics
C02353,regular,Islamabad,ICT,2025-06-14,2025-03-12,2025-09-12,110.0,3,3,7.0,85743.82,10886.319093,74856.99,24952.33,2.3333333333333335,0.12696330876091128,21989.4,52867.590000000004,0.2937521265549149,1,1.0,221,medium,Attach & Addons
C02354,loyal,Karachi,Sindh,2025-11-20,2025-01-14,2025-11-09,52.0,5,7,23.0,540670.89,14819.097326,525861.55,75123.07857142857,3.2857142857142856,0.027408720536073246,5235.33,520626.22000000003,0.009955719333349242,0,1.4,345,medium,Electronics
C02355,price_sensitive,Karachi,Sindh,2025-10-17,2025-05-05,2025-12-03,28.0,2,2,3.0,65394.96,12084.950331,53310.69,26655.345,1.5,0.18479941467966338,0.0,53310.69,0.0,0,1.0,421,medium,Electronics
C02356,loyal,Islamabad,ICT,2025-05-17,2025-01-05,2025-12-24,7.0,9,11,52.0,1701164.35,38762.115443,1662366.7,151124.24545454545,4.7272727272727275,0.0227856382265476,4680.64,1657686.06,0.0028156483163431995,0,1.2222222222222223,545,medium,Electronics
C02357,price_sensitive,Islamabad,ICT,2025-05-15,2025-01-28,2025-12-30,1.0,3,3,6.0,47502.57,2576.896898,44925.229999999996,14975.076666666666,2.0,0.05424752593386,0.0,44925.229999999996,0.0,0,1.0,521,medium,Attach & Addons
C02358,loyal,Islamabad,ICT,2025-06-08,2025-03-12,2025-12-28,3.0,8,14,49.0,1015992.58,21145.279012,994863.34,71061.66714285714,3.5,0.020812434488448724,36772.85,958090.49,0.03696271489911368,0,1.75,555,medium,Electronics
C02359,high_return,Islamabad,ICT,2025-12-07,2025-04-05,2025-11-12,49.0,3,3,11.0,177702.36,3674.4424440000003,174028.35,58009.450000000004,3.6666666666666665,0.020677510664461635,0.0,174028.35,0.0,0,1.0,323,medium,Electronics
C02360,regular,Lahore,Punjab,2025-12-05,2025-03-06,2025-12-27,4.0,5,8,21.0,374002.03,20576.447501,353425.99,44178.24875,2.625,0.055016940686124075,0.0,353425.99,0.0,0,1.6,554,medium,Electronics
C02361,regular,Islamabad,ICT,2025-10-15,2025-02-02,2025-12-30,1.0,6,7,15.0,101463.55,1642.2130510000002,99820.36,14260.051428571429,2.142857142857143,0.01618525126510949,3294.51,96525.85,0.03300438908455149,0,1.1666666666666667,532,medium,Fashion
C02362,high_return,Karachi,Sindh,2025-05-18,2025-01-07,2025-10-19,73.0,8,8,14.0,137166.39,7296.269556,129870.33,16233.79125,1.75,0.05319283795396233,42936.64,86933.69,0.3306116185274958,1,1.0,222,medium,Electronics
C02363,one_time,Karachi,Sindh,2025-11-12,2025-01-17,2025-10-17,75.0,5,5,7.0,48644.32,2430.914461,46212.36,9242.472,1.4,0.04997324376206718,21103.89,25108.47,0.4566719812621558,1,1.0,221,medium,Fashion
C02364,regular,Karachi,Sindh,2025-12-18,2025-04-01,2025-11-21,40.0,3,4,16.0,103777.06,2410.518903,101365.89,25341.4725,4.0,0.023227858863991716,14765.65,86600.24,0.1456668510482175,1,1.3333333333333333,342,medium,Attach & Addons
C02365,regular,Karachi,Sindh,2025-10-29,2025-07-03,2025-11-28,33.0,4,6,9.0,276772.99,602.6727020000001,276170.99,46028.49833333333,1.5,0.0021774982522680415,0.0,276170.99,0.0,0,1.5,453,medium,Electronics
C02366,loyal,Islamabad,ICT,2025-04-17,2025-01-13,2025-12-19,12.0,7,8,32.0,810375.26,41310.111949000006,769069.48,96133.685,4.0,0.0509765216043244,0.0,769069.48,0.0,0,1.1428571428571428,535,medium,Electronics
C02367,price_sensitive,Islamabad,ICT,2025-12-07,2025-03-05,2025-09-29,93.0,3,4,9.0,294719.73,19270.449821000002,275454.05000000005,68863.51250000001,2.25,0.06538567954374823,5430.96,270023.09,0.01971639189912074,0,1.3333333333333333,243,medium,Electronics
C02368,regular,Lahore,Punjab,2025-11-02,2025-01-10,2025-07-16,168.0,3,5,15.0,422068.52,19042.764257,403039.32,80607.864,3.0,0.04511770803707416,44674.68,358364.64,0.110844470460103,1,1.6666666666666667,154,medium,Electronics
C02369,price_sensitive,Islamabad,ICT,2025-07-28,2025-03-28,2025-12-22,9.0,4,4,4.0,18662.15,1709.081166,16953.43,4238.3575,1.0,0.0915800787154749,3534.88,13418.55,0.20850529951756075,1,1.0,521,medium,Fashion
C02370,regular,Karachi,Sindh,2025-12-14,2025-04-28,2025-08-29,124.0,4,4,12.0,677241.3999999999,2767.662686,674462.5399999999,168615.63499999998,3.0,0.004086670847352215,0.0,674462.5399999999,0.0,0,1.0,225,medium,Electronics
C02371,price_sensitive,Islamabad,ICT,2025-02-16,2025-01-11,2025-12-17,14.0,4,4,7.0,62397.630000000005,4310.80825,58087.78,14521.945,1.75,0.06908608948769368,0.0,58087.78,0.0,0,1.0,522,medium,Fashion
C02372,price_sensitive,Lahore,Punjab,2025-04-16,2025-03-20,2025-12-21,10.0,4,6,13.0,839598.8400000001,60345.28823600001,779277.4600000001,129879.57666666668,2.1666666666666665,0.0718739537991739,4222.35,775055.1100000001,0.005418288371897732,0,1.5,555,medium,Electronics
C02373,regular,Islamabad,ICT,2025-04-16,2025-04-20,2025-11-11,50.0,3,3,5.0,59906.840000000004,2307.275907,57600.149999999994,19200.05,1.6666666666666667,0.03851439847269527,0.0,57600.149999999994,0.0,0,1.0,322,medium,Electronics
C02374,regular,Islamabad,ICT,2025-04-18,2025-01-27,2025-04-17,258.0,2,2,5.0,38865.94,2706.777263,36160.32,18080.16,2.5,0.06964394179067841,0.0,36160.32,0.0,0,1.0,121,medium,Fashion
C02375,loyal,Karachi,Sindh,2025-10-23,2025-01-01,2025-12-03,28.0,8,10,33.0,608763.28,22321.726674,586449.53,58644.953,3.3,0.036667334261685426,4274.17,582175.36,0.0072882145544562035,0,1.25,445,medium,Electronics
C02376,loyal,Lahore,Punjab,2025-11-27,2025-04-02,2025-11-29,32.0,4,9,31.0,462035.9,20292.234858,441746.01,49082.89,3.4444444444444446,0.04391917350578169,4114.16,437631.85000000003,0.009313406135801883,0,2.25,454,medium,Electronics
C02377,regular,Islamabad,ICT,2025-01-12,2025-01-04,2025-11-28,33.0,4,4,7.0,46407.76,969.213264,45438.83,11359.7075,1.75,0.020884724106485637,0.0,45438.83,0.0,0,1.0,421,medium,Attach & Addons
C02378,price_sensitive,Islamabad,ICT,2025-10-10,2025-01-16,2025-12-12,19.0,4,6,23.0,809835.34,56979.032213,752855.8,125475.96666666667,3.8333333333333335,0.07035878702576749,0.0,752855.8,0.0,0,1.5,455,medium,Electronics
C02379,high_return,Lahore,Punjab,2025-11-01,2025-01-06,2025-10-09,83.0,6,6,20.0,1200443.0,67605.186298,1132820.92,188803.48666666666,3.3333333333333335,0.05631686493902668,9982.61,1122838.3099999998,0.008812169535145945,0,1.0,225,medium,Electronics
C02380,regular,Islamabad,ICT,2025-11-12,2025-01-14,2025-08-19,134.0,3,3,6.0,34499.64,1522.3828930000002,32977.09,10992.363333333333,2.0,0.044127500837689904,0.0,32977.09,0.0,0,1.0,121,medium,Fashion
C02381,loyal,Lahore,Punjab,2025-03-25,2025-01-02,2025-09-25,97.0,4,5,19.0,322685.72000000003,15134.410244,307555.02,61511.004,3.8,0.04690139447137605,196455.59,111099.43000000002,0.6387656751627725,1,1.25,242,medium,Electronics
C02382,price_sensitive,Lahore,Punjab,2025-10-08,2025-01-12,2025-12-01,30.0,3,3,10.0,384105.34,29675.334553,354422.5,118140.83333333333,3.3333333333333335,0.07725832333650971,16363.88,338058.62,0.046170545041581725,0,1.0,424,medium,Electronics
C02383,loyal,Karachi,Sindh,2025-09-23,2025-02-15,2025-12-23,8.0,3,4,9.0,156323.78,6575.538099,149752.63999999998,37438.159999999996,2.25,0.04206358174680781,0.0,149752.63999999998,0.0,0,1.3333333333333333,543,medium,Electronics
C02384,regular,Islamabad,ICT,2025-10-23,2025-04-22,2025-11-28,33.0,5,5,10.0,73654.05,5714.643462999999,67940.01000000001,13588.002000000002,2.0,0.07758763385041283,0.0,67940.01000000001,0.0,0,1.0,422,medium,Fashion
C02385,price_sensitive,Lahore,Punjab,2025-12-27,2025-03-11,2025-03-11,295.0,1,1,5.0,41361.270000000004,1447.5017189999999,39914.03,39914.03,5.0,0.03499654916302134,0.0,39914.03,0.0,0,1.0,121,medium,Fashion
C02386,high_return,Lahore,Punjab,2025-10-30,2025-03-05,2025-03-12,294.0,1,2,4.0,17660.579999999998,1659.2050559999998,16001.06,8000.53,2.0,0.09394963562918092,10330.25,5670.8099999999995,0.6455978541421631,1,2.0,151,medium,Attach & Addons
C02387,loyal,Lahore,Punjab,2025-07-27,2025-02-21,2025-12-05,26.0,8,9,22.0,589816.76,28532.206447,561283.4,62364.822222222225,2.4444444444444446,0.04837469597676404,179119.98,382163.42000000004,0.3191257393323943,1,1.125,434,medium,Electronics
C02388,price_sensitive,Karachi,Sindh,2025-07-04,2025-01-04,2025-12-17,14.0,5,5,20.0,711784.64,62142.760715000004,649648.78,129929.75600000001,4.0,0.08730556578883186,32805.950000000004,616842.8300000001,0.050497978307601846,0,1.0,525,medium,Electronics
C02389,regular,Islamabad,ICT,2025-12-29,2025-12-14,2025-12-14,17.0,1,2,5.0,328322.10000000003,5127.171867,323199.20999999996,161599.60499999998,2.5,0.015616286162277835,0.0,323199.20999999996,0.0,0,2.0,454,medium,Electronics
C02390,loyal,Karachi,Sindh,2025-12-02,2025-03-22,2025-12-16,15.0,7,8,21.0,387520.74,14344.968373,373170.14,46646.2675,2.625,0.037017291959650984,0.0,373170.14,0.0,0,1.1428571428571428,434,medium,Electronics
C02391,one_time,Karachi,Sindh,2025-03-30,2025-03-06,2025-03-26,280.0,1,2,8.0,91238.98,3185.3845380000002,88051.88,44025.94,4.0,0.03491253999113099,0.0,88051.88,0.0,0,2.0,152,medium,Attach & Addons
C02392,regular,Lahore,Punjab,2025-03-14,2025-01-02,2025-04-09,266.0,2,2,9.0,357606.34,495.440744,357107.17,178553.585,4.5,0.001385436130690524,0.0,357107.17,0.0,0,1.0,124,medium,Electronics
C02393,one_time,Lahore,Punjab,2025-07-20,2025-12-27,2025-12-27,4.0,1,1,1.0,4466.97,129.98882700000001,4336.81,4336.81,1.0,0.0291,0.0,4336.81,0.0,0,1.0,521,medium,Fashion
C02394,high_return,Lahore,Punjab,2025-08-14,2025-03-29,2025-12-12,19.0,4,4,7.0,166749.66999999998,3752.6961309999997,163001.01,40750.2525,1.75,0.022504968861407643,0.0,163001.01,0.0,0,1.0,423,medium,Electronics
C02395,regular,Lahore,Punjab,2025-02-08,2025-02-28,2025-08-20,133.0,5,8,21.0,348062.92,71043.38101800001,277021.49,34627.68625,2.625,0.20411074244277447,1986.91,275034.58,0.007172403844914704,0,1.6,153,medium,Electronics
C02396,high_return,Karachi,Sindh,2025-11-17,2025-01-16,2025-10-10,82.0,3,3,8.0,66314.06999999999,1590.1782979999998,64724.25,21574.75,2.6666666666666665,0.023979500851026035,0.0,64724.25,0.0,0,1.0,222,medium,Fashion
C02397,regular,Lahore,Punjab,2025-06-13,2025-01-24,2025-11-16,45.0,4,5,16.0,496971.5,24663.203962,472306.45,94461.29000000001,3.2,0.04962699865485244,0.0,472306.45,0.0,0,1.25,344,medium,Electronics
C02398,price_sensitive,Islamabad,ICT,2025-06-08,2025-01-13,2025-12-02,29.0,7,8,23.0,1039363.93,108651.491213,930713.71,116339.21375,2.875,0.10453652284527518,0.0,930713.71,0.0,0,1.1428571428571428,435,medium,Electronics
C02399,regular,Karachi,Sindh,2025-07-13,2025-05-28,2025-05-28,217.0,1,1,2.0,7867.2,0.0,7867.21,7867.21,2.0,0.0,0.0,7867.21,0.0,0,1.0,121,medium,Attach & Addons
C02400,loyal,Lahore,Punjab,2025-01-12,2025-01-08,2025-12-12,19.0,4,9,34.0,736790.67,28609.671529000003,708190.54,78687.83777777778,3.7777777777777777,0.038830121897444766,0.0,708190.54,0.0,0,2.25,455,low,Electronics
C02401,high_return,Islamabad,ICT,2025-12-06,2025-02-24,2025-12-05,26.0,5,5,10.0,295976.07999999996,6412.305072000001,289575.58999999997,57915.117999999995,2.0,0.02166494357246708,10878.0,278697.58999999997,0.03756532102723162,0,1.0,423,medium,Electronics
C02402,high_return,Lahore,Punjab,2025-10-07,2025-01-17,2025-12-08,23.0,5,5,14.0,131173.17,5563.366316000001,125609.82,25121.964,2.8,0.04241237987920853,0.0,125609.82,0.0,0,1.0,422,medium,Attach & Addons
C02403,one_time,Islamabad,ICT,2025-04-20,2025-07-23,2025-12-02,29.0,4,4,11.0,363979.85000000003,11655.861422,352318.13,88079.5325,2.75,0.03202337003545663,0.0,352318.13,0.0,0,1.0,424,medium,Electronics
C02404,loyal,Lahore,Punjab,2025-05-26,2025-01-11,2025-12-09,22.0,7,8,26.0,840366.9600000001,45058.626544,795317.0,99414.625,3.25,0.05361779875781884,2928.6,792388.4,0.003682305294618372,0,1.1428571428571428,435,medium,Electronics
C02405,loyal,Lahore,Punjab,2025-06-11,2025-02-27,2025-12-22,9.0,5,8,20.0,583812.49,15651.790036,568153.48,71019.185,2.5,0.02680961833481843,83179.16,484974.31999999995,0.1464026234601256,1,1.6,554,medium,Electronics
C02406,regular,Karachi,Sindh,2025-11-28,2025-10-04,2025-12-23,8.0,3,4,6.0,258591.22999999998,1230.289247,257355.0,64338.75,1.5,0.004757660369997853,0.0,257355.0,0.0,0,1.3333333333333333,543,medium,Electronics
C02407,price_sensitive,Lahore,Punjab,2025-02-05,2025-03-26,2025-12-29,2.0,6,9,22.0,201916.41,21585.399069,180330.99,20036.776666666665,2.4444444444444446,0.10690264881888499,0.0,180330.99,0.0,0,1.5,553,medium,Electronics
C02408,regular,Islamabad,ICT,2025-01-22,2025-09-21,2025-09-28,94.0,1,2,3.0,21800.11,351.57147199999997,21448.54,10724.27,1.5,0.016127050368094472,0.0,21448.54,0.0,0,2.0,251,medium,Fashion
C02409,one_time,Islamabad,ICT,2025-12-02,2025-03-24,2025-03-24,282.0,1,1,3.0,20953.35,152.35059,20801.45,20801.45,3.0,0.007270941878029051,0.0,20801.45,0.0,0,1.0,121,medium,Fashion
C02410,regular,Karachi,Sindh,2025-08-05,2025-03-14,2025-12-11,20.0,6,7,13.0,300846.86,2358.530683,298487.31,42641.044285714284,1.8571428571428572,0.007839638688600572,24907.6,273579.71,0.08344609357094611,0,1.1666666666666667,433,medium,Electronics
C02411,price_sensitive,Lahore,Punjab,2025-06-13,2025-03-21,2025-06-04,210.0,3,3,13.0,228226.99,14687.460446000001,213539.04,71179.68000000001,4.333333333333333,0.06435461662969837,0.0,213539.04,0.0,0,1.0,123,medium,Electronics
C02412,high_return,Karachi,Sindh,2025-10-21,2025-12-20,2025-12-20,11.0,1,1,1.0,8301.21,537.0882869999999,7764.36,7764.36,1.0,0.0647,0.0,7764.36,0.0,0,1.0,521,medium,Fashion
C02413,price_sensitive,Lahore,Punjab,2025-12-31,2025-01-16,2025-12-01,30.0,7,10,18.0,737194.8500000001,104567.706002,632626.88,63262.688,1.8,0.14184541034436146,166998.09,465628.79000000004,0.2639756470670358,1,1.4285714285714286,454,medium,Electronics
C02414,price_sensitive,Karachi,Sindh,2025-07-06,2025-01-31,2025-11-03,58.0,5,5,16.0,343628.15,35304.44006,308333.21,61666.64200000001,3.2,0.10274024424366862,0.0,308333.21,0.0,0,1.0,324,medium,Electronics
C02415,regular,Lahore,Punjab,2025-05-29,2025-02-12,2025-12-11,20.0,7,8,29.0,522248.95,6925.452554,515313.52,64414.19,3.625,0.01326082619026807,23573.27,491740.25,0.04574549101680856,0,1.1428571428571428,434,medium,Electronics
C02416,high_return,Lahore,Punjab,2025-08-19,2025-04-17,2025-11-29,32.0,3,5,8.0,49089.82,757.2081809999999,48332.75,9666.55,1.6,0.015424953299889873,0.0,48332.75,0.0,0,1.6666666666666667,451,medium,Fashion
C02417,loyal,Karachi,Sindh,2025-07-17,2025-01-23,2025-11-19,42.0,8,15,51.0,1217762.9100000001,56262.241419,1161506.33,77433.75533333333,3.4,0.046201309759877636,2773.53,1158732.8,0.0023878733403028462,0,1.875,355,medium,Electronics
C02418,regular,Karachi,Sindh,2025-12-03,2025-03-26,2025-10-26,66.0,4,4,13.0,127912.26,808.131666,127103.68000000001,31775.920000000002,3.25,0.006317859335766564,0.0,127103.68000000001,0.0,0,1.0,322,medium,Electronics
C02419,regular,Karachi,Sindh,2025-05-22,2025-03-02,2025-10-16,76.0,4,5,14.0,648190.8200000001,31345.595139999998,616841.21,123368.242,2.8,0.048358591594987406,217163.84,399677.37,0.35205793075984665,1,1.25,244,medium,Electronics
C02420,loyal,Karachi,Sindh,2025-02-15,2025-03-12,2025-08-24,129.0,4,6,18.0,578842.15,26845.729633,552005.89,92000.98166666667,3.0,0.04637832547785264,0.0,552005.89,0.0,0,1.5,255,medium,Electronics
C02421,loyal,Lahore,Punjab,2025-02-13,2025-01-07,2025-12-30,1.0,8,9,28.0,932982.25,37191.12712899999,895799.85,99533.31666666667,3.111111111111111,0.0398626309653801,17849.18,877950.6699999999,0.01992541079349366,0,1.125,535,medium,Electronics
C02422,regular,Lahore,Punjab,2025-11-06,2025-01-27,2025-12-07,24.0,2,2,5.0,67582.23,5948.336099,61632.82,30816.41,2.5,0.08801627438159411,0.0,61632.82,0.0,0,1.0,422,medium,Electronics
C02423,regular,Islamabad,ICT,2025-04-08,2025-04-08,2025-12-09,22.0,4,4,8.0,58446.840000000004,756.255063,57689.96,14422.49,2.0,0.012939195053145728,3919.62,53770.34,0.0679428448208319,0,1.0,422,medium,Electronics
C02424,price_sensitive,Lahore,Punjab,2025-10-10,2025-02-26,2025-10-13,79.0,5,5,12.0,331291.67,36445.495308,294843.35,58968.67,2.4,0.11001029789852548,0.0,294843.35,0.0,0,1.0,223,medium,Electronics
C02425,one_time,Karachi,Sindh,2025-04-14,2025-07-31,2025-07-31,153.0,1,1,2.0,6293.34,14.005227,6279.349999999999,6279.349999999999,2.0,0.0022254044752071235,4057.99,2221.3599999999997,0.6462436398671837,1,1.0,121,medium,Fashion
C02426,price_sensitive,Karachi,Sindh,2025-07-25,2025-04-15,2025-11-16,45.0,5,6,11.0,419896.78,30189.746624000003,389695.43,64949.238333333335,1.8333333333333333,0.0718980188988351,0.0,389695.43,0.0,0,1.2,334,medium,Electronics
C02427,loyal,Lahore,Punjab,2025-12-19,2025-01-11,2025-11-13,48.0,7,10,38.0,1261030.17,82429.792143,1178608.78,117860.878,3.8,0.06536702618542425,230251.87,948356.91,0.19535903168819088,1,1.4285714285714286,355,medium,Electronics
C02428,loyal,Islamabad,ICT,2025-12-21,2025-02-10,2025-12-19,12.0,8,14,62.0,1633459.67,50359.872568,1583111.76,113079.41142857143,4.428571428571429,0.03083019035786785,102841.98,1480269.78,0.06496192031319381,0,1.75,555,medium,Electronics
C02429,one_time,Islamabad,ICT,2025-03-24,2025-09-29,2025-11-27,34.0,2,2,3.0,17471.22,2207.221156,15264.08,7632.04,1.5,0.12633468962098812,0.0,15264.08,0.0,0,1.0,421,medium,Fashion
C02430,price_sensitive,Lahore,Punjab,2025-07-09,2025-07-11,2025-09-14,108.0,2,2,7.0,33838.09,6349.415175,27488.47,13744.235,3.5,0.18764106292642407,0.0,27488.47,0.0,0,1.0,221,medium,Fashion
C02431,one_time,Karachi,Sindh,2025-09-08,2025-01-08,2025-03-31,275.0,2,3,12.0,328606.45,1182.7112590000002,327423.56,109141.18666666666,4.0,0.0035991723808221055,0.0,327423.56,0.0,0,1.5,154,medium,Electronics
C02432,regular,Karachi,Sindh,2025-05-13,2025-02-17,2025-12-19,12.0,3,3,8.0,64308.91,3324.3213129999995,60985.81999999999,20328.606666666663,2.6666666666666665,0.05169301288110775,0.0,60985.81999999999,0.0,0,1.0,522,medium,Fashion
C02433,one_time,Lahore,Punjab,2025-11-22,2025-05-26,2025-12-31,0.0,2,2,4.0,109935.34000000001,4967.304682000001,104967.61,52483.805,2.0,0.04518387519427329,2771.75,102195.86,0.02640576459728863,0,1.0,522,medium,Electronics
C02434,regular,Islamabad,ICT,2025-04-05,2025-02-21,2025-11-28,33.0,5,8,23.0,1159369.0,39726.224699000006,1119621.27,139952.65875,2.875,0.03426538461783954,3781.25,1115840.02,0.0033772580972849862,0,1.6,455,medium,Electronics
C02435,one_time,Lahore,Punjab,2025-11-21,2025-03-21,2025-12-14,17.0,2,2,4.0,73270.02,3282.6487800000004,69986.54,34993.27,2.0,0.04480207293515138,6386.16,63600.37999999999,0.0912484029071876,0,1.0,422,medium,Electronics
C02436,one_time,Lahore,Punjab,2025-03-30,2025-01-16,2025-09-17,105.0,3,3,5.0,58705.600000000006,2900.0289040000002,55804.64,18601.546666666665,1.6666666666666667,0.04939952754081382,0.0,55804.64,0.0,0,1.0,222,medium,Electronics
C02437,one_time,Lahore,Punjab,2025-05-09,2025-03-13,2025-12-24,7.0,4,5,17.0,968570.37,36112.990404000004,932465.88,186493.176,3.4,0.037284839101571945,0.0,932465.88,0.0,0,1.25,545,medium,Electronics
C02438,price_sensitive,Lahore,Punjab,2025-12-09,2025-01-12,2025-10-18,74.0,5,6,20.0,707039.41,50517.714548,656517.48,109419.58,3.3333333333333335,0.07144964457921801,213972.66,442544.81999999995,0.32592073557584483,1,1.2,234,medium,Electronics
C02439,loyal,Karachi,Sindh,2025-02-23,2025-05-12,2025-12-22,9.0,5,9,28.0,1097358.45,60523.075459,1036828.75,115203.19444444444,3.111111111111111,0.05515342362288275,14158.54,1022670.21,0.013655620564148131,0,1.8,555,medium,Electronics
C02440,one_time,Karachi,Sindh,2025-02-23,2025-05-04,2025-11-30,31.0,3,3,8.0,76603.62,28.749336000000003,76574.62,25524.873333333333,2.6666666666666665,0.0003752999662418043,4885.17,71689.45,0.06379620297168959,0,1.0,422,medium,Electronics
C02441,regular,Lahore,Punjab,2025-04-09,2025-06-08,2025-06-08,206.0,1,1,1.0,224351.82,0.0,224351.82,224351.82,1.0,0.0,0.0,224351.82,0.0,0,1.0,123,medium,Electronics
C02442,regular,Islamabad,ICT,2025-07-12,2025-01-31,2025-07-27,157.0,4,4,8.0,289824.03,1486.078463,288339.61,72084.9025,2.0,0.005127519836778199,4601.610000000001,283738.0,0.015958993632543238,0,1.0,123,medium,Electronics
C02443,price_sensitive,Lahore,Punjab,2025-04-21,2025-01-12,2025-12-05,26.0,4,5,14.0,389506.39,43782.948402,345721.92,69144.38399999999,2.8,0.11240623909148191,1517.12,344204.8,0.004388266731828864,0,1.25,444,medium,Electronics
C02444,price_sensitive,Karachi,Sindh,2025-07-13,2025-02-12,2025-11-23,38.0,4,6,20.0,452017.29,45574.173001,406452.99,67742.165,3.3333333333333335,0.10082395963437595,0.0,406452.99,0.0,0,1.5,354,medium,Electronics
C02445,regular,Karachi,Sindh,2025-11-22,2025-02-23,2025-08-31,122.0,3,4,7.0,85229.78,2195.728084,83035.78,20758.945,1.75,0.02576245162195655,0.0,83035.78,0.0,0,1.3333333333333333,242,medium,Fashion
C02446,high_return,Islamabad,ICT,2025-04-22,2025-03-07,2025-12-20,11.0,4,4,8.0,269875.83999999997,6027.769839999999,263846.56,65961.64,2.0,0.022335344430979814,1559.79,262286.77,0.005911731424506728,0,1.0,523,medium,Electronics
C02447,loyal,Lahore,Punjab,2025-05-11,2025-01-17,2025-11-22,39.0,6,7,16.0,348640.04,25482.034032999996,323158.32,46165.474285714285,2.2857142857142856,0.07308980928581811,38899.38,284258.94,0.12037251586157521,1,1.1666666666666667,333,medium,Electronics
C02448,regular,Karachi,Sindh,2025-07-16,2025-01-02,2025-01-02,363.0,1,1,1.0,4652.67,62.345778,4590.28,4590.28,1.0,0.0134,0.0,4590.28,0.0,0,1.0,121,medium,Fashion
C02449,high_return,Karachi,Sindh,2025-07-23,2025-03-29,2025-11-28,33.0,6,8,18.0,399958.72,18785.135387000002,381178.77,47647.34625,2.25,0.04696768553264698,38059.6,343119.17000000004,0.09984711373091423,0,1.3333333333333333,444,medium,Electronics
C02450,high_return,Lahore,Punjab,2025-10-03,2025-02-24,2025-12-23,8.0,5,5,11.0,644835.92,3613.71227,641221.9,128244.38,2.2,0.005604080290688521,11405.28,629816.62,0.017786791124882042,0,1.0,525,medium,Electronics
C02451,regular,Lahore,Punjab,2025-09-17,2025-01-08,2025-10-21,71.0,3,4,12.0,73587.23,1334.173503,72253.51,18063.3775,3.0,0.018130503118543802,0.0,72253.51,0.0,0,1.3333333333333333,242,medium,Fashion
C02452,one_time,Islamabad,ICT,2025-10-02,2025-03-20,2025-03-20,286.0,1,1,3.0,10100.03,109.948773,9990.369999999999,9990.369999999999,3.0,0.010885984794104572,0.0,9990.369999999999,0.0,0,1.0,121,medium,Electronics
C02453,regular,Islamabad,ICT,2025-06-22,2025-07-08,2025-12-14,17.0,2,3,7.0,40267.78,1010.273235,39257.770000000004,13085.923333333334,2.3333333333333335,0.025088873411943744,0.0,39257.770000000004,0.0,0,1.5,451,medium,Attach & Addons
C02454,regular,Islamabad,ICT,2025-07-07,2025-04-29,2025-10-15,77.0,3,3,7.0,138605.55,903.1971170000002,137702.24,45900.746666666666,2.3333333333333335,0.00651631278112601,0.0,137702.24,0.0,0,1.0,222,medium,Electronics
C02455,regular,Lahore,Punjab,2025-02-21,2025-06-17,2025-08-20,133.0,2,2,7.0,78093.34,1385.053369,76707.16,38353.58,3.5,0.01773587054926835,3559.06,73148.1,0.04639801551771699,0,1.0,122,medium,Attach & Addons
C02456,one_time,Lahore,Punjab,2025-12-31,,,,0,0,0.0,0.0,0.0,0.0,0.0,0.0,0.0,0.0,0.0,0.0,0,0.0,111,unknown,
C02457,regular,Islamabad,ICT,2025-07-30,2025-01-15,2025-11-04,57.0,6,7,14.0,143989.89,3266.546015,140722.38999999998,20103.19857142857,2.0,0.02268594006843119,0.0,140722.38999999998,0.0,0,1.1666666666666667,332,medium,Attach & Addons
C02458,price_sensitive,Karachi,Sindh,2025-07-19,2025-02-06,2025-09-22,100.0,3,4,5.0,66703.16,4694.797808,62007.99,15501.9975,1.25,0.07038343922536804,5412.78,56595.21,0.08729165386589696,0,1.3333333333333333,242,medium,Electronics
C02459,regular,Karachi,Sindh,2025-08-28,2025-05-26,2025-10-05,87.0,3,5,13.0,818915.27,11751.61908,807163.2400000001,161432.64800000002,2.6,0.014350225854257182,0.0,807163.2400000001,0.0,0,1.6666666666666667,255,medium,Electronics
C02460,price_sensitive,Lahore,Punjab,2025-10-26,2025-01-08,2025-12-16,15.0,6,8,20.0,512809.62,34010.869937999996,478792.07999999996,59849.009999999995,2.5,0.06632260513755572,0.0,478792.07999999996,0.0,0,1.3333333333333333,444,medium,Electronics
C02461,price_sensitive,Karachi,Sindh,2025-05-17,2025-05-28,2025-12-09,22.0,4,6,15.0,624854.1699999999,56797.480808,568070.27,94678.37833333334,2.5,0.0908971781495833,3521.88,564548.39,0.006199725959959144,0,1.5,455,medium,Electronics
C02462,loyal,Lahore,Punjab,2025-07-30,2025-01-31,2025-12-30,1.0,6,12,41.0,749720.31,18934.454225999998,730783.71,60898.642499999994,3.4166666666666665,0.025255357195805454,10402.66,720381.0499999999,0.014234936900823912,0,2.0,555,medium,Electronics
C02463,regular,Islamabad,ICT,2025-09-25,2025-03-08,2025-06-17,197.0,4,4,7.0,379537.62000000005,17608.614746000003,361935.94999999995,90483.98749999999,1.75,0.04639491269929975,0.0,361935.94999999995,0.0,0,1.0,124,medium,Electronics
C02464,one_time,Lahore,Punjab,2025-09-24,2025-03-18,2025-12-16,15.0,4,4,11.0,306294.0,1226.3353089999998,305068.23,76267.0575,2.75,0.004003784954977896,0.0,305068.23,0.0,0,1.0,424,medium,Electronics
C02465,high_return,Lahore,Punjab,2025-01-11,2025-03-01,2025-11-11,50.0,5,5,11.0,322330.49,1126.58907,321193.93,64238.786,2.2,0.0034951365289706228,2244.56,318949.37,0.006988176893629341,0,1.0,324,medium,Electronics
C02466,loyal,Lahore,Punjab,2025-10-02,2025-01-04,2025-08-11,142.0,7,11,43.0,1349774.07,57970.089216,1291820.1099999999,117438.1918181818,3.909090909090909,0.042947994412131506,0.0,1291820.1099999999,0.0,0,1.5714285714285714,155,medium,Electronics
C02467,regular,Karachi,Sindh,2025-08-18,2025-01-11,2025-12-18,13.0,3,4,5.0,19727.05,1007.712911,18719.46,4679.865,1.25,0.05108279803619903,0.0,18719.46,0.0,0,1.3333333333333333,541,medium,Fashion
C02468,high_return,Lahore,Punjab,2025-08-08,2025-01-01,2025-12-11,20.0,6,8,19.0,611358.31,6136.112617999999,605238.89,75654.86125,2.375,0.01003685157726898,1463.16,603775.73,0.002417491711413323,0,1.3333333333333333,445,medium,Electronics
C02469,regular,Karachi,Sindh,2025-08-20,2025-02-13,2025-12-30,1.0,7,9,29.0,436451.39,24909.319096,411551.35,45727.927777777775,3.2222222222222223,0.05707237888737162,11288.9,400262.44999999995,0.027430112913005875,0,1.2857142857142858,544,medium,Electronics
C02470,one_time,Islamabad,ICT,2025-02-21,2025-03-09,2025-12-06,25.0,3,3,8.0,69463.95999999999,1172.9794909999998,68291.89,22763.963333333333,2.6666666666666665,0.016886159254381698,0.0,68291.89,0.0,0,1.0,422,medium,Electronics
C02471,regular,Islamabad,ICT,2025-09-20,2025-02-06,2025-12-02,29.0,4,4,9.0,72994.61,2441.704715,70553.6,17638.4,2.25,0.033450479631304285,4841.52,65712.08,0.06862187046444122,0,1.0,422,medium,Electronics
C02472,high_return,Karachi,Sindh,2025-11-13,2025-01-14,2025-09-12,110.0,4,7,16.0,502729.34,3938.838584,498790.94999999995,71255.84999999999,2.2857142857142856,0.007834908907445107,20055.92,478735.02999999997,0.04020906955108147,0,1.75,254,medium,Electronics
C02473,regular,Lahore,Punjab,2025-06-03,2025-02-06,2025-02-06,328.0,1,1,1.0,5344.22,11.757284000000002,5332.63,5332.63,1.0,0.0022,0.0,5332.63,0.0,0,1.0,121,medium,Fashion
C02474,regular,Islamabad,ICT,2025-05-20,2025-05-21,2025-11-14,47.0,4,4,6.0,109716.91,1689.3866309999999,108031.15000000001,27007.787500000002,1.5,0.015397686929024886,0.0,108031.15000000001,0.0,0,1.0,322,medium,Electronics
C02475,one_time,Lahore,Punjab,2025-04-27,2025-02-06,2025-04-17,258.0,2,2,5.0,255203.09,2451.967366,252751.66,126375.83,2.5,0.009607906260069186,0.0,252751.66,0.0,0,1.0,123,medium,Electronics
C02476,one_time,Karachi,Sindh,2025-11-05,2025-04-21,2025-09-28,94.0,2,3,7.0,54671.62,2306.58091,52365.34,17455.11333333333,2.3333333333333335,0.04218973043052319,0.0,52365.34,0.0,0,1.5,251,medium,Fashion
C02477,price_sensitive,Lahore,Punjab,2025-09-26,2025-09-07,2025-12-27,4.0,2,2,5.0,252231.21,27777.494204,224462.73,112231.365,2.5,0.11012710997976817,0.0,224462.73,0.0,0,1.0,523,medium,Electronics
C02478,regular,Islamabad,ICT,2025-04-28,2025-01-15,2025-01-17,348.0,1,2,5.0,30353.69,3977.2183929999997,26376.37,13188.185,2.5,0.13102915635627826,0.0,26376.37,0.0,0,2.0,151,medium,Fashion
C02479,price_sensitive,Lahore,Punjab,2025-04-26,2025-02-03,2025-12-16,15.0,4,5,10.0,359010.43,19608.590799999998,339388.33999999997,67877.66799999999,2.0,0.05461844325804127,1132.12,338256.22,0.0033357657484638396,0,1.25,444,medium,Electronics
C02480,regular,Islamabad,ICT,2025-03-16,2025-06-16,2025-09-02,120.0,2,2,4.0,49858.340000000004,1042.217961,48814.86,24407.43,2.0,0.020903583252069764,0.0,48814.86,0.0,0,1.0,221,medium,Electronics
C02481,regular,Lahore,Punjab,2025-01-07,2025-06-14,2025-11-30,31.0,3,4,10.0,455377.63999999996,300.351115,455077.12,113769.28,2.5,0.0006595649162747649,9020.79,446056.33,0.019822552274216733,0,1.3333333333333333,444,medium,Electronics
C02482,one_time,Islamabad,ICT,2025-01-11,2025-02-23,2025-11-16,45.0,2,2,5.0,54520.27999999999,5717.256514000001,48803.54,24401.77,2.5,0.10486476800926191,0.0,48803.54,0.0,0,1.0,321,medium,Electronics
C02483,one_time,Islamabad,ICT,2025-08-03,2025-11-24,2025-11-24,37.0,1,1,2.0,6898.6,56.110292,6842.46,6842.46,2.0,0.008133576667729684,0.0,6842.46,0.0,0,1.0,321,medium,Fashion
C02484,regular,Islamabad,ICT,2025-01-28,2025-01-20,2025-07-29,155.0,4,4,10.0,97471.68,1261.996775,96210.15,24052.5375,2.5,0.012947317364387279,5056.6,91153.54999999999,0.052557864217029085,0,1.0,122,medium,Electronics
C02485,high_return,Karachi,Sindh,2025-11-09,2025-04-24,2025-11-26,35.0,6,8,25.0,231378.26,11489.587141999998,219890.07,27486.25875,3.125,0.04965715941506345,0.0,219890.07,0.0,0,1.3333333333333333,443,medium,Attach & Addons
C02486,one_time,Karachi,Sindh,2025-02-23,2025-01-16,2025-11-02,59.0,3,3,12.0,599943.49,18388.723203,581545.33,193848.44333333333,4.0,0.03065075879563257,6448.06,575097.2699999999,0.011087802906095044,0,1.0,325,medium,Electronics
C02487,one_time,Karachi,Sindh,2025-12-19,2025-01-05,2025-01-05,360.0,1,1,3.0,29042.800000000003,129.51224000000002,28912.2,28912.2,3.0,0.0044593579131488705,0.0,28912.2,0.0,0,1.0,121,medium,Fashion
C02488,one_time,Lahore,Punjab,2025-11-30,2025-05-22,2025-08-14,139.0,2,2,4.0,70304.71,375.11285300000003,69931.61,34965.805,2.0,0.005335529483017567,0.0,69931.61,0.0,0,1.0,122,medium,Electronics
C02489,loyal,Lahore,Punjab,2025-12-14,2025-01-05,2025-05-19,226.0,3,3,12.0,323484.41,4462.611063,319021.04,106340.34666666666,4.0,0.013795443999913322,0.0,319021.04,0.0,0,1.0,124,medium,Electronics
C02490,regular,Lahore,Punjab,2025-07-27,2025-02-08,2025-11-17,44.0,5,5,14.0,450099.64999999997,9358.553078,440744.74,88148.948,2.8,0.02079218030496136,0.0,440744.74,0.0,0,1.0,324,medium,Electronics
C02491,loyal,Islamabad,ICT,2025-04-03,2025-01-20,2025-12-02,29.0,5,6,19.0,388585.56,8679.801937,379914.22000000003,63319.036666666674,3.1666666666666665,0.022336913232184955,0.0,379914.22000000003,0.0,0,1.2,434,medium,Electronics
C02492,regular,Lahore,Punjab,2025-04-20,2025-01-10,2025-06-28,186.0,3,3,13.0,283349.04,34230.350178,249111.55,83037.18333333333,4.333333333333333,0.12080630369525869,0.0,249111.55,0.0,0,1.0,123,medium,Electronics
C02493,regular,Karachi,Sindh,2025-12-24,2025-02-09,2025-10-23,69.0,4,5,15.0,605165.8200000001,2064.4397010000002,603100.5900000001,120620.11800000002,3.0,0.0034113620313189533,10658.03,592442.56,0.017672060310867876,0,1.25,245,medium,Electronics
C02494,one_time,Karachi,Sindh,2025-02-16,2025-03-29,2025-10-17,75.0,2,2,2.0,8068.030000000001,135.76355,7932.540000000001,3966.2700000000004,1.0,0.01682734818784759,0.0,7932.540000000001,0.0,0,1.0,221,medium,Fashion
C02495,high_return,Islamabad,ICT,2025-09-03,2025-01-07,2025-11-07,54.0,5,6,12.0,55892.159999999996,2939.052772,52953.97,8825.661666666667,2.0,0.05258434764374825,0.0,52953.97,0.0,0,1.2,331,medium,Fashion
C02496,high_return,Islamabad,ICT,2025-11-16,2025-02-08,2025-12-26,5.0,6,9,24.0,767583.5499999999,15312.081703,752256.82,83584.0911111111,2.6666666666666665,0.0199484234686895,0.0,752256.82,0.0,0,1.5,555,medium,Electronics
C02497,regular,Lahore,Punjab,2025-01-07,2025-01-28,2025-11-03,58.0,6,7,19.0,910032.23,38018.929081,872015.48,124573.64,2.7142857142857144,0.04177756328586297,28210.86,843804.62,0.032351329359428346,0,1.1666666666666667,335,medium,Electronics
C02498,high_return,Islamabad,ICT,2025-07-29,2025-01-10,2025-10-01,91.0,2,4,11.0,328483.72000000003,3823.0105699999995,324661.67,81165.4175,2.75,0.01163835629357826,196819.02,127842.65,0.6062280773705131,1,2.0,252,medium,Electronics
C02499,price_sensitive,Karachi,Sindh,2025-11-26,2025-06-15,2025-10-07,85.0,3,4,7.0,271685.21,19963.89174,251716.43,62929.1075,1.75,0.07348170237165283,0.0,251716.43,0.0,0,1.3333333333333333,243,medium,Electronics
C02500,one_time,Karachi,Sindh,2025-11-02,2025-09-29,2025-11-28,33.0,2,2,6.0,44022.17999999999,78.821638,43943.34,21971.67,3.0,0.0017904982897257702,0.0,43943.34,0.0,0,1.0,421,medium,Attach & Addons
