sales_date,channel_type,store_id,city,region,store_type,orders,units,gross_sales,discount_amount,net_sales,avg_order_value,discount_ratio,returns_amount,net_sales_after_returns
2025-01-01,online,ONLINE,,,,3,12,83629.05,3240.990246,80388.24,26796.08,0.03875435923282639,0.0,80388.24
2025-01-01,store,S001,Karachi,Sindh,flagship,4,16,348665.77,4306.934368,344356.52999999997,86089.13249999999,0.012352615996689322,24668.48,319688.05
2025-01-01,store,S002,Lahore,Punjab,mall,2,5,75393.16,4.31607,75389.11,37694.555,5.724750096693121e-05,0.0,75389.11
2025-01-01,store,S003,Islamabad,ICT,mall,2,10,650193.46,2921.195574,647271.5499999999,323635.77499999997,0.004492809838474844,0.0,647271.5499999999
2025-01-01,store,S004,Karachi,Sindh,flagship,4,12,346738.47,24502.911783999996,322247.62999999995,80561.90749999999,0.07066683943088288,0.0,322247.62999999995
2025-01-01,store,S005,Lahore,Punjab,high_street,6,17,434930.54,27341.976978,407584.88,67930.81333333334,0.06286515768241982,0.0,407584.88
2025-01-01,store,S006,Islamabad,ICT,mall,3,8,174248.36000000002,8660.021655,165582.18,55194.06,0.049699300785384724,0.0,165582.18
2025-01-02,online,ONLINE,,,,7,19,732420.08,16980.121119,715448.9299999999,102206.98999999999,0.02318358218551299,232648.43,482800.49999999994
2025-01-02,store,S001,Karachi,Sindh,flagship,6,15,346785.17,14566.668010000001,332224.08,55370.68,0.04200487584287414,0.0,332224.08
2025-01-02,store,S002,Lahore,Punjab,mall,1,2,59214.1,0.0,59214.1,59214.1,0.0,0.0,59214.1
2025-01-02,store,S003,Islamabad,ICT,mall,3,8,82654.33,216.464254,82437.81,27479.27,0.0026189100316946494,3524.64,78913.17
2025-01-02,store,S004,Karachi,Sindh,flagship,8,20,578880.38,71089.40599599999,507791.86,63473.9825,0.12280500160672225,27572.54,480219.32
2025-01-02,store,S005,Lahore,Punjab,high_street,6,16,160638.08000000002,15338.476617,145296.96,24216.16,0.09548468592876608,4925.1,140371.86
2025-01-02,store,S006,Islamabad,ICT,mall,10,34,538258.9,12301.624123,525958.03,52595.803,0.022854474162898188,0.0,525958.03
2025-01-03,online,ONLINE,,,,3,7,267763.3,2852.9119210000003,264908.36,88302.78666666667,0.010654603976721232,0.0,264908.36
2025-01-03,store,S001,Karachi,Sindh,flagship,5,19,135263.26,5890.544882,129372.25,25874.45,0.043548742518848056,3495.14,125877.11
2025-01-03,store,S004,Karachi,Sindh,flagship,2,3,30345.78,6053.673677,24293.21,12146.605,0.19948980309618008,0.0,24293.21
2025-01-03,store,S005,Lahore,Punjab,high_street,5,15,484540.64999999997,35165.600943,449369.93,89873.986,0.07257513057573188,0.0,449369.93
2025-01-03,store,S006,Islamabad,ICT,mall,6,14,777914.8200000001,23884.842484,754022.4,125670.40000000001,0.030703673294204627,0.0,754022.4
2025-01-04,online,ONLINE,,,,3,7,76631.89,5149.611156,71483.92,23827.97333333333,0.06719932336263662,13662.08,57821.84
2025-01-04,store,S001,Karachi,Sindh,flagship,3,8,44163.68,24.314414,44139.4,14713.133333333333,0.0005505522637606286,10094.24,34045.16
2025-01-04,store,S002,Lahore,Punjab,mall,3,10,87786.68,135.73540599999998,87650.72,29216.906666666666,0.0015461959149155656,0.0,87650.72
2025-01-04,store,S003,Islamabad,ICT,mall,6,14,192305.14,1289.953131,191014.63,31835.771666666667,0.006707845307722923,0.0,191014.63
2025-01-04,store,S004,Karachi,Sindh,flagship,4,9,83762.28,10579.228020999999,73181.81000000001,18295.452500000003,0.126300621484993,0.0,73181.81000000001
2025-01-04,store,S005,Lahore,Punjab,high_street,6,12,528169.26,38181.684235,489989.28,81664.88,0.07229062182641981,0.0,489989.28
2025-01-04,store,S006,Islamabad,ICT,mall,8,20,523743.2,28908.438932999998,494848.22,61856.0275,0.055195826758228074,0.0,494848.22
2025-01-05,online,ONLINE,,,,6,15,614144.2,27104.006975,587031.47,97838.57833333332,0.04413296905677853,0.0,587031.47
2025-01-05,store,S001,Karachi,Sindh,flagship,4,19,141302.29,2500.371913,138800.87,34700.2175,0.017695197388520736,0.0,138800.87
2025-01-05,store,S002,Lahore,Punjab,mall,4,14,490242.95,20323.064589999998,469919.38999999996,117479.84749999999,0.04145508791100412,0.0,469919.38999999996
2025-01-05,store,S003,Islamabad,ICT,mall,5,18,367708.25,190.371544,367516.74,73503.348,0.000517724429625933,3553.2,363963.54
2025-01-05,store,S004,Karachi,Sindh,flagship,5,18,425719.63,51337.478205,374369.34,74873.868,0.12058987790861324,0.0,374369.34
2025-01-05,store,S005,Lahore,Punjab,high_street,5,14,611928.21,59731.250111999994,552216.37,110443.274,0.09761153209785833,0.0,552216.37
2025-01-05,store,S006,Islamabad,ICT,mall,1,1,117100.99,10972.362763000001,106124.69,106124.69,0.0937,101310.94,4813.75
2025-01-06,online,ONLINE,,,,12,38,1572327.15,39533.19417,1532793.54,127732.795,0.025143109797474403,6529.21,1526264.33
2025-01-06,store,S001,Karachi,Sindh,flagship,4,15,679534.96,13505.609364999998,666035.96,166508.99,0.019874782255500142,0.0,666035.96
2025-01-06,store,S002,Lahore,Punjab,mall,1,2,8594.130000000001,59.378913999999995,8534.810000000001,8534.810000000001,0.006909240842295845,0.0,8534.810000000001
2025-01-06,store,S003,Islamabad,ICT,mall,2,6,91778.47,0.0,91778.48,45889.24,0.0,0.0,91778.48
2025-01-06,store,S004,Karachi,Sindh,flagship,1,6,242961.77,30949.23441,212021.91999999998,212021.91999999998,0.12738314513431476,9982.61,202039.31
2025-01-06,store,S005,Lahore,Punjab,high_street,8,23,385284.76,19661.667475,365632.29000000004,45704.036250000005,0.0510315213999121,0.0,365632.29000000004
2025-01-06,store,S006,Islamabad,ICT,mall,1,3,26057.39,1450.5055200000002,24607.15,24607.15,0.055665802292555015,0.0,24607.15
2025-01-07,online,ONLINE,,,,8,21,912540.8400000001,36414.651401,876127.71,109515.96375,0.039904681308290814,18584.91,857542.7999999999
2025-01-07,store,S001,Karachi,Sindh,flagship,3,11,328436.85,5138.3421,323296.0,107765.33333333333,0.015644840400825914,0.0,323296.0
2025-01-07,store,S002,Lahore,Punjab,mall,5,10,89405.73,9349.537936,80054.85,16010.970000000001,0.104574258674472,0.0,80054.85
2025-01-07,store,S004,Karachi,Sindh,flagship,7,20,173973.86000000002,27421.214617,146553.31,20936.187142857143,0.15761686621771798,11224.02,135329.29
2025-01-07,store,S005,Lahore,Punjab,high_street,2,5,33391.35,2853.5021540000002,30538.87,15269.435,0.08545632788132257,0.0,30538.87
2025-01-07,store,S006,Islamabad,ICT,mall,4,14,202426.85,7487.314146000001,194939.80000000002,48734.950000000004,0.0369877520990916,0.0,194939.80000000002
2025-01-08,online,ONLINE,,,,6,17,408558.16000000003,17596.46527,390961.69999999995,65160.283333333326,0.04306967034999374,5194.99,385766.70999999996
2025-01-08,store,S001,Karachi,Sindh,flagship,2,3,373595.61,0.0,373595.61,186797.805,0.0,227840.39,145755.21999999997
2025-01-08,store,S002,Lahore,Punjab,mall,3,7,116003.85,1209.685302,114793.64,38264.54666666667,0.010427975468055586,0.0,114793.64
2025-01-08,store,S003,Islamabad,ICT,mall,2,3,232140.27,11530.722674999999,220613.63999999998,110306.81999999999,0.04967135893742176,0.0,220613.63999999998
2025-01-08,store,S004,Karachi,Sindh,flagship,3,7,114540.68000000001,9245.496436,105292.92,35097.64,0.08071801595730005,0.0,105292.92
2025-01-08,store,S005,Lahore,Punjab,high_street,5,10,321871.25,27797.664058999995,294086.41000000003,58817.28200000001,0.08636268091356403,1403.36,292683.05000000005
2025-01-08,store,S006,Islamabad,ICT,mall,2,2,16496.11,422.23073999999997,16073.8,8036.9,0.02559577621633221,0.0,16073.8
2025-01-09,online,ONLINE,,,,8,24,697358.86,19477.066658,677861.49,84732.68625,0.027929761526224818,124726.16,553135.33
2025-01-09,store,S001,Karachi,Sindh,flagship,5,13,576160.0499999999,6538.32643,569612.1900000001,113922.43800000001,0.011348107925913991,2828.4,566783.79
2025-01-09,store,S002,Lahore,Punjab,mall,3,7,252560.84999999998,29076.875375000003,223490.07,74496.69,0.11512819732353612,0.0,223490.07
2025-01-09,store,S003,Islamabad,ICT,mall,1,1,4336.32,29.486975999999995,4306.65,4306.65,0.0068,0.0,4306.65
2025-01-09,store,S004,Karachi,Sindh,flagship,3,9,147324.29,15119.062193,132205.52000000002,44068.506666666675,0.10262436827626999,0.0,132205.52000000002
2025-01-09,store,S005,Lahore,Punjab,high_street,2,7,779977.78,32398.368710000002,747571.4700000001,373785.73500000004,0.041537553428765625,0.0,747571.4700000001
2025-01-09,store,S006,Islamabad,ICT,mall,3,7,39029.37,1485.92938,37543.35,12514.449999999999,0.0380720821268701,0.0,37543.35
2025-01-10,online,ONLINE,,,,5,13,66810.27,2484.030691,64325.82,12865.164,0.0371803719847263,0.0,64325.82
2025-01-10,store,S001,Karachi,Sindh,flagship,8,23,402098.23,415.520836,401683.3,50210.4125,0.0010333814103086203,0.0,401683.3
2025-01-10,store,S002,Lahore,Punjab,mall,2,8,44957.86,313.82898900000004,44644.299999999996,22322.149999999998,0.006980514397260012,0.0,44644.299999999996
2025-01-10,store,S003,Islamabad,ICT,mall,3,10,74415.95999999999,1012.1131890000001,73404.44,24468.146666666667,0.013600754313993936,1655.78,71748.66
2025-01-10,store,S004,Karachi,Sindh,flagship,5,13,316955.82,44091.446371,272858.29,54571.657999999996,0.13910912369742887,0.0,272858.29
2025-01-10,store,S006,Islamabad,ICT,mall,4,6,24907.850000000002,1451.309697,23456.76,5864.19,0.05826716063409727,0.0,23456.76
2025-01-11,online,ONLINE,,,,5,9,303179.93,9651.763647,293520.27999999997,58704.056,0.031835100849188794,0.0,293520.27999999997
2025-01-11,store,S001,Karachi,Sindh,flagship,2,4,15083.0,0.0,15083.0,7541.5,0.0,0.0,15083.0
2025-01-11,store,S002,Lahore,Punjab,mall,3,7,230596.0,5000.241991,225595.58000000002,75198.52666666667,0.02168399274488716,0.0,225595.58000000002
2025-01-11,store,S003,Islamabad,ICT,mall,2,6,178259.20999999996,8381.046619,169880.34000000003,84940.17000000001,0.04701606508297665,0.0,169880.34000000003
2025-01-11,store,S004,Karachi,Sindh,flagship,7,20,1208132.03,173408.070471,1034727.11,147818.15857142856,0.14353403946338547,0.0,1034727.11
2025-01-11,store,S005,Lahore,Punjab,high_street,5,16,188018.52,10765.828959999999,177249.66999999998,35449.933999999994,0.05725940699884245,0.0,177249.66999999998
2025-01-11,store,S006,Islamabad,ICT,mall,1,3,375756.97000000003,910.4908,374863.91000000003,374863.91000000003,0.0024230842610850306,0.0,374863.91000000003
2025-01-12,online,ONLINE,,,,10,27,266240.93,11025.499755,255215.36000000002,25521.536,0.0414117384393151,10260.720000000001,244954.64
2025-01-12,store,S001,Karachi,Sindh,flagship,4,7,27383.68,480.427768,26903.33,6725.8325,0.017544309895529017,0.0,26903.33
2025-01-12,store,S002,Lahore,Punjab,mall,2,6,637039.36,27081.311628,609973.15,304986.575,0.042511206258903686,0.0,609973.15
2025-01-12,store,S003,Islamabad,ICT,mall,5,15,141963.53,4117.926599,137846.28,27569.256,0.02900693297074256,0.0,137846.28
2025-01-12,store,S004,Karachi,Sindh,flagship,5,15,204296.54,26377.054053,177922.03,35584.406,0.1291116044011318,0.0,177922.03
2025-01-12,store,S005,Lahore,Punjab,high_street,3,10,341828.31000000006,18545.707795000002,323281.5,107760.5,0.05425445246182213,0.0,323281.5
2025-01-12,store,S006,Islamabad,ICT,mall,3,7,58722.9,1816.944336,56905.52,18968.506666666664,0.03094098445410564,0.0,56905.52
2025-01-13,online,ONLINE,,,,6,17,510042.88,13139.504772,496913.5,82818.91666666667,0.02576156885475982,0.0,496913.5
2025-01-13,store,S001,Karachi,Sindh,flagship,2,7,70308.94,306.309752,70002.5,35001.25,0.0043566259425899465,0.0,70002.5
2025-01-13,store,S002,Lahore,Punjab,mall,2,6,20088.93,129.086786,19959.83,9979.915,0.006425767126472141,0.0,19959.83
2025-01-13,store,S003,Islamabad,ICT,mall,3,9,88927.28,1506.787188,87419.42,29139.806666666667,0.01694403773510221,5446.54,81972.88
2025-01-13,store,S004,Karachi,Sindh,flagship,8,24,995198.4,127318.89822200002,867897.1,108487.1375,0.12793318218960162,3125.23,864771.87
2025-01-13,store,S005,Lahore,Punjab,high_street,5,18,160414.13,13193.282218,147219.71,29443.942,0.08224513774441192,18738.77,128480.93999999999
2025-01-13,store,S006,Islamabad,ICT,mall,1,4,158101.13,18945.480874,139154.71,139154.71,0.11983140711264999,0.0,139154.71
2025-01-14,online,ONLINE,,,,4,10,714846.6399999999,15202.861352,699661.54,174915.385,0.021267304763438494,0.0,699661.54
2025-01-14,store,S001,Karachi,Sindh,flagship,6,16,684619.38,1103.614548,683516.03,113919.33833333333,0.001612011842258979,1262.08,682253.9500000001
2025-01-14,store,S002,Lahore,Punjab,mall,4,14,927604.3200000001,62813.145650000006,864794.98,216198.745,0.0677154518318759,10504.31,854290.6699999999
2025-01-14,store,S003,Islamabad,ICT,mall,3,9,76820.13,490.155891,76331.1,25443.7,0.006380565757959534,5358.75,70972.35
2025-01-14,store,S004,Karachi,Sindh,flagship,4,10,448793.54,27210.398335,421588.72,105397.18,0.060630102507714355,0.0,421588.72
2025-01-14,store,S005,Lahore,Punjab,high_street,3,6,344148.5,20029.966556,324122.68,108040.89333333333,0.05820152218010539,0.0,324122.68
2025-01-14,store,S006,Islamabad,ICT,mall,3,13,114928.99,3860.136925,111067.5,37022.5,0.03358714737682807,0.0,111067.5
2025-01-15,online,ONLINE,,,,4,11,97915.68000000001,5248.3346360000005,92667.91,23166.9775,0.05360055341493824,0.0,92667.91
2025-01-15,store,S001,Karachi,Sindh,flagship,6,15,730901.84,3443.2478869999995,727460.03,121243.33833333333,0.004710958022762673,0.0,727460.03
2025-01-15,store,S002,Lahore,Punjab,mall,4,9,304029.04,212.706152,303816.22,75954.055,0.0006996244569268779,0.0,303816.22
2025-01-15,store,S003,Islamabad,ICT,mall,3,7,161865.43,0.0,161865.43,53955.14333333333,0.0,0.0,161865.43
2025-01-15,store,S004,Karachi,Sindh,flagship,3,9,156041.06,28518.198978,127528.02,42509.340000000004,0.18276086421099677,0.0,127528.02
2025-01-15,store,S005,Lahore,Punjab,high_street,3,9,79837.96,7677.641102,72160.42,24053.47333333333,0.09616529658322932,0.0,72160.42
2025-01-15,store,S006,Islamabad,ICT,mall,2,2,25552.46,0.0,25552.46,12776.23,0.0,23454.34,2098.119999999999
2025-01-16,online,ONLINE,,,,7,23,596693.1900000001,32242.238859,564454.26,80636.32285714286,0.05403486984491979,0.0,564454.26
2025-01-16,store,S001,Karachi,Sindh,flagship,6,20,519878.75,5282.213334,514611.07,85768.51166666667,0.01016047171383712,27894.08,486716.99
2025-01-16,store,S002,Lahore,Punjab,mall,2,3,203227.97,16181.76968,187055.99000000002,93527.99500000001,0.07962373328828704,0.0,187055.99000000002
2025-01-16,store,S003,Islamabad,ICT,mall,4,12,186829.14,2732.732922,184096.39,46024.0975,0.014626909496024014,0.0,184096.39
2025-01-16,store,S004,Karachi,Sindh,flagship,6,12,374937.82,59988.93007700001,314944.11000000004,52490.685000000005,0.15999700984285878,0.0,314944.11000000004
2025-01-16,store,S005,Lahore,Punjab,high_street,2,7,47800.78,3545.4285330000002,44255.03,22127.515,0.07417093472114891,0.0,44255.03
2025-01-16,store,S006,Islamabad,ICT,mall,8,19,686231.69,21239.920551,664984.34,83123.0425,0.030951529724603657,194498.05,470486.29
2025-01-17,online,ONLINE,,,,5,9,90152.73,3227.0019869999996,86924.3,17384.86,0.0357948338003741,0.0,86924.3
2025-01-17,store,S001,Karachi,Sindh,flagship,7,15,69698.58,2532.2574520000003,67166.07,9595.152857142859,0.03633155011192481,3411.81,63754.26000000001
2025-01-17,store,S002,Lahore,Punjab,mall,4,13,753296.63,10692.406212,742596.4199999999,185649.10499999998,0.014194151130080058,196819.02,545777.3999999999
2025-01-17,store,S003,Islamabad,ICT,mall,2,7,473650.14999999997,21.319221,473628.38,236814.19,4.501048083696374e-05,0.0,473628.38
2025-01-17,store,S004,Karachi,Sindh,flagship,5,10,200235.36,26869.056121999998,173371.42,34674.284,0.1341873689142617,98234.57,75136.85
2025-01-17,store,S005,Lahore,Punjab,high_street,4,12,787109.39,15905.182896,771230.81,192807.7025,0.020207080614296827,10154.86,761075.9500000001
2025-01-17,store,S006,Islamabad,ICT,mall,4,9,250109.22,2240.932002,247866.99000000002,61966.747500000005,0.00895981364461494,179620.67,68246.32
2025-01-18,online,ONLINE,,,,13,34,461392.75,8141.255553999999,453261.82999999996,34866.29461538461,0.01764495769385193,0.0,453261.82999999996
2025-01-18,store,S001,Karachi,Sindh,flagship,3,12,322651.42,5334.0618970000005,317324.0,105774.66666666667,0.016531964734573308,0.0,317324.0
2025-01-18,store,S002,Lahore,Punjab,mall,4,10,370358.63,16910.244834,353447.43999999994,88361.85999999999,0.04565910839987717,0.0,353447.43999999994
2025-01-18,store,S003,Islamabad,ICT,mall,2,11,285380.66,4.963218,285375.7,142687.85,1.739157096349837e-05,0.0,285375.7
2025-01-18,store,S004,Karachi,Sindh,flagship,2,8,297786.54,18603.093072,279183.63,139591.815,0.06247123550983869,0.0,279183.63
2025-01-18,store,S005,Lahore,Punjab,high_street,4,12,704586.83,175923.34419099998,528652.47,132163.1175,0.2496829868236396,0.0,528652.47
2025-01-18,store,S006,Islamabad,ICT,mall,2,7,302031.98,12339.260032,289697.99,144848.995,0.040854150716093045,0.0,289697.99
2025-01-19,online,ONLINE,,,,5,8,522757.4,27925.119683999998,494833.16000000003,98966.63200000001,0.053418889305058136,107085.83,387747.33
2025-01-19,store,S001,Karachi,Sindh,flagship,5,11,195548.26,6960.116366,188585.77,37717.153999999995,0.03559283199963017,12512.52,176073.25
2025-01-19,store,S002,Lahore,Punjab,mall,1,3,130678.1,89.769125,130587.86,130587.86,0.0006869485016999788,0.0,130587.86
2025-01-19,store,S003,Islamabad,ICT,mall,7,21,1382734.42,25502.996104,1357241.47,193891.63857142857,0.018443886067434412,6572.78,1350668.69
2025-01-19,store,S004,Karachi,Sindh,flagship,5,14,135893.94,15658.882791999999,120234.98,24046.996,0.11522870550371855,6436.32,113798.66
2025-01-19,store,S005,Lahore,Punjab,high_street,4,11,303197.65,19056.660215,284146.31,71036.5775,0.06285226885828435,7813.63,276332.68
2025-01-19,store,S006,Islamabad,ICT,mall,4,11,286502.19,2605.774001,283894.97,70973.7425,0.00909512768820371,0.0,283894.97
2025-01-20,online,ONLINE,,,,6,15,149013.71,6829.485592999999,142184.93,23697.48833333333,0.045831256687723566,19464.49,122720.43999999999
2025-01-20,store,S001,Karachi,Sindh,flagship,5,10,319526.05,350.442374,319176.08999999997,63835.21799999999,0.0010967568184190302,0.0,319176.08999999997
2025-01-20,store,S002,Lahore,Punjab,mall,5,12,87207.22,694.815248,86512.86,17302.572,0.007967405084120329,0.0,86512.86
2025-01-20,store,S003,Islamabad,ICT,mall,2,6,335834.29,83.188748,335751.26,167875.63,0.0002477077251402768,22914.19,312837.07
2025-01-20,store,S004,Karachi,Sindh,flagship,5,12,471753.21,47231.409552,424510.33,84902.066,0.1001188938428209,0.0,424510.33
2025-01-20,store,S005,Lahore,Punjab,high_street,3,9,79647.4,3391.5913200000005,76254.37,25418.123333333333,0.04258257419576786,0.0,76254.37
2025-01-20,store,S006,Islamabad,ICT,mall,5,18,578268.6799999999,40871.814159,537398.0800000001,107479.61600000001,0.07067962622322897,0.0,537398.0800000001
2025-01-21,online,ONLINE,,,,7,16,101581.6,1454.14479,100127.56,14303.937142857143,0.014315041208250313,2102.07,98025.48999999999
2025-01-21,store,S001,Karachi,Sindh,flagship,7,27,405290.91,2266.752109,403022.49,57574.64142857143,0.00559290142727356,2967.59,400054.89999999997
2025-01-21,store,S002,Lahore,Punjab,mall,3,9,70202.25,256.177679,69946.25,23315.416666666668,0.003649137727067153,0.0,69946.25
2025-01-21,store,S003,Islamabad,ICT,mall,3,7,61442.03,1775.4200660000001,59666.12,19888.70666666667,0.028895856240426954,1718.72,57947.4
2025-01-21,store,S004,Karachi,Sindh,flagship,3,8,80098.9,9619.428481,70478.87,23492.956666666665,0.12009438932369859,0.0,70478.87
2025-01-21,store,S005,Lahore,Punjab,high_street,1,2,9734.95,331.151367,9403.8,9403.8,0.034016750676685546,0.0,9403.8
2025-01-21,store,S006,Islamabad,ICT,mall,5,8,251103.3,2754.144797,248348.82,49669.764,0.010968174440558925,0.0,248348.82
2025-01-22,online,ONLINE,,,,9,23,587055.77,20259.305369,566798.92,62977.657777777786,0.034510018305415856,0.0,566798.92
2025-01-22,store,S001,Karachi,Sindh,flagship,5,17,349701.29,17914.487497,331780.48,66356.09599999999,0.05122797086908087,5780.94,325999.54
2025-01-22,store,S002,Lahore,Punjab,mall,6,13,97864.25,3539.1661050000002,94324.91,15720.818333333335,0.03616403441501877,1704.58,92620.33
2025-01-22,store,S003,Islamabad,ICT,mall,3,5,28955.52,0.0,28955.52,9651.84,0.0,0.0,28955.52
2025-01-22,store,S004,Karachi,Sindh,flagship,3,9,633999.2,44657.920956999995,589342.26,196447.42,0.07043845001223976,0.0,589342.26
2025-01-22,store,S005,Lahore,Punjab,high_street,6,18,327252.48,19327.082112,307934.74,51322.456666666665,0.059058626880383006,42864.55,265070.19
2025-01-22,store,S006,Islamabad,ICT,mall,2,5,23298.92,15.605855,23283.34,11641.67,0.0006698102315472134,0.0,23283.34
2025-01-23,online,ONLINE,,,,7,23,698036.13,26558.227721,671487.49,95926.78428571428,0.03804706745050575,208155.12,463332.37
2025-01-23,store,S001,Karachi,Sindh,flagship,4,8,246355.48,16348.616243,230001.44,57500.36,0.06636189397126462,0.0,230001.44
2025-01-23,store,S002,Lahore,Punjab,mall,2,3,205692.37,14123.266347,191575.92,95787.96,0.06866208186040154,0.0,191575.92
2025-01-23,store,S003,Islamabad,ICT,mall,2,2,68652.5,484.49189,68167.48,34083.74,0.007057163104038455,55194.2,12973.279999999999
2025-01-23,store,S005,Lahore,Punjab,high_street,5,18,970918.7200000001,49114.84675,921801.6,184360.32,0.05058595095375233,0.0,921801.6
2025-01-23,store,S006,Islamabad,ICT,mall,2,6,38785.04,306.44166199999995,38478.53,19239.265,0.007901027354877034,0.0,38478.53
2025-01-24,online,ONLINE,,,,6,14,174009.08000000002,7235.812038,166775.18,27795.86333333333,0.04158295669398401,36034.77,130740.41
2025-01-24,store,S001,Karachi,Sindh,flagship,5,12,581464.62,691.545914,580772.46,116154.492,0.001189317269208916,0.0,580772.46
2025-01-24,store,S002,Lahore,Punjab,mall,1,3,30776.83,1450.1380009999998,29326.95,29326.95,0.04711784810196501,0.0,29326.95
2025-01-24,store,S003,Islamabad,ICT,mall,1,2,14983.259999999998,0.0,14983.259999999998,14983.259999999998,0.0,14229.93,753.3299999999981
2025-01-24,store,S004,Karachi,Sindh,flagship,1,2,11411.52,378.330966,11033.380000000001,11033.380000000001,0.03315342443425591,0.0,11033.380000000001
2025-01-24,store,S005,Lahore,Punjab,high_street,6,15,452294.88,27733.102940999997,424558.62,70759.77,0.06131642025441455,0.0,424558.62
2025-01-24,store,S006,Islamabad,ICT,mall,6,23,603388.89,23340.674850000003,580050.06,96675.01000000001,0.03868263940027136,24040.32,556009.7400000001
2025-01-25,online,ONLINE,,,,5,11,439402.76,12185.083809,427210.56,85442.112,0.027731013362319343,0.0,427210.56
2025-01-25,store,S001,Karachi,Sindh,flagship,4,7,677801.95,10028.553440000002,667783.95,166945.9875,0.01479569871405652,0.0,667783.95
2025-01-25,store,S002,Lahore,Punjab,mall,2,11,61186.409999999996,2358.421725,58828.97,29414.485,0.03854486192277011,0.0,58828.97
2025-01-25,store,S003,Islamabad,ICT,mall,2,7,40327.97,1866.205159,38461.979999999996,19230.989999999998,0.04627570291785081,0.0,38461.979999999996
2025-01-25,store,S004,Karachi,Sindh,flagship,7,16,298591.56,36338.462352,262252.09,37464.58428571429,0.12169956294812888,151692.77,110559.32000000004
2025-01-25,store,S005,Lahore,Punjab,high_street,7,14,616114.61,30298.140372,585830.61,83690.08714285714,0.0491761433347604,0.0,585830.61
2025-01-25,store,S006,Islamabad,ICT,mall,3,6,61403.19,2342.016299,59059.61,19686.536666666667,0.03814160630742474,2291.93,56767.68
2025-01-26,online,ONLINE,,,,5,9,146079.25,11303.694321,134774.15,26954.829999999998,0.07738056103792976,0.0,134774.15
2025-01-26,store,S001,Karachi,Sindh,flagship,4,7,38889.16,1682.223795,37207.05,9301.7625,0.04325688173773874,3075.72,34131.33
2025-01-26,store,S003,Islamabad,ICT,mall,3,13,81568.14,3679.495976,77887.87,25962.623333333333,0.045109475047487906,0.0,77887.87
2025-01-26,store,S004,Karachi,Sindh,flagship,1,2,11093.41,1196.0664599999998,9897.220000000001,9897.220000000001,0.10781774585091508,0.0,9897.220000000001
2025-01-26,store,S005,Lahore,Punjab,high_street,7,17,521475.23,49143.21357099999,472338.54000000004,67476.93428571429,0.09423882620656784,0.0,472338.54000000004
2025-01-26,store,S006,Islamabad,ICT,mall,6,10,259661.85,11605.644740000002,248062.33000000002,41343.72166666667,0.04469522473170395,0.0,248062.33000000002
2025-01-27,online,ONLINE,,,,4,7,133720.97,3965.070061,129759.08,32439.77,0.029651819464067603,0.0,129759.08
2025-01-27,store,S001,Karachi,Sindh,flagship,5,12,554549.38,5900.164419999999,548650.96,109730.192,0.010639565443207238,0.0,548650.96
2025-01-27,store,S002,Lahore,Punjab,mall,3,7,237856.30000000002,313.720869,237542.77000000002,79180.92333333334,0.001318951270157654,4629.71,232913.06000000003
2025-01-27,store,S003,Islamabad,ICT,mall,5,14,315234.81,8854.112898000001,306392.62,61278.524,0.02808735779528917,0.0,306392.62
2025-01-27,store,S004,Karachi,Sindh,flagship,2,9,316923.20999999996,22494.320887,294430.39,147215.195,0.07097719629622584,0.0,294430.39
2025-01-27,store,S005,Lahore,Punjab,high_street,6,24,514870.38000000006,51410.653062,463456.62999999995,77242.77166666665,0.09985164239201329,8944.38,454512.24999999994
2025-01-27,store,S006,Islamabad,ICT,mall,8,19,781939.26,21550.305202,760386.42,95048.3025,0.0275600757046014,0.0,760386.42
2025-01-28,online,ONLINE,,,,3,5,479219.58,10061.035347000001,469163.68000000005,156387.89333333334,0.0209946249420777,28210.86,440952.82000000007
2025-01-28,store,S001,Karachi,Sindh,flagship,2,5,49209.49,1717.9071370000001,47491.25,23745.625,0.034910078056082275,0.0,47491.25
2025-01-28,store,S002,Lahore,Punjab,mall,4,14,288419.1,1315.197698,287104.44,71776.11,0.004560022890300955,0.0,287104.44
2025-01-28,store,S003,Islamabad,ICT,mall,1,3,17847.26,0.0,17847.26,17847.26,0.0,4680.13,13167.129999999997
2025-01-28,store,S004,Karachi,Sindh,flagship,1,1,6553.57,437.77847599999996,6115.82,6115.82,0.0668,5848.65,267.1700000000001
2025-01-28,store,S005,Lahore,Punjab,high_street,2,6,251412.37,7766.542824,243638.34999999998,121819.17499999999,0.030891649539758127,0.0,243638.34999999998
2025-01-28,store,S006,Islamabad,ICT,mall,6,17,127382.91,5874.092280000001,121509.01,20251.501666666667,0.046113660615854986,16238.769999999999,105270.23999999999
2025-01-29,online,ONLINE,,,,7,20,316664.46,7422.1229619999995,309238.17,44176.881428571425,0.023438446366857837,9370.16,299868.01
2025-01-29,store,S001,Karachi,Sindh,flagship,3,7,297776.82,10898.354994000001,286879.24,95626.41333333333,0.03659907105596735,0.0,286879.24
2025-01-29,store,S002,Lahore,Punjab,mall,4,17,822833.68,3283.5491629999997,819541.78,204885.445,0.003990538115795163,0.0,819541.78
2025-01-29,store,S003,Islamabad,ICT,mall,2,5,40943.19,299.426738,40643.880000000005,20321.940000000002,0.007313224445872439,0.0,40643.880000000005
2025-01-29,store,S004,Karachi,Sindh,flagship,5,20,348377.32,53572.822926,294810.15,58962.030000000006,0.15377815905467096,0.0,294810.15
2025-01-29,store,S005,Lahore,Punjab,high_street,5,15,335379.85000000003,27671.179157,307697.94999999995,61539.58999999999,0.08250698173131152,0.0,307697.94999999995
2025-01-29,store,S006,Islamabad,ICT,mall,3,9,68683.12,5166.131314,63516.22,21172.073333333334,0.07521689920318123,13433.02,50083.2
2025-01-30,online,ONLINE,,,,4,14,128440.27,2917.210161,125524.06,31381.015,0.02271258197292796,0.0,125524.06
2025-01-30,store,S001,Karachi,Sindh,flagship,2,5,258546.6,512.173478,258034.88999999998,129017.44499999999,0.0019809716236840864,0.0,258034.88999999998
2025-01-30,store,S002,Lahore,Punjab,mall,4,12,322856.04,17994.902952,304856.71,76214.1775,0.05573661546489885,22892.83,281963.88
2025-01-30,store,S003,Islamabad,ICT,mall,2,4,11813.009999999998,0.0,11813.009999999998,5906.504999999999,0.0,0.0,11813.009999999998
2025-01-30,store,S004,Karachi,Sindh,flagship,6,17,788413.48,76188.523269,712222.79,118703.79833333334,0.09663523671487707,0.0,712222.79
2025-01-30,store,S005,Lahore,Punjab,high_street,5,14,516299.69999999995,34585.400831,481719.06,96343.812,0.06698706358148185,20055.92,461663.14
2025-01-30,store,S006,Islamabad,ICT,mall,4,12,636192.06,31659.953438000004,604539.69,151134.9225,0.049764772980662474,0.0,604539.69
2025-01-31,online,ONLINE,,,,9,35,425753.38,22218.119349,403538.18,44837.57555555555,0.052185420933123304,7907.92,395630.26
2025-01-31,store,S001,Karachi,Sindh,flagship,4,14,703660.37,6367.6322549999995,697288.75,174322.1875,0.009049297823891944,0.0,697288.75
2025-01-31,store,S002,Lahore,Punjab,mall,1,5,39170.43,412.84380500000003,38757.36,38757.36,0.010539680187324981,0.0,38757.36
2025-01-31,store,S003,Islamabad,ICT,mall,3,6,36370.31,78.514091,36291.44,12097.146666666667,0.002158741319499339,0.0,36291.44
2025-01-31,store,S004,Karachi,Sindh,flagship,4,9,479871.75,53424.580032,426457.29,106614.3225,0.11133095463944272,0.0,426457.29
2025-01-31,store,S005,Lahore,Punjab,high_street,5,25,1425267.66,94071.7071,1331205.14,266241.028,0.0660028356357991,0.0,1331205.14
2025-01-31,store,S006,Islamabad,ICT,mall,4,11,154230.98,5641.955926,148589.56000000003,37147.39000000001,0.03658121037679978,0.0,148589.56000000003
2025-02-01,online,ONLINE,,,,11,31,766681.74,23887.358833,742793.5299999999,67526.68454545454,0.03115681199476591,19814.36,722979.1699999999
2025-02-01,store,S001,Karachi,Sindh,flagship,7,21,694037.74,8892.230701,685142.59,97877.51285714285,0.012812315798561617,221669.02000000002,463473.56999999995
2025-02-01,store,S002,Lahore,Punjab,mall,4,4,33124.07,67.987527,33056.14,8264.035,0.002052511270505104,5015.31,28040.829999999998
2025-02-01,store,S003,Islamabad,ICT,mall,1,3,21353.440000000002,17.038079999999997,21336.72,21336.72,0.000797907971736638,0.0,21336.72
2025-02-01,store,S004,Karachi,Sindh,flagship,7,20,858408.55,104349.69428300002,754071.63,107724.51857142858,0.12156180676788461,0.0,754071.63
2025-02-01,store,S005,Lahore,Punjab,high_street,2,7,342355.01999999996,27576.107072000003,314776.35,157388.175,0.08054827725908621,0.0,314776.35
2025-02-01,store,S006,Islamabad,ICT,mall,3,6,31334.65,994.499742,30340.55,10113.516666666666,0.03173801979597666,0.0,30340.55
2025-02-02,online,ONLINE,,,,5,12,179719.13,7090.978391,172630.3,34526.06,0.039455890928250095,0.0,172630.3
2025-02-02,store,S001,Karachi,Sindh,flagship,5,12,252154.83,3511.344101,248643.31000000003,49728.662000000004,0.013925349361739375,3293.92,245349.39
2025-02-02,store,S002,Lahore,Punjab,mall,5,13,546392.5,4934.968542,541458.1900000001,108291.638,0.009031911203027126,0.0,541458.1900000001
2025-02-02,store,S003,Islamabad,ICT,mall,1,2,9218.77,107.43272,9111.119999999999,9111.119999999999,0.011653693497071734,0.0,9111.119999999999
2025-02-02,store,S004,Karachi,Sindh,flagship,3,7,688601.78,75464.228061,613147.36,204382.45333333334,0.10959052133295386,5963.41,607183.95
2025-02-02,store,S005,Lahore,Punjab,high_street,3,9,273125.34,18032.958368,255098.31,85032.77,0.06602447933977858,0.0,255098.31
2025-02-02,store,S006,Islamabad,ICT,mall,4,8,302024.41000000003,10626.512243,291398.13,72849.5325,0.03518428276376733,15253.79,276144.34
2025-02-03,online,ONLINE,,,,17,33,734301.45,24567.051607999998,709742.94,41749.58470588235,0.033456357205885946,0.0,709742.94
2025-02-03,store,S001,Karachi,Sindh,flagship,4,14,384703.1,16122.485996,368569.14,92142.285,0.0419089058445331,0.0,368569.14
2025-02-03,store,S002,Lahore,Punjab,mall,3,5,133509.47,965.253038,132544.23,44181.41,0.007229846976398003,0.0,132544.23
2025-02-03,store,S003,Islamabad,ICT,mall,4,14,94514.86,3000.613751,91514.47,22878.6175,0.03174753420784837,1020.58,90493.89
2025-02-03,store,S004,Karachi,Sindh,flagship,8,21,1005109.8,87711.950583,917412.96,114676.62,0.08726603857906867,315648.27,601764.69
2025-02-03,store,S005,Lahore,Punjab,high_street,2,5,62178.009999999995,5131.340091,57046.01,28523.005,0.08252660532236397,0.0,57046.01
2025-02-03,store,S006,Islamabad,ICT,mall,3,8,137363.57,590.0027600000001,136777.04,45592.34666666667,0.004295190930171661,0.0,136777.04
2025-02-04,online,ONLINE,,,,2,4,116479.06999999999,4531.808595,111949.35,55974.675,0.03890663442797063,0.0,111949.35
2025-02-04,store,S001,Karachi,Sindh,flagship,3,8,67133.16,663.788317,66470.03,22156.676666666666,0.009887637003829403,0.0,66470.03
2025-02-04,store,S002,Lahore,Punjab,mall,5,15,117904.3,2696.241611,115207.77,23041.554,0.0228680515553716,0.0,115207.77
2025-02-04,store,S003,Islamabad,ICT,mall,2,4,203359.74000000002,3827.343922,199526.73,99763.365,0.018820558690722165,0.0,199526.73
2025-02-04,store,S004,Karachi,Sindh,flagship,2,4,14373.99,1678.946375,12694.76,6347.38,0.1168044763492948,0.0,12694.76
2025-02-04,store,S005,Lahore,Punjab,high_street,8,22,265006.12,19529.315218,245472.72999999998,30684.091249999998,0.07369382721425452,0.0,245472.72999999998
2025-02-04,store,S006,Islamabad,ICT,mall,4,13,301119.39,18704.483789,282419.57,70604.8925,0.06211650398534615,7420.9,274998.67
2025-02-05,online,ONLINE,,,,11,28,430042.42,16271.200382,413767.99,37615.27181818182,0.03783626829650898,13184.49,400583.5
2025-02-05,store,S001,Karachi,Sindh,flagship,3,7,61790.69,360.93314,61428.86,20476.286666666667,0.005841222035228931,8262.62,53166.24
2025-02-05,store,S002,Lahore,Punjab,mall,3,13,204638.12000000002,2670.640441,201967.16,67322.38666666667,0.013050552072116377,0.0,201967.16
2025-02-05,store,S003,Islamabad,ICT,mall,2,9,248099.91999999998,349.92889799999995,247749.88999999998,123874.94499999999,0.0014104353520146236,0.0,247749.88999999998
2025-02-05,store,S004,Karachi,Sindh,flagship,4,10,271512.42,20036.569312,251467.22999999998,62866.807499999995,0.07379614277682031,0.0,251467.22999999998
2025-02-05,store,S005,Lahore,Punjab,high_street,4,11,88000.96,6529.792826999999,81470.69,20367.6725,0.07420138174629003,0.0,81470.69
2025-02-06,online,ONLINE,,,,4,14,421620.6,20138.274273,401487.45999999996,100371.86499999999,0.047763971383276815,3982.46,397504.99999999994
2025-02-06,store,S001,Karachi,Sindh,flagship,3,5,27317.08,453.95871000000005,26863.11,8954.37,0.016618127193682487,5412.78,21450.33
2025-02-06,store,S002,Lahore,Punjab,mall,1,4,35296.95,681.323452,34615.96,34615.96,0.019302615438444398,0.0,34615.96
2025-02-06,store,S003,Islamabad,ICT,mall,4,6,475819.9,1823.1670430000001,474003.36,118500.84,0.0038316326051096223,0.0,474003.36
2025-02-06,store,S004,Karachi,Sindh,flagship,3,8,319455.57,40768.16777099999,278697.04000000004,92899.01333333335,0.12761764576839274,0.0,278697.04000000004
2025-02-06,store,S005,Lahore,Punjab,high_street,9,27,500712.39999999997,23567.614003000002,477157.8,53017.53333333333,0.047068165284103215,0.0,477157.8
2025-02-07,online,ONLINE,,,,4,8,61297.17999999999,2028.0988820000002,59268.7,14817.175,0.0330863325523295,0.0,59268.7
2025-02-07,store,S001,Karachi,Sindh,flagship,3,11,520720.63,20729.747426,500000.8,166666.93333333332,0.03980972950121066,0.0,500000.8
2025-02-07,store,S002,Lahore,Punjab,mall,4,15,613960.66,18451.216109,595498.05,148874.5125,0.030052766099052667,189323.0,406175.05000000005
2025-02-07,store,S003,Islamabad,ICT,mall,2,5,26833.75,1066.749965,25767.059999999998,12883.529999999999,0.03975403978199096,0.0,25767.059999999998
2025-02-07,store,S004,Karachi,Sindh,flagship,3,6,26146.06,3525.347816,22620.809999999998,7540.2699999999995,0.13483285114468488,0.0,22620.809999999998
2025-02-07,store,S005,Lahore,Punjab,high_street,1,4,23847.85,2242.141704,21605.87,21605.87,0.09401860981178597,0.0,21605.87
2025-02-07,store,S006,Islamabad,ICT,mall,6,16,899792.12,48071.30370599999,851704.61,141950.76833333334,0.05342489963792969,0.0,851704.61
2025-02-08,online,ONLINE,,,,6,14,644271.1799999999,11303.631615,632972.22,105495.37,0.017544835103442003,0.0,632972.22
2025-02-08,store,S001,Karachi,Sindh,flagship,3,8,281972.33,1836.528793,280135.43,93378.47666666667,0.006513152524575726,225570.26,54565.169999999984
2025-02-08,store,S002,Lahore,Punjab,mall,2,8,331246.51,4157.931127,327089.79,163544.895,0.012552377161649189,0.0,327089.79
2025-02-08,store,S003,Islamabad,ICT,mall,2,6,38205.41,736.620706,37468.32,18734.16,0.019280533987202336,0.0,37468.32
2025-02-08,store,S004,Karachi,Sindh,flagship,5,11,317627.72,26907.693854999998,290719.59,58143.918000000005,0.08471456412872277,11774.54,278945.05000000005
2025-02-08,store,S005,Lahore,Punjab,high_street,4,15,785948.65,51237.659869999996,734722.32,183680.58,0.06519212148274571,0.0,734722.32
2025-02-08,store,S006,Islamabad,ICT,mall,1,1,3304.77,169.53470099999998,3135.1,3135.1,0.0513,0.0,3135.1
2025-02-09,online,ONLINE,,,,5,14,410409.89,8340.082971,402059.91000000003,80411.982,0.0203213498851112,6192.92,395866.99000000005
2025-02-09,store,S001,Karachi,Sindh,flagship,6,17,796468.07,24804.073419,771653.59,128608.93166666666,0.031142583555170016,10654.470000000001,760999.12
2025-02-09,store,S002,Lahore,Punjab,mall,2,5,381967.80000000005,20752.849019,361221.05,180610.525,0.054331409660709616,0.0,361221.05
2025-02-09,store,S003,Islamabad,ICT,mall,5,12,467542.85,6231.937953,461315.52999999997,92263.106,0.013329126844737332,341924.56,119390.96999999997
2025-02-09,store,S004,Karachi,Sindh,flagship,3,15,402197.71,45973.644608999995,356215.11,118738.37,0.11430608247123036,0.0,356215.11
2025-02-09,store,S005,Lahore,Punjab,high_street,1,2,227520.44,13997.421184,213524.91,213524.91,0.0615215986045034,0.0,213524.91
2025-02-09,store,S006,Islamabad,ICT,mall,3,5,80188.70999999999,1694.7338929999999,78496.19,26165.396666666667,0.021134320442366513,0.0,78496.19
2025-02-10,online,ONLINE,,,,3,8,201301.38,4554.721085,196745.84999999998,65581.95,0.022626377846987438,0.0,196745.84999999998
2025-02-10,store,S001,Karachi,Sindh,flagship,4,11,85840.74,268.40734399999997,85573.19,21393.2975,0.00312680603638785,0.0,85573.19
2025-02-10,store,S002,Lahore,Punjab,mall,7,42,913578.26,5584.601619,907994.44,129713.49142857142,0.006112888039827042,196108.13,711886.3099999999
2025-02-10,store,S003,Islamabad,ICT,mall,3,5,22823.09,1173.719278,21649.19,7216.3966666666665,0.05142683475375157,0.0,21649.19
2025-02-10,store,S004,Karachi,Sindh,flagship,4,13,265545.33,24576.447461,240973.22,60243.305,0.09255085548294145,0.0,240973.22
2025-02-10,store,S005,Lahore,Punjab,high_street,4,11,441155.23,23957.806168,417212.43,104303.1075,0.0543069752748936,27091.02,390121.41
2025-02-10,store,S006,Islamabad,ICT,mall,3,10,297109.32,4071.245564,293039.16000000003,97679.72000000002,0.013702853764398908,0.0,293039.16000000003
2025-02-11,online,ONLINE,,,,9,25,476819.39,20545.500996000002,456283.3,50698.14444444444,0.04308864410065204,0.0,456283.3
2025-02-11,store,S001,Karachi,Sindh,flagship,2,6,33281.25,2328.4439390000002,30952.520000000004,15476.260000000002,0.06996263478685447,0.0,30952.520000000004
2025-02-11,store,S002,Lahore,Punjab,mall,2,9,64908.12,4394.259639,60513.93,30256.965,0.06769969056259832,7784.55,52729.38
2025-02-11,store,S003,Islamabad,ICT,mall,6,13,304498.65,4042.398354,300463.13999999996,50077.189999999995,0.013275587113440403,227977.19,72485.94999999995
2025-02-11,store,S004,Karachi,Sindh,flagship,3,10,46581.29,4376.4229860000005,42205.009999999995,14068.336666666664,0.09395237843348693,0.0,42205.009999999995
2025-02-11,store,S005,Lahore,Punjab,high_street,3,14,308741.51,59353.50118099999,249379.69,83126.56333333334,0.19224334680814378,0.0,249379.69
2025-02-11,store,S006,Islamabad,ICT,mall,4,15,366971.89,4653.311798,362313.93,90578.4825,0.012680294934851821,0.0,362313.93
2025-02-12,online,ONLINE,,,,7,23,461877.51999999996,11184.155745,450682.75,64383.25,0.024214548794234455,0.0,450682.75
2025-02-12,store,S001,Karachi,Sindh,flagship,6,18,149738.7,6247.3416,143490.84,23915.14,0.041721623067383376,0.0,143490.84
2025-02-12,store,S002,Lahore,Punjab,mall,1,2,221061.38999999998,965.759133,220091.73,220091.73,0.004368737267959819,0.0,220091.73
2025-02-12,store,S003,Islamabad,ICT,mall,3,9,70378.57,459.539916,69919.39,23306.463333333333,0.006529543240222129,5678.58,64240.81
2025-02-12,store,S004,Karachi,Sindh,flagship,1,2,9925.1,535.598532,9389.6,9389.6,0.05396404388872656,0.0,9389.6
2025-02-12,store,S005,Lahore,Punjab,high_street,2,4,221888.92,12473.907768,209406.27,104703.135,0.05621690243929259,200201.14,9205.129999999976
2025-02-12,store,S006,Islamabad,ICT,mall,6,18,548995.05,13621.69152,535366.58,89227.76333333332,0.024812047977481762,7308.09,528058.49
2025-02-13,online,ONLINE,,,,7,17,684269.19,19204.758637,665046.4,95006.62857142858,0.028066087027825995,3606.52,661439.88
2025-02-13,store,S001,Karachi,Sindh,flagship,5,17,958194.06,65650.470596,892552.33,178510.466,0.06851479604872523,0.0,892552.33
2025-02-13,store,S002,Lahore,Punjab,mall,4,18,137058.6,3684.549598,133375.33,33343.8325,0.02688302374312885,0.0,133375.33
2025-02-13,store,S003,Islamabad,ICT,mall,3,6,271342.83999999997,98.38246799999999,271244.17,90414.72333333333,0.00036257624487161705,0.0,271244.17
2025-02-13,store,S004,Karachi,Sindh,flagship,5,11,477166.21,32761.828866,444413.11,88882.622,0.06865915519458093,0.0,444413.11
2025-02-13,store,S005,Lahore,Punjab,high_street,2,3,18105.420000000002,939.7535940000001,17165.4,8582.7,0.051904545379228985,3481.26,13684.140000000001
2025-02-13,store,S006,Islamabad,ICT,mall,6,16,178779.98,11158.648573,167619.32,27936.553333333333,0.06241553765136342,4045.3,163574.02000000002
2025-02-14,online,ONLINE,,,,5,13,351893.83,16360.748848000001,335540.34,67108.068,0.04649342345104488,3968.3,331572.04000000004
2025-02-14,store,S001,Karachi,Sindh,flagship,2,3,153564.59,289.02441600000003,153275.36000000002,76637.68000000001,0.001882103263519279,0.0,153275.36000000002
2025-02-14,store,S002,Lahore,Punjab,mall,2,5,158861.98,5001.75015,153856.65,76928.325,0.03148487857195283,0.0,153856.65
2025-02-14,store,S003,Islamabad,ICT,mall,3,14,70728.62,1041.410869,69687.02,23229.006666666668,0.014724037723343112,0.0,69687.02
2025-02-14,store,S004,Karachi,Sindh,flagship,10,25,846839.37,121950.81351,724898.23,72489.823,0.14400701931229296,4985.68,719912.5499999999
2025-02-14,store,S005,Lahore,Punjab,high_street,9,28,817950.91,35007.457285000004,782929.36,86992.1511111111,0.042798971010375185,0.0,782929.36
2025-02-14,store,S006,Islamabad,ICT,mall,2,4,52793.54,589.565642,52204.17,26102.085,0.011167382259268843,0.0,52204.17
2025-02-15,online,ONLINE,,,,5,14,299306.83,3397.149206,295917.55,59183.509999999995,0.011350055747140817,0.0,295917.55
2025-02-15,store,S001,Karachi,Sindh,flagship,6,14,1307899.3800000001,8400.648783999999,1299489.88,216581.64666666664,0.006423008461094307,0.0,1299489.88
2025-02-15,store,S002,Lahore,Punjab,mall,1,3,63030.62,568.8117500000001,62460.25,62460.25,0.009024371805322557,0.0,62460.25
2025-02-15,store,S003,Islamabad,ICT,mall,1,1,1770.71,70.297187,1700.36,1700.36,0.0397,0.0,1700.36
2025-02-15,store,S004,Karachi,Sindh,flagship,10,31,881672.2799999999,107048.846982,774623.21,77462.321,0.12141568858442506,123221.91,651401.2999999999
2025-02-15,store,S005,Lahore,Punjab,high_street,4,10,280384.64,15284.897934999999,265103.42,66275.855,0.05451403448847982,0.0,265103.42
2025-02-15,store,S006,Islamabad,ICT,mall,4,10,58729.33,3687.4227760000003,55040.65,13760.1625,0.06278673323874119,0.0,55040.65
2025-02-16,online,ONLINE,,,,8,27,642139.97,15511.537768999999,626623.27,78327.90875,0.024156007247142706,8958.650000000001,617664.62
2025-02-16,store,S001,Karachi,Sindh,flagship,9,21,762138.73,19321.085748,742828.0599999999,82536.4511111111,0.025351140136914446,0.0,742828.0599999999
2025-02-16,store,S002,Lahore,Punjab,mall,4,14,497645.93000000005,28119.211187,469513.97000000003,117378.49250000001,0.05650445325052693,15525.69,453988.28
2025-02-16,store,S003,Islamabad,ICT,mall,1,5,23092.74,1210.47134,21882.86,21882.86,0.052417830885377825,1310.66,20572.2
2025-02-16,store,S004,Karachi,Sindh,flagship,1,4,81118.92000000001,10829.715180000001,70289.0,70289.0,0.13350418348764997,0.0,70289.0
2025-02-16,store,S005,Lahore,Punjab,high_street,3,11,296971.75,28087.440465,268889.63,89629.87666666666,0.09457950281466167,0.0,268889.63
2025-02-16,store,S006,Islamabad,ICT,mall,5,12,338573.74,3261.49978,335305.55,67061.11,0.009633055948166566,0.0,335305.55
2025-02-17,online,ONLINE,,,,5,13,358423.69,27071.932027,331359.98,66271.996,0.07553053211131217,4260.28,327099.69999999995
2025-02-17,store,S001,Karachi,Sindh,flagship,8,16,615005.92,21294.716664,593717.25,74214.65625,0.03462522224826713,0.0,593717.25
2025-02-17,store,S002,Lahore,Punjab,mall,6,13,378965.29,7186.45956,371791.6,61965.26666666666,0.018963371447553945,240487.48,131304.11999999997
2025-02-17,store,S003,Islamabad,ICT,mall,2,4,40863.83,245.741758,40617.04,20308.52,0.00601367414654965,0.0,40617.04
2025-02-17,store,S004,Karachi,Sindh,flagship,2,5,53022.6,5547.074033999999,47475.72,23737.86,0.10461716388860598,0.0,47475.72
2025-02-17,store,S006,Islamabad,ICT,mall,2,4,59228.68000000001,2136.154932,57092.97,28546.485,0.03606622555154023,0.0,57092.97
2025-02-18,online,ONLINE,,,,5,12,291839.68,21746.462247999996,270092.36,54018.471999999994,0.07451509763168598,0.0,270092.36
2025-02-18,store,S001,Karachi,Sindh,flagship,6,17,653696.23,20229.430637999998,633466.99,105577.83166666667,0.030946225034830015,0.0,633466.99
2025-02-18,store,S002,Lahore,Punjab,mall,2,4,38849.04,99.76367399999998,38749.53,19374.765,0.002567982992629933,0.0,38749.53
2025-02-18,store,S003,Islamabad,ICT,mall,5,13,541379.1699999999,385.60712500000005,540993.38,108198.676,0.0007122681225433925,0.0,540993.38
2025-02-18,store,S004,Karachi,Sindh,flagship,4,7,77499.76,9477.519242,68020.04,17005.01,0.12229094957197288,2958.72,65061.31999999999
2025-02-18,store,S005,Lahore,Punjab,high_street,2,6,36565.21,1514.1150440000001,35051.23,17525.615,0.04140862431803346,0.0,35051.23
2025-02-18,store,S006,Islamabad,ICT,mall,2,5,30452.77,202.174821,30250.15,15125.075,0.006638963253589082,0.0,30250.15
2025-02-19,online,ONLINE,,,,5,14,488932.23,10821.530512000001,478098.98,95619.796,0.022132986634978025,4015.93,474083.05
2025-02-19,store,S001,Karachi,Sindh,flagship,1,2,13725.05,120.78920800000002,13604.34,13604.34,0.008800638831916825,0.0,13604.34
2025-02-19,store,S003,Islamabad,ICT,mall,3,10,301113.44,217.794078,300895.16,100298.38666666666,0.000723295771852628,0.0,300895.16
2025-02-19,store,S004,Karachi,Sindh,flagship,8,25,154332.56,10767.973121,143563.66999999998,17945.458749999998,0.06977123376298561,4526.45,139037.21999999997
2025-02-19,store,S005,Lahore,Punjab,high_street,4,10,97973.9,6190.179335,91784.71,22946.1775,0.06318192227725956,8241.8,83542.91
2025-02-19,store,S006,Islamabad,ICT,mall,6,11,179465.15,1739.460907,177726.13,29621.021666666667,0.009692471808593478,1640.59,176085.54
2025-02-20,online,ONLINE,,,,7,12,152277.15999999997,5796.290851,146480.18,20925.739999999998,0.03806408558578319,0.0,146480.18
2025-02-20,store,S001,Karachi,Sindh,flagship,4,19,1342405.4000000001,26946.92424,1315461.56,328865.39,0.02007361132486505,0.0,1315461.56
2025-02-20,store,S002,Lahore,Punjab,mall,2,4,25657.48,102.82143299999998,25555.059999999998,12777.529999999999,0.004007464217062626,0.0,25555.059999999998
2025-02-20,store,S003,Islamabad,ICT,mall,3,10,232481.72999999998,187.921638,232292.72000000003,77430.90666666668,0.0008083286286625621,0.0,232292.72000000003
2025-02-20,store,S004,Karachi,Sindh,flagship,6,10,663587.28,118085.12472800001,545495.16,90915.86,0.17794965076485494,170510.77,374984.39
2025-02-20,store,S005,Lahore,Punjab,high_street,8,29,784079.21,60181.87646000001,723899.12,90487.39,0.07675484274095216,1538.77,722360.35
2025-02-20,store,S006,Islamabad,ICT,mall,4,7,38502.54,1305.225863,37197.01,9299.2525,0.03389973396560331,0.0,37197.01
2025-02-21,online,ONLINE,,,,9,24,887562.9,22752.455793,864783.4400000001,96087.0488888889,0.025634753089612015,1702.59,863080.8500000001
2025-02-21,store,S001,Karachi,Sindh,flagship,2,3,31437.04,0.0,31437.04,15718.52,0.0,0.0,31437.04
2025-02-21,store,S002,Lahore,Punjab,mall,1,1,3249.4,0.0,3249.4,3249.4,0.0,0.0,3249.4
2025-02-21,store,S004,Karachi,Sindh,flagship,5,7,65731.22,8405.225513000001,57327.380000000005,11465.476,0.1278726534057941,0.0,57327.380000000005
2025-02-21,store,S005,Lahore,Punjab,high_street,3,5,35383.17,2163.440709,33219.81,11073.269999999999,0.061143213256471936,0.0,33219.81
2025-02-21,store,S006,Islamabad,ICT,mall,2,7,145491.56,314.121704,145176.08,72588.04,0.0021590372939846135,0.0,145176.08
2025-02-22,online,ONLINE,,,,10,28,466127.70999999996,22799.146138,443327.23,44332.723,0.048911801742059065,0.0,443327.23
2025-02-22,store,S001,Karachi,Sindh,flagship,4,9,39397.77,1681.3910729999998,37716.92,9429.23,0.04267731582269758,0.0,37716.92
2025-02-22,store,S002,Lahore,Punjab,mall,3,6,31287.379999999997,1559.761269,29727.16,9909.053333333333,0.049852728767956926,0.0,29727.16
2025-02-22,store,S003,Islamabad,ICT,mall,2,6,69261.19,915.418886,68345.28,34172.64,0.013216909585295892,0.0,68345.28
2025-02-22,store,S004,Karachi,Sindh,flagship,3,14,294368.4,17898.690897,276459.11,92153.03666666667,0.06080371023859898,11342.31,265116.8
2025-02-22,store,S005,Lahore,Punjab,high_street,3,6,67744.8,2644.1088200000004,65099.29,21699.763333333332,0.03903043215124999,0.0,65099.29
2025-02-22,store,S006,Islamabad,ICT,mall,5,13,552224.98,7158.852879,545059.88,109011.976,0.012963652747110426,0.0,545059.88
2025-02-23,online,ONLINE,,,,10,22,617671.04,25015.471327000003,592635.15,59263.515,0.04049966682426944,28982.48,563652.67
2025-02-23,store,S001,Karachi,Sindh,flagship,4,14,292008.35,5755.885190999999,286254.23,71563.5575,0.019711371921385123,0.0,286254.23
2025-02-23,store,S003,Islamabad,ICT,mall,5,17,382184.47000000003,3051.7447,379134.73,75826.946,0.00798500446656035,0.0,379134.73
2025-02-23,store,S004,Karachi,Sindh,flagship,2,6,60049.369999999995,6616.33047,53433.9,26716.95,0.1101815134779932,0.0,53433.9
2025-02-23,store,S005,Lahore,Punjab,high_street,4,9,583427.48,27171.386082,556244.4,139061.1,0.04657200254262964,0.0,556244.4
2025-02-23,store,S006,Islamabad,ICT,mall,3,5,241779.01,234.83151199999998,241550.94999999998,80516.98333333332,0.0009712650903815016,0.0,241550.94999999998
2025-02-24,online,ONLINE,,,,5,14,124568.38,4155.070603,120414.01000000001,24082.802000000003,0.033355740862970204,19578.34,100835.67000000001
2025-02-24,store,S001,Karachi,Sindh,flagship,6,18,994458.32,6097.591955000001,988355.37,164725.895,0.006131571160267432,0.0,988355.37
2025-02-24,store,S002,Lahore,Punjab,mall,3,8,305946.93,679.715881,305266.44999999995,101755.48333333332,0.0022216790376030247,6533.59,298732.8599999999
2025-02-24,store,S003,Islamabad,ICT,mall,2,7,139817.25,881.991113,138937.06,69468.53,0.0063081709374200965,0.0,138937.06
2025-02-24,store,S004,Karachi,Sindh,flagship,7,23,839059.84,90807.564422,748246.35,106892.33571428571,0.10822537332021516,23599.15,724647.2
2025-02-24,store,S005,Lahore,Punjab,high_street,3,13,80326.86,4621.496578,75706.35,25235.45,0.05753363915880691,0.0,75706.35
2025-02-24,store,S006,Islamabad,ICT,mall,2,12,317936.5,10230.784711,307712.42,153856.21,0.03217870458723676,0.0,307712.42
2025-02-25,online,ONLINE,,,,2,5,40072.58,697.293095,39374.68,19687.34,0.017400753707397926,0.0,39374.68
2025-02-25,store,S001,Karachi,Sindh,flagship,6,11,101406.56999999999,1919.6353900000001,99484.27,16580.711666666666,0.018930088947885726,5997.9,93486.37000000001
2025-02-25,store,S002,Lahore,Punjab,mall,4,7,32127.49,1189.246153,30938.15,7734.5375,0.03701646636571983,0.0,30938.15
2025-02-25,store,S003,Islamabad,ICT,mall,5,18,180299.22,1225.217886,179073.45,35814.69,0.006795469697539456,1813.14,177260.31
2025-02-25,store,S004,Karachi,Sindh,flagship,4,9,197855.41,19568.04268,178283.12,44570.78,0.09890072088501395,4109.9,174173.22
2025-02-25,store,S005,Lahore,Punjab,high_street,8,20,867438.3,70025.539778,797411.8300000001,99676.47875000001,0.08072682492576129,4089.62,793322.2100000001
2025-02-25,store,S006,Islamabad,ICT,mall,6,16,435669.31,31803.338123999998,403862.42,67310.40333333334,0.0729988029774234,0.0,403862.42
2025-02-26,online,ONLINE,,,,9,20,1183956.54,32729.093753,1151238.53,127915.39222222223,0.027643830366442336,0.0,1151238.53
2025-02-26,store,S001,Karachi,Sindh,flagship,7,21,685127.94,11327.815208999999,673794.29,96256.32714285715,0.01653386841733531,1365.68,672428.61
2025-02-26,store,S002,Lahore,Punjab,mall,1,1,3274.94,35.369352,3239.54,3239.54,0.010799999999999999,0.0,3239.54
2025-02-26,store,S004,Karachi,Sindh,flagship,6,15,767873.98,83113.467746,684766.88,114127.81333333334,0.10823842181239166,190160.06,494606.82
2025-02-26,store,S005,Lahore,Punjab,high_street,1,4,29096.88,3113.300172,25983.74,25983.74,0.10699773212798074,0.0,25983.74
2025-02-26,store,S006,Islamabad,ICT,mall,7,26,408087.32,16039.531075,392057.46,56008.20857142857,0.03930416430238509,0.0,392057.46
2025-02-27,online,ONLINE,,,,7,25,438178.37,16813.789248,421365.86,60195.12285714286,0.038372020161561146,83179.16,338186.69999999995
2025-02-27,store,S001,Karachi,Sindh,flagship,3,10,297729.3,8982.726447,288753.65,96251.21666666667,0.030170784155271246,0.0,288753.65
2025-02-27,store,S002,Lahore,Punjab,mall,2,3,22598.1,292.79992599999997,22305.05,11152.525,0.01295683822976268,0.0,22305.05
2025-02-27,store,S003,Islamabad,ICT,mall,3,6,507273.05999999994,2694.2649249999995,504570.48,168190.16,0.0053112714580190795,0.0,504570.48
2025-02-27,store,S004,Karachi,Sindh,flagship,4,11,339933.6,49963.948124,289968.11,72492.0275,0.14698149322102907,0.0,289968.11
2025-02-27,store,S005,Lahore,Punjab,high_street,3,8,248009.71,21001.527183,227014.67,75671.55666666667,0.08468026184539307,0.0,227014.67
2025-02-27,store,S006,Islamabad,ICT,mall,4,6,33504.32,370.939837,33133.19,8283.2975,0.011071403239940401,0.0,33133.19
2025-02-28,online,ONLINE,,,,13,35,781242.5,21005.789808,760235.8,58479.67692307693,0.02688766907586313,5714.33,754521.4700000001
2025-02-28,store,S001,Karachi,Sindh,flagship,3,7,32007.79,388.567586,31619.899999999998,10539.966666666665,0.012139781784371867,3944.39,27675.51
2025-02-28,store,S002,Lahore,Punjab,mall,3,11,546906.96,12549.941947,534364.4500000001,178121.48333333337,0.02294712421834968,0.0,534364.4500000001
2025-02-28,store,S003,Islamabad,ICT,mall,1,2,11234.329999999998,0.0,11234.329999999998,11234.329999999998,0.0,0.0,11234.329999999998
2025-02-28,store,S004,Karachi,Sindh,flagship,5,14,127529.95999999999,15328.413939999999,112199.76,22439.951999999997,0.12019461105453182,12712.91,99486.84999999999
2025-02-28,store,S005,Lahore,Punjab,high_street,10,21,380737.71,35357.85787,345383.82,34538.382,0.09286670834365211,9302.68,336081.14
2025-02-28,store,S006,Islamabad,ICT,mall,1,1,2475.8,86.40542,2389.52,2389.52,0.0349,0.0,2389.52
2025-03-01,online,ONLINE,,,,8,17,226682.41,3528.4113199999997,223156.04,27894.505,0.015565439418082768,4209.38,218946.66
2025-03-01,store,S001,Karachi,Sindh,flagship,6,16,310266.96,15727.072581,294546.82,49091.136666666665,0.05068884092911472,0.0,294546.82
2025-03-01,store,S002,Lahore,Punjab,mall,2,6,360339.65,18535.413356,341806.05,170903.025,0.051438728310914436,0.0,341806.05
2025-03-01,store,S003,Islamabad,ICT,mall,2,5,34930.79,805.284377,34125.58,17062.79,0.02305371212617865,13094.19,21031.39
2025-03-01,store,S004,Karachi,Sindh,flagship,3,7,32527.17,2965.504178,29560.9,9853.633333333333,0.09117006422630682,6972.12,22588.780000000002
2025-03-01,store,S005,Lahore,Punjab,high_street,2,4,17530.07,1295.7951910000002,16234.539999999999,8117.2699999999995,0.07391842650942068,0.0,16234.539999999999
2025-03-01,store,S006,Islamabad,ICT,mall,6,13,311576.57,4076.4951140000003,307500.6,51250.1,0.013083445632641761,0.0,307500.6
2025-03-02,online,ONLINE,,,,8,20,229964.66,7557.937217000001,222408.46,27801.0575,0.03286564647367991,16009.900000000001,206398.56
2025-03-02,store,S001,Karachi,Sindh,flagship,2,7,241535.22,1925.3538469999999,239609.53,119804.765,0.007971317172708808,0.0,239609.53
2025-03-02,store,S002,Lahore,Punjab,mall,4,10,162513.09,9906.559923,152601.37,38150.3425,0.06095853523553088,7584.63,145016.74
2025-03-02,store,S003,Islamabad,ICT,mall,4,16,72582.94,577.1047590000001,72005.79,18001.4475,0.007950969732005896,0.0,72005.79
2025-03-02,store,S004,Karachi,Sindh,flagship,9,25,450335.22000000003,55741.527686,394589.9,43843.322222222225,0.12377785527412223,29399.460000000003,365190.44
2025-03-02,store,S005,Lahore,Punjab,high_street,7,20,783620.35,31312.281030000002,752317.01,107473.85857142857,0.03995848376066293,18153.77,734163.24
2025-03-02,store,S006,Islamabad,ICT,mall,10,33,797734.18,33197.21587000001,764531.95,76453.19499999999,0.041614383214719476,21145.379999999997,743386.57
2025-03-03,online,ONLINE,,,,6,16,174605.49000000002,4767.665285,169836.72,28306.12,0.027305357265685056,13740.1,156096.62
2025-03-03,store,S001,Karachi,Sindh,flagship,5,22,269478.62,3658.8122839999996,265817.39,53163.478,0.013577375021439547,0.0,265817.39
2025-03-03,store,S002,Lahore,Punjab,mall,2,5,40404.06,909.284868,39495.14,19747.57,0.022504789568177058,17128.88,22366.26
2025-03-03,store,S003,Islamabad,ICT,mall,3,6,48866.35,87.99329,48777.98,16259.326666666668,0.0018006929103565133,0.0,48777.98
2025-03-03,store,S004,Karachi,Sindh,flagship,5,17,442194.4,24307.447501000002,417875.01,83575.00200000001,0.05497004824348748,0.0,417875.01
2025-03-03,store,S005,Lahore,Punjab,high_street,1,1,2456.03,300.372469,2155.68,2155.68,0.1223,0.0,2155.68
2025-03-03,store,S006,Islamabad,ICT,mall,3,6,224663.68,2763.221638,221895.66,73965.22,0.012299369608830409,0.0,221895.66
2025-03-04,online,ONLINE,,,,12,30,614273.1,20004.262969000003,594283.88,49523.65666666667,0.032565747985708646,24423.690000000002,569860.19
2025-03-04,store,S001,Karachi,Sindh,flagship,6,26,461046.76,7608.770845,453432.69999999995,75572.11666666665,0.016503251958651655,0.0,453432.69999999995
2025-03-04,store,S002,Lahore,Punjab,mall,4,18,106599.71,2115.586037,104483.34,26120.835,0.01984607685142858,0.0,104483.34
2025-03-04,store,S003,Islamabad,ICT,mall,2,5,17947.26,43.488225,17903.69,8951.845,0.0024231122188010873,0.0,17903.69
2025-03-04,store,S004,Karachi,Sindh,flagship,2,3,20516.489999999998,2202.107696,18314.61,9157.305,0.10733354954965495,0.0,18314.61
2025-03-04,store,S005,Lahore,Punjab,high_street,4,12,202806.06,13645.438603,189155.56,47288.89,0.06728318967884885,0.0,189155.56
2025-03-04,store,S006,Islamabad,ICT,mall,7,23,798149.0,31492.005054,766660.49,109522.92714285714,0.039456298327755844,33156.26,733504.23
2025-03-05,online,ONLINE,,,,6,22,506754.44,12700.322024,494051.0,82341.83333333333,0.025062083371188617,0.0,494051.0
2025-03-05,store,S001,Karachi,Sindh,flagship,4,10,508060.64999999997,30954.582489999997,477104.02999999997,119276.00749999999,0.0609269434466141,0.0,477104.02999999997
2025-03-05,store,S002,Lahore,Punjab,mall,1,5,246813.93,4505.213616,242317.86,242317.86,0.018253481948932136,0.0,242317.86
2025-03-05,store,S003,Islamabad,ICT,mall,2,9,60051.84,1666.664142,58385.4,29192.7,0.027753756454423382,0.0,58385.4
2025-03-05,store,S004,Karachi,Sindh,flagship,5,18,183962.26,26244.92365,157716.73,31543.346,0.14266471639346026,10330.25,147386.48
2025-03-05,store,S005,Lahore,Punjab,high_street,3,8,67708.56,2914.545764,64792.42,21597.47333333333,0.04304545487306184,20954.83,43837.59
2025-03-05,store,S006,Islamabad,ICT,mall,2,5,43207.259999999995,29.684697,43177.78,21588.89,0.000687030304629361,0.0,43177.78
2025-03-06,online,ONLINE,,,,10,24,382374.69,9138.437730000001,373244.95,37324.495,0.02389917002613327,2407.04,370837.91000000003
2025-03-06,store,S001,Karachi,Sindh,flagship,8,21,381219.43,19472.169039999997,361741.51,45217.68875,0.05107863741362815,0.0,361741.51
2025-03-06,store,S002,Lahore,Punjab,mall,2,3,11048.79,503.521334,10545.06,5272.53,0.04557253183380262,0.0,10545.06
2025-03-06,store,S003,Islamabad,ICT,mall,3,11,120652.42,785.396658,119867.10999999999,39955.70333333333,0.006509580644963441,41533.08,78334.02999999998
2025-03-06,store,S004,Karachi,Sindh,flagship,5,13,709939.1699999999,28399.275468,681561.51,136312.302,0.04000240678085138,0.0,681561.51
2025-03-06,store,S005,Lahore,Punjab,high_street,2,9,386257.46,29208.177268,357040.27,178520.135,0.07561841593428383,0.0,357040.27
2025-03-06,store,S006,Islamabad,ICT,mall,7,13,323839.25,4410.473302,319429.32,45632.76,0.013619329040565653,1229.97,318199.35000000003
2025-03-07,online,ONLINE,,,,5,16,397981.75,15019.663706,382963.77,76592.754,0.03773957902843535,0.0,382963.77
2025-03-07,store,S001,Karachi,Sindh,flagship,8,19,139782.48,2136.927869,137643.96,17205.495,0.015287522935635425,0.0,137643.96
2025-03-07,store,S002,Lahore,Punjab,mall,2,4,45900.59,3125.621043,42775.16,21387.58,0.0680954437186973,9986.91,32788.25
2025-03-07,store,S003,Islamabad,ICT,mall,3,7,26375.7,205.167721,26170.06,8723.353333333334,0.007778664490421107,3785.3,22384.760000000002
2025-03-07,store,S004,Karachi,Sindh,flagship,4,12,641993.34,43545.073418,598442.99,149610.7475,0.06782792079743383,0.0,598442.99
2025-03-07,store,S005,Lahore,Punjab,high_street,2,4,16187.93,996.2039320000001,15191.77,7595.885,0.06153992091638647,0.0,15191.77
2025-03-07,store,S006,Islamabad,ICT,mall,5,13,666835.51,39140.233400000005,627693.95,125538.79,0.0586954845880958,250743.66,376950.2899999999
2025-03-08,online,ONLINE,,,,9,21,773344.6799999999,21504.771674,751842.89,83538.0988888889,0.02780748640308743,6658.7300000000005,745184.16
2025-03-08,store,S001,Karachi,Sindh,flagship,3,3,20182.42,341.66786599999995,19840.35,6613.45,0.01692898403660215,11377.55,8462.8
2025-03-08,store,S002,Lahore,Punjab,mall,5,10,91108.49,4108.229683,86998.93,17399.786,0.045091622998032335,7099.65,79899.28
2025-03-08,store,S003,Islamabad,ICT,mall,5,18,578143.15,28185.645642,549948.1900000001,109989.638,0.04875201866873282,0.0,549948.1900000001
2025-03-08,store,S004,Karachi,Sindh,flagship,1,3,28266.77,5617.993761000001,22648.79,22648.79,0.19874905272162333,0.0,22648.79
2025-03-08,store,S005,Lahore,Punjab,high_street,3,8,155129.49000000002,12058.705357,143074.15,47691.38333333333,0.07773315929163435,0.0,143074.15
2025-03-08,store,S006,Islamabad,ICT,mall,6,14,149157.17,8044.8728280000005,141108.76,23518.126666666667,0.053935542139878355,21253.09,119855.67000000001
2025-03-09,online,ONLINE,,,,8,13,499629.02,29355.322726,470284.2,58785.525,0.05875423874698071,11471.84,458812.36
2025-03-09,store,S001,Karachi,Sindh,flagship,3,6,80081.2,2617.692875,77463.72,25821.24,0.03268798263512535,1371.18,76092.54000000001
2025-03-09,store,S002,Lahore,Punjab,mall,5,16,620443.55,5219.438363,615219.02,123043.804,0.008412430692526339,5413.33,609805.6900000001
2025-03-09,store,S003,Islamabad,ICT,mall,2,8,113734.27,31.735856,113702.53,56851.265,0.0002790351228350083,0.0,113702.53
2025-03-09,store,S004,Karachi,Sindh,flagship,5,16,389714.18,47541.092973,342178.6,68435.72,0.12198964115958008,0.0,342178.6
2025-03-09,store,S005,Lahore,Punjab,high_street,4,16,605812.9400000001,38492.560683,567330.64,141832.66,0.06353869014914075,0.0,567330.64
2025-03-09,store,S006,Islamabad,ICT,mall,2,4,109421.86,818.4428440000002,108602.12,54301.06,0.007479701441741167,0.0,108602.12
2025-03-10,online,ONLINE,,,,5,14,337298.95,9876.704168,327412.88,65482.576,0.029281751893980103,4636.38,322776.5
2025-03-10,store,S001,Karachi,Sindh,flagship,3,8,83790.88,3063.1821010000003,80726.53,26908.843333333334,0.036557464261026976,0.0,80726.53
2025-03-10,store,S002,Lahore,Punjab,mall,5,12,314468.51,3014.409205,311453.07,62290.614,0.00958572673938004,31711.1,279741.97000000003
2025-03-10,store,S003,Islamabad,ICT,mall,1,3,400412.83999999997,84.49795,400328.6,400328.6,0.00021102707395696905,0.0,400328.6
2025-03-10,store,S004,Karachi,Sindh,flagship,6,16,177157.49,11576.383553,165581.75,27596.958333333332,0.06534515448937553,0.0,165581.75
2025-03-10,store,S005,Lahore,Punjab,high_street,9,27,350294.45,16271.406834000001,334021.99,37113.554444444446,0.046450655538504824,0.0,334021.99
2025-03-10,store,S006,Islamabad,ICT,mall,7,13,91647.26,3385.590961,88263.22,12609.031428571428,0.03694154043448762,0.0,88263.22
2025-03-11,online,ONLINE,,,,15,36,1221558.3599999999,74512.53429899999,1147067.3499999999,76471.15666666666,0.060997932427068,6399.26,1140668.0899999999
2025-03-11,store,S001,Karachi,Sindh,flagship,7,21,579005.01,14710.674169,564296.77,80613.82428571429,0.025406816719945133,8200.4,556096.37
2025-03-11,store,S002,Lahore,Punjab,mall,3,12,689193.4299999999,18356.117378,670840.9299999999,223613.6433333333,0.026634202502481778,0.0,670840.9299999999
2025-03-11,store,S003,Islamabad,ICT,mall,3,11,360711.47000000003,3249.259793,357463.11000000004,119154.37000000001,0.009007919246371622,0.0,357463.11000000004
2025-03-11,store,S004,Karachi,Sindh,flagship,3,8,297198.51,13448.045999999998,283743.31,94581.10333333333,0.045249372212532286,0.0,283743.31
2025-03-11,store,S005,Lahore,Punjab,high_street,9,26,774628.5599999999,44426.025951,730221.6799999999,81135.74222222221,0.05735139167990399,15307.810000000001,714913.8699999999
2025-03-11,store,S006,Islamabad,ICT,mall,9,24,872672.6799999999,8111.054552,864553.2999999999,96061.47777777776,0.009294498083748881,0.0,864553.2999999999
2025-03-12,online,ONLINE,,,,7,21,765324.84,18338.183732999998,746993.27,106713.32428571429,0.023961307375048743,0.0,746993.27
2025-03-12,store,S001,Karachi,Sindh,flagship,1,2,8023.87,78.579456,7945.48,7945.48,0.009793211505171444,0.0,7945.48
2025-03-12,store,S002,Lahore,Punjab,mall,3,9,154852.32,151.10004800000002,154700.95,51566.98333333334,0.0009757687065973568,0.0,154700.95
2025-03-12,store,S003,Islamabad,ICT,mall,1,2,8660.43,0.0,8660.43,8660.43,0.0,0.0,8660.43
2025-03-12,store,S004,Karachi,Sindh,flagship,2,5,66045.29,9074.962889999999,56970.49,28485.245,0.137405148648753,0.0,56970.49
2025-03-12,store,S005,Lahore,Punjab,high_street,5,9,107144.66,11112.531711,96035.43,19207.086,0.10371521745460763,0.0,96035.43
2025-03-12,store,S006,Islamabad,ICT,mall,3,8,47415.45,1262.295579,46152.520000000004,15384.173333333334,0.026622030983571816,0.0,46152.520000000004
2025-03-13,online,ONLINE,,,,15,44,1195927.47,57546.706614999996,1138377.62,75891.84133333334,0.04811889354376984,58841.61,1079536.01
2025-03-13,store,S001,Karachi,Sindh,flagship,2,5,264061.77,3909.7688000000003,260159.58000000002,130079.79000000001,0.014806265973298595,3944.06,256215.52000000002
2025-03-13,store,S002,Lahore,Punjab,mall,3,7,28444.72,48.807249,28395.86,9465.286666666667,0.0017158632252312555,3571.32,24824.54
2025-03-13,store,S003,Islamabad,ICT,mall,4,17,918640.54,187.040413,918453.7200000001,229613.43000000002,0.00020360565951073746,12193.64,906260.0800000001
2025-03-13,store,S004,Karachi,Sindh,flagship,5,13,331078.33999999997,41248.705656000006,289827.14,57965.428,0.12458895878238369,0.0,289827.14
2025-03-13,store,S005,Lahore,Punjab,high_street,10,30,946270.33,43086.079462,903170.14,90317.014,0.04553252711833415,8946.95,894223.1900000001
2025-03-13,store,S006,Islamabad,ICT,mall,3,9,379124.05,12926.339822,366208.59,122069.53000000001,0.03409527784375589,0.0,366208.59
2025-03-14,online,ONLINE,,,,9,22,483789.36,29140.118375,454649.31,50516.59,0.06023306997698337,0.0,454649.31
2025-03-14,store,S001,Karachi,Sindh,flagship,5,23,597425.0900000001,701.168213,596723.54,119344.70800000001,0.0011736504287089783,0.0,596723.54
2025-03-14,store,S002,Lahore,Punjab,mall,6,21,124523.66,1190.123254,123333.3,20555.55,0.009557406632602993,11010.130000000001,112323.17
2025-03-14,store,S003,Islamabad,ICT,mall,1,1,12696.6,0.0,12696.6,12696.6,0.0,0.0,12696.6
2025-03-14,store,S004,Karachi,Sindh,flagship,4,10,144078.37000000002,21074.071137000003,123008.37,30752.0925,0.14626811184079885,0.0,123008.37
2025-03-14,store,S005,Lahore,Punjab,high_street,5,17,508624.86000000004,33536.963425,475081.5,95016.3,0.06593653999727815,0.0,475081.5
2025-03-14,store,S006,Islamabad,ICT,mall,5,15,710864.53,11052.892711999999,699804.7,139960.94,0.015548521899102209,0.0,699804.7
2025-03-15,online,ONLINE,,,,6,15,145328.47,3364.410018,141961.77,23660.295,0.023150384903935204,12425.46,129536.31
2025-03-15,store,S001,Karachi,Sindh,flagship,4,9,36095.12,370.42041600000005,35724.62,8931.155,0.01026234061557352,2171.76,33552.86
2025-03-15,store,S002,Lahore,Punjab,mall,2,5,74305.34999999999,9570.857072,64735.18,32367.59,0.12880441411015495,0.0,64735.18
2025-03-15,store,S003,Islamabad,ICT,mall,3,8,71012.66,119.620378,70891.77,23630.59,0.0016844936945046136,0.0,70891.77
2025-03-15,store,S004,Karachi,Sindh,flagship,5,12,97667.2,5689.232375,91978.19,18395.638,0.05825120792855738,0.0,91978.19
2025-03-15,store,S005,Lahore,Punjab,high_street,4,12,131906.74,11319.907189,120590.18000000001,30147.545000000002,0.08581750401078823,0.0,120590.18000000001
2025-03-15,store,S006,Islamabad,ICT,mall,5,11,546513.25,31552.342817999997,514953.34,102990.668,0.057733902733373796,88181.39,426771.95
2025-03-16,online,ONLINE,,,,14,30,321030.38,10323.843827,310706.34,22193.31,0.0321584637161131,14310.91,296395.43000000005
2025-03-16,store,S001,Karachi,Sindh,flagship,3,7,34666.47,322.928063,34343.58,11447.86,0.009315285432869283,0.0,34343.58
2025-03-16,store,S002,Lahore,Punjab,mall,4,9,65474.03,97.941429,65376.32,16344.08,0.0014958820924876627,0.0,65376.32
2025-03-16,store,S003,Islamabad,ICT,mall,2,6,48500.07,5.84861,48494.24,24247.12,0.0001205897228601938,3910.44,44583.799999999996
2025-03-16,store,S004,Karachi,Sindh,flagship,4,10,466738.54,27477.929842000005,439270.75999999995,109817.68999999999,0.05887221107132059,0.0,439270.75999999995
2025-03-16,store,S005,Lahore,Punjab,high_street,6,17,709905.52,60569.235559,649330.6699999999,108221.77833333332,0.08532013606402158,6657.54,642673.1299999999
2025-03-16,store,S006,Islamabad,ICT,mall,5,7,126411.83,2371.0162330000003,124036.73999999999,24807.347999999998,0.01875628438414348,6769.2,117267.54
2025-03-17,online,ONLINE,,,,3,9,367786.94,6742.8780019999995,361051.98,120350.65999999999,0.018333652635952758,0.0,361051.98
2025-03-17,store,S001,Karachi,Sindh,flagship,4,8,512097.00999999995,17856.506291,494236.31,123559.0775,0.034869382055169595,19444.41,474791.9
2025-03-17,store,S002,Lahore,Punjab,mall,6,26,323637.95,3929.390089,319708.32,53284.72,0.012141314357602375,1563.85,318144.47000000003
2025-03-17,store,S003,Islamabad,ICT,mall,1,2,7494.1900000000005,28.700671999999997,7465.360000000001,7465.360000000001,0.003829723025437038,0.0,7465.360000000001
2025-03-17,store,S004,Karachi,Sindh,flagship,5,13,101421.86,9990.906455,91433.63,18286.726000000002,0.09850841283131664,0.0,91433.63
2025-03-17,store,S005,Lahore,Punjab,high_street,9,25,497747.55,42987.85911799999,454765.21,50529.46777777778,0.08636478294669656,0.0,454765.21
2025-03-17,store,S006,Islamabad,ICT,mall,8,23,433133.31,14807.794090000001,418327.82,52290.9775,0.03418761325468134,17757.66,400570.16000000003
2025-03-18,online,ONLINE,,,,4,12,439853.92000000004,29983.008752,409865.04,102466.26,0.06816583276556908,7052.27,402812.76999999996
2025-03-18,store,S001,Karachi,Sindh,flagship,3,10,53172.57,2469.607609,50703.6,16901.2,0.04644514284338711,4177.35,46526.25
2025-03-18,store,S002,Lahore,Punjab,mall,5,14,629409.96,419.265371,628986.6,125797.31999999999,0.0006661244620278968,8581.53,620405.07
2025-03-18,store,S003,Islamabad,ICT,mall,3,11,326940.74,1245.2505039999999,325695.54,108565.18,0.003808795759133597,0.0,325695.54
2025-03-18,store,S004,Karachi,Sindh,flagship,3,6,132062.99,8757.378921,123310.5,41103.5,0.06631213575430936,0.0,123310.5
2025-03-18,store,S005,Lahore,Punjab,high_street,4,10,72739.58,6586.698960999999,66154.72,16538.68,0.09055178708758009,3370.76,62783.96
2025-03-18,store,S006,Islamabad,ICT,mall,8,23,1088049.96,18614.240297999997,1069418.6,133677.325,0.017107891165218183,8750.47,1060668.1300000001
2025-03-19,online,ONLINE,,,,8,20,1232280.58,80211.871266,1152066.41,144008.30125,0.06509221403618971,6637.58,1145428.8299999998
2025-03-19,store,S001,Karachi,Sindh,flagship,9,30,955189.87,2601.62768,952588.29,105843.14333333334,0.0027236759535567523,5130.35,947457.9400000001
2025-03-19,store,S002,Lahore,Punjab,mall,3,5,588946.31,3916.433156,585046.48,195015.49333333332,0.006649898453392126,0.0,585046.48
2025-03-19,store,S003,Islamabad,ICT,mall,5,16,806193.6,1890.8196400000002,804311.33,160862.266,0.002345366720847201,0.0,804311.33
2025-03-19,store,S004,Karachi,Sindh,flagship,7,13,116038.28,11418.751238,104620.33,14945.761428571428,0.09840503701020044,0.0,104620.33
2025-03-19,store,S005,Lahore,Punjab,high_street,10,30,885776.21,57201.818722,828569.6799999999,82856.968,0.06457818360463757,0.0,828569.6799999999
2025-03-19,store,S006,Islamabad,ICT,mall,6,15,99453.6,3908.810098,95544.83,15924.138333333334,0.03930285176202772,0.0,95544.83
2025-03-20,online,ONLINE,,,,8,22,898872.48,28769.643777000005,870118.89,108764.86125,0.03200636844171712,3586.18,866532.71
2025-03-20,store,S001,Karachi,Sindh,flagship,7,23,885325.85,4077.220382,881265.62,125895.08857142857,0.00460533303302959,0.0,881265.62
2025-03-20,store,S002,Lahore,Punjab,mall,2,7,251417.25999999998,340.439961,251077.22,125538.61,0.0013540834905288524,0.0,251077.22
2025-03-20,store,S003,Islamabad,ICT,mall,4,14,466108.39,1758.647909,464356.84,116089.21,0.0037730449542004597,0.0,464356.84
2025-03-20,store,S004,Karachi,Sindh,flagship,3,7,35305.65,2265.870576,33040.43,11013.476666666667,0.0641786959311045,0.0,33040.43
2025-03-20,store,S005,Lahore,Punjab,high_street,7,21,343358.17,35331.430165,308033.81,44004.83,0.10289963441091267,0.0,308033.81
2025-03-20,store,S006,Islamabad,ICT,mall,10,30,327664.45,24495.621521999998,303168.02,30316.802000000003,0.07475825199224388,30801.21,272366.81
2025-03-21,online,ONLINE,,,,9,29,813585.77,44368.837994,769209.44,85467.71555555555,0.05453492382739192,30801.49,738407.95
2025-03-21,store,S001,Karachi,Sindh,flagship,3,7,58487.19,472.890262,58014.380000000005,19338.126666666667,0.008085364709776619,3524.45,54489.93000000001
2025-03-21,store,S002,Lahore,Punjab,mall,1,6,37616.2,736.290462,36879.52,36879.52,0.019573759763080803,0.0,36879.52
2025-03-21,store,S003,Islamabad,ICT,mall,3,8,262593.01,313.5467,262269.82,87423.27333333333,0.0011940405420540325,0.0,262269.82
2025-03-21,store,S004,Karachi,Sindh,flagship,4,8,29057.23,3248.118172,25808.38,6452.095,0.11178347598859217,0.0,25808.38
2025-03-21,store,S005,Lahore,Punjab,high_street,3,11,302930.03,18370.84652,284560.87,94853.62333333334,0.06064386063012636,0.0,284560.87
2025-03-21,store,S006,Islamabad,ICT,mall,5,10,279673.97,13552.136649,266117.02999999997,53223.405999999995,0.04845691091308927,0.0,266117.02999999997
2025-03-22,online,ONLINE,,,,13,34,576165.17,22028.255627,554134.6,42625.73846153846,0.03823253603996923,0.0,554134.6
2025-03-22,store,S001,Karachi,Sindh,flagship,5,20,310944.29,19210.304952999995,291733.44,58346.688,0.061780536162924865,0.0,291733.44
2025-03-22,store,S002,Lahore,Punjab,mall,4,13,596962.88,9132.811144,587824.27,146956.0675,0.015298792353722227,0.0,587824.27
2025-03-22,store,S003,Islamabad,ICT,mall,1,4,15649.12,0.0,15649.12,15649.12,0.0,0.0,15649.12
2025-03-22,store,S004,Karachi,Sindh,flagship,5,11,114360.23999999999,15174.395078,99186.3,19837.260000000002,0.13268943015509588,4601.610000000001,94584.69
2025-03-22,store,S005,Lahore,Punjab,high_street,8,25,578483.6799999999,37998.627063,540482.96,67560.37,0.06568660167387956,2793.02,537689.94
2025-03-22,store,S006,Islamabad,ICT,mall,4,15,165878.84,3666.3180519999996,162213.44,40553.36,0.02210238540370791,3130.48,159082.96
2025-03-23,online,ONLINE,,,,6,12,88522.15000000001,1511.378423,87010.14,14501.69,0.017073449108499963,0.0,87010.14
2025-03-23,store,S001,Karachi,Sindh,flagship,2,3,32776.41,1786.2835160000002,30989.18,15494.59,0.05449905941498779,0.0,30989.18
2025-03-23,store,S002,Lahore,Punjab,mall,2,12,119075.95,2375.285233,116700.72,58350.36,0.019947648815734832,2176.34,114524.38
2025-03-23,store,S003,Islamabad,ICT,mall,3,12,227439.76,1315.4246600000001,226121.47,75373.82333333333,0.0057836178687490705,3785.55,222335.92
2025-03-23,store,S004,Karachi,Sindh,flagship,3,10,255565.09,36755.1739,218801.23,72933.74333333333,0.1438192278139397,9287.78,209513.45
2025-03-23,store,S005,Lahore,Punjab,high_street,5,15,683912.24,96363.78257899999,587546.87,117509.374,0.14090080121829665,0.0,587546.87
2025-03-23,store,S006,Islamabad,ICT,mall,2,7,713614.0,15.880176,713598.43,356799.215,2.225317328415642e-05,0.0,713598.43
2025-03-24,online,ONLINE,,,,10,32,483889.68,14628.962159,469261.57,46926.157,0.030232019329281833,0.0,469261.57
2025-03-24,store,S001,Karachi,Sindh,flagship,3,12,305387.98000000004,4069.345103,301317.91000000003,100439.30333333334,0.013325164608639802,0.0,301317.91000000003
2025-03-24,store,S002,Lahore,Punjab,mall,3,8,49830.97,1309.2485880000002,48522.22,16174.073333333334,0.026273792944427936,0.0,48522.22
2025-03-24,store,S003,Islamabad,ICT,mall,3,10,387616.18,857.850636,386758.54,128919.51333333332,0.0022131445493322804,0.0,386758.54
2025-03-24,store,S004,Karachi,Sindh,flagship,4,9,352709.02999999997,45483.765180999995,307225.52999999997,76806.38249999999,0.12895548827031733,0.0,307225.52999999997
2025-03-24,store,S005,Lahore,Punjab,high_street,7,17,384395.47,20936.03313,363454.34,51922.048571428575,0.05446482792838324,0.0,363454.34
2025-03-24,store,S006,Islamabad,ICT,mall,3,11,58811.85,2892.604305,55918.92,18639.64,0.049184038675879095,0.0,55918.92
2025-03-25,online,ONLINE,,,,4,7,34547.68,1274.0457900000001,33273.58,8318.395,0.036877897155467465,6707.620000000001,26565.96
2025-03-25,store,S001,Karachi,Sindh,flagship,4,14,591372.24,36165.226065,555214.11,138803.5275,0.061154757729243434,3898.6099999999997,551315.5
2025-03-25,store,S002,Lahore,Punjab,mall,1,2,42488.04,5334.55711,37154.299999999996,37154.299999999996,0.1255543232872121,0.0,37154.299999999996
2025-03-25,store,S003,Islamabad,ICT,mall,3,7,42542.619999999995,19.206942,42523.52,14174.506666666666,0.0004514752970080358,0.0,42523.52
2025-03-25,store,S004,Karachi,Sindh,flagship,3,6,76801.51999999999,4475.915745,72324.93,24108.309999999998,0.05827899949115591,0.0,72324.93
2025-03-25,store,S006,Islamabad,ICT,mall,3,11,76688.66,3765.7030990000003,72924.53,24308.176666666666,0.04910378012863962,0.0,72924.53
2025-03-26,online,ONLINE,,,,17,42,1494241.66,46172.34358,1448077.8699999999,85181.05117647059,0.03090018490047989,115058.39000000001,1333019.48
2025-03-26,store,S001,Karachi,Sindh,flagship,1,6,41200.270000000004,0.0,41200.270000000004,41200.270000000004,0.0,0.0,41200.270000000004
2025-03-26,store,S002,Lahore,Punjab,mall,8,22,555524.3400000001,3108.10648,552415.14,69051.8925,0.005594906030580046,3099.75,549315.39
2025-03-26,store,S003,Islamabad,ICT,mall,2,8,457823.03,6242.032473,451582.62,225791.31,0.013634160066172293,0.0,451582.62
2025-03-26,store,S004,Karachi,Sindh,flagship,8,26,651803.93,102709.188526,549101.9,68637.7375,0.15757681689031852,0.0,549101.9
2025-03-26,store,S005,Lahore,Punjab,high_street,4,8,60367.899999999994,5934.210505999999,54433.479999999996,13608.369999999999,0.0983007609342051,0.0,54433.479999999996
2025-03-26,store,S006,Islamabad,ICT,mall,10,24,497215.39,6592.316035999999,490622.86,49062.286,0.013258471416180419,29374.88,461247.98
2025-03-27,online,ONLINE,,,,6,18,791499.39,23933.767748,767560.98,127926.83,0.03023851698483305,0.0,767560.98
2025-03-27,store,S001,Karachi,Sindh,flagship,5,14,347643.82,6032.613013,341606.88,68321.376,0.017352855612390868,0.0,341606.88
2025-03-27,store,S002,Lahore,Punjab,mall,1,1,5118.51,374.674932,4743.61,4743.61,0.0732,0.0,4743.61
2025-03-27,store,S003,Islamabad,ICT,mall,5,17,113778.21999999999,984.9205529999999,112793.82999999999,22558.765999999996,0.008656494652491489,17729.18,95064.65
2025-03-27,store,S004,Karachi,Sindh,flagship,3,12,143244.28,26322.859051,116924.87,38974.956666666665,0.1837620256180561,0.0,116924.87
2025-03-27,store,S005,Lahore,Punjab,high_street,5,11,88127.11,5597.957416,82529.01,16505.802,0.06352140012307224,11862.53,70666.48
2025-03-27,store,S006,Islamabad,ICT,mall,4,16,400127.63999999996,8982.672128000002,391146.01,97786.5025,0.022449516679227666,18693.1,372452.91000000003
2025-03-28,online,ONLINE,,,,11,27,517713.16,17131.930153999998,500591.1,45508.281818181815,0.03309154852080638,17402.27,483188.82999999996
2025-03-28,store,S001,Karachi,Sindh,flagship,3,12,88119.97,4880.3337409999995,83238.69,27746.23,0.05538283479896781,17722.29,65516.4
2025-03-28,store,S002,Lahore,Punjab,mall,3,4,21619.98,1334.296891,20285.96,6761.986666666667,0.061715916989747446,0.0,20285.96
2025-03-28,store,S003,Islamabad,ICT,mall,5,12,1186242.22,34078.635397,1152164.17,230432.83399999997,0.02872822668291135,0.0,1152164.17
2025-03-28,store,S004,Karachi,Sindh,flagship,5,15,106702.49,7791.6196469999995,98911.33,19782.266,0.07302191023845835,12981.89,85929.44
2025-03-28,store,S005,Lahore,Punjab,high_street,3,10,569699.59,42703.961213999995,527005.42,175668.47333333336,0.07495873608404738,0.0,527005.42
2025-03-29,online,ONLINE,,,,9,25,554591.79,15412.811434,539187.01,59909.66777777778,0.027791272268924135,87600.13,451586.88
2025-03-29,store,S001,Karachi,Sindh,flagship,5,11,85558.05,4800.560597,80758.5,16151.7,0.05610881263656663,0.0,80758.5
2025-03-29,store,S002,Lahore,Punjab,mall,1,4,258735.41,3107.247731,255632.83000000002,255632.83000000002,0.012009364048778634,0.0,255632.83000000002
2025-03-29,store,S003,Islamabad,ICT,mall,2,5,238546.07,14299.431614,224244.47999999998,112122.23999999999,0.059944108968133486,0.0,224244.47999999998
2025-03-29,store,S004,Karachi,Sindh,flagship,6,13,331510.68,25407.122725,306103.64,51017.27333333334,0.07664043500800638,179119.98,126983.66
2025-03-29,store,S005,Lahore,Punjab,high_street,4,13,537779.75,52597.551943,485172.23,121293.0575,0.09780500649754849,0.0,485172.23
2025-03-29,store,S006,Islamabad,ICT,mall,10,21,382251.66000000003,4048.340944,378203.88,37820.388,0.010590774004748598,9192.08,369011.8
2025-03-30,online,ONLINE,,,,8,18,249924.84,5293.462973,244630.43,30578.80375,0.021180219513194445,13311.29,231319.13999999998
2025-03-30,store,S001,Karachi,Sindh,flagship,8,23,186290.53,1910.178927,184380.77,23047.59625,0.010253762910009435,22454.35,161926.41999999998
2025-03-30,store,S003,Islamabad,ICT,mall,2,2,8574.849999999999,357.898896,8217.130000000001,4108.5650000000005,0.04173821069756323,4690.79,3526.340000000001
2025-03-30,store,S004,Karachi,Sindh,flagship,4,10,291880.34,15531.09091,276360.1,69090.025,0.05321047286021388,0.0,276360.1
2025-03-30,store,S005,Lahore,Punjab,high_street,4,19,551927.07,38457.013505,513480.09,128370.0225,0.06967770851500363,0.0,513480.09
2025-03-30,store,S006,Islamabad,ICT,mall,2,3,17784.79,55.93004700000001,17729.45,8864.725,0.003144824706954651,0.0,17729.45
2025-03-31,online,ONLINE,,,,8,34,336047.22000000003,10735.083543,325315.47,40664.43375,0.03194516396534987,0.0,325315.47
2025-03-31,store,S001,Karachi,Sindh,flagship,4,14,332877.39,17772.031928,315114.01,78778.5025,0.053389123028151596,8007.74,307106.27
2025-03-31,store,S002,Lahore,Punjab,mall,3,8,59569.44,1609.1315280000001,57960.46,19320.153333333332,0.02701270194918737,0.0,57960.46
2025-03-31,store,S003,Islamabad,ICT,mall,5,14,461580.69,856.836043,460725.17,92145.034,0.0018563082502433108,10277.61,450447.56
2025-03-31,store,S004,Karachi,Sindh,flagship,5,17,241882.76,29656.602157,212227.12,42445.424,0.12260734149469768,4102.84,208124.28
2025-03-31,store,S005,Lahore,Punjab,high_street,4,12,76192.89,6437.008384,69757.1,17439.275,0.08448305851110255,6060.09,63697.01000000001
2025-03-31,store,S006,Islamabad,ICT,mall,4,10,335222.23,3894.152988,331321.87999999995,82830.46999999999,0.011616631116617773,7977.89,323343.98999999993
2025-04-01,online,ONLINE,,,,4,13,466835.52999999997,32274.292019000004,434553.68,108638.42,0.06913418098018376,0.0,434553.68
2025-04-01,store,S001,Karachi,Sindh,flagship,3,6,39407.299999999996,355.647996,39052.71,13017.57,0.009024926752149982,2257.62,36795.09
2025-04-01,store,S002,Lahore,Punjab,mall,1,3,42029.71,5.980689,42023.9,42023.9,0.0001422966991682788,0.0,42023.9
2025-04-01,store,S003,Islamabad,ICT,mall,1,2,14816.73,0.0,14816.73,14816.73,0.0,0.0,14816.73
2025-04-01,store,S004,Karachi,Sindh,flagship,2,4,144176.51,17561.853323,126610.07,63305.035,0.12180800688683613,0.0,126610.07
2025-04-01,store,S005,Lahore,Punjab,high_street,6,31,266804.39,21809.585605,244997.38,40832.89666666667,0.08174372844839621,34588.840000000004,210408.54
2025-04-01,store,S006,Islamabad,ICT,mall,1,5,245010.72,23109.567094,221907.67,221907.67,0.09432063663989887,0.0,221907.67
2025-04-02,online,ONLINE,,,,10,40,973454.53,45343.277684,928114.7999999999,92811.48,0.046579759286753744,13898.24,914216.5599999999
2025-04-02,store,S001,Karachi,Sindh,flagship,6,17,376294.92,13319.979915999998,362968.81,60494.801666666666,0.03539771388888269,3686.31,359282.5
2025-04-02,store,S002,Lahore,Punjab,mall,1,2,11693.46,123.237134,11570.150000000001,11570.150000000001,0.010538979395320119,0.0,11570.150000000001
2025-04-02,store,S003,Islamabad,ICT,mall,1,2,28645.71,46.752919999999996,28599.71,28599.71,0.0016321089615164014,0.0,28599.71
2025-04-02,store,S004,Karachi,Sindh,flagship,1,3,26500.920000000002,2408.1671319999996,24093.079999999998,24093.079999999998,0.09087107662677368,0.0,24093.079999999998
2025-04-02,store,S005,Lahore,Punjab,high_street,7,23,215724.75,10813.615087,204908.57,29272.652857142857,0.05012690980983869,0.0,204908.57
2025-04-02,store,S006,Islamabad,ICT,mall,5,12,460466.18000000005,933.503794,459532.99000000005,91906.59800000001,0.002027301536021603,9556.59,449976.4
2025-04-03,online,ONLINE,,,,13,30,745595.78,20060.253815,725537.65,55810.588461538464,0.026904999133712908,9104.71,716432.9400000001
2025-04-03,store,S001,Karachi,Sindh,flagship,4,7,68663.79,3939.270456,64724.22,16181.055,0.05737041978020731,5205.75,59518.47
2025-04-03,store,S002,Lahore,Punjab,mall,3,10,67819.94,33.1759,67786.83,22595.61,0.0004891761921346435,0.0,67786.83
2025-04-03,store,S003,Islamabad,ICT,mall,2,3,22076.86,153.65582999999998,21922.75,10961.375,0.00696004006004477,2784.97,19137.78
2025-04-03,store,S004,Karachi,Sindh,flagship,5,12,286893.26999999996,21596.723954999998,265304.71,53060.942,0.07527790371311255,0.0,265304.71
2025-04-03,store,S005,Lahore,Punjab,high_street,4,14,322509.64,17546.232923,304957.05,76239.2625,0.05440529753777282,0.0,304957.05
2025-04-03,store,S006,Islamabad,ICT,mall,3,8,107937.60999999999,4586.962896999999,103349.79999999999,34449.93333333333,0.04249642823293938,1985.87,101363.93
2025-04-04,online,ONLINE,,,,8,15,421694.63,7343.284808,414349.86,51793.7325,0.01741374986918852,0.0,414349.86
2025-04-04,store,S001,Karachi,Sindh,flagship,7,27,1218365.1400000001,17108.570537,1201249.5899999999,171607.08428571426,0.014042235759470266,5034.42,1196215.17
2025-04-04,store,S002,Lahore,Punjab,mall,2,5,18024.87,109.056817,17915.9,8957.95,0.0060503524852051635,0.0,17915.9
2025-04-04,store,S003,Islamabad,ICT,mall,4,12,181849.41,1023.863232,180826.75,45206.6875,0.005630280747130277,20147.23,160679.52
2025-04-04,store,S004,Karachi,Sindh,flagship,5,20,812933.0,101859.796076,711054.4099999999,142210.88199999998,0.12529912806590457,10508.54,700545.8699999999
2025-04-04,store,S005,Lahore,Punjab,high_street,2,8,86136.22,5461.845292,80675.84,40337.92,0.06340939144996147,0.0,80675.84
2025-04-04,store,S006,Islamabad,ICT,mall,2,4,24257.25,184.914016,24072.26,12036.13,0.007623041193869874,2596.92,21475.339999999997
2025-04-05,online,ONLINE,,,,8,26,1228007.19,22610.972619,1205374.39,150671.79875,0.018412736344809187,0.0,1205374.39
2025-04-05,store,S001,Karachi,Sindh,flagship,3,8,31059.23,673.631889,30385.79,10128.596666666666,0.021688621675424666,3509.37,26876.420000000002
2025-04-05,store,S002,Lahore,Punjab,mall,3,11,255125.25,13062.443200999998,242066.09,80688.69666666667,0.051200119161078715,0.0,242066.09
2025-04-05,store,S003,Islamabad,ICT,mall,3,11,65499.869999999995,645.21543,64854.86,21618.286666666667,0.0098506368027906,0.0,64854.86
2025-04-05,store,S004,Karachi,Sindh,flagship,6,16,506074.42,75119.82117000001,430941.94,71823.65666666666,0.14843631331929405,0.0,430941.94
2025-04-05,store,S005,Lahore,Punjab,high_street,4,6,49323.62,3392.476117,45932.15,11483.0375,0.06877994999150508,7587.89,38344.26
2025-04-05,store,S006,Islamabad,ICT,mall,7,15,101443.78,3244.261657,98199.13,14028.447142857143,0.03198088297774393,0.0,98199.13
2025-04-06,online,ONLINE,,,,8,25,1333478.3399999999,23093.638961999997,1310382.9,163797.8625,0.01731834576480635,439367.9,871014.9999999999
2025-04-06,store,S001,Karachi,Sindh,flagship,8,18,936925.0,867.8801960000001,936058.57,117007.32125,0.000926307010699896,3677.11,932381.46
2025-04-06,store,S002,Lahore,Punjab,mall,1,3,16745.52,1064.900469,15680.53,15680.53,0.06359315619938945,0.0,15680.53
2025-04-06,store,S003,Islamabad,ICT,mall,2,8,291634.14999999997,84.966352,291548.93,145774.465,0.00029134568773924455,2660.64,288888.29
2025-04-06,store,S004,Karachi,Sindh,flagship,2,4,31125.27,3603.5271840000005,27521.120000000003,13760.560000000001,0.11577496947014437,0.0,27521.120000000003
2025-04-06,store,S005,Lahore,Punjab,high_street,4,11,217578.91,13225.963462,204356.07,51089.0175,0.06078697361798531,0.0,204356.07
2025-04-06,store,S006,Islamabad,ICT,mall,3,7,124122.8,1104.406835,123019.54,41006.51333333333,0.008897695145452729,0.0,123019.54
2025-04-07,online,ONLINE,,,,7,20,404727.07999999996,7763.73025,396963.47000000003,56709.067142857144,0.019182631046086664,0.0,396963.47000000003
2025-04-07,store,S001,Karachi,Sindh,flagship,8,21,585179.54,1423.604126,583756.01,72969.50125,0.0024327646964553817,0.0,583756.01
2025-04-07,store,S002,Lahore,Punjab,mall,7,19,490824.63,50644.88421800001,440198.51,62885.50142857143,0.1031832575679831,3519.95,436678.56
2025-04-07,store,S004,Karachi,Sindh,flagship,8,20,809397.76,94641.177739,714738.1,89342.2625,0.11692789678464147,0.0,714738.1
2025-04-07,store,S005,Lahore,Punjab,high_street,3,12,120507.18000000001,5840.213809,114665.23,38221.74333333333,0.04846361693137288,0.0,114665.23
2025-04-07,store,S006,Islamabad,ICT,mall,4,9,43740.85,2741.0094010000003,40999.7,10249.925,0.06266474933614688,0.0,40999.7
2025-04-08,online,ONLINE,,,,12,30,349336.9,22389.850339,326942.05,27245.170833333334,0.06409242865268455,0.0,326942.05
2025-04-08,store,S001,Karachi,Sindh,flagship,4,10,342642.79,2543.936835,340103.47,85025.8675,0.0074244575086491685,39576.9,300526.56999999995
2025-04-08,store,S002,Lahore,Punjab,mall,1,3,15109.3,8.629362,15100.869999999999,15100.869999999999,0.0005711291720993031,0.0,15100.869999999999
2025-04-08,store,S003,Islamabad,ICT,mall,2,9,76835.45,1421.299962,75412.45,37706.225,0.01849797147020028,0.0,75412.45
2025-04-08,store,S004,Karachi,Sindh,flagship,4,9,637931.87,100653.244089,537263.86,134315.965,0.15778055435449556,0.0,537263.86
2025-04-08,store,S005,Lahore,Punjab,high_street,4,9,445587.33999999997,32559.320582,413019.12,103254.78,0.0730705692446289,0.0,413019.12
2025-04-08,store,S006,Islamabad,ICT,mall,3,8,487667.71,19450.007117999998,468220.43,156073.47666666665,0.039883729677324745,0.0,468220.43
2025-04-09,online,ONLINE,,,,11,29,680853.41,23054.481189,657780.88,59798.26181818182,0.033861152562928334,1272.42,656508.46
2025-04-09,store,S001,Karachi,Sindh,flagship,6,12,81626.43,2648.483703,78977.76999999999,13162.961666666664,0.03244639883184895,16743.04,62234.72999999999
2025-04-09,store,S002,Lahore,Punjab,mall,1,3,104791.30000000002,7270.259383999999,97525.28,97525.28,0.06937846351748664,0.0,97525.28
2025-04-09,store,S003,Islamabad,ICT,mall,10,31,819017.17,16686.609373,802321.26,80232.126,0.02037394328741606,2088.01,800233.25
2025-04-09,store,S004,Karachi,Sindh,flagship,2,5,48483.7,4175.560853,44307.61,22153.805,0.08612298263127609,20567.02,23740.59
2025-04-09,store,S005,Lahore,Punjab,high_street,5,16,397353.63,19750.019255,377612.52,75522.504,0.049703885314952324,0.0,377612.52
2025-04-09,store,S006,Islamabad,ICT,mall,5,14,140045.42,4396.7525160000005,135647.86,27129.571999999996,0.03139518961776829,10482.76,125165.09999999999
2025-04-10,online,ONLINE,,,,12,40,621364.2,35188.598389,586174.67,48847.88916666667,0.05663119695180379,11166.39,575008.28
2025-04-10,store,S001,Karachi,Sindh,flagship,5,11,118505.91,7465.800865,111037.97,22207.594,0.06299939694990739,0.0,111037.97
2025-04-10,store,S002,Lahore,Punjab,mall,2,4,406726.63999999996,10.512624,406715.93999999994,203357.96999999997,2.584690297148965e-05,0.0,406715.93999999994
2025-04-10,store,S003,Islamabad,ICT,mall,2,10,86081.70999999999,1022.7660010000001,85060.55,42530.275,0.011881339264752062,0.0,85060.55
2025-04-10,store,S004,Karachi,Sindh,flagship,8,15,473806.24,56451.321387,417366.36,52170.795,0.11914431812253043,1516.43,415849.93
2025-04-10,store,S005,Lahore,Punjab,high_street,9,24,211075.34,14856.661979999999,196216.45,21801.82777777778,0.07038558829278682,33678.24,162538.21000000002
2025-04-10,store,S006,Islamabad,ICT,mall,4,12,176869.03,598.270378,176271.77,44067.9425,0.003382561537200719,2325.71,173946.06
2025-04-11,online,ONLINE,,,,18,64,1899452.1199999999,83040.222131,1816414.18,100911.89888888889,0.043717986495495346,218368.98,1598045.2
2025-04-11,store,S001,Karachi,Sindh,flagship,4,15,625447.2,12875.114752999998,612578.94,153144.735,0.020585454300538878,10313.69,602265.25
2025-04-11,store,S002,Lahore,Punjab,mall,2,5,267446.10000000003,2.003771,267444.12,133722.06,7.492242362105859e-06,0.0,267444.12
2025-04-11,store,S003,Islamabad,ICT,mall,6,21,809880.37,5830.6121889999995,804041.82,134006.97,0.007199349934855193,0.0,804041.82
2025-04-11,store,S004,Karachi,Sindh,flagship,2,7,34630.31,5689.189227,28941.17,14470.585,0.16428352004356878,0.0,28941.17
2025-04-11,store,S005,Lahore,Punjab,high_street,4,20,489912.12000000005,30399.070825,459521.88,114880.47,0.06205004853727643,0.0,459521.88
2025-04-11,store,S006,Islamabad,ICT,mall,5,13,152341.9,6212.919698,146127.54,29225.508,0.040782737369036356,0.0,146127.54
2025-04-12,online,ONLINE,,,,8,23,436395.64,19760.320464,416635.09,52079.38625,0.045280746764564374,11930.47,404704.62000000005
2025-04-12,store,S001,Karachi,Sindh,flagship,3,7,292042.54,1183.4618719999999,290858.56999999995,96952.85666666664,0.004052361248467432,0.0,290858.56999999995
2025-04-12,store,S002,Lahore,Punjab,mall,5,18,411112.58,4439.347226000001,406675.25,81335.05,0.010798373589054368,1784.21,404891.04
2025-04-12,store,S003,Islamabad,ICT,mall,6,23,221947.87,2998.111595,218951.86,36491.97666666666,0.013508179172884155,0.0,218951.86
2025-04-12,store,S004,Karachi,Sindh,flagship,2,5,24942.03,3948.724329,20992.480000000003,10496.240000000002,0.15831607647813753,0.0,20992.480000000003
2025-04-12,store,S005,Lahore,Punjab,high_street,2,13,260161.62999999998,8925.403201,251235.97999999998,125617.98999999999,0.03430714668031562,0.0,251235.97999999998
2025-04-12,store,S006,Islamabad,ICT,mall,3,6,396497.2,520.3868809999999,395977.2,131992.4,0.0013124604183837865,0.0,395977.2
2025-04-13,online,ONLINE,,,,3,7,177901.32,5139.707042,172756.13,57585.37666666667,0.028890775189301575,0.0,172756.13
2025-04-13,store,S001,Karachi,Sindh,flagship,6,19,342608.21,7453.769915000001,335153.41000000003,55858.90166666667,0.021755958256225092,0.0,335153.41000000003
2025-04-13,store,S002,Lahore,Punjab,mall,3,7,152667.19,43.42154200000001,152624.02,50874.67333333333,0.00028441960581052165,0.0,152624.02
2025-04-13,store,S003,Islamabad,ICT,mall,4,14,307432.81,1543.324196,305889.37,76472.3425,0.005020037373369485,2773.53,303115.83999999997
2025-04-13,store,S004,Karachi,Sindh,flagship,8,22,1096767.61,129127.230952,967651.03,120956.37875,0.11773435846815351,6417.26,961233.77
2025-04-13,store,S005,Lahore,Punjab,high_street,7,17,139621.88,14446.446076,125174.07,17882.010000000002,0.10346835378523767,0.0,125174.07
2025-04-13,store,S006,Islamabad,ICT,mall,3,6,389446.9,32980.059177,356480.33999999997,118826.77999999998,0.08468435408524243,0.0,356480.33999999997
2025-04-14,online,ONLINE,,,,7,16,441811.82,9344.552195999999,432479.47,61782.78142857143,0.02115052556991345,0.0,432479.47
2025-04-14,store,S001,Karachi,Sindh,flagship,7,19,612557.58,26529.143628,586032.0,83718.85714285714,0.04330881617365669,0.0,586032.0
2025-04-14,store,S002,Lahore,Punjab,mall,5,12,450436.58,44612.22979700001,405809.98,81161.996,0.0990421998963761,4973.15,400836.82999999996
2025-04-14,store,S003,Islamabad,ICT,mall,3,9,115928.25,4537.8269390000005,111389.3,37129.76666666667,0.03914340929842381,48672.26,62717.04
2025-04-14,store,S004,Karachi,Sindh,flagship,4,8,38824.04,5224.5144119999995,33600.03,8400.0075,0.13456905597665775,0.0,33600.03
2025-04-14,store,S005,Lahore,Punjab,high_street,4,16,606401.64,15337.212077000002,591073.39,147768.3475,0.025292167872435177,0.0,591073.39
2025-04-14,store,S006,Islamabad,ICT,mall,3,11,162303.39,10422.124827000001,151883.53,50627.84333333333,0.06421384560729139,0.0,151883.53
2025-04-15,online,ONLINE,,,,8,14,84791.27,2760.654063,82030.73999999999,10253.842499999999,0.03255823462722047,3412.69,78618.04999999999
2025-04-15,store,S001,Karachi,Sindh,flagship,4,17,835359.76,45732.599609000004,789621.03,197405.2575,0.05474599304256648,1950.52,787670.51
2025-04-15,store,S002,Lahore,Punjab,mall,1,4,46529.46,371.910451,46157.56,46157.56,0.007993010256297839,0.0,46157.56
2025-04-15,store,S003,Islamabad,ICT,mall,3,7,257996.06,975.8385830000001,257019.23,85673.07666666668,0.0037823778510416017,0.0,257019.23
2025-04-15,store,S004,Karachi,Sindh,flagship,2,6,27691.91,5237.096388,22454.59,11227.295,0.18912008554122847,0.0,22454.59
2025-04-15,store,S005,Lahore,Punjab,high_street,4,11,488918.37000000005,14553.817681999999,474369.54,118592.385,0.0297673774908478,0.0,474369.54
2025-04-15,store,S006,Islamabad,ICT,mall,3,11,75935.75,2205.6722,73729.87,24576.623333333333,0.02904655843920683,0.0,73729.87
2025-04-16,online,ONLINE,,,,11,27,610966.73,20454.276161,590502.55,53682.05,0.03347854335865392,9514.25,580988.3
2025-04-16,store,S001,Karachi,Sindh,flagship,3,9,487746.77,7549.523013999999,480202.18,160067.39333333334,0.015478365984873666,3144.14,477058.04
2025-04-16,store,S002,Lahore,Punjab,mall,2,8,178148.01,67.564985,178080.92,89040.46,0.0003792632036698024,0.0,178080.92
2025-04-16,store,S003,Islamabad,ICT,mall,1,1,3259.32,16.622532000000003,3242.55,3242.55,0.0051,0.0,3242.55
2025-04-16,store,S004,Karachi,Sindh,flagship,1,1,24831.88,3265.39222,21566.42,21566.42,0.1315,0.0,21566.42
2025-04-16,store,S005,Lahore,Punjab,high_street,7,20,366537.15,29970.162626,336573.44,48081.92,0.08176568903315803,0.0,336573.44
2025-04-16,store,S006,Islamabad,ICT,mall,3,6,325350.9,8895.876133999998,316462.3,105487.43333333333,0.027342405181605453,0.0,316462.3
2025-04-17,online,ONLINE,,,,12,37,1458689.55,18251.34605,1440432.81,120036.0675,0.012512152465889674,13701.58,1426731.23
2025-04-17,store,S001,Karachi,Sindh,flagship,5,11,288589.2,214.220617,288374.95999999996,57674.99199999999,0.000742302958669278,5472.65,282902.30999999994
2025-04-17,store,S002,Lahore,Punjab,mall,2,6,274570.91,17495.901684999997,257071.93,128535.965,0.06372088610916575,0.0,257071.93
2025-04-17,store,S003,Islamabad,ICT,mall,5,13,654507.03,19875.589844000002,634640.58,126928.116,0.03036726716900199,0.0,634640.58
2025-04-17,store,S004,Karachi,Sindh,flagship,11,28,341146.4,38344.274483,302797.34,27527.03090909091,0.11239829727940849,19825.92,282971.42000000004
2025-04-17,store,S005,Lahore,Punjab,high_street,1,1,92875.0,6111.175,86767.56,86767.56,0.0658,0.0,86767.56
2025-04-17,store,S006,Islamabad,ICT,mall,6,15,325825.95999999996,796.920665,325030.44,54171.74,0.002445847669719135,0.0,325030.44
2025-04-18,online,ONLINE,,,,8,28,467732.05,8721.70255,459015.36,57376.92,0.018646792645490084,8339.26,450676.1
2025-04-18,store,S001,Karachi,Sindh,flagship,2,6,31767.239999999998,47.295656,31719.95,15859.975,0.0014888185438835732,0.0,31719.95
2025-04-18,store,S002,Lahore,Punjab,mall,3,9,205823.94,5980.109770000001,199839.16999999998,66613.05666666666,0.02905449079441391,0.0,199839.16999999998
2025-04-18,store,S003,Islamabad,ICT,mall,2,3,15635.41,748.009572,14887.990000000002,7443.995000000001,0.04784073919391944,12711.32,2176.670000000002
2025-04-18,store,S004,Karachi,Sindh,flagship,2,4,15540.1,1150.352708,14389.21,7194.605,0.07402479443504224,0.0,14389.21
2025-04-18,store,S005,Lahore,Punjab,high_street,2,8,121209.32,4821.928973000001,116384.36,58192.18,0.039781833385419546,0.0,116384.36
2025-04-18,store,S006,Islamabad,ICT,mall,8,15,570283.83,50514.765936,519753.27,64969.15875,0.0885782890530142,1471.27,518282.0
2025-04-19,online,ONLINE,,,,4,10,740116.3,13308.344894000002,726793.9700000001,181698.49250000002,0.01798142385730459,33703.64,693090.3300000001
2025-04-19,store,S001,Karachi,Sindh,flagship,6,14,317942.62,868.4510419999999,317072.63,52845.43833333333,0.0027314709868088774,0.0,317072.63
2025-04-19,store,S002,Lahore,Punjab,mall,4,10,295690.38,4368.676673,291331.87000000005,72832.96750000001,0.014774497137850747,4500.38,286831.49000000005
2025-04-19,store,S003,Islamabad,ICT,mall,3,9,564005.18,11871.637893,552130.36,184043.45333333334,0.021048810035751795,0.0,552130.36
2025-04-19,store,S004,Karachi,Sindh,flagship,6,13,336610.68,41794.819153,294804.33999999997,49134.056666666664,0.12416367523751771,11085.79,283718.55
2025-04-19,store,S005,Lahore,Punjab,high_street,4,18,362946.15,44020.779081,318918.91000000003,79729.72750000001,0.12128735648800792,41378.229999999996,277540.68000000005
2025-04-19,store,S006,Islamabad,ICT,mall,1,3,309204.81,5647.5929,303553.29000000004,303553.29000000004,0.01826489342128927,0.0,303553.29000000004
2025-04-20,online,ONLINE,,,,10,33,1235704.17,24929.660998,1210798.19,121079.81899999999,0.020174457287782725,0.0,1210798.19
2025-04-20,store,S001,Karachi,Sindh,flagship,4,16,128860.66,3397.131356,125464.41,31366.1025,0.02636282753790024,0.0,125464.41
2025-04-20,store,S002,Lahore,Punjab,mall,6,17,404537.95,3185.536715,401361.69,66893.615,0.007874506495620498,0.0,401361.69
2025-04-20,store,S003,Islamabad,ICT,mall,2,7,227428.74,527.93051,226900.58,113450.29,0.002321300773156462,0.0,226900.58
2025-04-20,store,S005,Lahore,Punjab,high_street,3,8,36718.6,2735.403896,33982.770000000004,11327.590000000002,0.07449641042959154,0.0,33982.770000000004
2025-04-20,store,S006,Islamabad,ICT,mall,8,22,327228.9,6081.491201,321143.77999999997,40142.972499999996,0.01858482304283026,1642.6,319501.18
2025-04-21,online,ONLINE,,,,18,50,2145207.86,92823.227361,2052367.67,114020.42611111111,0.04327003881153037,62002.04,1990365.63
2025-04-21,store,S001,Karachi,Sindh,flagship,4,11,67017.0,1367.948359,65648.61,16412.1525,0.020411960532402226,0.0,65648.61
2025-04-21,store,S003,Islamabad,ICT,mall,7,20,534016.53,13706.155029,520306.42000000004,74329.48857142858,0.025666162485644402,5128.42,515178.00000000006
2025-04-21,store,S004,Karachi,Sindh,flagship,5,7,459640.21,56916.932261,402717.38,80543.476,0.1238293148047252,0.0,402717.38
2025-04-21,store,S005,Lahore,Punjab,high_street,8,24,335086.6,22127.78849,312957.53,39119.69125,0.06603602916380423,41695.97,271261.56000000006
2025-04-21,store,S006,Islamabad,ICT,mall,6,14,77927.52,760.078494,77167.6,12861.266666666668,0.009753659477422096,0.0,77167.6
2025-04-22,online,ONLINE,,,,10,26,306903.1,9741.541761,297165.84,29716.584000000003,0.03174142509801954,0.0,297165.84
2025-04-22,store,S001,Karachi,Sindh,flagship,5,12,353430.7,5579.267262,347851.41,69570.28199999999,0.015786028949946906,275470.67,72380.73999999999
2025-04-22,store,S002,Lahore,Punjab,mall,5,11,309590.31,97.439647,309493.0,61898.6,0.0003147373927820932,0.0,309493.0
2025-04-22,store,S003,Islamabad,ICT,mall,1,5,313633.2,11.714760000000002,313621.41000000003,313621.41000000003,3.735178546148814e-05,0.0,313621.41000000003
2025-04-22,store,S004,Karachi,Sindh,flagship,7,20,806945.92,105589.197457,701374.64,100196.37714285715,0.13085040129702868,9545.11,691829.53
2025-04-22,store,S005,Lahore,Punjab,high_street,6,15,685894.51,44888.64507,641011.44,106835.23999999999,0.06544540656842406,2188.62,638822.82
2025-04-22,store,S006,Islamabad,ICT,mall,2,4,29485.489999999998,45.207954,29439.949999999997,14719.974999999999,0.001533227156815098,0.0,29439.949999999997
2025-04-23,online,ONLINE,,,,13,37,953815.54,20357.321161,933453.69,71804.12999999999,0.02134303783832249,0.0,933453.69
2025-04-23,store,S001,Karachi,Sindh,flagship,4,8,623336.63,623.177283,622723.92,155680.98,0.000999744364453602,557982.21,64741.71000000008
2025-04-23,store,S002,Lahore,Punjab,mall,3,11,49341.76,2564.760257,46778.1,15592.699999999999,0.051979504926455804,0.0,46778.1
2025-04-23,store,S003,Islamabad,ICT,mall,8,22,688480.62,6303.716293,682181.34,85272.6675,0.00915598218726912,202838.93000000002,479342.4099999999
2025-04-23,store,S005,Lahore,Punjab,high_street,3,9,305477.36000000004,23387.835593000003,282076.47000000003,94025.49,0.07656160048325676,0.0,282076.47000000003
2025-04-23,store,S006,Islamabad,ICT,mall,4,9,145771.5,3583.964224,142185.98,35546.495,0.024586179218845934,1991.81,140194.17
2025-04-24,online,ONLINE,,,,3,6,75729.90000000001,2257.269597,73474.49,24491.49666666667,0.029806847718008338,0.0,73474.49
2025-04-24,store,S001,Karachi,Sindh,flagship,3,10,761181.33,31100.606579,730084.05,243361.35,0.040858341308765415,37968.17,692115.88
2025-04-24,store,S002,Lahore,Punjab,mall,2,4,103810.07,1811.3954989999997,101998.45,50999.225,0.01744913088874711,0.0,101998.45
2025-04-24,store,S003,Islamabad,ICT,mall,2,8,61321.840000000004,1506.1615490000002,59814.380000000005,29907.190000000002,0.024561584404512324,0.0,59814.380000000005
2025-04-24,store,S004,Karachi,Sindh,flagship,2,5,50045.07,6280.076508,43764.54,21882.27,0.1254884149028066,0.0,43764.54
2025-04-24,store,S005,Lahore,Punjab,high_street,2,5,239164.87999999998,14944.095197999999,224220.08,112110.04,0.062484488516875894,0.0,224220.08
2025-04-25,online,ONLINE,,,,6,19,635370.9199999999,28094.530766,607252.45,101208.74166666665,0.04421752693056837,0.0,607252.45
2025-04-25,store,S001,Karachi,Sindh,flagship,1,3,124359.87000000001,0.0,124359.87000000001,124359.87000000001,0.0,106824.54,17535.330000000016
2025-04-25,store,S002,Lahore,Punjab,mall,2,7,40033.979999999996,1012.4156939999999,39021.12,19510.56,0.02528890942144648,1339.02,37682.100000000006
2025-04-25,store,S003,Islamabad,ICT,mall,4,6,246333.53999999998,2358.3163790000003,243977.03999999998,60994.259999999995,0.00957367144969378,0.0,243977.03999999998
2025-04-25,store,S004,Karachi,Sindh,flagship,4,11,326730.3,42804.299157999994,283927.89,70981.9725,0.13100804901779847,8576.86,275351.03
2025-04-25,store,S005,Lahore,Punjab,high_street,1,6,20361.47,3720.1674130000006,16640.940000000002,16640.940000000002,0.1827062296091589,0.0,16640.940000000002
2025-04-25,store,S006,Islamabad,ICT,mall,4,12,720765.81,16392.657492000002,704371.47,176092.8675,0.0227433894124362,0.0,704371.47
2025-04-26,online,ONLINE,,,,13,41,1209096.1099999999,33621.758033,1175469.54,90420.73384615385,0.027807349436431487,0.0,1175469.54
2025-04-26,store,S001,Karachi,Sindh,flagship,3,11,693248.88,9040.559818999998,684208.72,228069.57333333333,0.013040857446462804,0.0,684208.72
2025-04-26,store,S002,Lahore,Punjab,mall,3,10,65643.04,1987.4963,63655.37,21218.45666666667,0.030277334809600532,0.0,63655.37
2025-04-26,store,S003,Islamabad,ICT,mall,6,20,567634.48,15868.828281000002,551758.85,91959.80833333333,0.02795606828006643,0.0,551758.85
2025-04-26,store,S004,Karachi,Sindh,flagship,4,12,179953.11,18744.988383,161211.95,40302.9875,0.10416595958247124,0.0,161211.95
2025-04-26,store,S005,Lahore,Punjab,high_street,3,8,234915.6,18733.628566000003,216182.83000000002,72060.94333333334,0.07974620913213087,6688.11,209494.72000000003
2025-04-26,store,S006,Islamabad,ICT,mall,2,8,65438.02,137.45352400000002,65300.83,32650.415,0.0021005147160626197,0.0,65300.83
2025-04-27,online,ONLINE,,,,9,22,430290.9,7360.697669,422942.13,46993.57,0.017106328925385127,0.0,422942.13
2025-04-27,store,S001,Karachi,Sindh,flagship,8,30,949546.15,4150.886575,945387.23,118173.40375,0.0043714426886992275,7456.58,937930.65
2025-04-27,store,S002,Lahore,Punjab,mall,4,13,508564.08999999997,8208.188393,500362.47,125090.6175,0.01613992917392182,138565.14,361797.32999999996
2025-04-27,store,S003,Islamabad,ICT,mall,4,7,138879.92,1001.925796,137878.01,34469.5025,0.007214331603877651,5545.44,132332.57
2025-04-27,store,S004,Karachi,Sindh,flagship,7,20,354682.35000000003,41800.59325800001,312879.05,44697.00714285714,0.11785360409955557,9542.3,303336.75
2025-04-27,store,S005,Lahore,Punjab,high_street,4,13,217699.55000000002,7781.644512999999,209916.78,52479.195,0.03574488102065438,0.0,209916.78
2025-04-27,store,S006,Islamabad,ICT,mall,4,12,341850.77999999997,1503.062082,340350.22,85087.555,0.004396836777730916,49604.68,290745.54
2025-04-28,online,ONLINE,,,,7,15,853021.8,31567.075996,821450.86,117350.12285714285,0.03700617732864506,0.0,821450.86
2025-04-28,store,S001,Karachi,Sindh,flagship,3,5,208291.83,1432.6994419999999,206860.3,68953.43333333333,0.006878327594510068,184605.43999999997,22254.860000000015
2025-04-28,store,S002,Lahore,Punjab,mall,2,7,91962.39,875.087039,91085.77,45542.885,0.009515705703168436,0.0,91085.77
2025-04-28,store,S003,Islamabad,ICT,mall,1,2,16309.789999999999,0.0,16309.789999999999,16309.789999999999,0.0,0.0,16309.789999999999
2025-04-28,store,S004,Karachi,Sindh,flagship,8,30,866317.63,103998.223258,762296.77,95287.09625,0.12004629671221166,0.0,762296.77
2025-04-28,store,S005,Lahore,Punjab,high_street,7,23,251283.53,22680.43808,228606.38,32658.054285714286,0.09025835509394507,3594.38,225012.0
2025-04-28,store,S006,Islamabad,ICT,mall,7,23,470219.54,32016.732498,438201.54,62600.219999999994,0.06808890268150065,0.0,438201.54
2025-04-29,online,ONLINE,,,,9,28,1110198.56,68812.567959,1041386.98,115709.66444444444,0.06198221690991925,0.0,1041386.98
2025-04-29,store,S001,Karachi,Sindh,flagship,6,10,146791.19,5223.649050999999,141565.24,23594.206666666665,0.035585576021285745,0.0,141565.24
2025-04-29,store,S002,Lahore,Punjab,mall,2,4,279345.25,1343.9948940000002,278002.07999999996,139001.03999999998,0.004811232315566491,0.0,278002.07999999996
2025-04-29,store,S003,Islamabad,ICT,mall,5,16,96361.86,1581.48035,94780.38,18956.076,0.01641189107391659,4222.35,90558.03
2025-04-29,store,S004,Karachi,Sindh,flagship,8,32,1001171.96,89654.210964,911513.31,113939.16375,0.08954926280995724,21199.25,890314.06
2025-04-29,store,S005,Lahore,Punjab,high_street,3,9,138114.7,13324.85123,124791.70999999999,41597.236666666664,0.09647670544844249,0.0,124791.70999999999
2025-04-29,store,S006,Islamabad,ICT,mall,4,9,55612.77,1842.613557,53770.07,13442.5175,0.03313292175520119,0.0,53770.07
2025-04-30,online,ONLINE,,,,9,19,209848.34,10046.207494,199800.34999999998,22200.038888888885,0.047873657204055085,2361.86,197438.49
2025-04-30,store,S001,Karachi,Sindh,flagship,3,7,42228.619999999995,471.337232,41756.75,13918.916666666666,0.011161558961671019,10859.17,30897.58
2025-04-30,store,S002,Lahore,Punjab,mall,2,6,394298.26,384.282296,393914.08999999997,196957.04499999998,0.0009745980010157792,1644.22,392269.87
2025-04-30,store,S003,Islamabad,ICT,mall,2,4,32545.85,0.0,32545.85,16272.925,0.0,8898.7,23647.149999999998
2025-04-30,store,S004,Karachi,Sindh,flagship,6,15,250774.84,24503.576403,226270.58000000002,37711.763333333336,0.09771146261323505,22338.9,203931.68000000002
2025-04-30,store,S005,Lahore,Punjab,high_street,7,17,968375.45,81239.770733,887106.44,126729.49142857142,0.08389284417836078,210880.66,676225.7799999999
2025-04-30,store,S006,Islamabad,ICT,mall,5,13,397542.39,8156.283916999999,389388.97,77877.794,0.020516765311492942,0.0,389388.97
2025-05-01,online,ONLINE,,,,13,34,1606623.99,63178.697911,1543458.03,118727.54076923078,0.03932388555395591,3965.37,1539492.66
2025-05-01,store,S001,Karachi,Sindh,flagship,4,12,546493.32,10446.783614,536049.6,134012.4,0.01911603167262868,0.0,536049.6
2025-05-01,store,S002,Lahore,Punjab,mall,1,1,11397.29,1507.8614670000002,9888.87,9888.87,0.1323,0.0,9888.87
2025-05-01,store,S003,Islamabad,ICT,mall,3,6,285099.16,16805.609979,268294.62,89431.54,0.05894654329742677,0.0,268294.62
2025-05-01,store,S004,Karachi,Sindh,flagship,7,15,467020.17,57810.667382,409199.41,58457.05857142857,0.12378623257749231,208720.87,200478.53999999998
2025-05-01,store,S005,Lahore,Punjab,high_street,2,4,49467.49,5172.671561,44293.91,22146.955,0.104567091659593,0.0,44293.91
2025-05-01,store,S006,Islamabad,ICT,mall,3,8,55640.32,277.648929,55363.63,18454.54333333333,0.004990067077256206,0.0,55363.63
2025-05-02,online,ONLINE,,,,10,26,567984.51,22906.050694,545075.38,54507.538,0.04032865384656353,0.0,545075.38
2025-05-02,store,S001,Karachi,Sindh,flagship,7,24,1041278.9299999999,37427.200185,1003868.85,143409.8357142857,0.035943491322733286,0.0,1003868.85
2025-05-02,store,S002,Lahore,Punjab,mall,3,9,478647.12,610.8530039999999,478035.5,159345.16666666666,0.001276207415600871,0.0,478035.5
2025-05-02,store,S003,Islamabad,ICT,mall,2,4,27590.81,122.78346599999999,27468.27,13734.135,0.00445015807799771,0.0,27468.27
2025-05-02,store,S004,Karachi,Sindh,flagship,4,14,295294.13,20214.219139,275073.9,68768.475,0.06845452410110557,0.0,275073.9
2025-05-02,store,S005,Lahore,Punjab,high_street,6,19,402572.88,22043.889803,380523.99,63420.665,0.054757513230896226,0.0,380523.99
2025-05-02,store,S006,Islamabad,ICT,mall,4,14,451656.04,11312.795291,440362.25999999995,110090.56499999999,0.025047368548420167,0.0,440362.25999999995
2025-05-03,online,ONLINE,,,,4,8,56433.52,3501.5637389999997,52931.96,13232.99,0.06204758694832433,0.0,52931.96
2025-05-03,store,S001,Karachi,Sindh,flagship,5,13,84373.18,1540.892582,82832.85,16566.57,0.018262824537370763,4545.54,78287.31000000001
2025-05-03,store,S002,Lahore,Punjab,mall,5,7,34158.11,430.69989799999996,33727.42,6745.4839999999995,0.012609008460948219,4709.91,29017.51
2025-05-03,store,S003,Islamabad,ICT,mall,5,13,735336.91,324.35420400000004,735012.76,147002.552,0.00044109604670871207,0.0,735012.76
2025-05-03,store,S004,Karachi,Sindh,flagship,5,15,119334.59,14176.455038999999,105155.3,21031.06,0.11879585825869933,1042.21,104113.09
2025-05-03,store,S005,Lahore,Punjab,high_street,8,24,442712.66000000003,21624.593505,421088.7,52636.0875,0.048845663245772095,0.0,421088.7
2025-05-03,store,S006,Islamabad,ICT,mall,7,24,765985.5,17603.884836,748386.57,106912.36714285714,0.02298200793095953,179416.56,568970.01
2025-05-04,online,ONLINE,,,,6,14,443735.33,7009.685032,436734.32,72789.05333333333,0.015796995546872503,0.0,436734.32
2025-05-04,store,S001,Karachi,Sindh,flagship,2,5,38853.450000000004,1033.0552890000001,37819.44,18909.72,0.026588508588040443,4885.17,32934.270000000004
2025-05-04,store,S002,Lahore,Punjab,mall,2,5,67532.71,2731.332509,64801.409999999996,32400.704999999998,0.040444586171649255,0.0,64801.409999999996
2025-05-04,store,S003,Islamabad,ICT,mall,1,5,25415.62,117.201051,25298.08,25298.08,0.004611378789893775,0.0,25298.08
2025-05-04,store,S004,Karachi,Sindh,flagship,8,27,504739.25,110798.29959,393950.74,49243.8425,0.21951591755545066,0.0,393950.74
2025-05-04,store,S005,Lahore,Punjab,high_street,5,14,114664.83,9181.746823,105483.67,21096.734,0.08007465604754307,16629.739999999998,88853.93
2025-05-04,store,S006,Islamabad,ICT,mall,10,31,663975.61,22168.868779,641807.97,64180.797,0.03338807697921314,5491.08,636316.89
2025-05-05,online,ONLINE,,,,7,14,920252.4,31452.836291,888774.32,126967.76,0.034178488739611004,5087.06,883687.2599999999
2025-05-05,store,S001,Karachi,Sindh,flagship,2,9,380471.49,1053.786949,379416.36,189708.18,0.002769687024381249,0.0,379416.36
2025-05-05,store,S003,Islamabad,ICT,mall,3,9,98044.22,79.865898,97964.69,32654.896666666667,0.0008145905796384529,0.0,97964.69
2025-05-05,store,S004,Karachi,Sindh,flagship,6,17,379755.38,52108.556456,327640.19,54606.698333333334,0.13721611121348695,0.0,327640.19
2025-05-05,store,S005,Lahore,Punjab,high_street,5,16,393884.38,14095.806612,379790.27999999997,75958.056,0.035786660572831044,0.0,379790.27999999997
2025-05-05,store,S006,Islamabad,ICT,mall,7,27,1017360.75,7089.2708299999995,1010277.85,144325.40714285715,0.006968295985470247,28636.12,981641.73
2025-05-06,online,ONLINE,,,,11,27,917770.22,25350.260755000003,892425.25,81129.56818181818,0.027621576950927873,2187.59,890237.66
2025-05-06,store,S001,Karachi,Sindh,flagship,4,6,64694.76,2584.100685,62110.92,15527.73,0.03994296732842041,0.0,62110.92
2025-05-06,store,S002,Lahore,Punjab,mall,4,13,623313.75,24715.958231,598611.65,149652.9125,0.03965251565684216,0.0,598611.65
2025-05-06,store,S003,Islamabad,ICT,mall,1,1,219019.64,394.23535200000003,218617.62,218617.62,0.0018,0.0,218617.62
2025-05-06,store,S004,Karachi,Sindh,flagship,1,5,27300.940000000002,4039.938286,23260.96,23260.96,0.1479779921863496,0.0,23260.96
2025-05-06,store,S005,Lahore,Punjab,high_street,5,14,91525.49,5866.5778199999995,85659.82,17131.964,0.06409774828848225,0.0,85659.82
2025-05-06,store,S006,Islamabad,ICT,mall,2,9,463480.49,38080.364765,425403.41,212701.705,0.08216174269816622,0.0,425403.41
2025-05-07,online,ONLINE,,,,10,25,795679.73,22152.426708,773545.4,77354.54000000001,0.0278408835524816,0.0,773545.4
2025-05-07,store,S001,Karachi,Sindh,flagship,4,9,87520.22,867.950444,86653.04999999999,21663.262499999997,0.009917141935886357,0.0,86653.04999999999
2025-05-07,store,S002,Lahore,Punjab,mall,2,7,39777.880000000005,1212.687245,38565.21,19282.605,0.03048647250683043,0.0,38565.21
2025-05-07,store,S003,Islamabad,ICT,mall,3,7,60698.18,937.7809709999999,59760.48,19920.16,0.015449902632994925,0.0,59760.48
2025-05-07,store,S004,Karachi,Sindh,flagship,3,8,488174.47000000003,64297.79359200001,423866.02999999997,141288.67666666667,0.1317106844854054,0.0,423866.02999999997
2025-05-07,store,S005,Lahore,Punjab,high_street,4,10,222282.27,13400.59311,208879.02,52219.755,0.060286378711176564,6906.95,201972.06999999998
2025-05-07,store,S006,Islamabad,ICT,mall,3,9,848562.48,23146.566866,825409.14,275136.38,0.027277386652777767,0.0,825409.14
2025-05-08,online,ONLINE,,,,7,17,508988.05,10898.3349,498087.19,71155.31285714285,0.021411769686930763,212645.73,285441.45999999996
2025-05-08,store,S001,Karachi,Sindh,flagship,3,9,76362.47,1341.8332090000001,75019.9,25006.63333333333,0.017571893745710426,0.0,75019.9
2025-05-08,store,S002,Lahore,Punjab,mall,2,3,24852.489999999998,1087.717938,23765.010000000002,11882.505000000001,0.043766960091322846,0.0,23765.010000000002
2025-05-08,store,S003,Islamabad,ICT,mall,1,3,62806.1,547.3996850000001,62258.0,62258.0,0.008715708904071421,0.0,62258.0
2025-05-08,store,S004,Karachi,Sindh,flagship,5,16,91236.77,14645.440904,76592.38,15318.476,0.16052125589277216,0.0,76592.38
2025-05-08,store,S005,Lahore,Punjab,high_street,5,11,154925.7,16800.070024,138130.46,27626.091999999997,0.10843952955513514,0.0,138130.46
2025-05-08,store,S006,Islamabad,ICT,mall,4,8,186044.71000000002,2468.743556,183579.46000000002,45894.865000000005,0.013269625113232188,1078.38,182501.08000000002
2025-05-09,online,ONLINE,,,,14,28,653855.0599999999,17781.952658000002,636079.2,45434.22857142857,0.02719555715910496,0.0,636079.2
2025-05-09,store,S001,Karachi,Sindh,flagship,6,16,478436.14,28460.18434,449966.85,74994.47499999999,0.05948585811264174,0.0,449966.85
2025-05-09,store,S002,Lahore,Punjab,mall,3,9,159440.24,6786.6078529999995,152652.41,50884.136666666665,0.04256521348061192,0.0,152652.41
2025-05-09,store,S003,Islamabad,ICT,mall,1,5,133154.80000000002,8886.798893000001,124269.67,124269.67,0.06674035703557063,0.0,124269.67
2025-05-09,store,S004,Karachi,Sindh,flagship,3,11,213338.16,18523.681929,194812.3,64937.43333333333,0.08682779456333549,9972.28,184840.02
2025-05-09,store,S005,Lahore,Punjab,high_street,2,4,15474.26,1507.862805,13966.49,6983.245,0.09744329001839183,0.0,13966.49
2025-05-09,store,S006,Islamabad,ICT,mall,4,8,536059.95,21967.884074,514105.82999999996,128526.45749999999,0.040980274825604866,176171.55,337934.27999999997
2025-05-10,online,ONLINE,,,,8,26,256161.79,10963.392442,245197.96,30649.745,0.042798703280454126,0.0,245197.96
2025-05-10,store,S001,Karachi,Sindh,flagship,4,13,432895.06,12689.594066000001,420202.87,105050.7175,0.029313326111875707,0.0,420202.87
2025-05-10,store,S002,Lahore,Punjab,mall,2,7,348145.61000000004,4346.893139,343788.38,171894.19,0.012485847915761452,3812.13,339976.25
2025-05-10,store,S003,Islamabad,ICT,mall,1,3,13209.42,751.192503,12458.0,12458.0,0.05686793992469011,0.0,12458.0
2025-05-10,store,S004,Karachi,Sindh,flagship,5,12,210018.49,19831.088678,190191.9,38038.38,0.09442544167420688,0.0,190191.9
2025-05-10,store,S005,Lahore,Punjab,high_street,5,15,255272.19,11687.883837000001,243591.34,48718.268,0.04578596609759959,15709.49,227881.85
2025-05-10,store,S006,Islamabad,ICT,mall,5,12,676711.78,27790.376365,648933.78,129786.75600000001,0.04106678380122184,4336.4,644597.38
2025-05-11,online,ONLINE,,,,6,13,136775.32,3009.70376,133765.62,22294.27,0.02200472833841661,0.0,133765.62
2025-05-11,store,S001,Karachi,Sindh,flagship,3,7,39787.53,2272.2075729999997,37515.07,12505.023333333333,0.05710853558891441,0.0,37515.07
2025-05-11,store,S002,Lahore,Punjab,mall,3,7,81394.01999999999,2824.337448,78570.8,26190.266666666666,0.03469956942782775,8069.86,70500.94
2025-05-11,store,S003,Islamabad,ICT,mall,3,7,150600.28999999998,3414.306482,147191.2,49063.73333333334,0.022671314125623534,0.0,147191.2
2025-05-11,store,S004,Karachi,Sindh,flagship,5,18,349519.01,47237.712432,302280.07,60456.014,0.13515062437376438,0.0,302280.07
2025-05-11,store,S005,Lahore,Punjab,high_street,2,7,55384.04,5598.200557,49785.46,24892.73,0.10107967127352935,0.0,49785.46
2025-05-11,store,S006,Islamabad,ICT,mall,10,25,946992.48,34429.508452999995,912557.12,91255.712,0.03635668622521691,6562.52,905994.6
2025-05-12,online,ONLINE,,,,5,11,234504.22,3839.8185030000004,230667.26,46133.452000000005,0.016374197884370698,0.0,230667.26
2025-05-12,store,S001,Karachi,Sindh,flagship,7,25,357724.88,10180.883352,347541.05,49648.72142857143,0.02846009299660678,0.0,347541.05
2025-05-12,store,S002,Lahore,Punjab,mall,3,7,27692.66,652.591994,27039.5,9013.166666666666,0.023565522199745347,0.0,27039.5
2025-05-12,store,S003,Islamabad,ICT,mall,2,5,222686.92,982.386064,221704.29,110852.145,0.004411512198381476,0.0,221704.29
2025-05-12,store,S004,Karachi,Sindh,flagship,5,11,620660.5700000001,54422.076835,566242.9500000001,113248.59000000001,0.08768412150783156,6897.56,559345.39
2025-05-12,store,S005,Lahore,Punjab,high_street,8,26,481018.49,38067.689818,442938.43,55367.30375,0.07913976408266551,0.0,442938.43
2025-05-12,store,S006,Islamabad,ICT,mall,3,7,274233.58,2055.937308,272177.04000000004,90725.68000000001,0.007497029751061121,15727.95,256449.09000000003
2025-05-13,online,ONLINE,,,,11,28,1368745.02,37462.696258,1331304.05,121027.64090909091,0.02737010598073263,23909.79,1307394.26
2025-05-13,store,S001,Karachi,Sindh,flagship,3,3,62329.7,240.58009,62088.85,20696.283333333333,0.0038597986192778085,51050.08,11038.769999999997
2025-05-13,store,S003,Islamabad,ICT,mall,2,10,403705.60000000003,22945.908222000002,380757.08999999997,190378.54499999998,0.05683822127312576,130100.27,250656.81999999995
2025-05-13,store,S004,Karachi,Sindh,flagship,7,19,146891.83000000002,14797.373077,132094.75,18870.678571428572,0.10073652889340406,0.0,132094.75
2025-05-13,store,S005,Lahore,Punjab,high_street,4,13,248806.01,12390.322058,236412.05,59103.0125,0.049799126869965876,0.0,236412.05
2025-05-13,store,S006,Islamabad,ICT,mall,3,7,511352.42,36234.538046,475120.66000000003,158373.55333333334,0.07086020644235927,0.0,475120.66000000003
2025-05-14,online,ONLINE,,,,8,27,886672.84,30397.032847,856268.16,107033.52,0.03428212918645394,18262.44,838005.7200000001
2025-05-14,store,S001,Karachi,Sindh,flagship,3,5,75031.0,3351.8549350000003,71681.48999999999,23893.829999999998,0.04467293432048087,0.0,71681.48999999999
2025-05-14,store,S003,Islamabad,ICT,mall,2,4,19229.18,5.825259,19223.39,9611.695,0.0003029385028378745,0.0,19223.39
2025-05-14,store,S004,Karachi,Sindh,flagship,5,10,773781.77,75112.71123,698664.87,139732.974,0.09707221614952237,0.0,698664.87
2025-05-14,store,S005,Lahore,Punjab,high_street,1,2,8597.37,441.079164,8156.39,8156.39,0.051303964351889005,0.0,8156.39
2025-05-14,store,S006,Islamabad,ICT,mall,3,13,431287.98,21700.729151999996,409592.3,136530.76666666666,0.05031610004990168,0.0,409592.3
2025-05-15,online,ONLINE,,,,10,21,385507.31,15960.881065,369543.22000000003,36954.322,0.04140227863642845,0.0,369543.22000000003
2025-05-15,store,S001,Karachi,Sindh,flagship,5,25,600515.21,12968.756667,587544.2,117508.84,0.02159605027656169,0.0,587544.2
2025-05-15,store,S002,Lahore,Punjab,mall,3,11,184518.04,8410.206669,176107.75,58702.583333333336,0.045579319339182224,0.0,176107.75
2025-05-15,store,S003,Islamabad,ICT,mall,2,9,74731.49,3302.841706,71427.78,35713.89,0.044196117406464126,0.0,71427.78
2025-05-15,store,S004,Karachi,Sindh,flagship,2,6,68723.39,5665.579741,63058.68,31529.34,0.08244034150527207,0.0,63058.68
2025-05-15,store,S005,Lahore,Punjab,high_street,3,11,129611.55,4442.790266,125169.18000000001,41723.060000000005,0.03427773424513479,0.0,125169.18000000001
2025-05-15,store,S006,Islamabad,ICT,mall,3,9,58710.850000000006,1939.165314,56772.61,18924.203333333335,0.033029079190643636,0.0,56772.61
2025-05-16,online,ONLINE,,,,20,46,919513.97,29135.760569000002,890375.97,44518.7985,0.03168604449696398,10718.25,879657.72
2025-05-16,store,S001,Karachi,Sindh,flagship,3,8,50052.9,4938.208992,45115.72,15038.573333333334,0.09865979777395514,0.0,45115.72
2025-05-16,store,S002,Lahore,Punjab,mall,2,5,266842.83,6214.210572,260635.61000000002,130317.80500000001,0.023287905363617974,235699.5,24936.110000000015
2025-05-16,store,S003,Islamabad,ICT,mall,2,4,17443.93,202.902198,17241.2,8620.6,0.011631679214488936,0.0,17241.2
2025-05-16,store,S004,Karachi,Sindh,flagship,4,10,325880.67,22875.348054,303004.26,75751.065,0.0701954738647125,0.0,303004.26
2025-05-16,store,S005,Lahore,Punjab,high_street,4,15,326266.2,22077.785879000003,304188.83999999997,76047.20999999999,0.06766801427484674,0.0,304188.83999999997
2025-05-16,store,S006,Islamabad,ICT,mall,4,9,54578.53,2079.173256,52499.590000000004,13124.897500000001,0.03809507614074619,8433.32,44066.270000000004
2025-05-17,online,ONLINE,,,,12,31,912544.15,16958.206736,895572.08,74631.00666666667,0.01858343701617067,0.0,895572.08
2025-05-17,store,S001,Karachi,Sindh,flagship,7,21,156880.9,3276.4904539999998,153605.23,21943.604285714286,0.02088520944232217,0.0,153605.23
2025-05-17,store,S002,Lahore,Punjab,mall,4,10,579970.73,7799.405903,572174.65,143043.6625,0.01344793021365061,5477.76,566696.89
2025-05-17,store,S003,Islamabad,ICT,mall,1,4,23709.23,339.23386500000004,23369.489999999998,23369.489999999998,0.01430809288197044,0.0,23369.489999999998
2025-05-17,store,S004,Karachi,Sindh,flagship,1,2,18567.3,2005.101141,16562.69,16562.69,0.10799099174354915,0.0,16562.69
2025-05-17,store,S005,Lahore,Punjab,high_street,2,6,57062.06,5603.9523389999995,51456.92999999999,25728.464999999997,0.09820802717252058,0.0,51456.92999999999
2025-05-17,store,S006,Islamabad,ICT,mall,4,15,715756.5,34033.243900999994,681711.41,170427.8525,0.047548634068988536,0.0,681711.41
2025-05-18,online,ONLINE,,,,9,20,545438.41,23495.679887999995,521943.18,57993.68666666667,0.043076687408208005,5236.64,516706.54
2025-05-18,store,S001,Karachi,Sindh,flagship,1,3,23911.9,430.568378,23481.56,23481.56,0.018006447751956138,0.0,23481.56
2025-05-18,store,S002,Lahore,Punjab,mall,2,4,27068.08,731.489537,26336.27,13168.135,0.027024064396144833,11071.1,15265.17
2025-05-18,store,S003,Islamabad,ICT,mall,2,6,484682.09,123.14314499999999,484548.79,242274.395,0.00025406993066321056,0.0,484548.79
2025-05-18,store,S004,Karachi,Sindh,flagship,3,11,834087.22,88666.099153,745402.1699999999,248467.38999999998,0.10630315035039142,0.0,745402.1699999999
2025-05-18,store,S005,Lahore,Punjab,high_street,8,26,1121418.21,89197.102872,1032213.22,129026.6525,0.07953955275258104,0.0,1032213.22
2025-05-18,store,S006,Islamabad,ICT,mall,4,10,47015.89,401.25571199999996,46614.86,11653.715,0.00853447019720354,0.0,46614.86
2025-05-19,online,ONLINE,,,,9,29,363024.35,11665.674377,351359.39,39039.932222222225,0.03213468842241574,8290.03,343069.36
2025-05-19,store,S001,Karachi,Sindh,flagship,11,35,1085179.83,65469.667262999996,1019723.84,92702.16727272727,0.06033070782655442,5584.86,1014138.98
2025-05-19,store,S002,Lahore,Punjab,mall,2,5,41540.65,596.1037369999999,40944.96,20472.48,0.014349889493785,0.0,40944.96
2025-05-19,store,S003,Islamabad,ICT,mall,3,8,81331.0,1018.5104160000001,80313.44,26771.146666666667,0.012523028316386128,0.0,80313.44
2025-05-19,store,S004,Karachi,Sindh,flagship,2,6,38127.92,5365.715871,32762.260000000002,16381.130000000001,0.14072930993875357,0.0,32762.260000000002
2025-05-19,store,S005,Lahore,Punjab,high_street,5,11,140683.07,9481.51377,131201.03,26240.206,0.06739626715567125,1324.77,129876.26
2025-05-19,store,S006,Islamabad,ICT,mall,4,8,443286.58,29314.634482,413975.14,103493.785,0.06613020967609712,0.0,413975.14
2025-05-20,online,ONLINE,,,,7,20,152127.49,3085.01426,149043.47,21291.924285714285,0.02027913732094048,0.0,149043.47
2025-05-20,store,S001,Karachi,Sindh,flagship,4,10,414536.16000000003,9670.386552,404868.26999999996,101217.06749999999,0.023328209900916722,3478.35,401389.92
2025-05-20,store,S002,Lahore,Punjab,mall,3,9,68069.17,4175.736273,63894.07,21298.023333333334,0.06134548537906369,0.0,63894.07
2025-05-20,store,S003,Islamabad,ICT,mall,1,3,47068.85,1793.502309,45274.0,45274.0,0.03810380557417485,0.0,45274.0
2025-05-20,store,S004,Karachi,Sindh,flagship,4,7,49980.07,4819.3415509999995,45160.729999999996,11290.182499999999,0.09642526613107984,0.0,45160.729999999996
2025-05-20,store,S005,Lahore,Punjab,high_street,1,5,46825.97,1672.3896250000003,45154.19,45154.19,0.03571500227331116,5136.25,40017.94
2025-05-20,store,S006,Islamabad,ICT,mall,5,14,325321.23,729.110627,324593.76999999996,64918.75399999999,0.002241202109680945,0.0,324593.76999999996
2025-05-21,online,ONLINE,,,,12,34,693976.29,17278.71135,676701.12,56391.76,0.024898129228593673,8727.57,667973.55
2025-05-21,store,S001,Karachi,Sindh,flagship,3,15,650755.27,17036.876792000003,633699.75,211233.25,0.026180159542926178,0.0,633699.75
2025-05-21,store,S002,Lahore,Punjab,mall,5,14,95025.65,5128.86064,89895.63,17979.126,0.053973433909686494,4575.5,85320.13
2025-05-21,store,S004,Karachi,Sindh,flagship,5,14,118492.09999999999,14818.665939,103673.86,20734.772,0.12506037059854624,0.0,103673.86
2025-05-21,store,S005,Lahore,Punjab,high_street,5,8,119249.71,13434.234713000002,105816.47,21163.294,0.11265633025858093,2037.31,103779.16
2025-05-21,store,S006,Islamabad,ICT,mall,2,7,28942.760000000002,1705.4636950000001,27237.39,13618.695,0.058925399478142376,0.0,27237.39
2025-05-22,online,ONLINE,,,,12,30,895065.97,27304.803969,867768.9199999999,72314.07666666666,0.03050591228376161,224961.76,642807.1599999999
2025-05-22,store,S001,Karachi,Sindh,flagship,1,1,4558.24,0.0,4558.24,4558.24,0.0,0.0,4558.24
2025-05-22,store,S002,Lahore,Punjab,mall,2,7,52929.86,845.240987,52085.130000000005,26042.565000000002,0.015969076566610983,0.0,52085.130000000005
2025-05-22,store,S003,Islamabad,ICT,mall,3,10,97075.46,269.292524,96805.45000000001,32268.483333333337,0.0027740535455613603,0.0,96805.45000000001
2025-05-22,store,S005,Lahore,Punjab,high_street,3,10,540859.76,27945.666806,512919.05,170973.01666666666,0.051668970170751845,0.0,512919.05
2025-05-22,store,S006,Islamabad,ICT,mall,6,16,570030.34,13758.277328,556282.07,92713.67833333333,0.024136043930573944,93414.5,462867.56999999995
2025-05-23,online,ONLINE,,,,9,28,981170.3,34346.983085,946813.71,105201.52333333333,0.03500613816480177,4650.01,942163.7
2025-05-23,store,S001,Karachi,Sindh,flagship,2,7,39302.63,852.80366,38449.75,19224.875,0.02169838659652039,0.0,38449.75
2025-05-23,store,S002,Lahore,Punjab,mall,1,4,11472.47,821.582439,10651.08,10651.08,0.0716133874396708,0.0,10651.08
2025-05-23,store,S003,Islamabad,ICT,mall,3,8,347091.07999999996,14532.254371999998,332567.52,110855.84000000001,0.04186870596616888,0.0,332567.52
2025-05-23,store,S004,Karachi,Sindh,flagship,5,9,413154.39,52644.986783,360514.93,72102.986,0.12742206801433237,0.0,360514.93
2025-05-23,store,S005,Lahore,Punjab,high_street,2,5,233468.69,14642.390317,218836.46,109418.23,0.0627167193896535,0.0,218836.46
2025-05-23,store,S006,Islamabad,ICT,mall,7,15,562917.43,13800.051404999998,549121.35,78445.90714285713,0.024515232020795655,42338.44,506782.91
2025-05-24,online,ONLINE,,,,6,13,329801.88,6860.722319,322929.39,53821.565,0.020802556731938582,0.0,322929.39
2025-05-24,store,S001,Karachi,Sindh,flagship,8,21,129167.25,994.623308,128172.19,16021.52375,0.007700274705856167,0.0,128172.19
2025-05-24,store,S002,Lahore,Punjab,mall,2,4,20558.559999999998,829.483884,19728.86,9864.43,0.040347372773190344,0.0,19728.86
2025-05-24,store,S003,Islamabad,ICT,mall,3,6,26439.149999999998,934.7962309999999,25504.4,8501.466666666667,0.03535651603776974,0.0,25504.4
2025-05-24,store,S004,Karachi,Sindh,flagship,3,4,55437.57,6581.168444999999,48858.38,16286.126666666665,0.11871314787065883,0.0,48858.38
2025-05-24,store,S005,Lahore,Punjab,high_street,5,18,113702.63,8278.284389,105422.23,21084.446,0.07280644598106482,20405.510000000002,85016.72
2025-05-24,store,S006,Islamabad,ICT,mall,3,6,321818.43,5514.482521,316304.44999999995,105434.81666666665,0.017135384449548152,0.0,316304.44999999995
2025-05-25,online,ONLINE,,,,10,21,542861.23,20281.496171,522568.79,52256.879,0.03736036955705973,5669.49,516899.3
2025-05-25,store,S001,Karachi,Sindh,flagship,1,5,465395.15,2287.630509,463111.59,463111.59,0.004915458420656081,0.0,463111.59
2025-05-25,store,S002,Lahore,Punjab,mall,3,12,276954.93,0.0,276954.93,92318.31,0.0,0.0,276954.93
2025-05-25,store,S003,Islamabad,ICT,mall,2,5,232110.33,13068.626954,219040.01,109520.005,0.05630351287682888,0.0,219040.01
2025-05-25,store,S004,Karachi,Sindh,flagship,1,1,109858.75,13919.103625000002,95937.33,95937.33,0.1267,0.0,95937.33
2025-05-25,store,S005,Lahore,Punjab,high_street,4,10,526639.9299999999,31872.625039000002,494756.07,123689.0175,0.06052071486299948,0.0,494756.07
2025-05-25,store,S006,Islamabad,ICT,mall,4,9,142261.86000000002,3982.489516,138282.33,34570.5825,0.02799407737252978,0.0,138282.33
2025-05-26,online,ONLINE,,,,12,36,1241546.5,59762.694433,1181782.28,98481.85666666667,0.04813568757432766,8402.33,1173379.95
2025-05-26,store,S001,Karachi,Sindh,flagship,3,9,57357.100000000006,2753.789995,54603.28,18201.093333333334,0.048011318476701224,0.0,54603.28
2025-05-26,store,S002,Lahore,Punjab,mall,2,5,268692.58,31358.083787,237335.62,118667.81,0.11670617695136946,3633.36,233702.26
2025-05-26,store,S003,Islamabad,ICT,mall,3,10,92142.02,2174.487926,89968.38,29989.460000000003,0.02359930817666033,0.0,89968.38
2025-05-26,store,S004,Karachi,Sindh,flagship,5,11,124204.56000000001,7957.618420000001,116248.44,23249.688000000002,0.06406864949241799,2575.29,113673.15000000001
2025-05-26,store,S005,Lahore,Punjab,high_street,7,18,645785.2,34995.220749,610779.25,87254.17857142857,0.05419018699871103,41450.65,569328.6
2025-05-26,store,S006,Islamabad,ICT,mall,7,16,112480.78,3688.089675,108794.07,15542.01,0.03278862108708706,0.0,108794.07
2025-05-27,online,ONLINE,,,,4,13,146175.58000000002,3705.092686,142470.7,35617.675,0.025346864955145036,21295.55,121175.15000000001
2025-05-27,store,S001,Karachi,Sindh,flagship,3,11,70116.15,631.368118,69484.62,23161.539999999997,0.009004603333183583,25907.23,43577.39
2025-05-27,store,S002,Lahore,Punjab,mall,5,19,306011.52,2314.585352,303697.13,60739.426,0.0075637196665014434,0.0,303697.13
2025-05-27,store,S003,Islamabad,ICT,mall,2,7,56031.45,908.904506,55122.78,27561.39,0.01622132759369961,0.0,55122.78
2025-05-27,store,S004,Karachi,Sindh,flagship,4,15,526024.3,50331.354905,475677.89999999997,118919.47499999999,0.09568256619513585,0.0,475677.89999999997
2025-05-27,store,S005,Lahore,Punjab,high_street,2,6,123910.51000000001,11657.644827000002,112256.4,56128.2,0.09408116250187333,0.0,112256.4
2025-05-27,store,S006,Islamabad,ICT,mall,3,8,263054.04,6970.438175999999,256089.38,85363.12666666666,0.026498122499848318,9886.87,246202.51
2025-05-28,online,ONLINE,,,,10,26,575952.05,27009.87494,548949.6,54894.96,0.04689604792621191,1637.44,547312.16
2025-05-28,store,S001,Karachi,Sindh,flagship,2,9,409271.6,2833.707518,406426.13,203213.065,0.006923782441781937,0.0,406426.13
2025-05-28,store,S002,Lahore,Punjab,mall,3,8,74836.67,168.66918,74669.09999999999,24889.699999999997,0.0022538306421170267,0.0,74669.09999999999
2025-05-28,store,S004,Karachi,Sindh,flagship,2,5,111564.20000000001,10469.188239,101094.57,50547.285,0.09384003326335866,0.0,101094.57
2025-05-28,store,S005,Lahore,Punjab,high_street,4,8,155883.49,16293.612936,139589.03,34897.2575,0.10452430168198057,1220.33,138368.7
2025-05-28,store,S006,Islamabad,ICT,mall,3,7,34965.1,2195.591746,32769.06,10923.019999999999,0.06279380713911872,0.0,32769.06
2025-05-29,online,ONLINE,,,,8,24,602107.58,29936.764572,572171.21,71521.40125,0.04971995963246303,1062.87,571108.34
2025-05-29,store,S001,Karachi,Sindh,flagship,3,8,269793.86,2525.161143,267268.3,89089.43333333333,0.009359594554894615,9031.560000000001,258236.74
2025-05-29,store,S002,Lahore,Punjab,mall,3,7,76618.19,225.540467,76392.59,25464.196666666667,0.0029436934884522854,1494.97,74897.62
2025-05-29,store,S003,Islamabad,ICT,mall,2,7,427772.94,0.0,427772.94,213886.47,0.0,0.0,427772.94
2025-05-29,store,S004,Karachi,Sindh,flagship,3,10,308318.26,37164.862882,271162.11,90387.37,0.12054058323370144,1950.69,269211.42
2025-05-29,store,S005,Lahore,Punjab,high_street,3,9,50121.79,7384.30557,42737.62,14245.873333333335,0.14732725168035699,0.0,42737.62
2025-05-29,store,S006,Islamabad,ICT,mall,3,4,317759.17,27447.277090999996,290313.31,96771.10333333333,0.08637760820875759,0.0,290313.31
2025-05-30,online,ONLINE,,,,7,14,359980.83,25280.601546000005,334700.08,47814.29714285715,0.0702276328047802,0.0,334700.08
2025-05-30,store,S001,Karachi,Sindh,flagship,7,16,364579.27,5735.100752,358838.02,51262.57428571429,0.015730737383943965,0.0,358838.02
2025-05-30,store,S002,Lahore,Punjab,mall,3,7,462024.3,1406.668983,460623.9,153541.30000000002,0.0030445779215508796,0.0,460623.9
2025-05-30,store,S003,Islamabad,ICT,mall,1,2,99551.64,3397.863684,96150.47,96150.47,0.03413166959379072,0.0,96150.47
2025-05-30,store,S004,Karachi,Sindh,flagship,6,20,437825.88,57178.418052,380639.10000000003,63439.850000000006,0.13059624993387783,6204.1900000000005,374434.91000000003
2025-05-30,store,S005,Lahore,Punjab,high_street,2,6,239109.49,14796.555507999998,224305.11000000002,112152.55500000001,0.06188192492067127,0.0,224305.11000000002
2025-05-30,store,S006,Islamabad,ICT,mall,5,9,294653.45,15074.831391999998,279576.67,55915.333999999995,0.05116122479475464,0.0,279576.67
2025-05-31,online,ONLINE,,,,9,30,320183.57,13773.19036,306412.27999999997,34045.80888888889,0.04301654316615934,8198.11,298214.17
2025-05-31,store,S001,Karachi,Sindh,flagship,6,15,109432.8,801.6429029999999,108631.36,18105.226666666666,0.007325435363072131,22132.86,86498.5
2025-05-31,store,S002,Lahore,Punjab,mall,1,1,6346.94,154.230642,6192.67,6192.67,0.0243,0.0,6192.67
2025-05-31,store,S003,Islamabad,ICT,mall,3,7,670894.02,979.3882900000001,669913.55,223304.5166666667,0.0014598256368420159,0.0,669913.55
2025-05-31,store,S004,Karachi,Sindh,flagship,2,5,309805.95999999996,16544.93874,293262.98,146631.49,0.05340419771136747,0.0,293262.98
2025-05-31,store,S005,Lahore,Punjab,high_street,7,18,508540.88,34416.55450299999,474136.95,67733.85,0.06767706561368281,0.0,474136.95
2025-05-31,store,S006,Islamabad,ICT,mall,8,20,665217.21,9206.656825999999,656016.27,82002.03375,0.013840076124909634,0.0,656016.27
2025-06-01,online,ONLINE,,,,12,28,286567.1,7858.3498899999995,278712.06,23226.005,0.027422372945114775,0.0,278712.06
2025-06-01,store,S001,Karachi,Sindh,flagship,3,4,13194.56,248.520654,12946.310000000001,4315.436666666667,0.01883508461062741,0.0,12946.310000000001
2025-06-01,store,S002,Lahore,Punjab,mall,3,11,187228.32,480.771498,186747.58000000002,62249.193333333336,0.0025678353467039603,8065.24,178682.34000000003
2025-06-01,store,S003,Islamabad,ICT,mall,2,6,138843.72,160.746726,138680.43,69340.215,0.0011577529469824059,0.0,138680.43
2025-06-01,store,S004,Karachi,Sindh,flagship,4,10,53332.58,4900.738623,48432.12,12108.03,0.0918901471295782,0.0,48432.12
2025-06-01,store,S005,Lahore,Punjab,high_street,3,10,127318.95,8169.378499,119150.37999999999,39716.79333333333,0.0641646706872779,7990.28,111160.09999999999
2025-06-01,store,S006,Islamabad,ICT,mall,5,12,335795.33,783.141395,335012.76,67002.552,0.002332198589539646,0.0,335012.76
2025-06-02,online,ONLINE,,,,8,27,557109.7000000001,18752.391383000002,538364.98,67295.6225,0.03366014158970845,0.0,538364.98
2025-06-02,store,S001,Karachi,Sindh,flagship,8,21,159685.65,2782.855185,156904.22,19613.0275,0.017427083679716994,0.0,156904.22
2025-06-02,store,S002,Lahore,Punjab,mall,2,5,146713.43,11360.265460999997,135352.96999999997,67676.48499999999,0.07743166703279991,0.0,135352.96999999997
2025-06-02,store,S004,Karachi,Sindh,flagship,3,10,429650.18,65206.271694999996,364442.68,121480.89333333333,0.15176595921593702,0.0,364442.68
2025-06-02,store,S005,Lahore,Punjab,high_street,3,7,219840.66,17658.778954,202183.72,67394.57333333333,0.08032535452722896,0.0,202183.72
2025-06-02,store,S006,Islamabad,ICT,mall,3,7,68548.70999999999,10.00712,68538.75,22846.25,0.000145985533498734,0.0,68538.75
2025-06-03,online,ONLINE,,,,12,40,682569.27,36009.474961,646544.7000000001,53878.725000000006,0.05275578105208281,12479.7,634065.0000000001
2025-06-03,store,S001,Karachi,Sindh,flagship,3,8,30309.37,982.822006,29326.69,9775.563333333334,0.03242634228293099,0.0,29326.69
2025-06-03,store,S002,Lahore,Punjab,mall,4,11,117343.9,4258.583409,113085.9,28271.475,0.03629147666815233,6816.15,106269.75
2025-06-03,store,S003,Islamabad,ICT,mall,5,14,376806.43,229.047445,376577.59,75315.51800000001,0.0006078650117515245,0.0,376577.59
2025-06-03,store,S004,Karachi,Sindh,flagship,6,13,642833.34,67303.040957,575545.3,95924.21666666667,0.10469749586572472,189513.94999999998,386031.3500000001
2025-06-03,store,S005,Lahore,Punjab,high_street,4,14,636058.45,39582.965815999996,596470.98,149117.745,0.06223164839017546,22408.68,574062.2999999999
2025-06-03,store,S006,Islamabad,ICT,mall,6,16,487771.17,23612.461191000002,464171.47000000003,77361.91166666667,0.048408890568501624,82337.02,381834.45
2025-06-04,online,ONLINE,,,,12,24,204063.49,5949.730264,198112.04,16509.336666666666,0.029156270256869565,3221.74,194890.30000000002
2025-06-04,store,S001,Karachi,Sindh,flagship,7,15,231765.52,5243.545137,226521.05,32360.149999999998,0.022624353859883903,3057.12,223463.93
2025-06-04,store,S002,Lahore,Punjab,mall,2,4,9582.34,11.692489,9570.619999999999,4785.3099999999995,0.0012202122863517679,1343.75,8226.869999999999
2025-06-04,store,S003,Islamabad,ICT,mall,2,4,17510.51,234.38550399999997,17276.65,8638.325,0.013385418471535095,0.0,17276.65
2025-06-04,store,S004,Karachi,Sindh,flagship,1,1,5260.03,333.48590199999995,4926.8,4926.8,0.0634,0.0,4926.8
2025-06-04,store,S005,Lahore,Punjab,high_street,4,10,268158.67,13598.41842,254564.43000000002,63641.107500000006,0.050710344066071035,0.0,254564.43000000002
2025-06-04,store,S006,Islamabad,ICT,mall,1,4,110794.53,1318.2670790000002,109474.47,109474.47,0.01189830471775096,102743.03,6731.440000000002
2025-06-05,online,ONLINE,,,,8,19,402935.52999999997,8734.636756,394214.47000000003,49276.808750000004,0.02167750447819779,20267.59,373946.88
2025-06-05,store,S001,Karachi,Sindh,flagship,4,13,66907.16,3325.784809,63581.53,15895.3825,0.049707457452984105,3645.26,59936.27
2025-06-05,store,S002,Lahore,Punjab,mall,1,2,13970.95,0.0,13970.95,13970.95,0.0,0.0,13970.95
2025-06-05,store,S003,Islamabad,ICT,mall,4,8,329325.70999999996,11428.33265,317890.14,79472.535,0.03470221820822918,0.0,317890.14
2025-06-05,store,S004,Karachi,Sindh,flagship,5,13,312385.38,38579.972039,273812.27,54762.454000000005,0.12350120879216563,0.0,273812.27
2025-06-05,store,S005,Lahore,Punjab,high_street,4,10,84913.88,4943.544897,79971.04000000001,19992.760000000002,0.05821833717879809,0.0,79971.04000000001
2025-06-05,store,S006,Islamabad,ICT,mall,5,13,75416.77,1511.3277119999998,73904.95,14780.99,0.020039677010829284,0.0,73904.95
2025-06-06,online,ONLINE,,,,5,11,339116.93,1586.851715,337527.14,67505.428,0.0046793644746665995,24131.13,313396.01
2025-06-06,store,S001,Karachi,Sindh,flagship,3,3,20941.940000000002,486.21252599999997,20456.34,6818.78,0.023217167368448192,2092.85,18363.49
2025-06-06,store,S002,Lahore,Punjab,mall,4,8,149253.19,3191.988733,146061.05,36515.2625,0.021386402079580345,8085.030000000001,137976.02
2025-06-06,store,S003,Islamabad,ICT,mall,2,4,244853.16,8287.744560000001,236561.88,118280.94,0.033847815400871284,0.0,236561.88
2025-06-06,store,S004,Karachi,Sindh,flagship,2,4,279993.75999999995,31947.048505000002,248036.40999999997,124018.20499999999,0.11409914458450791,0.0,248036.40999999997
2025-06-06,store,S005,Lahore,Punjab,high_street,4,13,432888.09,29600.746291,403303.39,100825.8475,0.06837967358030109,0.0,403303.39
2025-06-06,store,S006,Islamabad,ICT,mall,5,14,718286.73,30393.257324,687891.37,137578.274,0.042313544236018394,0.0,687891.37
2025-06-07,online,ONLINE,,,,9,22,156384.78,3658.254102,152725.82,16969.535555555558,0.023392647941826564,3494.55,149231.27000000002
2025-06-07,store,S001,Karachi,Sindh,flagship,6,21,380529.82,10575.372543000001,369945.77,61657.628333333334,0.0277911795270079,0.0,369945.77
2025-06-07,store,S004,Karachi,Sindh,flagship,3,4,253906.56999999998,70967.139555,182933.19,60977.73,0.27950099737474304,0.0,182933.19
2025-06-07,store,S005,Lahore,Punjab,high_street,4,10,400621.16,22455.858548999997,378165.18,94541.295,0.05605260228640943,0.0,378165.18
2025-06-08,online,ONLINE,,,,11,23,226405.45,7600.9326009999995,218803.29,19891.208181818183,0.033572215690920865,0.0,218803.29
2025-06-08,store,S001,Karachi,Sindh,flagship,5,10,567346.05,13799.530268000002,553552.32,110710.46399999999,0.024322951165342565,0.0,553552.32
2025-06-08,store,S002,Lahore,Punjab,mall,8,22,445465.02,17440.98863,428029.07,53503.63375,0.03915231914281395,3763.0299999999997,424266.04
2025-06-08,store,S003,Islamabad,ICT,mall,3,5,91672.29,618.465396,91054.48,30351.493333333332,0.006746481363125107,1872.93,89181.55
2025-06-08,store,S004,Karachi,Sindh,flagship,2,7,43810.36,4601.5944309999995,39209.41,19604.705,0.10503438983382012,0.0,39209.41
2025-06-08,store,S005,Lahore,Punjab,high_street,2,5,40108.67,2118.8840520000003,37988.8,18994.4,0.052828579257302735,0.0,37988.8
2025-06-08,store,S006,Islamabad,ICT,mall,2,3,243211.86000000002,0.0,243211.85,121605.925,0.0,0.0,243211.85
2025-06-09,online,ONLINE,,,,7,28,528153.27,13849.162686,514296.46,73470.92285714285,0.026221862994429627,0.0,514296.46
2025-06-09,store,S001,Karachi,Sindh,flagship,4,11,388215.43,52526.49292999999,335678.95,83919.7375,0.1353024348620043,0.0,335678.95
2025-06-09,store,S002,Lahore,Punjab,mall,1,1,8445.07,0.0,8445.07,8445.07,0.0,0.0,8445.07
2025-06-09,store,S003,Islamabad,ICT,mall,2,4,44968.74,444.0664099999999,44525.12,22262.56,0.009875002279361172,0.0,44525.12
2025-06-09,store,S004,Karachi,Sindh,flagship,4,11,152771.32,16224.6934,136547.32,34136.83,0.10620248224601318,41082.05,95465.27
2025-06-09,store,S005,Lahore,Punjab,high_street,2,4,22804.47,2892.450925,19912.0,9956.0,0.12683701594468103,0.0,19912.0
2025-06-09,store,S006,Islamabad,ICT,mall,5,18,257539.82,6633.800236,250911.14,50182.228,0.025758347722693913,0.0,250911.14
2025-06-10,online,ONLINE,,,,18,43,683210.03,40902.695675999996,642320.15,35684.45277777778,0.059868406317161345,8468.25,633851.9
2025-06-10,store,S001,Karachi,Sindh,flagship,5,8,257764.63,5085.373291999999,252683.82,50536.764,0.019728747470124194,14222.17,238461.65
2025-06-10,store,S002,Lahore,Punjab,mall,2,4,22101.73,90.70906,22010.78,11005.39,0.0041041610769835665,0.0,22010.78
2025-06-10,store,S003,Islamabad,ICT,mall,3,6,223780.94,268.984224,223506.81000000003,74502.27,0.0012019979181426264,0.0,223506.81000000003
2025-06-10,store,S004,Karachi,Sindh,flagship,7,13,469900.98,70218.880613,399681.22,57097.31714285714,0.14943335639138272,255451.63,144229.58999999997
2025-06-10,store,S005,Lahore,Punjab,high_street,5,17,162319.96,21411.667421,140908.09,28181.618,0.1319102556518619,0.0,140908.09
2025-06-10,store,S006,Islamabad,ICT,mall,2,8,271040.8,1598.6009299999998,269438.25,134719.125,0.005898008454815659,0.0,269438.25
2025-06-11,online,ONLINE,,,,4,10,617826.73,4822.744565,612997.98,153249.495,0.00780598237470237,15419.19,597578.79
2025-06-11,store,S001,Karachi,Sindh,flagship,1,2,213022.62,14762.088781999999,198250.51,198250.51,0.06929822186019494,0.0,198250.51
2025-06-11,store,S002,Lahore,Punjab,mall,2,8,383994.35000000003,3566.7299159999993,380433.88,190216.94,0.009288495822920309,0.0,380433.88
2025-06-11,store,S004,Karachi,Sindh,flagship,3,10,491761.16,59372.17427,432389.74,144129.91333333333,0.1207337608159213,0.0,432389.74
2025-06-11,store,S005,Lahore,Punjab,high_street,5,13,524251.0,29334.696407,494921.36,98984.272,0.05595544196768342,210308.63,284612.73
2025-06-11,store,S006,Islamabad,ICT,mall,1,3,9683.880000000001,618.4806470000001,9065.61,9065.61,0.06386702922795409,0.0,9065.61
2025-06-12,online,ONLINE,,,,10,37,833054.87,32623.122993,800431.21,80043.121,0.03916083341905198,0.0,800431.21
2025-06-12,store,S001,Karachi,Sindh,flagship,4,9,101765.95999999999,1030.0452,100736.73999999999,25184.184999999998,0.010121706708215597,0.0,100736.73999999999
2025-06-12,store,S002,Lahore,Punjab,mall,3,7,36113.13,1143.134374,34969.49,11656.496666666666,0.03165425910188344,3919.62,31049.87
2025-06-12,store,S004,Karachi,Sindh,flagship,3,8,516886.19,112437.32082499999,404453.92,134817.97333333333,0.21752819672934187,0.0,404453.92
2025-06-12,store,S005,Lahore,Punjab,high_street,4,11,499631.99,30026.95685,469594.65,117398.6625,0.060098147138256695,0.0,469594.65
2025-06-12,store,S006,Islamabad,ICT,mall,7,21,167703.32,2232.2111569999997,165471.29,23638.755714285715,0.013310476840887823,0.0,165471.29
2025-06-13,online,ONLINE,,,,5,13,326186.60000000003,11702.277890999998,314472.07999999996,62894.41599999999,0.03587602277653342,0.0,314472.07999999996
2025-06-13,store,S001,Karachi,Sindh,flagship,2,4,37203.75,2221.056638,34983.12,17491.56,0.059699805476598464,9079.82,25903.300000000003
2025-06-13,store,S002,Lahore,Punjab,mall,4,14,286533.43000000005,4452.89461,282075.7,70518.925,0.0155405762252593,0.0,282075.7
2025-06-13,store,S003,Islamabad,ICT,mall,1,4,9113.15,18.480006999999997,9094.72,9094.72,0.0020278396602711464,0.0,9094.72
2025-06-13,store,S004,Karachi,Sindh,flagship,9,36,534775.88,47802.618999000006,486984.25,54109.36111111111,0.08938813582804073,4260.6,482723.65
2025-06-13,store,S005,Lahore,Punjab,high_street,2,10,704126.86,35447.686353,668674.8,334337.4,0.05034275549863273,0.0,668674.8
2025-06-14,online,ONLINE,,,,6,13,107995.8,3461.657216,104533.09,17422.181666666667,0.032053628159613615,6531.39,98001.7
2025-06-14,store,S001,Karachi,Sindh,flagship,7,15,145482.46,1437.818427,144043.83,20577.69,0.009883104994237793,5110.1900000000005,138933.63999999998
2025-06-14,store,S002,Lahore,Punjab,mall,1,2,3978.63,50.699638,3927.95,3927.95,0.012742988918295997,3751.12,176.82999999999993
2025-06-14,store,S003,Islamabad,ICT,mall,4,6,483865.46,3664.7430019999997,480199.43,120049.8575,0.007573888415180533,0.0,480199.43
2025-06-14,store,S004,Karachi,Sindh,flagship,7,17,702904.36,62160.058861,640766.34,91538.04857142856,0.08843316729604579,6642.34,634124.0
2025-06-14,store,S005,Lahore,Punjab,high_street,7,28,533651.86,20598.82071,513070.55,73295.79285714285,0.03859973562164667,7947.91,505122.64
2025-06-14,store,S006,Islamabad,ICT,mall,3,5,61938.51,1000.658529,60937.17,20312.39,0.016155676476557152,0.0,60937.17
2025-06-15,online,ONLINE,,,,6,13,555383.95,12280.81453,543087.29,90514.54833333334,0.02211229642124156,0.0,543087.29
2025-06-15,store,S001,Karachi,Sindh,flagship,5,13,397082.43,5602.342105,391470.1,78294.01999999999,0.014108763525497715,14387.02,377083.07999999996
2025-06-15,store,S002,Lahore,Punjab,mall,2,5,28206.17,901.937091,27303.81,13651.905,0.03197658849109965,0.0,27303.81
2025-06-15,store,S003,Islamabad,ICT,mall,1,4,21318.53,0.0,21318.53,21318.53,0.0,0.0,21318.53
2025-06-15,store,S004,Karachi,Sindh,flagship,1,3,18216.879999999997,885.1866519999999,17332.04,17332.04,0.04859156189204738,0.0,17332.04
2025-06-15,store,S005,Lahore,Punjab,high_street,7,14,102311.31,5907.061321,96404.41,13772.058571428572,0.05773615176073887,0.0,96404.41
2025-06-15,store,S006,Islamabad,ICT,mall,3,6,237961.28,13337.517967,224614.21,74871.40333333334,0.05604911003588483,0.0,224614.21
2025-06-16,online,ONLINE,,,,8,29,711362.62,46019.297832,665360.85,83170.10625,0.06469175711256799,5895.78,659465.07
2025-06-16,store,S001,Karachi,Sindh,flagship,7,22,330857.17,2788.195665,328063.07,46866.15285714286,0.008427188278857613,0.0,328063.07
2025-06-16,store,S002,Lahore,Punjab,mall,2,6,290056.32,12329.923031000002,277714.6,138857.3,0.042508720482284275,0.0,277714.6
2025-06-16,store,S003,Islamabad,ICT,mall,5,15,617593.3200000001,3751.232401,613845.86,122769.17199999999,0.006073952355896595,0.0,613845.86
2025-06-16,store,S004,Karachi,Sindh,flagship,6,13,320276.68,51305.96870500001,268961.79000000004,44826.965000000004,0.16019264563689123,22113.88,246847.91000000003
2025-06-16,store,S005,Lahore,Punjab,high_street,3,8,39725.659999999996,3400.13733,36325.05,12108.35,0.08559045538828053,0.0,36325.05
2025-06-16,store,S006,Islamabad,ICT,mall,1,3,30693.559999999998,2.465246,30691.129999999997,30691.129999999997,8.031802110931414e-05,0.0,30691.129999999997
2025-06-17,online,ONLINE,,,,8,23,729472.49,6772.485637,722696.79,90337.09875,0.009284086418392557,231372.18,491324.61000000004
2025-06-17,store,S001,Karachi,Sindh,flagship,4,11,137441.93,505.18291800000003,136936.78999999998,34234.197499999995,0.0036756098957574303,0.0,136936.78999999998
2025-06-17,store,S002,Lahore,Punjab,mall,3,9,299763.0,8504.485102,291262.12,97087.37333333334,0.02837069652358697,102976.67,188285.45
2025-06-17,store,S004,Karachi,Sindh,flagship,2,4,41928.55,6562.635971,35366.61,17683.305,0.1565195068992369,0.0,35366.61
2025-06-17,store,S005,Lahore,Punjab,high_street,3,9,521331.39,20586.66628,500742.62,166914.20666666667,0.03948863750559889,223467.63,277274.99
2025-06-17,store,S006,Islamabad,ICT,mall,4,13,409447.09,35607.585237,373845.72,93461.43,0.08696504653873592,0.0,373845.72
2025-06-18,online,ONLINE,,,,8,22,1208498.4,35559.986398,1172946.65,146618.33125,0.029424934611415293,16266.0,1156680.65
2025-06-18,store,S001,Karachi,Sindh,flagship,5,11,811492.86,37774.82958800001,773717.72,154743.544,0.04654979908017923,0.0,773717.72
2025-06-18,store,S002,Lahore,Punjab,mall,2,5,278703.65,1400.8415310000003,277302.47,138651.235,0.005026276229249241,0.0,277302.47
2025-06-18,store,S003,Islamabad,ICT,mall,1,1,2484.01,0.0,2484.01,2484.01,0.0,0.0,2484.01
2025-06-18,store,S004,Karachi,Sindh,flagship,1,5,58930.53,7743.093108000001,51188.61,51188.61,0.13139357660621753,0.0,51188.61
2025-06-18,store,S005,Lahore,Punjab,high_street,5,6,50427.560000000005,2962.7605080000003,47464.74,9492.948,0.058752803189367084,8241.48,39223.259999999995
2025-06-18,store,S006,Islamabad,ICT,mall,5,13,307061.68,7062.063688,300008.65,60001.73,0.0229988440368072,0.0,300008.65
2025-06-19,online,ONLINE,,,,10,21,197070.3,5953.840689000001,191116.0,19111.6,0.030211760417475392,4238.64,186877.36
2025-06-19,store,S001,Karachi,Sindh,flagship,4,9,74262.01000000001,1950.477394,72311.43,18077.8575,0.026264807456733257,1847.44,70463.98999999999
2025-06-19,store,S002,Lahore,Punjab,mall,2,5,29734.03,161.83790999999997,29572.96,14786.48,0.0054428515071788105,0.0,29572.96
2025-06-19,store,S003,Islamabad,ICT,mall,3,6,118866.85999999999,1383.795095,117480.85,39160.28333333333,0.011641555055799405,0.0,117480.85
2025-06-19,store,S004,Karachi,Sindh,flagship,7,18,377164.42,25627.937998,351538.27,50219.75285714286,0.06794898097227729,0.0,351538.27
2025-06-19,store,S005,Lahore,Punjab,high_street,2,5,123304.31,4817.997259,118484.03,59242.015,0.039074037712063754,2033.87,116450.16
2025-06-19,store,S006,Islamabad,ICT,mall,5,12,213621.29,18384.798217,195241.28999999998,39048.257999999994,0.08606257464787334,0.0,195241.28999999998
2025-06-20,online,ONLINE,,,,8,20,650541.62,25731.289668,624810.17,78101.27125,0.03955364096151143,181957.25,442852.92000000004
2025-06-20,store,S001,Karachi,Sindh,flagship,3,9,285036.13,22534.098466000003,262512.7,87504.23333333334,0.0790569899542209,0.0,262512.7
2025-06-20,store,S002,Lahore,Punjab,mall,1,2,3885.41,0.0,3885.41,3885.41,0.0,0.0,3885.41
2025-06-20,store,S003,Islamabad,ICT,mall,3,9,68751.7,548.259834,68203.31,22734.436666666665,0.007974491307124042,0.0,68203.31
2025-06-20,store,S004,Karachi,Sindh,flagship,5,10,362777.87,80611.847028,282166.68,56433.335999999996,0.22220717881165133,0.0,282166.68
2025-06-20,store,S005,Lahore,Punjab,high_street,4,8,114212.12,7354.559586,106858.90999999999,26714.727499999997,0.06439386280545357,0.0,106858.90999999999
2025-06-20,store,S006,Islamabad,ICT,mall,2,3,15116.51,303.480066,14813.06,7406.53,0.020076066896393414,0.0,14813.06
2025-06-21,online,ONLINE,,,,12,35,681453.39,16375.620635000001,665089.62,55424.135,0.02403043388631466,2110.54,662979.08
2025-06-21,store,S001,Karachi,Sindh,flagship,6,22,380679.89,11317.201187,369359.48,61559.91333333333,0.029728917876381652,56970.29,312389.19
2025-06-21,store,S002,Lahore,Punjab,mall,1,8,64855.05,0.0,64855.04,64855.04,0.0,0.0,64855.04
2025-06-21,store,S003,Islamabad,ICT,mall,2,6,237733.03,3039.985019,234684.3,117342.15,0.01278739020404527,0.0,234684.3
2025-06-21,store,S004,Karachi,Sindh,flagship,4,12,132352.26,16318.016045,116036.56999999999,29009.142499999998,0.12329231132887342,20896.14,95140.43
2025-06-21,store,S005,Lahore,Punjab,high_street,5,16,529929.77,44926.749823,485017.93,97003.586,0.08477868647198288,42206.159999999996,442811.77
2025-06-21,store,S006,Islamabad,ICT,mall,1,1,2386.79,0.0,2386.79,2386.79,0.0,0.0,2386.79
2025-06-22,online,ONLINE,,,,10,30,656642.17,21655.595035000002,634990.74,63499.074,0.03297929378340109,0.0,634990.74
2025-06-22,store,S001,Karachi,Sindh,flagship,4,9,196514.72,22234.975377000002,174274.72,43568.68,0.11314661505764048,0.0,174274.72
2025-06-22,store,S002,Lahore,Punjab,mall,1,3,19866.93,0.0,19866.93,19866.93,0.0,0.0,19866.93
2025-06-22,store,S003,Islamabad,ICT,mall,3,11,152040.7,1574.4371930000002,150464.33,50154.776666666665,0.010355366641958371,0.0,150464.33
2025-06-22,store,S004,Karachi,Sindh,flagship,3,12,427203.03,59575.961299,367617.46,122539.15333333334,0.1394558491286918,12581.23,355036.23000000004
2025-06-22,store,S005,Lahore,Punjab,high_street,3,6,264888.29000000004,5638.091836999999,259256.30000000002,86418.76666666668,0.021284790796150324,1916.87,257339.43000000002
2025-06-22,store,S006,Islamabad,ICT,mall,5,16,152315.14,2774.9191480000004,149538.96,29907.791999999998,0.018218275267974017,0.0,149538.96
2025-06-23,online,ONLINE,,,,10,27,367637.99000000005,13791.869561,353843.48,35384.348,0.03751481059125581,0.0,353843.48
2025-06-23,store,S001,Karachi,Sindh,flagship,5,16,710856.35,8534.022164,702335.59,140467.118,0.012005269649768198,0.0,702335.59
2025-06-23,store,S002,Lahore,Punjab,mall,3,7,102071.61,9881.722523,92189.34,30729.78,0.09681166509473105,0.0,92189.34
2025-06-23,store,S003,Islamabad,ICT,mall,1,3,19250.019999999997,1203.695737,18046.79,18046.79,0.06252958370952343,0.0,18046.79
2025-06-23,store,S004,Karachi,Sindh,flagship,3,6,461489.53,58855.748314000004,402642.11,134214.03666666665,0.12753430898854845,0.0,402642.11
2025-06-23,store,S005,Lahore,Punjab,high_street,7,21,592145.7,34847.552085,557280.8,79611.54285714286,0.05884962448431189,1835.6,555445.2000000001
2025-06-23,store,S006,Islamabad,ICT,mall,2,3,41075.47,1593.7003869999999,39481.11,19740.555,0.038799322004106095,0.0,39481.11
2025-06-24,online,ONLINE,,,,14,32,865114.43,28745.646015,836367.1,59740.50714285714,0.033227565069051036,0.0,836367.1
2025-06-24,store,S001,Karachi,Sindh,flagship,2,3,275139.33999999997,85.16522499999999,275053.94999999995,137526.97499999998,0.0003095348887585469,0.0,275053.94999999995
2025-06-24,store,S002,Lahore,Punjab,mall,6,15,246174.45,20713.162268,225461.99,37576.99833333333,0.08414017891783651,5370.96,220091.03
2025-06-24,store,S003,Islamabad,ICT,mall,2,6,65270.96,10.686,65261.52,32630.76,0.00016371752460818718,0.0,65261.52
2025-06-24,store,S004,Karachi,Sindh,flagship,2,3,45647.54,5468.402443,40179.46,20089.73,0.11979621339945154,0.0,40179.46
2025-06-24,store,S006,Islamabad,ICT,mall,4,8,293215.17,6283.728488,286932.27999999997,71733.06999999999,0.02143043447581515,0.0,286932.27999999997
2025-06-25,online,ONLINE,,,,15,34,1316400.47,28922.462578,1287476.13,85831.742,0.021970869227963735,45018.329999999994,1242457.7999999998
2025-06-25,store,S001,Karachi,Sindh,flagship,3,8,51524.340000000004,507.775035,51015.81,17005.27,0.009855051709541549,17640.9,33374.909999999996
2025-06-25,store,S002,Lahore,Punjab,mall,1,2,8870.970000000001,589.8395370000001,8280.869999999999,8280.869999999999,0.06649098542774916,0.0,8280.869999999999
2025-06-25,store,S003,Islamabad,ICT,mall,3,9,596170.74,32201.241205000002,563973.22,187991.07333333333,0.05401345461033529,6351.96,557621.26
2025-06-25,store,S004,Karachi,Sindh,flagship,3,5,325786.23,41860.665027999996,283927.07,94642.35666666667,0.1284912042722002,13704.27,270222.8
2025-06-25,store,S005,Lahore,Punjab,high_street,3,10,560403.14,19447.111450999997,540947.7,180315.9,0.034702003009833234,11123.25,529824.45
2025-06-26,online,ONLINE,,,,8,21,969708.6499999999,25772.126258,943930.2,117991.275,0.026577185073062927,0.0,943930.2
2025-06-26,store,S001,Karachi,Sindh,flagship,4,14,318653.88,3282.776049,315370.92,78842.73,0.010302011853739235,0.0,315370.92
2025-06-26,store,S002,Lahore,Punjab,mall,5,17,335972.48,1705.925584,334260.47000000003,66852.09400000001,0.005077575353790883,0.0,334260.47000000003
2025-06-26,store,S003,Islamabad,ICT,mall,1,1,4628.69,0.0,4628.69,4628.69,0.0,0.0,4628.69
2025-06-26,store,S004,Karachi,Sindh,flagship,4,12,283266.38,35467.014331,247800.78000000003,61950.19500000001,0.12520728485674862,159253.84,88546.94000000003
2025-06-26,store,S005,Lahore,Punjab,high_street,2,4,18170.13,530.165256,17640.03,8820.015,0.0291778460583386,0.0,17640.03
2025-06-26,store,S006,Islamabad,ICT,mall,4,19,255879.26,3009.4752169999997,252871.23,63217.8075,0.01176130967785353,0.0,252871.23
2025-06-27,online,ONLINE,,,,10,29,1192558.47,41693.197731,1150871.3900000001,115087.13900000001,0.03496113505528999,41459.97,1109411.4200000002
2025-06-27,store,S001,Karachi,Sindh,flagship,1,5,37768.7,0.0,37768.7,37768.7,0.0,0.0,37768.7
2025-06-27,store,S002,Lahore,Punjab,mall,6,21,240763.25,19126.01793,221637.9,36939.65,0.07943910846028204,0.0,221637.9
2025-06-27,store,S003,Islamabad,ICT,mall,4,11,465123.4,3151.7264779999996,461980.31,115495.0775,0.006776108185483679,0.0,461980.31
2025-06-27,store,S004,Karachi,Sindh,flagship,13,45,623059.65,84831.79029,538228.46,41402.189230769225,0.13615356136446968,5516.55,532711.9099999999
2025-06-27,store,S005,Lahore,Punjab,high_street,2,5,70041.37,5964.927372,64078.770000000004,32039.385000000002,0.08516291688754804,38899.38,25179.390000000007
2025-06-27,store,S006,Islamabad,ICT,mall,6,16,1216579.02,31210.303477,1185355.67,197559.27833333332,0.02565415231063248,0.0,1185355.67
2025-06-28,online,ONLINE,,,,12,29,893628.94,16561.209733,877060.14,73088.345,0.018532535140368216,0.0,877060.14
2025-06-28,store,S001,Karachi,Sindh,flagship,5,13,111153.7,3230.432894,107923.45,21584.69,0.029062756291513465,0.0,107923.45
2025-06-28,store,S002,Lahore,Punjab,mall,1,5,60373.36,0.0,60373.36,60373.36,0.0,0.0,60373.36
2025-06-28,store,S003,Islamabad,ICT,mall,4,12,715547.4,17742.145792,697806.19,174451.5475,0.02479520684723332,18981.81,678824.3799999999
2025-06-28,store,S004,Karachi,Sindh,flagship,4,16,496516.88,56239.030251,440278.02999999997,110069.50749999999,0.11326710634893218,0.0,440278.02999999997
2025-06-28,store,S005,Lahore,Punjab,high_street,3,8,79195.91,15088.807193999999,64109.64,21369.88,0.19052508133311427,0.0,64109.64
2025-06-29,online,ONLINE,,,,7,20,263961.44,3895.134349,260066.84,37152.40571428571,0.01475645211285406,47322.26,212744.58
2025-06-29,store,S001,Karachi,Sindh,flagship,5,14,83988.97,2581.1679900000004,81406.6,16281.320000000002,0.030732225791077095,12909.73,68496.87000000001
2025-06-29,store,S002,Lahore,Punjab,mall,2,7,266637.1,4419.268622,262209.79,131104.895,0.016574094985281493,0.0,262209.79
2025-06-29,store,S003,Islamabad,ICT,mall,6,20,205670.94,1427.414648,204242.57,34040.42833333334,0.006940283581141798,3492.34,200750.23
2025-06-29,store,S004,Karachi,Sindh,flagship,7,20,118329.53,17088.526587,101240.34,14462.905714285715,0.14441472544511924,0.0,101240.34
2025-06-29,store,S005,Lahore,Punjab,high_street,6,20,877827.59,65012.673817,812806.16,135467.69333333333,0.07406086862341614,0.0,812806.16
2025-06-29,store,S006,Islamabad,ICT,mall,4,14,593126.73,6280.484248,586864.21,146716.0525,0.010588772905244044,0.0,586864.21
2025-06-30,online,ONLINE,,,,5,15,505357.73,18984.477826,486356.51,97271.302,0.037566414242837444,2122.1,484234.41000000003
2025-06-30,store,S001,Karachi,Sindh,flagship,5,10,430943.01999999996,13137.485707,417801.7,83560.34,0.030485435654579115,1174.06,416627.64
2025-06-30,store,S002,Lahore,Punjab,mall,2,4,39130.659999999996,663.308529,38466.630000000005,19233.315000000002,0.016951120400218143,0.0,38466.630000000005
2025-06-30,store,S003,Islamabad,ICT,mall,2,5,66069.37,2160.837982,63906.86,31953.43,0.03270559386293528,0.0,63906.86
2025-06-30,store,S004,Karachi,Sindh,flagship,3,8,66393.52,9728.989648,56664.12,18888.04,0.1465352288596839,0.0,56664.12
2025-06-30,store,S005,Lahore,Punjab,high_street,5,17,561301.31,37528.785621,523774.17000000004,104754.834,0.06686032074466386,3954.23,519819.94000000006
2025-06-30,store,S006,Islamabad,ICT,mall,2,6,32490.17,111.87204399999999,32378.27,16189.135,0.0034432581916314996,0.0,32378.27
2025-07-01,online,ONLINE,,,,12,30,1194973.17,56678.601288000005,1138294.6500000001,94857.88750000001,0.047430856784843135,0.0,1138294.6500000001
2025-07-01,store,S001,Karachi,Sindh,flagship,2,3,187574.7,2322.279975,185253.31,92626.655,0.012380560784583421,0.0,185253.31
2025-07-01,store,S002,Lahore,Punjab,mall,2,4,14056.550000000001,1063.499098,12993.43,6496.715,0.07565861452490119,4228.18,8765.25
2025-07-01,store,S003,Islamabad,ICT,mall,2,4,271683.98,15928.92521,255748.15,127874.075,0.05863034401218652,2885.49,252862.66
2025-07-01,store,S004,Karachi,Sindh,flagship,4,9,475416.12,31104.048446,444314.94,111078.735,0.06542489229435468,0.0,444314.94
2025-07-01,store,S005,Lahore,Punjab,high_street,4,5,11852.14,635.846299,11216.52,2804.13,0.05364822715560229,1696.46,9520.060000000001
2025-07-01,store,S006,Islamabad,ICT,mall,1,2,12063.130000000001,16.931607,12046.220000000001,12046.220000000001,0.001403583232544124,0.0,12046.220000000001
2025-07-02,online,ONLINE,,,,11,29,285134.84,10797.223221,274339.24,24939.93090909091,0.03786707797966744,3433.62,270905.62
2025-07-02,store,S001,Karachi,Sindh,flagship,2,5,138449.62,1834.8823790000001,136612.1,68306.05,0.013253069087513567,0.0,136612.1
2025-07-02,store,S002,Lahore,Punjab,mall,1,2,6301.02,372.647501,5928.349999999999,5928.349999999999,0.059140821803454036,0.0,5928.349999999999
2025-07-02,store,S003,Islamabad,ICT,mall,4,10,110732.93000000001,2923.834637,107809.4,26952.35,0.02640438248134498,3880.48,103928.92
2025-07-02,store,S004,Karachi,Sindh,flagship,4,18,440362.64,59840.08989999999,380512.06999999995,95128.01749999999,0.135888207728067,0.0,380512.06999999995
2025-07-02,store,S005,Lahore,Punjab,high_street,2,6,34060.04,1962.3614879999998,32098.440000000002,16049.220000000001,0.057614773441252556,0.0,32098.440000000002
2025-07-02,store,S006,Islamabad,ICT,mall,6,11,99563.77,10296.818032,89266.65,14877.775,0.10341932644776307,0.0,89266.65
2025-07-03,online,ONLINE,,,,12,38,1012130.4299999999,31670.835225,980466.6,81705.55,0.03129125880050855,11246.880000000001,969219.72
2025-07-03,store,S001,Karachi,Sindh,flagship,3,17,382601.16000000003,14546.024042000001,368051.18,122683.72666666667,0.03801876617938116,0.0,368051.18
2025-07-03,store,S002,Lahore,Punjab,mall,2,3,239691.53,1161.817908,238536.24000000002,119268.12000000001,0.00484713793599632,0.0,238536.24000000002
2025-07-03,store,S003,Islamabad,ICT,mall,2,7,365338.29,2930.865796,362408.38,181204.19,0.008022334029099442,4208.21,358200.17
2025-07-03,store,S004,Karachi,Sindh,flagship,3,10,425115.23,53876.802902,371251.73,123750.57666666666,0.12673458653080955,0.0,371251.73
2025-07-03,store,S005,Lahore,Punjab,high_street,1,2,18303.64,323.727396,17979.78,17979.78,0.017686503668122844,0.0,17979.78
2025-07-03,store,S006,Islamabad,ICT,mall,7,11,282469.60000000003,3905.9125840000006,278564.7,39794.95714285714,0.013827727245692988,0.0,278564.7
2025-07-04,online,ONLINE,,,,6,23,282127.92,12968.543244,269157.53,44859.58833333334,0.04596689063599236,0.0,269157.53
2025-07-04,store,S001,Karachi,Sindh,flagship,3,8,103768.4,639.10565,103129.46999999999,34376.49,0.0061589621696007645,0.0,103129.46999999999
2025-07-04,store,S002,Lahore,Punjab,mall,4,10,371840.9,733.442527,371107.31,92776.8275,0.0019724632954578156,0.0,371107.31
2025-07-04,store,S003,Islamabad,ICT,mall,4,14,410098.1,12467.823092,397619.04000000004,99404.76000000001,0.03040205036794855,0.0,397619.04000000004
2025-07-04,store,S004,Karachi,Sindh,flagship,3,12,329871.47,24435.941358999997,305439.02999999997,101813.01,0.07407715907956514,169997.28999999998,135441.74
2025-07-04,store,S005,Lahore,Punjab,high_street,3,6,39792.52,2774.064851,37019.8,12339.933333333334,0.06971322376667777,0.0,37019.8
2025-07-04,store,S006,Islamabad,ICT,mall,5,13,162319.63,1828.62627,160491.92,32098.384000000002,0.011265589195835401,0.0,160491.92
2025-07-05,online,ONLINE,,,,5,16,674939.62,14546.657088,660377.5,132075.5,0.021552531007144018,0.0,660377.5
2025-07-05,store,S001,Karachi,Sindh,flagship,3,11,245484.44,13457.897015999999,232024.26,77341.42,0.05482179243621306,0.0,232024.26
2025-07-05,store,S002,Lahore,Punjab,mall,4,11,341953.48,12624.454611000001,329328.05,82332.0125,0.03691863177119883,0.0,329328.05
2025-07-05,store,S003,Islamabad,ICT,mall,3,7,23204.539999999997,406.240262,22798.34,7599.446666666667,0.01750693019555656,0.0,22798.34
2025-07-05,store,S004,Karachi,Sindh,flagship,1,3,257277.09000000003,8943.010677,248344.09,248344.09,0.0347602294358973,0.0,248344.09
2025-07-05,store,S005,Lahore,Punjab,high_street,2,5,37931.34,3871.608429,34061.11,17030.555,0.10206885464631622,0.0,34061.11
2025-07-05,store,S006,Islamabad,ICT,mall,3,10,59398.96,4866.287567,54533.43,18177.81,0.08192546749976767,0.0,54533.43
2025-07-06,online,ONLINE,,,,7,12,349168.0,5401.992214,343768.68,49109.811428571425,0.01547104034161206,31337.05,312431.63
2025-07-06,store,S001,Karachi,Sindh,flagship,1,2,232044.31,2361.434115,229693.67,229693.67,0.010176651670536545,0.0,229693.67
2025-07-06,store,S002,Lahore,Punjab,mall,2,10,193325.53,7359.272749,185964.94,92982.47,0.03806674032653628,0.0,185964.94
2025-07-06,store,S003,Islamabad,ICT,mall,2,4,36496.06,189.81516,36305.83,18152.915,0.005200976762971126,0.0,36305.83
2025-07-06,store,S004,Karachi,Sindh,flagship,4,9,90351.04000000001,16263.177423,74087.78,18521.945,0.17999989178873865,0.0,74087.78
2025-07-06,store,S005,Lahore,Punjab,high_street,4,11,102974.59,4637.995394,98337.63,24584.4075,0.04504019286699758,44674.68,53662.950000000004
2025-07-06,store,S006,Islamabad,ICT,mall,5,11,323819.29,28532.141807000004,295283.91000000003,59056.78200000001,0.08811130988212594,10990.94,284292.97000000003
2025-07-07,online,ONLINE,,,,13,35,499032.5,21581.314713,477458.55,36727.58076923077,0.043246311037858254,3454.08,474004.47
2025-07-07,store,S001,Karachi,Sindh,flagship,1,3,67598.81,0.0,67598.81,67598.81,0.0,0.0,67598.81
2025-07-07,store,S002,Lahore,Punjab,mall,3,11,235741.5,4244.183641,231498.83000000002,77166.27666666667,0.01800354897631516,3635.36,227863.47000000003
2025-07-07,store,S003,Islamabad,ICT,mall,3,11,101978.26999999999,1123.95656,100855.41,33618.47,0.01102152997888668,8244.41,92611.0
2025-07-07,store,S004,Karachi,Sindh,flagship,5,13,212301.06,23156.206748,189141.53,37828.306,0.10907249708503576,8818.37,180323.16
2025-07-07,store,S005,Lahore,Punjab,high_street,5,17,488642.78,10182.371121,478462.69,95692.538,0.020838067270737122,3119.14,475343.55
2025-07-07,store,S006,Islamabad,ICT,mall,2,4,43469.55,246.906066,43222.48,21611.24,0.005679977501492424,0.0,43222.48
2025-07-08,online,ONLINE,,,,9,26,604308.95,17751.315945,586562.46,65173.60666666666,0.029374570648010426,243542.4,343020.05999999994
2025-07-08,store,S001,Karachi,Sindh,flagship,3,3,13018.800000000001,285.456145,12733.08,4244.36,0.021926455971364486,0.0,12733.08
2025-07-08,store,S002,Lahore,Punjab,mall,4,7,41710.75,602.491378,41108.12,10277.03,0.01444451077959519,4278.54,36829.58
2025-07-08,store,S003,Islamabad,ICT,mall,3,5,278265.39,2975.0803939999996,275285.78,91761.92666666668,0.010691521478829975,0.0,275285.78
2025-07-08,store,S004,Karachi,Sindh,flagship,3,7,427509.62,63988.742572,363531.32,121177.10666666667,0.1496779009838422,0.0,363531.32
2025-07-08,store,S005,Lahore,Punjab,high_street,4,16,781047.52,34396.372180000006,746637.43,186659.3575,0.04403877011222058,0.0,746637.43
2025-07-08,store,S006,Islamabad,ICT,mall,3,9,447364.0,45903.363063,401458.5,133819.5,0.10260853144866372,0.0,401458.5
2025-07-09,online,ONLINE,,,,13,30,591474.91,12816.438929,578667.65,44512.89615384616,0.02166860962707615,0.0,578667.65
2025-07-09,store,S001,Karachi,Sindh,flagship,4,9,60932.58,1483.731134,59448.409999999996,14862.102499999999,0.024350374364584596,13837.05,45611.36
2025-07-09,store,S002,Lahore,Punjab,mall,2,6,278300.68,0.0,278300.67000000004,139150.33500000002,0.0,0.0,278300.67000000004
2025-07-09,store,S003,Islamabad,ICT,mall,2,7,186825.37,1640.4533239999998,185186.44,92593.22,0.008780677506486404,0.0,185186.44
2025-07-09,store,S004,Karachi,Sindh,flagship,4,8,125088.63,10565.59184,114524.94,28631.235,0.08446484576575823,5117.02,109407.92
2025-07-09,store,S005,Lahore,Punjab,high_street,4,16,381862.25,32937.305132,348921.65,87230.4125,0.08625441538670031,0.0,348921.65
2025-07-09,store,S006,Islamabad,ICT,mall,7,20,422896.27999999997,26866.047282,396032.61,56576.08714285714,0.06352869143705875,4016.88,392015.73
2025-07-10,online,ONLINE,,,,6,20,712402.48,18386.772299,694007.57,115667.92833333333,0.025809528763852705,0.0,694007.57
2025-07-10,store,S002,Lahore,Punjab,mall,2,3,10996.86,33.751811000000004,10963.09,5481.545,0.0030692225780813796,10598.84,364.25
2025-07-10,store,S003,Islamabad,ICT,mall,2,5,38064.39,363.493488,37699.86,18849.93,0.009549436835845786,0.0,37699.86
2025-07-10,store,S004,Karachi,Sindh,flagship,5,14,172495.63,20694.274160999998,151804.23,30360.846,0.11996984596653258,12773.72,139030.51
2025-07-10,store,S005,Lahore,Punjab,high_street,2,5,20911.16,1871.165744,19039.46,9519.73,0.08948168078671867,0.0,19039.46
2025-07-10,store,S006,Islamabad,ICT,mall,3,9,40064.3,2164.369613,37899.520000000004,12633.173333333334,0.05402239931809615,0.0,37899.520000000004
2025-07-11,online,ONLINE,,,,13,35,1594854.03,87473.338903,1507391.23,115953.17153846154,0.05484723821590117,237191.86,1270199.37
2025-07-11,store,S001,Karachi,Sindh,flagship,5,16,128803.5,3801.295596,125001.97,25000.394,0.029512362598842424,22706.769999999997,102295.20000000001
2025-07-11,store,S002,Lahore,Punjab,mall,2,4,124736.73,7854.848178,116885.51000000001,58442.755000000005,0.06297141329582714,0.0,116885.51000000001
2025-07-11,store,S003,Islamabad,ICT,mall,2,6,49803.55,172.159124,49631.34,24815.67,0.003456764106173154,0.0,49631.34
2025-07-11,store,S004,Karachi,Sindh,flagship,7,22,757413.35,63876.883939,693544.4099999999,99077.77285714285,0.0843355664895529,0.0,693544.4099999999
2025-07-11,store,S005,Lahore,Punjab,high_street,6,16,791166.1900000001,24126.324226,767032.4299999999,127838.73833333333,0.0304946350475366,0.0,767032.4299999999
2025-07-11,store,S006,Islamabad,ICT,mall,4,11,385700.2,19082.943199,366626.1,91656.525,0.04947610397661189,0.0,366626.1
2025-07-12,online,ONLINE,,,,11,22,205355.39,7367.044103,197991.83,17999.25727272727,0.0358746079321317,0.0,197991.83
2025-07-12,store,S001,Karachi,Sindh,flagship,5,14,549012.46,37244.436814,511775.37,102355.074,0.06783896455464782,0.0,511775.37
2025-07-12,store,S003,Islamabad,ICT,mall,2,6,238187.34,17994.251060000002,220189.98,110094.99,0.07554663089986229,0.0,220189.98
2025-07-12,store,S004,Karachi,Sindh,flagship,6,14,116930.87,10011.552471,106919.26000000001,17819.876666666667,0.08561941317121818,0.0,106919.26000000001
2025-07-12,store,S005,Lahore,Punjab,high_street,5,17,329375.33,32709.754652000003,296659.26,59331.852,0.0993084535262553,5079.99,291579.27
2025-07-12,store,S006,Islamabad,ICT,mall,3,7,77113.81,9203.229483000001,67912.56,22637.52,0.1193460611400215,0.0,67912.56
2025-07-13,online,ONLINE,,,,9,33,1754467.17,61224.588026,1693273.56,188141.50666666668,0.03489639992864614,106950.70999999999,1586322.85
2025-07-13,store,S001,Karachi,Sindh,flagship,5,10,113902.90999999999,851.252381,113051.09,22610.218,0.0074734910723527614,0.0,113051.09
2025-07-13,store,S002,Lahore,Punjab,mall,2,5,15738.69,178.584991,15560.11,7780.055,0.011346877726163994,0.0,15560.11
2025-07-13,store,S004,Karachi,Sindh,flagship,6,16,364493.08,65245.852787,299241.14999999997,49873.524999999994,0.17900436624750188,0.0,299241.14999999997
2025-07-13,store,S005,Lahore,Punjab,high_street,7,23,979098.87,63343.274156,915756.74,130822.39142857143,0.06469548285353449,1965.81,913790.9299999999
2025-07-13,store,S006,Islamabad,ICT,mall,6,18,520655.14999999997,22532.581465000003,498127.02,83021.17,0.04327736211770882,0.0,498127.02
2025-07-14,online,ONLINE,,,,12,23,747596.97,17470.341508,730112.65,60842.72083333333,0.02336866280771577,252241.12,477871.53
2025-07-14,store,S001,Karachi,Sindh,flagship,4,8,660242.69,7869.288451999999,652378.29,163094.5725,0.011918781640732743,4422.5,647955.79
2025-07-14,store,S002,Lahore,Punjab,mall,1,2,16862.809999999998,63.18328799999999,16799.59,16799.59,0.003746901495065176,0.0,16799.59
2025-07-14,store,S003,Islamabad,ICT,mall,4,13,479657.55,49.18497,479594.12,119898.53,0.00010254184469732625,0.0,479594.12
2025-07-14,store,S004,Karachi,Sindh,flagship,3,6,471729.48,88046.240031,383664.76,127888.25333333334,0.1866456173801137,5717.79,377946.97000000003
2025-07-14,store,S005,Lahore,Punjab,high_street,5,14,172114.23,11073.593384,161041.15,32208.23,0.0643386278054987,0.0,161041.15
2025-07-14,store,S006,Islamabad,ICT,mall,6,17,961992.7,55820.63954800001,906172.68,151028.78,0.05802605315819965,234669.30000000002,671503.38
2025-07-15,online,ONLINE,,,,6,22,967728.32,12984.082099,954730.06,159121.67666666667,0.013417073604914238,0.0,954730.06
2025-07-15,store,S001,Karachi,Sindh,flagship,5,10,266026.81,177.071037,265849.53,53169.906,0.00066561350339088,4569.719999999999,261279.81000000003
2025-07-15,store,S002,Lahore,Punjab,mall,1,2,225611.76,19452.390496,206153.34000000003,206153.34000000003,0.08622064069709841,0.0,206153.34000000003
2025-07-15,store,S004,Karachi,Sindh,flagship,4,9,80895.35,6968.149219999999,73927.56,18481.89,0.08613782151878939,0.0,73927.56
2025-07-15,store,S005,Lahore,Punjab,high_street,9,23,1074452.53,93236.21389600002,981200.72,109022.30222222222,0.08677555433370333,3994.82,977205.9
2025-07-15,store,S006,Islamabad,ICT,mall,4,14,226910.58000000002,10011.291204000001,216902.81,54225.7025,0.044119984198180626,0.0,216902.81
2025-07-16,online,ONLINE,,,,15,47,524599.25,16617.779782999998,507982.14,33865.476,0.03167709405417564,0.0,507982.14
2025-07-16,store,S001,Karachi,Sindh,flagship,2,6,148913.84999999998,1422.338004,147495.3,73747.65,0.009551415157152946,0.0,147495.3
2025-07-16,store,S002,Lahore,Punjab,mall,4,10,123069.91,4924.957055,118146.63,29536.6575,0.04001755632225618,0.0,118146.63
2025-07-16,store,S004,Karachi,Sindh,flagship,5,12,73636.72,9275.731511,64362.51,12872.502,0.12596611460966756,1173.65,63188.86
2025-07-16,store,S005,Lahore,Punjab,high_street,4,7,71630.53,19497.942258,52132.79,13033.1975,0.2722015634674209,0.0,52132.79
2025-07-16,store,S006,Islamabad,ICT,mall,2,10,76304.91,235.835905,76069.16,38034.58,0.0030907041892848045,21907.05,54162.11
2025-07-17,online,ONLINE,,,,11,26,455929.0,10564.473311,445367.28,40487.93454545455,0.023171312443384825,6386.650000000001,438980.63
2025-07-17,store,S001,Karachi,Sindh,flagship,6,17,511438.62,3079.0101,508359.23,84726.53833333333,0.006020292523079309,0.0,508359.23
2025-07-17,store,S002,Lahore,Punjab,mall,4,22,426051.39,17149.473402,408899.26999999996,102224.81749999999,0.04025212405010578,0.0,408899.26999999996
2025-07-17,store,S003,Islamabad,ICT,mall,2,7,29343.6,667.016621,28675.78,14337.89,0.022731247052168106,2651.06,26024.719999999998
2025-07-17,store,S004,Karachi,Sindh,flagship,4,9,324321.64,46037.075853,278289.11,69572.2775,0.14194882540986165,19455.08,258834.02999999997
2025-07-17,store,S005,Lahore,Punjab,high_street,5,16,296259.64,28379.453893,267881.26,53576.252,0.09579250785898477,0.0,267881.26
2025-07-17,store,S006,Islamabad,ICT,mall,1,2,5645.54,120.23713,5525.38,5525.38,0.02129771997010029,0.0,5525.38
2025-07-18,online,ONLINE,,,,15,31,593743.52,16022.243113,577731.71,38515.44733333333,0.026985125013238038,20470.589999999997,557261.12
2025-07-18,store,S001,Karachi,Sindh,flagship,5,13,186297.92,5599.7120270000005,180699.08000000002,36139.816000000006,0.030057834392353926,7527.3,173171.78000000003
2025-07-18,store,S002,Lahore,Punjab,mall,3,7,298286.22,1489.739813,296799.67,98933.22333333333,0.004994329986145522,0.0,296799.67
2025-07-18,store,S003,Islamabad,ICT,mall,5,13,776952.7000000001,11879.355984000002,765082.33,153016.466,0.015289677201713824,3695.14,761387.19
2025-07-18,store,S004,Karachi,Sindh,flagship,6,14,409284.07,46486.681108000004,362793.48,60465.579999999994,0.11358047995369085,3697.36,359096.12
2025-07-18,store,S005,Lahore,Punjab,high_street,5,15,496987.61,32263.542283,464744.26,92948.852,0.06491820245377948,0.0,464744.26
2025-07-18,store,S006,Islamabad,ICT,mall,4,10,333551.73,7181.721044000001,326377.14,81594.285,0.02153105619928879,0.0,326377.14
2025-07-19,online,ONLINE,,,,6,20,486686.98000000004,23274.876707,463413.02,77235.50333333334,0.04782309300117295,0.0,463413.02
2025-07-19,store,S001,Karachi,Sindh,flagship,3,9,189430.46,4098.79152,185329.87999999998,61776.626666666656,0.021637446902678693,0.0,185329.87999999998
2025-07-19,store,S002,Lahore,Punjab,mall,2,3,14081.53,0.0,14081.53,7040.765,0.0,1005.84,13075.69
2025-07-19,store,S003,Islamabad,ICT,mall,3,8,777551.52,564.3284709999999,776996.61,258998.87,0.0007257763074014695,0.0,776996.61
2025-07-19,store,S004,Karachi,Sindh,flagship,6,11,189324.74,31280.340728000003,158047.56,26341.26,0.1652205661447099,0.0,158047.56
2025-07-19,store,S005,Lahore,Punjab,high_street,5,12,187792.28,6970.541867,180821.25,36164.25,0.03711836219784967,0.0,180821.25
2025-07-19,store,S006,Islamabad,ICT,mall,4,10,431998.68000000005,25921.210489000005,406093.15,101523.2875,0.06000298540032576,4799.82,401293.33
2025-07-20,online,ONLINE,,,,7,21,285174.09,10278.82353,274897.54,39271.07714285714,0.03604403026235658,0.0,274897.54
2025-07-20,store,S001,Karachi,Sindh,flagship,4,12,280636.77999999997,759.274445,279879.54,69969.885,0.002705541465377418,0.0,279879.54
2025-07-20,store,S002,Lahore,Punjab,mall,4,12,124293.03,462.5686319999999,123829.98000000001,30957.495000000003,0.0037215975183805556,0.0,123829.98000000001
2025-07-20,store,S004,Karachi,Sindh,flagship,5,10,128943.33,9813.456065,119129.91,23825.982,0.07610673669588028,2208.13,116921.78
2025-07-20,store,S005,Lahore,Punjab,high_street,4,6,147087.07,16830.253150999997,130254.66999999998,32563.667499999996,0.11442374337186809,11667.69,118586.97999999998
2025-07-20,store,S006,Islamabad,ICT,mall,4,11,296947.22,5247.557072,291701.38,72925.345,0.017671682772446903,0.0,291701.38
2025-07-21,online,ONLINE,,,,10,38,1201335.3499999999,38373.875272,1162929.07,116292.907,0.03194268384094416,0.0,1162929.07
2025-07-21,store,S001,Karachi,Sindh,flagship,6,15,119222.55,383.65504799999997,118838.68000000001,19806.446666666667,0.003217973848068171,0.0,118838.68000000001
2025-07-21,store,S002,Lahore,Punjab,mall,2,8,296324.66000000003,5459.699530000001,290863.17,145431.585,0.01842472216115932,0.0,290863.17
2025-07-21,store,S003,Islamabad,ICT,mall,1,3,224773.93000000002,31.420585,224742.61000000002,224742.61000000002,0.00013978749670835936,0.0,224742.61000000002
2025-07-21,store,S004,Karachi,Sindh,flagship,4,9,61169.33,8599.915772,52568.38,13142.095,0.14059195632844107,0.0,52568.38
2025-07-21,store,S005,Lahore,Punjab,high_street,6,18,635792.2,46769.893108,589029.12,98171.52,0.0735616025298832,4380.96,584648.16
2025-07-21,store,S006,Islamabad,ICT,mall,7,18,369672.92,5912.3729109999995,363747.23,51963.89,0.01599352452162306,0.0,363747.23
2025-07-22,online,ONLINE,,,,13,27,543375.9,5676.5674229999995,537702.42,41361.72461538462,0.010446851660149078,230381.13999999998,307321.28
2025-07-22,store,S001,Karachi,Sindh,flagship,4,10,318395.72,19584.522086,298814.87,74703.7175,0.061510004236237856,0.0,298814.87
2025-07-22,store,S002,Lahore,Punjab,mall,1,2,15113.010000000002,901.085851,14211.68,14211.68,0.05962318896103423,0.0,14211.68
2025-07-22,store,S003,Islamabad,ICT,mall,2,6,49940.35,58.750405,49881.74999999999,24940.874999999996,0.001176411558989875,0.0,49881.74999999999
2025-07-22,store,S004,Karachi,Sindh,flagship,5,8,556845.41,62778.30224300001,494063.14,98812.628,0.1127391931685313,0.0,494063.14
2025-07-22,store,S005,Lahore,Punjab,high_street,2,6,34318.11,4519.920008,29797.52,14898.76,0.13170655400311965,0.0,29797.52
2025-07-22,store,S006,Islamabad,ICT,mall,4,14,679879.7799999999,10569.867779999999,669322.22,167330.555,0.01554667176599957,0.0,669322.22
2025-07-23,online,ONLINE,,,,8,15,233948.53,8371.738723999999,225574.28,28196.785,0.035784532281523625,2093.93,223480.35
2025-07-23,store,S001,Karachi,Sindh,flagship,4,15,430786.75,10938.084653,419857.6,104964.4,0.02539094958932697,2596.62,417260.98
2025-07-23,store,S002,Lahore,Punjab,mall,3,8,84065.05,545.461663,83519.14,27839.713333333333,0.0064885664494341,23849.92,59669.22
2025-07-23,store,S003,Islamabad,ICT,mall,2,6,666369.36,14274.944294,652103.63,326051.815,0.02142196978264427,0.0,652103.63
2025-07-23,store,S004,Karachi,Sindh,flagship,4,11,90234.44,11031.591326999998,79203.0,19800.75,0.12225477685681872,0.0,79203.0
2025-07-23,store,S005,Lahore,Punjab,high_street,1,1,5973.85,253.29124000000002,5720.54,5720.54,0.0424,0.0,5720.54
2025-07-23,store,S006,Islamabad,ICT,mall,5,17,129176.56999999999,6762.372689,122414.5,24482.9,0.05234983936328392,3847.27,118567.23
2025-07-24,online,ONLINE,,,,11,28,387440.5,12490.705583,374953.23,34086.65727272727,0.03223902917480233,55554.84,319398.39
2025-07-24,store,S001,Karachi,Sindh,flagship,6,15,1159192.6099999999,10901.006926,1148267.05,191377.84166666667,0.009403965166755162,0.0,1148267.05
2025-07-24,store,S002,Lahore,Punjab,mall,1,2,11217.61,0.0,11217.61,11217.61,0.0,0.0,11217.61
2025-07-24,store,S004,Karachi,Sindh,flagship,4,8,35878.75,5086.551084,30791.530000000002,7697.882500000001,0.14177057684562588,0.0,30791.530000000002
2025-07-24,store,S005,Lahore,Punjab,high_street,3,7,38111.2,2418.549331,35692.14,11897.38,0.06346033006045468,0.0,35692.14
2025-07-24,store,S006,Islamabad,ICT,mall,2,2,10429.29,181.460169,10248.01,5124.005,0.01739909130918787,4612.89,5635.12
2025-07-25,online,ONLINE,,,,10,25,886793.95,33802.074094,852975.89,85297.589,0.03811716813584486,38115.3,814860.59
2025-07-25,store,S002,Lahore,Punjab,mall,4,7,57880.45,1863.8079229999998,56016.28999999999,14004.072499999998,0.032200992269410485,1220.52,54795.77
2025-07-25,store,S003,Islamabad,ICT,mall,3,13,358620.42,209.39876800000002,358411.82,119470.60666666667,0.0005839008498177544,0.0,358411.82
2025-07-25,store,S004,Karachi,Sindh,flagship,6,23,443023.32,40577.48959700001,402440.1,67073.34999999999,0.09159222046595653,7980.51,394459.58999999997
2025-07-25,store,S005,Lahore,Punjab,high_street,4,10,74890.42,3488.482943,71401.81,17850.4525,0.046581164092817214,0.0,71401.81
2025-07-25,store,S006,Islamabad,ICT,mall,3,7,250995.7,14637.354241,236355.76,78785.25333333334,0.0583171514133509,0.0,236355.76
2025-07-26,online,ONLINE,,,,8,13,378305.34,6007.739618,372298.49,46537.31125,0.015880663006237236,42964.21,329334.27999999997
2025-07-26,store,S001,Karachi,Sindh,flagship,2,5,22233.88,1709.686441,20524.129999999997,10262.064999999999,0.07689555043923957,0.0,20524.129999999997
2025-07-26,store,S003,Islamabad,ICT,mall,3,6,22569.6,244.133605,22325.13,7441.71,0.010816922098752305,2130.78,20194.350000000002
2025-07-26,store,S004,Karachi,Sindh,flagship,4,12,317228.46,21922.373264,295304.47000000003,73826.11750000001,0.06910594737937448,3540.77,291763.7
2025-07-26,store,S005,Lahore,Punjab,high_street,3,9,462624.89,18183.541830000002,444439.33,148146.44333333333,0.039305152452994915,2928.6,441510.73000000004
2025-07-26,store,S006,Islamabad,ICT,mall,4,8,371962.2,18373.613525999997,353591.74,88397.935,0.04939645352672932,0.0,353591.74
2025-07-27,online,ONLINE,,,,15,26,747215.22,22112.400469999997,725095.19,48339.679333333326,0.029593080919845288,34783.58,690311.61
2025-07-27,store,S001,Karachi,Sindh,flagship,8,27,496670.33,12241.084122,484422.85000000003,60552.856250000004,0.024646296310874862,26484.29,457938.56000000006
2025-07-27,store,S002,Lahore,Punjab,mall,2,5,43162.07,1297.15649,41864.8,20932.4,0.030053157552452886,0.0,41864.8
2025-07-27,store,S003,Islamabad,ICT,mall,2,6,43949.17,192.029528,43757.09,21878.545,0.004369355052666524,0.0,43757.09
2025-07-27,store,S004,Karachi,Sindh,flagship,1,2,11552.04,657.500557,10894.84,10894.84,0.056916402384340765,0.0,10894.84
2025-07-27,store,S005,Lahore,Punjab,high_street,5,17,92009.89,6301.531297,85709.19,17141.838,0.06848754299130236,6526.179999999999,79183.01000000001
2025-07-27,store,S006,Islamabad,ICT,mall,3,8,320395.46,10635.741444,309756.04,103252.01333333332,0.03319566839055709,0.0,309756.04
2025-07-28,online,ONLINE,,,,11,26,1375996.86,68430.948439,1307528.96,118866.26909090909,0.04973190741074801,206646.65,1100882.31
2025-07-28,store,S001,Karachi,Sindh,flagship,4,13,319893.48,6813.22039,313075.92,78268.98,0.02129840342479003,11178.22,301897.7
2025-07-28,store,S002,Lahore,Punjab,mall,2,3,9046.96,83.717295,8963.34,4481.67,0.009253638238701177,0.0,8963.34
2025-07-28,store,S003,Islamabad,ICT,mall,2,5,22848.18,59.08968,22789.13,11394.565,0.002586187608816107,0.0,22789.13
2025-07-28,store,S004,Karachi,Sindh,flagship,2,4,37464.54,4325.397047,33138.200000000004,16569.100000000002,0.11545309369873487,0.0,33138.200000000004
2025-07-28,store,S005,Lahore,Punjab,high_street,1,2,5582.99,347.047955,5235.99,5235.99,0.06216166516508179,0.0,5235.99
2025-07-28,store,S006,Islamabad,ICT,mall,7,16,713083.1199999999,30293.065021999995,682798.6299999999,97542.66142857142,0.04248181477357086,0.0,682798.6299999999
2025-07-29,online,ONLINE,,,,4,6,142802.38,2887.15403,139920.01,34980.0025,0.020217828512381936,0.0,139920.01
2025-07-29,store,S001,Karachi,Sindh,flagship,3,5,469831.34,28092.326592,441735.12000000005,147245.04,0.05979236419605384,0.0,441735.12000000005
2025-07-29,store,S002,Lahore,Punjab,mall,6,16,535829.92,32814.028547,503009.77,83834.96166666667,0.06123963467176301,5056.6,497953.17000000004
2025-07-29,store,S004,Karachi,Sindh,flagship,4,12,140690.44,11549.395961,129143.41,32285.8525,0.08209083688273347,0.0,129143.41
2025-07-29,store,S005,Lahore,Punjab,high_street,3,10,117881.31,5395.719989,112483.3,37494.433333333334,0.04577248071810536,8893.63,103589.67
2025-07-29,store,S006,Islamabad,ICT,mall,6,17,405571.59,2797.991794,402772.73,67128.78833333333,0.006898885087093995,0.0,402772.73
2025-07-30,online,ONLINE,,,,13,34,733101.38,16208.793242000002,716894.9,55145.76153846154,0.02210989323468468,0.0,716894.9
2025-07-30,store,S001,Karachi,Sindh,flagship,2,7,76701.6,0.0,76701.6,38350.8,0.0,0.0,76701.6
2025-07-30,store,S002,Lahore,Punjab,mall,2,7,64449.89,1975.768863,62473.35,31236.675,0.030655891934028127,0.0,62473.35
2025-07-30,store,S003,Islamabad,ICT,mall,1,2,5322.44,0.0,5322.44,5322.44,0.0,0.0,5322.44
2025-07-30,store,S004,Karachi,Sindh,flagship,6,20,897267.43,104425.83247299999,792846.98,132141.16333333333,0.11638206066724163,0.0,792846.98
2025-07-30,store,S005,Lahore,Punjab,high_street,1,6,49728.79,2951.6924550000003,46777.520000000004,46777.520000000004,0.059355806867611306,0.0,46777.520000000004
2025-07-30,store,S006,Islamabad,ICT,mall,1,1,3502.96,260.269928,3242.64,3242.64,0.07429999999999999,0.0,3242.64
2025-07-31,online,ONLINE,,,,7,14,312280.29,11424.00389,300862.81,42980.40142857143,0.03658253260236181,8127.52,292735.29
2025-07-31,store,S001,Karachi,Sindh,flagship,5,11,97095.17,2022.71971,95072.09999999999,19014.42,0.02083234119678662,0.0,95072.09999999999
2025-07-31,store,S002,Lahore,Punjab,mall,4,7,32906.63,326.82376800000003,32580.52,8145.13,0.009931851666366323,0.0,32580.52
2025-07-31,store,S003,Islamabad,ICT,mall,4,9,259438.32,2406.697271,257033.72999999998,64258.432499999995,0.009276568207040502,0.0,257033.72999999998
2025-07-31,store,S004,Karachi,Sindh,flagship,6,14,667252.3,54337.470581,612922.44,102153.73999999999,0.08143466958600218,22966.8,589955.6399999999
2025-07-31,store,S005,Lahore,Punjab,high_street,8,22,509560.25,24789.72912,484762.55,60595.31875,0.048649260062966056,0.0,484762.55
2025-07-31,store,S006,Islamabad,ICT,mall,3,5,23018.02,542.7982730000001,22474.94,7491.6466666666665,0.02358144936011004,0.0,22474.94
2025-08-01,online,ONLINE,,,,10,24,621098.27,12305.901687000001,608807.67,60880.76700000001,0.01981313148239811,209142.69,399664.98000000004
2025-08-01,store,S001,Karachi,Sindh,flagship,3,7,34388.67,0.0,34388.67,11462.89,0.0,7792.72,26595.949999999997
2025-08-01,store,S002,Lahore,Punjab,mall,1,2,4753.3099999999995,20.383136,4732.84,4732.84,0.0042881983291643095,0.0,4732.84
2025-08-01,store,S003,Islamabad,ICT,mall,4,11,505375.5,16899.87379,488479.94999999995,122119.98749999999,0.03344023164953584,2099.77,486380.17999999993
2025-08-01,store,S004,Karachi,Sindh,flagship,5,17,537359.99,54916.336666,482446.43,96489.286,0.10219654921833686,184992.63999999998,297453.79000000004
2025-08-01,store,S005,Lahore,Punjab,high_street,4,10,339083.75,26026.385434,313060.82,78265.205,0.07675503598742199,0.0,313060.82
2025-08-01,store,S006,Islamabad,ICT,mall,5,9,385400.74,18735.753907,366665.98,73333.196,0.04861369468828731,88908.71,277757.26999999996
2025-08-02,online,ONLINE,,,,7,19,881895.77,10776.750572,871135.55,124447.93571428572,0.012219982155034037,7216.44,863919.1100000001
2025-08-02,store,S001,Karachi,Sindh,flagship,4,9,77938.97,244.364376,77695.11,19423.7775,0.003135329809978243,6440.33,71254.78
2025-08-02,store,S002,Lahore,Punjab,mall,3,10,103557.01,5651.7861139999995,97906.83,32635.61,0.05457656718748446,5631.13,92275.7
2025-08-02,store,S004,Karachi,Sindh,flagship,1,3,7598.65,532.7399889999999,7065.9400000000005,7065.9400000000005,0.07010982069183341,2130.46,4935.4800000000005
2025-08-02,store,S005,Lahore,Punjab,high_street,2,4,271779.42000000004,3192.7403300000005,268573.62,134286.81,0.011747542657939295,0.0,268573.62
2025-08-02,store,S006,Islamabad,ICT,mall,2,7,98844.31,2069.5783380000003,96774.9,48387.45,0.020937758966601116,0.0,96774.9
2025-08-03,online,ONLINE,,,,4,7,231772.81,3279.9456170000003,228499.80000000002,57124.950000000004,0.014151554779009671,200952.1,27547.70000000001
2025-08-03,store,S001,Karachi,Sindh,flagship,4,11,767808.98,3898.931391,763914.95,190978.7375,0.005077996601446365,0.0,763914.95
2025-08-03,store,S002,Lahore,Punjab,mall,2,8,278813.21,1333.3993500000001,277480.39,138740.195,0.004782410955348923,3686.46,273793.93
2025-08-03,store,S003,Islamabad,ICT,mall,3,15,592846.54,2599.4654960000003,590249.2,196749.7333333333,0.004384719013456669,0.0,590249.2
2025-08-03,store,S004,Karachi,Sindh,flagship,5,20,356607.48,33921.398665,322694.34,64538.868,0.09512251023169789,0.0,322694.34
2025-08-03,store,S005,Lahore,Punjab,high_street,5,13,113290.93,6264.903543,107028.17,21405.634,0.05529925072554352,0.0,107028.17
2025-08-03,store,S006,Islamabad,ICT,mall,4,9,71472.46,5557.382174,65914.58,16478.645,0.07775557430092654,1658.42,64256.16
2025-08-04,online,ONLINE,,,,18,58,1552981.95,83492.10812799999,1469502.69,81639.03833333333,0.05376244593699237,11521.74,1457980.95
2025-08-04,store,S001,Karachi,Sindh,flagship,3,4,262588.19,1186.715452,261401.01,87133.67,0.004519302456062475,0.0,261401.01
2025-08-04,store,S002,Lahore,Punjab,mall,4,12,289656.94,2517.403668,287149.45,71787.3625,0.008690983437165359,0.0,287149.45
2025-08-04,store,S003,Islamabad,ICT,mall,6,23,163452.24,4041.7854530000004,159409.84,26568.306666666667,0.02472762351253186,0.0,159409.84
2025-08-04,store,S004,Karachi,Sindh,flagship,3,6,442257.86,69430.308395,372827.94,124275.98,0.15699055839278922,0.0,372827.94
2025-08-04,store,S005,Lahore,Punjab,high_street,3,7,77474.08,3977.919949,73497.43000000001,24499.143333333337,0.051345171817464626,0.0,73497.43000000001
2025-08-04,store,S006,Islamabad,ICT,mall,3,5,30467.190000000002,1014.591693,29452.64,9817.546666666667,0.03330112468527619,0.0,29452.64
2025-08-05,online,ONLINE,,,,5,9,324076.02,15732.321867000002,308354.17,61670.833999999995,0.04854515883958339,0.0,308354.17
2025-08-05,store,S001,Karachi,Sindh,flagship,8,27,689499.22,9965.019896,679532.44,84941.555,0.014452547018109753,16201.419999999998,663331.0199999999
2025-08-05,store,S002,Lahore,Punjab,mall,3,8,46318.84,1322.085534,44996.600000000006,14998.866666666669,0.02854314861943866,0.0,44996.600000000006
2025-08-05,store,S003,Islamabad,ICT,mall,3,8,347646.92000000004,9981.289973,337655.14999999997,112551.71666666666,0.028710997850922997,0.0,337655.14999999997
2025-08-05,store,S004,Karachi,Sindh,flagship,6,11,528160.8,57281.490497,470881.35,78480.22499999999,0.10845464202757947,195713.69,275167.66
2025-08-05,store,S005,Lahore,Punjab,high_street,4,11,495308.76,30748.304055000004,464554.81,116138.7025,0.0620790636834285,5409.7300000000005,459145.08
2025-08-05,store,S006,Islamabad,ICT,mall,1,3,32621.090000000004,494.495382,32126.96,32126.96,0.015158763303126902,0.0,32126.96
2025-08-06,online,ONLINE,,,,18,38,757903.14,36958.925277,720924.89,40051.38277777778,0.0487647079506756,6855.74,714069.15
2025-08-06,store,S001,Karachi,Sindh,flagship,5,12,370917.63,23423.023292,347495.36,69499.072,0.06314885407846481,4764.9,342730.45999999996
2025-08-06,store,S002,Lahore,Punjab,mall,1,4,18419.9,1773.489388,16645.96,16645.96,0.09628116265560616,0.0,16645.96
2025-08-06,store,S003,Islamabad,ICT,mall,3,11,531006.15,21355.174394,509647.64,169882.54666666666,0.040216435146749246,0.0,509647.64
2025-08-06,store,S004,Karachi,Sindh,flagship,6,15,434167.51,51242.770928000005,382921.69,63820.28166666667,0.11802534677917287,0.0,382921.69
2025-08-06,store,S005,Lahore,Punjab,high_street,2,6,42484.409999999996,1898.765249,40587.1,20293.55,0.04469322391437236,0.0,40587.1
2025-08-06,store,S006,Islamabad,ICT,mall,7,14,537748.14,26338.089128,511415.31999999995,73059.33142857142,0.04897848484980347,0.0,511415.31999999995
2025-08-07,online,ONLINE,,,,17,41,1951246.52,58069.736721,1893166.4500000002,111362.73235294118,0.029760328141930525,3846.92,1889319.5300000003
2025-08-07,store,S001,Karachi,Sindh,flagship,2,7,134642.09,2659.616518,131984.86,65992.43,0.01975323257385562,0.0,131984.86
2025-08-07,store,S002,Lahore,Punjab,mall,7,13,989964.88,44788.465243,945174.59,135024.94142857142,0.04524247894834411,0.0,945174.59
2025-08-07,store,S003,Islamabad,ICT,mall,2,7,35455.08,1343.0457959999999,34112.19,17056.095,0.037880207744560156,0.0,34112.19
2025-08-07,store,S004,Karachi,Sindh,flagship,6,19,440484.20999999996,30986.40934,409488.23000000004,68248.03833333334,0.07034624314910176,0.0,409488.23000000004
2025-08-07,store,S005,Lahore,Punjab,high_street,7,25,179437.77,7072.4512939999995,172368.43,24624.06142857143,0.03941450729130216,15636.890000000001,156731.53999999998
2025-08-07,store,S006,Islamabad,ICT,mall,2,4,47530.56,2889.904647,44640.13,22320.065,0.06080098040082002,21103.89,23536.239999999998
2025-08-08,online,ONLINE,,,,6,14,496720.64,10583.400163999999,486144.87,81024.145,0.021306543984159786,4591.53,481553.33999999997
2025-08-08,store,S001,Karachi,Sindh,flagship,3,10,774903.99,10971.459273,763930.59,254643.53,0.01415847564935109,0.0,763930.59
2025-08-08,store,S002,Lahore,Punjab,mall,6,16,555619.3200000001,51323.582082999994,504287.2,84047.86666666667,0.0923718456784404,0.0,504287.2
2025-08-08,store,S003,Islamabad,ICT,mall,2,7,30479.14,124.841761,30354.14,15177.07,0.004095973869341458,0.0,30354.14
2025-08-08,store,S004,Karachi,Sindh,flagship,4,11,329107.45,20611.286329,308494.11000000004,77123.52750000001,0.06262783273061731,0.0,308494.11000000004
2025-08-08,store,S005,Lahore,Punjab,high_street,7,19,397828.39,19221.04176,378599.91,54085.701428571425,0.0483149072392747,0.0,378599.91
2025-08-08,store,S006,Islamabad,ICT,mall,2,2,36171.09,0.0,36171.09,18085.545,0.0,0.0,36171.09
2025-08-09,online,ONLINE,,,,7,30,1330011.5,44954.026346,1285060.49,183580.07,0.03379972755573918,26908.629999999997,1258151.86
2025-08-09,store,S001,Karachi,Sindh,flagship,2,9,400141.30000000005,35009.198342,365119.55,182559.775,0.0874920892744638,0.0,365119.55
2025-08-09,store,S002,Lahore,Punjab,mall,2,11,71778.28,1136.228452,70641.91,35320.955,0.01582969739592534,0.0,70641.91
2025-08-09,store,S003,Islamabad,ICT,mall,2,6,89624.01999999999,140.308726,89483.15,44741.575,0.0015655259159319122,0.0,89483.15
2025-08-09,store,S004,Karachi,Sindh,flagship,5,13,90832.95,6586.886019,84246.01,16849.201999999997,0.07251648238882476,0.0,84246.01
2025-08-09,store,S005,Lahore,Punjab,high_street,4,13,241602.05,15480.829936999999,226122.08,56530.52,0.06407573916280926,0.0,226122.08
2025-08-09,store,S006,Islamabad,ICT,mall,5,17,314586.09,13896.263443000002,300698.37,60139.674,0.04417316558084307,0.0,300698.37
2025-08-10,online,ONLINE,,,,11,27,271836.84,6379.876831,265459.1,24132.64545454545,0.02346950777900449,15591.47,249867.62999999998
2025-08-10,store,S001,Karachi,Sindh,flagship,2,5,20353.53,134.91316999999998,20218.6,10109.3,0.006628489996575532,0.0,20218.6
2025-08-10,store,S002,Lahore,Punjab,mall,1,2,6636.02,143.412124,6492.73,6492.73,0.02161116512608461,0.0,6492.73
2025-08-10,store,S003,Islamabad,ICT,mall,4,11,119913.07,1283.206103,118631.31,29657.8275,0.010701136273135197,0.0,118631.31
2025-08-10,store,S004,Karachi,Sindh,flagship,2,5,17321.62,2851.3913509999998,14470.51,7235.255,0.1646145886470203,0.0,14470.51
2025-08-10,store,S005,Lahore,Punjab,high_street,4,18,672394.73,40696.55555700001,631702.73,157925.6825,0.06052479851678791,0.0,631702.73
2025-08-10,store,S006,Islamabad,ICT,mall,4,12,87521.22,703.2998419999999,86817.2,21704.3,0.008035763692507941,0.0,86817.2
2025-08-11,online,ONLINE,,,,15,43,1728314.3499999999,63360.517827,1664950.8599999999,110996.72399999999,0.03666029725842409,6807.509999999999,1658143.3499999999
2025-08-11,store,S001,Karachi,Sindh,flagship,5,13,444116.88,7712.970369,436408.73,87281.746,0.017366983144166914,0.0,436408.73
2025-08-11,store,S002,Lahore,Punjab,mall,2,2,10108.24,79.55376,10028.63,5014.315,0.007870189073468774,0.0,10028.63
2025-08-11,store,S003,Islamabad,ICT,mall,3,10,300832.06,7618.423737000001,293207.94,97735.98,0.025324507424507883,0.0,293207.94
2025-08-11,store,S004,Karachi,Sindh,flagship,1,1,6653.77,378.599513,6274.92,6274.92,0.0569,0.0,6274.92
2025-08-11,store,S005,Lahore,Punjab,high_street,4,15,343437.66000000003,16458.836809,326976.15,81744.0375,0.04792379731739378,0.0,326976.15
2025-08-11,store,S006,Islamabad,ICT,mall,4,11,81142.95999999999,532.618176,80611.25,20152.8125,0.006563948073868639,4870.3,75740.95
2025-08-12,online,ONLINE,,,,13,38,768383.08,17006.132055,751363.74,57797.21076923077,0.022132361445283254,31004.72,720359.02
2025-08-12,store,S001,Karachi,Sindh,flagship,1,4,258601.18,0.0,258601.18,258601.18,0.0,0.0,258601.18
2025-08-12,store,S002,Lahore,Punjab,mall,6,16,344769.88,24343.711297,320429.56,53404.926666666666,0.07060857896577277,0.0,320429.56
2025-08-12,store,S003,Islamabad,ICT,mall,1,1,3293.11,38.858698000000004,3254.13,3254.13,0.011800000000000001,0.0,3254.13
2025-08-12,store,S004,Karachi,Sindh,flagship,3,8,63943.990000000005,5275.217535,58668.71,19556.236666666668,0.08249747216274742,0.0,58668.71
2025-08-12,store,S005,Lahore,Punjab,high_street,5,15,185241.27,10601.680061,174643.53,34928.706,0.05723173923931746,0.0,174643.53
2025-08-12,store,S006,Islamabad,ICT,mall,3,8,406746.81,28824.154966,377932.23,125977.40999999999,0.07086510393529577,0.0,377932.23
2025-08-13,online,ONLINE,,,,11,30,934196.75,10892.855487,923315.21,83937.74636363635,0.01166012993194421,1198.11,922117.1
2025-08-13,store,S001,Karachi,Sindh,flagship,4,13,210610.05,965.1536960000001,209644.16,52411.04,0.004582657361317754,0.0,209644.16
2025-08-13,store,S002,Lahore,Punjab,mall,1,3,16268.48,936.040352,15332.07,15332.07,0.05753705029603257,0.0,15332.07
2025-08-13,store,S003,Islamabad,ICT,mall,2,4,13472.59,34.888625999999995,13437.45,6718.725,0.002589600514823059,0.0,13437.45
2025-08-13,store,S004,Karachi,Sindh,flagship,6,16,123987.52,17662.831071,106327.71,17721.285,0.14245652361624783,18625.75,87701.96
2025-08-13,store,S005,Lahore,Punjab,high_street,4,12,520776.64999999997,55813.69666,464948.56,116237.14,0.10717396154378274,0.0,464948.56
2025-08-13,store,S006,Islamabad,ICT,mall,3,11,282682.71,122.961673,282559.9,94186.63333333335,0.0004349812303695546,209873.5,72686.40000000002
2025-08-14,online,ONLINE,,,,11,33,428705.94,11853.829319999999,416847.89,37895.262727272726,0.027650256770410036,17350.79,399497.10000000003
2025-08-14,store,S001,Karachi,Sindh,flagship,3,13,159152.28,2442.037503,156704.44,52234.81333333333,0.01534403090549504,0.0,156704.44
2025-08-14,store,S002,Lahore,Punjab,mall,4,10,94905.17,2756.894996,92149.04,23037.26,0.029048944288282714,0.0,92149.04
2025-08-14,store,S003,Islamabad,ICT,mall,3,7,75524.63,1788.681836,73736.32,24578.773333333334,0.023683424016774392,0.0,73736.32
2025-08-14,store,S004,Karachi,Sindh,flagship,5,15,137442.66,13150.052564,124291.87,24858.374,0.09567664482046549,3297.87,120994.0
2025-08-14,store,S005,Lahore,Punjab,high_street,5,12,540202.92,54356.307109,485840.04,97168.008,0.10062201646188805,0.0,485840.04
2025-08-14,store,S006,Islamabad,ICT,mall,4,10,297262.2,396.103652,296865.31,74216.3275,0.0013325059560213171,1048.56,295816.75
2025-08-15,online,ONLINE,,,,12,30,574420.21,14442.255102,559970.83,46664.23583333333,0.025142317158374356,0.0,559970.83
2025-08-15,store,S001,Karachi,Sindh,flagship,4,8,240998.98,15827.414104000001,225169.4,56292.35,0.06567419540115896,3152.78,222016.62
2025-08-15,store,S003,Islamabad,ICT,mall,3,9,54370.15,256.944292,54112.76,18037.586666666666,0.0047258337893127025,0.0,54112.76
2025-08-15,store,S004,Karachi,Sindh,flagship,4,7,233828.79,19270.357144999998,214568.14,53642.035,0.08241225190875767,0.0,214568.14
2025-08-15,store,S006,Islamabad,ICT,mall,5,10,347561.74,22849.579025,324699.14,64939.828,0.06574250383543367,0.0,324699.14
2025-08-16,online,ONLINE,,,,10,27,515785.64,12598.333455,503193.75,50319.375,0.024425521918369032,82323.98,420869.77
2025-08-16,store,S001,Karachi,Sindh,flagship,4,9,110633.95000000001,2567.208213,108066.72,27016.68,0.02320452458761528,0.0,108066.72
2025-08-16,store,S002,Lahore,Punjab,mall,2,3,11351.74,256.40232399999996,11095.67,5547.835,0.022587050443368152,0.0,11095.67
2025-08-16,store,S004,Karachi,Sindh,flagship,1,1,5687.88,754.212888,4933.84,4933.84,0.1326,0.0,4933.84
2025-08-16,store,S005,Lahore,Punjab,high_street,3,7,110676.31000000001,6551.049268000001,104123.73,34707.909999999996,0.0591910705009952,40281.74,63841.99
2025-08-16,store,S006,Islamabad,ICT,mall,4,9,84657.77,932.439747,83725.53,20931.3825,0.011014225238864667,0.0,83725.53
2025-08-17,online,ONLINE,,,,14,43,1189738.6600000001,25150.406667,1164589.7,83184.97857142857,0.02113943802330505,0.0,1164589.7
2025-08-17,store,S001,Karachi,Sindh,flagship,2,3,12131.609999999999,765.286752,11366.33,5683.165,0.06308204368587517,0.0,11366.33
2025-08-17,store,S002,Lahore,Punjab,mall,4,10,109496.4,7264.146701999999,102231.08,25557.77,0.0663414203754644,10194.32,92036.76000000001
2025-08-17,store,S003,Islamabad,ICT,mall,2,6,258660.37,9148.229232,249509.1,124754.55,0.03536772653653902,1277.77,248231.33000000002
2025-08-17,store,S004,Karachi,Sindh,flagship,3,7,60190.130000000005,7544.251779,52646.25,17548.75,0.1253403469804767,0.0,52646.25
2025-08-17,store,S005,Lahore,Punjab,high_street,2,7,258910.00000000003,14798.523867000002,244105.14,122052.57,0.05715701930014291,0.0,244105.14
2025-08-17,store,S006,Islamabad,ICT,mall,1,2,44426.36,0.0,44426.36,44426.36,0.0,0.0,44426.36
2025-08-18,online,ONLINE,,,,12,43,1858377.0899999999,71283.078842,1787104.11,148925.3425,0.03835770427088079,4986.82,1782117.29
2025-08-18,store,S001,Karachi,Sindh,flagship,2,11,275705.38,14707.042844000001,260992.16,130496.08,0.05334332918711997,7319.3,253672.86000000002
2025-08-18,store,S003,Islamabad,ICT,mall,2,5,137169.29,2.944395,137166.38,68583.19,2.1465409640889737e-05,0.0,137166.38
2025-08-18,store,S004,Karachi,Sindh,flagship,5,15,169697.11,19521.504643,150175.13999999998,30035.028,0.11503734296358967,1104.41,149070.72999999998
2025-08-18,store,S005,Lahore,Punjab,high_street,8,21,326874.54000000004,27702.025482999998,299169.85,37396.23125,0.08474818957450768,15792.77,283377.07999999996
2025-08-18,store,S006,Islamabad,ICT,mall,2,3,33793.729999999996,148.570464,33645.020000000004,16822.510000000002,0.004396391401600238,0.0,33645.020000000004
2025-08-19,online,ONLINE,,,,7,19,131161.26,3701.978572,127459.26999999999,18208.467142857142,0.028224634103088057,1738.28,125720.98999999999
2025-08-19,store,S001,Karachi,Sindh,flagship,2,8,122424.92,298.369448,122126.84,61063.42,0.0024371626953074584,0.0,122126.84
2025-08-19,store,S002,Lahore,Punjab,mall,2,6,280464.76,0.0,280464.76,140232.38,0.0,4069.41,276395.35000000003
2025-08-19,store,S003,Islamabad,ICT,mall,2,11,125687.68,0.0,125687.69,62843.845,0.0,0.0,125687.69
2025-08-19,store,S004,Karachi,Sindh,flagship,2,3,15687.669999999998,956.7936159999999,14730.35,7365.175,0.06099016718225205,0.0,14730.35
2025-08-19,store,S005,Lahore,Punjab,high_street,3,10,330837.6,22372.906968,308461.44,102820.48,0.06762504312689972,0.0,308461.44
2025-08-19,store,S006,Islamabad,ICT,mall,2,4,10186.960000000001,298.69196999999997,9888.52,4944.26,0.029321011371400293,0.0,9888.52
2025-08-20,online,ONLINE,,,,8,25,292874.78,4888.556767,287980.27999999997,35997.534999999996,0.016691627619831246,48914.1,239066.17999999996
2025-08-20,store,S001,Karachi,Sindh,flagship,3,4,29415.46,1222.637712,28193.059999999998,9397.686666666666,0.041564460049239416,0.0,28193.059999999998
2025-08-20,store,S002,Lahore,Punjab,mall,3,8,45091.46,1089.5471579999999,44001.65,14667.216666666667,0.024163049011941506,3559.06,40442.590000000004
2025-08-20,store,S003,Islamabad,ICT,mall,2,9,53597.31,58.179645,53539.08,26769.54,0.001085495615358308,10504.81,43034.270000000004
2025-08-20,store,S004,Karachi,Sindh,flagship,4,6,243381.45,17095.473707,226285.71000000002,56571.427500000005,0.07024148186724995,20544.55,205741.16000000003
2025-08-20,store,S005,Lahore,Punjab,high_street,6,17,387687.56,31378.943615,356319.12,59386.52,0.08093874256630777,0.0,356319.12
2025-08-20,store,S006,Islamabad,ICT,mall,1,3,46890.81,2970.5059269999997,43918.46000000001,43918.46000000001,0.06334942661472472,0.0,43918.46000000001
2025-08-21,online,ONLINE,,,,13,38,1252908.31,34361.230663,1218559.8900000001,93735.37615384617,0.02742517579997534,8078.14,1210481.7500000002
2025-08-21,store,S001,Karachi,Sindh,flagship,7,21,1049802.8,42678.087374,1007129.5299999999,143875.64714285714,0.04065343260086561,166385.42,840744.1099999999
2025-08-21,store,S002,Lahore,Punjab,mall,1,2,12421.22,26.000009999999996,12395.2,12395.2,0.0020931929391798873,0.0,12395.2
2025-08-21,store,S003,Islamabad,ICT,mall,3,9,115505.13,1218.400736,114287.25,38095.75,0.010548455605391726,0.0,114287.25
2025-08-21,store,S004,Karachi,Sindh,flagship,3,6,270623.52,49510.795295,221106.72,73702.24,0.18295082147700983,0.0,221106.72
2025-08-21,store,S006,Islamabad,ICT,mall,4,12,101001.35,5638.283581,95364.6,23841.15,0.05582384375060333,12681.570000000002,82683.03
2025-08-22,online,ONLINE,,,,8,20,573595.15,19386.64805,554197.15,69274.64375,0.03379848670268568,231888.56,322308.59
2025-08-22,store,S001,Karachi,Sindh,flagship,1,2,8264.16,129.76979,8134.58,8134.58,0.015702719937658517,0.0,8134.58
2025-08-22,store,S002,Lahore,Punjab,mall,2,6,109097.25,0.0,109097.25,54548.625,0.0,0.0,109097.25
2025-08-22,store,S003,Islamabad,ICT,mall,1,2,30627.25,250.62873,30376.26,30376.26,0.00818319405104931,0.0,30376.26
2025-08-22,store,S004,Karachi,Sindh,flagship,4,13,94322.29000000001,6164.188077,88159.8,22039.95,0.06535240055134368,0.0,88159.8
2025-08-22,store,S005,Lahore,Punjab,high_street,5,11,473400.29,17367.689252,456039.01999999996,91207.80399999999,0.036687111560493556,0.0,456039.01999999996
2025-08-22,store,S006,Islamabad,ICT,mall,2,4,228518.75,528.3730479999999,227990.6,113995.3,0.002312164966769685,0.0,227990.6
2025-08-23,online,ONLINE,,,,12,33,1407043.79,34240.667619,1372789.89,114399.15749999999,0.024335182644884136,1194.37,1371595.5199999998
2025-08-23,store,S001,Karachi,Sindh,flagship,3,10,115388.96,4044.01737,111346.95,37115.65,0.03504683090999347,0.0,111346.95
2025-08-23,store,S002,Lahore,Punjab,mall,3,8,137471.8,3057.590951,134414.28,44804.76,0.022241586645406552,0.0,134414.28
2025-08-23,store,S004,Karachi,Sindh,flagship,2,9,87317.34999999999,8011.437419,79307.63,39653.815,0.09175080804673987,0.0,79307.63
2025-08-23,store,S005,Lahore,Punjab,high_street,3,10,556291.46,32805.697078000005,523495.22000000003,174498.40666666668,0.05897213859439799,10317.31,513177.91000000003
2025-08-23,store,S006,Islamabad,ICT,mall,6,12,69505.27,3698.425042,65806.4,10967.733333333332,0.053210713978954396,9739.42,56066.979999999996
2025-08-24,online,ONLINE,,,,7,24,180428.19,5360.212296,175067.93,25009.704285714284,0.029708286138657156,11584.96,163482.97
2025-08-24,store,S001,Karachi,Sindh,flagship,1,4,16649.16,2179.345595,14469.82,14469.82,0.13089823120205463,0.0,14469.82
2025-08-24,store,S002,Lahore,Punjab,mall,3,12,52494.58,1571.699043,50923.66,16974.553333333333,0.029940215599400927,0.0,50923.66
2025-08-24,store,S004,Karachi,Sindh,flagship,2,5,92198.15,12081.392398,80115.88,40057.94,0.13103725397960805,46782.43,33333.450000000004
2025-08-24,store,S005,Lahore,Punjab,high_street,7,29,723327.41,34300.214343,689014.0,98430.57142857143,0.0474200394853003,4443.74,684570.26
2025-08-24,store,S006,Islamabad,ICT,mall,2,5,312760.81,160.931032,312599.95,156299.975,0.0005145498632005717,3228.26,309371.69
2025-08-25,online,ONLINE,,,,8,20,147152.95,4960.24999,142190.91,17773.86375,0.033708124709698306,3490.24,138700.67
2025-08-25,store,S001,Karachi,Sindh,flagship,8,26,355085.48,4569.697305,350516.98000000004,43814.622500000005,0.012869287995104728,10658.03,339858.95
2025-08-25,store,S002,Lahore,Punjab,mall,3,5,17007.45,742.4885300000001,16264.94,5421.6466666666665,0.04365666399136849,5577.95,10686.990000000002
2025-08-25,store,S004,Karachi,Sindh,flagship,2,6,224253.02000000002,13587.890965999999,210656.19,105328.095,0.06059178585866981,0.0,210656.19
2025-08-25,store,S005,Lahore,Punjab,high_street,2,4,142287.28,16401.369607,125884.98,62942.49,0.11526940150236901,0.0,125884.98
2025-08-25,store,S006,Islamabad,ICT,mall,2,8,598826.36,38620.323393,560199.51,280099.755,0.0644933589646922,0.0,560199.51
2025-08-26,online,ONLINE,,,,10,20,430112.17,8578.446687,421534.65,42153.465000000004,0.01994467323954121,0.0,421534.65
2025-08-26,store,S001,Karachi,Sindh,flagship,3,12,137534.0,2040.354319,135492.95,45164.31666666667,0.014835272143615397,5678.84,129814.11000000002
2025-08-26,store,S002,Lahore,Punjab,mall,3,9,253838.58000000002,593.0348740000001,253237.82,84412.60666666667,0.002336267694217325,0.0,253237.82
2025-08-26,store,S003,Islamabad,ICT,mall,1,2,14945.41,0.0,14945.41,14945.41,0.0,0.0,14945.41
2025-08-26,store,S004,Karachi,Sindh,flagship,5,17,148367.95,9447.781524,138920.48,27784.096,0.06367804855428683,21308.78,117611.70000000001
2025-08-26,store,S005,Lahore,Punjab,high_street,3,7,62028.97,2204.2868959999996,59825.04,19941.68,0.03553640977756038,0.0,59825.04
2025-08-26,store,S006,Islamabad,ICT,mall,2,6,114063.08,705.118656,113360.41,56680.205,0.006181830755403063,0.0,113360.41
2025-08-27,online,ONLINE,,,,10,23,762098.76,23923.909901,738185.3,73818.53,0.03139213860025176,0.0,738185.3
2025-08-27,store,S001,Karachi,Sindh,flagship,5,11,289551.91,8756.581197,280796.42,56159.284,0.03024183538281616,2804.16,277992.26
2025-08-27,store,S002,Lahore,Punjab,mall,2,9,447161.31,6318.871198999998,440840.84,220420.42,0.014131077661884473,0.0,440840.84
2025-08-27,store,S003,Islamabad,ICT,mall,2,5,65297.01,579.0903860000001,64716.19,32358.095,0.00886855900446284,0.0,64716.19
2025-08-27,store,S004,Karachi,Sindh,flagship,3,5,416042.6,18883.943240999997,397160.96,132386.98666666666,0.04538944627545352,0.0,397160.96
2025-08-27,store,S005,Lahore,Punjab,high_street,6,19,464226.54000000004,25711.543091,438514.9,73085.81666666667,0.05538576723984802,3953.82,434561.08
2025-08-27,store,S006,Islamabad,ICT,mall,4,10,187812.0,7847.0369630000005,179965.46,44991.365,0.041781339653483275,0.0,179965.46
2025-08-28,online,ONLINE,,,,12,25,396866.02,13055.063501999999,383798.55,31983.212499999998,0.032895392510550535,0.0,383798.55
2025-08-28,store,S001,Karachi,Sindh,flagship,9,22,310252.83999999997,12418.920591,297840.02999999997,33093.33666666666,0.04002838649599469,0.0,297840.02999999997
2025-08-28,store,S002,Lahore,Punjab,mall,2,6,250972.12999999998,2170.581456,248796.28,124398.14,0.0086486951997419,0.0,248796.28
2025-08-28,store,S003,Islamabad,ICT,mall,3,8,108262.41,2161.218347,106102.33,35367.443333333336,0.019962776987876032,0.0,106102.33
2025-08-28,store,S004,Karachi,Sindh,flagship,2,3,398607.37,129134.939376,269462.35,134731.175,0.3239652577823636,0.0,269462.35
2025-08-28,store,S005,Lahore,Punjab,high_street,3,7,38620.78,3850.486169,34770.520000000004,11590.173333333334,0.09969985507801758,0.0,34770.520000000004
2025-08-28,store,S006,Islamabad,ICT,mall,3,6,252269.09999999998,12694.882164999999,239577.30000000002,79859.1,0.05032277898878618,4685.86,234891.44000000003
2025-08-29,online,ONLINE,,,,12,44,1367557.89,35931.52646,1331623.56,110968.63,0.026274227016451934,105060.74,1226562.82
2025-08-29,store,S001,Karachi,Sindh,flagship,5,11,312130.58,12550.961561,299579.23,59915.846,0.040210611728591285,0.0,299579.23
2025-08-29,store,S002,Lahore,Punjab,mall,1,3,20788.47,64.80818099999999,20723.57,20723.57,0.003117506050228804,0.0,20723.57
2025-08-29,store,S003,Islamabad,ICT,mall,1,2,16017.84,1108.215412,14909.82,14909.82,0.06918632050263955,0.0,14909.82
2025-08-29,store,S004,Karachi,Sindh,flagship,5,12,311461.08,31641.583679999996,279812.33,55962.466,0.10159081089682215,0.0,279812.33
2025-08-29,store,S005,Lahore,Punjab,high_street,2,6,404174.45,41870.521719000004,362294.87,181147.435,0.10359517213173669,0.0,362294.87
2025-08-29,store,S006,Islamabad,ICT,mall,7,12,105230.72,4630.959983000001,100599.15,14371.307142857142,0.044007681245552634,9415.74,91183.40999999999
2025-08-30,online,ONLINE,,,,6,11,197494.89,4644.245764,192854.69,32142.448333333334,0.02351577685883417,0.0,192854.69
2025-08-30,store,S001,Karachi,Sindh,flagship,2,6,492548.97000000003,9364.496839,483176.19,241588.095,0.01901231635709237,0.0,483176.19
2025-08-30,store,S002,Lahore,Punjab,mall,2,4,28510.39,1931.270153,26579.95,13289.975,0.06773916993068141,0.0,26579.95
2025-08-30,store,S003,Islamabad,ICT,mall,1,2,14131.300000000001,12.327986999999998,14118.95,14118.95,0.0008723887398894651,0.0,14118.95
2025-08-30,store,S004,Karachi,Sindh,flagship,3,8,261101.52999999997,14131.960876000001,246962.77999999997,82320.92666666665,0.05412438937450884,0.0,246962.77999999997
2025-08-30,store,S005,Lahore,Punjab,high_street,7,15,154330.9,9321.41377,145009.16,20715.594285714287,0.060398881688631376,26074.420000000002,118934.74
2025-08-30,store,S006,Islamabad,ICT,mall,4,15,142161.16,252.64206099999998,141908.4,35477.1,0.0017771525007252331,0.0,141908.4
2025-08-31,online,ONLINE,,,,6,19,879668.27,21963.067348999997,857712.76,142952.12666666668,0.02496744295323963,0.0,857712.76
2025-08-31,store,S001,Karachi,Sindh,flagship,3,7,39569.61,261.662188,39308.67,13102.89,0.006612705760809874,0.0,39308.67
2025-08-31,store,S002,Lahore,Punjab,mall,2,8,80408.23,3694.1022820000003,76715.94,38357.97,0.045941843042683575,0.0,76715.94
2025-08-31,store,S003,Islamabad,ICT,mall,1,1,2174.38,18.48223,2155.94,2155.94,0.0085,0.0,2155.94
2025-08-31,store,S004,Karachi,Sindh,flagship,5,11,85189.44,4491.322666,80698.0,16139.6,0.05272158927209757,0.0,80698.0
2025-08-31,store,S005,Lahore,Punjab,high_street,6,12,256929.85,26785.001941000002,230141.37999999998,38356.89666666666,0.10425025329287353,0.0,230141.37999999998
2025-08-31,store,S006,Islamabad,ICT,mall,4,10,58807.63,2346.8777450000002,56459.58,14114.895,0.03990770831948168,0.0,56459.58
2025-09-01,online,ONLINE,,,,5,14,503468.41,8626.676605,494846.79,98969.358,0.017134494307199932,0.0,494846.79
2025-09-01,store,S001,Karachi,Sindh,flagship,2,10,84600.84,1655.83639,82945.09,41472.545,0.019572339825467452,0.0,82945.09
2025-09-01,store,S002,Lahore,Punjab,mall,2,3,50857.64000000001,0.0,50857.64000000001,25428.820000000003,0.0,0.0,50857.64000000001
2025-09-01,store,S003,Islamabad,ICT,mall,2,7,235787.14,7583.62749,228201.89,114100.945,0.03216302420055648,0.0,228201.89
2025-09-01,store,S004,Karachi,Sindh,flagship,5,15,419252.56,36497.480216,382750.45,76550.09,0.0870536848147093,5235.33,377515.12
2025-09-01,store,S006,Islamabad,ICT,mall,8,19,268150.14,7926.241116,260220.94,32527.6175,0.029558966913088316,6684.43,253536.51
2025-09-02,online,ONLINE,,,,13,27,850555.98,21875.333042000002,828666.62,63743.586153846154,0.02571886337451887,1133.44,827533.18
2025-09-02,store,S001,Karachi,Sindh,flagship,2,5,81962.39,266.0403,81696.37,40848.185,0.00324588265422714,0.0,81696.37
2025-09-02,store,S002,Lahore,Punjab,mall,2,6,86301.56,2893.2636520000005,83408.39,41704.195,0.03352504464577466,0.0,83408.39
2025-09-02,store,S003,Islamabad,ICT,mall,3,12,217157.24,1224.098955,215934.34,71978.11333333333,0.005636924447004392,0.0,215934.34
2025-09-02,store,S004,Karachi,Sindh,flagship,1,4,259034.82,33874.266573,225167.63,225167.63,0.13077109314106883,0.0,225167.63
2025-09-02,store,S005,Lahore,Punjab,high_street,3,10,251483.07,13183.882759999999,238307.57,79435.85666666667,0.05242453402529243,0.0,238307.57
2025-09-02,store,S006,Islamabad,ICT,mall,6,13,84837.92,349.36523900000003,84488.03,14081.338333333333,0.004118031641982736,4574.7,79913.33
2025-09-03,online,ONLINE,,,,6,22,1014638.77,21937.676097,992683.24,165447.20666666667,0.02162116878009698,0.0,992683.24
2025-09-03,store,S001,Karachi,Sindh,flagship,2,8,308861.35,229.920015,308632.46,154316.23,0.0007444117400898495,7800.44,300832.02
2025-09-03,store,S002,Lahore,Punjab,mall,2,2,7950.59,0.0,7950.59,3975.295,0.0,0.0,7950.59
2025-09-03,store,S004,Karachi,Sindh,flagship,3,6,77207.49,7885.93228,69318.74,23106.24666666667,0.10213947221959942,0.0,69318.74
2025-09-03,store,S005,Lahore,Punjab,high_street,6,15,563798.95,44783.116778,519031.56,86505.26,0.0794310042223385,0.0,519031.56
2025-09-03,store,S006,Islamabad,ICT,mall,8,22,570550.13,8779.960171,561771.13,70221.39125,0.01538858675047537,0.0,561771.13
2025-09-04,online,ONLINE,,,,14,42,968275.65,30454.502794,937825.87,66987.56214285715,0.03145230678268115,234821.91,703003.96
2025-09-04,store,S001,Karachi,Sindh,flagship,4,12,92918.72,2264.07683,90654.92,22663.73,0.024366207692056024,0.0,90654.92
2025-09-04,store,S003,Islamabad,ICT,mall,1,1,15810.17,0.0,15810.17,15810.17,0.0,0.0,15810.17
2025-09-04,store,S005,Lahore,Punjab,high_street,3,11,111258.02,7072.044282,104185.64,34728.54666666667,0.06356435501908086,0.0,104185.64
2025-09-04,store,S006,Islamabad,ICT,mall,4,10,104961.05,1315.551088,103645.23,25911.3075,0.012533707389550694,1009.34,102635.89
2025-09-05,online,ONLINE,,,,7,21,547910.32,16403.461865999998,531506.91,75929.55857142857,0.029938223952416153,6749.33,524757.5800000001
2025-09-05,store,S001,Karachi,Sindh,flagship,4,10,233030.15,1887.5226900000002,231140.25,57785.0625,0.008099907629978354,1643.36,229496.89
2025-09-05,store,S002,Lahore,Punjab,mall,2,4,18034.65,324.89425900000003,17710.07,8855.035,0.018015002176366052,0.0,17710.07
2025-09-05,store,S004,Karachi,Sindh,flagship,3,7,66689.98,6665.936783,60025.06,20008.353333333333,0.0999540977970004,0.0,60025.06
2025-09-05,store,S005,Lahore,Punjab,high_street,5,18,154728.41,7915.650755000001,146812.32,29362.464,0.051158353886012274,3992.42,142819.9
2025-09-05,store,S006,Islamabad,ICT,mall,7,26,771354.76,26385.685777,744978.74,106425.53428571428,0.03420693971863219,0.0,744978.74
2025-09-06,online,ONLINE,,,,11,30,688695.54,14514.152034,674173.57,61288.506363636356,0.02107484540120588,32706.190000000002,641467.3799999999
2025-09-06,store,S001,Karachi,Sindh,flagship,2,5,32999.55,0.0,32999.55,16499.775,0.0,0.0,32999.55
2025-09-06,store,S003,Islamabad,ICT,mall,1,3,23602.87,1644.7775550000001,21958.84,21958.84,0.069685489730698,6744.23,15214.61
2025-09-06,store,S004,Karachi,Sindh,flagship,5,14,129489.17,12933.499038,116555.38,23311.076,0.09988093242083489,25380.43,91174.95000000001
2025-09-06,store,S005,Lahore,Punjab,high_street,3,9,61619.69,6181.732612000001,55437.83,18479.27666666667,0.10032073533638355,2900.63,52537.200000000004
2025-09-07,online,ONLINE,,,,6,15,485040.59,13979.457957,471059.4,78509.90000000001,0.028821212585528153,13863.25,457196.15
2025-09-07,store,S001,Karachi,Sindh,flagship,4,7,44797.549999999996,2898.346509,41899.45,10474.8625,0.06469877279002982,0.0,41899.45
2025-09-07,store,S002,Lahore,Punjab,mall,2,4,44736.53,924.2576609999999,43813.33,21906.665,0.02066002126226598,0.0,43813.33
2025-09-07,store,S003,Islamabad,ICT,mall,5,14,284555.64,623.086407,283928.52,56785.704000000005,0.0021896821549557055,20162.55,263765.97000000003
2025-09-07,store,S004,Karachi,Sindh,flagship,4,20,281664.45,27899.499324,253757.77,63439.4425,0.09905225641361556,0.0,253757.77
2025-09-07,store,S005,Lahore,Punjab,high_street,1,3,18786.760000000002,1178.2417450000003,17607.97,17607.97,0.06271660174505876,0.0,17607.97
2025-09-07,store,S006,Islamabad,ICT,mall,6,12,84583.87,3712.016667,80871.31999999999,13478.553333333331,0.04388563288721597,0.0,80871.31999999999
2025-09-08,online,ONLINE,,,,10,23,769581.61,19247.231168000002,750339.73,75033.973,0.025009993635372867,86429.66,663910.07
2025-09-08,store,S001,Karachi,Sindh,flagship,6,19,297532.41,1423.54466,296108.16000000003,49351.36000000001,0.004784502837858908,0.0,296108.16000000003
2025-09-08,store,S002,Lahore,Punjab,mall,1,1,5413.36,0.0,5413.36,5413.36,0.0,0.0,5413.36
2025-09-08,store,S003,Islamabad,ICT,mall,4,9,66521.02,257.982916,66261.75,16565.4375,0.0038782164795428567,0.0,66261.75
2025-09-08,store,S004,Karachi,Sindh,flagship,4,14,261155.91,43011.890961,218139.9,54534.975,0.16469813362064062,0.0,218139.9
2025-09-08,store,S005,Lahore,Punjab,high_street,4,16,309270.02,19886.905909,289387.88,72346.97,0.06430272778784055,1541.54,287846.34
2025-09-08,store,S006,Islamabad,ICT,mall,4,11,75090.70999999999,1938.896618,73152.1,18288.025,0.02582072559974463,0.0,73152.1
2025-09-09,online,ONLINE,,,,12,30,1170323.5,17353.172228,1152955.24,96079.60333333333,0.014827671347281328,0.0,1152955.24
2025-09-09,store,S001,Karachi,Sindh,flagship,6,13,276411.62,1495.342913,274912.84,45818.80666666667,0.005409840993660107,0.0,274912.84
2025-09-09,store,S003,Islamabad,ICT,mall,4,12,497511.08,15449.897849,482065.74,120516.435,0.031054379430102343,0.0,482065.74
2025-09-09,store,S004,Karachi,Sindh,flagship,4,9,63764.48,4810.88757,58952.729999999996,14738.182499999999,0.07544776606035208,11751.89,47200.84
2025-09-09,store,S005,Lahore,Punjab,high_street,1,4,22042.91,1210.842638,20832.05,20832.05,0.054931160994623675,1621.24,19210.809999999998
2025-09-09,store,S006,Islamabad,ICT,mall,2,8,492596.03,14943.914792000001,477653.13,238826.565,0.030337058932448157,0.0,477653.13
2025-09-10,online,ONLINE,,,,11,38,1125202.66,44726.856797,1080485.32,98225.93818181819,0.03975004538026954,0.0,1080485.32
2025-09-10,store,S001,Karachi,Sindh,flagship,5,16,250909.90000000002,8679.638015,242236.8,48447.36,0.034592648655951796,0.0,242236.8
2025-09-10,store,S002,Lahore,Punjab,mall,4,18,187729.14,10960.649399,176765.43,44191.3575,0.058385445109906745,2235.73,174529.69999999998
2025-09-10,store,S003,Islamabad,ICT,mall,3,8,127518.59,1847.222012,125670.90999999999,41890.30333333333,0.014485903678828318,0.0,125670.90999999999
2025-09-10,store,S004,Karachi,Sindh,flagship,4,13,992480.0599999999,65676.656834,926807.11,231701.7775,0.06617428347527707,0.0,926807.11
2025-09-10,store,S005,Lahore,Punjab,high_street,6,16,124942.04000000001,9335.885665,115608.34000000001,19268.056666666667,0.07472173229282954,0.0,115608.34000000001
2025-09-10,store,S006,Islamabad,ICT,mall,1,3,25832.510000000002,74.40117,25758.03,25758.03,0.0028801370830786473,0.0,25758.03
2025-09-11,online,ONLINE,,,,7,16,130988.88,3340.489517,127649.5,18235.64285714286,0.025502084734215606,0.0,127649.5
2025-09-11,store,S001,Karachi,Sindh,flagship,3,5,743274.45,18367.86395,724905.42,241635.14,0.024712088448620828,0.0,724905.42
2025-09-11,store,S002,Lahore,Punjab,mall,3,14,390288.66,23185.665381,367096.9,122365.63333333335,0.05940645413832931,0.0,367096.9
2025-09-11,store,S003,Islamabad,ICT,mall,3,8,63458.72,1240.641345,62216.68,20738.893333333333,0.01955036825514287,0.0,62216.68
2025-09-11,store,S004,Karachi,Sindh,flagship,7,21,329195.25,38644.333561,290553.05,41507.57857142857,0.11739031338088869,0.0,290553.05
2025-09-11,store,S005,Lahore,Punjab,high_street,2,8,503880.37999999995,22108.251154999998,481760.62000000005,240880.31000000003,0.0438759912719761,0.0,481760.62000000005
2025-09-11,store,S006,Islamabad,ICT,mall,2,4,109900.72,1640.49268,108260.7,54130.35,0.014927042152226119,0.0,108260.7
2025-09-12,online,ONLINE,,,,13,25,790657.5900000001,25945.140223,764723.87,58824.913076923076,0.032814634996421135,21916.83,742807.04
2025-09-12,store,S001,Karachi,Sindh,flagship,3,10,97185.34,1961.675792,95224.74,31741.58,0.020184894059124554,0.0,95224.74
2025-09-12,store,S002,Lahore,Punjab,mall,1,2,16055.16,2283.907185,13770.539999999999,13770.539999999999,0.14225377915884987,0.0,13770.539999999999
2025-09-12,store,S003,Islamabad,ICT,mall,3,9,338119.63,4776.887572,333351.52,111117.17333333334,0.014127803144703546,154200.01,179151.51
2025-09-12,store,S004,Karachi,Sindh,flagship,7,18,1192416.44,161686.05135,1030720.6900000001,147245.81285714285,0.13559528863087464,8132.0199999999995,1022588.67
2025-09-12,store,S005,Lahore,Punjab,high_street,3,6,238068.87999999998,21561.357487999998,216515.30000000002,72171.76666666668,0.09056772765932279,0.0,216515.30000000002
2025-09-12,store,S006,Islamabad,ICT,mall,1,3,10285.6,359.82653000000005,9925.76,9925.76,0.03498352356692853,0.0,9925.76
2025-09-13,online,ONLINE,,,,13,38,996283.01,45601.759083,950686.07,73129.69769230769,0.04577189275063518,0.0,950686.07
2025-09-13,store,S001,Karachi,Sindh,flagship,3,7,153247.65,107.810147,153140.09,51046.69666666666,0.0007035027747570681,0.0,153140.09
2025-09-13,store,S002,Lahore,Punjab,mall,2,5,73594.12,278.969541,73315.26000000001,36657.630000000005,0.003790649864418516,0.0,73315.26000000001
2025-09-13,store,S003,Islamabad,ICT,mall,5,15,285961.97,791.942071,285171.36,57034.272,0.0027693964725449337,12587.65,272583.70999999996
2025-09-13,store,S004,Karachi,Sindh,flagship,6,18,367681.1,30566.147876,337102.76,56183.793333333335,0.08313222484375726,7807.040000000001,329295.72000000003
2025-09-13,store,S005,Lahore,Punjab,high_street,1,6,43767.87,1172.361958,42595.340000000004,42595.340000000004,0.026785903860525994,0.0,42595.340000000004
2025-09-13,store,S006,Islamabad,ICT,mall,6,16,429922.99,14520.770076,415400.63,69233.43833333334,0.03377528165218613,0.0,415400.63
2025-09-14,online,ONLINE,,,,6,12,161904.76,3955.1956219999997,157948.97,26324.828333333335,0.024429149717401757,18185.16,139763.81
2025-09-14,store,S001,Karachi,Sindh,flagship,5,12,663135.5599999999,10774.40967,652359.4800000001,130471.89600000002,0.01624767290416457,0.0,652359.4800000001
2025-09-14,store,S002,Lahore,Punjab,mall,3,8,59115.51,671.734678,58443.520000000004,19481.173333333336,0.011363086912385599,0.0,58443.520000000004
2025-09-14,store,S003,Islamabad,ICT,mall,3,9,682770.09,17501.552097,665266.83,221755.61,0.025633155806517535,0.0,665266.83
2025-09-14,store,S004,Karachi,Sindh,flagship,3,6,47058.29,6646.297758999999,40411.53,13470.51,0.14123542863542213,2322.17,38089.36
2025-09-14,store,S005,Lahore,Punjab,high_street,5,14,340799.08,19379.496817,321414.45,64282.89,0.056864874215622876,0.0,321414.45
2025-09-14,store,S006,Islamabad,ICT,mall,2,7,63151.27999999999,174.38720899999998,62976.399999999994,31488.199999999997,0.0027614200218902926,0.0,62976.399999999994
2025-09-15,online,ONLINE,,,,8,22,461844.2,14127.338142,447713.31,55964.16375,0.030588969487978845,0.0,447713.31
2025-09-15,store,S001,Karachi,Sindh,flagship,3,7,492099.48,11811.299180000002,480295.5,160098.5,0.024001852592894432,182851.29,297444.20999999996
2025-09-15,store,S002,Lahore,Punjab,mall,2,7,146137.72,569.260887,145568.37,72784.185,0.003895372714176737,16930.62,128637.75
2025-09-15,store,S003,Islamabad,ICT,mall,2,5,78319.19,652.5470449999999,77668.47,38834.235,0.008331892158230951,0.0,77668.47
2025-09-15,store,S004,Karachi,Sindh,flagship,1,1,1617.23,92.343833,1524.9,1524.9,0.057100000000000005,0.0,1524.9
2025-09-15,store,S005,Lahore,Punjab,high_street,1,3,10101.64,1237.022636,8864.19,8864.19,0.1224576045077829,5228.66,3635.5300000000007
2025-09-15,store,S006,Islamabad,ICT,mall,3,9,218180.6,3114.288439,215066.87,71688.95666666667,0.014273901708034536,0.0,215066.87
2025-09-16,online,ONLINE,,,,8,26,521410.48,21568.906365,499847.25999999995,62480.907499999994,0.04136646115168226,0.0,499847.25999999995
2025-09-16,store,S001,Karachi,Sindh,flagship,4,7,48301.44,155.854689,48145.65,12036.4125,0.003226708955260961,0.0,48145.65
2025-09-16,store,S002,Lahore,Punjab,mall,3,13,552251.78,0.0,552251.79,184083.93000000002,0.0,257394.76,294857.03
2025-09-16,store,S003,Islamabad,ICT,mall,3,8,509710.64,0.9320459999999999,509709.79,169903.26333333334,1.8285786618070203e-06,0.0,509709.79
2025-09-16,store,S004,Karachi,Sindh,flagship,6,20,205484.57,23408.125435,182079.46,30346.576666666664,0.11391670642228757,0.0,182079.46
2025-09-16,store,S005,Lahore,Punjab,high_street,4,10,363259.8,28154.695368,335098.45999999996,83774.61499999999,0.0775056732619464,20149.17,314949.29
2025-09-16,store,S006,Islamabad,ICT,mall,2,5,30121.100000000002,1311.3587499999999,28809.08,14404.54,0.043536217136824346,0.0,28809.08
2025-09-17,online,ONLINE,,,,12,35,545423.59,18879.379948,526539.11,43878.25916666666,0.034614160982659375,4185.46,522353.64999999997
2025-09-17,store,S001,Karachi,Sindh,flagship,3,9,663669.29,7736.703130000001,655944.16,218648.05333333334,0.011657467426283956,0.0,655944.16
2025-09-17,store,S002,Lahore,Punjab,mall,1,4,26157.96,523.35883,25635.199999999997,25635.199999999997,0.020007631711341404,0.0,25635.199999999997
2025-09-17,store,S003,Islamabad,ICT,mall,1,3,23862.55,38.418549,23823.82,23823.82,0.0016099934416061988,0.0,23823.82
2025-09-17,store,S006,Islamabad,ICT,mall,4,13,271352.92,19138.728928,252212.3,63053.075,0.07053076461458385,0.0,252212.3
2025-09-18,online,ONLINE,,,,14,38,1232669.2,45479.501846,1187219.73,84801.40928571428,0.03689513930095763,0.0,1187219.73
2025-09-18,store,S001,Karachi,Sindh,flagship,5,18,211562.3,5747.803642999999,205810.61000000002,41162.122,0.02716837377453355,30827.13,174983.48
2025-09-18,store,S003,Islamabad,ICT,mall,4,12,91763.67,3521.686911,88242.41,22060.6025,0.03837779058967454,0.0,88242.41
2025-09-18,store,S004,Karachi,Sindh,flagship,3,9,105164.86,7339.628247,97825.15000000001,32608.383333333335,0.06979164187543253,0.0,97825.15000000001
2025-09-18,store,S005,Lahore,Punjab,high_street,5,14,274906.12,14622.655543,260287.98,52057.596000000005,0.053191451478053674,1665.69,258622.29
2025-09-18,store,S006,Islamabad,ICT,mall,4,6,537363.34,18716.381915,518653.37999999995,129663.34499999999,0.03483003123175467,36411.99,482241.38999999996
2025-09-19,online,ONLINE,,,,10,38,812076.46,26871.238989,785218.0099999999,78521.80099999999,0.03308954305731261,103764.87,681453.1399999999
2025-09-19,store,S001,Karachi,Sindh,flagship,3,8,348721.11,23568.935099000002,325141.82,108380.60666666667,0.06758677471231955,15035.57,310106.25
2025-09-19,store,S002,Lahore,Punjab,mall,1,3,20083.32,113.29607899999999,19970.07,19970.07,0.005641302284682014,0.0,19970.07
2025-09-19,store,S003,Islamabad,ICT,mall,2,10,284293.91000000003,94.64961999999998,284199.74,142099.87,0.00033292876375719754,3450.93,280748.81
2025-09-19,store,S004,Karachi,Sindh,flagship,3,12,99309.45,10332.083418,88977.9,29659.3,0.10403927741015584,0.0,88977.9
2025-09-19,store,S005,Lahore,Punjab,high_street,1,3,10807.28,665.6039020000001,10141.33,10141.33,0.061588475731173806,0.0,10141.33
2025-09-19,store,S006,Islamabad,ICT,mall,1,4,54956.450000000004,277.315025,54680.43,54680.43,0.005046086947028055,0.0,54680.43
2025-09-20,online,ONLINE,,,,11,31,839364.7,17257.555098,822097.8099999999,74736.16454545454,0.020560258369216624,249622.76,572475.0499999999
2025-09-20,store,S001,Karachi,Sindh,flagship,3,9,51155.81,298.360138,50857.43,16952.476666666666,0.005832380290723576,6603.67,44253.76
2025-09-20,store,S002,Lahore,Punjab,mall,1,6,48230.84,3256.115714,44974.270000000004,44974.270000000004,0.06751107204436001,0.0,44974.270000000004
2025-09-20,store,S003,Islamabad,ICT,mall,1,3,9157.05,0.0,9157.05,9157.05,0.0,2600.01,6557.039999999999
2025-09-20,store,S004,Karachi,Sindh,flagship,6,16,227087.05,22105.490152,204982.77000000002,34163.795000000006,0.09734368451217275,76441.15,128541.62000000002
2025-09-20,store,S005,Lahore,Punjab,high_street,3,8,198408.33000000002,43454.597824,154950.47,51650.15666666667,0.2190159950643201,0.0,154950.47
2025-09-20,store,S006,Islamabad,ICT,mall,4,9,47311.01,1393.709658,45916.26,11479.065,0.0294584634316621,0.0,45916.26
2025-09-21,online,ONLINE,,,,12,26,544564.6,15081.411555,529480.69,44123.39083333333,0.027694439842398867,0.0,529480.69
2025-09-21,store,S001,Karachi,Sindh,flagship,3,9,314861.69,2995.083199,311866.84,103955.61333333334,0.009512377320340243,0.0,311866.84
2025-09-21,store,S002,Lahore,Punjab,mall,2,8,344264.36,18578.849757,325682.27999999997,162841.13999999998,0.053966811310354634,32705.92,292976.36
2025-09-21,store,S003,Islamabad,ICT,mall,2,8,57012.4,1027.6443020000002,55984.37,27992.185,0.018024926191495184,0.0,55984.37
2025-09-21,store,S004,Karachi,Sindh,flagship,1,3,16758.729999999996,2228.937704,14529.51,14529.51,0.13300158806783094,0.0,14529.51
2025-09-21,store,S005,Lahore,Punjab,high_street,1,3,245454.38,4904.538947,240557.61,240557.61,0.019981468438249095,0.0,240557.61
2025-09-21,store,S006,Islamabad,ICT,mall,3,8,375940.25,4439.581047,371505.08,123835.02666666667,0.011809273008144246,55334.79,316170.29000000004
2025-09-22,online,ONLINE,,,,9,26,857282.3099999999,38352.081971,818911.17,90990.13,0.044736817176362825,208791.84,610119.3300000001
2025-09-22,store,S001,Karachi,Sindh,flagship,4,13,123729.76999999999,3843.157634,119887.10999999999,29971.777499999997,0.031060896936929573,0.0,119887.10999999999
2025-09-22,store,S002,Lahore,Punjab,mall,1,4,106890.04,6106.782352000001,100779.57,100779.57,0.05713144416448905,0.0,100779.57
2025-09-22,store,S003,Islamabad,ICT,mall,2,3,394646.09,137.87001800000002,394508.64,197254.32,0.0003493510299316535,0.0,394508.64
2025-09-22,store,S004,Karachi,Sindh,flagship,3,7,32562.78,4175.1206839999995,28387.31,9462.436666666666,0.12821757491221572,0.0,28387.31
2025-09-22,store,S005,Lahore,Punjab,high_street,1,3,51951.7,8050.813688000001,43901.44,43901.44,0.15496728091669765,0.0,43901.44
2025-09-22,store,S006,Islamabad,ICT,mall,6,13,325755.42,2106.870857,323649.52,53941.58666666667,0.006467646361801133,21176.879999999997,302472.64
2025-09-23,online,ONLINE,,,,6,14,142767.36000000002,3698.568112,139068.16999999998,23178.028333333332,0.02590625834924733,7636.629999999999,131431.53999999998
2025-09-23,store,S001,Karachi,Sindh,flagship,3,10,113801.16,1.011876,113800.05,37933.35,8.891614110084642e-06,0.0,113800.05
2025-09-23,store,S002,Lahore,Punjab,mall,2,5,168939.99,0.0,168939.99,84469.995,0.0,0.0,168939.99
2025-09-23,store,S003,Islamabad,ICT,mall,2,8,95357.99,695.657346,94660.95999999999,47330.479999999996,0.007295218219259864,8322.03,86338.93
2025-09-23,store,S004,Karachi,Sindh,flagship,3,6,24108.4,2987.005033,21121.32,7040.44,0.1238989328615752,2544.56,18576.76
2025-09-23,store,S005,Lahore,Punjab,high_street,2,8,94691.67,5618.81534,89074.28,44537.14,0.05933801083030852,0.0,89074.28
2025-09-23,store,S006,Islamabad,ICT,mall,3,8,169336.0,10677.827933,158659.21,52886.40333333333,0.06305704595006378,76310.76,82348.45
2025-09-24,online,ONLINE,,,,15,43,577036.52,32377.517671,544669.47,36311.297999999995,0.0561099974590863,0.0,544669.47
2025-09-24,store,S001,Karachi,Sindh,flagship,3,11,929437.14,60320.957658,869132.19,289710.73,0.06490052426568622,0.0,869132.19
2025-09-24,store,S003,Islamabad,ICT,mall,2,7,36014.27,663.688078,35349.87,17674.935,0.018428475101674977,0.0,35349.87
2025-09-24,store,S004,Karachi,Sindh,flagship,2,6,314796.12999999995,47112.062854,267685.93,133842.965,0.1496589645304725,26031.4,241654.53
2025-09-24,store,S005,Lahore,Punjab,high_street,4,14,214789.24,9956.852345,204833.1,51208.275,0.046356383331865224,0.0,204833.1
2025-09-24,store,S006,Islamabad,ICT,mall,1,2,16233.7,1233.9926309999998,14999.86,14999.86,0.07601425620776532,0.0,14999.86
2025-09-25,online,ONLINE,,,,14,30,1074357.43,43958.079991000006,1030386.76,73599.05428571429,0.040915694128908296,377055.26,653331.5
2025-09-25,store,S001,Karachi,Sindh,flagship,5,14,414919.2,12996.395929,401920.85000000003,80384.17000000001,0.03132271519129508,0.0,401920.85000000003
2025-09-25,store,S002,Lahore,Punjab,mall,2,4,113175.44000000002,1729.5606940000002,111446.27,55723.135,0.015282120343424332,0.0,111446.27
2025-09-25,store,S003,Islamabad,ICT,mall,4,6,46084.61,307.526157,45776.17,11444.0425,0.006673077129219495,0.0,45776.17
2025-09-25,store,S004,Karachi,Sindh,flagship,7,18,365622.21,43195.101956,322436.69,46062.38428571429,0.11814135130357643,49128.17999999999,273308.51
2025-09-25,store,S005,Lahore,Punjab,high_street,4,10,274944.2,20766.333435,254180.94999999998,63545.237499999996,0.07552926533820317,0.0,254180.94999999998
2025-09-25,store,S006,Islamabad,ICT,mall,2,8,262919.59,5743.114806,257180.77,128590.385,0.021843616924855234,0.0,257180.77
2025-09-26,online,ONLINE,,,,16,42,835741.58,35860.155999999995,799888.63,49993.039375,0.04290818700201562,42942.270000000004,756946.36
2025-09-26,store,S001,Karachi,Sindh,flagship,1,2,5748.36,0.0,5748.36,5748.36,0.0,0.0,5748.36
2025-09-26,store,S002,Lahore,Punjab,mall,2,6,83033.06,2730.109029,80301.32,40150.66,0.03287978341397993,5610.42,74690.90000000001
2025-09-26,store,S003,Islamabad,ICT,mall,5,14,77918.13,606.258943,77311.94,15462.388,0.0077807173118759395,9506.63,67805.31
2025-09-26,store,S004,Karachi,Sindh,flagship,7,11,213300.31,21138.73968,192165.65,27452.235714285714,0.09910318311304844,3765.35,188400.3
2025-09-26,store,S005,Lahore,Punjab,high_street,6,20,395235.21,24701.323787,370532.06,61755.34333333333,0.06249778147802166,0.0,370532.06
2025-09-26,store,S006,Islamabad,ICT,mall,5,8,121680.45999999999,2605.001715,119075.14,23815.028,0.021408545916082173,0.0,119075.14
2025-09-27,online,ONLINE,,,,9,16,182432.13,6205.636056,176222.77,19580.307777777776,0.03401613551297132,0.0,176222.77
2025-09-27,store,S001,Karachi,Sindh,flagship,4,13,208410.00999999998,2579.718863,205835.67,51458.9175,0.012378094809361605,0.0,205835.67
2025-09-27,store,S002,Lahore,Punjab,mall,2,8,992111.47,50393.02472899999,941726.09,470863.045,0.050793712453500804,0.0,941726.09
2025-09-27,store,S003,Islamabad,ICT,mall,3,12,499435.18999999994,5960.650490999999,493481.17,164493.72333333333,0.011934782751291515,0.0,493481.17
2025-09-27,store,S004,Karachi,Sindh,flagship,4,8,40499.490000000005,6518.382323,33980.659999999996,8495.164999999999,0.16094973845349655,0.0,33980.659999999996
2025-09-27,store,S005,Lahore,Punjab,high_street,2,6,47187.13,2543.132446,44644.14,22322.07,0.053894620122054475,0.0,44644.14
2025-09-27,store,S006,Islamabad,ICT,mall,4,13,134663.42,7655.471501,127005.41,31751.3525,0.05684893121680705,6562.63,120442.78
2025-09-28,online,ONLINE,,,,14,45,1467628.36,63607.87027,1404006.85,100286.20357142857,0.04334058403586586,1686.25,1402320.6
2025-09-28,store,S001,Karachi,Sindh,flagship,4,13,307139.83,316.875452,306822.83,76705.7075,0.0010316976863599878,0.0,306822.83
2025-09-28,store,S002,Lahore,Punjab,mall,2,6,232686.43999999997,48.75662,232637.71999999997,116318.85999999999,0.00020953786563583166,0.0,232637.71999999997
2025-09-28,store,S003,Islamabad,ICT,mall,2,4,25192.07,31.780932,25160.15,12580.075,0.0012615450814482494,0.0,25160.15
2025-09-28,store,S004,Karachi,Sindh,flagship,1,3,44405.09,4941.886607,39463.19,39463.19,0.11129099405045685,0.0,39463.19
2025-09-28,store,S005,Lahore,Punjab,high_street,1,2,15522.07,473.960367,15048.039999999999,15048.039999999999,0.03053461084765112,0.0,15048.039999999999
2025-09-28,store,S006,Islamabad,ICT,mall,6,13,480734.82,4588.713924,476145.98,79357.66333333333,0.009545208154466531,5380.2,470765.77999999997
2025-09-29,online,ONLINE,,,,12,35,1333293.06,66655.248465,1266656.26,105554.68833333334,0.049992946385695576,0.0,1266656.26
2025-09-29,store,S001,Karachi,Sindh,flagship,6,17,448972.24,4014.157587,444957.37,74159.56166666666,0.008940770117546688,5199.19,439758.18
2025-09-29,store,S002,Lahore,Punjab,mall,3,8,210364.24999999997,8648.152574,201723.27,67241.09,0.04111037200474891,0.0,201723.27
2025-09-29,store,S003,Islamabad,ICT,mall,2,4,217229.38999999998,3063.314219,214164.18,107082.09,0.014101748474274131,0.0,214164.18
2025-09-29,store,S004,Karachi,Sindh,flagship,3,11,86698.8,7688.068386999999,79011.81999999999,26337.27333333333,0.08867560320327385,0.0,79011.81999999999
2025-09-29,store,S005,Lahore,Punjab,high_street,6,16,417243.32,17634.654519,399612.26,66602.04333333333,0.0422646778838784,0.0,399612.26
2025-09-29,store,S006,Islamabad,ICT,mall,7,16,149193.13,7171.389214,142022.39,20288.91285714286,0.04806782466458073,6934.29,135088.1
2025-09-30,online,ONLINE,,,,7,21,625603.13,12959.516185999999,612653.58,87521.93999999999,0.020715235529592056,0.0,612653.58
2025-09-30,store,S001,Karachi,Sindh,flagship,4,11,101820.19,2704.2720339999996,99114.81,24778.7025,0.026559290785059423,0.0,99114.81
2025-09-30,store,S002,Lahore,Punjab,mall,2,6,50402.26,521.7768040000001,49880.36,24940.18,0.01035225015703661,0.0,49880.36
2025-09-30,store,S003,Islamabad,ICT,mall,3,9,42352.0,1194.131562,41158.33,13719.443333333335,0.028195399556101248,0.0,41158.33
2025-09-30,store,S004,Karachi,Sindh,flagship,6,17,174355.79,17594.276619,156761.26,26126.876666666667,0.1009101941438251,0.0,156761.26
2025-09-30,store,S005,Lahore,Punjab,high_street,3,15,457896.62,62511.479223,395369.42,131789.80666666667,0.13651876098801516,0.0,395369.42
2025-09-30,store,S006,Islamabad,ICT,mall,3,7,354167.46,17073.120746999997,337082.44999999995,112360.81666666665,0.04820635059753935,0.0,337082.44999999995
2025-10-01,online,ONLINE,,,,18,60,1161342.29,35733.329888,1125604.6,62533.588888888895,0.030768990499777632,18475.72,1107128.8800000001
2025-10-01,store,S001,Karachi,Sindh,flagship,4,10,309837.08999999997,5450.062932,304392.09,76098.0225,0.017590092044822654,5799.27,298592.82
2025-10-01,store,S002,Lahore,Punjab,mall,2,11,364284.87,1859.72192,362416.1,181208.05,0.0051051308279698795,0.0,362416.1
2025-10-01,store,S003,Islamabad,ICT,mall,1,1,1481.49,0.0,1481.49,1481.49,0.0,0.0,1481.49
2025-10-01,store,S004,Karachi,Sindh,flagship,5,13,155804.38,15173.15975,140631.83,28126.365999999998,0.09738596405312867,23464.6,117167.22999999998
2025-10-01,store,S005,Lahore,Punjab,high_street,5,10,43549.42,3715.2785049999998,39834.4,7966.88,0.08531177923839169,0.0,39834.4
2025-10-01,store,S006,Islamabad,ICT,mall,3,5,17498.07,214.93348000000003,17283.39,5761.13,0.012283267811821534,0.0,17283.39
2025-10-02,online,ONLINE,,,,16,38,992725.5700000001,29549.265942,963155.11,60197.194375,0.029765795135104658,246713.48,716441.63
2025-10-02,store,S001,Karachi,Sindh,flagship,2,9,61371.79,1862.142181,59508.97,29754.485,0.030341989063705,0.0,59508.97
2025-10-02,store,S002,Lahore,Punjab,mall,3,7,42493.94,0.0,42493.94,14164.646666666667,0.0,15067.83,27426.11
2025-10-02,store,S003,Islamabad,ICT,mall,2,4,18885.27,98.84461,18786.65,9393.325,0.005233952704938823,0.0,18786.65
2025-10-02,store,S004,Karachi,Sindh,flagship,7,15,726835.7,125893.85102,600922.8500000001,85846.12142857144,0.17320812808176594,12082.4,588840.4500000001
2025-10-02,store,S005,Lahore,Punjab,high_street,5,19,566204.52,18212.061368,547994.5399999999,109598.90799999998,0.03216516422016553,0.0,547994.5399999999
2025-10-02,store,S006,Islamabad,ICT,mall,3,8,247325.83000000002,1545.123685,245773.1,81924.36666666667,0.006247320326388877,6515.89,239257.21
2025-10-03,online,ONLINE,,,,4,18,478236.32,11192.532506,467049.17000000004,116762.29250000001,0.02340376930384543,0.0,467049.17000000004
2025-10-03,store,S001,Karachi,Sindh,flagship,1,5,180590.25,312.18588700000004,180278.47,180278.47,0.0017286973521549477,0.0,180278.47
2025-10-03,store,S002,Lahore,Punjab,mall,1,5,470986.04000000004,0.0,470986.04000000004,470986.04000000004,0.0,0.0,470986.04000000004
2025-10-03,store,S003,Islamabad,ICT,mall,3,15,630111.1799999999,2976.356238,627135.49,209045.16333333333,0.004723541388362606,0.0,627135.49
2025-10-03,store,S004,Karachi,Sindh,flagship,4,14,199004.9,21529.670698,177475.81,44368.9525,0.10818663609790515,0.0,177475.81
2025-10-03,store,S005,Lahore,Punjab,high_street,6,19,1019391.63,56751.280600000006,962642.3400000001,160440.39,0.055671715295523866,1546.02,961096.3200000001
2025-10-03,store,S006,Islamabad,ICT,mall,2,5,248970.03,3769.532341,245206.28,122603.14,0.01514050643364585,0.0,245206.28
2025-10-04,online,ONLINE,,,,10,26,763679.87,19179.016418,744520.29,74452.02900000001,0.02511394783523625,0.0,744520.29
2025-10-04,store,S001,Karachi,Sindh,flagship,6,12,331817.73,18560.719376,313247.82,52207.97,0.055936490723386,20074.48,293173.34
2025-10-04,store,S002,Lahore,Punjab,mall,5,13,805505.2,62885.214307,742632.6900000001,148526.538,0.07806928410518021,30244.15,712388.54
2025-10-04,store,S003,Islamabad,ICT,mall,2,2,40230.920000000006,613.2524040000001,39619.18,19809.59,0.0152433104686644,32016.57,7602.610000000001
2025-10-04,store,S004,Karachi,Sindh,flagship,5,8,45442.44,5427.1668469999995,40015.63,8003.125999999999,0.11942947709233921,0.0,40015.63
2025-10-04,store,S005,Lahore,Punjab,high_street,1,4,43064.57,2020.349489,41044.13,41044.13,0.04691442382914772,0.0,41044.13
2025-10-04,store,S006,Islamabad,ICT,mall,5,14,452685.73,4513.3796330000005,448183.01,89636.602,0.009970227320839119,6508.32,441674.69
2025-10-05,online,ONLINE,,,,9,30,1990761.44,47183.157695999995,1943584.12,215953.79111111112,0.023701060683594514,0.0,1943584.12
2025-10-05,store,S001,Karachi,Sindh,flagship,1,5,20777.41,133.01587999999998,20644.23,20644.23,0.006401947114678874,0.0,20644.23
2025-10-05,store,S002,Lahore,Punjab,mall,1,9,68992.27,0.0,68992.26999999999,68992.26999999999,0.0,0.0,68992.26999999999
2025-10-05,store,S003,Islamabad,ICT,mall,1,2,29653.37,101.01115200000001,29552.21,29552.21,0.003406397046946098,0.0,29552.21
2025-10-05,store,S004,Karachi,Sindh,flagship,2,6,113329.11,15005.112882999998,98322.94,49161.47,0.13240298880843587,0.0,98322.94
2025-10-05,store,S005,Lahore,Punjab,high_street,3,8,282780.11,14074.446007,268707.58,89569.19333333334,0.04977169719256422,0.0,268707.58
2025-10-05,store,S006,Islamabad,ICT,mall,4,6,239914.87,15320.765295,224587.39,56146.8475,0.06385917344348017,0.0,224587.39
2025-10-06,online,ONLINE,,,,18,56,1777155.58,61919.957920999994,1715249.6,95291.64444444445,0.03484217061119657,4445.16,1710804.4400000002
2025-10-06,store,S001,Karachi,Sindh,flagship,3,7,47986.5,682.7650679999999,47303.82,15767.94,0.014228273952049012,0.0,47303.82
2025-10-06,store,S002,Lahore,Punjab,mall,2,7,41614.32,450.432634,41163.81,20581.905,0.010823981600564421,11585.4,29578.409999999996
2025-10-06,store,S003,Islamabad,ICT,mall,3,7,92584.86,1621.853918,90962.96,30320.986666666668,0.017517485234626914,0.0,90962.96
2025-10-06,store,S004,Karachi,Sindh,flagship,1,3,54028.47,3400.5635840000004,50626.64,50626.64,0.06294021622303946,0.0,50626.64
2025-10-06,store,S005,Lahore,Punjab,high_street,2,6,33070.89,2287.979794,30783.5,15391.75,0.06918410100242237,0.0,30783.5
2025-10-06,store,S006,Islamabad,ICT,mall,5,11,86177.12,2928.336225,83248.06,16649.612,0.03398043732489552,6876.32,76371.73999999999
2025-10-07,online,ONLINE,,,,9,17,505138.24,8615.409474,496537.57,55170.84111111111,0.017055547950596654,2548.59,493988.98
2025-10-07,store,S001,Karachi,Sindh,flagship,5,12,270159.35,2347.882483,267814.60000000003,53562.920000000006,0.008690731906928264,0.0,267814.60000000003
2025-10-07,store,S002,Lahore,Punjab,mall,5,18,963602.0,2772.2908979999997,960831.26,192166.252,0.002877008244067571,10607.31,950223.95
2025-10-07,store,S005,Lahore,Punjab,high_street,1,1,5393.17,659.045374,4734.11,4734.11,0.1222,0.0,4734.11
2025-10-07,store,S006,Islamabad,ICT,mall,4,10,284543.26,11784.127248,272764.38,68191.095,0.04141418513304444,0.0,272764.38
2025-10-08,online,ONLINE,,,,13,34,1443662.94,60511.289623000004,1383127.73,106394.44076923077,0.04191510909256977,15729.539999999999,1367398.19
2025-10-08,store,S001,Karachi,Sindh,flagship,3,10,218438.2,2170.803741,216269.08000000002,72089.69333333334,0.00993783935685242,0.0,216269.08000000002
2025-10-08,store,S002,Lahore,Punjab,mall,3,9,93396.37999999999,1777.632926,91617.94,30539.313333333335,0.019033210130842332,0.0,91617.94
2025-10-08,store,S003,Islamabad,ICT,mall,1,2,5715.6900000000005,16.539410999999998,5699.02,5699.02,0.002893685801714228,0.0,5699.02
2025-10-08,store,S004,Karachi,Sindh,flagship,2,8,42271.9,4532.915952,37738.66,18869.33,0.10723236835817647,0.0,37738.66
2025-10-08,store,S006,Islamabad,ICT,mall,2,9,174083.51,8966.107879000001,165120.35,82560.175,0.05150463636102007,0.0,165120.35
2025-10-09,online,ONLINE,,,,13,38,802203.33,30152.73749,772051.02,59388.54,0.037587400054796584,0.0,772051.02
2025-10-09,store,S001,Karachi,Sindh,flagship,1,2,6009.38,393.589102,5615.86,5615.86,0.06549579191197762,0.0,5615.86
2025-10-09,store,S002,Lahore,Punjab,mall,2,4,25278.329999999998,133.49194599999998,25144.51,12572.255,0.005280884694518981,0.0,25144.51
2025-10-09,store,S003,Islamabad,ICT,mall,2,5,240128.58,20.923056,240107.77,120053.885,8.713271864598542e-05,0.0,240107.77
2025-10-09,store,S004,Karachi,Sindh,flagship,7,18,116713.34,15413.834981,101299.52,14471.36,0.13206575170413254,5907.37,95392.15000000001
2025-10-09,store,S005,Lahore,Punjab,high_street,4,11,308426.38,20928.090111999998,287499.47,71874.8675,0.06785441022262752,0.0,287499.47
2025-10-09,store,S006,Islamabad,ICT,mall,3,13,553076.74,5378.589512000001,547712.47,182570.82333333333,0.009724852128115172,0.0,547712.47
2025-10-10,online,ONLINE,,,,17,45,732587.01,19567.551832,713032.2799999999,41943.07529411764,0.02671020856894528,33771.63,679260.6499999999
2025-10-10,store,S001,Karachi,Sindh,flagship,2,2,14575.32,561.9652209999999,14013.289999999999,7006.6449999999995,0.0385559439518309,2296.23,11717.06
2025-10-10,store,S002,Lahore,Punjab,mall,1,1,24999.03,1499.9417999999998,23497.86,23497.86,0.06,0.0,23497.86
2025-10-10,store,S003,Islamabad,ICT,mall,1,3,24119.88,984.436696,23135.77,23135.77,0.04081432809781806,0.0,23135.77
2025-10-10,store,S004,Karachi,Sindh,flagship,7,14,597646.03,59385.166382999996,538258.46,76894.06571428571,0.09936511480382458,0.0,538258.46
2025-10-10,store,S005,Lahore,Punjab,high_street,5,14,514537.64,33495.788737,481037.53,96207.50600000001,0.06509881130756537,3997.26,477040.27
2025-10-10,store,S006,Islamabad,ICT,mall,2,4,304916.33,25544.128052,279363.69999999995,139681.84999999998,0.08377422111829826,0.0,279363.69999999995
2025-10-11,online,ONLINE,,,,16,40,1319376.34,60186.762883,1259171.44,78698.215,0.0456175854138782,79121.16,1180050.28
2025-10-11,store,S001,Karachi,Sindh,flagship,4,15,172664.23,2599.117326,170063.95,42515.9875,0.015053015474021457,0.0,170063.95
2025-10-11,store,S002,Lahore,Punjab,mall,1,3,219724.81,0.0,219724.81,219724.81,0.0,0.0,219724.81
2025-10-11,store,S003,Islamabad,ICT,mall,5,16,457717.83,415.998,457301.82,91460.364,0.0009088525129117212,2007.93,455293.89
2025-10-11,store,S004,Karachi,Sindh,flagship,2,7,24697.159999999996,2137.355712,22560.15,11280.075,0.08654257056276918,0.0,22560.15
2025-10-11,store,S005,Lahore,Punjab,high_street,4,17,414157.96,41563.05023,372601.88999999996,93150.47249999999,0.10035555088691281,216405.03,156196.85999999996
2025-10-11,store,S006,Islamabad,ICT,mall,4,13,150048.32,9052.397954,140999.87,35249.9675,0.060329885426241354,0.0,140999.87
2025-10-12,online,ONLINE,,,,12,22,1156210.99,25233.587424999998,1130998.0,94249.83333333333,0.021824379497551737,20332.280000000002,1110665.72
2025-10-12,store,S001,Karachi,Sindh,flagship,4,9,251529.30000000002,5966.839672,245554.02000000002,61388.505000000005,0.02372224497106301,0.0,245554.02000000002
2025-10-12,store,S002,Lahore,Punjab,mall,4,14,353599.66000000003,4810.384445,348787.88,87196.97,0.01360404148861455,0.0,348787.88
2025-10-12,store,S003,Islamabad,ICT,mall,4,10,325009.2,2150.431677,322854.38,80713.595,0.006616525553738171,0.0,322854.38
2025-10-12,store,S004,Karachi,Sindh,flagship,6,10,539130.39,79401.23339400001,459728.96,76621.49333333333,0.14727649352877326,0.0,459728.96
2025-10-12,store,S005,Lahore,Punjab,high_street,4,16,640970.2699999999,31109.891151,609868.31,152467.0775,0.04853562264440128,0.0,609868.31
2025-10-12,store,S006,Islamabad,ICT,mall,2,6,114184.93,2311.002722,111871.75,55935.875,0.020239121940171967,0.0,111871.75
2025-10-13,online,ONLINE,,,,8,20,1142507.28,27984.860733,1114515.64,139314.455,0.024494251566607086,0.0,1114515.64
2025-10-13,store,S001,Karachi,Sindh,flagship,4,9,277091.17,17715.689336,259381.53,64845.3825,0.06393451417452242,0.0,259381.53
2025-10-13,store,S002,Lahore,Punjab,mall,3,7,25672.32,146.543323,25525.7,8508.566666666668,0.005708222825206292,0.0,25525.7
2025-10-13,store,S003,Islamabad,ICT,mall,1,4,63984.68,749.5451840000001,63236.96,63236.96,0.01171444764590524,0.0,63236.96
2025-10-13,store,S004,Karachi,Sindh,flagship,2,5,392279.33,72902.44461199999,319378.32,159689.16,0.18584319650999706,0.0,319378.32
2025-10-13,store,S005,Lahore,Punjab,high_street,3,12,561843.5700000001,29585.092254000003,532266.2,177422.06666666665,0.05265716977770165,0.0,532266.2
2025-10-13,store,S006,Islamabad,ICT,mall,1,3,123448.46999999999,0.0,123448.46999999999,123448.46999999999,0.0,0.0,123448.46999999999
2025-10-14,online,ONLINE,,,,6,18,125642.84999999999,3831.0508670000004,121812.96,20302.16,0.030491594762455648,0.0,121812.96
2025-10-14,store,S001,Karachi,Sindh,flagship,3,8,327548.92,606.475512,326945.56,108981.85333333333,0.001851557049859911,0.0,326945.56
2025-10-14,store,S002,Lahore,Punjab,mall,4,19,333958.87,1232.605505,332726.39,83181.5975,0.0036908901536287985,0.0,332726.39
2025-10-14,store,S003,Islamabad,ICT,mall,3,9,245190.98,12750.965536,232432.16,77477.38666666667,0.0520042194700637,5354.28,227077.88
2025-10-14,store,S004,Karachi,Sindh,flagship,3,10,145685.99,9179.139743,136509.35,45503.11666666667,0.06300633124022427,0.0,136509.35
2025-10-14,store,S005,Lahore,Punjab,high_street,1,3,15678.74,1416.8831850000001,14261.7,14261.7,0.09036970987464554,0.0,14261.7
2025-10-14,store,S006,Islamabad,ICT,mall,2,4,66814.85,464.476213,66348.73,33174.365,0.0069516913231115526,0.0,66348.73
2025-10-15,online,ONLINE,,,,19,58,1072670.95,32808.998668,1039881.88,54730.6252631579,0.030586265683805458,18208.59,1021673.29
2025-10-15,store,S001,Karachi,Sindh,flagship,6,22,351306.92,3798.362145,347506.06,57917.676666666666,0.010812090308383336,0.0,347506.06
2025-10-15,store,S002,Lahore,Punjab,mall,3,5,274057.6,12777.233748,261282.65,87094.21666666666,0.04662243903471388,0.0,261282.65
2025-10-15,store,S003,Islamabad,ICT,mall,2,7,796111.22,25664.912734,770442.13,385221.065,0.0322378482921017,0.0,770442.13
2025-10-15,store,S004,Karachi,Sindh,flagship,4,11,106181.97,6122.736824,100060.05,25015.0125,0.0576626787391494,14464.34,85595.71
2025-10-15,store,S005,Lahore,Punjab,high_street,1,4,143897.2,9096.110818000001,134797.59,134797.59,0.06321256298246249,0.0,134797.59
2025-10-15,store,S006,Islamabad,ICT,mall,5,15,74286.18,1012.704466,73273.25,14654.65,0.01363247465410121,0.0,73273.25
2025-10-16,online,ONLINE,,,,10,22,471190.42000000004,25430.802462,445760.64,44576.064,0.053971391145855634,0.0,445760.64
2025-10-16,store,S001,Karachi,Sindh,flagship,1,1,203858.28,2996.716716,200851.62,200851.62,0.0147,0.0,200851.62
2025-10-16,store,S003,Islamabad,ICT,mall,4,10,351822.56,17236.553087,334597.38,83649.345,0.04899217687177309,0.0,334597.38
2025-10-16,store,S004,Karachi,Sindh,flagship,8,18,833384.79,83426.700207,749943.0700000001,93742.88375000001,0.10010585891182391,0.0,749943.0700000001
2025-10-16,store,S005,Lahore,Punjab,high_street,3,9,128679.06,7626.784644,121051.5,40350.5,0.059269819378537585,0.0,121051.5
2025-10-16,store,S006,Islamabad,ICT,mall,1,2,12122.15,3.655556,12118.14,12118.14,0.0003015600367921532,0.0,12118.14
2025-10-17,online,ONLINE,,,,15,37,358905.27999999997,8645.56106,350258.33999999997,23350.555999999997,0.024088698444336067,4231.06,346027.27999999997
2025-10-17,store,S001,Karachi,Sindh,flagship,2,2,9643.82,383.31811799999997,9260.37,4630.185,0.039747539667890935,0.0,9260.37
2025-10-17,store,S003,Islamabad,ICT,mall,3,6,52723.57,959.920516,51763.33,17254.443333333333,0.018206667644091627,3220.51,48542.82
2025-10-17,store,S004,Karachi,Sindh,flagship,1,2,25716.71,3235.4363349999994,22481.760000000002,22481.760000000002,0.1258106629891615,7011.78,15469.980000000003
2025-10-17,store,S005,Lahore,Punjab,high_street,3,6,42492.71,2206.052776,40287.47,13429.156666666668,0.05191602926713782,0.0,40287.47
2025-10-17,store,S006,Islamabad,ICT,mall,4,7,45969.25,365.24426700000004,45604.5,11401.125,0.007945404090778076,0.0,45604.5
2025-10-18,online,ONLINE,,,,13,44,766146.54,26614.871496,739537.22,56887.478461538456,0.034738617361634236,21342.91,718194.3099999999
2025-10-18,store,S001,Karachi,Sindh,flagship,1,4,276476.25,0.0,276476.25,276476.25,0.0,0.0,276476.25
2025-10-18,store,S003,Islamabad,ICT,mall,2,9,147770.87,9410.572925,138365.13,69182.565,0.0636835455120485,0.0,138365.13
2025-10-18,store,S004,Karachi,Sindh,flagship,3,5,277399.32,34951.289542,242451.5,80817.16666666667,0.12599630576599827,0.0,242451.5
2025-10-18,store,S005,Lahore,Punjab,high_street,3,10,99211.19,7028.006219,92184.46,30728.153333333335,0.07083884609185717,0.0,92184.46
2025-10-18,store,S006,Islamabad,ICT,mall,2,3,378043.35,4617.272510999999,373413.97,186706.985,0.012213605955507483,0.0,373413.97
2025-10-19,online,ONLINE,,,,9,25,790786.6799999999,47885.99869,742916.82,82546.31333333332,0.06055488781121099,11333.89,731582.9299999999
2025-10-19,store,S001,Karachi,Sindh,flagship,3,4,32897.05,23.232795000000003,32873.58,10957.86,0.0007062273060958353,0.0,32873.58
2025-10-19,store,S002,Lahore,Punjab,mall,1,6,53318.33,106.302842,53212.44,53212.44,0.0019937391512449844,0.0,53212.44
2025-10-19,store,S003,Islamabad,ICT,mall,3,5,291904.19,499.135473,291405.67,97135.22333333333,0.0017099291140699282,0.0,291405.67
2025-10-19,store,S004,Karachi,Sindh,flagship,8,23,282066.96,40599.580399000006,241465.46,30183.1825,0.14393596612307943,16249.43,225216.03
2025-10-19,store,S005,Lahore,Punjab,high_street,4,14,431752.86,31844.750656000004,399907.25,99976.8125,0.07375689568333145,2123.97,397783.28
2025-10-19,store,S006,Islamabad,ICT,mall,2,4,37635.5,1746.7442330000001,35888.53,17944.265,0.04641214366754793,0.0,35888.53
2025-10-20,online,ONLINE,,,,18,59,1673853.21,49167.154368,1624692.81,90260.71166666667,0.02937363567740806,10653.09,1614039.72
2025-10-20,store,S001,Karachi,Sindh,flagship,6,15,310791.07999999996,4201.021782,306590.59,51098.43166666667,0.01351718904545137,0.0,306590.59
2025-10-20,store,S002,Lahore,Punjab,mall,4,11,145415.12,8772.181856,136643.71,34160.9275,0.0603251013787287,0.0,136643.71
2025-10-20,store,S003,Islamabad,ICT,mall,1,3,10384.28,645.576017,9739.05,9739.05,0.06216858722992831,0.0,9739.05
2025-10-20,store,S004,Karachi,Sindh,flagship,1,1,4731.48,861.1293599999999,3870.35,3870.35,0.182,0.0,3870.35
2025-10-20,store,S005,Lahore,Punjab,high_street,4,10,90177.02,5058.01028,85120.26000000001,21280.065000000002,0.056089791833884066,0.0,85120.26000000001
2025-10-20,store,S006,Islamabad,ICT,mall,5,10,741227.6900000001,23634.942272,717606.97,143521.394,0.03188621066220556,0.0,717606.97
2025-10-21,online,ONLINE,,,,16,42,457402.01999999996,29583.384357000003,427810.39999999997,26738.149999999998,0.06467698668449257,4480.94,423329.45999999996
2025-10-21,store,S001,Karachi,Sindh,flagship,1,3,9574.84,483.680546,9091.26,9091.26,0.05051578365800368,0.0,9091.26
2025-10-21,store,S002,Lahore,Punjab,mall,4,13,362259.3,8711.159485,353554.81,88388.7025,0.024046751829421634,0.0,353554.81
2025-10-21,store,S003,Islamabad,ICT,mall,3,6,105736.07999999999,1529.972145,104207.55,34735.85,0.014469726369655468,12111.77,92095.78
2025-10-21,store,S004,Karachi,Sindh,flagship,4,9,346474.47,58973.205254,287494.33,71873.5825,0.17020938152816859,0.0,287494.33
2025-10-21,store,S005,Lahore,Punjab,high_street,2,3,19043.43,1431.848119,17611.55,8805.775,0.07518856209201809,11664.43,5947.119999999999
2025-10-21,store,S006,Islamabad,ICT,mall,4,11,351965.68,1104.705228,350872.45,87718.1125,0.0031386731456316992,0.0,350872.45
2025-10-22,online,ONLINE,,,,9,23,412932.5,7895.752443,405045.02,45005.002222222225,0.019121169786829567,6649.82,398395.2
2025-10-22,store,S001,Karachi,Sindh,flagship,2,7,284482.4,80.81983,284401.49,142200.745,0.00028409430600979176,0.0,284401.49
2025-10-22,store,S002,Lahore,Punjab,mall,2,2,24005.36,277.23010700000003,23728.120000000003,11864.060000000001,0.011548675254193232,0.0,23728.120000000003
2025-10-22,store,S003,Islamabad,ICT,mall,1,1,2406.8,0.0,2406.8,2406.8,0.0,0.0,2406.8
2025-10-22,store,S004,Karachi,Sindh,flagship,7,18,183799.71000000002,18417.731399,165381.25,23625.89285714286,0.10020544319139567,0.0,165381.25
2025-10-22,store,S005,Lahore,Punjab,high_street,1,2,112904.18000000001,6520.532556,106384.5,106384.5,0.05775280025947666,0.0,106384.5
2025-10-22,store,S006,Islamabad,ICT,mall,7,17,492912.71,6786.008195000001,486123.24,69446.17714285714,0.01376716010224204,0.0,486123.24
2025-10-23,online,ONLINE,,,,7,15,643708.04,11790.192974999998,631905.49,90272.21285714286,0.018316056725033288,0.0,631905.49
2025-10-23,store,S001,Karachi,Sindh,flagship,9,30,304229.91,4473.575021,299758.65,33306.51666666667,0.014704586478693039,6101.71,293656.94
2025-10-23,store,S002,Lahore,Punjab,mall,3,6,288456.7,3804.689137,284651.17,94883.72333333333,0.013189810245350514,0.0,284651.17
2025-10-23,store,S003,Islamabad,ICT,mall,2,8,262532.38,9264.503834000001,253258.51,126629.255,0.035288994957498196,1281.98,251976.53
2025-10-23,store,S004,Karachi,Sindh,flagship,1,6,27483.94,1837.473305,25646.89,25646.89,0.06685625514391313,0.0,25646.89
2025-10-23,store,S005,Lahore,Punjab,high_street,3,9,183979.09,11394.336445,172581.43,57527.14333333333,0.061932779670776726,0.0,172581.43
2025-10-23,store,S006,Islamabad,ICT,mall,2,6,35549.07,4275.544643,31274.010000000002,15637.005000000001,0.12027163138163671,0.0,31274.010000000002
2025-10-24,online,ONLINE,,,,11,26,221389.47999999998,5413.804327,215977.47999999998,19634.31636363636,0.02445375600954481,0.0,215977.47999999998
2025-10-24,store,S001,Karachi,Sindh,flagship,2,5,37092.55,4.661169999999999,37087.91,18543.955,0.00012566323965324571,0.0,37087.91
2025-10-24,store,S003,Islamabad,ICT,mall,4,13,1071966.11,11420.809221000001,1060562.34,265140.585,0.010654076760878196,226720.76,833841.5800000001
2025-10-24,store,S004,Karachi,Sindh,flagship,6,14,630378.39,54103.458699999996,576280.2999999999,96046.71666666666,0.0858269565681019,10765.88,565514.4199999999
2025-10-24,store,S005,Lahore,Punjab,high_street,6,8,44526.32,4543.639706,39982.22,6663.703333333334,0.10204390809750279,7445.219999999999,32537.0
2025-10-24,store,S006,Islamabad,ICT,mall,4,9,142680.92,4103.207506,138574.66,34643.665,0.028757927170640612,94064.40000000001,44510.259999999995
2025-10-25,online,ONLINE,,,,3,6,45303.47,1501.028687,43802.45,14600.816666666666,0.0331327531202356,0.0,43802.45
2025-10-25,store,S001,Karachi,Sindh,flagship,3,8,777488.1399999999,12288.383925,765213.1399999999,255071.04666666663,0.015805236495311688,340855.88,424357.2599999999
2025-10-25,store,S002,Lahore,Punjab,mall,1,2,11700.01,158.44462500000003,11541.65,11541.65,0.01354226406644097,0.0,11541.65
2025-10-25,store,S003,Islamabad,ICT,mall,4,8,58030.009999999995,988.389119,57041.43,14260.3575,0.01703237891911444,0.0,57041.43
2025-10-25,store,S004,Karachi,Sindh,flagship,2,2,235040.1,26760.544552999996,208276.27,104138.135,0.11385522960975593,0.0,208276.27
2025-10-25,store,S005,Lahore,Punjab,high_street,4,7,271949.13,9140.595605,262803.52,65700.88,0.033611416977138334,15374.29,247429.23
2025-10-25,store,S006,Islamabad,ICT,mall,1,2,5991.32,770.08474,5221.36,5221.36,0.12853340165439336,0.0,5221.36
2025-10-26,online,ONLINE,,,,5,13,563398.23,17351.13564,546057.35,109211.47,0.03079728461340747,0.0,546057.35
2025-10-26,store,S001,Karachi,Sindh,flagship,3,9,72234.86,696.8928189999999,71538.65,23846.216666666664,0.009647597005102522,0.0,71538.65
2025-10-26,store,S003,Islamabad,ICT,mall,1,5,75151.84,0.0,75151.84,75151.84,0.0,0.0,75151.84
2025-10-26,store,S004,Karachi,Sindh,flagship,4,7,266075.07,31675.752489000002,234409.94,58602.485,0.11904817873016063,0.0,234409.94
2025-10-26,store,S005,Lahore,Punjab,high_street,7,22,488613.6,21825.48433,466801.24000000005,66685.89142857144,0.04466818838034799,0.0,466801.24000000005
2025-10-26,store,S006,Islamabad,ICT,mall,3,8,296946.62,374.790823,296570.33,98856.77666666667,0.0012621488097759792,0.0,296570.33
2025-10-27,online,ONLINE,,,,7,22,456456.41000000003,14359.529021999999,442101.76,63157.39428571429,0.03145870823021194,0.0,442101.76
2025-10-27,store,S002,Lahore,Punjab,mall,3,7,558426.49,9257.059984,549156.2000000001,183052.06666666668,0.016577043084041374,0.0,549156.2000000001
2025-10-27,store,S003,Islamabad,ICT,mall,2,6,270003.2,3510.6652320000003,266490.10000000003,133245.05000000002,0.01300230972077368,1346.55,265143.55000000005
2025-10-27,store,S004,Karachi,Sindh,flagship,2,6,164397.09,17824.950411,146575.08000000002,73287.54000000001,0.10842619179573071,0.0,146575.08000000002
2025-10-27,store,S005,Lahore,Punjab,high_street,3,6,470417.38,42166.331331,428253.16,142751.05333333332,0.08963599799607744,0.0,428253.16
2025-10-27,store,S006,Islamabad,ICT,mall,3,8,62090.97,309.580712,61781.75,20593.916666666668,0.004985921656562943,0.0,61781.75
2025-10-28,online,ONLINE,,,,10,25,283837.77,11285.027904,272549.98,27254.998,0.03975872521828226,51244.12,221305.86
2025-10-28,store,S001,Karachi,Sindh,flagship,5,19,416019.07999999996,27253.305002,388766.43,77753.286,0.06550974777887592,176257.45,212508.97999999998
2025-10-28,store,S002,Lahore,Punjab,mall,2,5,32237.02,1851.984593,30385.04,15192.52,0.05744900096224775,8170.1,22214.940000000002
2025-10-28,store,S003,Islamabad,ICT,mall,1,4,53161.299999999996,607.342625,52552.41999999999,52552.41999999999,0.011424525453666484,0.0,52552.41999999999
2025-10-28,store,S004,Karachi,Sindh,flagship,4,9,902545.87,131151.613181,771385.37,192846.3425,0.14531296141325203,1403.68,769981.69
2025-10-28,store,S005,Lahore,Punjab,high_street,4,8,153341.12,12246.556447999998,141090.14,35272.535,0.07986479065758746,7656.94,133433.2
2025-10-28,store,S006,Islamabad,ICT,mall,3,14,122130.35,3671.1613170000005,118458.66,39486.22,0.030059369493332332,0.0,118458.66
2025-10-29,online,ONLINE,,,,14,40,416303.41,17282.023668,399022.84,28501.63142857143,0.041513048543128685,9778.29,389244.55000000005
2025-10-29,store,S001,Karachi,Sindh,flagship,3,6,56974.51,988.636159,55985.3,18661.766666666666,0.01735225382368361,0.0,55985.3
2025-10-29,store,S003,Islamabad,ICT,mall,1,4,232028.59999999998,0.0,232028.59999999998,232028.59999999998,0.0,194652.21,37376.389999999985
2025-10-29,store,S004,Karachi,Sindh,flagship,8,22,563887.35,60848.416527999994,503039.79,62879.97375,0.10790881641164675,0.0,503039.79
2025-10-29,store,S005,Lahore,Punjab,high_street,6,11,596938.52,45727.122472999996,551214.73,91869.12166666666,0.07660273368352907,5669.59,545545.14
2025-10-29,store,S006,Islamabad,ICT,mall,2,5,654166.46,36026.901181,618164.27,309082.135,0.05507298735707117,232913.97,385250.30000000005
2025-10-30,online,ONLINE,,,,10,39,988903.2999999999,15322.40556,973575.74,97357.574,0.015494341620662001,9503.89,964071.85
2025-10-30,store,S001,Karachi,Sindh,flagship,3,12,260525.17,2161.421984,258363.35,86121.11666666667,0.008296403698728994,0.0,258363.35
2025-10-30,store,S002,Lahore,Punjab,mall,3,8,104262.34,3077.300656,101183.45000000001,33727.81666666667,0.02951497785298124,7927.67,93255.78000000001
2025-10-30,store,S003,Islamabad,ICT,mall,3,17,386066.55,1761.3357139999998,384305.69,128101.89666666667,0.004562259315136211,0.0,384305.69
2025-10-30,store,S004,Karachi,Sindh,flagship,2,9,245786.15999999997,45260.585966,200530.08,100265.04,0.18414619426089737,0.0,200530.08
2025-10-30,store,S005,Lahore,Punjab,high_street,4,15,205399.34000000003,12322.704419000002,193074.32,48268.58,0.059993885175093555,15813.04,177261.28
2025-10-30,store,S006,Islamabad,ICT,mall,4,11,347084.83999999997,15680.400840000002,331397.33,82849.3325,0.04517742935704136,2961.14,328436.19
2025-10-31,online,ONLINE,,,,10,19,392019.73,12802.968958000001,379210.13999999996,37921.013999999996,0.032658991316585013,0.0,379210.13999999996
2025-10-31,store,S001,Karachi,Sindh,flagship,4,8,365527.54,5126.890683,360415.22000000003,90103.80500000001,0.014026003849121737,0.0,360415.22000000003
2025-10-31,store,S002,Lahore,Punjab,mall,3,9,379372.66000000003,4708.205078000001,374668.96,124889.65333333334,0.01241050179525325,241341.68,133327.28000000003
2025-10-31,store,S003,Islamabad,ICT,mall,3,6,76475.1,1354.527342,75121.01,25040.336666666666,0.017712004848637008,0.0,75121.01
2025-10-31,store,S004,Karachi,Sindh,flagship,2,9,139786.89,23583.341697,116202.16,58101.08,0.16870925232688128,0.0,116202.16
2025-10-31,store,S005,Lahore,Punjab,high_street,1,2,15376.45,466.511116,14909.5,14909.5,0.030339325136816364,0.0,14909.5
2025-10-31,store,S006,Islamabad,ICT,mall,1,3,77827.3,148.15211499999998,77678.49,77678.49,0.0019036008572827269,0.0,77678.49
2025-11-01,online,ONLINE,,,,15,40,1403012.8699999999,24146.236122000002,1378867.42,91924.49466666667,0.017210274145240026,7249.82,1371617.5999999999
2025-11-01,store,S001,Karachi,Sindh,flagship,3,8,93773.15,893.4328,92880.12,30960.039999999997,0.009527597185335036,0.0,92880.12
2025-11-01,store,S003,Islamabad,ICT,mall,4,13,397736.80000000005,11238.345116,386493.02999999997,96623.25749999999,0.028255733731452556,0.0,386493.02999999997
2025-11-01,store,S004,Karachi,Sindh,flagship,5,7,229979.65,18101.784466,211875.22,42375.044,0.07871037487882081,22650.98,189224.24
2025-11-01,store,S005,Lahore,Punjab,high_street,4,13,244007.5,15268.412487,228746.49,57186.6225,0.06257353764535926,23573.27,205173.22
2025-11-01,store,S006,Islamabad,ICT,mall,3,5,62018.159999999996,602.4948469999999,61414.29,20471.43,0.0097148133224204,0.0,61414.29
2025-11-02,online,ONLINE,,,,12,30,955921.61,17212.874909,938718.25,78226.52083333333,0.018006575778739847,0.0,938718.25
2025-11-02,store,S001,Karachi,Sindh,flagship,7,27,207061.88999999998,9268.530315,197792.11,28256.015714285713,0.04476212554130555,3667.46,194124.65
2025-11-02,store,S002,Lahore,Punjab,mall,3,18,339474.22000000003,307.064464,339166.83,113055.61,0.0009045295516107231,7888.29,331278.54000000004
2025-11-02,store,S003,Islamabad,ICT,mall,4,12,134166.33000000002,972.164926,133195.5,33298.875,0.0072459679414350825,0.0,133195.5
2025-11-02,store,S004,Karachi,Sindh,flagship,4,13,166628.19,18186.469223,148438.81,37109.7025,0.10914401232468528,36159.91,112278.9
2025-11-02,store,S005,Lahore,Punjab,high_street,5,14,104814.63,6264.6704660000005,98550.37,19710.074,0.05976904622951968,0.0,98550.37
2025-11-02,store,S006,Islamabad,ICT,mall,6,16,577025.01,14256.59865,562768.27,93794.71166666667,0.024707072315634983,0.0,562768.27
2025-11-03,online,ONLINE,,,,16,38,771720.21,21252.730693999998,750454.22,46903.38875,0.027539424805267183,25275.75,725178.47
2025-11-03,store,S001,Karachi,Sindh,flagship,2,3,17797.72,352.631144,17444.55,8722.275,0.019813276307302282,0.0,17444.55
2025-11-03,store,S002,Lahore,Punjab,mall,1,3,9180.44,19.667747999999996,9160.869999999999,9160.869999999999,0.00214235352553908,0.0,9160.869999999999
2025-11-03,store,S003,Islamabad,ICT,mall,4,12,185863.64,1617.568566,184246.64,46061.66,0.008702985511313563,1386.28,182860.36000000002
2025-11-03,store,S004,Karachi,Sindh,flagship,5,9,278390.35,21521.010311,256867.74000000002,51373.548,0.07730515914434534,0.0,256867.74000000002
2025-11-03,store,S005,Lahore,Punjab,high_street,7,20,873030.85,69833.382898,803211.82,114744.5457142857,0.07998959360714458,0.0,803211.82
2025-11-03,store,S006,Islamabad,ICT,mall,3,8,80776.02,2775.913378,78001.21,26000.403333333335,0.03436556267565547,0.0,78001.21
2025-11-04,online,ONLINE,,,,16,47,859404.46,21569.258825,837834.21,52364.638125,0.025097913530725685,8722.98,829111.23
2025-11-04,store,S001,Karachi,Sindh,flagship,9,21,392618.75,3461.358494,389156.93,43239.65888888889,0.00881608046992152,144134.93,245022.0
2025-11-04,store,S002,Lahore,Punjab,mall,3,7,48190.08,417.84350699999993,47772.18,15924.06,0.008670736944200962,17002.62,30769.56
2025-11-04,store,S003,Islamabad,ICT,mall,1,2,7165.39,179.276477,6985.93,6985.93,0.025019779383955373,0.0,6985.93
2025-11-04,store,S004,Karachi,Sindh,flagship,7,16,103160.56,11020.8904,92140.09,13162.869999999999,0.10683240184039328,4413.37,87726.72
2025-11-04,store,S005,Lahore,Punjab,high_street,3,8,230039.78000000003,24276.502742999997,205759.19,68586.39666666667,0.10553175952002734,0.0,205759.19
2025-11-04,store,S006,Islamabad,ICT,mall,4,16,197118.54,6896.843766,190221.58,47555.395,0.034988305848856226,0.0,190221.58
2025-11-05,online,ONLINE,,,,15,40,850116.78,49416.832672,800700.91,53380.06066666667,0.05812946389788941,4572.91,796128.0
2025-11-05,store,S001,Karachi,Sindh,flagship,3,10,284699.07,102.16195499999999,284596.66000000003,94865.55333333334,0.00035884189927280053,0.0,284596.66000000003
2025-11-05,store,S003,Islamabad,ICT,mall,3,7,324792.22000000003,53.778915,324738.55,108246.18333333333,0.00016557944337459806,0.0,324738.55
2025-11-05,store,S004,Karachi,Sindh,flagship,3,8,496793.79,34630.620468,462169.37,154056.45666666667,0.06970823944478051,177543.83,284625.54000000004
2025-11-05,store,S005,Lahore,Punjab,high_street,5,11,296697.56,9234.773292,287466.08999999997,57493.21799999999,0.031125208080578753,201152.83,86313.25999999998
2025-11-05,store,S006,Islamabad,ICT,mall,6,12,88022.54000000001,3545.715733,84476.67,14079.445,0.040281906577565245,0.0,84476.67
2025-11-06,online,ONLINE,,,,21,39,1201501.31,27077.359684,1174424.8,55924.990476190476,0.022536271461909597,49423.62,1125001.18
2025-11-06,store,S001,Karachi,Sindh,flagship,1,8,273565.92,1235.305915,272330.82,272330.82,0.0045155694649392,0.0,272330.82
2025-11-06,store,S002,Lahore,Punjab,mall,3,8,196663.34000000003,2137.3226600000003,194524.03,64841.34333333333,0.010867926172717294,0.0,194524.03
2025-11-06,store,S003,Islamabad,ICT,mall,2,9,446301.61,2304.2343809999998,444006.07999999996,222003.03999999998,0.0051629533243225355,0.0,444006.07999999996
2025-11-06,store,S004,Karachi,Sindh,flagship,8,18,878241.17,117512.326244,760727.01,95090.87625,0.13380416479906082,0.0,760727.01
2025-11-06,store,S005,Lahore,Punjab,high_street,5,14,590510.0,27207.378683000003,563317.13,112663.426,0.04607437415623783,0.0,563317.13
2025-11-06,store,S006,Islamabad,ICT,mall,5,23,181817.29,8602.276359,173215.78,34643.156,0.04731275204354877,2415.2,170800.58
2025-11-07,online,ONLINE,,,,14,39,990495.0700000001,43514.559908999996,946959.6699999999,67639.97642857142,0.043932131745996465,9586.03,937373.6399999999
2025-11-07,store,S001,Karachi,Sindh,flagship,6,17,494918.38,5937.585906,488987.42,81497.90333333334,0.01199710123111613,5796.049999999999,483191.37
2025-11-07,store,S002,Lahore,Punjab,mall,3,5,38320.25,1460.53087,36860.13,12286.71,0.03811381371468088,0.0,36860.13
2025-11-07,store,S003,Islamabad,ICT,mall,3,4,18230.34,267.67504299999996,17962.52,5987.506666666667,0.014682942995029164,1552.56,16409.96
2025-11-07,store,S004,Karachi,Sindh,flagship,4,7,282020.6,30715.495724,251298.72000000003,62824.68000000001,0.1089122416022092,0.0,251298.72000000003
2025-11-07,store,S005,Lahore,Punjab,high_street,7,17,351025.49,38060.216557,312967.64,44709.66285714286,0.10842579140620244,5568.04,307399.60000000003
2025-11-07,store,S006,Islamabad,ICT,mall,9,17,132193.47,707.65278,131483.46,14609.273333333333,0.005353159879984995,3295.07,128188.38999999998
2025-11-08,online,ONLINE,,,,16,45,1088580.91,26310.601703,1062260.66,66391.29125,0.02416963356724674,120436.17,941824.4899999999
2025-11-08,store,S001,Karachi,Sindh,flagship,7,13,593986.5700000001,10870.923192,583128.4,83304.05714285714,0.01830163128435715,29734.18,553394.22
2025-11-08,store,S002,Lahore,Punjab,mall,2,4,29417.66,1479.872616,27938.61,13969.305,0.05030558569240382,0.0,27938.61
2025-11-08,store,S003,Islamabad,ICT,mall,1,2,6002.26,23.219099999999997,5979.1,5979.1,0.0038683929053389883,0.0,5979.1
2025-11-08,store,S004,Karachi,Sindh,flagship,1,2,5530.39,310.91902500000003,5219.6,5219.6,0.05622009026488187,3790.25,1429.3500000000004
2025-11-08,store,S005,Lahore,Punjab,high_street,4,12,124801.03,7643.417236,117157.95999999999,29289.489999999998,0.06124482495056331,3871.64,113286.31999999999
2025-11-08,store,S006,Islamabad,ICT,mall,2,5,29564.95,2587.2545609999997,26978.13,13489.065,0.08751087219832943,0.0,26978.13
2025-11-09,online,ONLINE,,,,14,38,1172022.29,38070.987255,1133932.11,80995.15071428572,0.03248315973154401,1220.61,1132711.5
2025-11-09,store,S001,Karachi,Sindh,flagship,6,20,301181.51,835.4042629999999,300346.22,50057.70333333333,0.0027737568053231416,22193.440000000002,278152.77999999997
2025-11-09,store,S002,Lahore,Punjab,mall,4,6,33275.15,583.454908,32691.629999999997,8172.907499999999,0.017534253279098667,18278.12,14413.509999999998
2025-11-09,store,S003,Islamabad,ICT,mall,1,3,20143.2,66.658265,20076.19,20076.19,0.003309219240239882,0.0,20076.19
2025-11-09,store,S004,Karachi,Sindh,flagship,4,7,28670.18,4557.16903,24112.920000000002,6028.2300000000005,0.15895153187039635,0.0,24112.920000000002
2025-11-09,store,S005,Lahore,Punjab,high_street,1,3,22400.06,1117.568874,21283.08,21283.08,0.04989133395178406,0.0,21283.08
2025-11-09,store,S006,Islamabad,ICT,mall,4,14,445826.75,3880.804795,441949.82,110487.455,0.008704737423225502,0.0,441949.82
2025-11-10,online,ONLINE,,,,16,38,1740123.07,55805.367494000006,1684315.07,105269.691875,0.03206978199191394,8464.11,1675850.96
2025-11-10,store,S001,Karachi,Sindh,flagship,6,13,62188.92,1525.601497,60663.65,10110.608333333334,0.024531725217289514,0.0,60663.65
2025-11-10,store,S002,Lahore,Punjab,mall,2,8,98853.61,6100.744256,92750.18,46375.09,0.06171493641962089,35528.01,57222.16999999999
2025-11-10,store,S003,Islamabad,ICT,mall,4,9,61761.170000000006,1304.561392,60455.909999999996,15113.977499999999,0.021122679379292846,0.0,60455.909999999996
2025-11-10,store,S004,Karachi,Sindh,flagship,5,13,397409.84,27936.254511000003,369463.87,73892.774,0.07029582989439818,25897.67,343566.2
2025-11-10,store,S005,Lahore,Punjab,high_street,3,10,370992.11000000004,12016.934023,358971.16,119657.05333333333,0.032391346605727005,0.0,358971.16
2025-11-10,store,S006,Islamabad,ICT,mall,3,7,482474.75,2094.355692,480381.17,160127.05666666667,0.004340860722763212,201656.5,278724.67
2025-11-11,online,ONLINE,,,,18,49,1269713.72,36012.069375,1233693.84,68538.54666666668,0.028362353503591346,217782.22,1015911.6200000001
2025-11-11,store,S001,Karachi,Sindh,flagship,3,5,44665.119999999995,159.49512600000003,44505.74,14835.246666666666,0.003570910052407786,0.0,44505.74
2025-11-11,store,S002,Lahore,Punjab,mall,3,9,555980.23,49268.28118,506725.83,168908.61000000002,0.08861516744938934,0.0,506725.83
2025-11-11,store,S003,Islamabad,ICT,mall,1,2,16981.62,1115.1482429999999,15865.73,15865.73,0.06566795411745169,0.0,15865.73
2025-11-11,store,S004,Karachi,Sindh,flagship,2,4,309292.98,36363.892277,272929.78,136464.89,0.11757102368440435,0.0,272929.78
2025-11-11,store,S005,Lahore,Punjab,high_street,4,12,244972.88,26286.092177,218687.34999999998,54671.837499999994,0.10730204983098536,0.0,218687.34999999998
2025-11-11,store,S006,Islamabad,ICT,mall,2,4,37976.01,6.097803,37969.9,18984.95,0.0001605698702944306,0.0,37969.9
2025-11-12,online,ONLINE,,,,12,35,1027614.37,47348.285165,980254.21,81687.85083333333,0.04607592745613318,16924.79,963329.4199999999
2025-11-12,store,S001,Karachi,Sindh,flagship,6,25,384134.54,25713.325278999997,358422.66,59737.10999999999,0.06693833176001304,10930.71,347491.94999999995
2025-11-12,store,S002,Lahore,Punjab,mall,1,3,12723.279999999999,750.75434,11972.16,11972.16,0.05900635213561283,0.0,11972.16
2025-11-12,store,S003,Islamabad,ICT,mall,1,3,262297.27,0.0,262297.27,262297.27,0.0,0.0,262297.27
2025-11-12,store,S004,Karachi,Sindh,flagship,9,25,555408.59,61220.818558,494177.73,54908.636666666665,0.11022663253731817,119144.22,375033.51
2025-11-12,store,S005,Lahore,Punjab,high_street,7,29,323288.98,32727.282055,290565.81,41509.40142857143,0.10123228467298824,0.0,290565.81
2025-11-12,store,S006,Islamabad,ICT,mall,5,15,86258.94,3029.701209,83229.21,16645.842,0.03512332992962816,20474.15,62755.060000000005
2025-11-13,online,ONLINE,,,,10,29,455081.58,12327.653656,442755.57,44275.557,0.027088887350703143,0.0,442755.57
2025-11-13,store,S001,Karachi,Sindh,flagship,5,13,379690.67,21761.754522,357928.35,71585.67,0.057314430512606485,17568.49,340359.86
2025-11-13,store,S002,Lahore,Punjab,mall,2,4,30188.15,1131.402961,29057.09,14528.545,0.03747838012597658,0.0,29057.09
2025-11-13,store,S003,Islamabad,ICT,mall,2,5,45403.64,228.495577,45174.96,22587.48,0.005032538734779855,0.0,45174.96
2025-11-13,store,S004,Karachi,Sindh,flagship,5,16,146556.3,15618.932926,130938.86,26187.772,0.10657292061821975,0.0,130938.86
2025-11-13,store,S005,Lahore,Punjab,high_street,2,10,277098.45,13868.475681000002,263227.14,131613.57,0.05004891106752853,0.0,263227.14
2025-11-13,store,S006,Islamabad,ICT,mall,4,17,304897.6,20335.875615,284557.31,71139.3275,0.06669739484666327,0.0,284557.31
2025-11-14,online,ONLINE,,,,13,31,1069938.43,19363.501497,1050576.48,80813.57538461538,0.01809777175402514,0.0,1050576.48
2025-11-14,store,S001,Karachi,Sindh,flagship,5,12,302190.05,405.187318,301783.95,60356.79,0.0013408360665746607,0.0,301783.95
2025-11-14,store,S002,Lahore,Punjab,mall,3,5,156910.44999999998,852.127705,156058.55,52019.51666666666,0.00543066255306769,0.0,156058.55
2025-11-14,store,S003,Islamabad,ICT,mall,4,16,93977.28,673.3063629999999,93302.49,23325.6225,0.007164565339622512,0.0,93302.49
2025-11-14,store,S004,Karachi,Sindh,flagship,5,17,734774.1900000001,70044.805767,664715.55,132943.11000000002,0.09532834266674499,0.0,664715.55
2025-11-14,store,S005,Lahore,Punjab,high_street,6,18,337947.66,32086.235365999997,305854.43,50975.738333333335,0.09494439276780316,0.0,305854.43
2025-11-14,store,S006,Islamabad,ICT,mall,4,11,595829.1,35806.880767999995,560024.09,140006.0225,0.0600958912010172,204516.82,355507.26999999996
2025-11-15,online,ONLINE,,,,18,50,1134052.05,41235.808571999994,1092830.08,60712.782222222224,0.0363614779162914,1307.21,1091522.87
2025-11-15,store,S001,Karachi,Sindh,flagship,2,9,55599.85,81.777561,55518.08,27759.04,0.0014708234104948126,14765.65,40752.43
2025-11-15,store,S002,Lahore,Punjab,mall,1,2,198452.99000000002,15756.968560000001,182698.44,182698.44,0.07939899801963175,0.0,182698.44
2025-11-15,store,S003,Islamabad,ICT,mall,3,11,297854.05,0.0,297854.05,99284.68333333333,0.0,0.0,297854.05
2025-11-15,store,S004,Karachi,Sindh,flagship,8,18,452513.58,24889.698598999996,427635.79,53454.47375,0.05500320807830782,9097.99,418537.8
2025-11-15,store,S005,Lahore,Punjab,high_street,3,6,38391.26,4010.8132610000002,34380.1,11460.033333333333,0.10447204027687552,2309.23,32070.87
2025-11-15,store,S006,Islamabad,ICT,mall,3,11,365683.75,1173.54664,364509.43,121503.14333333333,0.0032091845481238912,0.0,364509.43
2025-11-16,online,ONLINE,,,,15,37,1034690.82,35283.830511,999409.63,66627.30866666666,0.034100844260897184,0.0,999409.63
2025-11-16,store,S002,Lahore,Punjab,mall,2,7,318847.67,1052.508512,317800.63,158900.315,0.003300976017795583,0.0,317800.63
2025-11-16,store,S003,Islamabad,ICT,mall,4,12,422474.1,2780.2564540000003,419697.48,104924.37,0.0065808920688865905,0.0,419697.48
2025-11-16,store,S004,Karachi,Sindh,flagship,3,8,69628.67,10119.961088,59507.72,19835.906666666666,0.14534186977864147,10596.67,48911.05
2025-11-16,store,S005,Lahore,Punjab,high_street,4,7,292265.81,20900.914033,271372.67,67843.1675,0.07151337350407153,0.0,271372.67
2025-11-16,store,S006,Islamabad,ICT,mall,2,4,18400.12,657.930901,17742.05,8871.025,0.035756880987732685,0.0,17742.05
2025-11-17,online,ONLINE,,,,19,54,993535.49,33468.989772,960070.61,50530.032105263155,0.033686758156973334,22776.23,937294.38
2025-11-17,store,S001,Karachi,Sindh,flagship,1,3,31442.23,131.216216,31311.88,31311.88,0.00417324776264279,0.0,31311.88
2025-11-17,store,S003,Islamabad,ICT,mall,3,9,101058.42,3302.845,97757.82,32585.940000000002,0.032682531549573006,36200.62,61557.200000000004
2025-11-17,store,S004,Karachi,Sindh,flagship,3,6,236735.66000000003,38989.148973999996,197751.16999999998,65917.05666666666,0.16469487095438004,1195.4,196555.77
2025-11-17,store,S005,Lahore,Punjab,high_street,6,20,385700.5,20001.973084,365693.81,60948.96833333333,0.05185882072748156,0.0,365693.81
2025-11-17,store,S006,Islamabad,ICT,mall,5,12,358052.74,2293.85656,355760.73,71152.146,0.006406476766523278,1699.88,354060.85
2025-11-18,online,ONLINE,,,,15,39,1253405.29,46834.281229,1206568.0,80437.86666666667,0.0373656323319012,189267.25,1017300.75
2025-11-18,store,S001,Karachi,Sindh,flagship,7,17,120572.87,3616.3409349999997,116958.45999999999,16708.351428571426,0.02999299042147707,0.0,116958.45999999999
2025-11-18,store,S002,Lahore,Punjab,mall,1,3,21470.32,146.832249,21323.93,21323.93,0.006838847720946869,0.0,21323.93
2025-11-18,store,S003,Islamabad,ICT,mall,3,5,89788.39,1616.1045909999998,88172.91,29390.97,0.017999037414525416,0.0,88172.91
2025-11-18,store,S004,Karachi,Sindh,flagship,7,29,694106.9,98979.275818,595130.33,85018.61857142857,0.14259946964653425,0.0,595130.33
2025-11-18,store,S005,Lahore,Punjab,high_street,6,17,399401.92,35922.041203999994,363468.14999999997,60578.024999999994,0.0899395806710193,230254.44,133213.70999999996
2025-11-18,store,S006,Islamabad,ICT,mall,5,17,813006.05,5827.704584,807169.48,161433.896,0.007168094977891001,0.0,807169.48
2025-11-19,online,ONLINE,,,,10,26,1171207.94,42724.557734,1128480.03,112848.003,0.03647905403885838,0.0,1128480.03
2025-11-19,store,S001,Karachi,Sindh,flagship,5,16,133323.61,7865.294363,125458.39,25091.678,0.0589940098606691,0.0,125458.39
2025-11-19,store,S002,Lahore,Punjab,mall,1,2,8832.380000000001,315.010254,8517.61,8517.61,0.03566538735878664,0.0,8517.61
2025-11-19,store,S003,Islamabad,ICT,mall,3,9,424725.27,8724.197986,416004.29000000004,138668.09666666668,0.020540802731139587,0.0,416004.29000000004
2025-11-19,store,S004,Karachi,Sindh,flagship,4,10,357051.5,42464.309111,314575.55,78643.8875,0.1189304879296124,2983.18,311592.37
2025-11-19,store,S005,Lahore,Punjab,high_street,2,4,20691.38,1440.8142790000002,19250.989999999998,9625.494999999999,0.06963355170123985,4033.17,15217.819999999998
2025-11-19,store,S006,Islamabad,ICT,mall,7,20,268400.4,6889.565151,261515.5,37359.357142857145,0.02566898242700085,8518.79,252996.71
2025-11-20,online,ONLINE,,,,12,28,834545.0599999999,21397.071459,813176.4400000001,67764.70333333334,0.025639204501432193,38927.64,774248.8
2025-11-20,store,S001,Karachi,Sindh,flagship,3,6,28170.98,446.1964760000001,27724.68,9241.56,0.015838869503297368,0.0,27724.68
2025-11-20,store,S002,Lahore,Punjab,mall,5,14,243249.94000000003,1581.8072690000001,241662.96000000002,48332.592000000004,0.006502806409736422,0.0,241662.96000000002
2025-11-20,store,S003,Islamabad,ICT,mall,2,6,452614.04000000004,1710.373151,450898.71,225449.355,0.0037788778072372652,0.0,450898.71
2025-11-20,store,S004,Karachi,Sindh,flagship,2,7,790681.5,49664.975836,741012.46,370506.23,0.06281287197942534,0.0,741012.46
2025-11-20,store,S005,Lahore,Punjab,high_street,2,6,87999.19,1829.441371,86168.11,43084.055,0.02078929784467334,34800.8,51367.31
2025-11-20,store,S006,Islamabad,ICT,mall,6,18,662756.55,34005.494771,628757.88,104792.98,0.051309179473216816,0.0,628757.88
2025-11-21,online,ONLINE,,,,16,49,1802681.64,74741.7292,1727948.81,107996.800625,0.04146141367479618,1606.31,1726342.5
2025-11-21,store,S001,Karachi,Sindh,flagship,2,6,40897.89,212.110289,40685.119999999995,20342.559999999998,0.005186338194953333,0.0,40685.119999999995
2025-11-21,store,S002,Lahore,Punjab,mall,1,4,103442.84999999999,0.0,103442.84999999999,103442.84999999999,0.0,1746.91,101695.93999999999
2025-11-21,store,S003,Islamabad,ICT,mall,3,11,283334.71,92.476428,283242.4,94414.13333333335,0.0003263858070901373,0.0,283242.4
2025-11-21,store,S004,Karachi,Sindh,flagship,2,5,393664.05,58786.726939,334868.36000000004,167434.18000000002,0.14933222106260402,0.0,334868.36000000004
2025-11-21,store,S005,Lahore,Punjab,high_street,2,2,263657.75,19793.335175,243854.28000000003,121927.14000000001,0.07507207800643069,5849.32,238004.96000000002
2025-11-21,store,S006,Islamabad,ICT,mall,4,9,411903.08999999997,16831.832813,395074.38,98768.595,0.040863575004984797,0.0,395074.38
2025-11-22,online,ONLINE,,,,14,30,624298.58,17408.726065,606900.34,43350.02428571428,0.027885256546635106,0.0,606900.34
2025-11-22,store,S001,Karachi,Sindh,flagship,6,17,658566.85,12066.804274999999,646505.84,107750.97333333333,0.018322823681453142,3613.31,642892.5299999999
2025-11-22,store,S002,Lahore,Punjab,mall,3,9,251384.63,802.424818,250582.31000000003,83527.43666666668,0.003192020204258311,0.0,250582.31000000003
2025-11-22,store,S003,Islamabad,ICT,mall,2,4,21724.440000000002,231.33176600000002,21493.510000000002,10746.755000000001,0.010648457037327544,0.0,21493.510000000002
2025-11-22,store,S004,Karachi,Sindh,flagship,5,13,539803.22,67211.275733,472588.41,94517.682,0.12451069805215316,0.0,472588.41
2025-11-22,store,S005,Lahore,Punjab,high_street,7,21,851541.73,53119.306067,798402.38,114057.48285714285,0.06238015612810895,3958.18,794444.2
2025-11-22,store,S006,Islamabad,ICT,mall,3,8,538081.38,15722.524123000001,522349.4,174116.46666666667,0.029219602661218272,0.0,522349.4
2025-11-23,online,ONLINE,,,,16,36,1059259.84,35414.057088,1023851.73,63990.733125,0.03343283276745392,5874.33,1017977.4
2025-11-23,store,S001,Karachi,Sindh,flagship,1,3,219676.11,1617.8363530000001,218059.83000000002,218059.83000000002,0.0073646440343467495,0.0,218059.83000000002
2025-11-23,store,S002,Lahore,Punjab,mall,3,7,190416.9,15021.682074,175400.63,58466.87666666667,0.07888838687112332,0.0,175400.63
2025-11-23,store,S004,Karachi,Sindh,flagship,5,10,278022.45,24549.2928,253478.88,50695.776,0.08829967795766133,2151.89,251326.99
2025-11-23,store,S005,Lahore,Punjab,high_street,5,18,320102.85,10294.794276999999,309800.9,61960.18000000001,0.03216089540283693,0.0,309800.9
2025-11-23,store,S006,Islamabad,ICT,mall,5,17,508939.02999999997,13332.974654,495609.99,99121.99799999999,0.02619758727091534,0.0,495609.99
2025-11-24,online,ONLINE,,,,12,21,435289.06,10519.301207,424780.58,35398.38166666667,0.0241662430179155,4841.52,419939.06
2025-11-24,store,S001,Karachi,Sindh,flagship,4,10,75945.09,1219.3334439999999,74726.42,18681.605,0.01605546117596279,0.0,74726.42
2025-11-24,store,S002,Lahore,Punjab,mall,2,6,30209.27,1218.8054530000002,28990.06,14495.03,0.040345412285699066,0.0,28990.06
2025-11-24,store,S003,Islamabad,ICT,mall,3,11,101824.1,2409.797975,99413.22,33137.74,0.023666283080331668,0.0,99413.22
2025-11-24,store,S004,Karachi,Sindh,flagship,6,10,452043.14,58003.529144,394043.36000000004,65673.89333333334,0.12831414529153123,0.0,394043.36000000004
2025-11-24,store,S005,Lahore,Punjab,high_street,4,10,53911.22,3710.383457,50200.57,12550.1425,0.06882395644172029,10622.17,39578.4
2025-11-24,store,S006,Islamabad,ICT,mall,4,10,150562.63,1605.461012,148957.55,37239.3875,0.010663077630883573,0.0,148957.55
2025-11-25,online,ONLINE,,,,7,15,187508.7,4607.862486,182905.4,26129.342857142856,0.02457412635253724,0.0,182905.4
2025-11-25,store,S001,Karachi,Sindh,flagship,2,7,87188.91,906.829595,86283.06,43141.53,0.010400744716271828,0.0,86283.06
2025-11-25,store,S002,Lahore,Punjab,mall,1,5,301832.42,2008.5597390000003,299822.04,299822.04,0.006654552678602254,0.0,299822.04
2025-11-25,store,S003,Islamabad,ICT,mall,5,16,74960.47,152.87393500000002,74807.42,14961.484,0.0020393940299467173,0.0,74807.42
2025-11-25,store,S004,Karachi,Sindh,flagship,1,2,26098.92,4890.292586,21209.699999999997,21209.699999999997,0.18737528549074062,0.0,21209.699999999997
2025-11-25,store,S005,Lahore,Punjab,high_street,6,21,590753.0499999999,58117.826224000004,532629.05,88771.50833333335,0.09837922330489875,0.0,532629.05
2025-11-25,store,S006,Islamabad,ICT,mall,9,24,467082.55,20460.040767999995,446632.44,49625.82666666667,0.04380390739923809,6237.18,440395.26
2025-11-26,online,ONLINE,,,,12,29,792137.93,13837.283417,778305.29,64858.77416666667,0.01746827527498904,10927.82,767377.4700000001
2025-11-26,store,S001,Karachi,Sindh,flagship,6,14,877056.02,19591.119826000002,857472.4299999999,142912.07166666666,0.02233736429515643,94887.03,762585.3999999999
2025-11-26,store,S003,Islamabad,ICT,mall,2,9,274601.07999999996,1969.31606,272631.57,136315.785,0.007171552493529888,0.0,272631.57
2025-11-26,store,S004,Karachi,Sindh,flagship,5,16,127228.84000000001,12208.949052,115020.72,23004.144,0.09596054677540092,0.0,115020.72
2025-11-26,store,S005,Lahore,Punjab,high_street,4,15,321688.77,20872.380985,300824.75,75206.1875,0.06488377255133898,0.0,300824.75
2025-11-26,store,S006,Islamabad,ICT,mall,3,18,437304.16000000003,43283.958369,394027.54,131342.51333333334,0.09897906841087448,0.0,394027.54
2025-11-27,online,ONLINE,,,,17,37,2436003.82,118984.72477199999,2316994.04,136293.76705882352,0.04884422749878939,8406.44,2308587.6
2025-11-27,store,S001,Karachi,Sindh,flagship,3,9,39834.340000000004,225.48500499999997,39609.55,13203.183333333334,0.005660568368899797,0.0,39609.55
2025-11-27,store,S002,Lahore,Punjab,mall,5,9,63767.94,2954.8820189999997,60813.87,12162.774000000001,0.046338050421575475,0.0,60813.87
2025-11-27,store,S003,Islamabad,ICT,mall,1,5,41484.240000000005,0.0,41484.240000000005,41484.240000000005,0.0,0.0,41484.240000000005
2025-11-27,store,S004,Karachi,Sindh,flagship,7,16,320124.12,36419.426267,283705.33,40529.33285714286,0.11376657987220708,1070.14,282635.19
2025-11-27,store,S005,Lahore,Punjab,high_street,5,15,890037.57,55425.644288,834604.05,166920.81,0.06227337604186754,0.0,834604.05
2025-11-27,store,S006,Islamabad,ICT,mall,4,13,79910.4,3817.323696,76094.19,19023.5475,0.04777004865449303,9112.41,66981.78
2025-11-28,online,ONLINE,,,,12,30,919550.44,38556.33366,880980.46,73415.03833333333,0.04192954729052166,0.0,880980.46
2025-11-28,store,S001,Karachi,Sindh,flagship,2,8,41193.93,66.518138,41127.590000000004,20563.795000000002,0.0016147558147523188,0.0,41127.590000000004
2025-11-28,store,S003,Islamabad,ICT,mall,6,21,502539.44000000006,25004.769574,477537.97,79589.66166666667,0.049756830178343814,8207.67,469330.3
2025-11-28,store,S004,Karachi,Sindh,flagship,2,4,9496.27,745.621662,8750.63,4375.315,0.07851731911582126,1858.98,6891.65
2025-11-28,store,S005,Lahore,Punjab,high_street,3,10,343307.3,23558.008697,319748.19,106582.73,0.0686207624976224,0.0,319748.19
2025-11-28,store,S006,Islamabad,ICT,mall,3,10,86953.17,240.170355,86712.45,28904.149999999998,0.0027620655463164827,0.0,86712.45
2025-11-29,online,ONLINE,,,,11,29,672328.3200000001,18299.586419,654025.25,59456.84090909091,0.027218229360024576,2725.65,651299.6
2025-11-29,store,S001,Karachi,Sindh,flagship,6,17,177084.09,4618.953194,172465.32,28744.22,0.026083388936860446,6917.13,165548.19
2025-11-29,store,S002,Lahore,Punjab,mall,2,5,20050.32,280.367294,19769.98,9884.99,0.013983183011542959,0.0,19769.98
2025-11-29,store,S003,Islamabad,ICT,mall,4,10,43197.42,1220.0151569999998,41977.53,10494.3825,0.028242778318705142,0.0,41977.53
2025-11-29,store,S004,Karachi,Sindh,flagship,3,10,260528.47,34275.702114,226251.23,75417.07666666668,0.13156221319689168,0.0,226251.23
2025-11-29,store,S005,Lahore,Punjab,high_street,4,10,43028.84,3568.681563,39460.53,9865.1325,0.0829369688562369,3371.77,36088.76
2025-11-29,store,S006,Islamabad,ICT,mall,5,16,280246.32,4028.3237809999996,276224.04,55244.808,0.014374225434967351,0.0,276224.04
2025-11-30,online,ONLINE,,,,16,49,1588628.81,63268.948315,1525349.79,95334.361875,0.03982613680221499,0.0,1525349.79
2025-11-30,store,S001,Karachi,Sindh,flagship,5,18,586312.55,24244.207612000002,562068.18,112413.63600000001,0.041350313262098856,0.0,562068.18
2025-11-30,store,S002,Lahore,Punjab,mall,1,3,230013.36,1999.7275480000003,228013.36,228013.36,0.008693962594172792,0.0,228013.36
2025-11-30,store,S003,Islamabad,ICT,mall,4,10,395888.01,655.637396,395232.72,98808.18,0.0016561183451855486,9020.79,386211.93
2025-11-30,store,S004,Karachi,Sindh,flagship,3,7,137127.5,18390.870707,118740.88,39580.293333333335,0.13411511700424786,13150.44,105590.44
2025-11-30,store,S005,Lahore,Punjab,high_street,7,25,230620.53,9774.039288,220841.24,31548.74857142857,0.04238147960201115,2424.37,218416.87
2025-11-30,store,S006,Islamabad,ICT,mall,6,12,155027.69,2242.22678,152784.16999999998,25464.028333333332,0.014463395410200591,24907.6,127876.56999999998
2025-12-01,online,ONLINE,,,,21,59,2037888.48,66204.76903000001,1971647.64,93887.98285714285,0.0324869440500493,97740.08,1873907.5599999998
2025-12-01,store,S001,Karachi,Sindh,flagship,3,10,433035.88,5269.662666,427757.87,142585.95666666667,0.012169113252232125,0.0,427757.87
2025-12-01,store,S002,Lahore,Punjab,mall,5,13,141643.94,8949.80615,132695.06,26539.012,0.06318523863428256,15237.78,117457.28
2025-12-01,store,S003,Islamabad,ICT,mall,4,7,42144.75,225.18404299999997,41919.46,10479.865,0.005343110185728945,0.0,41919.46
2025-12-01,store,S004,Karachi,Sindh,flagship,4,8,273023.28,38621.470317,234395.09,58598.7725,0.14145852440495182,6268.08,228127.01
2025-12-01,store,S005,Lahore,Punjab,high_street,4,10,436312.95,27450.397104000003,408869.81999999995,102217.45499999999,0.06291446793866651,1927.97,406941.85
2025-12-01,store,S006,Islamabad,ICT,mall,4,10,339475.66000000003,16296.088375000001,323179.07,80794.7675,0.048003701870702596,0.0,323179.07
2025-12-02,online,ONLINE,,,,15,46,1276743.54,71572.253052,1205177.92,80345.19466666666,0.05605844150345182,0.0,1205177.92
2025-12-02,store,S001,Karachi,Sindh,flagship,3,7,44027.4,380.52633199999997,43646.700000000004,14548.900000000001,0.008642943530619568,0.0,43646.700000000004
2025-12-02,store,S002,Lahore,Punjab,mall,3,8,41887.94,580.8500379999999,41307.14,13769.046666666667,0.013866760647575409,0.0,41307.14
2025-12-02,store,S003,Islamabad,ICT,mall,4,10,298702.49000000005,6803.142564,291895.94,72973.985,0.022775647313820514,0.0,291895.94
2025-12-02,store,S004,Karachi,Sindh,flagship,4,12,140070.73,16066.780808,124001.73,31000.4325,0.11470476956891706,4800.88,119200.84999999999
2025-12-02,store,S005,Lahore,Punjab,high_street,1,3,14627.82,1152.5664279999999,13475.07,13475.07,0.07879276802695137,0.0,13475.07
2025-12-02,store,S006,Islamabad,ICT,mall,2,7,424815.58,3072.655575,421754.13,210877.065,0.007232916398687637,0.0,421754.13
2025-12-03,online,ONLINE,,,,19,65,1705515.3800000001,54251.95337,1651271.54,86909.02842105263,0.03180971218799563,14344.9,1636926.6400000001
2025-12-03,store,S001,Karachi,Sindh,flagship,5,19,300219.86,14674.585834,285554.01,57110.802,0.0488794639834953,1531.16,284022.85000000003
2025-12-03,store,S002,Lahore,Punjab,mall,2,7,39540.86,156.693878,39384.92,19692.46,0.003962834344017808,0.0,39384.92
2025-12-03,store,S003,Islamabad,ICT,mall,2,3,10732.29,147.007258,10585.14,5292.57,0.013697659865695018,0.0,10585.14
2025-12-03,store,S004,Karachi,Sindh,flagship,2,6,270524.38,36760.973296000004,233751.86000000002,116875.93000000001,0.13588783863398932,0.0,233751.86000000002
2025-12-03,store,S005,Lahore,Punjab,high_street,2,5,40544.13,2766.160296,37778.9,18889.45,0.06822591324564124,0.0,37778.9
2025-12-03,store,S006,Islamabad,ICT,mall,8,22,723390.78,28024.847258000005,695381.16,86922.645,0.03874095168589238,0.0,695381.16
2025-12-04,online,ONLINE,,,,19,60,1059284.21,38536.064292,1020767.96,53724.62947368421,0.03637934364376111,0.0,1020767.96
2025-12-04,store,S001,Karachi,Sindh,flagship,4,6,316079.29,2668.388967,313412.96,78353.24,0.008442150597718693,0.0,313412.96
2025-12-04,store,S002,Lahore,Punjab,mall,3,5,56985.26,668.892151,56315.86,18771.953333333335,0.0117379854193874,0.0,56315.86
2025-12-04,store,S003,Islamabad,ICT,mall,4,17,498797.51999999996,3965.5737329999997,494829.89,123707.4725,0.007950267541426428,0.0,494829.89
2025-12-04,store,S004,Karachi,Sindh,flagship,1,7,73300.25,4279.77204,69020.39,69020.39,0.05838686825761167,0.0,69020.39
2025-12-04,store,S005,Lahore,Punjab,high_street,4,9,686290.77,40400.492932,645893.3200000001,161473.33000000002,0.05886789491865088,0.0,645893.3200000001
2025-12-04,store,S006,Islamabad,ICT,mall,3,15,234860.96,4063.5847089999997,230799.55,76933.18333333333,0.017302086770828153,0.0,230799.55
2025-12-05,online,ONLINE,,,,15,49,1157365.25,25780.654667000003,1131575.99,75438.39933333333,0.022275296987705483,4946.34,1126629.65
2025-12-05,store,S001,Karachi,Sindh,flagship,7,22,634608.19,5449.9128359999995,629157.1,89879.58571428571,0.008587838798613677,0.0,629157.1
2025-12-05,store,S002,Lahore,Punjab,mall,3,6,36691.09,1686.193244,35004.74,11668.246666666666,0.04595647728099656,0.0,35004.74
2025-12-05,store,S003,Islamabad,ICT,mall,2,6,41675.369999999995,0.0,41675.35999999999,20837.679999999997,0.0,0.0,41675.35999999999
2025-12-05,store,S004,Karachi,Sindh,flagship,4,12,99065.11,11692.446186000001,87371.59,21842.8975,0.1180278928272527,14771.94,72599.65
2025-12-05,store,S005,Lahore,Punjab,high_street,3,10,83722.55,5014.035620000001,78707.48,26235.826666666664,0.05988871122535088,5416.97,73290.51
2025-12-05,store,S006,Islamabad,ICT,mall,3,8,205167.62000000002,2793.6788690000008,202371.11,67457.03666666667,0.013616568096856612,134533.47,67837.63999999998
2025-12-06,online,ONLINE,,,,15,43,1893847.41,52917.375363,1840921.3699999999,122728.09133333333,0.02794173125225543,23959.18,1816962.19
2025-12-06,store,S001,Karachi,Sindh,flagship,4,12,328262.0,3811.9222520000003,324450.23000000004,81112.55750000001,0.011612438393722089,32022.969999999998,292427.26000000007
2025-12-06,store,S002,Lahore,Punjab,mall,3,9,91069.43,1047.6485890000001,90021.34,30007.11333333333,0.01150384480280595,6419.61,83601.73
2025-12-06,store,S003,Islamabad,ICT,mall,4,10,124507.08,1112.3748179999998,123394.54000000001,30848.635000000002,0.008934229426953069,0.0,123394.54000000001
2025-12-06,store,S004,Karachi,Sindh,flagship,6,13,141439.47999999998,18382.710745999997,123059.30000000002,20509.883333333335,0.12996873819106236,6019.5,117039.80000000002
2025-12-06,store,S005,Lahore,Punjab,high_street,6,28,239217.78,21603.557922,217610.83,36268.471666666665,0.09030916482044102,0.0,217610.83
2025-12-06,store,S006,Islamabad,ICT,mall,6,15,375716.73,1162.897492,374553.52,62425.58666666667,0.0030951442912856186,0.0,374553.52
2025-12-07,online,ONLINE,,,,15,36,1342434.26,29529.077575,1312885.08,87525.672,0.021996665650502692,8951.33,1303933.75
2025-12-07,store,S001,Karachi,Sindh,flagship,5,15,744707.33,87453.231138,657266.93,131453.386,0.11743302048336225,0.0,657266.93
2025-12-07,store,S002,Lahore,Punjab,mall,3,13,115677.69,1547.259232,114130.97,38043.65666666667,0.013375606238333426,10065.21,104065.76000000001
2025-12-07,store,S003,Islamabad,ICT,mall,3,9,87392.4,4082.121211,83312.0,27770.666666666668,0.04671025410676444,0.0,83312.0
2025-12-07,store,S004,Karachi,Sindh,flagship,3,9,358264.15,45658.989046,312612.09,104204.03000000001,0.12744504033127513,0.0,312612.09
2025-12-07,store,S005,Lahore,Punjab,high_street,3,11,53430.18,3902.8393080000005,49526.92,16508.97333333333,0.07304559535453559,0.0,49526.92
2025-12-07,store,S006,Islamabad,ICT,mall,3,7,54702.58,3192.914298,51509.66,17169.88666666667,0.058368623527446054,0.0,51509.66
2025-12-08,online,ONLINE,,,,21,46,1179070.3900000001,32322.594282000002,1146739.11,54606.62428571429,0.027413625646217778,22546.979999999996,1124192.1300000001
2025-12-08,store,S001,Karachi,Sindh,flagship,2,7,102361.98000000001,4330.875085,98033.26999999999,49016.634999999995,0.042309411023506965,0.0,98033.26999999999
2025-12-08,store,S002,Lahore,Punjab,mall,1,2,10991.77,91.389448,10900.34,10900.34,0.008314352283572163,0.0,10900.34
2025-12-08,store,S003,Islamabad,ICT,mall,3,9,177116.55,221.29283700000002,176895.38,58965.12666666667,0.0012494193061009828,0.0,176895.38
2025-12-08,store,S004,Karachi,Sindh,flagship,4,17,373504.68,40855.458883,332658.33,83164.5825,0.10938406148752942,0.0,332658.33
2025-12-08,store,S005,Lahore,Punjab,high_street,1,1,3006.39,194.81407199999998,2811.67,2811.67,0.0648,0.0,2811.67
2025-12-08,store,S006,Islamabad,ICT,mall,3,9,635870.63,47560.800528,588306.12,196102.04,0.07479634737650959,334413.77,253892.34999999998
2025-12-09,online,ONLINE,,,,10,15,115531.36,4762.706478,110767.17,11076.717,0.04122436088348653,2215.39,108551.78
2025-12-09,store,S001,Karachi,Sindh,flagship,5,17,638289.0700000001,40778.610347,597512.3,119502.46,0.0638873705717693,0.0,597512.3
2025-12-09,store,S002,Lahore,Punjab,mall,3,4,26721.5,211.084522,26510.15,8836.716666666667,0.007899426379507139,5651.38,20858.77
2025-12-09,store,S003,Islamabad,ICT,mall,5,16,178902.41999999998,3827.018839,175072.09,35014.418,0.021391654953577487,10072.24,164999.85
2025-12-09,store,S004,Karachi,Sindh,flagship,3,4,21566.41,2554.917152,19011.99,6337.330000000001,0.11846742930325446,0.0,19011.99
2025-12-09,store,S005,Lahore,Punjab,high_street,5,14,325959.71,19039.010394,306911.34,61382.268000000004,0.05840909109288384,0.0,306911.34
2025-12-09,store,S006,Islamabad,ICT,mall,4,9,571860.94,3333.6825309999995,568532.78,142133.195,0.005829533541843231,21800.420000000002,546732.36
2025-12-10,online,ONLINE,,,,15,37,1482784.86,46751.569451999996,1436007.6300000001,95733.842,0.03152957027899515,2940.4700000000003,1433067.1600000001
2025-12-10,store,S001,Karachi,Sindh,flagship,11,27,1094084.58,33848.304354,1060242.18,96385.65272727273,0.03093755727185187,6170.98,1054071.2
2025-12-10,store,S003,Islamabad,ICT,mall,5,14,158194.13,3127.536786,155065.85,31013.170000000002,0.019770245495202635,0.0,155065.85
2025-12-10,store,S004,Karachi,Sindh,flagship,2,6,74563.20000000001,8590.28367,65973.12,32986.56,0.11520808750160937,0.0,65973.12
2025-12-10,store,S005,Lahore,Punjab,high_street,4,10,155150.33000000002,8056.251096,147093.84,36773.46,0.05192545253368136,7698.35,139395.49
2025-12-10,store,S006,Islamabad,ICT,mall,2,9,34634.33,639.932205,33994.56,16997.28,0.018476817798987303,0.0,33994.56
2025-12-11,online,ONLINE,,,,19,56,1633493.15,51716.833143,1581794.29,83252.33105263158,0.031660269369969504,1577.21,1580217.08
2025-12-11,store,S001,Karachi,Sindh,flagship,5,6,74726.75,367.94323099999997,74357.42,14871.484,0.004923848969746443,0.0,74357.42
2025-12-11,store,S002,Lahore,Punjab,mall,4,11,337441.37,6177.45338,331259.71,82814.9275,0.0183067457911281,0.0,331259.71
2025-12-11,store,S003,Islamabad,ICT,mall,2,5,354307.88,282.508692,354025.12,177012.56,0.0007973536800818542,0.0,354025.12
2025-12-11,store,S004,Karachi,Sindh,flagship,5,16,978789.59,136498.595454,842284.63,168456.926,0.13945652553783291,224316.68,617967.95
2025-12-11,store,S005,Lahore,Punjab,high_street,2,7,52858.53,4395.427332,48462.55,24231.275,0.08315455106299778,0.0,48462.55
2025-12-11,store,S006,Islamabad,ICT,mall,8,15,581943.11,12520.999437999999,569414.26,71176.7825,0.021515847894478895,5720.83,563693.43
2025-12-12,online,ONLINE,,,,8,23,457691.47000000003,7253.844359,450439.54,56304.9425,0.015848764581520385,4348.69,446090.85
2025-12-12,store,S001,Karachi,Sindh,flagship,10,27,602432.03,9712.059778,592714.63,59271.463,0.016121420001522828,185239.84,407474.79000000004
2025-12-12,store,S002,Lahore,Punjab,mall,4,15,95895.5,738.4488369999999,95157.26,23789.315,0.007700557763398699,26775.84,68381.42
2025-12-12,store,S003,Islamabad,ICT,mall,4,19,239906.9,921.982442,238986.27,59746.5675,0.003843084304786565,1933.08,237053.19
2025-12-12,store,S004,Karachi,Sindh,flagship,2,4,36459.729999999996,4682.201822999999,31777.39,15888.695,0.12842118751290807,0.0,31777.39
2025-12-12,store,S005,Lahore,Punjab,high_street,7,17,845862.3300000001,65206.783489,780684.7899999999,111526.39857142857,0.0770891209790605,9191.330000000002,771493.46
2025-12-12,store,S006,Islamabad,ICT,mall,8,29,256569.06,5997.217629,250572.68,31321.585,0.0233746720239767,9975.99,240596.69
2025-12-13,online,ONLINE,,,,18,61,1235951.59,59690.099481,1176268.57,65348.253888888896,0.048294852293527125,15183.49,1161085.08
2025-12-13,store,S001,Karachi,Sindh,flagship,1,4,23288.93,305.315095,22983.51,22983.51,0.013109880745916621,0.0,22983.51
2025-12-13,store,S002,Lahore,Punjab,mall,1,3,24610.379999999997,0.0,24610.379999999997,24610.379999999997,0.0,0.0,24610.379999999997
2025-12-13,store,S003,Islamabad,ICT,mall,2,4,31002.35,1191.685752,29811.28,14905.64,0.03843856197997894,0.0,29811.28
2025-12-13,store,S004,Karachi,Sindh,flagship,3,6,31203.260000000002,2862.051547,28341.57,9447.19,0.09172283751761835,1966.94,26374.63
2025-12-13,store,S005,Lahore,Punjab,high_street,2,5,58995.16,5954.062528,53041.18,26520.59,0.10092459327171924,0.0,53041.18
2025-12-13,store,S006,Islamabad,ICT,mall,1,5,32444.29,261.31716,32182.98,32182.98,0.00805433436823552,0.0,32182.98
2025-12-14,online,ONLINE,,,,9,31,845042.77,24894.37389,820150.39,91127.82111111112,0.029459306408834193,0.0,820150.39
2025-12-14,store,S001,Karachi,Sindh,flagship,6,8,476170.99999999994,23858.399558999998,452312.83999999997,75385.47333333333,0.05010468835565375,3351.76,448961.07999999996
2025-12-14,store,S002,Lahore,Punjab,mall,3,8,37936.68,1993.492421,35943.79,11981.263333333334,0.052547888244306035,0.0,35943.79
2025-12-14,store,S003,Islamabad,ICT,mall,3,8,395227.37,7904.20669,387321.04000000004,129107.01333333335,0.0199991379392576,41943.97,345377.07000000007
2025-12-14,store,S004,Karachi,Sindh,flagship,4,10,55771.79,8961.504369999999,46809.34,11702.335,0.16068167024942176,0.0,46809.34
2025-12-14,store,S005,Lahore,Punjab,high_street,3,8,112083.41,6669.574096,105413.65,35137.88333333333,0.0595054530906938,22857.48,82556.17
2025-12-14,store,S006,Islamabad,ICT,mall,4,14,297628.83999999997,2696.834751,294932.35,73733.0875,0.009061066632521231,0.0,294932.35
2025-12-15,online,ONLINE,,,,15,35,670350.52,29296.867761,641056.63,42737.10866666667,0.043703804035238165,31227.08,609829.55
2025-12-15,store,S001,Karachi,Sindh,flagship,3,6,318105.02,1750.2663309999998,316353.65,105451.21666666667,0.005502165074288987,4286.64,312067.01
2025-12-15,store,S002,Lahore,Punjab,mall,2,3,121908.37999999999,1630.64427,120280.75,60140.375,0.013375981782384444,0.0,120280.75
2025-12-15,store,S003,Islamabad,ICT,mall,4,13,512870.85,5306.302687,507572.57999999996,126893.14499999999,0.01034627467519357,0.0,507572.57999999996
2025-12-15,store,S004,Karachi,Sindh,flagship,4,16,571992.85,57782.803084,514214.05000000005,128553.51250000001,0.1010201492623553,10722.42,503491.63000000006
2025-12-15,store,S005,Lahore,Punjab,high_street,4,13,67274.58,4405.3060159999995,62870.43,15717.6075,0.06548247519345345,0.0,62870.43
2025-12-15,store,S006,Islamabad,ICT,mall,4,6,140457.75999999998,1243.448803,139212.38,34803.095,0.008852830936503617,4538.7,134673.68
2025-12-16,online,ONLINE,,,,15,37,932968.18,28437.667802,904527.6,60301.84,0.03048085498692999,29625.47,874902.13
2025-12-16,store,S001,Karachi,Sindh,flagship,3,7,287374.38,15387.676844,271975.07,90658.35666666667,0.053545750473650434,0.0,271975.07
2025-12-16,store,S002,Lahore,Punjab,mall,2,7,271912.79000000004,19509.084453000003,252408.19999999998,126204.09999999999,0.07174757926245397,0.0,252408.19999999998
2025-12-16,store,S003,Islamabad,ICT,mall,4,8,129181.75,1582.9131209999998,127598.38,31899.595,0.012253380380742635,1132.12,126466.26000000001
2025-12-16,store,S004,Karachi,Sindh,flagship,4,11,446211.13,60511.80054900001,385704.16000000003,96426.04000000001,0.13561248584050337,0.0,385704.16000000003
2025-12-16,store,S005,Lahore,Punjab,high_street,5,11,765178.06,34145.502160000004,731049.37,146209.874,0.04462425668608428,0.0,731049.37
2025-12-16,store,S006,Islamabad,ICT,mall,2,7,85619.81999999999,484.934933,85134.48,42567.24,0.005663816310288903,0.0,85134.48
2025-12-17,online,ONLINE,,,,12,28,784480.45,39312.844414,745166.6799999999,62097.22333333333,0.05011322387192696,6311.73,738854.95
2025-12-17,store,S001,Karachi,Sindh,flagship,4,10,281534.57999999996,2454.706814,279080.33999999997,69770.08499999999,0.008719024192339003,0.0,279080.33999999997
2025-12-17,store,S002,Lahore,Punjab,mall,4,10,233206.96,6332.63151,226880.76,56720.19,0.02715455623622897,0.0,226880.76
2025-12-17,store,S004,Karachi,Sindh,flagship,5,19,410805.17,36095.441471,374719.65,74943.93000000001,0.08786511004961306,26453.99,348265.66000000003
2025-12-17,store,S005,Lahore,Punjab,high_street,8,24,1318918.14,83827.51601699999,1235121.77,154390.22125,0.06355778533533551,9994.1,1225127.67
2025-12-17,store,S006,Islamabad,ICT,mall,6,25,436857.88,4171.574594,432684.16,72114.02666666666,0.009549042800830328,0.0,432684.16
2025-12-18,online,ONLINE,,,,17,51,744751.18,18846.582541,725903.56,42700.20941176471,0.025305878053123728,29825.75,696077.81
2025-12-18,store,S001,Karachi,Sindh,flagship,1,3,308487.51,316.93083,308170.58,308170.58,0.0010273700546255503,0.0,308170.58
2025-12-18,store,S002,Lahore,Punjab,mall,3,12,710407.89,15856.446332,694568.88,231522.96,0.022320200204983646,0.0,694568.88
2025-12-18,store,S003,Islamabad,ICT,mall,2,7,56327.619999999995,338.328068,55988.89,27994.445,0.006006432865439726,9833.53,46155.36
2025-12-18,store,S004,Karachi,Sindh,flagship,3,10,622039.08,52907.146959000005,569124.46,189708.15333333332,0.0850543778680272,126009.26,443115.19999999995
2025-12-18,store,S005,Lahore,Punjab,high_street,4,7,606165.61,39892.623629,566277.9,141569.475,0.0658114267303947,0.0,566277.9
2025-12-18,store,S006,Islamabad,ICT,mall,4,8,329464.56,2486.268234,326978.67,81744.6675,0.007546390525281384,10009.89,316968.77999999997
2025-12-19,online,ONLINE,,,,21,52,895817.11,37793.128156,858036.72,40858.89142857143,0.04218844196445411,11743.56,846293.1599999999
2025-12-19,store,S001,Karachi,Sindh,flagship,5,20,474624.99,6624.517253999999,467998.05,93599.61,0.013957371384932764,3659.72,464338.33
2025-12-19,store,S002,Lahore,Punjab,mall,5,24,740264.57,2659.186025,737595.92,147519.184,0.003592210316103606,0.0,737595.92
2025-12-19,store,S004,Karachi,Sindh,flagship,5,11,74059.75,10113.272405000002,63945.62,12789.124,0.13655558390353736,0.0,63945.62
2025-12-19,store,S005,Lahore,Punjab,high_street,2,12,438990.38999999996,148057.92540100001,290945.05000000005,145472.52500000002,0.33726917211331214,0.0,290945.05000000005
2025-12-19,store,S006,Islamabad,ICT,mall,6,15,483025.05,27788.922958,455246.13,75874.355,0.05753101823187017,12656.31,442589.82
2025-12-20,online,ONLINE,,,,11,38,827106.12,17898.393146,809203.1699999999,73563.92454545455,0.021639778395062533,1559.79,807643.3799999999
2025-12-20,store,S001,Karachi,Sindh,flagship,1,2,7431.16,106.631512,7324.73,7324.73,0.01434924184111229,0.0,7324.73
2025-12-20,store,S002,Lahore,Punjab,mall,4,7,110437.16,357.73814,110079.32,27519.83,0.003239291376199822,0.0,110079.32
2025-12-20,store,S003,Islamabad,ICT,mall,3,7,58284.38,1707.5790459999998,56576.92,18858.97333333333,0.029297369998617123,0.0,56576.92
2025-12-20,store,S004,Karachi,Sindh,flagship,2,4,392808.99,25883.879692000002,366925.86,183462.93,0.06589431594220897,0.0,366925.86
2025-12-20,store,S005,Lahore,Punjab,high_street,2,6,39916.82,4774.384848,35142.54,17571.27,0.11960834675708135,0.0,35142.54
2025-12-20,store,S006,Islamabad,ICT,mall,9,22,566158.75,14512.505861,551642.19,61293.57666666666,0.025633280172743068,2570.05,549072.1399999999
2025-12-21,online,ONLINE,,,,18,49,1115576.9,39895.570085,1075672.09,59759.56055555556,0.03576227697525827,0.0,1075672.09
2025-12-21,store,S001,Karachi,Sindh,flagship,1,2,7162.77,93.47531199999999,7069.29,7069.29,0.013050162437157689,0.0,7069.29
2025-12-21,store,S002,Lahore,Punjab,mall,4,13,665107.4099999999,25825.820505000003,639282.87,159820.7175,0.038829548606292036,0.0,639282.87
2025-12-21,store,S003,Islamabad,ICT,mall,1,3,13241.189999999999,1387.173577,11854.36,11854.36,0.10476200228227223,0.0,11854.36
2025-12-21,store,S004,Karachi,Sindh,flagship,3,8,331624.1,23555.265704999998,308065.05,102688.34999999999,0.07103001773694975,0.0,308065.05
2025-12-21,store,S005,Lahore,Punjab,high_street,3,7,292512.07,18950.888197,273569.04,91189.68,0.06478668793735588,0.0,273569.04
2025-12-21,store,S006,Islamabad,ICT,mall,5,14,462040.71,40304.961078,421738.1,84347.62,0.08723248883848352,0.0,421738.1
2025-12-22,online,ONLINE,,,,17,43,1149365.92,31448.987641,1117928.18,65760.48117647058,0.027362032485703076,29054.86,1088873.3199999998
2025-12-22,store,S001,Karachi,Sindh,flagship,3,9,558371.13,5101.611715999999,553259.0800000001,184419.69333333336,0.009136596507057948,0.0,553259.0800000001
2025-12-22,store,S003,Islamabad,ICT,mall,1,3,260090.74000000002,0.0,260090.74000000002,260090.74000000002,0.0,5432.8,254657.94000000003
2025-12-22,store,S004,Karachi,Sindh,flagship,5,14,369974.73,31150.322429,338818.04000000004,67763.60800000001,0.0841958109652516,0.0,338818.04000000004
2025-12-22,store,S005,Lahore,Punjab,high_street,3,8,505456.66,34734.573752000004,470732.49000000005,156910.83000000002,0.06871919296107407,0.0,470732.49000000005
2025-12-22,store,S006,Islamabad,ICT,mall,1,5,242892.90000000002,33073.552196000004,209818.26,209818.26,0.13616516660635203,16998.78,192819.48
2025-12-23,online,ONLINE,,,,14,39,803082.23,20413.451996,782664.28,55904.59142857143,0.025418881446299713,2282.15,780382.13
2025-12-23,store,S001,Karachi,Sindh,flagship,3,5,256259.6,59.255956,256199.87,85399.95666666667,0.0002312340923032737,1382.92,254816.94999999998
2025-12-23,store,S002,Lahore,Punjab,mall,5,10,270468.27,6462.985244,263994.98000000004,52798.99600000001,0.023895539554417974,0.0,263994.98000000004
2025-12-23,store,S003,Islamabad,ICT,mall,5,17,699563.71,24722.290887,674841.82,134968.364,0.035339584563355925,0.0,674841.82
2025-12-23,store,S004,Karachi,Sindh,flagship,6,15,336566.89999999997,37788.833172,298787.74,49797.956666666665,0.11227733081298251,11405.28,287382.45999999996
2025-12-23,store,S005,Lahore,Punjab,high_street,5,17,303799.3,13247.142053,290552.82999999996,58110.56599999999,0.04360491302317023,0.0,290552.82999999996
2025-12-23,store,S006,Islamabad,ICT,mall,6,10,52863.92,830.0769919999999,52033.310000000005,8672.218333333334,0.015702146038356596,1449.94,50583.37
2025-12-24,online,ONLINE,,,,17,47,1232572.91,43732.844213,1188844.32,69932.01882352942,0.035480938983966474,5835.650000000001,1183008.6700000002
2025-12-24,store,S001,Karachi,Sindh,flagship,3,7,61470.13,4132.591599,57337.38,19112.46,0.06722926401814996,4177.71,53159.67
2025-12-24,store,S002,Lahore,Punjab,mall,4,8,257603.59,12296.855868999999,245313.08000000002,61328.270000000004,0.04773557646848011,23090.2,222222.88
2025-12-24,store,S003,Islamabad,ICT,mall,5,19,350408.10000000003,14879.477637,335529.47,67105.894,0.04246328106285214,0.0,335529.47
2025-12-24,store,S004,Karachi,Sindh,flagship,4,8,38758.29,3603.504602,35155.29,8788.8225,0.09297377675846896,0.0,35155.29
2025-12-24,store,S005,Lahore,Punjab,high_street,6,20,476697.52999999997,31686.588685000002,445004.32,74167.38666666667,0.06647105699289024,197047.69,247956.63
2025-12-24,store,S006,Islamabad,ICT,mall,4,9,43224.69,3733.20968,39491.46,9872.865,0.08636752929864852,0.0,39491.46
2025-12-25,online,ONLINE,,,,9,19,365875.08999999997,13332.648201999998,352542.58999999997,39171.398888888885,0.0364404370956219,0.0,352542.58999999997
2025-12-25,store,S001,Karachi,Sindh,flagship,1,2,17816.3,22.963684999999998,17793.8,17793.8,0.0012889143649354804,0.0,17793.8
2025-12-25,store,S003,Islamabad,ICT,mall,2,6,35199.76,555.8576400000001,34644.2,17322.1,0.015791517896712935,3677.08,30967.119999999995
2025-12-25,store,S004,Karachi,Sindh,flagship,3,9,56044.31,10240.872034,45803.29,15267.763333333334,0.18272813125899848,0.0,45803.29
2025-12-25,store,S005,Lahore,Punjab,high_street,5,13,513935.66,39106.155538,474846.41,94969.28199999999,0.07609153943121985,0.0,474846.41
2025-12-25,store,S006,Islamabad,ICT,mall,2,5,64343.200000000004,2415.745447,61926.439999999995,30963.219999999998,0.03754468921346777,0.0,61926.439999999995
2025-12-26,online,ONLINE,,,,10,24,375892.28,4405.04323,371481.97,37148.197,0.011718897844882581,4378.29,367103.68
2025-12-26,store,S001,Karachi,Sindh,flagship,4,11,281025.75,0.0,281025.74,70256.435,0.0,0.0,281025.74
2025-12-26,store,S002,Lahore,Punjab,mall,5,13,261711.43,22772.693728,238940.48,47788.096000000005,0.08701451720316533,5168.29,233772.19
2025-12-26,store,S004,Karachi,Sindh,flagship,2,5,53317.70999999999,7107.025855999999,46210.14,23105.07,0.13329578213317864,0.0,46210.14
2025-12-26,store,S005,Lahore,Punjab,high_street,6,24,848859.25,45432.248542999994,803415.42,133902.57,0.05352153321413414,0.0,803415.42
2025-12-26,store,S006,Islamabad,ICT,mall,2,5,59853.39,374.42198199999996,59478.99,29739.495,0.006255652052456844,0.0,59478.99
2025-12-27,online,ONLINE,,,,18,58,1122157.84,36430.814992,1085729.93,60318.32944444444,0.032464964992803505,16562.18,1069167.75
2025-12-27,store,S001,Karachi,Sindh,flagship,2,5,129180.70999999999,1341.890935,127837.27,63918.635,0.010387703667211614,0.0,127837.27
2025-12-27,store,S003,Islamabad,ICT,mall,3,8,80518.47,4220.123052999999,76297.39,25432.463333333333,0.05241186342711181,0.0,76297.39
2025-12-27,store,S004,Karachi,Sindh,flagship,6,22,665922.53,61511.162051,604405.12,100734.18666666666,0.09236984676130419,44521.340000000004,559883.78
2025-12-27,store,S005,Lahore,Punjab,high_street,6,16,398350.45,34599.589731,363757.46,60626.24333333334,0.08685716240812581,5305.85,358451.61000000004
2025-12-27,store,S006,Islamabad,ICT,mall,4,9,90769.83,351.62011799999993,90418.59,22604.6475,0.0038737553876657025,5813.03,84605.56
2025-12-28,online,ONLINE,,,,15,53,1325470.02,24673.843487,1300814.93,86720.99533333333,0.01861516527322134,195785.12,1105029.81
2025-12-28,store,S001,Karachi,Sindh,flagship,7,28,1479923.86,54249.747469,1425684.1099999999,203669.15857142856,0.03665712063659816,0.0,1425684.1099999999
2025-12-28,store,S003,Islamabad,ICT,mall,3,14,147091.56,3200.186196,143890.67,47963.55666666667,0.021756422978993495,0.0,143890.67
2025-12-28,store,S004,Karachi,Sindh,flagship,3,13,485165.83,52169.433657,432992.38,144330.79333333333,0.10752907651596157,0.0,432992.38
2025-12-28,store,S005,Lahore,Punjab,high_street,2,6,56782.630000000005,2022.4697459999998,54759.61,27379.805,0.03561775398568188,0.0,54759.61
2025-12-28,store,S006,Islamabad,ICT,mall,6,18,127035.11,3123.684364,123910.20000000001,20651.7,0.024589142041125483,2613.23,121296.97000000002
2025-12-29,online,ONLINE,,,,11,32,1119733.19,40238.732822,1079513.44,98137.58545454545,0.035936000809264214,2261.29,1077252.15
2025-12-29,store,S001,Karachi,Sindh,flagship,2,4,26607.690000000002,44.336272,26563.309999999998,13281.654999999999,0.0016662954206096057,0.0,26563.309999999998
2025-12-29,store,S002,Lahore,Punjab,mall,3,7,99402.55,3065.485996,96336.79000000001,32112.263333333336,0.03083910821201267,5335.91,91000.88
2025-12-29,store,S003,Islamabad,ICT,mall,2,5,21780.010000000002,236.876393,21543.36,10771.68,0.010875862453690334,0.0,21543.36
2025-12-29,store,S004,Karachi,Sindh,flagship,6,12,135346.85,20823.57541,114523.37000000001,19087.228333333336,0.15385341742345685,0.0,114523.37000000001
2025-12-29,store,S005,Lahore,Punjab,high_street,6,15,433366.91000000003,71097.311881,362265.63,60377.605,0.16405800775375304,0.0,362265.63
2025-12-29,store,S006,Islamabad,ICT,mall,2,9,58536.329999999994,179.26045399999998,58357.619999999995,29178.809999999998,0.003062379448797012,0.0,58357.619999999995
2025-12-30,online,ONLINE,,,,23,69,1476653.88,53496.786455,1423158.86,61876.47217391305,0.03622838579816687,0.0,1423158.86
2025-12-30,store,S001,Karachi,Sindh,flagship,7,28,265404.44,7016.005403,258385.36000000002,36912.194285714286,0.026435147064608262,10304.45,248080.91
2025-12-30,store,S002,Lahore,Punjab,mall,4,8,210656.81,13600.411773,197062.33,49265.5825,0.06456193736627835,11292.38,185769.94999999998
2025-12-30,store,S003,Islamabad,ICT,mall,1,5,36439.32,337.987387,36101.46000000001,36101.46000000001,0.009275348359958418,0.0,36101.46000000001
2025-12-30,store,S004,Karachi,Sindh,flagship,5,11,139556.05000000002,7541.589603,132014.08,26402.816,0.05403986142485402,10326.400000000001,121687.68
2025-12-30,store,S005,Lahore,Punjab,high_street,1,8,473740.67000000004,34864.65189,438874.63,438874.63,0.07359438211205299,14144.62,424730.01
2025-12-30,store,S006,Islamabad,ICT,mall,9,25,1081010.79,46160.268839000004,1034818.53,114979.83666666667,0.04270102506469894,79543.32,955275.21
2025-12-31,online,ONLINE,,,,15,39,899308.66,25852.036298,873443.71,58229.58066666666,0.02874656661040048,0.0,873443.71
2025-12-31,store,S001,Karachi,Sindh,flagship,2,3,39056.89,358.265581,38698.69,19349.345,0.009172916251140324,0.0,38698.69
2025-12-31,store,S002,Lahore,Punjab,mall,2,9,55630.99,4225.161795999999,51404.9,25702.45,0.07594978618931642,0.0,51404.9
2025-12-31,store,S003,Islamabad,ICT,mall,3,10,80683.61,0.0,80683.61,26894.536666666667,0.0,35805.92,44877.69
2025-12-31,store,S004,Karachi,Sindh,flagship,4,7,75799.9,6219.143201999999,69580.84,17395.21,0.08204685233093975,0.0,69580.84
2025-12-31,store,S005,Lahore,Punjab,high_street,4,10,91531.0,5170.761337,86361.26000000001,21590.315000000002,0.05649191352656477,0.0,86361.26000000001
2025-12-31,store,S006,Islamabad,ICT,mall,5,16,337057.88,27379.726715999997,309678.88,61935.776,0.08123152829419089,8661.43,301017.45
