order_id,opportunity_id,customer_id,order_date,lead_date,close_date,first_purchase_date,revenue,units,product_id,product_name,category,salesperson,region,country,city,stage,channel,is_returning,aov,sales_cycle_days
O-100000,OPP-200000,C-4567,2024-02-28,2024-02-18,2024-03-16,2024-02-18,15453,17,103,Sales Booster,Software,Salesperson_5,North America,Germany,City_9,Won,Inbound,True,909.0,27
O-100001,OPP-200001,C-3747,2023-08-16,2023-08-09,2023-08-19,2023-08-09,4764,12,202,Receipt Printer,Hardware,Salesperson_7,Europe,Germany,City_10,Won,Inbound,True,397.0,10
O-100002,OPP-200002,C-1227,2024-01-03,2023-12-07,2024-01-07,2024-01-03,26064,18,201,POS Terminal,Hardware,Salesperson_11,North America,Pakistan,City_18,Won,Inbound,False,1448.0,31
O-100003,OPP-200003,C-1547,2024-12-25,2024-12-19,2025-01-14,2024-12-19,35226,19,201,POS Terminal,Hardware,Salesperson_5,Asia,Germany,City_3,Won,Partner,True,1854.0,26
O-100004,OPP-200004,C-3023,2023-01-01,2022-12-02,2023-01-11,2022-12-02,4596,4,202,Receipt Printer,Hardware,Salesperson_2,Asia,UK,City_2,Won,Partner,True,1149.0,40
O-100005,OPP-200005,C-3973,2023-06-21,2023-06-02,2023-07-11,2023-06-02,16659,9,202,Receipt Printer,Hardware,Salesperson_7,Asia,UK,City_7,Won,Inbound,True,1851.0,39
O-100006,OPP-200006,C-2237,2024-10-29,2024-10-20,2024-11-08,2024-10-20,15750,14,101,CRM Pro,Software,Salesperson_11,Asia,Pakistan,City_16,Won,Outbound,False,1125.0,19
O-100007,OPP-200007,C-2924,2023-02-19,2023-02-13,2023-02-25,2023-02-13,3740,5,201,POS Terminal,Hardware,Salesperson_12,Europe,Pakistan,City_19,Won,Outbound,False,748.0,12
O-100008,OPP-200008,C-1681,2024-05-12,2024-04-16,2024-05-13,2024-05-12,3100,10,201,POS Terminal,Hardware,Salesperson_6,North America,USA,City_17,Won,Partner,True,310.0,27
O-100009,OPP-200009,C-3197,2023-11-29,2023-11-05,2023-12-19,2023-11-05,16044,12,102,Analytics Suite,Software,Salesperson_1,Asia,Pakistan,City_8,Won,Inbound,True,1337.0,44
O-100010,OPP-200010,C-2651,2024-04-11,2024-03-26,2024-04-25,2024-03-26,8200,10,201,POS Terminal,Hardware,Salesperson_14,Europe,USA,City_17,Won,Outbound,False,820.0,30
O-100011,OPP-200011,C-4496,2024-08-03,2024-07-12,2024-08-23,2024-07-12,24752,14,202,Receipt Printer,Hardware,Salesperson_7,Europe,UK,City_2,Won,Outbound,False,1768.0,42
O-100012,OPP-200012,C-3447,2023-09-04,2023-08-18,2023-09-05,2023-08-18,11928,7,202,Receipt Printer,Hardware,Salesperson_1,North America,Pakistan,City_1,Won,Partner,False,1704.0,18
O-100013,OPP-200013,C-4059,2023-04-26,2023-04-03,2023-05-02,2023-04-26,999,9,201,POS Terminal,Hardware,Salesperson_10,Asia,UK,City_10,Won,Inbound,False,111.0,29
O-100014,OPP-200014,C-1973,2024-08-11,2024-07-14,2024-08-13,2024-07-14,15876,14,202,Receipt Printer,Hardware,Salesperson_6,Asia,USA,City_5,Won,Outbound,True,1134.0,30
O-100015,OPP-200015,C-1629,2024-10-07,2024-09-11,2024-10-22,2024-09-11,1441,1,202,Receipt Printer,Hardware,Salesperson_1,Asia,Pakistan,City_3,Won,Outbound,True,1441.0,41
O-100016,OPP-200016,C-4033,2023-07-24,2023-07-13,2023-07-26,2023-07-24,8298,18,202,Receipt Printer,Hardware,Salesperson_2,Europe,Germany,City_19,Won,Inbound,True,461.0,13
O-100017,OPP-200017,C-3010,2024-05-07,2024-05-01,2024-05-14,2024-05-01,4947,3,201,POS Terminal,Hardware,Salesperson_15,North America,India,City_3,Won,Inbound,True,1649.0,13
O-100018,OPP-200018,C-4226,2024-08-01,2024-07-24,2024-08-10,2024-07-24,1509,3,201,POS Terminal,Hardware,Salesperson_6,North America,India,City_1,Won,Inbound,True,503.0,17
O-100019,OPP-200019,C-3289,2023-06-22,2023-06-13,2023-07-02,2023-06-13,15150,15,201,POS Terminal,Hardware,Salesperson_14,Asia,Pakistan,City_8,Won,Outbound,False,1010.0,19
O-100020,OPP-200020,C-2968,2023-02-03,2023-01-05,2023-02-21,2023-01-05,22560,15,202,Receipt Printer,Hardware,Salesperson_13,North America,India,City_10,Won,Partner,True,1504.0,47
O-100021,OPP-200021,C-3415,2023-01-29,2023-01-15,2023-02-03,2023-01-15,31456,16,101,CRM Pro,Software,Salesperson_2,Europe,Pakistan,City_17,Won,Outbound,True,1966.0,19
O-100022,OPP-200022,C-2533,2024-07-29,2024-07-09,2024-08-12,2024-07-09,4540,20,101,CRM Pro,Software,Salesperson_5,Asia,USA,City_9,Won,Outbound,False,227.0,34
O-100023,OPP-200023,C-1068,2024-06-09,2024-05-12,2024-06-15,2024-06-09,23200,16,101,CRM Pro,Software,Salesperson_12,Asia,USA,City_7,Won,Inbound,True,1450.0,34
O-100024,OPP-200024,C-4590,2024-02-08,2024-01-26,2024-02-10,2024-01-26,21180,15,103,Sales Booster,Software,Salesperson_2,Europe,Germany,City_2,Won,Outbound,True,1412.0,15
O-100025,OPP-200025,C-3220,2023-11-08,2023-10-14,2023-11-22,2023-10-14,25099,19,202,Receipt Printer,Hardware,Salesperson_12,Asia,Germany,City_15,Won,Inbound,False,1321.0,39
O-100026,OPP-200026,C-3936,2024-12-21,2024-12-11,2025-01-02,2024-12-21,16235,17,103,Sales Booster,Software,Salesperson_4,Asia,UK,City_2,Won,Inbound,True,955.0,22
O-100027,OPP-200027,C-2252,2023-09-23,2023-09-13,2023-10-05,2023-09-13,9480,5,201,POS Terminal,Hardware,Salesperson_2,Asia,UK,City_12,Won,Inbound,True,1896.0,22
O-100028,OPP-200028,C-2288,2023-08-27,2023-08-18,2023-09-08,2023-08-27,9465,15,201,POS Terminal,Hardware,Salesperson_11,Asia,USA,City_3,Won,Inbound,True,631.0,21
O-100029,OPP-200029,C-4928,2023-04-14,2023-03-21,2023-04-28,2023-03-21,21470,19,202,Receipt Printer,Hardware,Salesperson_3,North America,India,City_15,Won,Inbound,True,1130.0,38
O-100030,OPP-200030,C-4446,2024-07-05,2024-06-29,2024-07-18,2024-06-29,4192,16,103,Sales Booster,Software,Salesperson_12,Asia,USA,City_19,Won,Partner,False,262.0,19
O-100031,OPP-200031,C-3331,2023-12-02,2023-11-15,2023-12-16,2023-11-15,4728,4,102,Analytics Suite,Software,Salesperson_2,North America,UK,City_19,Won,Outbound,True,1182.0,31
O-100032,OPP-200032,C-4840,2024-03-19,2024-03-08,2024-03-30,2024-03-19,1539,9,102,Analytics Suite,Software,Salesperson_5,Asia,UK,City_20,Won,Partner,False,171.0,22
O-100033,OPP-200033,C-3615,2023-03-14,2023-02-17,2023-03-16,2023-03-14,32281,19,102,Analytics Suite,Software,Salesperson_10,Europe,India,City_13,Won,Outbound,True,1699.0,27
O-100034,OPP-200034,C-2058,2024-10-22,2024-10-15,2024-10-30,2024-10-22,29484,18,102,Analytics Suite,Software,Salesperson_9,Europe,USA,City_15,Won,Outbound,True,1638.0,15
O-100035,OPP-200035,C-3045,2024-07-29,2024-07-16,2024-08-10,2024-07-16,27666,18,201,POS Terminal,Hardware,Salesperson_13,Asia,Pakistan,City_17,Won,Outbound,False,1537.0,25
O-100036,OPP-200036,C-3388,2023-05-22,2023-04-22,2023-05-26,2023-04-22,3940,5,102,Analytics Suite,Software,Salesperson_7,North America,USA,City_4,Won,Inbound,False,788.0,34
O-100037,OPP-200037,C-2882,2024-12-13,2024-12-04,2024-12-14,2024-12-04,13914,18,101,CRM Pro,Software,Salesperson_7,North America,UK,City_11,Won,Partner,True,773.0,10
O-100038,OPP-200038,C-1973,2024-01-04,2023-12-19,2024-01-22,2024-01-04,4200,6,101,CRM Pro,Software,Salesperson_11,Europe,India,City_17,Won,Partner,True,700.0,34
O-100039,OPP-200039,C-4075,2024-06-18,2024-06-13,2024-06-27,2024-06-18,5412,6,101,CRM Pro,Software,Salesperson_12,Europe,UK,City_9,Won,Outbound,False,902.0,14
O-100040,OPP-200040,C-3259,2023-02-10,2023-01-22,2023-02-15,2023-01-22,4720,10,102,Analytics Suite,Software,Salesperson_5,Asia,India,City_20,Won,Inbound,False,472.0,24
O-100041,OPP-200041,C-4084,2023-08-11,2023-08-06,2023-08-27,2023-08-06,4648,7,101,CRM Pro,Software,Salesperson_10,Asia,UK,City_17,Won,Inbound,False,664.0,21
O-100042,OPP-200042,C-4037,2023-03-21,2023-02-23,2023-04-05,2023-03-21,2394,3,101,CRM Pro,Software,Salesperson_3,North America,Germany,City_11,Won,Outbound,True,798.0,41
O-100043,OPP-200043,C-4849,2023-04-05,2023-03-24,2023-04-08,2023-03-24,7360,4,202,Receipt Printer,Hardware,Salesperson_9,Europe,USA,City_20,Won,Outbound,False,1840.0,15
O-100044,OPP-200044,C-2199,2023-08-14,2023-08-09,2023-08-28,2023-08-09,2570,5,102,Analytics Suite,Software,Salesperson_2,Asia,UK,City_6,Won,Inbound,True,514.0,19
O-100045,OPP-200045,C-3895,2023-10-13,2023-09-17,2023-10-31,2023-10-13,1048,2,202,Receipt Printer,Hardware,Salesperson_3,North America,Germany,City_10,Won,Partner,False,524.0,44
O-100046,OPP-200046,C-1759,2024-02-03,2024-01-27,2024-02-04,2024-02-03,1144,1,202,Receipt Printer,Hardware,Salesperson_2,Europe,UK,City_9,Won,Partner,False,1144.0,8
O-100047,OPP-200047,C-3461,2024-12-23,2024-12-12,2025-01-04,2024-12-12,211,1,103,Sales Booster,Software,Salesperson_5,Europe,Pakistan,City_16,Won,Outbound,True,211.0,23
O-100048,OPP-200048,C-4991,2023-08-18,2023-07-20,2023-09-07,2023-08-18,675,1,103,Sales Booster,Software,Salesperson_11,North America,Pakistan,City_13,Won,Inbound,False,675.0,49
O-100049,OPP-200049,C-3462,2023-07-23,2023-06-23,2023-08-07,2023-07-23,3648,16,102,Analytics Suite,Software,Salesperson_7,Asia,Pakistan,City_16,Won,Inbound,True,228.0,45
O-100050,OPP-200050,C-4741,2024-05-10,2024-04-30,2024-05-19,2024-04-30,20846,14,103,Sales Booster,Software,Salesperson_9,Europe,Pakistan,City_3,Won,Inbound,False,1489.0,19
O-100051,OPP-200051,C-1247,2023-07-04,2023-06-10,2023-07-21,2023-07-04,3840,5,103,Sales Booster,Software,Salesperson_5,North America,UK,City_5,Won,Outbound,True,768.0,41
O-100052,OPP-200052,C-4092,2024-06-28,2024-06-14,2024-07-02,2024-06-14,2223,13,202,Receipt Printer,Hardware,Salesperson_3,Europe,India,City_19,Won,Inbound,False,171.0,18
O-100053,OPP-200053,C-1763,2024-08-07,2024-07-21,2024-08-25,2024-07-21,15890,10,102,Analytics Suite,Software,Salesperson_15,Asia,Pakistan,City_8,Won,Outbound,False,1589.0,35
O-100054,OPP-200054,C-4915,2023-03-12,2023-02-17,2023-04-01,2023-02-17,24960,13,102,Analytics Suite,Software,Salesperson_4,North America,USA,City_6,Won,Inbound,False,1920.0,43
O-100055,OPP-200055,C-4716,2024-08-12,2024-08-06,2024-08-15,2024-08-06,740,5,201,POS Terminal,Hardware,Salesperson_15,North America,UK,City_3,Won,Outbound,True,148.0,9
O-100056,OPP-200056,C-3651,2023-11-19,2023-10-22,2023-11-30,2023-10-22,4004,14,201,POS Terminal,Hardware,Salesperson_6,Europe,UK,City_14,Won,Outbound,True,286.0,39
O-100057,OPP-200057,C-3306,2024-11-27,2024-10-28,2024-12-07,2024-11-27,31552,16,101,CRM Pro,Software,Salesperson_3,North America,Pakistan,City_12,Won,Partner,False,1972.0,40
O-100058,OPP-200058,C-2858,2023-11-30,2023-11-12,2023-12-05,2023-11-12,680,4,202,Receipt Printer,Hardware,Salesperson_1,Europe,USA,City_13,Won,Partner,True,170.0,23
O-100059,OPP-200059,C-3041,2023-06-04,2023-05-11,2023-06-13,2023-05-11,20900,11,103,Sales Booster,Software,Salesperson_6,North America,Pakistan,City_20,Won,Partner,True,1900.0,33
O-100060,OPP-200060,C-1653,2024-11-23,2024-11-17,2024-11-25,2024-11-23,6516,6,201,POS Terminal,Hardware,Salesperson_6,North America,USA,City_17,Won,Partner,False,1086.0,8
O-100061,OPP-200061,C-4692,2023-03-15,2023-03-04,2023-04-03,2023-03-04,3936,12,101,CRM Pro,Software,Salesperson_9,Europe,India,City_16,Won,Inbound,True,328.0,30
O-100062,OPP-200062,C-3781,2024-01-06,2023-12-23,2024-01-22,2023-12-23,23415,15,202,Receipt Printer,Hardware,Salesperson_10,Asia,UK,City_18,Won,Partner,True,1561.0,30
O-100063,OPP-200063,C-4953,2023-03-16,2023-02-28,2023-03-19,2023-02-28,28386,18,202,Receipt Printer,Hardware,Salesperson_7,Europe,Pakistan,City_12,Won,Outbound,True,1577.0,19
O-100064,OPP-200064,C-2769,2023-12-03,2023-11-19,2023-12-16,2023-11-19,2506,7,202,Receipt Printer,Hardware,Salesperson_1,Asia,UK,City_11,Won,Partner,True,358.0,27
O-100065,OPP-200065,C-2828,2023-05-20,2023-05-15,2023-05-23,2023-05-20,11872,16,202,Receipt Printer,Hardware,Salesperson_12,Europe,Pakistan,City_2,Won,Inbound,True,742.0,8
O-100066,OPP-200066,C-2470,2023-12-16,2023-11-17,2023-12-18,2023-12-16,6660,12,101,CRM Pro,Software,Salesperson_5,Europe,India,City_5,Won,Partner,False,555.0,31
O-100067,OPP-200067,C-3362,2024-08-04,2024-07-21,2024-08-22,2024-08-04,17532,18,101,CRM Pro,Software,Salesperson_14,Asia,UK,City_4,Won,Partner,False,974.0,32
O-100068,OPP-200068,C-3318,2024-11-08,2024-10-23,2024-11-25,2024-11-08,1274,1,202,Receipt Printer,Hardware,Salesperson_14,Asia,UK,City_3,Won,Partner,False,1274.0,33
O-100069,OPP-200069,C-2345,2024-10-30,2024-10-07,2024-11-16,2024-10-07,17550,13,102,Analytics Suite,Software,Salesperson_2,Asia,USA,City_1,Won,Outbound,False,1350.0,40
O-100070,OPP-200070,C-2885,2023-02-24,2023-02-17,2023-03-15,2023-02-17,5841,9,103,Sales Booster,Software,Salesperson_14,Asia,USA,City_6,Won,Inbound,True,649.0,26
O-100071,OPP-200071,C-1668,2024-09-17,2024-09-11,2024-09-27,2024-09-11,6500,10,103,Sales Booster,Software,Salesperson_1,Asia,Pakistan,City_13,Won,Outbound,False,650.0,16
O-100072,OPP-200072,C-4613,2024-07-26,2024-07-09,2024-08-02,2024-07-26,4360,10,201,POS Terminal,Hardware,Salesperson_12,North America,Pakistan,City_19,Won,Inbound,True,436.0,24
O-100073,OPP-200073,C-4367,2023-03-15,2023-02-28,2023-03-20,2023-02-28,4928,14,101,CRM Pro,Software,Salesperson_9,Asia,Germany,City_1,Won,Partner,False,352.0,20
O-100074,OPP-200074,C-4289,2024-02-13,2024-02-02,2024-02-28,2024-02-02,23647,13,201,POS Terminal,Hardware,Salesperson_1,Asia,UK,City_20,Won,Partner,False,1819.0,26
O-100075,OPP-200075,C-1583,2024-09-09,2024-08-19,2024-09-14,2024-08-19,4648,7,201,POS Terminal,Hardware,Salesperson_7,Europe,India,City_20,Won,Outbound,True,664.0,26
O-100076,OPP-200076,C-3643,2024-05-20,2024-05-04,2024-06-07,2024-05-04,33782,19,202,Receipt Printer,Hardware,Salesperson_12,Asia,UK,City_14,Won,Partner,True,1778.0,34
O-100077,OPP-200077,C-1069,2023-07-09,2023-06-18,2023-07-10,2023-06-18,1826,2,103,Sales Booster,Software,Salesperson_13,Europe,UK,City_12,Won,Partner,True,913.0,22
O-100078,OPP-200078,C-2687,2024-07-25,2024-06-26,2024-07-29,2024-06-26,35280,20,103,Sales Booster,Software,Salesperson_3,Asia,USA,City_14,Won,Outbound,False,1764.0,33
O-100079,OPP-200079,C-4488,2024-04-01,2024-03-13,2024-04-16,2024-03-13,26355,15,103,Sales Booster,Software,Salesperson_3,Asia,India,City_9,Won,Outbound,False,1757.0,34
O-100080,OPP-200080,C-1771,2024-04-30,2024-04-10,2024-05-12,2024-04-10,9044,19,101,CRM Pro,Software,Salesperson_15,Europe,UK,City_13,Won,Partner,True,476.0,32
O-100081,OPP-200081,C-3825,2023-01-06,2022-12-10,2023-01-08,2022-12-10,1914,11,103,Sales Booster,Software,Salesperson_10,North America,USA,City_15,Won,Partner,True,174.0,29
O-100082,OPP-200082,C-2482,2023-10-17,2023-09-28,2023-10-26,2023-09-28,20896,16,102,Analytics Suite,Software,Salesperson_2,Asia,Germany,City_13,Won,Outbound,True,1306.0,28
O-100083,OPP-200083,C-2140,2024-09-26,2024-09-13,2024-10-15,2024-09-26,7205,5,102,Analytics Suite,Software,Salesperson_4,Europe,UK,City_14,Won,Inbound,False,1441.0,32
O-100084,OPP-200084,C-3007,2023-03-24,2023-02-23,2023-04-05,2023-02-23,1246,1,101,CRM Pro,Software,Salesperson_6,North America,India,City_4,Won,Inbound,False,1246.0,41
O-100085,OPP-200085,C-2900,2023-03-11,2023-02-12,2023-03-14,2023-02-12,13981,11,102,Analytics Suite,Software,Salesperson_9,Asia,USA,City_17,Won,Outbound,True,1271.0,30
O-100086,OPP-200086,C-2436,2024-03-09,2024-02-09,2024-03-10,2024-02-09,12696,12,101,CRM Pro,Software,Salesperson_12,North America,India,City_10,Won,Partner,False,1058.0,30
O-100087,OPP-200087,C-3963,2024-11-01,2024-10-14,2024-11-02,2024-11-01,1154,2,201,POS Terminal,Hardware,Salesperson_11,North America,Pakistan,City_13,Won,Inbound,True,577.0,19
O-100088,OPP-200088,C-4051,2024-05-24,2024-04-24,2024-05-26,2024-04-24,9702,18,201,POS Terminal,Hardware,Salesperson_11,Asia,UK,City_1,Won,Outbound,False,539.0,32
O-100089,OPP-200089,C-3852,2023-02-01,2023-01-25,2023-02-19,2023-01-25,19838,14,103,Sales Booster,Software,Salesperson_2,Europe,UK,City_13,Won,Inbound,True,1417.0,25
O-100090,OPP-200090,C-4193,2024-12-23,2024-11-30,2025-01-09,2024-12-23,13643,7,103,Sales Booster,Software,Salesperson_2,North America,Pakistan,City_16,Won,Inbound,True,1949.0,40
O-100091,OPP-200091,C-1614,2024-05-22,2024-05-11,2024-06-10,2024-05-11,2190,10,201,POS Terminal,Hardware,Salesperson_6,Europe,USA,City_19,Won,Partner,False,219.0,30
O-100092,OPP-200092,C-1712,2024-07-06,2024-06-07,2024-07-26,2024-06-07,12964,14,202,Receipt Printer,Hardware,Salesperson_9,North America,India,City_3,Won,Inbound,False,926.0,49
O-100093,OPP-200093,C-3328,2024-01-01,2023-12-19,2024-01-14,2024-01-01,35758,19,102,Analytics Suite,Software,Salesperson_9,Asia,India,City_20,Won,Inbound,False,1882.0,26
O-100094,OPP-200094,C-2439,2024-09-04,2024-08-29,2024-09-15,2024-09-04,1090,1,202,Receipt Printer,Hardware,Salesperson_1,North America,Germany,City_2,Won,Partner,False,1090.0,17
O-100095,OPP-200095,C-4646,2023-05-17,2023-05-08,2023-05-27,2023-05-08,6988,4,103,Sales Booster,Software,Salesperson_14,Europe,Pakistan,City_8,Won,Partner,False,1747.0,19
O-100096,OPP-200096,C-2389,2024-02-19,2024-01-31,2024-02-20,2024-01-31,27738,18,101,CRM Pro,Software,Salesperson_15,North America,Germany,City_8,Won,Outbound,False,1541.0,20
O-100097,OPP-200097,C-1107,2023-10-13,2023-09-21,2023-10-25,2023-10-13,8359,13,102,Analytics Suite,Software,Salesperson_9,Asia,UK,City_4,Won,Partner,True,643.0,34
O-100098,OPP-200098,C-2253,2023-02-13,2023-02-08,2023-02-27,2023-02-08,9873,9,101,CRM Pro,Software,Salesperson_2,Europe,Germany,City_12,Won,Inbound,False,1097.0,19
O-100099,OPP-200099,C-4251,2024-07-06,2024-06-25,2024-07-07,2024-07-06,7126,7,103,Sales Booster,Software,Salesperson_2,North America,USA,City_4,Won,Inbound,True,1018.0,12
O-100100,OPP-200100,C-3656,2024-10-19,2024-10-06,2024-10-26,2024-10-06,3480,10,103,Sales Booster,Software,Salesperson_6,Europe,UK,City_6,Won,Inbound,True,348.0,20
O-100101,OPP-200101,C-3462,2024-12-29,2024-12-05,2025-01-05,2024-12-05,5467,11,201,POS Terminal,Hardware,Salesperson_1,Asia,India,City_16,Won,Partner,True,497.0,31
O-100102,OPP-200102,C-4247,2024-06-10,2024-06-04,2024-06-25,2024-06-04,9010,5,201,POS Terminal,Hardware,Salesperson_12,Asia,Germany,City_20,Won,Partner,True,1802.0,21
O-100103,OPP-200103,C-2797,2024-10-28,2024-10-05,2024-11-09,2024-10-28,24128,16,202,Receipt Printer,Hardware,Salesperson_7,Europe,Pakistan,City_12,Won,Outbound,False,1508.0,35
O-100104,OPP-200104,C-4292,2024-01-02,2023-12-20,2024-01-21,2023-12-20,9645,5,102,Analytics Suite,Software,Salesperson_12,Asia,India,City_1,Won,Outbound,True,1929.0,32
O-100105,OPP-200105,C-1670,2024-04-11,2024-03-19,2024-04-15,2024-03-19,3072,4,202,Receipt Printer,Hardware,Salesperson_2,Asia,UK,City_3,Won,Inbound,True,768.0,27
O-100106,OPP-200106,C-3683,2024-08-06,2024-07-08,2024-08-12,2024-07-08,484,1,101,CRM Pro,Software,Salesperson_15,Asia,UK,City_5,Won,Inbound,True,484.0,35
O-100107,OPP-200107,C-1280,2023-03-07,2023-02-16,2023-03-27,2023-02-16,6034,14,102,Analytics Suite,Software,Salesperson_1,North America,India,City_10,Won,Partner,False,431.0,39
O-100108,OPP-200108,C-4586,2024-04-30,2024-04-23,2024-05-12,2024-04-23,840,8,201,POS Terminal,Hardware,Salesperson_9,Asia,USA,City_6,Won,Partner,True,105.0,19
O-100109,OPP-200109,C-3893,2023-09-08,2023-08-24,2023-09-25,2023-08-24,10890,9,102,Analytics Suite,Software,Salesperson_9,Europe,India,City_8,Won,Inbound,False,1210.0,32
O-100110,OPP-200110,C-1464,2024-09-11,2024-08-27,2024-09-17,2024-08-27,8016,6,101,CRM Pro,Software,Salesperson_6,Asia,Germany,City_4,Won,Partner,False,1336.0,21
O-100111,OPP-200111,C-3620,2024-07-03,2024-06-17,2024-07-13,2024-06-17,3774,2,102,Analytics Suite,Software,Salesperson_14,Europe,Germany,City_1,Won,Outbound,False,1887.0,26
O-100112,OPP-200112,C-1905,2023-09-24,2023-09-10,2023-10-05,2023-09-10,17793,9,101,CRM Pro,Software,Salesperson_10,North America,USA,City_6,Won,Outbound,True,1977.0,25
O-100113,OPP-200113,C-1855,2024-08-13,2024-07-22,2024-08-27,2024-07-22,22960,16,102,Analytics Suite,Software,Salesperson_12,Europe,Germany,City_19,Won,Outbound,False,1435.0,36
O-100114,OPP-200114,C-3936,2024-07-21,2024-07-13,2024-07-24,2024-07-13,3894,2,102,Analytics Suite,Software,Salesperson_6,Asia,USA,City_4,Won,Outbound,False,1947.0,11
O-100115,OPP-200115,C-1104,2024-01-31,2024-01-17,2024-02-14,2024-01-17,1160,1,201,POS Terminal,Hardware,Salesperson_13,Asia,Germany,City_17,Won,Partner,False,1160.0,28
O-100116,OPP-200116,C-2507,2023-01-26,2023-01-09,2023-02-07,2023-01-26,6396,13,102,Analytics Suite,Software,Salesperson_4,Europe,UK,City_16,Won,Outbound,True,492.0,29
O-100117,OPP-200117,C-2710,2023-04-16,2023-04-10,2023-04-20,2023-04-16,6970,10,202,Receipt Printer,Hardware,Salesperson_4,North America,Pakistan,City_15,Won,Inbound,False,697.0,10
O-100118,OPP-200118,C-4064,2024-05-08,2024-04-12,2024-05-09,2024-04-12,25840,20,101,CRM Pro,Software,Salesperson_7,Asia,Germany,City_1,Won,Outbound,False,1292.0,27
O-100119,OPP-200119,C-3775,2024-09-17,2024-09-07,2024-09-21,2024-09-07,3216,6,201,POS Terminal,Hardware,Salesperson_1,Europe,UK,City_12,Won,Partner,False,536.0,14
O-100120,OPP-200120,C-4161,2023-01-19,2023-01-01,2023-02-08,2023-01-01,21780,12,101,CRM Pro,Software,Salesperson_15,North America,India,City_5,Won,Inbound,False,1815.0,38
O-100121,OPP-200121,C-1484,2024-02-05,2024-01-30,2024-02-17,2024-01-30,4972,11,102,Analytics Suite,Software,Salesperson_1,Asia,USA,City_8,Won,Outbound,False,452.0,18
O-100122,OPP-200122,C-1043,2023-11-19,2023-10-29,2023-11-25,2023-10-29,17964,9,201,POS Terminal,Hardware,Salesperson_3,North America,India,City_17,Won,Outbound,True,1996.0,27
O-100123,OPP-200123,C-2863,2023-12-15,2023-12-01,2023-12-29,2023-12-15,21600,15,201,POS Terminal,Hardware,Salesperson_6,Asia,UK,City_14,Won,Partner,False,1440.0,28
O-100124,OPP-200124,C-2004,2024-12-07,2024-11-09,2024-12-12,2024-11-09,11115,13,201,POS Terminal,Hardware,Salesperson_8,Asia,USA,City_11,Won,Outbound,True,855.0,33
O-100125,OPP-200125,C-1124,2023-04-15,2023-03-19,2023-04-18,2023-04-15,12135,15,102,Analytics Suite,Software,Salesperson_15,North America,Germany,City_1,Won,Inbound,True,809.0,30
O-100126,OPP-200126,C-2600,2023-03-19,2023-03-03,2023-03-30,2023-03-03,1062,1,201,POS Terminal,Hardware,Salesperson_12,Asia,USA,City_15,Won,Inbound,True,1062.0,27
O-100127,OPP-200127,C-1205,2024-02-19,2024-01-20,2024-02-21,2024-01-20,976,1,103,Sales Booster,Software,Salesperson_13,Europe,USA,City_8,Won,Outbound,True,976.0,32
O-100128,OPP-200128,C-2877,2023-12-12,2023-11-29,2023-12-22,2023-12-12,15280,10,101,CRM Pro,Software,Salesperson_13,Europe,Pakistan,City_4,Won,Inbound,True,1528.0,23
O-100129,OPP-200129,C-1543,2023-06-02,2023-05-26,2023-06-15,2023-06-02,753,3,103,Sales Booster,Software,Salesperson_13,Asia,Pakistan,City_2,Won,Partner,False,251.0,20
O-100130,OPP-200130,C-4818,2023-04-06,2023-03-31,2023-04-16,2023-03-31,30533,19,102,Analytics Suite,Software,Salesperson_5,North America,UK,City_19,Won,Outbound,True,1607.0,16
O-100131,OPP-200131,C-3759,2024-10-18,2024-10-09,2024-11-05,2024-10-09,34880,20,201,POS Terminal,Hardware,Salesperson_8,North America,India,City_13,Won,Inbound,True,1744.0,27
O-100132,OPP-200132,C-1656,2023-11-30,2023-10-31,2023-12-06,2023-10-31,1040,4,101,CRM Pro,Software,Salesperson_9,North America,Pakistan,City_3,Won,Partner,False,260.0,36
O-100133,OPP-200133,C-1314,2024-03-13,2024-03-08,2024-03-27,2024-03-13,11220,10,202,Receipt Printer,Hardware,Salesperson_3,North America,Pakistan,City_6,Won,Outbound,True,1122.0,19
O-100134,OPP-200134,C-4533,2023-12-09,2023-11-21,2023-12-11,2023-12-09,5076,6,102,Analytics Suite,Software,Salesperson_15,Asia,India,City_17,Won,Partner,True,846.0,20
O-100135,OPP-200135,C-3595,2023-03-15,2023-02-19,2023-03-29,2023-02-19,11704,7,201,POS Terminal,Hardware,Salesperson_6,Europe,UK,City_20,Won,Inbound,True,1672.0,38
O-100136,OPP-200136,C-4964,2023-10-11,2023-09-15,2023-10-23,2023-09-15,3734,2,103,Sales Booster,Software,Salesperson_1,North America,India,City_4,Won,Outbound,False,1867.0,38
O-100137,OPP-200137,C-3435,2023-04-10,2023-04-02,2023-04-19,2023-04-10,1160,5,102,Analytics Suite,Software,Salesperson_15,Asia,Germany,City_8,Won,Inbound,True,232.0,17
O-100138,OPP-200138,C-1758,2023-01-18,2022-12-28,2023-01-26,2023-01-18,14913,9,101,CRM Pro,Software,Salesperson_3,Europe,India,City_2,Won,Partner,True,1657.0,29
O-100139,OPP-200139,C-1715,2024-08-02,2024-07-11,2024-08-18,2024-07-11,3280,2,202,Receipt Printer,Hardware,Salesperson_6,Asia,Germany,City_18,Won,Inbound,False,1640.0,38
O-100140,OPP-200140,C-1737,2023-01-12,2022-12-23,2023-01-17,2022-12-23,1256,2,201,POS Terminal,Hardware,Salesperson_14,Europe,Pakistan,City_20,Won,Partner,True,628.0,25
O-100141,OPP-200141,C-1607,2024-01-13,2023-12-22,2024-01-20,2023-12-22,3054,6,102,Analytics Suite,Software,Salesperson_1,Asia,India,City_18,Won,Partner,False,509.0,29
O-100142,OPP-200142,C-1873,2024-11-23,2024-10-27,2024-11-30,2024-10-27,4910,10,103,Sales Booster,Software,Salesperson_1,North America,UK,City_17,Won,Partner,True,491.0,34
O-100143,OPP-200143,C-3995,2024-01-11,2024-01-05,2024-01-15,2024-01-11,8925,5,101,CRM Pro,Software,Salesperson_11,Asia,UK,City_14,Won,Partner,True,1785.0,10
O-100144,OPP-200144,C-2566,2024-09-26,2024-08-27,2024-10-03,2024-08-27,26239,19,202,Receipt Printer,Hardware,Salesperson_6,Europe,UK,City_5,Won,Inbound,True,1381.0,37
O-100145,OPP-200145,C-4096,2024-12-18,2024-12-05,2024-12-28,2024-12-18,31936,16,201,POS Terminal,Hardware,Salesperson_2,North America,UK,City_4,Won,Outbound,True,1996.0,23
O-100146,OPP-200146,C-1795,2023-02-18,2023-02-12,2023-03-03,2023-02-18,2484,4,102,Analytics Suite,Software,Salesperson_13,Europe,UK,City_10,Won,Inbound,True,621.0,19
O-100147,OPP-200147,C-2074,2023-07-05,2023-06-28,2023-07-19,2023-06-28,20868,12,102,Analytics Suite,Software,Salesperson_4,Asia,Germany,City_6,Won,Partner,True,1739.0,21
O-100148,OPP-200148,C-1611,2024-05-12,2024-04-24,2024-05-31,2024-05-12,4821,3,202,Receipt Printer,Hardware,Salesperson_9,Europe,Pakistan,City_18,Won,Outbound,True,1607.0,37
O-100149,OPP-200149,C-3787,2023-07-20,2023-07-09,2023-08-02,2023-07-09,5291,13,103,Sales Booster,Software,Salesperson_6,Europe,UK,City_4,Won,Partner,True,407.0,24
O-100150,OPP-200150,C-4082,2023-05-01,2023-04-23,2023-05-21,2023-05-01,2840,2,202,Receipt Printer,Hardware,Salesperson_6,Asia,Pakistan,City_1,Won,Inbound,False,1420.0,28
O-100151,OPP-200151,C-4444,2023-10-24,2023-09-25,2023-11-12,2023-09-25,9304,8,103,Sales Booster,Software,Salesperson_8,Europe,USA,City_16,Won,Outbound,False,1163.0,48
O-100152,OPP-200152,C-4492,2023-04-13,2023-04-07,2023-04-17,2023-04-07,8190,6,102,Analytics Suite,Software,Salesperson_11,Europe,UK,City_2,Won,Inbound,True,1365.0,10
O-100153,OPP-200153,C-4447,2023-02-11,2023-01-21,2023-02-16,2023-01-21,8450,13,202,Receipt Printer,Hardware,Salesperson_5,North America,USA,City_3,Won,Partner,False,650.0,26
O-100154,OPP-200154,C-1131,2023-03-31,2023-03-02,2023-04-04,2023-03-02,4725,7,102,Analytics Suite,Software,Salesperson_12,Asia,Germany,City_14,Won,Outbound,True,675.0,33
O-100155,OPP-200155,C-1486,2023-06-02,2023-05-13,2023-06-22,2023-05-13,24757,19,102,Analytics Suite,Software,Salesperson_7,Europe,Germany,City_16,Won,Partner,True,1303.0,40
O-100156,OPP-200156,C-1495,2024-03-17,2024-03-04,2024-04-06,2024-03-17,6777,9,102,Analytics Suite,Software,Salesperson_6,Asia,India,City_8,Won,Inbound,True,753.0,33
O-100157,OPP-200157,C-4572,2024-02-24,2024-02-11,2024-03-09,2024-02-11,7336,8,103,Sales Booster,Software,Salesperson_10,Europe,Germany,City_18,Won,Partner,False,917.0,27
O-100158,OPP-200158,C-2155,2024-11-06,2024-10-27,2024-11-24,2024-10-27,2275,13,103,Sales Booster,Software,Salesperson_13,Asia,UK,City_13,Won,Outbound,False,175.0,28
O-100159,OPP-200159,C-4107,2023-04-13,2023-03-20,2023-04-23,2023-03-20,5720,4,102,Analytics Suite,Software,Salesperson_2,Europe,Pakistan,City_16,Won,Outbound,False,1430.0,34
O-100160,OPP-200160,C-2973,2023-06-17,2023-05-19,2023-06-21,2023-05-19,953,1,103,Sales Booster,Software,Salesperson_8,Asia,Pakistan,City_1,Won,Partner,True,953.0,33
O-100161,OPP-200161,C-4130,2024-08-23,2024-08-15,2024-09-03,2024-08-15,13454,14,201,POS Terminal,Hardware,Salesperson_5,North America,USA,City_8,Won,Partner,True,961.0,19
O-100162,OPP-200162,C-1867,2024-11-02,2024-10-14,2024-11-04,2024-11-02,11034,6,202,Receipt Printer,Hardware,Salesperson_1,North America,USA,City_17,Won,Outbound,False,1839.0,21
O-100163,OPP-200163,C-3524,2024-03-24,2024-02-23,2024-04-02,2024-03-24,1464,3,103,Sales Booster,Software,Salesperson_5,Europe,India,City_3,Won,Inbound,True,488.0,39
O-100164,OPP-200164,C-4654,2024-01-31,2024-01-17,2024-02-10,2024-01-17,5472,6,202,Receipt Printer,Hardware,Salesperson_1,North America,UK,City_2,Won,Outbound,True,912.0,24
O-100165,OPP-200165,C-3454,2023-01-19,2023-01-10,2023-01-23,2023-01-10,13095,15,101,CRM Pro,Software,Salesperson_5,Asia,India,City_17,Won,Partner,False,873.0,13
O-100166,OPP-200166,C-4241,2024-08-27,2024-08-10,2024-09-02,2024-08-10,3563,7,201,POS Terminal,Hardware,Salesperson_11,Europe,UK,City_19,Won,Partner,True,509.0,23
O-100167,OPP-200167,C-4265,2023-07-06,2023-06-21,2023-07-24,2023-07-06,8205,5,101,CRM Pro,Software,Salesperson_14,Asia,USA,City_20,Won,Outbound,True,1641.0,33
O-100168,OPP-200168,C-1075,2024-06-26,2024-06-06,2024-07-04,2024-06-06,26316,18,202,Receipt Printer,Hardware,Salesperson_15,North America,Pakistan,City_13,Won,Outbound,False,1462.0,28
O-100169,OPP-200169,C-3776,2023-08-12,2023-07-15,2023-08-24,2023-08-12,4389,3,101,CRM Pro,Software,Salesperson_14,North America,USA,City_15,Won,Outbound,True,1463.0,40
O-100170,OPP-200170,C-1346,2024-01-26,2024-01-04,2024-02-12,2024-01-04,6736,16,101,CRM Pro,Software,Salesperson_14,Asia,Germany,City_6,Won,Outbound,False,421.0,39
O-100171,OPP-200171,C-3203,2024-08-30,2024-08-21,2024-09-10,2024-08-21,25585,17,102,Analytics Suite,Software,Salesperson_6,Europe,USA,City_17,Won,Outbound,True,1505.0,20
O-100172,OPP-200172,C-3220,2024-04-12,2024-04-02,2024-04-13,2024-04-02,5856,6,202,Receipt Printer,Hardware,Salesperson_14,North America,UK,City_9,Won,Partner,False,976.0,11
O-100173,OPP-200173,C-2533,2023-09-12,2023-08-14,2023-09-19,2023-08-14,9030,15,102,Analytics Suite,Software,Salesperson_13,Europe,India,City_1,Won,Inbound,True,602.0,36
O-100174,OPP-200174,C-1264,2023-05-15,2023-04-29,2023-05-19,2023-04-29,12290,10,202,Receipt Printer,Hardware,Salesperson_15,Europe,USA,City_9,Won,Outbound,True,1229.0,20
O-100175,OPP-200175,C-4902,2024-12-28,2024-12-02,2025-01-09,2024-12-02,20262,11,101,CRM Pro,Software,Salesperson_2,Europe,UK,City_3,Won,Partner,True,1842.0,38
O-100176,OPP-200176,C-2188,2024-03-07,2024-02-08,2024-03-21,2024-02-08,3898,2,201,POS Terminal,Hardware,Salesperson_5,Europe,UK,City_15,Won,Partner,False,1949.0,42
O-100177,OPP-200177,C-4157,2023-06-29,2023-06-06,2023-07-01,2023-06-06,15252,12,201,POS Terminal,Hardware,Salesperson_12,Europe,Pakistan,City_16,Won,Outbound,False,1271.0,25
O-100178,OPP-200178,C-1577,2023-01-21,2022-12-25,2023-01-25,2022-12-25,25890,15,101,CRM Pro,Software,Salesperson_5,Asia,India,City_3,Won,Inbound,False,1726.0,31
O-100179,OPP-200179,C-2903,2024-07-09,2024-07-03,2024-07-10,2024-07-03,620,5,102,Analytics Suite,Software,Salesperson_3,North America,USA,City_16,Won,Inbound,False,124.0,7
O-100180,OPP-200180,C-4052,2023-04-14,2023-03-17,2023-05-02,2023-04-14,21720,20,201,POS Terminal,Hardware,Salesperson_3,Asia,Pakistan,City_8,Won,Partner,True,1086.0,46
O-100181,OPP-200181,C-3958,2023-05-07,2023-04-25,2023-05-26,2023-04-25,11592,14,102,Analytics Suite,Software,Salesperson_14,North America,UK,City_7,Won,Partner,False,828.0,31
O-100182,OPP-200182,C-3271,2024-11-14,2024-10-25,2024-11-24,2024-10-25,30974,17,103,Sales Booster,Software,Salesperson_8,Europe,UK,City_15,Won,Outbound,False,1822.0,30
O-100183,OPP-200183,C-2496,2023-09-15,2023-09-04,2023-10-01,2023-09-04,2106,9,103,Sales Booster,Software,Salesperson_9,Asia,Germany,City_9,Won,Partner,True,234.0,27
O-100184,OPP-200184,C-2694,2023-01-11,2022-12-12,2023-01-20,2023-01-11,18071,17,202,Receipt Printer,Hardware,Salesperson_11,North America,USA,City_7,Won,Outbound,True,1063.0,39
O-100185,OPP-200185,C-4426,2023-10-31,2023-10-05,2023-11-12,2023-10-05,14364,14,103,Sales Booster,Software,Salesperson_10,Asia,USA,City_12,Won,Partner,True,1026.0,38
O-100186,OPP-200186,C-3769,2023-04-05,2023-03-19,2023-04-25,2023-03-19,6066,18,201,POS Terminal,Hardware,Salesperson_2,Europe,UK,City_12,Won,Outbound,False,337.0,37
O-100187,OPP-200187,C-3928,2024-11-14,2024-11-05,2024-11-26,2024-11-05,3985,5,101,CRM Pro,Software,Salesperson_5,Asia,Pakistan,City_7,Won,Partner,True,797.0,21
O-100188,OPP-200188,C-1881,2023-02-18,2023-02-08,2023-03-03,2023-02-08,6136,4,201,POS Terminal,Hardware,Salesperson_14,North America,India,City_4,Won,Inbound,False,1534.0,23
O-100189,OPP-200189,C-1561,2024-04-01,2024-03-27,2024-04-07,2024-03-27,3808,16,102,Analytics Suite,Software,Salesperson_3,North America,Germany,City_5,Won,Inbound,True,238.0,11
O-100190,OPP-200190,C-4840,2023-06-24,2023-06-08,2023-07-12,2023-06-08,7878,13,101,CRM Pro,Software,Salesperson_8,Europe,Germany,City_12,Won,Partner,True,606.0,34
O-100191,OPP-200191,C-2570,2023-04-04,2023-03-05,2023-04-23,2023-04-04,3135,19,102,Analytics Suite,Software,Salesperson_2,North America,Germany,City_1,Won,Partner,False,165.0,49
O-100192,OPP-200192,C-1279,2023-12-09,2023-11-21,2023-12-24,2023-11-21,5889,3,202,Receipt Printer,Hardware,Salesperson_9,North America,India,City_7,Won,Outbound,True,1963.0,33
O-100193,OPP-200193,C-2294,2023-08-13,2023-08-04,2023-08-25,2023-08-04,6248,8,202,Receipt Printer,Hardware,Salesperson_15,Asia,Germany,City_9,Won,Outbound,False,781.0,21
O-100194,OPP-200194,C-4283,2024-08-10,2024-07-13,2024-08-25,2024-08-10,21033,19,102,Analytics Suite,Software,Salesperson_12,Asia,India,City_4,Won,Partner,False,1107.0,43
O-100195,OPP-200195,C-3887,2024-03-20,2024-02-20,2024-03-21,2024-02-20,3798,6,202,Receipt Printer,Hardware,Salesperson_2,Asia,USA,City_20,Won,Partner,True,633.0,30
O-100196,OPP-200196,C-4426,2024-02-13,2024-01-30,2024-02-17,2024-01-30,1370,10,202,Receipt Printer,Hardware,Salesperson_9,Europe,USA,City_16,Won,Inbound,False,137.0,18
O-100197,OPP-200197,C-2049,2024-07-03,2024-06-15,2024-07-12,2024-06-15,306,1,201,POS Terminal,Hardware,Salesperson_9,Europe,Germany,City_18,Won,Outbound,True,306.0,27
O-100198,OPP-200198,C-4053,2024-05-17,2024-04-20,2024-06-06,2024-04-20,23730,14,201,POS Terminal,Hardware,Salesperson_12,Europe,UK,City_8,Won,Outbound,False,1695.0,47
O-100199,OPP-200199,C-4155,2024-07-12,2024-06-28,2024-07-24,2024-06-28,17303,11,103,Sales Booster,Software,Salesperson_11,Asia,USA,City_5,Won,Outbound,False,1573.0,26
O-100200,OPP-200200,C-4650,2023-10-10,2023-09-13,2023-10-19,2023-09-13,1708,2,102,Analytics Suite,Software,Salesperson_13,Asia,Pakistan,City_3,Won,Outbound,False,854.0,36
O-100201,OPP-200201,C-1308,2023-01-15,2023-01-08,2023-01-31,2023-01-15,13950,9,202,Receipt Printer,Hardware,Salesperson_6,Europe,Pakistan,City_7,Won,Partner,False,1550.0,23
O-100202,OPP-200202,C-1340,2023-12-12,2023-12-05,2023-12-13,2023-12-05,1521,3,103,Sales Booster,Software,Salesperson_12,Europe,UK,City_16,Won,Partner,True,507.0,8
O-100203,OPP-200203,C-4612,2023-10-03,2023-09-21,2023-10-17,2023-09-21,9102,6,202,Receipt Printer,Hardware,Salesperson_10,Asia,USA,City_12,Won,Outbound,True,1517.0,26
O-100204,OPP-200204,C-1859,2023-11-17,2023-11-11,2023-11-24,2023-11-11,5228,4,201,POS Terminal,Hardware,Salesperson_4,Asia,Pakistan,City_11,Won,Outbound,False,1307.0,13
O-100205,OPP-200205,C-1894,2023-02-11,2023-01-17,2023-03-02,2023-02-11,7155,15,201,POS Terminal,Hardware,Salesperson_5,Asia,India,City_7,Won,Inbound,False,477.0,44
O-100206,OPP-200206,C-3557,2023-03-30,2023-03-25,2023-04-15,2023-03-25,18377,17,101,CRM Pro,Software,Salesperson_10,Asia,Pakistan,City_3,Won,Partner,True,1081.0,21
O-100207,OPP-200207,C-1483,2023-03-02,2023-01-31,2023-03-17,2023-01-31,1507,11,102,Analytics Suite,Software,Salesperson_10,North America,Pakistan,City_4,Won,Partner,False,137.0,45
O-100208,OPP-200208,C-3964,2023-08-28,2023-07-29,2023-09-17,2023-08-28,18173,17,102,Analytics Suite,Software,Salesperson_15,Asia,USA,City_6,Won,Outbound,True,1069.0,50
O-100209,OPP-200209,C-4265,2024-07-18,2024-06-28,2024-07-28,2024-06-28,29971,17,201,POS Terminal,Hardware,Salesperson_14,Europe,India,City_12,Won,Partner,True,1763.0,30
O-100210,OPP-200210,C-1039,2024-06-26,2024-06-04,2024-07-11,2024-06-04,11712,6,201,POS Terminal,Hardware,Salesperson_2,North America,USA,City_17,Won,Partner,True,1952.0,37
O-100211,OPP-200211,C-1698,2023-03-13,2023-02-25,2023-03-14,2023-02-25,34200,20,102,Analytics Suite,Software,Salesperson_8,Asia,Germany,City_16,Won,Outbound,True,1710.0,17
O-100212,OPP-200212,C-1924,2024-01-22,2023-12-28,2024-01-30,2024-01-22,10536,8,102,Analytics Suite,Software,Salesperson_11,Asia,Germany,City_11,Won,Inbound,True,1317.0,33
O-100213,OPP-200213,C-4149,2024-01-09,2023-12-14,2024-01-12,2023-12-14,6632,4,103,Sales Booster,Software,Salesperson_5,Europe,Pakistan,City_4,Won,Outbound,False,1658.0,29
O-100214,OPP-200214,C-2471,2024-10-15,2024-09-18,2024-10-25,2024-09-18,6912,18,103,Sales Booster,Software,Salesperson_9,Asia,India,City_19,Won,Inbound,True,384.0,37
O-100215,OPP-200215,C-3679,2023-08-19,2023-07-22,2023-08-30,2023-08-19,11100,20,103,Sales Booster,Software,Salesperson_2,Asia,USA,City_19,Won,Partner,True,555.0,39
O-100216,OPP-200216,C-3048,2024-04-07,2024-03-12,2024-04-25,2024-04-07,24187,19,103,Sales Booster,Software,Salesperson_6,Asia,USA,City_12,Won,Partner,True,1273.0,44
O-100217,OPP-200217,C-2910,2023-04-09,2023-03-15,2023-04-11,2023-03-15,3720,10,103,Sales Booster,Software,Salesperson_4,Europe,Germany,City_19,Won,Inbound,True,372.0,27
O-100218,OPP-200218,C-4446,2024-02-03,2024-01-16,2024-02-08,2024-02-03,3432,12,101,CRM Pro,Software,Salesperson_9,Europe,India,City_8,Won,Partner,False,286.0,23
O-100219,OPP-200219,C-1773,2024-04-27,2024-04-04,2024-05-12,2024-04-04,16786,14,202,Receipt Printer,Hardware,Salesperson_15,North America,Germany,City_17,Won,Partner,False,1199.0,38
O-100220,OPP-200220,C-1514,2023-08-04,2023-07-18,2023-08-13,2023-08-04,1662,6,201,POS Terminal,Hardware,Salesperson_12,Europe,USA,City_8,Won,Partner,True,277.0,26
O-100221,OPP-200221,C-1232,2024-10-07,2024-09-16,2024-10-09,2024-09-16,36540,20,202,Receipt Printer,Hardware,Salesperson_14,Asia,USA,City_7,Won,Outbound,True,1827.0,23
O-100222,OPP-200222,C-2874,2024-07-03,2024-06-05,2024-07-21,2024-06-05,11835,15,202,Receipt Printer,Hardware,Salesperson_2,North America,Germany,City_19,Won,Outbound,False,789.0,46
O-100223,OPP-200223,C-4343,2024-09-10,2024-09-01,2024-09-11,2024-09-10,8310,15,101,CRM Pro,Software,Salesperson_11,Asia,India,City_1,Won,Partner,False,554.0,10
O-100224,OPP-200224,C-1325,2024-02-16,2024-01-28,2024-02-19,2024-01-28,31790,17,103,Sales Booster,Software,Salesperson_8,Asia,USA,City_18,Won,Partner,False,1870.0,22
O-100225,OPP-200225,C-1910,2024-07-27,2024-07-19,2024-08-03,2024-07-27,10992,12,202,Receipt Printer,Hardware,Salesperson_13,North America,Germany,City_4,Won,Inbound,False,916.0,15
O-100226,OPP-200226,C-4469,2024-03-08,2024-02-27,2024-03-26,2024-02-27,4200,8,202,Receipt Printer,Hardware,Salesperson_1,North America,UK,City_2,Won,Outbound,False,525.0,28
O-100227,OPP-200227,C-4641,2024-08-29,2024-08-14,2024-09-01,2024-08-14,33696,18,201,POS Terminal,Hardware,Salesperson_6,Asia,USA,City_15,Won,Partner,False,1872.0,18
O-100228,OPP-200228,C-2722,2024-10-10,2024-09-11,2024-10-30,2024-09-11,15896,8,202,Receipt Printer,Hardware,Salesperson_11,North America,India,City_19,Won,Outbound,True,1987.0,49
O-100229,OPP-200229,C-4490,2023-08-20,2023-08-09,2023-09-07,2023-08-09,4653,9,202,Receipt Printer,Hardware,Salesperson_4,Europe,Pakistan,City_20,Won,Partner,False,517.0,29
O-100230,OPP-200230,C-4861,2024-04-14,2024-03-20,2024-05-04,2024-04-14,13068,9,102,Analytics Suite,Software,Salesperson_12,Asia,Germany,City_12,Won,Partner,False,1452.0,45
O-100231,OPP-200231,C-3786,2024-05-29,2024-05-18,2024-06-16,2024-05-18,9306,18,201,POS Terminal,Hardware,Salesperson_3,Europe,Pakistan,City_10,Won,Inbound,False,517.0,29
O-100232,OPP-200232,C-3704,2023-03-19,2023-02-26,2023-03-28,2023-02-26,3400,5,103,Sales Booster,Software,Salesperson_8,Europe,USA,City_7,Won,Inbound,True,680.0,30
O-100233,OPP-200233,C-3500,2024-02-29,2024-02-03,2024-03-02,2024-02-29,5916,3,201,POS Terminal,Hardware,Salesperson_3,Asia,Germany,City_6,Won,Inbound,True,1972.0,28
O-100234,OPP-200234,C-1657,2024-09-30,2024-08-31,2024-10-20,2024-08-31,8316,9,202,Receipt Printer,Hardware,Salesperson_13,Asia,Germany,City_12,Won,Inbound,True,924.0,50
O-100235,OPP-200235,C-2337,2024-11-03,2024-10-10,2024-11-21,2024-11-03,1026,1,101,CRM Pro,Software,Salesperson_6,Asia,UK,City_13,Won,Outbound,True,1026.0,42
O-100236,OPP-200236,C-2870,2023-04-03,2023-03-28,2023-04-22,2023-03-28,1372,1,102,Analytics Suite,Software,Salesperson_15,Asia,India,City_3,Won,Partner,False,1372.0,25
O-100237,OPP-200237,C-1704,2023-06-10,2023-05-31,2023-06-14,2023-06-10,9795,5,101,CRM Pro,Software,Salesperson_1,North America,India,City_18,Won,Outbound,False,1959.0,14
O-100238,OPP-200238,C-3386,2024-01-23,2024-01-16,2024-01-27,2024-01-16,10384,11,101,CRM Pro,Software,Salesperson_11,Asia,UK,City_17,Won,Outbound,False,944.0,11
O-100239,OPP-200239,C-1047,2023-02-09,2023-01-28,2023-02-22,2023-01-28,5100,6,201,POS Terminal,Hardware,Salesperson_9,Europe,India,City_12,Won,Outbound,False,850.0,25
O-100240,OPP-200240,C-4776,2024-05-01,2024-04-06,2024-05-16,2024-04-06,8380,10,202,Receipt Printer,Hardware,Salesperson_13,Asia,USA,City_3,Won,Outbound,False,838.0,40
O-100241,OPP-200241,C-3116,2024-02-26,2024-02-03,2024-03-07,2024-02-26,2625,5,202,Receipt Printer,Hardware,Salesperson_2,Europe,Pakistan,City_15,Won,Outbound,False,525.0,33
O-100242,OPP-200242,C-3114,2023-01-25,2023-01-06,2023-02-14,2023-01-06,2395,5,101,CRM Pro,Software,Salesperson_8,Europe,USA,City_16,Won,Inbound,False,479.0,39
O-100243,OPP-200243,C-3841,2023-06-17,2023-06-05,2023-06-19,2023-06-05,22944,12,202,Receipt Printer,Hardware,Salesperson_6,Europe,Pakistan,City_10,Won,Outbound,True,1912.0,14
O-100244,OPP-200244,C-4658,2024-10-06,2024-09-13,2024-10-13,2024-10-06,5436,3,202,Receipt Printer,Hardware,Salesperson_6,Asia,Pakistan,City_4,Won,Partner,True,1812.0,30
O-100245,OPP-200245,C-4286,2024-01-28,2024-01-13,2024-02-08,2024-01-28,18578,14,201,POS Terminal,Hardware,Salesperson_13,Asia,UK,City_14,Won,Inbound,False,1327.0,26
O-100246,OPP-200246,C-4633,2024-12-02,2024-11-15,2024-12-15,2024-12-02,29954,17,103,Sales Booster,Software,Salesperson_13,North America,Germany,City_5,Won,Inbound,True,1762.0,30
O-100247,OPP-200247,C-1677,2024-08-12,2024-07-23,2024-08-16,2024-07-23,10638,9,202,Receipt Printer,Hardware,Salesperson_6,Europe,Pakistan,City_18,Won,Partner,True,1182.0,24
O-100248,OPP-200248,C-4342,2024-11-28,2024-11-19,2024-12-07,2024-11-19,11360,8,102,Analytics Suite,Software,Salesperson_15,Asia,Pakistan,City_20,Won,Partner,True,1420.0,18
O-100249,OPP-200249,C-4644,2024-06-16,2024-05-22,2024-06-19,2024-05-22,2900,5,101,CRM Pro,Software,Salesperson_1,North America,USA,City_19,Won,Partner,True,580.0,28
O-100250,OPP-200250,C-3283,2023-10-20,2023-10-03,2023-10-28,2023-10-20,25980,15,201,POS Terminal,Hardware,Salesperson_10,Asia,Pakistan,City_1,Won,Inbound,True,1732.0,25
O-100251,OPP-200251,C-3681,2023-06-27,2023-06-16,2023-06-28,2023-06-16,23002,14,202,Receipt Printer,Hardware,Salesperson_6,Europe,USA,City_7,Won,Inbound,False,1643.0,12
O-100252,OPP-200252,C-1857,2023-01-21,2023-01-07,2023-01-25,2023-01-07,3700,20,202,Receipt Printer,Hardware,Salesperson_14,North America,India,City_9,Won,Outbound,False,185.0,18
O-100253,OPP-200253,C-4199,2023-02-21,2023-02-14,2023-03-08,2023-02-14,17640,10,201,POS Terminal,Hardware,Salesperson_7,North America,Germany,City_2,Won,Partner,False,1764.0,22
O-100254,OPP-200254,C-1248,2023-07-03,2023-06-23,2023-07-05,2023-06-23,9486,6,103,Sales Booster,Software,Salesperson_3,Europe,UK,City_20,Won,Partner,False,1581.0,12
O-100255,OPP-200255,C-3303,2024-07-24,2024-07-06,2024-07-26,2024-07-24,4136,11,103,Sales Booster,Software,Salesperson_3,Asia,India,City_19,Won,Inbound,False,376.0,20
O-100256,OPP-200256,C-4227,2023-06-09,2023-05-20,2023-06-23,2023-05-20,4272,3,101,CRM Pro,Software,Salesperson_10,Europe,USA,City_3,Won,Partner,False,1424.0,34
O-100257,OPP-200257,C-2259,2024-12-27,2024-12-11,2025-01-04,2024-12-11,20340,15,103,Sales Booster,Software,Salesperson_7,Asia,UK,City_16,Won,Outbound,True,1356.0,24
O-100258,OPP-200258,C-3232,2024-05-01,2024-04-07,2024-05-17,2024-04-07,17775,15,101,CRM Pro,Software,Salesperson_2,North America,Germany,City_16,Won,Outbound,True,1185.0,40
O-100259,OPP-200259,C-1124,2024-12-01,2024-11-06,2024-12-09,2024-12-01,19530,14,101,CRM Pro,Software,Salesperson_14,Europe,UK,City_12,Won,Inbound,True,1395.0,33
O-100260,OPP-200260,C-2368,2023-06-10,2023-05-19,2023-06-29,2023-06-10,12480,20,202,Receipt Printer,Hardware,Salesperson_6,North America,Germany,City_4,Won,Outbound,True,624.0,41
O-100261,OPP-200261,C-2263,2024-08-09,2024-07-24,2024-08-16,2024-07-24,2008,2,101,CRM Pro,Software,Salesperson_3,North America,Germany,City_1,Won,Partner,True,1004.0,23
O-100262,OPP-200262,C-4944,2024-03-21,2024-03-01,2024-03-27,2024-03-01,2988,6,201,POS Terminal,Hardware,Salesperson_10,North America,USA,City_17,Won,Outbound,False,498.0,26
O-100263,OPP-200263,C-3836,2023-03-07,2023-02-14,2023-03-11,2023-02-14,2331,9,102,Analytics Suite,Software,Salesperson_13,Europe,USA,City_14,Won,Partner,True,259.0,25
O-100264,OPP-200264,C-2007,2023-03-16,2023-02-28,2023-03-27,2023-02-28,25200,15,103,Sales Booster,Software,Salesperson_10,Asia,USA,City_18,Won,Partner,False,1680.0,27
O-100265,OPP-200265,C-4815,2024-12-04,2024-11-09,2024-12-09,2024-11-09,3240,18,101,CRM Pro,Software,Salesperson_15,Asia,Pakistan,City_20,Won,Partner,True,180.0,30
O-100266,OPP-200266,C-3747,2024-05-09,2024-05-04,2024-05-28,2024-05-04,19836,12,101,CRM Pro,Software,Salesperson_6,Asia,Germany,City_1,Won,Outbound,True,1653.0,24
O-100267,OPP-200267,C-1797,2024-07-01,2024-06-24,2024-07-08,2024-06-24,15660,15,201,POS Terminal,Hardware,Salesperson_4,North America,Germany,City_5,Won,Partner,True,1044.0,14
O-100268,OPP-200268,C-2039,2024-06-14,2024-05-25,2024-07-04,2024-05-25,2808,8,101,CRM Pro,Software,Salesperson_15,Asia,Germany,City_5,Won,Partner,True,351.0,40
O-100269,OPP-200269,C-4747,2023-11-14,2023-10-30,2023-11-22,2023-10-30,4404,6,202,Receipt Printer,Hardware,Salesperson_10,North America,India,City_6,Won,Partner,False,734.0,23
O-100270,OPP-200270,C-1515,2023-02-09,2023-01-21,2023-02-14,2023-02-09,6940,5,103,Sales Booster,Software,Salesperson_5,Asia,USA,City_13,Won,Partner,False,1388.0,24
O-100271,OPP-200271,C-4072,2023-05-12,2023-05-04,2023-05-26,2023-05-04,19920,20,201,POS Terminal,Hardware,Salesperson_13,North America,USA,City_9,Won,Partner,True,996.0,22
O-100272,OPP-200272,C-2114,2024-12-10,2024-11-24,2024-12-29,2024-11-24,10036,13,102,Analytics Suite,Software,Salesperson_2,North America,Pakistan,City_14,Won,Outbound,True,772.0,35
O-100273,OPP-200273,C-3817,2024-04-06,2024-03-22,2024-04-22,2024-04-06,3030,10,103,Sales Booster,Software,Salesperson_12,Asia,India,City_1,Won,Inbound,True,303.0,31
O-100274,OPP-200274,C-1003,2023-07-05,2023-06-15,2023-07-18,2023-07-05,5950,5,102,Analytics Suite,Software,Salesperson_13,Europe,USA,City_19,Won,Partner,False,1190.0,33
O-100275,OPP-200275,C-2681,2023-04-24,2023-03-31,2023-05-03,2023-04-24,17490,11,103,Sales Booster,Software,Salesperson_7,Europe,Pakistan,City_17,Won,Outbound,True,1590.0,33
O-100276,OPP-200276,C-4049,2023-05-29,2023-05-09,2023-06-03,2023-05-09,6219,9,201,POS Terminal,Hardware,Salesperson_1,North America,India,City_6,Won,Outbound,False,691.0,25
O-100277,OPP-200277,C-1126,2024-12-04,2024-11-18,2024-12-18,2024-11-18,1074,3,102,Analytics Suite,Software,Salesperson_3,Asia,India,City_17,Won,Outbound,False,358.0,30
O-100278,OPP-200278,C-2122,2024-05-26,2024-05-05,2024-06-05,2024-05-26,36660,20,103,Sales Booster,Software,Salesperson_4,North America,UK,City_12,Won,Partner,True,1833.0,31
O-100279,OPP-200279,C-4576,2023-11-29,2023-11-21,2023-12-05,2023-11-21,22380,15,102,Analytics Suite,Software,Salesperson_6,Europe,Germany,City_17,Won,Inbound,True,1492.0,14
O-100280,OPP-200280,C-4708,2024-02-17,2024-01-23,2024-02-27,2024-01-23,9325,5,102,Analytics Suite,Software,Salesperson_1,North America,UK,City_16,Won,Inbound,True,1865.0,35
O-100281,OPP-200281,C-4757,2023-12-23,2023-12-16,2023-12-31,2023-12-23,2745,3,102,Analytics Suite,Software,Salesperson_9,Asia,USA,City_4,Won,Outbound,True,915.0,15
O-100282,OPP-200282,C-3731,2024-03-11,2024-02-22,2024-03-31,2024-03-11,2751,3,102,Analytics Suite,Software,Salesperson_10,Europe,Germany,City_18,Won,Outbound,False,917.0,38
O-100283,OPP-200283,C-4780,2024-01-11,2024-01-06,2024-01-13,2024-01-06,23788,19,102,Analytics Suite,Software,Salesperson_3,Asia,India,City_14,Won,Outbound,False,1252.0,7
O-100284,OPP-200284,C-3055,2024-02-26,2024-02-03,2024-03-17,2024-02-26,9360,12,103,Sales Booster,Software,Salesperson_13,Europe,Pakistan,City_3,Won,Outbound,True,780.0,43
O-100285,OPP-200285,C-2958,2023-12-16,2023-11-29,2024-01-02,2023-12-16,2850,15,202,Receipt Printer,Hardware,Salesperson_4,Europe,Germany,City_6,Won,Inbound,False,190.0,34
O-100286,OPP-200286,C-4440,2023-10-12,2023-10-06,2023-10-23,2023-10-12,2691,9,201,POS Terminal,Hardware,Salesperson_11,Asia,USA,City_11,Won,Inbound,False,299.0,17
O-100287,OPP-200287,C-4148,2023-07-07,2023-06-27,2023-07-27,2023-07-07,2394,9,201,POS Terminal,Hardware,Salesperson_13,North America,USA,City_10,Won,Outbound,False,266.0,30
O-100288,OPP-200288,C-3720,2024-06-30,2024-06-04,2024-07-15,2024-06-04,28672,16,102,Analytics Suite,Software,Salesperson_12,North America,UK,City_3,Won,Outbound,True,1792.0,41
O-100289,OPP-200289,C-3092,2023-04-07,2023-03-09,2023-04-22,2023-03-09,309,1,201,POS Terminal,Hardware,Salesperson_5,Europe,UK,City_8,Won,Partner,True,309.0,44
O-100290,OPP-200290,C-4977,2024-11-30,2024-11-19,2024-12-11,2024-11-19,6432,6,201,POS Terminal,Hardware,Salesperson_11,Europe,UK,City_8,Won,Outbound,False,1072.0,22
O-100291,OPP-200291,C-2052,2023-06-23,2023-06-08,2023-06-24,2023-06-08,14676,12,202,Receipt Printer,Hardware,Salesperson_4,North America,Pakistan,City_2,Won,Partner,False,1223.0,16
O-100292,OPP-200292,C-1087,2024-01-12,2024-01-07,2024-01-24,2024-01-07,3148,2,101,CRM Pro,Software,Salesperson_7,Asia,Germany,City_18,Won,Inbound,True,1574.0,17
O-100293,OPP-200293,C-1380,2023-02-22,2023-01-26,2023-03-08,2023-01-26,21984,16,103,Sales Booster,Software,Salesperson_7,North America,India,City_16,Won,Outbound,True,1374.0,41
O-100294,OPP-200294,C-2680,2024-06-14,2024-05-31,2024-06-19,2024-05-31,18612,18,101,CRM Pro,Software,Salesperson_4,Asia,India,City_8,Won,Partner,True,1034.0,19
O-100295,OPP-200295,C-4683,2024-01-03,2023-12-08,2024-01-17,2023-12-08,510,2,102,Analytics Suite,Software,Salesperson_5,Europe,USA,City_17,Won,Inbound,True,255.0,40
O-100296,OPP-200296,C-2154,2024-05-01,2024-04-12,2024-05-21,2024-04-12,6620,10,101,CRM Pro,Software,Salesperson_15,Asia,Pakistan,City_18,Won,Outbound,True,662.0,39
O-100297,OPP-200297,C-3229,2023-03-27,2023-03-03,2023-04-07,2023-03-03,8820,7,103,Sales Booster,Software,Salesperson_9,Europe,Germany,City_16,Won,Partner,True,1260.0,35
O-100298,OPP-200298,C-3676,2023-02-22,2023-02-08,2023-03-09,2023-02-08,1670,5,101,CRM Pro,Software,Salesperson_8,Asia,Pakistan,City_5,Won,Partner,False,334.0,29
O-100299,OPP-200299,C-1331,2024-10-04,2024-09-18,2024-10-17,2024-09-18,31248,18,102,Analytics Suite,Software,Salesperson_3,Asia,Germany,City_18,Won,Outbound,False,1736.0,29
O-100300,OPP-200300,C-1315,2024-10-03,2024-09-10,2024-10-18,2024-10-03,1529,11,201,POS Terminal,Hardware,Salesperson_8,North America,Pakistan,City_2,Won,Outbound,True,139.0,38
O-100301,OPP-200301,C-2291,2024-11-17,2024-11-03,2024-11-28,2024-11-03,12122,11,202,Receipt Printer,Hardware,Salesperson_10,Asia,India,City_17,Won,Partner,True,1102.0,25
O-100302,OPP-200302,C-1204,2023-07-15,2023-06-22,2023-07-24,2023-06-22,29984,16,202,Receipt Printer,Hardware,Salesperson_12,Asia,USA,City_16,Won,Partner,False,1874.0,32
O-100303,OPP-200303,C-4268,2024-08-25,2024-08-14,2024-09-09,2024-08-25,13468,7,102,Analytics Suite,Software,Salesperson_8,North America,Pakistan,City_7,Won,Inbound,True,1924.0,26
O-100304,OPP-200304,C-4403,2023-01-02,2022-12-03,2023-01-20,2023-01-02,7140,6,102,Analytics Suite,Software,Salesperson_1,Europe,Pakistan,City_12,Won,Partner,True,1190.0,48
O-100305,OPP-200305,C-4541,2024-05-12,2024-04-16,2024-05-18,2024-04-16,109,1,102,Analytics Suite,Software,Salesperson_1,Asia,Pakistan,City_9,Won,Partner,False,109.0,32
O-100306,OPP-200306,C-1216,2024-05-13,2024-05-03,2024-05-16,2024-05-13,375,1,102,Analytics Suite,Software,Salesperson_4,Asia,USA,City_14,Won,Partner,True,375.0,13
O-100307,OPP-200307,C-1445,2024-04-18,2024-03-31,2024-04-22,2024-03-31,26505,15,202,Receipt Printer,Hardware,Salesperson_4,Asia,Germany,City_12,Won,Partner,False,1767.0,22
O-100308,OPP-200308,C-2387,2024-02-23,2024-02-04,2024-02-24,2024-02-23,26010,15,102,Analytics Suite,Software,Salesperson_9,Europe,UK,City_9,Won,Outbound,True,1734.0,20
O-100309,OPP-200309,C-2647,2023-06-06,2023-05-22,2023-06-12,2023-06-06,8790,6,201,POS Terminal,Hardware,Salesperson_1,Asia,India,City_11,Won,Partner,True,1465.0,21
O-100310,OPP-200310,C-1938,2023-07-15,2023-06-20,2023-07-25,2023-06-20,8832,12,202,Receipt Printer,Hardware,Salesperson_9,North America,India,City_7,Won,Partner,False,736.0,35
O-100311,OPP-200311,C-4007,2023-02-12,2023-01-30,2023-02-15,2023-01-30,3664,8,103,Sales Booster,Software,Salesperson_3,Europe,USA,City_2,Won,Partner,False,458.0,16
O-100312,OPP-200312,C-2552,2024-08-24,2024-08-09,2024-09-05,2024-08-09,26087,19,101,CRM Pro,Software,Salesperson_7,North America,UK,City_2,Won,Partner,False,1373.0,27
O-100313,OPP-200313,C-3937,2023-08-06,2023-07-15,2023-08-10,2023-08-06,7104,12,101,CRM Pro,Software,Salesperson_9,North America,USA,City_20,Won,Outbound,True,592.0,26
O-100314,OPP-200314,C-2623,2024-04-09,2024-03-23,2024-04-25,2024-03-23,8384,8,101,CRM Pro,Software,Salesperson_3,Europe,Pakistan,City_2,Won,Partner,False,1048.0,33
O-100315,OPP-200315,C-1324,2024-04-27,2024-04-05,2024-05-01,2024-04-05,7152,8,202,Receipt Printer,Hardware,Salesperson_14,Asia,Germany,City_9,Won,Partner,True,894.0,26
O-100316,OPP-200316,C-1830,2023-09-19,2023-08-24,2023-09-22,2023-09-19,24840,20,202,Receipt Printer,Hardware,Salesperson_9,Asia,Germany,City_4,Won,Partner,True,1242.0,29
O-100317,OPP-200317,C-3527,2024-04-24,2024-03-29,2024-05-09,2024-03-29,4844,7,103,Sales Booster,Software,Salesperson_9,North America,India,City_15,Won,Outbound,False,692.0,41
O-100318,OPP-200318,C-3289,2023-05-15,2023-04-24,2023-05-28,2023-04-24,4192,8,103,Sales Booster,Software,Salesperson_10,Asia,UK,City_14,Won,Partner,True,524.0,34
O-100319,OPP-200319,C-1971,2024-02-20,2024-02-15,2024-03-10,2024-02-20,19635,11,103,Sales Booster,Software,Salesperson_2,North America,USA,City_8,Won,Inbound,False,1785.0,24
O-100320,OPP-200320,C-1164,2023-07-10,2023-07-04,2023-07-21,2023-07-10,8073,9,201,POS Terminal,Hardware,Salesperson_13,Europe,USA,City_10,Won,Partner,True,897.0,17
O-100321,OPP-200321,C-3126,2024-03-01,2024-02-15,2024-03-18,2024-02-15,3660,6,101,CRM Pro,Software,Salesperson_9,Asia,India,City_9,Won,Inbound,True,610.0,32
O-100322,OPP-200322,C-2099,2023-11-22,2023-10-25,2023-12-03,2023-10-25,28386,19,103,Sales Booster,Software,Salesperson_15,Europe,UK,City_7,Won,Inbound,False,1494.0,39
O-100323,OPP-200323,C-3893,2024-06-21,2024-05-27,2024-06-30,2024-05-27,807,1,103,Sales Booster,Software,Salesperson_3,Asia,USA,City_9,Won,Partner,False,807.0,34
O-100324,OPP-200324,C-1456,2024-04-15,2024-03-29,2024-04-23,2024-03-29,8723,13,202,Receipt Printer,Hardware,Salesperson_7,Europe,UK,City_13,Won,Partner,True,671.0,25
O-100325,OPP-200325,C-2130,2024-01-27,2024-01-11,2024-02-10,2024-01-27,1329,1,101,CRM Pro,Software,Salesperson_2,Europe,USA,City_19,Won,Outbound,False,1329.0,30
O-100326,OPP-200326,C-3442,2023-04-09,2023-03-24,2023-04-25,2023-03-24,15610,10,101,CRM Pro,Software,Salesperson_7,Asia,Germany,City_8,Won,Outbound,True,1561.0,32
O-100327,OPP-200327,C-3906,2024-11-24,2024-11-07,2024-12-03,2024-11-07,21940,20,202,Receipt Printer,Hardware,Salesperson_13,Asia,India,City_1,Won,Outbound,True,1097.0,26
O-100328,OPP-200328,C-1582,2024-12-28,2024-12-08,2025-01-02,2024-12-08,20940,15,202,Receipt Printer,Hardware,Salesperson_6,North America,India,City_8,Won,Inbound,True,1396.0,25
O-100329,OPP-200329,C-2200,2023-08-31,2023-08-22,2023-09-14,2023-08-31,27314,14,101,CRM Pro,Software,Salesperson_11,Asia,USA,City_2,Won,Outbound,False,1951.0,23
O-100330,OPP-200330,C-4375,2024-06-30,2024-06-08,2024-07-06,2024-06-30,39600,20,102,Analytics Suite,Software,Salesperson_15,Europe,USA,City_3,Won,Outbound,True,1980.0,28
O-100331,OPP-200331,C-2148,2024-05-01,2024-04-12,2024-05-02,2024-05-01,22638,14,101,CRM Pro,Software,Salesperson_9,North America,Germany,City_15,Won,Partner,True,1617.0,20
O-100332,OPP-200332,C-3935,2024-02-14,2024-01-18,2024-02-26,2024-02-14,2814,7,202,Receipt Printer,Hardware,Salesperson_14,Europe,USA,City_19,Won,Inbound,True,402.0,39
O-100333,OPP-200333,C-4861,2023-07-03,2023-06-10,2023-07-12,2023-07-03,35340,19,201,POS Terminal,Hardware,Salesperson_1,Europe,UK,City_8,Won,Inbound,True,1860.0,32
O-100334,OPP-200334,C-3954,2024-08-25,2024-08-08,2024-09-04,2024-08-25,23568,16,101,CRM Pro,Software,Salesperson_3,North America,USA,City_12,Won,Outbound,False,1473.0,27
O-100335,OPP-200335,C-4292,2024-02-10,2024-01-25,2024-02-11,2024-02-10,25956,18,103,Sales Booster,Software,Salesperson_5,North America,UK,City_17,Won,Inbound,False,1442.0,17
O-100336,OPP-200336,C-3330,2024-10-19,2024-09-30,2024-10-26,2024-09-30,1671,3,201,POS Terminal,Hardware,Salesperson_5,Europe,UK,City_6,Won,Outbound,True,557.0,26
O-100337,OPP-200337,C-2365,2023-10-23,2023-09-27,2023-10-31,2023-10-23,3328,2,102,Analytics Suite,Software,Salesperson_14,Europe,UK,City_19,Won,Inbound,True,1664.0,34
O-100338,OPP-200338,C-4084,2023-10-14,2023-09-30,2023-10-27,2023-09-30,11100,20,202,Receipt Printer,Hardware,Salesperson_13,Europe,UK,City_11,Won,Outbound,True,555.0,27
O-100339,OPP-200339,C-2246,2024-06-13,2024-05-21,2024-06-28,2024-06-13,21527,11,202,Receipt Printer,Hardware,Salesperson_15,Asia,UK,City_15,Won,Outbound,True,1957.0,38
O-100340,OPP-200340,C-3409,2023-04-29,2023-04-17,2023-05-11,2023-04-17,16354,17,103,Sales Booster,Software,Salesperson_10,Europe,USA,City_16,Won,Partner,True,962.0,24
O-100341,OPP-200341,C-1268,2024-05-20,2024-05-11,2024-05-29,2024-05-11,2093,13,101,CRM Pro,Software,Salesperson_7,Europe,UK,City_16,Won,Partner,True,161.0,18
O-100342,OPP-200342,C-2960,2024-08-06,2024-07-19,2024-08-18,2024-08-06,22448,16,103,Sales Booster,Software,Salesperson_4,Asia,India,City_3,Won,Inbound,True,1403.0,30
O-100343,OPP-200343,C-1404,2023-10-23,2023-10-01,2023-10-27,2023-10-01,5880,12,102,Analytics Suite,Software,Salesperson_10,Europe,India,City_9,Won,Inbound,True,490.0,26
O-100344,OPP-200344,C-2767,2024-05-30,2024-05-12,2024-06-13,2024-05-12,2314,13,202,Receipt Printer,Hardware,Salesperson_6,Europe,Pakistan,City_1,Won,Partner,False,178.0,32
O-100345,OPP-200345,C-1794,2023-09-27,2023-09-20,2023-10-07,2023-09-27,17514,9,202,Receipt Printer,Hardware,Salesperson_3,Asia,India,City_19,Won,Partner,False,1946.0,17
O-100346,OPP-200346,C-2373,2023-06-09,2023-05-18,2023-06-16,2023-06-09,3948,6,202,Receipt Printer,Hardware,Salesperson_4,Asia,Pakistan,City_8,Won,Inbound,True,658.0,29
O-100347,OPP-200347,C-3143,2024-02-21,2024-02-09,2024-02-25,2024-02-09,1872,9,202,Receipt Printer,Hardware,Salesperson_7,Asia,USA,City_17,Won,Outbound,False,208.0,16
O-100348,OPP-200348,C-2383,2024-01-18,2023-12-26,2024-01-30,2023-12-26,1154,1,103,Sales Booster,Software,Salesperson_5,Asia,Pakistan,City_11,Won,Inbound,False,1154.0,35
O-100349,OPP-200349,C-2721,2023-09-24,2023-08-26,2023-10-04,2023-08-26,22600,20,201,POS Terminal,Hardware,Salesperson_6,Asia,India,City_5,Won,Partner,False,1130.0,39
O-100350,OPP-200350,C-2953,2024-10-30,2024-10-08,2024-11-08,2024-10-08,16155,15,202,Receipt Printer,Hardware,Salesperson_8,Asia,Germany,City_3,Won,Partner,True,1077.0,31
O-100351,OPP-200351,C-2570,2023-07-04,2023-06-27,2023-07-10,2023-06-27,6860,4,201,POS Terminal,Hardware,Salesperson_11,Europe,Germany,City_3,Won,Outbound,False,1715.0,13
O-100352,OPP-200352,C-1663,2024-09-18,2024-08-19,2024-10-07,2024-08-19,12560,8,103,Sales Booster,Software,Salesperson_3,Europe,India,City_9,Won,Inbound,True,1570.0,49
O-100353,OPP-200353,C-3205,2024-05-07,2024-05-01,2024-05-09,2024-05-07,20825,17,103,Sales Booster,Software,Salesperson_7,North America,USA,City_12,Won,Partner,True,1225.0,8
O-100354,OPP-200354,C-4955,2023-11-05,2023-10-27,2023-11-22,2023-10-27,25313,17,201,POS Terminal,Hardware,Salesperson_4,North America,Pakistan,City_7,Won,Outbound,True,1489.0,26
O-100355,OPP-200355,C-4619,2023-06-28,2023-06-23,2023-06-30,2023-06-23,5080,20,102,Analytics Suite,Software,Salesperson_11,North America,Germany,City_3,Won,Inbound,True,254.0,7
O-100356,OPP-200356,C-4961,2023-06-25,2023-06-05,2023-07-04,2023-06-25,936,1,103,Sales Booster,Software,Salesperson_12,Asia,India,City_20,Won,Inbound,True,936.0,29
O-100357,OPP-200357,C-4986,2023-04-10,2023-04-01,2023-04-16,2023-04-10,7605,13,102,Analytics Suite,Software,Salesperson_14,Europe,Germany,City_12,Won,Outbound,False,585.0,15
O-100358,OPP-200358,C-2443,2024-04-19,2024-03-25,2024-05-09,2024-03-25,3477,19,202,Receipt Printer,Hardware,Salesperson_6,Europe,Pakistan,City_13,Won,Inbound,True,183.0,45
O-100359,OPP-200359,C-2541,2024-08-07,2024-07-27,2024-08-25,2024-07-27,19120,20,202,Receipt Printer,Hardware,Salesperson_15,Europe,USA,City_13,Won,Outbound,True,956.0,29
O-100360,OPP-200360,C-3824,2023-12-23,2023-11-27,2023-12-24,2023-11-27,23294,19,201,POS Terminal,Hardware,Salesperson_11,North America,USA,City_3,Won,Inbound,True,1226.0,27
O-100361,OPP-200361,C-2561,2024-04-27,2024-04-19,2024-05-17,2024-04-19,27558,18,201,POS Terminal,Hardware,Salesperson_14,Asia,UK,City_13,Won,Outbound,False,1531.0,28
O-100362,OPP-200362,C-2095,2023-10-08,2023-09-11,2023-10-18,2023-09-11,17487,9,201,POS Terminal,Hardware,Salesperson_10,Asia,Germany,City_9,Won,Outbound,False,1943.0,37
O-100363,OPP-200363,C-1303,2024-09-02,2024-08-13,2024-09-11,2024-08-13,4845,15,101,CRM Pro,Software,Salesperson_3,North America,UK,City_15,Won,Outbound,False,323.0,29
O-100364,OPP-200364,C-1386,2023-08-03,2023-07-04,2023-08-08,2023-07-04,9702,14,201,POS Terminal,Hardware,Salesperson_15,Asia,Germany,City_8,Won,Outbound,False,693.0,35
O-100365,OPP-200365,C-1387,2023-09-09,2023-08-13,2023-09-22,2023-08-13,8988,6,101,CRM Pro,Software,Salesperson_13,North America,Pakistan,City_2,Won,Inbound,True,1498.0,40
O-100366,OPP-200366,C-2153,2023-02-24,2023-02-06,2023-03-04,2023-02-24,10836,14,102,Analytics Suite,Software,Salesperson_10,Europe,Germany,City_18,Won,Outbound,False,774.0,26
O-100367,OPP-200367,C-4423,2024-11-10,2024-10-27,2024-11-13,2024-11-10,4140,9,102,Analytics Suite,Software,Salesperson_3,North America,Pakistan,City_10,Won,Inbound,False,460.0,17
O-100368,OPP-200368,C-4785,2024-11-13,2024-10-14,2024-11-18,2024-11-13,14940,9,103,Sales Booster,Software,Salesperson_3,North America,India,City_2,Won,Partner,True,1660.0,35
O-100369,OPP-200369,C-1114,2023-01-26,2023-01-19,2023-01-30,2023-01-19,3114,18,101,CRM Pro,Software,Salesperson_9,North America,UK,City_1,Won,Inbound,True,173.0,11
O-100370,OPP-200370,C-2950,2023-05-23,2023-05-15,2023-05-26,2023-05-15,13524,7,101,CRM Pro,Software,Salesperson_6,Europe,Germany,City_12,Won,Inbound,False,1932.0,11
O-100371,OPP-200371,C-4231,2024-04-14,2024-04-02,2024-04-24,2024-04-14,1890,18,202,Receipt Printer,Hardware,Salesperson_8,Europe,UK,City_8,Won,Partner,False,105.0,22
O-100372,OPP-200372,C-3153,2023-07-03,2023-06-11,2023-07-23,2023-06-11,7030,19,201,POS Terminal,Hardware,Salesperson_15,Europe,UK,City_16,Won,Outbound,False,370.0,42
O-100373,OPP-200373,C-4795,2024-01-02,2023-12-20,2024-01-11,2023-12-20,24032,16,101,CRM Pro,Software,Salesperson_5,North America,Germany,City_2,Won,Partner,False,1502.0,22
O-100374,OPP-200374,C-2019,2023-01-08,2022-12-18,2023-01-11,2022-12-18,11130,15,103,Sales Booster,Software,Salesperson_7,North America,UK,City_19,Won,Partner,True,742.0,24
O-100375,OPP-200375,C-2922,2024-12-20,2024-11-21,2024-12-27,2024-11-21,5664,16,102,Analytics Suite,Software,Salesperson_14,Europe,UK,City_5,Won,Partner,False,354.0,36
O-100376,OPP-200376,C-4197,2024-08-29,2024-08-01,2024-09-05,2024-08-01,18956,14,102,Analytics Suite,Software,Salesperson_8,Europe,USA,City_15,Won,Inbound,False,1354.0,35
O-100377,OPP-200377,C-4165,2023-04-13,2023-04-05,2023-04-28,2023-04-05,6280,20,201,POS Terminal,Hardware,Salesperson_1,Europe,UK,City_20,Won,Inbound,True,314.0,23
O-100378,OPP-200378,C-1098,2023-09-04,2023-08-20,2023-09-12,2023-09-04,9139,13,103,Sales Booster,Software,Salesperson_12,Europe,India,City_5,Won,Inbound,False,703.0,23
O-100379,OPP-200379,C-3046,2024-05-18,2024-05-07,2024-06-04,2024-05-18,2800,4,101,CRM Pro,Software,Salesperson_13,North America,Pakistan,City_12,Won,Inbound,False,700.0,28
O-100380,OPP-200380,C-3781,2023-03-05,2023-02-23,2023-03-16,2023-02-23,17064,18,102,Analytics Suite,Software,Salesperson_3,Europe,UK,City_17,Won,Partner,True,948.0,21
O-100381,OPP-200381,C-2628,2024-02-15,2024-01-20,2024-02-17,2024-02-15,1414,7,102,Analytics Suite,Software,Salesperson_1,North America,Germany,City_1,Won,Outbound,True,202.0,28
O-100382,OPP-200382,C-1196,2024-03-31,2024-03-16,2024-04-04,2024-03-31,8040,15,202,Receipt Printer,Hardware,Salesperson_7,North America,UK,City_10,Won,Partner,True,536.0,19
O-100383,OPP-200383,C-4726,2024-08-25,2024-08-13,2024-08-26,2024-08-13,2492,4,202,Receipt Printer,Hardware,Salesperson_15,Europe,Germany,City_1,Won,Inbound,True,623.0,13
O-100384,OPP-200384,C-2819,2024-02-03,2024-01-07,2024-02-21,2024-01-07,4676,14,103,Sales Booster,Software,Salesperson_10,North America,India,City_13,Won,Inbound,True,334.0,45
O-100385,OPP-200385,C-4341,2023-12-10,2023-11-30,2023-12-12,2023-12-10,11106,18,201,POS Terminal,Hardware,Salesperson_7,North America,UK,City_14,Won,Outbound,False,617.0,12
O-100386,OPP-200386,C-3745,2023-07-31,2023-07-16,2023-08-19,2023-07-16,314,2,101,CRM Pro,Software,Salesperson_9,Europe,Pakistan,City_16,Won,Partner,True,157.0,34
O-100387,OPP-200387,C-1075,2023-01-24,2023-01-14,2023-01-30,2023-01-24,21736,11,101,CRM Pro,Software,Salesperson_12,Asia,Germany,City_12,Won,Inbound,False,1976.0,16
O-100388,OPP-200388,C-2721,2023-05-18,2023-04-22,2023-05-27,2023-05-18,3960,8,201,POS Terminal,Hardware,Salesperson_12,Asia,USA,City_11,Won,Inbound,True,495.0,35
O-100389,OPP-200389,C-2558,2024-04-09,2024-03-13,2024-04-17,2024-04-09,2322,3,202,Receipt Printer,Hardware,Salesperson_5,Asia,Germany,City_19,Won,Inbound,True,774.0,35
O-100390,OPP-200390,C-1812,2024-07-08,2024-06-10,2024-07-17,2024-07-08,24440,13,102,Analytics Suite,Software,Salesperson_9,Europe,USA,City_16,Won,Partner,False,1880.0,37
O-100391,OPP-200391,C-1580,2024-08-08,2024-07-12,2024-08-13,2024-08-08,1246,7,103,Sales Booster,Software,Salesperson_1,North America,India,City_18,Won,Partner,True,178.0,32
O-100392,OPP-200392,C-4007,2024-01-03,2023-12-04,2024-01-13,2023-12-04,15248,8,102,Analytics Suite,Software,Salesperson_11,Europe,USA,City_1,Won,Partner,False,1906.0,40
O-100393,OPP-200393,C-2143,2024-01-21,2023-12-25,2024-02-08,2023-12-25,23664,16,201,POS Terminal,Hardware,Salesperson_4,Asia,Germany,City_18,Won,Partner,False,1479.0,45
O-100394,OPP-200394,C-1601,2024-07-26,2024-07-14,2024-08-04,2024-07-14,7564,4,102,Analytics Suite,Software,Salesperson_1,Europe,India,City_8,Won,Inbound,True,1891.0,21
O-100395,OPP-200395,C-3419,2023-06-14,2023-05-25,2023-06-25,2023-05-25,12961,13,201,POS Terminal,Hardware,Salesperson_1,North America,Germany,City_3,Won,Inbound,False,997.0,31
O-100396,OPP-200396,C-4573,2024-11-13,2024-10-16,2024-11-22,2024-10-16,8316,18,101,CRM Pro,Software,Salesperson_1,North America,USA,City_17,Won,Outbound,True,462.0,37
O-100397,OPP-200397,C-4286,2024-08-02,2024-07-17,2024-08-20,2024-07-17,3380,10,202,Receipt Printer,Hardware,Salesperson_11,Europe,Pakistan,City_9,Won,Partner,False,338.0,34
O-100398,OPP-200398,C-3780,2023-01-25,2023-01-13,2023-01-27,2023-01-13,13360,20,201,POS Terminal,Hardware,Salesperson_14,Asia,UK,City_4,Won,Partner,False,668.0,14
O-100399,OPP-200399,C-4085,2023-06-30,2023-06-20,2023-07-18,2023-06-20,9384,12,102,Analytics Suite,Software,Salesperson_5,Asia,USA,City_12,Won,Partner,False,782.0,28
O-100400,OPP-200400,C-4360,2024-01-18,2024-01-07,2024-01-21,2024-01-07,9366,14,101,CRM Pro,Software,Salesperson_15,North America,Germany,City_12,Won,Outbound,True,669.0,14
O-100401,OPP-200401,C-1231,2023-01-03,2022-12-23,2023-01-05,2022-12-23,9950,5,201,POS Terminal,Hardware,Salesperson_9,Asia,India,City_4,Won,Outbound,False,1990.0,13
O-100402,OPP-200402,C-2003,2023-05-14,2023-04-17,2023-05-23,2023-05-14,1375,5,101,CRM Pro,Software,Salesperson_13,North America,UK,City_9,Won,Partner,False,275.0,36
O-100403,OPP-200403,C-4226,2023-12-20,2023-11-30,2023-12-23,2023-12-20,4890,10,202,Receipt Printer,Hardware,Salesperson_11,Asia,UK,City_19,Won,Partner,True,489.0,23
O-100404,OPP-200404,C-1268,2024-04-26,2024-04-18,2024-04-30,2024-04-26,9924,6,202,Receipt Printer,Hardware,Salesperson_3,Europe,UK,City_18,Won,Inbound,True,1654.0,12
O-100405,OPP-200405,C-1669,2024-08-31,2024-08-14,2024-09-01,2024-08-14,13416,13,102,Analytics Suite,Software,Salesperson_3,Europe,Pakistan,City_20,Won,Outbound,False,1032.0,18
O-100406,OPP-200406,C-2113,2024-01-14,2023-12-23,2024-01-28,2023-12-23,28335,15,102,Analytics Suite,Software,Salesperson_11,Europe,USA,City_10,Won,Partner,True,1889.0,36
O-100407,OPP-200407,C-3304,2024-03-29,2024-03-22,2024-04-16,2024-03-22,24735,15,101,CRM Pro,Software,Salesperson_12,Europe,Germany,City_2,Won,Inbound,True,1649.0,25
O-100408,OPP-200408,C-4068,2024-02-15,2024-01-25,2024-03-06,2024-01-25,4000,10,202,Receipt Printer,Hardware,Salesperson_3,North America,Pakistan,City_10,Won,Inbound,False,400.0,41
O-100409,OPP-200409,C-2492,2023-08-09,2023-07-21,2023-08-22,2023-07-21,3696,14,201,POS Terminal,Hardware,Salesperson_3,North America,UK,City_13,Won,Inbound,False,264.0,32
O-100410,OPP-200410,C-4296,2024-10-22,2024-09-28,2024-11-09,2024-10-22,5630,5,101,CRM Pro,Software,Salesperson_7,Asia,India,City_12,Won,Inbound,True,1126.0,42
O-100411,OPP-200411,C-3381,2023-07-16,2023-06-25,2023-07-22,2023-07-16,13000,13,202,Receipt Printer,Hardware,Salesperson_11,North America,UK,City_12,Won,Partner,True,1000.0,27
O-100412,OPP-200412,C-1118,2024-03-17,2024-02-28,2024-03-23,2024-02-28,10180,20,102,Analytics Suite,Software,Salesperson_1,Asia,USA,City_5,Won,Inbound,True,509.0,24
O-100413,OPP-200413,C-3803,2024-05-10,2024-04-27,2024-05-15,2024-05-10,6804,6,202,Receipt Printer,Hardware,Salesperson_3,North America,USA,City_3,Won,Inbound,False,1134.0,18
O-100414,OPP-200414,C-4503,2024-07-19,2024-06-27,2024-07-31,2024-06-27,13039,13,102,Analytics Suite,Software,Salesperson_14,North America,USA,City_3,Won,Inbound,True,1003.0,34
O-100415,OPP-200415,C-1286,2023-10-25,2023-10-04,2023-10-28,2023-10-25,18288,16,202,Receipt Printer,Hardware,Salesperson_2,Europe,Germany,City_18,Won,Partner,False,1143.0,24
O-100416,OPP-200416,C-4390,2023-05-10,2023-04-10,2023-05-25,2023-05-10,8008,14,101,CRM Pro,Software,Salesperson_14,Asia,Pakistan,City_3,Won,Inbound,True,572.0,45
O-100417,OPP-200417,C-4121,2023-05-15,2023-05-07,2023-06-01,2023-05-07,6453,9,202,Receipt Printer,Hardware,Salesperson_12,Europe,USA,City_6,Won,Partner,True,717.0,25
O-100418,OPP-200418,C-3099,2024-04-23,2024-03-28,2024-05-03,2024-03-28,7952,14,101,CRM Pro,Software,Salesperson_15,North America,Pakistan,City_20,Won,Partner,True,568.0,36
O-100419,OPP-200419,C-4266,2024-05-14,2024-04-27,2024-05-23,2024-04-27,25746,14,102,Analytics Suite,Software,Salesperson_5,Europe,UK,City_20,Won,Outbound,True,1839.0,26
O-100420,OPP-200420,C-2994,2024-12-28,2024-12-17,2025-01-12,2024-12-17,19408,16,102,Analytics Suite,Software,Salesperson_5,Asia,Pakistan,City_4,Won,Partner,False,1213.0,26
O-100421,OPP-200421,C-4798,2024-05-08,2024-04-17,2024-05-19,2024-04-17,22330,14,201,POS Terminal,Hardware,Salesperson_1,Europe,India,City_19,Won,Partner,False,1595.0,32
O-100422,OPP-200422,C-4673,2023-09-05,2023-08-15,2023-09-18,2023-08-15,7344,12,102,Analytics Suite,Software,Salesperson_11,North America,Germany,City_16,Won,Outbound,True,612.0,34
O-100423,OPP-200423,C-2074,2024-05-16,2024-04-17,2024-05-29,2024-04-17,915,1,202,Receipt Printer,Hardware,Salesperson_5,Asia,Pakistan,City_5,Won,Inbound,False,915.0,42
O-100424,OPP-200424,C-1659,2023-09-19,2023-08-26,2023-10-06,2023-08-26,4791,3,103,Sales Booster,Software,Salesperson_3,Europe,UK,City_19,Won,Inbound,False,1597.0,41
O-100425,OPP-200425,C-2717,2023-09-26,2023-08-28,2023-10-01,2023-08-28,13968,8,201,POS Terminal,Hardware,Salesperson_15,Europe,UK,City_19,Won,Outbound,False,1746.0,34
O-100426,OPP-200426,C-1615,2023-04-07,2023-03-24,2023-04-08,2023-04-07,7632,16,102,Analytics Suite,Software,Salesperson_14,Europe,UK,City_19,Won,Outbound,False,477.0,15
O-100427,OPP-200427,C-4173,2024-01-14,2023-12-28,2024-01-19,2023-12-28,470,2,201,POS Terminal,Hardware,Salesperson_15,Europe,Pakistan,City_20,Won,Outbound,False,235.0,22
O-100428,OPP-200428,C-3572,2024-05-02,2024-04-10,2024-05-12,2024-04-10,2050,10,202,Receipt Printer,Hardware,Salesperson_4,Asia,UK,City_11,Won,Partner,False,205.0,32
O-100429,OPP-200429,C-1093,2024-09-18,2024-08-19,2024-10-02,2024-08-19,14892,12,102,Analytics Suite,Software,Salesperson_6,Europe,USA,City_14,Won,Partner,False,1241.0,44
O-100430,OPP-200430,C-4900,2023-01-03,2022-12-12,2023-01-09,2022-12-12,2365,11,202,Receipt Printer,Hardware,Salesperson_10,Europe,Pakistan,City_8,Won,Outbound,False,215.0,28
O-100431,OPP-200431,C-4396,2024-09-12,2024-09-06,2024-10-01,2024-09-06,28960,20,201,POS Terminal,Hardware,Salesperson_7,Asia,USA,City_2,Won,Outbound,False,1448.0,25
O-100432,OPP-200432,C-1959,2024-06-24,2024-06-13,2024-07-03,2024-06-13,4470,3,103,Sales Booster,Software,Salesperson_11,Asia,Pakistan,City_10,Won,Outbound,True,1490.0,20
O-100433,OPP-200433,C-1243,2024-03-19,2024-02-22,2024-04-04,2024-02-22,26760,20,201,POS Terminal,Hardware,Salesperson_1,North America,UK,City_20,Won,Partner,False,1338.0,42
O-100434,OPP-200434,C-4866,2023-01-10,2022-12-29,2023-01-18,2022-12-29,3780,10,102,Analytics Suite,Software,Salesperson_11,North America,Pakistan,City_14,Won,Outbound,False,378.0,20
O-100435,OPP-200435,C-2773,2023-04-24,2023-04-18,2023-05-07,2023-04-18,633,3,101,CRM Pro,Software,Salesperson_12,Asia,India,City_12,Won,Outbound,False,211.0,19
O-100436,OPP-200436,C-3627,2023-04-16,2023-03-20,2023-05-04,2023-03-20,7728,6,202,Receipt Printer,Hardware,Salesperson_1,Asia,USA,City_7,Won,Outbound,True,1288.0,45
O-100437,OPP-200437,C-4114,2024-02-25,2024-02-04,2024-03-03,2024-02-04,7731,9,103,Sales Booster,Software,Salesperson_5,North America,Germany,City_10,Won,Outbound,True,859.0,28
O-100438,OPP-200438,C-4510,2023-04-08,2023-03-22,2023-04-10,2023-03-22,17578,11,103,Sales Booster,Software,Salesperson_3,Asia,Pakistan,City_8,Won,Partner,False,1598.0,19
O-100439,OPP-200439,C-2495,2024-01-08,2023-12-09,2024-01-28,2023-12-09,4440,12,201,POS Terminal,Hardware,Salesperson_13,North America,UK,City_7,Won,Inbound,False,370.0,50
O-100440,OPP-200440,C-1742,2024-05-05,2024-04-11,2024-05-17,2024-05-05,8910,11,101,CRM Pro,Software,Salesperson_7,Europe,USA,City_12,Won,Outbound,True,810.0,36
O-100441,OPP-200441,C-4814,2023-12-19,2023-12-02,2023-12-23,2023-12-02,1664,13,201,POS Terminal,Hardware,Salesperson_6,North America,India,City_10,Won,Partner,True,128.0,21
O-100442,OPP-200442,C-2541,2023-02-12,2023-01-23,2023-02-24,2023-01-23,6300,5,101,CRM Pro,Software,Salesperson_11,North America,Germany,City_18,Won,Outbound,True,1260.0,32
O-100443,OPP-200443,C-2005,2023-05-17,2023-04-20,2023-05-26,2023-04-20,5830,5,201,POS Terminal,Hardware,Salesperson_13,Asia,Germany,City_6,Won,Partner,True,1166.0,36
O-100444,OPP-200444,C-3197,2024-12-16,2024-12-08,2024-12-21,2024-12-08,5027,11,102,Analytics Suite,Software,Salesperson_5,Europe,UK,City_19,Won,Inbound,False,457.0,13
O-100445,OPP-200445,C-3715,2023-02-13,2023-01-20,2023-02-28,2023-01-20,19294,11,202,Receipt Printer,Hardware,Salesperson_1,Asia,India,City_10,Won,Inbound,False,1754.0,39
O-100446,OPP-200446,C-4091,2023-12-17,2023-11-23,2024-01-01,2023-11-23,1912,4,202,Receipt Printer,Hardware,Salesperson_8,Asia,India,City_7,Won,Outbound,True,478.0,39
O-100447,OPP-200447,C-1198,2024-11-30,2024-11-04,2024-12-11,2024-11-04,19376,14,201,POS Terminal,Hardware,Salesperson_10,Asia,India,City_8,Won,Partner,True,1384.0,37
O-100448,OPP-200448,C-3110,2024-02-29,2024-02-17,2024-03-02,2024-02-17,9405,11,102,Analytics Suite,Software,Salesperson_12,Europe,Pakistan,City_6,Won,Outbound,True,855.0,14
O-100449,OPP-200449,C-2496,2023-04-05,2023-03-25,2023-04-14,2023-03-25,4640,10,201,POS Terminal,Hardware,Salesperson_12,Europe,Pakistan,City_11,Won,Inbound,False,464.0,20
O-100450,OPP-200450,C-2612,2024-08-29,2024-08-23,2024-09-15,2024-08-23,2724,3,101,CRM Pro,Software,Salesperson_9,North America,India,City_15,Won,Outbound,True,908.0,23
O-100451,OPP-200451,C-3237,2023-06-06,2023-05-14,2023-06-25,2023-05-14,18496,17,202,Receipt Printer,Hardware,Salesperson_11,North America,USA,City_12,Won,Outbound,True,1088.0,42
O-100452,OPP-200452,C-4873,2024-02-19,2024-01-25,2024-02-20,2024-02-19,852,1,201,POS Terminal,Hardware,Salesperson_2,North America,USA,City_15,Won,Partner,True,852.0,26
O-100453,OPP-200453,C-3804,2024-01-03,2023-12-16,2024-01-20,2023-12-16,1582,2,102,Analytics Suite,Software,Salesperson_6,North America,Germany,City_8,Won,Outbound,True,791.0,35
O-100454,OPP-200454,C-2236,2023-11-18,2023-11-04,2023-11-28,2023-11-04,1138,2,101,CRM Pro,Software,Salesperson_2,Europe,Germany,City_15,Won,Partner,False,569.0,24
O-100455,OPP-200455,C-1664,2024-04-28,2024-04-01,2024-05-05,2024-04-28,39620,20,103,Sales Booster,Software,Salesperson_5,Asia,UK,City_2,Won,Outbound,True,1981.0,34
O-100456,OPP-200456,C-1228,2024-10-11,2024-10-01,2024-10-12,2024-10-01,30780,20,202,Receipt Printer,Hardware,Salesperson_7,Europe,Pakistan,City_7,Won,Outbound,True,1539.0,11
O-100457,OPP-200457,C-4264,2024-02-27,2024-02-12,2024-02-28,2024-02-12,11552,19,101,CRM Pro,Software,Salesperson_13,North America,UK,City_4,Won,Partner,False,608.0,16
O-100458,OPP-200458,C-1137,2024-06-04,2024-05-28,2024-06-18,2024-06-04,2716,14,201,POS Terminal,Hardware,Salesperson_6,Asia,UK,City_15,Won,Inbound,True,194.0,21
O-100459,OPP-200459,C-4601,2024-12-13,2024-11-19,2024-12-28,2024-11-19,2109,3,202,Receipt Printer,Hardware,Salesperson_10,North America,Pakistan,City_8,Won,Inbound,True,703.0,39
O-100460,OPP-200460,C-3877,2023-10-04,2023-09-10,2023-10-23,2023-09-10,7826,14,202,Receipt Printer,Hardware,Salesperson_10,Europe,Germany,City_13,Won,Inbound,False,559.0,43
O-100461,OPP-200461,C-4017,2024-04-03,2024-03-27,2024-04-19,2024-03-27,2044,7,102,Analytics Suite,Software,Salesperson_5,North America,Pakistan,City_2,Won,Inbound,True,292.0,23
O-100462,OPP-200462,C-1450,2023-09-15,2023-08-21,2023-09-30,2023-08-21,15078,14,202,Receipt Printer,Hardware,Salesperson_10,Europe,USA,City_3,Won,Inbound,True,1077.0,40
O-100463,OPP-200463,C-2540,2023-01-07,2022-12-28,2023-01-26,2022-12-28,370,2,101,CRM Pro,Software,Salesperson_11,North America,Pakistan,City_9,Won,Outbound,True,185.0,29
O-100464,OPP-200464,C-2884,2024-08-23,2024-08-15,2024-09-11,2024-08-15,12339,9,103,Sales Booster,Software,Salesperson_7,Asia,UK,City_17,Won,Partner,True,1371.0,27
O-100465,OPP-200465,C-2289,2024-09-04,2024-08-08,2024-09-13,2024-08-08,22559,17,101,CRM Pro,Software,Salesperson_4,North America,Pakistan,City_10,Won,Inbound,False,1327.0,36
O-100466,OPP-200466,C-2917,2024-04-17,2024-03-28,2024-04-21,2024-03-28,15483,13,202,Receipt Printer,Hardware,Salesperson_7,Europe,Germany,City_19,Won,Inbound,False,1191.0,24
O-100467,OPP-200467,C-3443,2024-04-12,2024-03-26,2024-04-29,2024-04-12,7505,19,102,Analytics Suite,Software,Salesperson_11,North America,UK,City_11,Won,Partner,True,395.0,34
O-100468,OPP-200468,C-1252,2024-08-02,2024-07-12,2024-08-03,2024-07-12,26622,17,101,CRM Pro,Software,Salesperson_4,Asia,UK,City_13,Won,Inbound,False,1566.0,22
O-100469,OPP-200469,C-1146,2023-02-26,2023-02-06,2023-03-02,2023-02-26,615,1,102,Analytics Suite,Software,Salesperson_15,North America,Germany,City_4,Won,Outbound,False,615.0,24
O-100470,OPP-200470,C-3481,2023-02-28,2023-02-16,2023-03-03,2023-02-28,17663,17,201,POS Terminal,Hardware,Salesperson_3,Asia,USA,City_20,Won,Partner,True,1039.0,15
O-100471,OPP-200471,C-1055,2023-12-03,2023-11-24,2023-12-14,2023-12-03,16020,20,103,Sales Booster,Software,Salesperson_6,Europe,India,City_7,Won,Outbound,True,801.0,20
O-100472,OPP-200472,C-1887,2024-04-03,2024-03-23,2024-04-19,2024-03-23,29550,15,102,Analytics Suite,Software,Salesperson_14,Europe,USA,City_6,Won,Inbound,False,1970.0,27
O-100473,OPP-200473,C-2897,2023-05-10,2023-04-10,2023-05-14,2023-04-10,8478,18,201,POS Terminal,Hardware,Salesperson_15,Asia,USA,City_8,Won,Inbound,False,471.0,34
O-100474,OPP-200474,C-3564,2024-12-02,2024-11-22,2024-12-18,2024-12-02,25158,14,101,CRM Pro,Software,Salesperson_8,Asia,UK,City_16,Won,Inbound,False,1797.0,26
O-100475,OPP-200475,C-1336,2023-06-10,2023-06-02,2023-06-27,2023-06-02,335,1,201,POS Terminal,Hardware,Salesperson_8,Asia,USA,City_13,Won,Inbound,True,335.0,25
O-100476,OPP-200476,C-4722,2024-08-30,2024-08-14,2024-09-03,2024-08-30,784,7,103,Sales Booster,Software,Salesperson_3,North America,India,City_9,Won,Inbound,False,112.0,20
O-100477,OPP-200477,C-3477,2024-09-08,2024-08-27,2024-09-23,2024-09-08,4632,4,202,Receipt Printer,Hardware,Salesperson_1,North America,Pakistan,City_19,Won,Partner,True,1158.0,27
O-100478,OPP-200478,C-4230,2023-06-09,2023-05-27,2023-06-17,2023-05-27,4470,10,101,CRM Pro,Software,Salesperson_6,Asia,India,City_13,Won,Partner,True,447.0,21
O-100479,OPP-200479,C-2161,2023-11-20,2023-11-14,2023-11-22,2023-11-14,5678,17,202,Receipt Printer,Hardware,Salesperson_3,Europe,Pakistan,City_14,Won,Inbound,True,334.0,8
O-100480,OPP-200480,C-1110,2024-10-03,2024-09-09,2024-10-08,2024-09-09,2700,18,201,POS Terminal,Hardware,Salesperson_1,North America,Germany,City_10,Won,Outbound,True,150.0,29
O-100481,OPP-200481,C-1510,2024-03-13,2024-02-21,2024-03-30,2024-02-21,10611,9,103,Sales Booster,Software,Salesperson_2,North America,UK,City_8,Won,Inbound,False,1179.0,38
O-100482,OPP-200482,C-3614,2023-10-31,2023-10-03,2023-11-20,2023-10-03,5238,3,201,POS Terminal,Hardware,Salesperson_13,Asia,UK,City_18,Won,Inbound,False,1746.0,48
O-100483,OPP-200483,C-4853,2024-07-20,2024-07-01,2024-08-07,2024-07-20,211,1,202,Receipt Printer,Hardware,Salesperson_1,Europe,USA,City_4,Won,Partner,False,211.0,37
O-100484,OPP-200484,C-4015,2024-11-06,2024-10-11,2024-11-23,2024-10-11,2388,6,101,CRM Pro,Software,Salesperson_6,North America,USA,City_14,Won,Inbound,False,398.0,43
O-100485,OPP-200485,C-1084,2023-03-03,2023-02-19,2023-03-11,2023-02-19,13750,11,202,Receipt Printer,Hardware,Salesperson_8,North America,Pakistan,City_17,Won,Outbound,False,1250.0,20
O-100486,OPP-200486,C-2267,2024-09-03,2024-08-17,2024-09-14,2024-09-03,2954,14,102,Analytics Suite,Software,Salesperson_4,Asia,UK,City_8,Won,Outbound,False,211.0,28
O-100487,OPP-200487,C-3662,2023-05-14,2023-05-09,2023-05-26,2023-05-09,8175,5,101,CRM Pro,Software,Salesperson_5,North America,Pakistan,City_3,Won,Partner,True,1635.0,17
O-100488,OPP-200488,C-4680,2023-01-28,2023-01-13,2023-02-16,2023-01-13,21450,13,101,CRM Pro,Software,Salesperson_11,Europe,Pakistan,City_10,Won,Partner,True,1650.0,34
O-100489,OPP-200489,C-4153,2023-12-22,2023-12-12,2024-01-11,2023-12-12,5808,16,101,CRM Pro,Software,Salesperson_6,Asia,UK,City_15,Won,Inbound,True,363.0,30
O-100490,OPP-200490,C-4135,2024-12-21,2024-11-25,2024-12-26,2024-12-21,593,1,103,Sales Booster,Software,Salesperson_4,North America,India,City_13,Won,Outbound,True,593.0,31
O-100491,OPP-200491,C-4686,2023-02-06,2023-01-18,2023-02-13,2023-02-06,110,1,103,Sales Booster,Software,Salesperson_8,Asia,USA,City_14,Won,Outbound,False,110.0,26
O-100492,OPP-200492,C-4152,2023-10-11,2023-10-06,2023-10-28,2023-10-06,4864,8,102,Analytics Suite,Software,Salesperson_11,Europe,Pakistan,City_16,Won,Inbound,False,608.0,22
O-100493,OPP-200493,C-4374,2023-11-09,2023-10-11,2023-11-16,2023-11-09,21632,16,101,CRM Pro,Software,Salesperson_14,North America,Pakistan,City_3,Won,Partner,True,1352.0,36
O-100494,OPP-200494,C-3152,2024-10-15,2024-10-03,2024-10-29,2024-10-03,316,1,101,CRM Pro,Software,Salesperson_7,North America,Germany,City_18,Won,Outbound,True,316.0,26
O-100495,OPP-200495,C-1935,2024-08-16,2024-08-05,2024-09-05,2024-08-05,12138,17,202,Receipt Printer,Hardware,Salesperson_15,North America,India,City_6,Won,Partner,False,714.0,31
O-100496,OPP-200496,C-2511,2023-02-22,2023-02-03,2023-03-10,2023-02-22,7956,9,201,POS Terminal,Hardware,Salesperson_7,North America,India,City_7,Won,Inbound,True,884.0,35
O-100497,OPP-200497,C-3102,2023-07-06,2023-07-01,2023-07-16,2023-07-01,29754,18,103,Sales Booster,Software,Salesperson_9,Asia,USA,City_18,Won,Outbound,True,1653.0,15
O-100498,OPP-200498,C-3574,2023-03-05,2023-02-25,2023-03-21,2023-02-25,30115,19,101,CRM Pro,Software,Salesperson_1,Europe,Germany,City_6,Won,Inbound,True,1585.0,24
O-100499,OPP-200499,C-4555,2024-09-27,2024-09-09,2024-10-15,2024-09-27,9482,11,201,POS Terminal,Hardware,Salesperson_11,Europe,Pakistan,City_11,Won,Inbound,True,862.0,36
O-100500,OPP-200500,C-4740,2023-04-23,2023-03-26,2023-05-11,2023-03-26,995,5,202,Receipt Printer,Hardware,Salesperson_2,Asia,USA,City_6,Won,Partner,False,199.0,46
O-100501,OPP-200501,C-3803,2023-03-11,2023-02-16,2023-03-28,2023-02-16,18080,20,202,Receipt Printer,Hardware,Salesperson_5,Asia,USA,City_17,Won,Outbound,False,904.0,40
O-100502,OPP-200502,C-4434,2024-05-24,2024-05-07,2024-06-02,2024-05-24,1629,9,201,POS Terminal,Hardware,Salesperson_4,Europe,USA,City_13,Won,Outbound,True,181.0,26
O-100503,OPP-200503,C-2598,2023-07-19,2023-07-03,2023-07-23,2023-07-03,9670,5,103,Sales Booster,Software,Salesperson_3,Europe,UK,City_6,Won,Partner,True,1934.0,20
O-100504,OPP-200504,C-2242,2024-04-10,2024-03-15,2024-04-15,2024-03-15,3396,6,202,Receipt Printer,Hardware,Salesperson_14,North America,USA,City_6,Won,Partner,False,566.0,31
O-100505,OPP-200505,C-3317,2024-11-06,2024-10-14,2024-11-16,2024-10-14,14328,9,103,Sales Booster,Software,Salesperson_4,North America,Pakistan,City_20,Won,Partner,True,1592.0,33
O-100506,OPP-200506,C-3617,2024-05-14,2024-04-15,2024-05-24,2024-05-14,12771,11,201,POS Terminal,Hardware,Salesperson_4,Europe,USA,City_20,Won,Outbound,True,1161.0,39
O-100507,OPP-200507,C-3228,2024-04-11,2024-03-31,2024-04-14,2024-04-11,24892,14,101,CRM Pro,Software,Salesperson_12,Asia,Pakistan,City_19,Won,Inbound,True,1778.0,14
O-100508,OPP-200508,C-4999,2023-04-26,2023-04-06,2023-05-01,2023-04-06,1230,6,101,CRM Pro,Software,Salesperson_9,Asia,UK,City_2,Won,Partner,True,205.0,25
O-100509,OPP-200509,C-1664,2023-07-21,2023-07-13,2023-08-08,2023-07-21,8091,9,103,Sales Booster,Software,Salesperson_9,North America,Germany,City_9,Won,Outbound,False,899.0,26
O-100510,OPP-200510,C-3603,2024-12-18,2024-11-25,2025-01-01,2024-11-25,19371,11,102,Analytics Suite,Software,Salesperson_3,Europe,UK,City_4,Won,Outbound,True,1761.0,37
O-100511,OPP-200511,C-4274,2023-08-11,2023-07-20,2023-08-29,2023-07-20,18642,13,102,Analytics Suite,Software,Salesperson_15,Asia,Germany,City_6,Won,Inbound,True,1434.0,40
O-100512,OPP-200512,C-1477,2023-10-20,2023-09-26,2023-10-21,2023-09-26,3040,10,202,Receipt Printer,Hardware,Salesperson_1,Europe,Pakistan,City_1,Won,Partner,True,304.0,25
O-100513,OPP-200513,C-2241,2023-07-18,2023-07-05,2023-07-28,2023-07-05,4336,16,102,Analytics Suite,Software,Salesperson_9,Europe,Germany,City_19,Won,Outbound,True,271.0,23
O-100514,OPP-200514,C-2873,2024-04-22,2024-03-25,2024-05-02,2024-03-25,565,1,102,Analytics Suite,Software,Salesperson_5,Europe,USA,City_11,Won,Partner,True,565.0,38
O-100515,OPP-200515,C-4763,2023-04-23,2023-03-29,2023-04-30,2023-03-29,15792,12,103,Sales Booster,Software,Salesperson_14,North America,USA,City_9,Won,Outbound,False,1316.0,32
O-100516,OPP-200516,C-4028,2024-01-18,2024-01-06,2024-01-27,2024-01-06,7980,5,101,CRM Pro,Software,Salesperson_2,North America,India,City_8,Won,Partner,True,1596.0,21
O-100517,OPP-200517,C-3581,2024-01-14,2023-12-18,2024-01-25,2023-12-18,7272,12,102,Analytics Suite,Software,Salesperson_7,North America,Pakistan,City_11,Won,Partner,True,606.0,38
O-100518,OPP-200518,C-2164,2024-12-22,2024-12-01,2024-12-29,2024-12-22,4689,3,202,Receipt Printer,Hardware,Salesperson_8,Europe,UK,City_11,Won,Inbound,False,1563.0,28
O-100519,OPP-200519,C-4599,2024-09-15,2024-08-21,2024-10-01,2024-08-21,2385,15,201,POS Terminal,Hardware,Salesperson_5,Asia,UK,City_9,Won,Partner,True,159.0,41
O-100520,OPP-200520,C-4767,2023-02-20,2023-02-11,2023-02-22,2023-02-11,3971,11,201,POS Terminal,Hardware,Salesperson_3,Asia,USA,City_13,Won,Outbound,True,361.0,11
O-100521,OPP-200521,C-2569,2024-03-27,2024-03-04,2024-04-06,2024-03-04,11640,15,202,Receipt Printer,Hardware,Salesperson_1,Europe,Germany,City_17,Won,Inbound,True,776.0,33
O-100522,OPP-200522,C-2416,2023-01-17,2022-12-31,2023-01-19,2023-01-17,14382,9,101,CRM Pro,Software,Salesperson_4,Europe,UK,City_7,Won,Outbound,False,1598.0,19
O-100523,OPP-200523,C-1513,2024-05-26,2024-04-26,2024-06-13,2024-04-26,21640,20,202,Receipt Printer,Hardware,Salesperson_1,Europe,UK,City_13,Won,Outbound,True,1082.0,48
O-100524,OPP-200524,C-2264,2024-12-10,2024-12-02,2024-12-20,2024-12-02,8481,11,103,Sales Booster,Software,Salesperson_8,Asia,UK,City_8,Won,Outbound,True,771.0,18
O-100525,OPP-200525,C-2331,2023-10-23,2023-10-01,2023-10-25,2023-10-01,7464,12,101,CRM Pro,Software,Salesperson_7,Asia,UK,City_15,Won,Outbound,False,622.0,24
O-100526,OPP-200526,C-2082,2023-08-18,2023-08-11,2023-09-06,2023-08-11,25552,16,101,CRM Pro,Software,Salesperson_3,Asia,Pakistan,City_10,Won,Partner,False,1597.0,26
O-100527,OPP-200527,C-1516,2024-12-17,2024-12-05,2024-12-31,2024-12-05,8100,20,102,Analytics Suite,Software,Salesperson_5,North America,USA,City_15,Won,Outbound,True,405.0,26
O-100528,OPP-200528,C-2929,2024-09-08,2024-08-22,2024-09-16,2024-08-22,19962,18,201,POS Terminal,Hardware,Salesperson_7,Asia,Pakistan,City_14,Won,Outbound,True,1109.0,25
O-100529,OPP-200529,C-2132,2024-03-08,2024-02-27,2024-03-14,2024-02-27,5172,4,103,Sales Booster,Software,Salesperson_14,North America,Pakistan,City_18,Won,Outbound,False,1293.0,16
O-100530,OPP-200530,C-3453,2024-10-29,2024-10-04,2024-11-09,2024-10-04,2165,5,202,Receipt Printer,Hardware,Salesperson_1,Asia,Germany,City_1,Won,Inbound,False,433.0,36
O-100531,OPP-200531,C-4497,2023-11-10,2023-10-13,2023-11-23,2023-10-13,640,2,101,CRM Pro,Software,Salesperson_8,North America,Germany,City_19,Won,Outbound,False,320.0,41
O-100532,OPP-200532,C-2855,2024-02-20,2024-01-25,2024-03-09,2024-02-20,934,2,202,Receipt Printer,Hardware,Salesperson_12,Europe,UK,City_10,Won,Outbound,True,467.0,44
O-100533,OPP-200533,C-2076,2023-04-15,2023-03-30,2023-04-16,2023-03-30,21340,20,101,CRM Pro,Software,Salesperson_4,Europe,UK,City_5,Won,Inbound,True,1067.0,17
O-100534,OPP-200534,C-2007,2023-10-18,2023-10-07,2023-11-03,2023-10-07,404,4,201,POS Terminal,Hardware,Salesperson_4,Europe,UK,City_18,Won,Outbound,False,101.0,27
O-100535,OPP-200535,C-3633,2024-06-14,2024-05-15,2024-06-29,2024-06-14,2548,7,101,CRM Pro,Software,Salesperson_6,North America,Pakistan,City_6,Won,Partner,False,364.0,45
O-100536,OPP-200536,C-4612,2024-02-27,2024-02-14,2024-03-03,2024-02-14,1469,1,201,POS Terminal,Hardware,Salesperson_3,Asia,Pakistan,City_16,Won,Outbound,False,1469.0,18
O-100537,OPP-200537,C-1183,2024-05-31,2024-05-15,2024-06-13,2024-05-31,2928,3,103,Sales Booster,Software,Salesperson_8,North America,UK,City_8,Won,Partner,True,976.0,29
O-100538,OPP-200538,C-3901,2023-08-29,2023-08-05,2023-09-10,2023-08-05,3392,8,103,Sales Booster,Software,Salesperson_14,North America,Pakistan,City_3,Won,Inbound,True,424.0,36
O-100539,OPP-200539,C-3296,2024-10-08,2024-09-09,2024-10-27,2024-09-09,4208,4,102,Analytics Suite,Software,Salesperson_13,North America,USA,City_7,Won,Outbound,True,1052.0,48
O-100540,OPP-200540,C-2491,2023-01-28,2023-01-03,2023-02-12,2023-01-28,17055,9,202,Receipt Printer,Hardware,Salesperson_3,Asia,Pakistan,City_11,Won,Partner,False,1895.0,40
O-100541,OPP-200541,C-3738,2024-05-07,2024-04-07,2024-05-18,2024-04-07,1635,3,201,POS Terminal,Hardware,Salesperson_2,Europe,USA,City_9,Won,Inbound,False,545.0,41
O-100542,OPP-200542,C-1653,2023-11-22,2023-11-12,2023-12-01,2023-11-12,11646,6,202,Receipt Printer,Hardware,Salesperson_11,Asia,India,City_1,Won,Partner,False,1941.0,19
O-100543,OPP-200543,C-3932,2023-05-06,2023-04-11,2023-05-23,2023-04-11,6372,18,202,Receipt Printer,Hardware,Salesperson_15,Asia,India,City_14,Won,Inbound,False,354.0,42
O-100544,OPP-200544,C-2382,2023-01-11,2022-12-18,2023-01-23,2023-01-11,17000,10,103,Sales Booster,Software,Salesperson_10,Europe,Pakistan,City_4,Won,Partner,True,1700.0,36
O-100545,OPP-200545,C-3792,2023-08-09,2023-07-25,2023-08-16,2023-07-25,17556,12,103,Sales Booster,Software,Salesperson_10,Europe,Pakistan,City_19,Won,Partner,False,1463.0,22
O-100546,OPP-200546,C-4994,2023-08-06,2023-07-09,2023-08-17,2023-08-06,8001,7,202,Receipt Printer,Hardware,Salesperson_2,North America,USA,City_15,Won,Partner,False,1143.0,39
O-100547,OPP-200547,C-1193,2024-06-30,2024-05-31,2024-07-20,2024-06-30,4617,9,101,CRM Pro,Software,Salesperson_8,Asia,Germany,City_11,Won,Partner,False,513.0,50
O-100548,OPP-200548,C-4310,2024-04-14,2024-04-05,2024-04-19,2024-04-05,1721,1,103,Sales Booster,Software,Salesperson_10,Europe,Pakistan,City_11,Won,Inbound,False,1721.0,14
O-100549,OPP-200549,C-3343,2023-06-09,2023-05-11,2023-06-13,2023-06-09,16856,14,201,POS Terminal,Hardware,Salesperson_12,Europe,Germany,City_15,Won,Inbound,True,1204.0,33
O-100550,OPP-200550,C-1916,2023-04-03,2023-03-19,2023-04-20,2023-03-19,8916,6,201,POS Terminal,Hardware,Salesperson_6,Europe,UK,City_7,Won,Partner,True,1486.0,32
O-100551,OPP-200551,C-4450,2024-08-15,2024-07-23,2024-08-22,2024-08-15,5610,5,102,Analytics Suite,Software,Salesperson_2,North America,USA,City_16,Won,Partner,True,1122.0,30
O-100552,OPP-200552,C-4802,2023-07-16,2023-06-16,2023-07-19,2023-07-16,24795,19,202,Receipt Printer,Hardware,Salesperson_12,North America,India,City_3,Won,Partner,False,1305.0,33
O-100553,OPP-200553,C-4793,2023-10-08,2023-09-25,2023-10-25,2023-09-25,38240,20,201,POS Terminal,Hardware,Salesperson_3,North America,UK,City_17,Won,Outbound,True,1912.0,30
O-100554,OPP-200554,C-4970,2023-05-19,2023-05-09,2023-05-25,2023-05-19,23855,13,202,Receipt Printer,Hardware,Salesperson_9,Europe,UK,City_14,Won,Outbound,True,1835.0,16
O-100555,OPP-200555,C-3471,2024-01-26,2024-01-19,2024-01-27,2024-01-26,1656,1,102,Analytics Suite,Software,Salesperson_14,North America,USA,City_18,Won,Inbound,True,1656.0,8
O-100556,OPP-200556,C-4701,2024-01-05,2023-12-11,2024-01-24,2024-01-05,14780,20,101,CRM Pro,Software,Salesperson_2,Europe,Germany,City_3,Won,Outbound,False,739.0,44
O-100557,OPP-200557,C-3272,2023-02-10,2023-02-04,2023-02-18,2023-02-10,33079,19,201,POS Terminal,Hardware,Salesperson_9,Europe,Pakistan,City_1,Won,Inbound,False,1741.0,14
O-100558,OPP-200558,C-4841,2024-08-24,2024-07-27,2024-08-28,2024-07-27,4410,3,102,Analytics Suite,Software,Salesperson_3,Asia,UK,City_15,Won,Outbound,False,1470.0,32
O-100559,OPP-200559,C-1359,2024-06-19,2024-05-28,2024-07-07,2024-05-28,7960,10,202,Receipt Printer,Hardware,Salesperson_7,Asia,Pakistan,City_15,Won,Inbound,True,796.0,40
O-100560,OPP-200560,C-4947,2024-02-12,2024-02-03,2024-02-27,2024-02-12,26680,20,103,Sales Booster,Software,Salesperson_5,Europe,USA,City_5,Won,Partner,False,1334.0,24
O-100561,OPP-200561,C-1815,2024-01-26,2024-01-12,2024-02-15,2024-01-12,1946,2,201,POS Terminal,Hardware,Salesperson_12,North America,India,City_12,Won,Partner,False,973.0,34
O-100562,OPP-200562,C-3337,2023-02-19,2023-01-29,2023-02-26,2023-01-29,19176,17,103,Sales Booster,Software,Salesperson_2,North America,Germany,City_17,Won,Outbound,False,1128.0,28
O-100563,OPP-200563,C-4214,2023-11-06,2023-10-12,2023-11-17,2023-11-06,18276,12,103,Sales Booster,Software,Salesperson_6,North America,USA,City_4,Won,Partner,False,1523.0,36
O-100564,OPP-200564,C-4041,2023-04-20,2023-04-01,2023-05-02,2023-04-01,21742,14,102,Analytics Suite,Software,Salesperson_4,Europe,Pakistan,City_16,Won,Outbound,True,1553.0,31
O-100565,OPP-200565,C-4589,2023-04-11,2023-03-14,2023-04-17,2023-03-14,23058,18,103,Sales Booster,Software,Salesperson_14,North America,USA,City_19,Won,Inbound,True,1281.0,34
O-100566,OPP-200566,C-3623,2023-12-08,2023-11-22,2023-12-21,2023-11-22,7860,12,202,Receipt Printer,Hardware,Salesperson_2,Asia,Pakistan,City_1,Won,Outbound,False,655.0,29
O-100567,OPP-200567,C-3620,2023-06-11,2023-05-13,2023-06-20,2023-05-13,19452,12,202,Receipt Printer,Hardware,Salesperson_10,Europe,Pakistan,City_19,Won,Partner,True,1621.0,38
O-100568,OPP-200568,C-4812,2023-10-15,2023-10-09,2023-10-29,2023-10-15,10842,6,202,Receipt Printer,Hardware,Salesperson_3,Asia,Pakistan,City_12,Won,Inbound,False,1807.0,20
O-100569,OPP-200569,C-1474,2024-04-20,2024-04-09,2024-05-06,2024-04-09,25260,15,103,Sales Booster,Software,Salesperson_6,Asia,USA,City_8,Won,Partner,False,1684.0,27
O-100570,OPP-200570,C-3758,2023-12-21,2023-12-14,2023-12-22,2023-12-14,3534,2,101,CRM Pro,Software,Salesperson_12,Asia,India,City_5,Won,Outbound,True,1767.0,8
O-100571,OPP-200571,C-3766,2023-10-20,2023-10-08,2023-10-29,2023-10-20,689,1,202,Receipt Printer,Hardware,Salesperson_7,Asia,UK,City_8,Won,Inbound,True,689.0,21
O-100572,OPP-200572,C-4900,2023-05-27,2023-05-09,2023-06-14,2023-05-27,39480,20,202,Receipt Printer,Hardware,Salesperson_7,North America,India,City_7,Won,Inbound,True,1974.0,36
O-100573,OPP-200573,C-1028,2024-05-19,2024-05-06,2024-05-28,2024-05-19,9672,12,201,POS Terminal,Hardware,Salesperson_15,North America,Pakistan,City_10,Won,Partner,False,806.0,22
O-100574,OPP-200574,C-1945,2024-05-07,2024-04-19,2024-05-19,2024-04-19,6060,15,101,CRM Pro,Software,Salesperson_12,Asia,Germany,City_3,Won,Inbound,False,404.0,30
O-100575,OPP-200575,C-4169,2023-12-04,2023-11-10,2023-12-10,2023-11-10,5038,11,201,POS Terminal,Hardware,Salesperson_9,Europe,USA,City_9,Won,Partner,True,458.0,30
O-100576,OPP-200576,C-2083,2024-08-14,2024-07-22,2024-09-02,2024-07-22,3135,3,202,Receipt Printer,Hardware,Salesperson_15,Asia,USA,City_11,Won,Inbound,False,1045.0,42
O-100577,OPP-200577,C-4967,2024-11-04,2024-10-27,2024-11-05,2024-11-04,12040,20,103,Sales Booster,Software,Salesperson_3,North America,Germany,City_14,Won,Inbound,True,602.0,9
O-100578,OPP-200578,C-3910,2023-01-21,2022-12-25,2023-01-27,2022-12-25,440,4,102,Analytics Suite,Software,Salesperson_9,North America,UK,City_6,Won,Inbound,True,110.0,33
O-100579,OPP-200579,C-3631,2023-01-22,2023-01-16,2023-02-09,2023-01-16,3022,2,202,Receipt Printer,Hardware,Salesperson_3,North America,Pakistan,City_18,Won,Inbound,True,1511.0,24
O-100580,OPP-200580,C-3534,2024-03-15,2024-03-07,2024-03-26,2024-03-15,3843,9,103,Sales Booster,Software,Salesperson_11,North America,UK,City_10,Won,Outbound,False,427.0,19
O-100581,OPP-200581,C-3512,2023-08-26,2023-07-29,2023-09-05,2023-07-29,16416,19,101,CRM Pro,Software,Salesperson_5,North America,UK,City_14,Won,Inbound,True,864.0,38
O-100582,OPP-200582,C-1601,2023-09-06,2023-08-19,2023-09-22,2023-08-19,18700,11,103,Sales Booster,Software,Salesperson_5,Asia,USA,City_3,Won,Inbound,True,1700.0,34
O-100583,OPP-200583,C-2106,2023-12-31,2023-12-16,2024-01-11,2023-12-31,1404,12,101,CRM Pro,Software,Salesperson_2,Europe,Pakistan,City_10,Won,Outbound,True,117.0,26
O-100584,OPP-200584,C-4612,2023-01-14,2023-01-03,2023-01-27,2023-01-14,1203,1,202,Receipt Printer,Hardware,Salesperson_15,Europe,Germany,City_6,Won,Outbound,True,1203.0,24
O-100585,OPP-200585,C-2676,2023-01-22,2022-12-28,2023-02-08,2023-01-22,14004,9,103,Sales Booster,Software,Salesperson_13,Asia,USA,City_16,Won,Partner,True,1556.0,42
O-100586,OPP-200586,C-4667,2023-04-06,2023-03-23,2023-04-08,2023-04-06,6426,9,201,POS Terminal,Hardware,Salesperson_13,Asia,Germany,City_9,Won,Partner,True,714.0,16
O-100587,OPP-200587,C-1294,2023-06-30,2023-06-24,2023-07-03,2023-06-30,2289,3,102,Analytics Suite,Software,Salesperson_7,North America,Germany,City_5,Won,Inbound,False,763.0,9
O-100588,OPP-200588,C-3364,2023-03-25,2023-03-16,2023-04-14,2023-03-16,38660,20,202,Receipt Printer,Hardware,Salesperson_10,Asia,India,City_8,Won,Outbound,False,1933.0,29
O-100589,OPP-200589,C-2440,2023-08-09,2023-08-02,2023-08-18,2023-08-02,26360,20,101,CRM Pro,Software,Salesperson_11,Asia,Pakistan,City_20,Won,Outbound,False,1318.0,16
O-100590,OPP-200590,C-1379,2023-02-24,2023-02-08,2023-03-07,2023-02-24,2912,8,102,Analytics Suite,Software,Salesperson_1,North America,Pakistan,City_18,Won,Outbound,True,364.0,27
O-100591,OPP-200591,C-1958,2023-07-06,2023-06-10,2023-07-12,2023-07-06,4206,3,102,Analytics Suite,Software,Salesperson_11,North America,Pakistan,City_6,Won,Inbound,False,1402.0,32
O-100592,OPP-200592,C-1139,2023-12-09,2023-11-29,2023-12-12,2023-11-29,7440,4,103,Sales Booster,Software,Salesperson_2,Asia,Germany,City_2,Won,Outbound,False,1860.0,13
O-100593,OPP-200593,C-3669,2024-09-30,2024-09-22,2024-10-18,2024-09-22,1536,3,102,Analytics Suite,Software,Salesperson_8,Asia,India,City_13,Won,Inbound,False,512.0,26
O-100594,OPP-200594,C-2377,2023-03-09,2023-02-07,2023-03-24,2023-02-07,3808,14,201,POS Terminal,Hardware,Salesperson_10,Europe,India,City_12,Won,Inbound,True,272.0,45
O-100595,OPP-200595,C-1837,2024-08-03,2024-07-28,2024-08-22,2024-08-03,9080,10,201,POS Terminal,Hardware,Salesperson_7,North America,India,City_5,Won,Outbound,False,908.0,25
O-100596,OPP-200596,C-4179,2024-07-30,2024-07-09,2024-08-15,2024-07-09,6012,18,103,Sales Booster,Software,Salesperson_6,North America,Pakistan,City_7,Won,Partner,True,334.0,37
O-100597,OPP-200597,C-3683,2024-02-28,2024-02-22,2024-03-04,2024-02-22,5100,3,202,Receipt Printer,Hardware,Salesperson_15,Asia,Germany,City_9,Won,Outbound,False,1700.0,11
O-100598,OPP-200598,C-4625,2023-10-31,2023-10-25,2023-11-19,2023-10-31,24030,15,201,POS Terminal,Hardware,Salesperson_10,North America,Germany,City_19,Won,Inbound,False,1602.0,25
O-100599,OPP-200599,C-4544,2023-07-15,2023-06-15,2023-08-02,2023-07-15,18768,12,102,Analytics Suite,Software,Salesperson_1,Asia,UK,City_16,Won,Outbound,False,1564.0,48
O-100600,OPP-200600,C-1393,2023-02-14,2023-01-20,2023-02-21,2023-01-20,12210,11,202,Receipt Printer,Hardware,Salesperson_10,North America,Pakistan,City_14,Won,Outbound,True,1110.0,32
O-100601,OPP-200601,C-3668,2024-09-09,2024-09-04,2024-09-28,2024-09-04,13040,16,202,Receipt Printer,Hardware,Salesperson_13,Europe,Germany,City_16,Won,Partner,False,815.0,24
O-100602,OPP-200602,C-1662,2024-05-01,2024-04-10,2024-05-10,2024-04-10,14856,12,103,Sales Booster,Software,Salesperson_11,North America,Pakistan,City_2,Won,Partner,True,1238.0,30
O-100603,OPP-200603,C-4257,2024-03-22,2024-02-29,2024-03-29,2024-02-29,26698,14,102,Analytics Suite,Software,Salesperson_15,North America,Germany,City_19,Won,Outbound,False,1907.0,29
O-100604,OPP-200604,C-4325,2024-02-28,2024-02-03,2024-03-05,2024-02-03,877,1,101,CRM Pro,Software,Salesperson_10,Asia,UK,City_11,Won,Inbound,False,877.0,31
O-100605,OPP-200605,C-4756,2024-02-05,2024-01-10,2024-02-10,2024-02-05,12824,8,202,Receipt Printer,Hardware,Salesperson_2,Asia,UK,City_11,Won,Partner,True,1603.0,31
O-100606,OPP-200606,C-2953,2023-02-12,2023-01-21,2023-02-23,2023-01-21,2646,14,101,CRM Pro,Software,Salesperson_2,North America,USA,City_8,Won,Partner,True,189.0,33
O-100607,OPP-200607,C-3637,2024-11-20,2024-11-07,2024-11-21,2024-11-20,2799,9,101,CRM Pro,Software,Salesperson_3,Asia,India,City_5,Won,Outbound,True,311.0,14
O-100608,OPP-200608,C-3878,2024-03-13,2024-02-26,2024-03-30,2024-02-26,4994,11,101,CRM Pro,Software,Salesperson_3,Europe,UK,City_4,Won,Partner,False,454.0,33
O-100609,OPP-200609,C-3484,2023-03-14,2023-02-20,2023-03-31,2023-02-20,5166,3,202,Receipt Printer,Hardware,Salesperson_4,Asia,USA,City_1,Won,Inbound,False,1722.0,39
O-100610,OPP-200610,C-2500,2024-06-13,2024-05-18,2024-06-26,2024-06-13,15143,19,102,Analytics Suite,Software,Salesperson_5,Europe,Pakistan,City_4,Won,Outbound,True,797.0,39
O-100611,OPP-200611,C-1982,2024-05-10,2024-05-01,2024-05-22,2024-05-01,16912,16,103,Sales Booster,Software,Salesperson_12,Asia,India,City_8,Won,Partner,True,1057.0,21
O-100612,OPP-200612,C-3602,2024-03-23,2024-03-12,2024-03-24,2024-03-12,17271,19,202,Receipt Printer,Hardware,Salesperson_13,North America,USA,City_6,Won,Partner,False,909.0,12
O-100613,OPP-200613,C-1627,2023-05-28,2023-05-05,2023-06-05,2023-05-05,22500,18,202,Receipt Printer,Hardware,Salesperson_4,Europe,India,City_18,Won,Partner,False,1250.0,31
O-100614,OPP-200614,C-3037,2023-09-14,2023-09-03,2023-09-29,2023-09-03,5142,6,102,Analytics Suite,Software,Salesperson_4,Asia,UK,City_5,Won,Partner,True,857.0,26
O-100615,OPP-200615,C-1055,2023-01-21,2023-01-12,2023-01-29,2023-01-12,31520,16,101,CRM Pro,Software,Salesperson_9,Europe,Germany,City_19,Won,Outbound,True,1970.0,17
O-100616,OPP-200616,C-4069,2023-03-01,2023-02-10,2023-03-03,2023-02-10,1171,1,101,CRM Pro,Software,Salesperson_5,Asia,UK,City_18,Won,Partner,False,1171.0,21
O-100617,OPP-200617,C-3618,2024-06-11,2024-05-22,2024-06-14,2024-05-22,4048,16,201,POS Terminal,Hardware,Salesperson_3,Europe,Pakistan,City_9,Won,Inbound,True,253.0,23
O-100618,OPP-200618,C-4686,2024-04-24,2024-03-31,2024-05-01,2024-03-31,2992,8,201,POS Terminal,Hardware,Salesperson_1,North America,Germany,City_11,Won,Inbound,False,374.0,31
O-100619,OPP-200619,C-3401,2024-08-05,2024-07-31,2024-08-09,2024-07-31,25660,20,103,Sales Booster,Software,Salesperson_14,North America,UK,City_16,Won,Partner,False,1283.0,9
O-100620,OPP-200620,C-1299,2023-05-06,2023-04-14,2023-05-07,2023-04-14,26115,15,101,CRM Pro,Software,Salesperson_6,North America,UK,City_11,Won,Inbound,True,1741.0,23
O-100621,OPP-200621,C-4508,2024-06-19,2024-06-03,2024-07-07,2024-06-19,1148,1,103,Sales Booster,Software,Salesperson_3,Asia,UK,City_9,Won,Partner,True,1148.0,34
O-100622,OPP-200622,C-2348,2024-09-20,2024-08-28,2024-10-06,2024-09-20,17980,10,201,POS Terminal,Hardware,Salesperson_13,Asia,USA,City_16,Won,Inbound,True,1798.0,39
O-100623,OPP-200623,C-2427,2024-08-04,2024-07-10,2024-08-11,2024-07-10,273,1,102,Analytics Suite,Software,Salesperson_11,Asia,USA,City_4,Won,Outbound,False,273.0,32
O-100624,OPP-200624,C-4612,2024-12-10,2024-11-25,2024-12-25,2024-12-10,15968,16,201,POS Terminal,Hardware,Salesperson_14,Asia,India,City_12,Won,Outbound,False,998.0,30
O-100625,OPP-200625,C-1160,2023-01-10,2022-12-11,2023-01-26,2023-01-10,12630,15,101,CRM Pro,Software,Salesperson_9,Asia,USA,City_13,Won,Outbound,False,842.0,46
O-100626,OPP-200626,C-1401,2023-02-19,2023-02-12,2023-03-03,2023-02-12,1422,1,101,CRM Pro,Software,Salesperson_10,North America,Germany,City_5,Won,Partner,True,1422.0,19
O-100627,OPP-200627,C-1363,2023-02-28,2023-02-17,2023-03-09,2023-02-28,1518,3,102,Analytics Suite,Software,Salesperson_6,North America,USA,City_12,Won,Outbound,False,506.0,20
O-100628,OPP-200628,C-2942,2024-09-01,2024-08-27,2024-09-09,2024-08-27,2340,3,102,Analytics Suite,Software,Salesperson_7,Asia,UK,City_18,Won,Inbound,True,780.0,13
O-100629,OPP-200629,C-3755,2024-05-06,2024-04-10,2024-05-26,2024-04-10,27006,14,202,Receipt Printer,Hardware,Salesperson_11,Asia,Germany,City_14,Won,Partner,True,1929.0,46
O-100630,OPP-200630,C-3212,2023-09-27,2023-09-22,2023-10-03,2023-09-22,28864,16,103,Sales Booster,Software,Salesperson_7,North America,Pakistan,City_7,Won,Outbound,True,1804.0,11
O-100631,OPP-200631,C-2239,2024-09-08,2024-08-13,2024-09-20,2024-08-13,8470,5,101,CRM Pro,Software,Salesperson_9,Asia,USA,City_12,Won,Outbound,False,1694.0,38
O-100632,OPP-200632,C-2769,2024-06-10,2024-05-14,2024-06-26,2024-05-14,21132,18,101,CRM Pro,Software,Salesperson_3,North America,UK,City_14,Won,Partner,False,1174.0,43
O-100633,OPP-200633,C-3429,2024-04-20,2024-04-09,2024-04-25,2024-04-09,10274,11,202,Receipt Printer,Hardware,Salesperson_13,Europe,India,City_13,Won,Partner,False,934.0,16
O-100634,OPP-200634,C-3204,2024-10-26,2024-09-30,2024-11-11,2024-09-30,5746,13,202,Receipt Printer,Hardware,Salesperson_10,North America,Pakistan,City_7,Won,Outbound,False,442.0,42
O-100635,OPP-200635,C-3188,2023-10-16,2023-09-20,2023-10-23,2023-10-16,5848,4,103,Sales Booster,Software,Salesperson_3,Europe,Germany,City_13,Won,Partner,False,1462.0,33
O-100636,OPP-200636,C-4974,2024-12-11,2024-11-14,2024-12-12,2024-12-11,1664,16,103,Sales Booster,Software,Salesperson_6,North America,Pakistan,City_17,Won,Partner,False,104.0,28
O-100637,OPP-200637,C-3149,2024-05-26,2024-04-28,2024-06-09,2024-05-26,429,3,103,Sales Booster,Software,Salesperson_3,Europe,Germany,City_15,Won,Partner,True,143.0,42
O-100638,OPP-200638,C-3698,2023-12-12,2023-11-22,2023-12-23,2023-11-22,6090,6,201,POS Terminal,Hardware,Salesperson_3,North America,Pakistan,City_1,Won,Inbound,True,1015.0,31
O-100639,OPP-200639,C-4780,2024-01-01,2023-12-07,2024-01-04,2024-01-01,5298,3,101,CRM Pro,Software,Salesperson_3,Asia,USA,City_3,Won,Partner,True,1766.0,28
O-100640,OPP-200640,C-2578,2023-09-06,2023-08-07,2023-09-19,2023-08-07,11370,15,103,Sales Booster,Software,Salesperson_8,Asia,India,City_7,Won,Outbound,True,758.0,43
O-100641,OPP-200641,C-3620,2024-09-29,2024-09-01,2024-10-06,2024-09-01,22021,19,103,Sales Booster,Software,Salesperson_2,Asia,USA,City_10,Won,Outbound,False,1159.0,35
O-100642,OPP-200642,C-4423,2023-09-18,2023-08-27,2023-09-25,2023-08-27,13356,14,101,CRM Pro,Software,Salesperson_9,North America,UK,City_9,Won,Inbound,True,954.0,29
O-100643,OPP-200643,C-4781,2024-02-08,2024-01-23,2024-02-10,2024-01-23,34632,18,101,CRM Pro,Software,Salesperson_14,Europe,India,City_16,Won,Inbound,False,1924.0,18
O-100644,OPP-200644,C-3373,2024-06-30,2024-06-03,2024-07-20,2024-06-30,3662,2,201,POS Terminal,Hardware,Salesperson_10,Europe,Germany,City_7,Won,Outbound,False,1831.0,47
O-100645,OPP-200645,C-3261,2024-07-28,2024-07-04,2024-08-05,2024-07-04,19464,12,101,CRM Pro,Software,Salesperson_4,North America,UK,City_4,Won,Outbound,False,1622.0,32
O-100646,OPP-200646,C-4351,2023-07-24,2023-07-01,2023-08-06,2023-07-01,8466,17,102,Analytics Suite,Software,Salesperson_3,North America,India,City_20,Won,Inbound,True,498.0,36
O-100647,OPP-200647,C-1026,2023-01-25,2023-01-02,2023-02-12,2023-01-25,1044,6,103,Sales Booster,Software,Salesperson_10,Europe,UK,City_6,Won,Partner,False,174.0,41
O-100648,OPP-200648,C-1630,2024-07-17,2024-06-22,2024-07-30,2024-06-22,12456,8,201,POS Terminal,Hardware,Salesperson_15,Europe,Germany,City_8,Won,Partner,True,1557.0,38
O-100649,OPP-200649,C-2243,2024-09-01,2024-08-12,2024-09-03,2024-09-01,7530,10,201,POS Terminal,Hardware,Salesperson_12,Asia,Germany,City_10,Won,Outbound,True,753.0,22
O-100650,OPP-200650,C-2275,2024-01-04,2023-12-23,2024-01-05,2024-01-04,666,1,201,POS Terminal,Hardware,Salesperson_7,North America,Germany,City_4,Won,Partner,False,666.0,13
O-100651,OPP-200651,C-4823,2024-02-24,2024-02-11,2024-03-05,2024-02-11,10000,8,201,POS Terminal,Hardware,Salesperson_12,Europe,USA,City_12,Won,Outbound,False,1250.0,23
O-100652,OPP-200652,C-4465,2024-06-20,2024-05-26,2024-06-21,2024-06-20,8176,7,202,Receipt Printer,Hardware,Salesperson_8,Asia,UK,City_2,Won,Partner,True,1168.0,26
O-100653,OPP-200653,C-3711,2024-09-30,2024-09-07,2024-10-01,2024-09-30,11368,14,103,Sales Booster,Software,Salesperson_11,Europe,Pakistan,City_13,Won,Inbound,True,812.0,24
O-100654,OPP-200654,C-3961,2023-07-26,2023-07-18,2023-08-07,2023-07-18,4760,7,103,Sales Booster,Software,Salesperson_1,Asia,India,City_6,Won,Partner,True,680.0,20
O-100655,OPP-200655,C-4300,2024-05-12,2024-04-21,2024-05-14,2024-05-12,1810,5,102,Analytics Suite,Software,Salesperson_9,Europe,UK,City_6,Won,Inbound,True,362.0,23
O-100656,OPP-200656,C-1710,2023-09-27,2023-09-01,2023-09-30,2023-09-01,6370,13,201,POS Terminal,Hardware,Salesperson_9,North America,UK,City_12,Won,Inbound,True,490.0,29
O-100657,OPP-200657,C-2995,2024-06-06,2024-05-16,2024-06-22,2024-05-16,19992,14,102,Analytics Suite,Software,Salesperson_2,Europe,UK,City_16,Won,Outbound,False,1428.0,37
O-100658,OPP-200658,C-2095,2023-06-08,2023-05-15,2023-06-17,2023-05-15,21450,11,103,Sales Booster,Software,Salesperson_9,Europe,India,City_5,Won,Partner,True,1950.0,33
O-100659,OPP-200659,C-1704,2023-02-25,2023-02-20,2023-03-04,2023-02-20,3318,2,102,Analytics Suite,Software,Salesperson_8,Asia,USA,City_5,Won,Partner,False,1659.0,12
O-100660,OPP-200660,C-3411,2024-11-19,2024-10-20,2024-11-22,2024-10-20,6032,16,101,CRM Pro,Software,Salesperson_10,Europe,Pakistan,City_7,Won,Outbound,False,377.0,33
O-100661,OPP-200661,C-1249,2024-12-25,2024-12-11,2024-12-27,2024-12-25,1405,5,103,Sales Booster,Software,Salesperson_13,Europe,Pakistan,City_20,Won,Outbound,True,281.0,16
O-100662,OPP-200662,C-4345,2024-07-26,2024-07-15,2024-08-06,2024-07-26,5964,6,202,Receipt Printer,Hardware,Salesperson_3,North America,India,City_5,Won,Inbound,False,994.0,22
O-100663,OPP-200663,C-3885,2024-05-22,2024-05-08,2024-06-02,2024-05-22,3553,11,202,Receipt Printer,Hardware,Salesperson_3,Asia,Germany,City_9,Won,Inbound,False,323.0,25
O-100664,OPP-200664,C-3503,2024-12-21,2024-11-28,2024-12-31,2024-11-28,2448,12,102,Analytics Suite,Software,Salesperson_12,Asia,Pakistan,City_12,Won,Outbound,False,204.0,33
O-100665,OPP-200665,C-4503,2024-08-27,2024-08-16,2024-09-15,2024-08-16,6839,7,102,Analytics Suite,Software,Salesperson_9,Europe,India,City_7,Won,Partner,True,977.0,30
O-100666,OPP-200666,C-2742,2023-11-21,2023-11-02,2023-11-28,2023-11-21,32994,18,103,Sales Booster,Software,Salesperson_6,North America,USA,City_19,Won,Inbound,False,1833.0,26
O-100667,OPP-200667,C-1911,2024-10-06,2024-09-09,2024-10-16,2024-09-09,3044,2,201,POS Terminal,Hardware,Salesperson_15,Europe,Germany,City_15,Won,Partner,True,1522.0,37
O-100668,OPP-200668,C-2884,2024-01-28,2024-01-13,2024-02-08,2024-01-13,10340,10,102,Analytics Suite,Software,Salesperson_10,North America,Pakistan,City_20,Won,Outbound,True,1034.0,26
O-100669,OPP-200669,C-3964,2023-09-23,2023-09-11,2023-10-04,2023-09-11,3764,2,201,POS Terminal,Hardware,Salesperson_9,Europe,Germany,City_7,Won,Outbound,False,1882.0,23
O-100670,OPP-200670,C-3851,2024-08-02,2024-07-06,2024-08-06,2024-07-06,28203,17,202,Receipt Printer,Hardware,Salesperson_13,Asia,UK,City_17,Won,Partner,True,1659.0,31
O-100671,OPP-200671,C-3820,2024-03-21,2024-03-04,2024-04-02,2024-03-21,12540,15,102,Analytics Suite,Software,Salesperson_2,Asia,UK,City_14,Won,Inbound,False,836.0,29
O-100672,OPP-200672,C-3865,2023-11-12,2023-10-18,2023-11-17,2023-11-12,2958,2,201,POS Terminal,Hardware,Salesperson_11,North America,USA,City_1,Won,Inbound,False,1479.0,30
O-100673,OPP-200673,C-4221,2023-07-23,2023-07-15,2023-08-04,2023-07-23,3276,9,102,Analytics Suite,Software,Salesperson_8,Asia,USA,City_19,Won,Partner,False,364.0,20
O-100674,OPP-200674,C-2197,2023-08-10,2023-07-25,2023-08-18,2023-07-25,5778,6,101,CRM Pro,Software,Salesperson_13,Asia,Germany,City_6,Won,Inbound,False,963.0,24
O-100675,OPP-200675,C-2392,2024-05-24,2024-04-29,2024-06-05,2024-04-29,8503,11,202,Receipt Printer,Hardware,Salesperson_14,Europe,UK,City_17,Won,Inbound,True,773.0,37
O-100676,OPP-200676,C-3752,2023-01-10,2022-12-13,2023-01-30,2022-12-13,4060,20,103,Sales Booster,Software,Salesperson_8,Europe,USA,City_20,Won,Outbound,False,203.0,48
O-100677,OPP-200677,C-2046,2024-05-22,2024-05-07,2024-05-30,2024-05-07,12924,9,103,Sales Booster,Software,Salesperson_7,Europe,India,City_4,Won,Outbound,False,1436.0,23
O-100678,OPP-200678,C-1555,2023-05-11,2023-04-28,2023-05-15,2023-04-28,8148,12,201,POS Terminal,Hardware,Salesperson_14,Asia,UK,City_13,Won,Partner,False,679.0,17
O-100679,OPP-200679,C-3365,2023-10-04,2023-09-08,2023-10-13,2023-09-08,21970,13,201,POS Terminal,Hardware,Salesperson_8,Asia,Germany,City_19,Won,Inbound,True,1690.0,35
O-100680,OPP-200680,C-3583,2023-07-20,2023-07-03,2023-08-05,2023-07-03,14814,9,103,Sales Booster,Software,Salesperson_13,Europe,India,City_16,Won,Partner,True,1646.0,33
O-100681,OPP-200681,C-3187,2023-11-29,2023-11-21,2023-12-15,2023-11-29,6144,16,101,CRM Pro,Software,Salesperson_14,Asia,India,City_7,Won,Inbound,True,384.0,24
O-100682,OPP-200682,C-4659,2023-12-28,2023-12-01,2024-01-09,2023-12-28,12501,9,101,CRM Pro,Software,Salesperson_4,North America,UK,City_15,Won,Inbound,False,1389.0,39
O-100683,OPP-200683,C-1139,2024-02-26,2024-01-27,2024-03-11,2024-01-27,36917,19,101,CRM Pro,Software,Salesperson_14,Asia,USA,City_9,Won,Partner,False,1943.0,44
O-100684,OPP-200684,C-4705,2023-10-14,2023-10-06,2023-10-30,2023-10-14,1836,9,103,Sales Booster,Software,Salesperson_2,North America,Germany,City_14,Won,Inbound,False,204.0,24
O-100685,OPP-200685,C-3701,2024-01-08,2023-12-28,2024-01-17,2024-01-08,1038,2,103,Sales Booster,Software,Salesperson_10,Asia,UK,City_15,Won,Outbound,False,519.0,20
O-100686,OPP-200686,C-3276,2024-03-06,2024-02-26,2024-03-13,2024-02-26,3144,12,202,Receipt Printer,Hardware,Salesperson_1,Europe,India,City_4,Won,Outbound,False,262.0,16
O-100687,OPP-200687,C-2364,2023-02-21,2023-01-31,2023-03-13,2023-01-31,15066,18,201,POS Terminal,Hardware,Salesperson_8,Asia,USA,City_4,Won,Outbound,True,837.0,41
O-100688,OPP-200688,C-4873,2023-07-12,2023-06-28,2023-07-16,2023-07-12,12840,12,101,CRM Pro,Software,Salesperson_12,Europe,Germany,City_20,Won,Outbound,False,1070.0,18
O-100689,OPP-200689,C-3881,2023-02-25,2023-02-16,2023-03-03,2023-02-25,10901,11,101,CRM Pro,Software,Salesperson_6,North America,UK,City_4,Won,Inbound,True,991.0,15
O-100690,OPP-200690,C-2933,2023-04-30,2023-04-16,2023-05-03,2023-04-16,4480,10,101,CRM Pro,Software,Salesperson_6,Europe,India,City_18,Won,Partner,False,448.0,17
O-100691,OPP-200691,C-1011,2023-12-25,2023-12-17,2024-01-14,2023-12-17,21774,19,202,Receipt Printer,Hardware,Salesperson_1,North America,UK,City_2,Won,Partner,False,1146.0,28
O-100692,OPP-200692,C-1671,2024-02-21,2024-01-31,2024-02-26,2024-01-31,17898,19,103,Sales Booster,Software,Salesperson_1,Europe,India,City_18,Won,Inbound,False,942.0,26
O-100693,OPP-200693,C-2454,2023-10-10,2023-09-12,2023-10-30,2023-09-12,26011,19,201,POS Terminal,Hardware,Salesperson_3,Europe,Germany,City_2,Won,Outbound,False,1369.0,48
O-100694,OPP-200694,C-3482,2023-07-26,2023-06-27,2023-08-12,2023-07-26,11736,9,103,Sales Booster,Software,Salesperson_8,Asia,India,City_13,Won,Outbound,True,1304.0,46
O-100695,OPP-200695,C-3943,2024-10-23,2024-09-26,2024-10-27,2024-09-26,7506,18,202,Receipt Printer,Hardware,Salesperson_10,Asia,Germany,City_19,Won,Outbound,False,417.0,31
O-100696,OPP-200696,C-1920,2023-10-16,2023-09-29,2023-10-21,2023-09-29,15470,14,102,Analytics Suite,Software,Salesperson_8,Europe,India,City_5,Won,Inbound,False,1105.0,22
O-100697,OPP-200697,C-1177,2023-03-13,2023-02-12,2023-03-16,2023-03-13,2620,4,103,Sales Booster,Software,Salesperson_15,Asia,India,City_20,Won,Inbound,False,655.0,32
O-100698,OPP-200698,C-2855,2023-10-01,2023-09-10,2023-10-11,2023-09-10,18396,12,201,POS Terminal,Hardware,Salesperson_3,Asia,USA,City_9,Won,Partner,False,1533.0,31
O-100699,OPP-200699,C-3561,2023-06-15,2023-05-27,2023-07-02,2023-05-27,1677,13,201,POS Terminal,Hardware,Salesperson_4,Europe,UK,City_14,Won,Outbound,True,129.0,36
O-100700,OPP-200700,C-1135,2023-08-02,2023-07-16,2023-08-20,2023-07-16,655,1,201,POS Terminal,Hardware,Salesperson_14,North America,India,City_14,Won,Outbound,True,655.0,35
O-100701,OPP-200701,C-2193,2024-03-05,2024-02-21,2024-03-21,2024-03-05,6202,7,103,Sales Booster,Software,Salesperson_14,Europe,India,City_11,Won,Outbound,True,886.0,29
O-100702,OPP-200702,C-3863,2024-11-07,2024-10-28,2024-11-20,2024-11-07,1368,1,202,Receipt Printer,Hardware,Salesperson_8,North America,UK,City_4,Won,Partner,False,1368.0,23
O-100703,OPP-200703,C-1079,2023-02-28,2023-01-30,2023-03-05,2023-01-30,4905,5,101,CRM Pro,Software,Salesperson_15,Asia,USA,City_9,Won,Outbound,False,981.0,34
O-100704,OPP-200704,C-2416,2024-07-24,2024-07-08,2024-08-07,2024-07-24,5130,19,201,POS Terminal,Hardware,Salesperson_10,Europe,Germany,City_12,Won,Outbound,True,270.0,30
O-100705,OPP-200705,C-2401,2024-01-31,2024-01-18,2024-02-18,2024-01-18,2781,3,101,CRM Pro,Software,Salesperson_7,Asia,USA,City_17,Won,Outbound,True,927.0,31
O-100706,OPP-200706,C-4662,2023-03-21,2023-03-02,2023-04-06,2023-03-02,2324,2,101,CRM Pro,Software,Salesperson_14,Asia,Germany,City_20,Won,Outbound,False,1162.0,35
O-100707,OPP-200707,C-1669,2024-11-01,2024-10-21,2024-11-20,2024-10-21,916,1,101,CRM Pro,Software,Salesperson_13,Europe,India,City_6,Won,Inbound,True,916.0,30
O-100708,OPP-200708,C-2468,2023-04-02,2023-03-26,2023-04-13,2023-03-26,6660,18,202,Receipt Printer,Hardware,Salesperson_6,North America,UK,City_1,Won,Inbound,False,370.0,18
O-100709,OPP-200709,C-3832,2023-11-02,2023-10-27,2023-11-12,2023-10-27,3646,2,101,CRM Pro,Software,Salesperson_12,North America,Germany,City_18,Won,Inbound,False,1823.0,16
O-100710,OPP-200710,C-2389,2023-02-06,2023-01-18,2023-02-15,2023-02-06,1652,7,202,Receipt Printer,Hardware,Salesperson_11,Asia,USA,City_3,Won,Partner,False,236.0,28
O-100711,OPP-200711,C-2925,2024-01-15,2024-01-03,2024-01-21,2024-01-03,784,2,102,Analytics Suite,Software,Salesperson_1,Asia,UK,City_8,Won,Partner,True,392.0,18
O-100712,OPP-200712,C-4368,2023-07-23,2023-06-30,2023-08-02,2023-06-30,26240,20,201,POS Terminal,Hardware,Salesperson_7,Europe,USA,City_20,Won,Outbound,True,1312.0,33
O-100713,OPP-200713,C-4825,2023-07-20,2023-06-20,2023-08-04,2023-06-20,19032,12,103,Sales Booster,Software,Salesperson_3,Asia,India,City_13,Won,Inbound,True,1586.0,45
O-100714,OPP-200714,C-2422,2023-08-09,2023-07-20,2023-08-19,2023-08-09,1320,10,102,Analytics Suite,Software,Salesperson_11,Asia,Germany,City_15,Won,Outbound,False,132.0,30
O-100715,OPP-200715,C-4254,2023-05-24,2023-05-16,2023-06-08,2023-05-24,1494,3,103,Sales Booster,Software,Salesperson_7,Europe,Pakistan,City_15,Won,Inbound,True,498.0,23
O-100716,OPP-200716,C-4603,2023-10-08,2023-09-22,2023-10-24,2023-10-08,8120,20,103,Sales Booster,Software,Salesperson_9,Asia,India,City_18,Won,Inbound,True,406.0,32
O-100717,OPP-200717,C-2893,2023-01-24,2023-01-11,2023-02-08,2023-01-24,5391,3,202,Receipt Printer,Hardware,Salesperson_5,Europe,USA,City_12,Won,Inbound,False,1797.0,28
O-100718,OPP-200718,C-2220,2023-12-21,2023-11-24,2024-01-06,2023-11-24,11561,11,201,POS Terminal,Hardware,Salesperson_15,North America,USA,City_13,Won,Outbound,True,1051.0,43
O-100719,OPP-200719,C-1007,2024-09-27,2024-09-19,2024-09-28,2024-09-19,2142,2,101,CRM Pro,Software,Salesperson_4,North America,USA,City_5,Won,Outbound,False,1071.0,9
O-100720,OPP-200720,C-3938,2024-12-22,2024-12-14,2024-12-25,2024-12-14,1661,1,101,CRM Pro,Software,Salesperson_6,Asia,Germany,City_8,Won,Inbound,False,1661.0,11
O-100721,OPP-200721,C-1887,2024-07-06,2024-06-11,2024-07-26,2024-07-06,7809,19,201,POS Terminal,Hardware,Salesperson_11,North America,USA,City_20,Won,Outbound,True,411.0,45
O-100722,OPP-200722,C-1211,2023-08-07,2023-07-22,2023-08-09,2023-07-22,14949,9,101,CRM Pro,Software,Salesperson_4,North America,India,City_16,Won,Partner,True,1661.0,18
O-100723,OPP-200723,C-4951,2024-03-29,2024-03-02,2024-04-18,2024-03-02,12700,20,202,Receipt Printer,Hardware,Salesperson_15,Asia,Germany,City_5,Won,Outbound,False,635.0,47
O-100724,OPP-200724,C-4776,2024-11-25,2024-11-06,2024-12-15,2024-11-06,4578,7,101,CRM Pro,Software,Salesperson_6,Asia,Pakistan,City_14,Won,Outbound,True,654.0,39
O-100725,OPP-200725,C-2248,2024-09-09,2024-08-13,2024-09-28,2024-08-13,13260,17,101,CRM Pro,Software,Salesperson_4,Asia,India,City_14,Won,Outbound,False,780.0,46
O-100726,OPP-200726,C-1567,2023-06-26,2023-06-14,2023-07-16,2023-06-26,2200,20,101,CRM Pro,Software,Salesperson_5,Europe,Pakistan,City_17,Won,Partner,False,110.0,32
O-100727,OPP-200727,C-4307,2023-03-01,2023-02-23,2023-03-06,2023-02-23,15550,10,102,Analytics Suite,Software,Salesperson_7,North America,Pakistan,City_9,Won,Inbound,True,1555.0,11
O-100728,OPP-200728,C-1376,2023-02-25,2023-02-07,2023-03-11,2023-02-25,9418,17,101,CRM Pro,Software,Salesperson_5,Asia,UK,City_14,Won,Outbound,False,554.0,32
O-100729,OPP-200729,C-2078,2024-02-06,2024-01-19,2024-02-11,2024-02-06,1416,6,102,Analytics Suite,Software,Salesperson_10,North America,UK,City_9,Won,Inbound,True,236.0,23
O-100730,OPP-200730,C-2823,2024-08-14,2024-07-31,2024-08-29,2024-07-31,1017,3,103,Sales Booster,Software,Salesperson_4,Europe,India,City_2,Won,Partner,False,339.0,29
O-100731,OPP-200731,C-1546,2024-02-29,2024-02-15,2024-03-04,2024-02-15,3864,6,103,Sales Booster,Software,Salesperson_5,Europe,Pakistan,City_6,Won,Partner,False,644.0,18
O-100732,OPP-200732,C-2887,2024-01-25,2023-12-28,2024-01-30,2023-12-28,10430,7,103,Sales Booster,Software,Salesperson_4,Asia,UK,City_18,Won,Inbound,True,1490.0,33
O-100733,OPP-200733,C-2121,2024-10-01,2024-09-08,2024-10-21,2024-10-01,26144,16,202,Receipt Printer,Hardware,Salesperson_12,North America,Germany,City_11,Won,Inbound,False,1634.0,43
O-100734,OPP-200734,C-3892,2024-04-21,2024-04-04,2024-04-29,2024-04-04,7711,11,101,CRM Pro,Software,Salesperson_8,North America,Germany,City_5,Won,Inbound,False,701.0,25
O-100735,OPP-200735,C-3970,2023-10-21,2023-09-27,2023-10-25,2023-09-27,23312,16,102,Analytics Suite,Software,Salesperson_6,North America,Germany,City_12,Won,Partner,True,1457.0,28
O-100736,OPP-200736,C-4268,2024-08-15,2024-08-02,2024-08-25,2024-08-15,12240,15,202,Receipt Printer,Hardware,Salesperson_14,North America,Germany,City_19,Won,Partner,True,816.0,23
O-100737,OPP-200737,C-3330,2024-12-27,2024-12-04,2025-01-12,2024-12-04,9465,15,103,Sales Booster,Software,Salesperson_2,Asia,India,City_2,Won,Outbound,False,631.0,39
O-100738,OPP-200738,C-1502,2023-09-18,2023-09-12,2023-09-27,2023-09-12,31008,16,103,Sales Booster,Software,Salesperson_14,Asia,USA,City_5,Won,Outbound,True,1938.0,15
O-100739,OPP-200739,C-4475,2024-05-08,2024-04-14,2024-05-20,2024-04-14,5788,4,201,POS Terminal,Hardware,Salesperson_10,North America,Germany,City_15,Won,Partner,True,1447.0,36
O-100740,OPP-200740,C-3711,2024-08-11,2024-08-02,2024-08-23,2024-08-11,20680,11,101,CRM Pro,Software,Salesperson_8,Asia,Germany,City_4,Won,Outbound,False,1880.0,21
O-100741,OPP-200741,C-3898,2024-11-06,2024-10-14,2024-11-21,2024-11-06,2220,5,201,POS Terminal,Hardware,Salesperson_7,North America,Germany,City_17,Won,Outbound,False,444.0,38
O-100742,OPP-200742,C-4568,2024-06-17,2024-06-03,2024-06-25,2024-06-03,3264,17,202,Receipt Printer,Hardware,Salesperson_2,Asia,USA,City_6,Won,Partner,True,192.0,22
O-100743,OPP-200743,C-2174,2023-10-13,2023-09-28,2023-10-30,2023-10-13,4656,8,102,Analytics Suite,Software,Salesperson_3,North America,India,City_15,Won,Outbound,True,582.0,32
O-100744,OPP-200744,C-2141,2024-05-16,2024-04-19,2024-05-24,2024-05-16,12684,12,202,Receipt Printer,Hardware,Salesperson_10,Asia,USA,City_3,Won,Inbound,False,1057.0,35
O-100745,OPP-200745,C-1515,2023-11-08,2023-10-19,2023-11-09,2023-10-19,4472,13,202,Receipt Printer,Hardware,Salesperson_15,North America,UK,City_7,Won,Partner,True,344.0,21
O-100746,OPP-200746,C-2044,2023-01-14,2022-12-28,2023-02-03,2022-12-28,5350,5,102,Analytics Suite,Software,Salesperson_8,North America,Pakistan,City_8,Won,Inbound,True,1070.0,37
O-100747,OPP-200747,C-1582,2023-04-04,2023-03-26,2023-04-23,2023-03-26,2028,6,202,Receipt Printer,Hardware,Salesperson_13,Asia,India,City_17,Won,Inbound,True,338.0,28
O-100748,OPP-200748,C-4472,2023-05-19,2023-04-22,2023-05-27,2023-05-19,31212,18,202,Receipt Printer,Hardware,Salesperson_4,Europe,UK,City_4,Won,Inbound,True,1734.0,35
O-100749,OPP-200749,C-4219,2024-02-29,2024-02-21,2024-03-12,2024-02-29,13320,20,101,CRM Pro,Software,Salesperson_2,Europe,Germany,City_8,Won,Partner,False,666.0,20
O-100750,OPP-200750,C-4066,2023-05-14,2023-04-24,2023-05-16,2023-04-24,2996,7,102,Analytics Suite,Software,Salesperson_2,Asia,Germany,City_7,Won,Inbound,False,428.0,22
O-100751,OPP-200751,C-4059,2023-11-06,2023-10-11,2023-11-24,2023-10-11,3740,10,103,Sales Booster,Software,Salesperson_5,Asia,India,City_5,Won,Outbound,False,374.0,44
O-100752,OPP-200752,C-1019,2023-06-17,2023-05-27,2023-06-20,2023-05-27,34080,20,101,CRM Pro,Software,Salesperson_4,Asia,Germany,City_12,Won,Inbound,False,1704.0,24
O-100753,OPP-200753,C-4627,2024-03-01,2024-02-19,2024-03-02,2024-03-01,21346,13,102,Analytics Suite,Software,Salesperson_5,Europe,UK,City_16,Won,Outbound,True,1642.0,12
O-100754,OPP-200754,C-2791,2023-01-22,2022-12-24,2023-02-05,2023-01-22,7688,4,101,CRM Pro,Software,Salesperson_9,Asia,UK,City_5,Won,Outbound,True,1922.0,43
O-100755,OPP-200755,C-1755,2024-01-14,2024-01-07,2024-02-03,2024-01-07,3091,11,101,CRM Pro,Software,Salesperson_8,North America,Germany,City_15,Won,Partner,True,281.0,27
O-100756,OPP-200756,C-2801,2024-10-15,2024-09-15,2024-10-30,2024-10-15,5460,14,202,Receipt Printer,Hardware,Salesperson_10,Europe,UK,City_14,Won,Inbound,True,390.0,45
O-100757,OPP-200757,C-4999,2023-03-07,2023-02-13,2023-03-09,2023-02-13,19240,13,102,Analytics Suite,Software,Salesperson_5,Asia,UK,City_17,Won,Partner,False,1480.0,24
O-100758,OPP-200758,C-3060,2023-05-19,2023-04-21,2023-06-06,2023-04-21,28800,18,101,CRM Pro,Software,Salesperson_12,Asia,Germany,City_13,Won,Partner,True,1600.0,46
O-100759,OPP-200759,C-3619,2023-07-13,2023-06-30,2023-07-29,2023-07-13,21333,13,201,POS Terminal,Hardware,Salesperson_15,Asia,UK,City_9,Won,Inbound,False,1641.0,29
O-100760,OPP-200760,C-4596,2024-12-12,2024-11-17,2024-12-27,2024-12-12,8604,12,102,Analytics Suite,Software,Salesperson_9,North America,Germany,City_3,Won,Inbound,True,717.0,40
O-100761,OPP-200761,C-4321,2023-01-31,2023-01-19,2023-02-14,2023-01-19,24752,13,202,Receipt Printer,Hardware,Salesperson_11,Asia,UK,City_5,Won,Outbound,True,1904.0,26
O-100762,OPP-200762,C-4408,2024-07-20,2024-07-11,2024-08-01,2024-07-11,9864,8,101,CRM Pro,Software,Salesperson_8,North America,Germany,City_1,Won,Outbound,True,1233.0,21
O-100763,OPP-200763,C-3230,2024-07-31,2024-07-02,2024-08-03,2024-07-02,2499,7,103,Sales Booster,Software,Salesperson_7,North America,India,City_11,Won,Partner,True,357.0,32
O-100764,OPP-200764,C-4816,2024-05-12,2024-04-24,2024-05-15,2024-04-24,11900,7,201,POS Terminal,Hardware,Salesperson_8,North America,Germany,City_16,Won,Outbound,False,1700.0,21
O-100765,OPP-200765,C-2700,2024-04-26,2024-04-10,2024-05-10,2024-04-10,11466,6,201,POS Terminal,Hardware,Salesperson_12,Europe,Pakistan,City_13,Won,Inbound,True,1911.0,30
O-100766,OPP-200766,C-4482,2023-09-04,2023-08-27,2023-09-13,2023-08-27,1772,1,202,Receipt Printer,Hardware,Salesperson_14,Asia,USA,City_18,Won,Inbound,True,1772.0,17
O-100767,OPP-200767,C-2654,2024-02-16,2024-02-02,2024-03-04,2024-02-02,14773,17,102,Analytics Suite,Software,Salesperson_2,Asia,Pakistan,City_17,Won,Outbound,False,869.0,31
O-100768,OPP-200768,C-3814,2023-01-19,2023-01-13,2023-01-20,2023-01-19,19184,16,202,Receipt Printer,Hardware,Salesperson_14,Asia,India,City_12,Won,Outbound,False,1199.0,7
O-100769,OPP-200769,C-1121,2024-03-30,2024-03-08,2024-04-09,2024-03-30,3150,14,101,CRM Pro,Software,Salesperson_15,North America,Germany,City_8,Won,Inbound,False,225.0,32
O-100770,OPP-200770,C-2923,2023-01-16,2022-12-23,2023-01-20,2022-12-23,20426,14,101,CRM Pro,Software,Salesperson_8,North America,India,City_9,Won,Outbound,False,1459.0,28
O-100771,OPP-200771,C-3089,2024-05-09,2024-04-18,2024-05-14,2024-05-09,17460,20,103,Sales Booster,Software,Salesperson_11,North America,Germany,City_11,Won,Outbound,True,873.0,26
O-100772,OPP-200772,C-3972,2023-01-07,2022-12-14,2023-01-21,2023-01-07,20460,20,103,Sales Booster,Software,Salesperson_5,Europe,Germany,City_7,Won,Outbound,False,1023.0,38
O-100773,OPP-200773,C-1519,2023-07-27,2023-07-09,2023-08-08,2023-07-09,11520,18,102,Analytics Suite,Software,Salesperson_1,Asia,Pakistan,City_6,Won,Outbound,False,640.0,30
O-100774,OPP-200774,C-1125,2023-02-22,2023-01-28,2023-03-08,2023-01-28,15928,11,101,CRM Pro,Software,Salesperson_15,Asia,UK,City_5,Won,Inbound,False,1448.0,39
O-100775,OPP-200775,C-2385,2023-09-28,2023-09-10,2023-10-06,2023-09-10,6069,7,202,Receipt Printer,Hardware,Salesperson_4,Europe,India,City_3,Won,Outbound,True,867.0,26
O-100776,OPP-200776,C-3684,2023-03-06,2023-02-14,2023-03-26,2023-02-14,9667,7,201,POS Terminal,Hardware,Salesperson_10,Europe,USA,City_10,Won,Outbound,True,1381.0,40
O-100777,OPP-200777,C-4697,2023-01-11,2022-12-17,2023-01-15,2023-01-11,12670,10,102,Analytics Suite,Software,Salesperson_7,North America,Germany,City_20,Won,Outbound,True,1267.0,29
O-100778,OPP-200778,C-2150,2023-07-10,2023-06-18,2023-07-24,2023-06-18,16031,17,201,POS Terminal,Hardware,Salesperson_10,Asia,India,City_12,Won,Partner,False,943.0,36
O-100779,OPP-200779,C-3728,2024-10-13,2024-09-28,2024-10-17,2024-10-13,28048,16,201,POS Terminal,Hardware,Salesperson_7,Europe,Germany,City_15,Won,Outbound,True,1753.0,19
O-100780,OPP-200780,C-2030,2024-02-20,2024-01-26,2024-03-11,2024-01-26,18010,10,102,Analytics Suite,Software,Salesperson_12,North America,Pakistan,City_17,Won,Partner,False,1801.0,45
O-100781,OPP-200781,C-3158,2023-03-27,2023-03-13,2023-04-08,2023-03-13,35928,18,201,POS Terminal,Hardware,Salesperson_3,North America,India,City_6,Won,Outbound,True,1996.0,26
O-100782,OPP-200782,C-1485,2023-11-20,2023-11-11,2023-12-05,2023-11-11,1230,10,103,Sales Booster,Software,Salesperson_3,Europe,India,City_2,Won,Outbound,False,123.0,24
O-100783,OPP-200783,C-4106,2023-09-09,2023-08-19,2023-09-24,2023-08-19,161,1,101,CRM Pro,Software,Salesperson_8,Asia,India,City_4,Won,Partner,True,161.0,36
O-100784,OPP-200784,C-2293,2024-12-17,2024-12-03,2024-12-23,2024-12-03,16991,13,201,POS Terminal,Hardware,Salesperson_12,North America,USA,City_7,Won,Partner,False,1307.0,20
O-100785,OPP-200785,C-1870,2024-02-25,2024-01-30,2024-02-29,2024-01-30,15408,12,103,Sales Booster,Software,Salesperson_4,Asia,India,City_14,Won,Outbound,False,1284.0,30
O-100786,OPP-200786,C-2022,2024-06-13,2024-06-02,2024-06-19,2024-06-02,11664,12,103,Sales Booster,Software,Salesperson_13,Europe,UK,City_6,Won,Outbound,True,972.0,17
O-100787,OPP-200787,C-4163,2024-08-07,2024-07-22,2024-08-22,2024-07-22,2130,3,201,POS Terminal,Hardware,Salesperson_8,Asia,India,City_2,Won,Outbound,True,710.0,31
O-100788,OPP-200788,C-1270,2024-02-19,2024-01-23,2024-03-09,2024-01-23,1701,7,102,Analytics Suite,Software,Salesperson_5,North America,UK,City_7,Won,Partner,False,243.0,46
O-100789,OPP-200789,C-4472,2023-12-02,2023-11-05,2023-12-09,2023-11-05,1112,2,101,CRM Pro,Software,Salesperson_5,Europe,UK,City_15,Won,Partner,True,556.0,34
O-100790,OPP-200790,C-2619,2024-09-18,2024-09-13,2024-09-23,2024-09-13,2250,10,101,CRM Pro,Software,Salesperson_11,North America,Pakistan,City_1,Won,Partner,False,225.0,10
O-100791,OPP-200791,C-2759,2023-07-09,2023-06-10,2023-07-25,2023-06-10,3968,4,102,Analytics Suite,Software,Salesperson_4,Asia,Germany,City_7,Won,Inbound,False,992.0,45
O-100792,OPP-200792,C-4211,2024-07-04,2024-06-21,2024-07-08,2024-06-21,8364,12,102,Analytics Suite,Software,Salesperson_14,North America,India,City_14,Won,Inbound,True,697.0,17
O-100793,OPP-200793,C-1750,2024-05-02,2024-04-19,2024-05-15,2024-04-19,5058,3,103,Sales Booster,Software,Salesperson_15,North America,Pakistan,City_4,Won,Outbound,False,1686.0,26
O-100794,OPP-200794,C-1635,2024-09-18,2024-09-02,2024-09-25,2024-09-18,315,3,101,CRM Pro,Software,Salesperson_13,Europe,UK,City_18,Won,Outbound,True,105.0,23
O-100795,OPP-200795,C-2966,2024-09-13,2024-08-18,2024-09-25,2024-09-13,27872,16,101,CRM Pro,Software,Salesperson_13,Europe,UK,City_9,Won,Outbound,False,1742.0,38
O-100796,OPP-200796,C-3990,2023-01-21,2023-01-14,2023-01-25,2023-01-14,27216,16,101,CRM Pro,Software,Salesperson_7,Asia,USA,City_19,Won,Partner,False,1701.0,11
O-100797,OPP-200797,C-4217,2024-05-02,2024-04-18,2024-05-15,2024-04-18,2931,3,202,Receipt Printer,Hardware,Salesperson_12,Europe,Germany,City_5,Won,Outbound,False,977.0,27
O-100798,OPP-200798,C-1618,2023-06-04,2023-05-26,2023-06-05,2023-05-26,1204,7,103,Sales Booster,Software,Salesperson_13,North America,Germany,City_3,Won,Outbound,True,172.0,10
O-100799,OPP-200799,C-4493,2023-04-05,2023-03-23,2023-04-11,2023-04-05,7560,12,201,POS Terminal,Hardware,Salesperson_9,North America,Pakistan,City_12,Won,Outbound,False,630.0,19
O-100800,OPP-200800,C-3790,2023-06-02,2023-05-22,2023-06-13,2023-05-22,25720,20,102,Analytics Suite,Software,Salesperson_12,Asia,Pakistan,City_20,Won,Partner,True,1286.0,22
O-100801,OPP-200801,C-4250,2024-01-25,2023-12-28,2024-01-28,2023-12-28,13223,7,201,POS Terminal,Hardware,Salesperson_3,North America,UK,City_5,Won,Outbound,False,1889.0,31
O-100802,OPP-200802,C-3323,2023-10-19,2023-10-14,2023-10-22,2023-10-14,17136,17,202,Receipt Printer,Hardware,Salesperson_2,North America,UK,City_4,Won,Inbound,True,1008.0,8
O-100803,OPP-200803,C-1319,2023-08-15,2023-08-04,2023-08-17,2023-08-15,34409,19,101,CRM Pro,Software,Salesperson_13,North America,Pakistan,City_15,Won,Inbound,True,1811.0,13
O-100804,OPP-200804,C-4668,2024-12-15,2024-12-07,2024-12-28,2024-12-07,4970,7,103,Sales Booster,Software,Salesperson_3,Asia,Pakistan,City_6,Won,Outbound,True,710.0,21
O-100805,OPP-200805,C-4324,2024-11-14,2024-10-21,2024-12-02,2024-11-14,8790,15,101,CRM Pro,Software,Salesperson_7,Asia,India,City_10,Won,Partner,True,586.0,42
O-100806,OPP-200806,C-4219,2023-11-24,2023-10-26,2023-12-05,2023-10-26,4536,9,201,POS Terminal,Hardware,Salesperson_1,North America,Germany,City_15,Won,Outbound,False,504.0,40
O-100807,OPP-200807,C-2426,2023-11-17,2023-11-11,2023-11-25,2023-11-11,3648,4,102,Analytics Suite,Software,Salesperson_11,Europe,USA,City_12,Won,Outbound,True,912.0,14
O-100808,OPP-200808,C-4210,2024-11-19,2024-10-29,2024-11-26,2024-11-19,6426,18,102,Analytics Suite,Software,Salesperson_8,Europe,India,City_12,Won,Partner,False,357.0,28
O-100809,OPP-200809,C-1697,2024-02-23,2024-02-17,2024-03-11,2024-02-17,16303,17,102,Analytics Suite,Software,Salesperson_5,Europe,USA,City_14,Won,Partner,False,959.0,23
O-100810,OPP-200810,C-3783,2023-04-11,2023-04-04,2023-04-18,2023-04-04,20880,20,202,Receipt Printer,Hardware,Salesperson_9,North America,Pakistan,City_3,Won,Inbound,True,1044.0,14
O-100811,OPP-200811,C-4313,2023-11-06,2023-10-28,2023-11-10,2023-10-28,6865,5,102,Analytics Suite,Software,Salesperson_2,Asia,Pakistan,City_14,Won,Inbound,False,1373.0,13
O-100812,OPP-200812,C-4414,2024-09-10,2024-09-01,2024-09-20,2024-09-01,1316,7,202,Receipt Printer,Hardware,Salesperson_9,Asia,Germany,City_1,Won,Partner,True,188.0,19
O-100813,OPP-200813,C-3045,2023-07-23,2023-06-30,2023-07-24,2023-06-30,5640,15,202,Receipt Printer,Hardware,Salesperson_7,Asia,UK,City_18,Won,Outbound,False,376.0,24
O-100814,OPP-200814,C-3634,2023-07-11,2023-06-11,2023-07-22,2023-06-11,24255,15,103,Sales Booster,Software,Salesperson_2,Europe,Pakistan,City_18,Won,Outbound,True,1617.0,41
O-100815,OPP-200815,C-4385,2024-07-12,2024-07-05,2024-07-24,2024-07-05,12660,20,201,POS Terminal,Hardware,Salesperson_13,Asia,USA,City_16,Won,Inbound,True,633.0,19
O-100816,OPP-200816,C-3953,2023-01-23,2022-12-31,2023-02-03,2022-12-31,7764,4,101,CRM Pro,Software,Salesperson_8,North America,India,City_6,Won,Inbound,True,1941.0,34
O-100817,OPP-200817,C-1835,2023-07-26,2023-06-29,2023-08-08,2023-06-29,15976,8,201,POS Terminal,Hardware,Salesperson_8,Europe,India,City_4,Won,Partner,True,1997.0,40
O-100818,OPP-200818,C-1102,2024-05-26,2024-05-15,2024-06-01,2024-05-15,17050,11,102,Analytics Suite,Software,Salesperson_3,North America,USA,City_3,Won,Partner,False,1550.0,17
O-100819,OPP-200819,C-3841,2024-11-27,2024-11-01,2024-12-08,2024-11-27,24645,15,103,Sales Booster,Software,Salesperson_10,Asia,Pakistan,City_2,Won,Partner,True,1643.0,37
O-100820,OPP-200820,C-1909,2024-04-08,2024-03-23,2024-04-26,2024-03-23,9891,7,103,Sales Booster,Software,Salesperson_15,Europe,Germany,City_15,Won,Inbound,False,1413.0,34
O-100821,OPP-200821,C-2855,2023-01-01,2022-12-06,2023-01-11,2023-01-01,13000,13,201,POS Terminal,Hardware,Salesperson_2,Europe,Germany,City_19,Won,Outbound,False,1000.0,36
O-100822,OPP-200822,C-4150,2024-04-10,2024-03-14,2024-04-19,2024-03-14,34680,20,101,CRM Pro,Software,Salesperson_14,North America,USA,City_4,Won,Inbound,False,1734.0,36
O-100823,OPP-200823,C-4306,2023-05-30,2023-05-24,2023-06-04,2023-05-24,12108,12,201,POS Terminal,Hardware,Salesperson_6,Europe,USA,City_19,Won,Partner,True,1009.0,11
O-100824,OPP-200824,C-3509,2023-02-16,2023-01-24,2023-03-07,2023-02-16,1091,1,101,CRM Pro,Software,Salesperson_12,Asia,Germany,City_4,Won,Inbound,False,1091.0,42
O-100825,OPP-200825,C-4041,2024-05-08,2024-04-28,2024-05-21,2024-04-28,16820,20,102,Analytics Suite,Software,Salesperson_6,Asia,Germany,City_15,Won,Outbound,False,841.0,23
O-100826,OPP-200826,C-3985,2024-05-23,2024-05-11,2024-05-26,2024-05-23,29780,20,103,Sales Booster,Software,Salesperson_9,North America,USA,City_1,Won,Inbound,False,1489.0,15
O-100827,OPP-200827,C-1822,2024-06-23,2024-06-18,2024-07-04,2024-06-18,28432,16,202,Receipt Printer,Hardware,Salesperson_1,Europe,Pakistan,City_4,Won,Partner,True,1777.0,16
O-100828,OPP-200828,C-4227,2023-10-27,2023-10-16,2023-11-07,2023-10-16,3726,9,101,CRM Pro,Software,Salesperson_14,Asia,UK,City_12,Won,Partner,False,414.0,22
O-100829,OPP-200829,C-4504,2023-06-06,2023-05-18,2023-06-18,2023-05-18,28310,19,103,Sales Booster,Software,Salesperson_11,Europe,Pakistan,City_16,Won,Partner,True,1490.0,31
O-100830,OPP-200830,C-1867,2024-02-22,2024-02-09,2024-03-02,2024-02-22,1253,1,201,POS Terminal,Hardware,Salesperson_9,Asia,Pakistan,City_16,Won,Inbound,True,1253.0,22
O-100831,OPP-200831,C-2119,2023-03-12,2023-03-01,2023-03-16,2023-03-01,9918,19,103,Sales Booster,Software,Salesperson_11,Europe,USA,City_11,Won,Inbound,True,522.0,15
O-100832,OPP-200832,C-3984,2023-11-17,2023-10-18,2023-11-29,2023-10-18,10524,12,103,Sales Booster,Software,Salesperson_3,Europe,Pakistan,City_18,Won,Partner,True,877.0,42
O-100833,OPP-200833,C-3255,2024-02-14,2024-02-04,2024-02-18,2024-02-04,9720,10,101,CRM Pro,Software,Salesperson_4,Europe,USA,City_2,Won,Inbound,False,972.0,14
O-100834,OPP-200834,C-3038,2023-01-01,2022-12-16,2023-01-04,2022-12-16,20366,17,103,Sales Booster,Software,Salesperson_12,North America,Germany,City_2,Won,Inbound,True,1198.0,19
O-100835,OPP-200835,C-1362,2023-03-25,2023-03-06,2023-04-12,2023-03-06,3207,3,101,CRM Pro,Software,Salesperson_6,Asia,Pakistan,City_18,Won,Inbound,False,1069.0,37
O-100836,OPP-200836,C-4333,2024-09-26,2024-09-11,2024-10-02,2024-09-26,13744,8,101,CRM Pro,Software,Salesperson_8,Europe,India,City_16,Won,Inbound,False,1718.0,21
O-100837,OPP-200837,C-1907,2023-01-17,2022-12-22,2023-01-20,2023-01-17,11400,10,102,Analytics Suite,Software,Salesperson_12,Asia,Germany,City_2,Won,Partner,True,1140.0,29
O-100838,OPP-200838,C-2144,2024-04-18,2024-04-03,2024-04-22,2024-04-03,17640,20,102,Analytics Suite,Software,Salesperson_11,Europe,UK,City_14,Won,Inbound,False,882.0,19
O-100839,OPP-200839,C-1121,2023-05-31,2023-05-07,2023-06-12,2023-05-07,5385,15,201,POS Terminal,Hardware,Salesperson_3,Europe,Germany,City_5,Won,Inbound,False,359.0,36
O-100840,OPP-200840,C-2685,2023-03-24,2023-03-19,2023-04-07,2023-03-19,2712,12,201,POS Terminal,Hardware,Salesperson_11,Europe,India,City_4,Won,Outbound,True,226.0,19
O-100841,OPP-200841,C-3510,2024-01-17,2023-12-22,2024-01-27,2024-01-17,20293,13,201,POS Terminal,Hardware,Salesperson_14,Europe,Pakistan,City_10,Won,Inbound,False,1561.0,36
O-100842,OPP-200842,C-2561,2024-09-04,2024-08-17,2024-09-15,2024-08-17,22272,16,103,Sales Booster,Software,Salesperson_10,Europe,UK,City_7,Won,Partner,True,1392.0,29
O-100843,OPP-200843,C-3511,2024-11-15,2024-11-02,2024-12-04,2024-11-02,1200,1,103,Sales Booster,Software,Salesperson_1,Europe,Pakistan,City_19,Won,Outbound,False,1200.0,32
O-100844,OPP-200844,C-4160,2023-08-15,2023-07-17,2023-08-19,2023-07-17,13243,19,202,Receipt Printer,Hardware,Salesperson_6,Europe,UK,City_1,Won,Partner,True,697.0,33
O-100845,OPP-200845,C-4099,2024-03-16,2024-03-08,2024-03-30,2024-03-16,4025,7,101,CRM Pro,Software,Salesperson_13,Asia,Pakistan,City_6,Won,Outbound,True,575.0,22
O-100846,OPP-200846,C-1684,2024-09-26,2024-09-11,2024-10-16,2024-09-11,4664,8,201,POS Terminal,Hardware,Salesperson_14,Europe,Germany,City_6,Won,Inbound,True,583.0,35
O-100847,OPP-200847,C-3382,2023-05-28,2023-05-08,2023-06-12,2023-05-08,8430,6,202,Receipt Printer,Hardware,Salesperson_11,Asia,Germany,City_3,Won,Partner,True,1405.0,35
O-100848,OPP-200848,C-2988,2023-03-13,2023-03-04,2023-03-27,2023-03-04,15252,12,202,Receipt Printer,Hardware,Salesperson_10,Europe,UK,City_3,Won,Inbound,True,1271.0,23
O-100849,OPP-200849,C-1378,2024-08-29,2024-08-19,2024-08-30,2024-08-19,36260,20,101,CRM Pro,Software,Salesperson_8,Asia,Pakistan,City_9,Won,Inbound,True,1813.0,11
O-100850,OPP-200850,C-3855,2023-08-27,2023-07-28,2023-09-13,2023-07-28,24836,14,202,Receipt Printer,Hardware,Salesperson_8,North America,USA,City_5,Won,Inbound,False,1774.0,47
O-100851,OPP-200851,C-3625,2023-09-20,2023-09-01,2023-10-09,2023-09-01,8772,12,201,POS Terminal,Hardware,Salesperson_6,North America,UK,City_6,Won,Inbound,True,731.0,38
O-100852,OPP-200852,C-3171,2023-04-26,2023-04-20,2023-05-01,2023-04-26,1570,10,103,Sales Booster,Software,Salesperson_1,Asia,Pakistan,City_12,Won,Outbound,False,157.0,11
O-100853,OPP-200853,C-4008,2024-06-18,2024-06-02,2024-06-20,2024-06-02,29865,15,102,Analytics Suite,Software,Salesperson_9,North America,Pakistan,City_12,Won,Partner,True,1991.0,18
O-100854,OPP-200854,C-3335,2024-04-29,2024-04-24,2024-05-14,2024-04-24,9152,16,201,POS Terminal,Hardware,Salesperson_9,Asia,Pakistan,City_9,Won,Outbound,True,572.0,20
O-100855,OPP-200855,C-4002,2024-03-11,2024-02-24,2024-03-26,2024-02-24,28920,15,103,Sales Booster,Software,Salesperson_11,Europe,Pakistan,City_16,Won,Outbound,True,1928.0,31
O-100856,OPP-200856,C-4758,2024-07-21,2024-07-06,2024-08-02,2024-07-06,21232,16,101,CRM Pro,Software,Salesperson_8,North America,Pakistan,City_15,Won,Inbound,True,1327.0,27
O-100857,OPP-200857,C-1327,2024-10-24,2024-10-07,2024-11-11,2024-10-07,10608,12,102,Analytics Suite,Software,Salesperson_6,Asia,India,City_1,Won,Inbound,True,884.0,35
O-100858,OPP-200858,C-4504,2023-08-25,2023-08-03,2023-08-30,2023-08-25,18414,11,202,Receipt Printer,Hardware,Salesperson_8,North America,India,City_14,Won,Inbound,True,1674.0,27
O-100859,OPP-200859,C-1855,2023-03-20,2023-03-04,2023-03-30,2023-03-04,1776,2,103,Sales Booster,Software,Salesperson_6,Europe,UK,City_20,Won,Inbound,True,888.0,26
O-100860,OPP-200860,C-3731,2024-12-17,2024-12-07,2024-12-23,2024-12-07,5608,8,103,Sales Booster,Software,Salesperson_14,Asia,UK,City_17,Won,Outbound,True,701.0,16
O-100861,OPP-200861,C-2543,2024-03-18,2024-02-19,2024-04-01,2024-02-19,15106,14,101,CRM Pro,Software,Salesperson_11,Europe,Germany,City_14,Won,Inbound,False,1079.0,42
O-100862,OPP-200862,C-1840,2024-08-23,2024-08-15,2024-08-29,2024-08-15,6230,14,102,Analytics Suite,Software,Salesperson_15,Asia,Germany,City_12,Won,Partner,True,445.0,14
O-100863,OPP-200863,C-3462,2024-08-07,2024-07-19,2024-08-21,2024-07-19,2408,2,102,Analytics Suite,Software,Salesperson_2,Europe,Pakistan,City_1,Won,Inbound,True,1204.0,33
O-100864,OPP-200864,C-2166,2024-06-12,2024-06-06,2024-06-29,2024-06-12,13504,8,101,CRM Pro,Software,Salesperson_14,Asia,Germany,City_17,Won,Inbound,True,1688.0,23
O-100865,OPP-200865,C-1618,2024-03-29,2024-03-19,2024-04-07,2024-03-29,7632,12,101,CRM Pro,Software,Salesperson_10,North America,Germany,City_15,Won,Inbound,True,636.0,19
O-100866,OPP-200866,C-2085,2023-04-06,2023-03-18,2023-04-18,2023-03-18,15390,9,101,CRM Pro,Software,Salesperson_12,North America,Pakistan,City_1,Won,Inbound,True,1710.0,31
O-100867,OPP-200867,C-3200,2024-06-06,2024-05-08,2024-06-12,2024-06-06,7070,7,103,Sales Booster,Software,Salesperson_14,North America,UK,City_4,Won,Outbound,False,1010.0,35
O-100868,OPP-200868,C-3514,2024-06-07,2024-05-28,2024-06-23,2024-05-28,14340,15,102,Analytics Suite,Software,Salesperson_7,Asia,Germany,City_17,Won,Partner,False,956.0,26
O-100869,OPP-200869,C-1454,2024-07-05,2024-06-13,2024-07-22,2024-06-13,6457,11,102,Analytics Suite,Software,Salesperson_4,North America,India,City_19,Won,Outbound,True,587.0,39
O-100870,OPP-200870,C-4139,2023-07-23,2023-07-16,2023-08-04,2023-07-16,369,3,201,POS Terminal,Hardware,Salesperson_9,Asia,UK,City_5,Won,Outbound,False,123.0,19
O-100871,OPP-200871,C-1011,2024-10-02,2024-09-10,2024-10-20,2024-09-10,17234,14,102,Analytics Suite,Software,Salesperson_15,Europe,India,City_18,Won,Partner,True,1231.0,40
O-100872,OPP-200872,C-3460,2023-02-15,2023-02-09,2023-03-03,2023-02-09,4860,5,103,Sales Booster,Software,Salesperson_12,Europe,Germany,City_5,Won,Outbound,True,972.0,22
O-100873,OPP-200873,C-4364,2023-11-08,2023-10-31,2023-11-18,2023-11-08,15216,8,103,Sales Booster,Software,Salesperson_15,Asia,Germany,City_16,Won,Outbound,True,1902.0,18
O-100874,OPP-200874,C-4682,2024-05-28,2024-04-30,2024-06-12,2024-04-30,978,3,101,CRM Pro,Software,Salesperson_11,Europe,Germany,City_17,Won,Inbound,False,326.0,43
O-100875,OPP-200875,C-3422,2024-04-17,2024-03-27,2024-04-22,2024-03-27,200,1,102,Analytics Suite,Software,Salesperson_13,Asia,Germany,City_15,Won,Inbound,True,200.0,26
O-100876,OPP-200876,C-3584,2023-07-27,2023-06-29,2023-08-01,2023-06-29,14312,8,202,Receipt Printer,Hardware,Salesperson_11,North America,Pakistan,City_6,Won,Outbound,False,1789.0,33
O-100877,OPP-200877,C-3922,2023-02-23,2023-01-24,2023-02-25,2023-01-24,1642,1,102,Analytics Suite,Software,Salesperson_12,North America,USA,City_5,Won,Outbound,True,1642.0,32
O-100878,OPP-200878,C-4169,2023-10-12,2023-09-23,2023-11-01,2023-09-23,15333,19,103,Sales Booster,Software,Salesperson_8,North America,India,City_3,Won,Inbound,False,807.0,39
O-100879,OPP-200879,C-2975,2023-12-02,2023-11-07,2023-12-20,2023-11-07,2661,3,103,Sales Booster,Software,Salesperson_1,Europe,UK,City_2,Won,Inbound,False,887.0,43
O-100880,OPP-200880,C-2997,2024-07-30,2024-07-17,2024-08-04,2024-07-17,11568,6,201,POS Terminal,Hardware,Salesperson_12,North America,Pakistan,City_8,Won,Partner,False,1928.0,18
O-100881,OPP-200881,C-1277,2024-05-09,2024-04-11,2024-05-15,2024-04-11,8129,11,103,Sales Booster,Software,Salesperson_1,Europe,UK,City_7,Won,Inbound,False,739.0,34
O-100882,OPP-200882,C-1711,2023-08-31,2023-08-12,2023-09-16,2023-08-31,5225,11,101,CRM Pro,Software,Salesperson_14,North America,India,City_6,Won,Inbound,False,475.0,35
O-100883,OPP-200883,C-4863,2024-02-05,2024-01-15,2024-02-18,2024-01-15,5768,7,201,POS Terminal,Hardware,Salesperson_7,Asia,USA,City_14,Won,Outbound,True,824.0,34
O-100884,OPP-200884,C-2152,2024-04-26,2024-04-06,2024-05-05,2024-04-26,2670,15,101,CRM Pro,Software,Salesperson_4,Europe,USA,City_19,Won,Outbound,False,178.0,29
O-100885,OPP-200885,C-4260,2023-07-14,2023-06-23,2023-07-30,2023-06-23,33383,19,101,CRM Pro,Software,Salesperson_12,Asia,Pakistan,City_11,Won,Outbound,False,1757.0,37
O-100886,OPP-200886,C-2234,2024-04-14,2024-03-26,2024-04-15,2024-04-14,15192,9,202,Receipt Printer,Hardware,Salesperson_11,North America,India,City_17,Won,Outbound,False,1688.0,20
O-100887,OPP-200887,C-2126,2023-02-23,2023-01-27,2023-03-08,2023-01-27,13034,7,102,Analytics Suite,Software,Salesperson_11,Asia,Pakistan,City_9,Won,Partner,True,1862.0,40
O-100888,OPP-200888,C-2305,2024-12-14,2024-12-03,2024-12-15,2024-12-14,11505,15,201,POS Terminal,Hardware,Salesperson_3,Europe,Germany,City_5,Won,Outbound,True,767.0,12
O-100889,OPP-200889,C-3159,2024-10-21,2024-10-11,2024-10-25,2024-10-21,3051,9,201,POS Terminal,Hardware,Salesperson_14,Europe,UK,City_3,Won,Outbound,False,339.0,14
O-100890,OPP-200890,C-3541,2024-03-23,2024-02-22,2024-04-02,2024-02-22,14518,17,101,CRM Pro,Software,Salesperson_7,North America,UK,City_9,Won,Outbound,True,854.0,40
O-100891,OPP-200891,C-4825,2023-12-11,2023-11-20,2023-12-28,2023-11-20,25620,20,202,Receipt Printer,Hardware,Salesperson_3,Europe,India,City_1,Won,Inbound,False,1281.0,38
O-100892,OPP-200892,C-3335,2023-10-24,2023-10-18,2023-11-08,2023-10-18,2368,4,101,CRM Pro,Software,Salesperson_11,Europe,Germany,City_14,Won,Partner,True,592.0,21
O-100893,OPP-200893,C-1375,2024-09-23,2024-08-29,2024-09-26,2024-08-29,31200,20,201,POS Terminal,Hardware,Salesperson_14,Europe,Pakistan,City_8,Won,Inbound,False,1560.0,28
O-100894,OPP-200894,C-2117,2023-03-29,2023-03-24,2023-04-05,2023-03-24,3636,12,201,POS Terminal,Hardware,Salesperson_15,Europe,Germany,City_6,Won,Outbound,False,303.0,12
O-100895,OPP-200895,C-3871,2024-05-06,2024-04-08,2024-05-24,2024-04-08,5124,4,202,Receipt Printer,Hardware,Salesperson_14,Asia,UK,City_18,Won,Outbound,False,1281.0,46
O-100896,OPP-200896,C-2533,2024-09-28,2024-09-17,2024-10-04,2024-09-17,1513,1,202,Receipt Printer,Hardware,Salesperson_3,North America,India,City_3,Won,Inbound,False,1513.0,17
O-100897,OPP-200897,C-2381,2024-10-26,2024-10-21,2024-10-30,2024-10-21,35511,19,201,POS Terminal,Hardware,Salesperson_6,North America,USA,City_7,Won,Inbound,True,1869.0,9
O-100898,OPP-200898,C-1966,2023-06-05,2023-05-11,2023-06-11,2023-05-11,1296,12,103,Sales Booster,Software,Salesperson_3,North America,Germany,City_15,Won,Inbound,False,108.0,31
O-100899,OPP-200899,C-4100,2023-07-14,2023-06-27,2023-07-30,2023-07-14,2904,12,102,Analytics Suite,Software,Salesperson_14,Asia,Pakistan,City_10,Won,Inbound,False,242.0,33
O-100900,OPP-200900,C-4434,2023-03-16,2023-02-18,2023-03-31,2023-03-16,1734,17,102,Analytics Suite,Software,Salesperson_5,North America,India,City_17,Won,Inbound,False,102.0,41
O-100901,OPP-200901,C-3798,2023-02-07,2023-01-27,2023-02-12,2023-02-07,3364,4,102,Analytics Suite,Software,Salesperson_1,Europe,India,City_7,Won,Inbound,False,841.0,16
O-100902,OPP-200902,C-1283,2024-05-24,2024-05-10,2024-06-10,2024-05-10,21890,11,102,Analytics Suite,Software,Salesperson_7,Asia,Pakistan,City_12,Won,Outbound,False,1990.0,31
O-100903,OPP-200903,C-4448,2023-11-07,2023-10-21,2023-11-14,2023-10-21,6498,18,101,CRM Pro,Software,Salesperson_14,Europe,UK,City_1,Won,Outbound,False,361.0,24
O-100904,OPP-200904,C-2382,2024-02-08,2024-01-13,2024-02-22,2024-01-13,30000,16,103,Sales Booster,Software,Salesperson_12,Asia,India,City_6,Won,Partner,True,1875.0,40
O-100905,OPP-200905,C-3756,2024-07-09,2024-06-25,2024-07-13,2024-06-25,5628,14,102,Analytics Suite,Software,Salesperson_11,Asia,Pakistan,City_2,Won,Outbound,False,402.0,18
O-100906,OPP-200906,C-4540,2024-01-10,2023-12-14,2024-01-27,2023-12-14,15008,14,202,Receipt Printer,Hardware,Salesperson_2,North America,Pakistan,City_16,Won,Partner,True,1072.0,44
O-100907,OPP-200907,C-2097,2023-10-06,2023-09-12,2023-10-15,2023-09-12,843,1,201,POS Terminal,Hardware,Salesperson_7,Asia,USA,City_11,Won,Partner,False,843.0,33
O-100908,OPP-200908,C-3869,2024-08-28,2024-08-04,2024-09-13,2024-08-04,1534,1,201,POS Terminal,Hardware,Salesperson_9,North America,UK,City_9,Won,Partner,True,1534.0,40
O-100909,OPP-200909,C-3582,2023-06-27,2023-06-17,2023-07-04,2023-06-17,16392,12,101,CRM Pro,Software,Salesperson_13,North America,Germany,City_3,Won,Inbound,True,1366.0,17
O-100910,OPP-200910,C-4277,2023-01-14,2023-01-08,2023-01-24,2023-01-08,11130,7,201,POS Terminal,Hardware,Salesperson_10,Europe,India,City_7,Won,Partner,True,1590.0,16
O-100911,OPP-200911,C-3096,2023-11-24,2023-11-07,2023-12-14,2023-11-07,3728,8,101,CRM Pro,Software,Salesperson_12,North America,Germany,City_15,Won,Outbound,True,466.0,37
O-100912,OPP-200912,C-2257,2024-10-04,2024-09-26,2024-10-11,2024-09-26,20325,15,101,CRM Pro,Software,Salesperson_2,Europe,Germany,City_17,Won,Inbound,False,1355.0,15
O-100913,OPP-200913,C-3478,2024-03-18,2024-02-25,2024-04-01,2024-03-18,4780,20,201,POS Terminal,Hardware,Salesperson_9,Europe,USA,City_11,Won,Inbound,True,239.0,36
O-100914,OPP-200914,C-1074,2024-03-28,2024-03-02,2024-04-08,2024-03-02,1249,1,101,CRM Pro,Software,Salesperson_13,North America,USA,City_12,Won,Inbound,False,1249.0,37
O-100915,OPP-200915,C-4151,2024-12-13,2024-11-20,2024-12-28,2024-11-20,9560,20,201,POS Terminal,Hardware,Salesperson_11,North America,UK,City_8,Won,Inbound,True,478.0,38
O-100916,OPP-200916,C-3492,2023-01-19,2022-12-25,2023-02-04,2023-01-19,5328,18,202,Receipt Printer,Hardware,Salesperson_3,North America,UK,City_12,Won,Inbound,False,296.0,41
O-100917,OPP-200917,C-3937,2024-11-03,2024-10-13,2024-11-08,2024-10-13,7092,6,101,CRM Pro,Software,Salesperson_12,Asia,USA,City_5,Won,Partner,True,1182.0,26
O-100918,OPP-200918,C-2079,2024-08-27,2024-07-30,2024-08-31,2024-07-30,7840,10,103,Sales Booster,Software,Salesperson_10,Europe,USA,City_15,Won,Outbound,True,784.0,32
O-100919,OPP-200919,C-3163,2024-04-19,2024-04-14,2024-04-26,2024-04-14,12061,7,101,CRM Pro,Software,Salesperson_7,Europe,USA,City_14,Won,Outbound,False,1723.0,12
O-100920,OPP-200920,C-2382,2024-11-08,2024-10-15,2024-11-12,2024-10-15,8445,15,101,CRM Pro,Software,Salesperson_2,North America,UK,City_10,Won,Partner,False,563.0,28
O-100921,OPP-200921,C-2154,2023-05-05,2023-04-11,2023-05-14,2023-04-11,7020,20,202,Receipt Printer,Hardware,Salesperson_9,Europe,Pakistan,City_4,Won,Outbound,True,351.0,33
O-100922,OPP-200922,C-1228,2024-11-20,2024-11-15,2024-12-05,2024-11-20,2868,2,103,Sales Booster,Software,Salesperson_7,Europe,Pakistan,City_4,Won,Partner,True,1434.0,20
O-100923,OPP-200923,C-1083,2024-10-20,2024-10-08,2024-10-25,2024-10-08,10231,13,202,Receipt Printer,Hardware,Salesperson_10,North America,Pakistan,City_6,Won,Outbound,True,787.0,17
O-100924,OPP-200924,C-3592,2024-04-20,2024-04-04,2024-04-30,2024-04-04,518,2,102,Analytics Suite,Software,Salesperson_9,Asia,India,City_5,Won,Outbound,True,259.0,26
O-100925,OPP-200925,C-3056,2023-04-03,2023-03-20,2023-04-18,2023-04-03,6120,18,101,CRM Pro,Software,Salesperson_6,North America,USA,City_2,Won,Inbound,False,340.0,29
O-100926,OPP-200926,C-2954,2024-12-05,2024-11-26,2024-12-24,2024-11-26,9825,5,102,Analytics Suite,Software,Salesperson_7,Asia,Pakistan,City_20,Won,Inbound,True,1965.0,28
O-100927,OPP-200927,C-3890,2023-05-03,2023-04-07,2023-05-08,2023-04-07,1979,1,103,Sales Booster,Software,Salesperson_10,Asia,Germany,City_14,Won,Outbound,True,1979.0,31
O-100928,OPP-200928,C-4048,2023-02-16,2023-01-27,2023-02-21,2023-01-27,34732,19,101,CRM Pro,Software,Salesperson_9,Europe,UK,City_15,Won,Partner,False,1828.0,25
O-100929,OPP-200929,C-1623,2023-07-27,2023-07-21,2023-08-06,2023-07-21,16625,19,202,Receipt Printer,Hardware,Salesperson_15,North America,Germany,City_2,Won,Inbound,True,875.0,16
O-100930,OPP-200930,C-4588,2024-08-05,2024-07-11,2024-08-09,2024-07-11,7112,4,102,Analytics Suite,Software,Salesperson_12,Europe,Germany,City_15,Won,Partner,True,1778.0,29
O-100931,OPP-200931,C-1654,2024-07-16,2024-06-21,2024-07-25,2024-07-16,5380,5,103,Sales Booster,Software,Salesperson_6,Asia,Pakistan,City_12,Won,Inbound,True,1076.0,34
O-100932,OPP-200932,C-2578,2023-12-07,2023-11-20,2023-12-10,2023-11-20,5244,19,101,CRM Pro,Software,Salesperson_6,Europe,Pakistan,City_1,Won,Partner,False,276.0,20
O-100933,OPP-200933,C-3650,2023-05-20,2023-04-26,2023-06-08,2023-04-26,8680,5,102,Analytics Suite,Software,Salesperson_9,Asia,India,City_4,Won,Partner,True,1736.0,43
O-100934,OPP-200934,C-1200,2023-04-16,2023-03-23,2023-04-28,2023-03-23,20878,11,102,Analytics Suite,Software,Salesperson_8,North America,India,City_2,Won,Partner,False,1898.0,36
O-100935,OPP-200935,C-2491,2023-10-05,2023-09-14,2023-10-14,2023-09-14,21780,15,202,Receipt Printer,Hardware,Salesperson_12,North America,UK,City_20,Won,Inbound,True,1452.0,30
O-100936,OPP-200936,C-3105,2023-06-02,2023-05-10,2023-06-04,2023-05-10,13756,19,102,Analytics Suite,Software,Salesperson_15,North America,USA,City_11,Won,Partner,True,724.0,25
O-100937,OPP-200937,C-2806,2023-11-08,2023-10-28,2023-11-10,2023-10-28,13728,13,202,Receipt Printer,Hardware,Salesperson_2,Asia,UK,City_20,Won,Partner,False,1056.0,13
O-100938,OPP-200938,C-2828,2023-10-22,2023-09-23,2023-10-23,2023-09-23,6524,14,201,POS Terminal,Hardware,Salesperson_15,North America,India,City_15,Won,Inbound,True,466.0,30
O-100939,OPP-200939,C-2928,2024-04-12,2024-03-27,2024-04-29,2024-04-12,14839,19,202,Receipt Printer,Hardware,Salesperson_12,North America,UK,City_1,Won,Inbound,False,781.0,33
O-100940,OPP-200940,C-3989,2024-07-11,2024-06-11,2024-07-23,2024-06-11,6940,20,102,Analytics Suite,Software,Salesperson_1,North America,USA,City_11,Won,Outbound,True,347.0,42
O-100941,OPP-200941,C-4382,2024-09-07,2024-08-23,2024-09-13,2024-08-23,21728,16,103,Sales Booster,Software,Salesperson_15,North America,Pakistan,City_20,Won,Inbound,True,1358.0,21
O-100942,OPP-200942,C-4650,2024-07-19,2024-07-03,2024-08-04,2024-07-19,6372,6,202,Receipt Printer,Hardware,Salesperson_1,North America,Germany,City_5,Won,Partner,True,1062.0,32
O-100943,OPP-200943,C-1471,2023-08-10,2023-07-11,2023-08-15,2023-08-10,240,1,202,Receipt Printer,Hardware,Salesperson_8,Asia,Pakistan,City_2,Won,Inbound,False,240.0,35
O-100944,OPP-200944,C-4877,2023-02-05,2023-01-21,2023-02-07,2023-01-21,9370,5,103,Sales Booster,Software,Salesperson_5,Europe,USA,City_10,Won,Inbound,False,1874.0,17
O-100945,OPP-200945,C-3801,2023-04-23,2023-04-09,2023-05-01,2023-04-09,2436,4,103,Sales Booster,Software,Salesperson_10,Asia,Pakistan,City_2,Won,Inbound,False,609.0,22
O-100946,OPP-200946,C-3297,2024-09-21,2024-09-04,2024-09-29,2024-09-04,5454,18,201,POS Terminal,Hardware,Salesperson_2,Asia,India,City_17,Won,Outbound,True,303.0,25
O-100947,OPP-200947,C-1827,2024-11-20,2024-11-04,2024-11-21,2024-11-04,1446,6,202,Receipt Printer,Hardware,Salesperson_7,North America,UK,City_14,Won,Partner,True,241.0,17
O-100948,OPP-200948,C-2637,2024-03-04,2024-02-21,2024-03-20,2024-03-04,1226,1,103,Sales Booster,Software,Salesperson_5,North America,Germany,City_8,Won,Outbound,False,1226.0,28
O-100949,OPP-200949,C-1247,2023-11-16,2023-11-02,2023-11-29,2023-11-02,14632,8,201,POS Terminal,Hardware,Salesperson_3,North America,India,City_1,Won,Outbound,False,1829.0,27
O-100950,OPP-200950,C-3462,2023-09-16,2023-09-08,2023-10-05,2023-09-08,10332,18,102,Analytics Suite,Software,Salesperson_12,Europe,India,City_9,Won,Inbound,True,574.0,27
O-100951,OPP-200951,C-4951,2024-07-27,2024-06-30,2024-08-15,2024-06-30,17880,10,102,Analytics Suite,Software,Salesperson_4,North America,Pakistan,City_7,Won,Outbound,True,1788.0,46
O-100952,OPP-200952,C-1818,2023-12-05,2023-11-07,2023-12-19,2023-11-07,20604,12,101,CRM Pro,Software,Salesperson_6,Asia,Pakistan,City_8,Won,Partner,True,1717.0,42
O-100953,OPP-200953,C-2322,2023-10-08,2023-09-12,2023-10-11,2023-09-12,925,5,201,POS Terminal,Hardware,Salesperson_1,Asia,USA,City_2,Won,Outbound,False,185.0,29
O-100954,OPP-200954,C-1371,2023-04-07,2023-03-23,2023-04-23,2023-04-07,5328,6,103,Sales Booster,Software,Salesperson_4,North America,UK,City_11,Won,Outbound,False,888.0,31
O-100955,OPP-200955,C-2702,2024-03-05,2024-02-09,2024-03-19,2024-02-09,5400,8,103,Sales Booster,Software,Salesperson_13,Europe,UK,City_5,Won,Outbound,True,675.0,39
O-100956,OPP-200956,C-1411,2024-05-10,2024-04-11,2024-05-18,2024-04-11,6804,18,102,Analytics Suite,Software,Salesperson_2,North America,Germany,City_2,Won,Partner,True,378.0,37
O-100957,OPP-200957,C-3560,2024-07-03,2024-06-04,2024-07-08,2024-06-04,6360,6,201,POS Terminal,Hardware,Salesperson_6,North America,Pakistan,City_9,Won,Partner,False,1060.0,34
O-100958,OPP-200958,C-4171,2024-03-14,2024-02-25,2024-03-19,2024-02-25,4092,11,102,Analytics Suite,Software,Salesperson_10,North America,USA,City_9,Won,Outbound,True,372.0,23
O-100959,OPP-200959,C-3419,2024-04-18,2024-03-23,2024-05-04,2024-04-18,11988,9,103,Sales Booster,Software,Salesperson_8,North America,India,City_12,Won,Outbound,False,1332.0,42
O-100960,OPP-200960,C-3533,2024-06-20,2024-06-02,2024-06-27,2024-06-02,6136,4,101,CRM Pro,Software,Salesperson_4,Europe,USA,City_17,Won,Partner,True,1534.0,25
O-100961,OPP-200961,C-1681,2024-04-22,2024-04-16,2024-04-29,2024-04-22,2382,6,103,Sales Booster,Software,Salesperson_2,Asia,India,City_9,Won,Outbound,False,397.0,13
O-100962,OPP-200962,C-1989,2023-10-28,2023-10-09,2023-11-11,2023-10-09,4689,9,201,POS Terminal,Hardware,Salesperson_8,Asia,USA,City_11,Won,Inbound,True,521.0,33
O-100963,OPP-200963,C-3688,2024-09-11,2024-09-06,2024-09-13,2024-09-11,17832,12,202,Receipt Printer,Hardware,Salesperson_14,North America,UK,City_16,Won,Partner,False,1486.0,7
O-100964,OPP-200964,C-4602,2024-06-13,2024-06-01,2024-07-02,2024-06-01,11835,15,101,CRM Pro,Software,Salesperson_5,Asia,Germany,City_15,Won,Inbound,False,789.0,31
O-100965,OPP-200965,C-3768,2023-08-14,2023-08-02,2023-08-21,2023-08-14,9006,19,102,Analytics Suite,Software,Salesperson_1,Europe,India,City_4,Won,Partner,False,474.0,19
O-100966,OPP-200966,C-2529,2024-08-13,2024-08-07,2024-08-17,2024-08-07,12376,8,101,CRM Pro,Software,Salesperson_10,North America,UK,City_2,Won,Outbound,False,1547.0,10
O-100967,OPP-200967,C-2190,2024-01-26,2024-01-01,2024-01-28,2024-01-26,12720,16,103,Sales Booster,Software,Salesperson_14,Asia,India,City_17,Won,Inbound,True,795.0,27
O-100968,OPP-200968,C-1309,2023-05-01,2023-04-06,2023-05-04,2023-04-06,8352,16,102,Analytics Suite,Software,Salesperson_1,Asia,USA,City_8,Won,Partner,True,522.0,28
O-100969,OPP-200969,C-4103,2023-06-18,2023-06-09,2023-06-19,2023-06-09,23484,12,103,Sales Booster,Software,Salesperson_5,North America,USA,City_18,Won,Outbound,False,1957.0,10
O-100970,OPP-200970,C-2649,2023-12-25,2023-12-12,2024-01-11,2023-12-12,5220,20,201,POS Terminal,Hardware,Salesperson_1,Europe,Pakistan,City_8,Won,Outbound,True,261.0,30
O-100971,OPP-200971,C-4780,2023-10-24,2023-10-16,2023-10-31,2023-10-16,5640,20,103,Sales Booster,Software,Salesperson_6,Asia,Germany,City_4,Won,Outbound,False,282.0,15
O-100972,OPP-200972,C-3994,2023-11-04,2023-10-29,2023-11-20,2023-11-04,765,5,101,CRM Pro,Software,Salesperson_12,North America,UK,City_12,Won,Partner,False,153.0,22
O-100973,OPP-200973,C-4812,2024-10-20,2024-10-12,2024-11-03,2024-10-12,2520,14,201,POS Terminal,Hardware,Salesperson_1,North America,India,City_17,Won,Partner,True,180.0,22
O-100974,OPP-200974,C-1572,2024-06-28,2024-06-10,2024-07-12,2024-06-10,2024,2,202,Receipt Printer,Hardware,Salesperson_13,North America,India,City_3,Won,Partner,True,1012.0,32
O-100975,OPP-200975,C-3430,2024-12-30,2024-12-13,2025-01-13,2024-12-30,4815,5,102,Analytics Suite,Software,Salesperson_10,Europe,Germany,City_14,Won,Inbound,True,963.0,31
O-100976,OPP-200976,C-2152,2023-10-14,2023-09-19,2023-10-18,2023-09-19,15941,19,202,Receipt Printer,Hardware,Salesperson_14,Asia,USA,City_5,Won,Outbound,False,839.0,29
O-100977,OPP-200977,C-3885,2024-03-07,2024-03-01,2024-03-26,2024-03-01,34941,19,102,Analytics Suite,Software,Salesperson_10,North America,Pakistan,City_8,Won,Outbound,False,1839.0,25
O-100978,OPP-200978,C-4832,2023-08-04,2023-07-21,2023-08-13,2023-07-21,1084,2,201,POS Terminal,Hardware,Salesperson_8,Europe,India,City_7,Won,Inbound,True,542.0,23
O-100979,OPP-200979,C-1879,2023-05-04,2023-04-27,2023-05-23,2023-05-04,21384,12,101,CRM Pro,Software,Salesperson_10,Asia,UK,City_12,Won,Outbound,False,1782.0,26
O-100980,OPP-200980,C-4845,2024-05-05,2024-04-16,2024-05-14,2024-04-16,16020,20,201,POS Terminal,Hardware,Salesperson_14,Asia,USA,City_19,Won,Partner,False,801.0,28
O-100981,OPP-200981,C-1746,2023-06-03,2023-05-04,2023-06-05,2023-05-04,15500,20,102,Analytics Suite,Software,Salesperson_9,North America,India,City_9,Won,Outbound,False,775.0,32
O-100982,OPP-200982,C-1807,2024-10-29,2024-10-21,2024-10-31,2024-10-21,16423,11,102,Analytics Suite,Software,Salesperson_7,Asia,Pakistan,City_12,Won,Inbound,False,1493.0,10
O-100983,OPP-200983,C-1707,2024-08-01,2024-07-20,2024-08-13,2024-08-01,7870,10,201,POS Terminal,Hardware,Salesperson_4,North America,India,City_19,Won,Outbound,True,787.0,24
O-100984,OPP-200984,C-1558,2024-01-19,2023-12-23,2024-02-06,2023-12-23,23994,18,201,POS Terminal,Hardware,Salesperson_9,North America,Pakistan,City_18,Won,Partner,False,1333.0,45
O-100985,OPP-200985,C-2191,2023-09-19,2023-08-21,2023-09-28,2023-08-21,15712,8,102,Analytics Suite,Software,Salesperson_12,Asia,India,City_17,Won,Outbound,False,1964.0,38
O-100986,OPP-200986,C-2026,2024-11-10,2024-10-22,2024-11-22,2024-10-22,760,1,103,Sales Booster,Software,Salesperson_14,North America,UK,City_8,Won,Outbound,False,760.0,31
O-100987,OPP-200987,C-4828,2023-11-04,2023-10-17,2023-11-15,2023-10-17,23142,19,102,Analytics Suite,Software,Salesperson_11,Europe,India,City_7,Won,Inbound,False,1218.0,29
O-100988,OPP-200988,C-3051,2024-05-21,2024-05-05,2024-05-30,2024-05-05,6345,5,103,Sales Booster,Software,Salesperson_13,Asia,Germany,City_11,Won,Outbound,False,1269.0,25
O-100989,OPP-200989,C-2450,2023-12-31,2023-12-08,2024-01-12,2023-12-31,7885,5,102,Analytics Suite,Software,Salesperson_2,Asia,UK,City_9,Won,Partner,False,1577.0,35
O-100990,OPP-200990,C-2612,2024-11-29,2024-11-19,2024-12-17,2024-11-19,10528,8,102,Analytics Suite,Software,Salesperson_15,Europe,India,City_1,Won,Outbound,True,1316.0,28
O-100991,OPP-200991,C-4700,2023-12-16,2023-12-07,2023-12-25,2023-12-07,17990,10,201,POS Terminal,Hardware,Salesperson_12,Europe,Pakistan,City_20,Won,Inbound,True,1799.0,18
O-100992,OPP-200992,C-2177,2024-12-27,2024-12-10,2024-12-28,2024-12-10,25920,18,103,Sales Booster,Software,Salesperson_15,Europe,UK,City_4,Won,Outbound,True,1440.0,18
O-100993,OPP-200993,C-2496,2023-11-25,2023-10-31,2023-12-05,2023-10-31,2436,14,201,POS Terminal,Hardware,Salesperson_14,Asia,USA,City_19,Won,Outbound,True,174.0,35
O-100994,OPP-200994,C-1034,2023-05-09,2023-04-13,2023-05-14,2023-05-09,7878,6,103,Sales Booster,Software,Salesperson_5,Asia,Pakistan,City_6,Won,Partner,True,1313.0,31
O-100995,OPP-200995,C-3845,2023-06-17,2023-06-06,2023-06-30,2023-06-06,8822,11,103,Sales Booster,Software,Salesperson_5,Europe,USA,City_5,Won,Partner,False,802.0,24
O-100996,OPP-200996,C-4318,2024-09-20,2024-08-24,2024-10-08,2024-08-24,877,1,201,POS Terminal,Hardware,Salesperson_8,Asia,UK,City_11,Won,Inbound,False,877.0,45
O-100997,OPP-200997,C-2038,2024-03-30,2024-03-11,2024-04-17,2024-03-11,9891,9,102,Analytics Suite,Software,Salesperson_6,Europe,Pakistan,City_2,Won,Inbound,False,1099.0,37
O-100998,OPP-200998,C-4654,2024-04-14,2024-03-28,2024-04-18,2024-03-28,8790,6,102,Analytics Suite,Software,Salesperson_10,Europe,India,City_14,Won,Outbound,True,1465.0,21
O-100999,OPP-200999,C-2885,2023-08-21,2023-08-14,2023-09-07,2023-08-21,3822,2,202,Receipt Printer,Hardware,Salesperson_6,North America,USA,City_11,Won,Partner,False,1911.0,24
O-101000,OPP-201000,C-2382,2024-11-16,2024-11-07,2024-11-28,2024-11-07,26467,19,103,Sales Booster,Software,Salesperson_13,Europe,USA,City_13,Won,Partner,False,1393.0,21
O-101001,OPP-201001,C-4488,2023-05-21,2023-05-07,2023-06-03,2023-05-07,19873,17,101,CRM Pro,Software,Salesperson_3,Asia,Germany,City_3,Won,Outbound,False,1169.0,27
O-101002,OPP-201002,C-3937,2023-11-09,2023-10-31,2023-11-10,2023-10-31,944,2,101,CRM Pro,Software,Salesperson_2,North America,USA,City_8,Won,Inbound,False,472.0,10
O-101003,OPP-201003,C-1291,2023-04-17,2023-04-09,2023-05-02,2023-04-09,1980,12,202,Receipt Printer,Hardware,Salesperson_3,Asia,Pakistan,City_9,Won,Partner,True,165.0,23
O-101004,OPP-201004,C-4762,2024-03-17,2024-03-06,2024-03-24,2024-03-06,14368,8,202,Receipt Printer,Hardware,Salesperson_14,Asia,USA,City_10,Won,Partner,False,1796.0,18
O-101005,OPP-201005,C-2913,2024-12-16,2024-12-11,2024-12-18,2024-12-11,4774,7,102,Analytics Suite,Software,Salesperson_1,North America,Germany,City_10,Won,Outbound,True,682.0,7
O-101006,OPP-201006,C-4633,2024-10-17,2024-10-10,2024-10-26,2024-10-10,15705,9,101,CRM Pro,Software,Salesperson_13,Asia,Germany,City_4,Won,Outbound,True,1745.0,16
O-101007,OPP-201007,C-4578,2023-04-22,2023-04-01,2023-05-01,2023-04-01,1281,1,101,CRM Pro,Software,Salesperson_13,Asia,India,City_9,Won,Partner,True,1281.0,30
O-101008,OPP-201008,C-1356,2023-03-04,2023-02-16,2023-03-15,2023-03-04,11016,6,103,Sales Booster,Software,Salesperson_14,Asia,UK,City_6,Won,Partner,True,1836.0,27
O-101009,OPP-201009,C-1683,2023-01-20,2023-01-01,2023-01-31,2023-01-01,12680,20,103,Sales Booster,Software,Salesperson_4,Europe,India,City_17,Won,Partner,True,634.0,30
O-101010,OPP-201010,C-3862,2024-03-16,2024-02-17,2024-04-05,2024-02-17,25540,20,103,Sales Booster,Software,Salesperson_12,Asia,India,City_17,Won,Partner,True,1277.0,48
O-101011,OPP-201011,C-4983,2023-05-10,2023-05-01,2023-05-14,2023-05-10,7536,8,202,Receipt Printer,Hardware,Salesperson_2,Asia,India,City_18,Won,Inbound,False,942.0,13
O-101012,OPP-201012,C-3913,2024-03-12,2024-02-24,2024-03-17,2024-02-24,7533,9,202,Receipt Printer,Hardware,Salesperson_9,North America,Pakistan,City_9,Won,Inbound,False,837.0,22
O-101013,OPP-201013,C-4291,2023-06-28,2023-06-23,2023-07-11,2023-06-23,256,2,201,POS Terminal,Hardware,Salesperson_12,North America,Pakistan,City_6,Won,Outbound,True,128.0,18
O-101014,OPP-201014,C-4147,2023-08-18,2023-07-25,2023-09-07,2023-07-25,14895,9,201,POS Terminal,Hardware,Salesperson_2,Asia,Germany,City_18,Won,Outbound,True,1655.0,44
O-101015,OPP-201015,C-3048,2024-05-15,2024-05-10,2024-06-04,2024-05-10,675,3,103,Sales Booster,Software,Salesperson_3,Europe,USA,City_6,Won,Partner,True,225.0,25
O-101016,OPP-201016,C-1960,2023-09-30,2023-09-03,2023-10-01,2023-09-03,4403,7,101,CRM Pro,Software,Salesperson_4,Europe,Germany,City_7,Won,Inbound,False,629.0,28
O-101017,OPP-201017,C-3367,2023-06-17,2023-06-10,2023-06-18,2023-06-10,38060,20,101,CRM Pro,Software,Salesperson_5,Asia,UK,City_13,Won,Inbound,False,1903.0,8
O-101018,OPP-201018,C-1150,2024-03-01,2024-02-01,2024-03-07,2024-03-01,5388,4,201,POS Terminal,Hardware,Salesperson_4,Asia,Pakistan,City_3,Won,Partner,False,1347.0,35
O-101019,OPP-201019,C-1518,2023-01-20,2023-01-13,2023-01-24,2023-01-13,4875,13,103,Sales Booster,Software,Salesperson_5,Asia,Pakistan,City_6,Won,Outbound,True,375.0,11
O-101020,OPP-201020,C-4467,2024-07-24,2024-07-12,2024-08-05,2024-07-12,7986,11,202,Receipt Printer,Hardware,Salesperson_5,North America,Germany,City_15,Won,Inbound,True,726.0,24
O-101021,OPP-201021,C-1039,2023-10-08,2023-10-01,2023-10-12,2023-10-08,33573,19,103,Sales Booster,Software,Salesperson_14,Asia,Pakistan,City_9,Won,Inbound,False,1767.0,11
O-101022,OPP-201022,C-1197,2023-11-18,2023-10-22,2023-11-19,2023-10-22,17068,17,202,Receipt Printer,Hardware,Salesperson_15,North America,USA,City_13,Won,Outbound,False,1004.0,28
O-101023,OPP-201023,C-4600,2024-06-10,2024-05-23,2024-06-22,2024-05-23,3124,2,101,CRM Pro,Software,Salesperson_10,North America,India,City_5,Won,Partner,False,1562.0,30
O-101024,OPP-201024,C-4549,2024-10-04,2024-09-25,2024-10-16,2024-10-04,9276,6,202,Receipt Printer,Hardware,Salesperson_4,Asia,India,City_11,Won,Outbound,False,1546.0,21
O-101025,OPP-201025,C-3316,2023-05-17,2023-05-04,2023-05-26,2023-05-04,17424,16,202,Receipt Printer,Hardware,Salesperson_11,Asia,USA,City_3,Won,Outbound,True,1089.0,22
O-101026,OPP-201026,C-2471,2023-03-14,2023-03-02,2023-03-25,2023-03-02,15900,12,102,Analytics Suite,Software,Salesperson_2,Asia,Pakistan,City_5,Won,Outbound,False,1325.0,23
O-101027,OPP-201027,C-2963,2024-07-22,2024-07-08,2024-08-05,2024-07-08,856,2,101,CRM Pro,Software,Salesperson_3,North America,Germany,City_17,Won,Inbound,False,428.0,28
O-101028,OPP-201028,C-1966,2023-03-22,2023-02-28,2023-04-08,2023-02-28,2016,18,202,Receipt Printer,Hardware,Salesperson_1,North America,Pakistan,City_1,Won,Partner,True,112.0,39
O-101029,OPP-201029,C-4149,2023-04-08,2023-03-20,2023-04-22,2023-03-20,3720,20,101,CRM Pro,Software,Salesperson_8,North America,Pakistan,City_17,Won,Inbound,True,186.0,33
O-101030,OPP-201030,C-3832,2024-08-26,2024-08-03,2024-09-09,2024-08-03,4740,6,102,Analytics Suite,Software,Salesperson_3,Europe,UK,City_13,Won,Inbound,False,790.0,37
O-101031,OPP-201031,C-4485,2023-07-12,2023-06-22,2023-07-29,2023-06-22,18785,13,102,Analytics Suite,Software,Salesperson_7,North America,Germany,City_18,Won,Partner,False,1445.0,37
O-101032,OPP-201032,C-1953,2023-01-14,2023-01-01,2023-01-26,2023-01-01,3722,2,201,POS Terminal,Hardware,Salesperson_13,Asia,Pakistan,City_6,Won,Outbound,True,1861.0,25
O-101033,OPP-201033,C-4198,2023-02-25,2023-02-09,2023-03-05,2023-02-09,5838,3,102,Analytics Suite,Software,Salesperson_12,North America,Germany,City_5,Won,Outbound,False,1946.0,24
O-101034,OPP-201034,C-4704,2023-10-18,2023-10-04,2023-10-24,2023-10-04,3946,2,102,Analytics Suite,Software,Salesperson_13,North America,Germany,City_20,Won,Outbound,False,1973.0,20
O-101035,OPP-201035,C-2023,2023-09-02,2023-08-18,2023-09-22,2023-08-18,20691,11,103,Sales Booster,Software,Salesperson_12,Europe,Germany,City_10,Won,Outbound,True,1881.0,35
O-101036,OPP-201036,C-2760,2023-11-22,2023-11-09,2023-11-24,2023-11-09,740,1,103,Sales Booster,Software,Salesperson_12,Asia,India,City_12,Won,Outbound,True,740.0,15
O-101037,OPP-201037,C-2148,2024-07-07,2024-06-15,2024-07-24,2024-06-15,29904,16,102,Analytics Suite,Software,Salesperson_4,Europe,Pakistan,City_1,Won,Partner,False,1869.0,39
O-101038,OPP-201038,C-1954,2024-10-22,2024-09-29,2024-11-11,2024-09-29,13846,14,201,POS Terminal,Hardware,Salesperson_6,North America,USA,City_7,Won,Inbound,True,989.0,43
O-101039,OPP-201039,C-4402,2023-08-13,2023-07-19,2023-08-25,2023-08-13,3180,4,202,Receipt Printer,Hardware,Salesperson_5,Europe,UK,City_4,Won,Outbound,True,795.0,37
O-101040,OPP-201040,C-1677,2023-02-08,2023-01-10,2023-02-12,2023-01-10,2628,2,201,POS Terminal,Hardware,Salesperson_3,Europe,India,City_4,Won,Inbound,False,1314.0,33
O-101041,OPP-201041,C-2431,2023-02-27,2023-02-01,2023-03-02,2023-02-27,19320,12,201,POS Terminal,Hardware,Salesperson_15,North America,USA,City_13,Won,Inbound,True,1610.0,29
O-101042,OPP-201042,C-3469,2023-05-04,2023-04-24,2023-05-15,2023-04-24,39160,20,101,CRM Pro,Software,Salesperson_2,North America,UK,City_7,Won,Inbound,True,1958.0,21
O-101043,OPP-201043,C-4655,2024-01-14,2024-01-03,2024-02-03,2024-01-14,2144,2,202,Receipt Printer,Hardware,Salesperson_11,Europe,Germany,City_6,Won,Partner,True,1072.0,31
O-101044,OPP-201044,C-3267,2024-02-27,2024-02-09,2024-03-17,2024-02-09,19173,11,103,Sales Booster,Software,Salesperson_5,Asia,Pakistan,City_19,Won,Inbound,False,1743.0,37
O-101045,OPP-201045,C-2969,2023-04-26,2023-04-17,2023-05-02,2023-04-17,15984,18,103,Sales Booster,Software,Salesperson_10,Asia,Pakistan,City_2,Won,Inbound,True,888.0,15
O-101046,OPP-201046,C-4080,2024-04-16,2024-04-10,2024-04-22,2024-04-10,33498,18,103,Sales Booster,Software,Salesperson_1,North America,UK,City_2,Won,Inbound,False,1861.0,12
O-101047,OPP-201047,C-2411,2024-03-25,2024-02-24,2024-04-12,2024-02-24,3021,3,101,CRM Pro,Software,Salesperson_2,Europe,USA,City_8,Won,Inbound,True,1007.0,48
O-101048,OPP-201048,C-2277,2024-08-25,2024-07-26,2024-09-01,2024-07-26,24358,19,202,Receipt Printer,Hardware,Salesperson_9,Europe,USA,City_2,Won,Inbound,True,1282.0,37
O-101049,OPP-201049,C-1664,2023-10-16,2023-09-28,2023-10-31,2023-09-28,19305,11,103,Sales Booster,Software,Salesperson_8,Europe,India,City_3,Won,Partner,False,1755.0,33
O-101050,OPP-201050,C-3890,2024-02-03,2024-01-26,2024-02-07,2024-02-03,8775,15,201,POS Terminal,Hardware,Salesperson_3,Europe,USA,City_8,Won,Inbound,False,585.0,12
O-101051,OPP-201051,C-4497,2023-12-26,2023-12-19,2024-01-15,2023-12-19,4710,10,103,Sales Booster,Software,Salesperson_12,Europe,Pakistan,City_16,Won,Inbound,True,471.0,27
O-101052,OPP-201052,C-4428,2023-02-02,2023-01-18,2023-02-17,2023-01-18,36440,20,103,Sales Booster,Software,Salesperson_8,Europe,USA,City_1,Won,Partner,False,1822.0,30
O-101053,OPP-201053,C-3994,2023-12-04,2023-11-12,2023-12-09,2023-12-04,1728,8,102,Analytics Suite,Software,Salesperson_14,North America,UK,City_19,Won,Partner,True,216.0,27
O-101054,OPP-201054,C-4505,2023-03-08,2023-02-19,2023-03-16,2023-03-08,23850,15,103,Sales Booster,Software,Salesperson_15,Europe,Pakistan,City_4,Won,Inbound,True,1590.0,25
O-101055,OPP-201055,C-2959,2024-04-03,2024-03-25,2024-04-13,2024-04-03,11816,8,102,Analytics Suite,Software,Salesperson_3,North America,UK,City_4,Won,Partner,False,1477.0,19
O-101056,OPP-201056,C-4218,2023-03-12,2023-02-13,2023-03-16,2023-02-13,2466,3,103,Sales Booster,Software,Salesperson_11,Asia,India,City_16,Won,Outbound,False,822.0,31
O-101057,OPP-201057,C-1772,2023-01-21,2022-12-27,2023-01-27,2022-12-27,921,1,103,Sales Booster,Software,Salesperson_9,North America,UK,City_4,Won,Partner,False,921.0,31
O-101058,OPP-201058,C-3114,2024-08-18,2024-08-01,2024-09-06,2024-08-18,1499,1,201,POS Terminal,Hardware,Salesperson_9,North America,Pakistan,City_10,Won,Partner,False,1499.0,36
O-101059,OPP-201059,C-3343,2023-02-19,2023-01-27,2023-02-28,2023-02-19,12051,13,101,CRM Pro,Software,Salesperson_14,Europe,USA,City_7,Won,Partner,False,927.0,32
O-101060,OPP-201060,C-3816,2023-10-09,2023-09-09,2023-10-11,2023-09-09,3996,6,101,CRM Pro,Software,Salesperson_15,Europe,Germany,City_20,Won,Partner,True,666.0,32
O-101061,OPP-201061,C-4351,2023-11-15,2023-10-16,2023-11-24,2023-10-16,1376,8,102,Analytics Suite,Software,Salesperson_12,Europe,Germany,City_16,Won,Partner,True,172.0,39
O-101062,OPP-201062,C-4540,2023-03-03,2023-02-21,2023-03-15,2023-02-21,13870,19,202,Receipt Printer,Hardware,Salesperson_10,North America,UK,City_11,Won,Outbound,False,730.0,22
O-101063,OPP-201063,C-1843,2023-11-06,2023-10-30,2023-11-25,2023-10-30,4279,11,103,Sales Booster,Software,Salesperson_3,Asia,India,City_18,Won,Partner,False,389.0,26
O-101064,OPP-201064,C-1914,2024-01-29,2023-12-30,2024-02-05,2023-12-30,952,7,103,Sales Booster,Software,Salesperson_4,Europe,India,City_16,Won,Inbound,False,136.0,37
O-101065,OPP-201065,C-1223,2024-11-22,2024-11-12,2024-12-09,2024-11-22,9480,10,102,Analytics Suite,Software,Salesperson_11,Asia,India,City_20,Won,Partner,False,948.0,27
O-101066,OPP-201066,C-4256,2024-12-07,2024-11-27,2024-12-24,2024-11-27,7036,4,102,Analytics Suite,Software,Salesperson_8,Europe,UK,City_19,Won,Outbound,False,1759.0,27
O-101067,OPP-201067,C-4298,2023-07-24,2023-07-17,2023-07-30,2023-07-17,4950,18,101,CRM Pro,Software,Salesperson_10,Asia,Germany,City_5,Won,Partner,False,275.0,13
O-101068,OPP-201068,C-1971,2023-04-04,2023-03-17,2023-04-11,2023-04-04,5577,11,201,POS Terminal,Hardware,Salesperson_2,Europe,UK,City_11,Won,Partner,True,507.0,25
O-101069,OPP-201069,C-4199,2023-11-16,2023-10-18,2023-12-05,2023-10-18,3342,6,202,Receipt Printer,Hardware,Salesperson_10,Europe,Pakistan,City_9,Won,Outbound,False,557.0,48
O-101070,OPP-201070,C-3455,2023-08-30,2023-08-03,2023-08-31,2023-08-03,5239,13,201,POS Terminal,Hardware,Salesperson_1,Asia,Pakistan,City_2,Won,Outbound,True,403.0,28
O-101071,OPP-201071,C-4412,2023-09-17,2023-09-06,2023-09-30,2023-09-06,1800,4,101,CRM Pro,Software,Salesperson_15,Europe,Germany,City_14,Won,Outbound,False,450.0,24
O-101072,OPP-201072,C-3170,2023-10-06,2023-09-12,2023-10-09,2023-09-12,1160,8,202,Receipt Printer,Hardware,Salesperson_14,North America,Germany,City_19,Won,Outbound,False,145.0,27
O-101073,OPP-201073,C-2020,2023-09-05,2023-08-23,2023-09-12,2023-08-23,33030,18,202,Receipt Printer,Hardware,Salesperson_1,North America,India,City_14,Won,Outbound,False,1835.0,20
O-101074,OPP-201074,C-1807,2024-05-06,2024-04-09,2024-05-07,2024-04-09,14175,9,202,Receipt Printer,Hardware,Salesperson_6,Asia,Germany,City_9,Won,Outbound,False,1575.0,28
O-101075,OPP-201075,C-4122,2024-08-08,2024-07-13,2024-08-26,2024-07-13,9412,13,202,Receipt Printer,Hardware,Salesperson_5,Europe,Germany,City_11,Won,Inbound,False,724.0,44
O-101076,OPP-201076,C-1882,2023-01-01,2022-12-24,2023-01-20,2022-12-24,22656,16,202,Receipt Printer,Hardware,Salesperson_5,Europe,Pakistan,City_7,Won,Outbound,False,1416.0,27
O-101077,OPP-201077,C-4827,2024-01-21,2023-12-28,2024-01-30,2023-12-28,7768,4,102,Analytics Suite,Software,Salesperson_7,North America,UK,City_12,Won,Outbound,True,1942.0,33
O-101078,OPP-201078,C-2992,2024-06-24,2024-06-18,2024-07-13,2024-06-18,13980,15,103,Sales Booster,Software,Salesperson_4,Asia,India,City_11,Won,Partner,False,932.0,25
O-101079,OPP-201079,C-3712,2024-12-19,2024-11-29,2025-01-07,2024-11-29,13351,13,103,Sales Booster,Software,Salesperson_7,North America,Pakistan,City_16,Won,Inbound,False,1027.0,39
O-101080,OPP-201080,C-4262,2024-07-14,2024-06-26,2024-07-19,2024-07-14,1356,12,103,Sales Booster,Software,Salesperson_4,Asia,Germany,City_11,Won,Inbound,True,113.0,23
O-101081,OPP-201081,C-2880,2024-09-21,2024-09-16,2024-09-30,2024-09-16,6512,8,201,POS Terminal,Hardware,Salesperson_12,Asia,Germany,City_10,Won,Inbound,False,814.0,14
O-101082,OPP-201082,C-3294,2023-04-23,2023-04-16,2023-04-24,2023-04-16,3688,8,102,Analytics Suite,Software,Salesperson_12,Asia,Pakistan,City_8,Won,Partner,False,461.0,8
O-101083,OPP-201083,C-3097,2023-07-01,2023-06-01,2023-07-13,2023-07-01,4956,7,103,Sales Booster,Software,Salesperson_13,Asia,Germany,City_3,Won,Partner,False,708.0,42
O-101084,OPP-201084,C-4304,2023-01-11,2023-01-02,2023-01-25,2023-01-02,1764,4,102,Analytics Suite,Software,Salesperson_13,North America,UK,City_19,Won,Inbound,False,441.0,23
O-101085,OPP-201085,C-1405,2023-02-16,2023-01-19,2023-02-28,2023-01-19,3255,7,102,Analytics Suite,Software,Salesperson_7,Asia,UK,City_11,Won,Partner,True,465.0,40
O-101086,OPP-201086,C-3797,2024-08-22,2024-08-12,2024-09-04,2024-08-12,21307,13,201,POS Terminal,Hardware,Salesperson_9,North America,Germany,City_3,Won,Partner,True,1639.0,23
O-101087,OPP-201087,C-3718,2023-10-27,2023-10-11,2023-11-01,2023-10-27,3451,17,102,Analytics Suite,Software,Salesperson_7,North America,Germany,City_19,Won,Outbound,True,203.0,21
O-101088,OPP-201088,C-1035,2023-04-11,2023-03-21,2023-04-22,2023-03-21,5409,3,102,Analytics Suite,Software,Salesperson_7,North America,Germany,City_5,Won,Inbound,True,1803.0,32
O-101089,OPP-201089,C-1546,2024-03-17,2024-03-10,2024-03-23,2024-03-17,5652,12,102,Analytics Suite,Software,Salesperson_7,Europe,Germany,City_13,Won,Partner,True,471.0,13
O-101090,OPP-201090,C-2677,2023-01-09,2023-01-01,2023-01-11,2023-01-09,16534,14,102,Analytics Suite,Software,Salesperson_15,Europe,UK,City_17,Won,Partner,False,1181.0,10
O-101091,OPP-201091,C-4695,2023-03-07,2023-02-21,2023-03-24,2023-02-21,17820,10,102,Analytics Suite,Software,Salesperson_7,North America,Pakistan,City_5,Won,Outbound,False,1782.0,31
O-101092,OPP-201092,C-2786,2023-08-29,2023-08-17,2023-09-03,2023-08-17,4096,8,103,Sales Booster,Software,Salesperson_12,Asia,India,City_12,Won,Partner,True,512.0,17
O-101093,OPP-201093,C-3840,2024-09-03,2024-08-13,2024-09-15,2024-09-03,39720,20,202,Receipt Printer,Hardware,Salesperson_10,North America,Pakistan,City_18,Won,Outbound,True,1986.0,33
O-101094,OPP-201094,C-3020,2023-09-03,2023-08-05,2023-09-12,2023-08-05,10488,12,103,Sales Booster,Software,Salesperson_13,North America,Pakistan,City_4,Won,Partner,True,874.0,38
O-101095,OPP-201095,C-4672,2024-03-10,2024-02-20,2024-03-28,2024-02-20,4655,7,101,CRM Pro,Software,Salesperson_13,Europe,Pakistan,City_8,Won,Partner,True,665.0,37
O-101096,OPP-201096,C-1797,2023-09-30,2023-08-31,2023-10-19,2023-08-31,5958,3,103,Sales Booster,Software,Salesperson_3,Asia,Pakistan,City_5,Won,Outbound,True,1986.0,49
O-101097,OPP-201097,C-2135,2024-06-02,2024-05-05,2024-06-14,2024-05-05,8920,5,202,Receipt Printer,Hardware,Salesperson_6,Asia,India,City_5,Won,Outbound,False,1784.0,40
O-101098,OPP-201098,C-4496,2023-08-24,2023-07-31,2023-08-28,2023-08-24,1246,2,103,Sales Booster,Software,Salesperson_2,Europe,USA,City_3,Won,Inbound,True,623.0,28
O-101099,OPP-201099,C-3072,2024-01-11,2023-12-17,2024-01-20,2023-12-17,30989,19,202,Receipt Printer,Hardware,Salesperson_6,Asia,India,City_17,Won,Outbound,True,1631.0,34
O-101100,OPP-201100,C-1075,2024-05-08,2024-04-15,2024-05-16,2024-04-15,36993,19,103,Sales Booster,Software,Salesperson_2,Europe,India,City_20,Won,Partner,True,1947.0,31
O-101101,OPP-201101,C-3609,2024-10-15,2024-09-21,2024-10-30,2024-09-21,29696,16,101,CRM Pro,Software,Salesperson_3,Europe,Germany,City_2,Won,Partner,False,1856.0,39
O-101102,OPP-201102,C-1705,2023-11-22,2023-11-06,2023-12-05,2023-11-06,2472,8,103,Sales Booster,Software,Salesperson_2,Europe,UK,City_8,Won,Partner,True,309.0,29
O-101103,OPP-201103,C-2321,2024-09-13,2024-08-26,2024-09-19,2024-08-26,1020,4,103,Sales Booster,Software,Salesperson_10,North America,Germany,City_4,Won,Outbound,False,255.0,24
O-101104,OPP-201104,C-2072,2024-09-13,2024-09-06,2024-09-20,2024-09-06,1194,2,201,POS Terminal,Hardware,Salesperson_5,Europe,India,City_11,Won,Inbound,False,597.0,14
O-101105,OPP-201105,C-1716,2024-06-11,2024-05-27,2024-06-23,2024-06-11,4004,13,103,Sales Booster,Software,Salesperson_5,Europe,India,City_5,Won,Partner,False,308.0,27
O-101106,OPP-201106,C-3881,2023-08-11,2023-07-31,2023-08-28,2023-07-31,9855,9,101,CRM Pro,Software,Salesperson_9,Asia,UK,City_20,Won,Inbound,True,1095.0,28
O-101107,OPP-201107,C-2016,2023-05-31,2023-05-22,2023-06-07,2023-05-22,6036,4,101,CRM Pro,Software,Salesperson_14,North America,Pakistan,City_2,Won,Inbound,True,1509.0,16
O-101108,OPP-201108,C-1102,2024-01-28,2024-01-02,2024-02-02,2024-01-02,8200,10,101,CRM Pro,Software,Salesperson_14,Asia,India,City_3,Won,Partner,False,820.0,31
O-101109,OPP-201109,C-4310,2024-08-17,2024-07-28,2024-08-25,2024-07-28,1832,2,201,POS Terminal,Hardware,Salesperson_8,Asia,Pakistan,City_6,Won,Inbound,False,916.0,28
O-101110,OPP-201110,C-1529,2024-03-04,2024-02-24,2024-03-13,2024-03-04,7266,6,103,Sales Booster,Software,Salesperson_6,Europe,Germany,City_19,Won,Partner,True,1211.0,18
O-101111,OPP-201111,C-3028,2023-10-06,2023-09-15,2023-10-19,2023-09-15,3984,8,102,Analytics Suite,Software,Salesperson_7,North America,Germany,City_9,Won,Partner,False,498.0,34
O-101112,OPP-201112,C-3840,2023-02-03,2023-01-18,2023-02-17,2023-01-18,22484,14,103,Sales Booster,Software,Salesperson_8,Asia,India,City_5,Won,Inbound,True,1606.0,30
O-101113,OPP-201113,C-4224,2024-04-04,2024-03-16,2024-04-15,2024-03-16,24648,13,101,CRM Pro,Software,Salesperson_5,Asia,Pakistan,City_1,Won,Inbound,True,1896.0,30
O-101114,OPP-201114,C-4638,2024-12-25,2024-12-06,2025-01-10,2024-12-25,13498,17,102,Analytics Suite,Software,Salesperson_14,Asia,India,City_12,Won,Inbound,True,794.0,35
O-101115,OPP-201115,C-4923,2023-08-31,2023-08-14,2023-09-13,2023-08-14,29767,17,202,Receipt Printer,Hardware,Salesperson_14,North America,India,City_19,Won,Inbound,True,1751.0,30
O-101116,OPP-201116,C-2570,2024-07-30,2024-07-09,2024-08-01,2024-07-09,29140,20,101,CRM Pro,Software,Salesperson_4,Asia,India,City_7,Won,Outbound,False,1457.0,23
O-101117,OPP-201117,C-4979,2024-05-20,2024-05-07,2024-06-09,2024-05-20,6030,15,201,POS Terminal,Hardware,Salesperson_4,North America,Germany,City_5,Won,Outbound,False,402.0,33
O-101118,OPP-201118,C-3290,2024-01-01,2023-12-22,2024-01-04,2024-01-01,8166,6,201,POS Terminal,Hardware,Salesperson_13,North America,Pakistan,City_11,Won,Outbound,False,1361.0,13
O-101119,OPP-201119,C-1359,2023-12-16,2023-11-23,2023-12-25,2023-11-23,34105,19,102,Analytics Suite,Software,Salesperson_12,Europe,Germany,City_1,Won,Partner,False,1795.0,32
O-101120,OPP-201120,C-1826,2024-08-23,2024-08-10,2024-09-11,2024-08-23,4199,19,201,POS Terminal,Hardware,Salesperson_14,Europe,USA,City_11,Won,Inbound,True,221.0,32
O-101121,OPP-201121,C-1761,2024-03-11,2024-02-26,2024-03-22,2024-02-26,9191,13,202,Receipt Printer,Hardware,Salesperson_2,Europe,Pakistan,City_13,Won,Inbound,True,707.0,25
O-101122,OPP-201122,C-4834,2024-12-17,2024-12-01,2024-12-21,2024-12-01,17884,17,202,Receipt Printer,Hardware,Salesperson_8,North America,UK,City_15,Won,Partner,True,1052.0,20
O-101123,OPP-201123,C-1338,2024-06-25,2024-06-20,2024-07-10,2024-06-25,9690,10,101,CRM Pro,Software,Salesperson_4,Europe,Germany,City_19,Won,Inbound,True,969.0,20
O-101124,OPP-201124,C-1958,2024-02-06,2024-01-25,2024-02-23,2024-01-25,20424,12,102,Analytics Suite,Software,Salesperson_13,North America,Germany,City_16,Won,Outbound,False,1702.0,29
O-101125,OPP-201125,C-2875,2023-06-14,2023-05-30,2023-06-19,2023-05-30,11232,9,201,POS Terminal,Hardware,Salesperson_7,Europe,Pakistan,City_12,Won,Partner,True,1248.0,20
O-101126,OPP-201126,C-2046,2024-02-17,2024-01-31,2024-02-19,2024-01-31,2451,19,201,POS Terminal,Hardware,Salesperson_6,Asia,India,City_4,Won,Partner,False,129.0,19
O-101127,OPP-201127,C-3273,2024-09-17,2024-09-04,2024-09-21,2024-09-04,25398,17,102,Analytics Suite,Software,Salesperson_11,Asia,India,City_16,Won,Inbound,False,1494.0,17
O-101128,OPP-201128,C-3023,2024-04-09,2024-03-27,2024-04-27,2024-03-27,35967,19,202,Receipt Printer,Hardware,Salesperson_10,North America,Pakistan,City_9,Won,Outbound,False,1893.0,31
O-101129,OPP-201129,C-1184,2023-11-03,2023-10-09,2023-11-11,2023-10-09,15008,14,101,CRM Pro,Software,Salesperson_2,North America,Pakistan,City_15,Won,Inbound,False,1072.0,33
O-101130,OPP-201130,C-3458,2024-03-21,2024-03-08,2024-04-03,2024-03-08,4648,14,201,POS Terminal,Hardware,Salesperson_13,North America,Pakistan,City_4,Won,Partner,True,332.0,26
O-101131,OPP-201131,C-2658,2023-04-12,2023-03-16,2023-04-22,2023-03-16,4820,5,201,POS Terminal,Hardware,Salesperson_15,North America,UK,City_4,Won,Inbound,False,964.0,37
O-101132,OPP-201132,C-3249,2024-09-24,2024-08-26,2024-09-30,2024-08-26,35420,20,201,POS Terminal,Hardware,Salesperson_15,Europe,Pakistan,City_3,Won,Inbound,False,1771.0,35
O-101133,OPP-201133,C-2882,2024-03-10,2024-02-22,2024-03-11,2024-02-22,1553,1,201,POS Terminal,Hardware,Salesperson_1,Europe,UK,City_15,Won,Inbound,False,1553.0,18
O-101134,OPP-201134,C-1116,2024-07-03,2024-06-23,2024-07-18,2024-07-03,7665,15,101,CRM Pro,Software,Salesperson_14,North America,Pakistan,City_5,Won,Inbound,True,511.0,25
O-101135,OPP-201135,C-4039,2023-11-13,2023-10-17,2023-11-18,2023-10-17,5814,19,102,Analytics Suite,Software,Salesperson_3,Asia,UK,City_4,Won,Partner,False,306.0,32
O-101136,OPP-201136,C-4491,2024-06-26,2024-05-27,2024-07-05,2024-05-27,2800,14,101,CRM Pro,Software,Salesperson_12,Asia,India,City_9,Won,Partner,True,200.0,39
O-101137,OPP-201137,C-2695,2023-06-01,2023-05-06,2023-06-10,2023-05-06,4942,14,101,CRM Pro,Software,Salesperson_14,North America,India,City_9,Won,Partner,False,353.0,35
O-101138,OPP-201138,C-4509,2024-10-02,2024-09-09,2024-10-07,2024-09-09,3177,9,102,Analytics Suite,Software,Salesperson_13,Europe,UK,City_3,Won,Inbound,False,353.0,28
O-101139,OPP-201139,C-3944,2024-07-07,2024-06-24,2024-07-20,2024-06-24,13530,15,201,POS Terminal,Hardware,Salesperson_3,North America,Germany,City_9,Won,Partner,True,902.0,26
O-101140,OPP-201140,C-3762,2024-12-30,2024-12-08,2025-01-07,2024-12-30,3646,2,103,Sales Booster,Software,Salesperson_5,Europe,Pakistan,City_5,Won,Inbound,True,1823.0,30
O-101141,OPP-201141,C-3410,2024-11-01,2024-10-06,2024-11-15,2024-10-06,6148,4,202,Receipt Printer,Hardware,Salesperson_15,North America,UK,City_5,Won,Outbound,True,1537.0,40
O-101142,OPP-201142,C-2882,2024-10-05,2024-09-18,2024-10-16,2024-10-05,24765,13,101,CRM Pro,Software,Salesperson_15,Asia,UK,City_5,Won,Outbound,True,1905.0,28
O-101143,OPP-201143,C-1333,2023-05-07,2023-04-09,2023-05-22,2023-05-07,12080,20,103,Sales Booster,Software,Salesperson_3,North America,UK,City_19,Won,Partner,True,604.0,43
O-101144,OPP-201144,C-1553,2024-04-13,2024-04-04,2024-04-22,2024-04-13,6784,8,101,CRM Pro,Software,Salesperson_3,Europe,Germany,City_19,Won,Partner,False,848.0,18
O-101145,OPP-201145,C-2017,2024-08-01,2024-07-21,2024-08-18,2024-08-01,5019,3,102,Analytics Suite,Software,Salesperson_10,North America,Pakistan,City_12,Won,Partner,True,1673.0,28
O-101146,OPP-201146,C-3644,2024-07-19,2024-07-09,2024-07-26,2024-07-09,12834,9,101,CRM Pro,Software,Salesperson_12,Europe,India,City_10,Won,Inbound,False,1426.0,17
O-101147,OPP-201147,C-3659,2024-06-06,2024-05-16,2024-06-23,2024-05-16,1248,1,103,Sales Booster,Software,Salesperson_7,Asia,Germany,City_18,Won,Inbound,True,1248.0,38
O-101148,OPP-201148,C-4028,2024-11-03,2024-10-28,2024-11-12,2024-10-28,5340,15,101,CRM Pro,Software,Salesperson_3,Asia,Germany,City_16,Won,Outbound,False,356.0,15
O-101149,OPP-201149,C-1787,2024-01-16,2024-01-07,2024-01-23,2024-01-07,9115,5,202,Receipt Printer,Hardware,Salesperson_14,North America,USA,City_17,Won,Outbound,False,1823.0,16
O-101150,OPP-201150,C-2845,2024-12-12,2024-11-15,2024-12-22,2024-11-15,5236,11,201,POS Terminal,Hardware,Salesperson_1,Europe,UK,City_8,Won,Outbound,True,476.0,37
O-101151,OPP-201151,C-3059,2024-12-20,2024-12-05,2024-12-29,2024-12-05,3636,18,202,Receipt Printer,Hardware,Salesperson_2,Europe,India,City_10,Won,Inbound,True,202.0,24
O-101152,OPP-201152,C-2288,2023-05-28,2023-05-07,2023-06-06,2023-05-07,11475,9,201,POS Terminal,Hardware,Salesperson_12,North America,Pakistan,City_15,Won,Inbound,True,1275.0,30
O-101153,OPP-201153,C-2924,2023-06-10,2023-05-21,2023-06-18,2023-06-10,25948,13,101,CRM Pro,Software,Salesperson_14,Europe,Germany,City_9,Won,Inbound,False,1996.0,28
O-101154,OPP-201154,C-1175,2023-07-03,2023-06-20,2023-07-14,2023-06-20,24732,18,202,Receipt Printer,Hardware,Salesperson_2,North America,Pakistan,City_16,Won,Partner,False,1374.0,24
O-101155,OPP-201155,C-1275,2023-11-23,2023-11-01,2023-11-28,2023-11-01,3322,2,101,CRM Pro,Software,Salesperson_13,Asia,Pakistan,City_16,Won,Partner,True,1661.0,27
O-101156,OPP-201156,C-4131,2024-10-16,2024-10-07,2024-11-05,2024-10-07,4248,6,103,Sales Booster,Software,Salesperson_3,Asia,India,City_4,Won,Partner,False,708.0,29
O-101157,OPP-201157,C-1150,2023-04-16,2023-04-09,2023-05-06,2023-04-09,11900,14,201,POS Terminal,Hardware,Salesperson_5,Asia,India,City_12,Won,Inbound,True,850.0,27
O-101158,OPP-201158,C-2637,2023-08-31,2023-08-17,2023-09-20,2023-08-17,789,3,202,Receipt Printer,Hardware,Salesperson_4,Asia,USA,City_10,Won,Partner,True,263.0,34
O-101159,OPP-201159,C-3063,2023-07-17,2023-06-25,2023-07-25,2023-06-25,3145,5,102,Analytics Suite,Software,Salesperson_10,Europe,India,City_7,Won,Outbound,True,629.0,30
O-101160,OPP-201160,C-2363,2023-03-29,2023-02-28,2023-04-01,2023-02-28,12400,16,202,Receipt Printer,Hardware,Salesperson_3,Asia,India,City_18,Won,Partner,False,775.0,32
O-101161,OPP-201161,C-3104,2023-07-05,2023-06-30,2023-07-19,2023-07-05,39400,20,101,CRM Pro,Software,Salesperson_15,Europe,UK,City_11,Won,Inbound,False,1970.0,19
O-101162,OPP-201162,C-4826,2023-04-12,2023-04-02,2023-04-24,2023-04-02,16577,11,101,CRM Pro,Software,Salesperson_15,Europe,Germany,City_13,Won,Partner,False,1507.0,22
O-101163,OPP-201163,C-2521,2024-05-11,2024-04-12,2024-05-15,2024-05-11,1580,4,102,Analytics Suite,Software,Salesperson_10,North America,UK,City_11,Won,Inbound,False,395.0,33
O-101164,OPP-201164,C-1582,2024-08-05,2024-07-29,2024-08-09,2024-08-05,1631,7,102,Analytics Suite,Software,Salesperson_2,Asia,UK,City_11,Won,Outbound,True,233.0,11
O-101165,OPP-201165,C-3110,2024-06-14,2024-05-24,2024-06-20,2024-05-24,9809,17,102,Analytics Suite,Software,Salesperson_6,North America,UK,City_13,Won,Outbound,False,577.0,27
O-101166,OPP-201166,C-4538,2024-05-28,2024-05-09,2024-06-13,2024-05-09,7925,5,202,Receipt Printer,Hardware,Salesperson_13,North America,Germany,City_6,Won,Partner,True,1585.0,35
O-101167,OPP-201167,C-4471,2024-06-11,2024-05-20,2024-06-17,2024-05-20,2289,7,103,Sales Booster,Software,Salesperson_13,North America,USA,City_18,Won,Outbound,True,327.0,28
O-101168,OPP-201168,C-2059,2023-09-10,2023-08-27,2023-09-21,2023-08-27,8361,9,103,Sales Booster,Software,Salesperson_11,North America,India,City_9,Won,Inbound,False,929.0,25
O-101169,OPP-201169,C-1476,2023-04-20,2023-04-05,2023-05-02,2023-04-05,23400,12,102,Analytics Suite,Software,Salesperson_9,North America,Germany,City_8,Won,Partner,False,1950.0,27
O-101170,OPP-201170,C-3249,2024-05-17,2024-04-26,2024-05-28,2024-04-26,4270,14,102,Analytics Suite,Software,Salesperson_7,Asia,Germany,City_20,Won,Partner,True,305.0,32
O-101171,OPP-201171,C-1168,2024-11-18,2024-10-31,2024-11-21,2024-10-31,15045,15,103,Sales Booster,Software,Salesperson_15,North America,USA,City_7,Won,Inbound,False,1003.0,21
O-101172,OPP-201172,C-3861,2024-06-22,2024-05-27,2024-07-06,2024-05-27,15147,17,201,POS Terminal,Hardware,Salesperson_3,North America,India,City_8,Won,Partner,False,891.0,40
O-101173,OPP-201173,C-4624,2023-02-17,2023-02-07,2023-03-04,2023-02-07,20720,14,202,Receipt Printer,Hardware,Salesperson_6,Asia,Pakistan,City_14,Won,Inbound,True,1480.0,25
O-101174,OPP-201174,C-2744,2024-05-24,2024-04-24,2024-06-02,2024-05-24,22695,15,102,Analytics Suite,Software,Salesperson_4,North America,UK,City_13,Won,Outbound,False,1513.0,39
O-101175,OPP-201175,C-2300,2024-11-01,2024-10-17,2024-11-21,2024-10-17,26280,20,102,Analytics Suite,Software,Salesperson_11,Asia,Pakistan,City_11,Won,Partner,False,1314.0,35
O-101176,OPP-201176,C-2167,2024-02-09,2024-01-23,2024-02-10,2024-02-09,27000,15,101,CRM Pro,Software,Salesperson_3,Asia,India,City_8,Won,Outbound,True,1800.0,18
O-101177,OPP-201177,C-2893,2023-12-03,2023-11-25,2023-12-08,2023-12-03,29070,19,202,Receipt Printer,Hardware,Salesperson_3,Asia,Pakistan,City_6,Won,Outbound,True,1530.0,13
O-101178,OPP-201178,C-2386,2024-06-08,2024-05-17,2024-06-19,2024-05-17,12628,14,202,Receipt Printer,Hardware,Salesperson_1,North America,Germany,City_8,Won,Inbound,True,902.0,33
O-101179,OPP-201179,C-1199,2023-06-08,2023-06-02,2023-06-27,2023-06-02,13343,11,102,Analytics Suite,Software,Salesperson_14,Asia,Germany,City_19,Won,Outbound,True,1213.0,25
O-101180,OPP-201180,C-2359,2024-02-07,2024-01-26,2024-02-20,2024-02-07,676,1,201,POS Terminal,Hardware,Salesperson_15,Europe,USA,City_9,Won,Inbound,False,676.0,25
O-101181,OPP-201181,C-1244,2023-10-11,2023-09-22,2023-10-21,2023-09-22,8970,15,201,POS Terminal,Hardware,Salesperson_8,Asia,Pakistan,City_6,Won,Outbound,False,598.0,29
O-101182,OPP-201182,C-1622,2024-01-09,2023-12-31,2024-01-27,2023-12-31,14592,12,103,Sales Booster,Software,Salesperson_13,Asia,USA,City_15,Won,Inbound,False,1216.0,27
O-101183,OPP-201183,C-4270,2024-05-29,2024-05-23,2024-05-30,2024-05-23,11844,7,103,Sales Booster,Software,Salesperson_8,Europe,Pakistan,City_13,Won,Partner,False,1692.0,7
O-101184,OPP-201184,C-4993,2023-11-11,2023-11-06,2023-12-01,2023-11-06,2854,2,201,POS Terminal,Hardware,Salesperson_12,Europe,Pakistan,City_6,Won,Outbound,True,1427.0,25
O-101185,OPP-201185,C-2075,2024-08-02,2024-07-18,2024-08-18,2024-07-18,19590,10,201,POS Terminal,Hardware,Salesperson_6,North America,India,City_11,Won,Inbound,False,1959.0,31
O-101186,OPP-201186,C-3040,2024-08-24,2024-08-17,2024-09-03,2024-08-24,1275,1,201,POS Terminal,Hardware,Salesperson_7,Asia,USA,City_7,Won,Inbound,True,1275.0,17
O-101187,OPP-201187,C-2626,2024-11-05,2024-10-16,2024-11-23,2024-11-05,1172,4,103,Sales Booster,Software,Salesperson_8,Europe,India,City_7,Won,Inbound,True,293.0,38
O-101188,OPP-201188,C-1962,2023-03-01,2023-02-03,2023-03-07,2023-03-01,24661,13,101,CRM Pro,Software,Salesperson_9,Europe,Pakistan,City_9,Won,Partner,True,1897.0,32
O-101189,OPP-201189,C-1543,2024-05-05,2024-04-14,2024-05-14,2024-05-05,8864,16,201,POS Terminal,Hardware,Salesperson_9,Europe,USA,City_12,Won,Outbound,False,554.0,30
O-101190,OPP-201190,C-1115,2023-12-19,2023-11-28,2024-01-02,2023-12-19,6864,16,101,CRM Pro,Software,Salesperson_15,Asia,Germany,City_16,Won,Outbound,False,429.0,35
O-101191,OPP-201191,C-1883,2024-10-27,2024-10-20,2024-11-11,2024-10-27,7056,12,101,CRM Pro,Software,Salesperson_13,Asia,Germany,City_1,Won,Inbound,True,588.0,22
O-101192,OPP-201192,C-3712,2023-07-10,2023-07-05,2023-07-15,2023-07-05,19635,11,202,Receipt Printer,Hardware,Salesperson_12,Europe,India,City_9,Won,Partner,True,1785.0,10
O-101193,OPP-201193,C-4985,2023-05-01,2023-04-02,2023-05-18,2023-04-02,6138,11,201,POS Terminal,Hardware,Salesperson_1,Europe,USA,City_18,Won,Inbound,True,558.0,46
O-101194,OPP-201194,C-4603,2023-05-13,2023-04-15,2023-05-23,2023-05-13,1290,5,201,POS Terminal,Hardware,Salesperson_3,North America,Pakistan,City_1,Won,Inbound,True,258.0,38
O-101195,OPP-201195,C-2852,2024-12-16,2024-11-27,2024-12-17,2024-11-27,27160,20,103,Sales Booster,Software,Salesperson_11,Asia,USA,City_17,Won,Partner,False,1358.0,20
O-101196,OPP-201196,C-3165,2024-11-15,2024-10-26,2024-11-29,2024-11-15,10674,9,101,CRM Pro,Software,Salesperson_10,Asia,USA,City_14,Won,Inbound,False,1186.0,34
O-101197,OPP-201197,C-3067,2024-09-21,2024-08-30,2024-10-11,2024-08-30,14865,15,102,Analytics Suite,Software,Salesperson_5,Europe,USA,City_10,Won,Partner,False,991.0,42
O-101198,OPP-201198,C-3793,2024-05-21,2024-05-08,2024-05-31,2024-05-21,25100,20,101,CRM Pro,Software,Salesperson_15,North America,Germany,City_2,Won,Outbound,True,1255.0,23
O-101199,OPP-201199,C-3114,2024-05-21,2024-04-23,2024-05-23,2024-04-23,8145,5,103,Sales Booster,Software,Salesperson_5,North America,Pakistan,City_7,Won,Inbound,False,1629.0,30
O-101200,OPP-201200,C-2795,2024-09-04,2024-08-23,2024-09-20,2024-08-23,24380,20,101,CRM Pro,Software,Salesperson_3,North America,Pakistan,City_16,Won,Inbound,False,1219.0,28
O-101201,OPP-201201,C-4372,2023-03-31,2023-03-09,2023-04-09,2023-03-09,2478,7,102,Analytics Suite,Software,Salesperson_15,Asia,Germany,City_17,Won,Inbound,True,354.0,31
O-101202,OPP-201202,C-2825,2024-10-26,2024-10-10,2024-11-15,2024-10-10,13944,8,103,Sales Booster,Software,Salesperson_4,Europe,India,City_12,Won,Partner,False,1743.0,36
O-101203,OPP-201203,C-4138,2024-07-19,2024-07-12,2024-08-06,2024-07-12,13216,8,202,Receipt Printer,Hardware,Salesperson_2,North America,USA,City_6,Won,Outbound,True,1652.0,25
O-101204,OPP-201204,C-2882,2023-06-12,2023-05-13,2023-06-23,2023-05-13,24585,15,101,CRM Pro,Software,Salesperson_13,North America,Pakistan,City_4,Won,Inbound,False,1639.0,41
O-101205,OPP-201205,C-4510,2023-10-26,2023-10-16,2023-10-29,2023-10-16,7548,6,103,Sales Booster,Software,Salesperson_5,North America,India,City_13,Won,Outbound,True,1258.0,13
O-101206,OPP-201206,C-3238,2024-04-01,2024-03-08,2024-04-07,2024-03-08,10716,12,101,CRM Pro,Software,Salesperson_4,North America,UK,City_11,Won,Partner,True,893.0,30
O-101207,OPP-201207,C-1922,2024-08-17,2024-08-09,2024-08-18,2024-08-09,5599,11,201,POS Terminal,Hardware,Salesperson_13,Europe,Pakistan,City_13,Won,Inbound,True,509.0,9
O-101208,OPP-201208,C-3059,2024-06-25,2024-06-03,2024-07-14,2024-06-03,2312,2,201,POS Terminal,Hardware,Salesperson_5,Asia,USA,City_1,Won,Outbound,False,1156.0,41
O-101209,OPP-201209,C-4458,2024-06-07,2024-05-14,2024-06-23,2024-05-14,8721,19,202,Receipt Printer,Hardware,Salesperson_14,Europe,Germany,City_17,Won,Outbound,False,459.0,40
O-101210,OPP-201210,C-4760,2023-02-13,2023-01-24,2023-03-03,2023-01-24,26163,17,201,POS Terminal,Hardware,Salesperson_7,North America,Germany,City_18,Won,Outbound,True,1539.0,38
O-101211,OPP-201211,C-3239,2023-07-21,2023-07-11,2023-07-29,2023-07-11,8530,10,101,CRM Pro,Software,Salesperson_8,Europe,UK,City_12,Won,Inbound,False,853.0,18
O-101212,OPP-201212,C-4334,2024-05-23,2024-04-26,2024-06-04,2024-05-23,8701,11,201,POS Terminal,Hardware,Salesperson_4,Asia,India,City_15,Won,Inbound,True,791.0,39
O-101213,OPP-201213,C-2399,2023-04-02,2023-03-25,2023-04-13,2023-03-25,26880,15,101,CRM Pro,Software,Salesperson_10,Asia,Pakistan,City_12,Won,Partner,True,1792.0,19
O-101214,OPP-201214,C-2913,2023-07-31,2023-07-08,2023-08-07,2023-07-31,585,3,103,Sales Booster,Software,Salesperson_2,Asia,Pakistan,City_14,Won,Partner,True,195.0,30
O-101215,OPP-201215,C-2983,2024-03-20,2024-02-20,2024-03-24,2024-02-20,972,9,201,POS Terminal,Hardware,Salesperson_11,North America,UK,City_6,Won,Inbound,True,108.0,33
O-101216,OPP-201216,C-1953,2023-01-28,2023-01-10,2023-02-13,2023-01-10,7308,6,201,POS Terminal,Hardware,Salesperson_2,Europe,Germany,City_17,Won,Partner,False,1218.0,34
O-101217,OPP-201217,C-3666,2024-10-25,2024-10-18,2024-10-26,2024-10-18,30457,19,202,Receipt Printer,Hardware,Salesperson_13,North America,India,City_11,Won,Partner,False,1603.0,8
O-101218,OPP-201218,C-4560,2024-04-18,2024-03-29,2024-05-01,2024-03-29,576,2,202,Receipt Printer,Hardware,Salesperson_1,Asia,UK,City_9,Won,Partner,False,288.0,33
O-101219,OPP-201219,C-2000,2023-01-22,2023-01-12,2023-01-25,2023-01-12,8695,5,102,Analytics Suite,Software,Salesperson_12,Europe,UK,City_20,Won,Partner,True,1739.0,13
O-101220,OPP-201220,C-2866,2023-05-22,2023-04-25,2023-05-24,2023-05-22,9924,6,102,Analytics Suite,Software,Salesperson_1,Asia,Germany,City_6,Won,Partner,True,1654.0,29
O-101221,OPP-201221,C-3099,2024-10-23,2024-09-24,2024-10-24,2024-09-24,15360,10,202,Receipt Printer,Hardware,Salesperson_9,Asia,UK,City_15,Won,Inbound,True,1536.0,30
O-101222,OPP-201222,C-4105,2024-04-19,2024-04-14,2024-05-08,2024-04-19,4576,13,103,Sales Booster,Software,Salesperson_13,North America,UK,City_7,Won,Outbound,False,352.0,24
O-101223,OPP-201223,C-3420,2024-02-25,2024-02-17,2024-02-26,2024-02-17,18354,19,102,Analytics Suite,Software,Salesperson_1,Asia,Germany,City_6,Won,Inbound,True,966.0,9
O-101224,OPP-201224,C-3607,2024-11-14,2024-11-09,2024-12-01,2024-11-09,3304,2,101,CRM Pro,Software,Salesperson_11,Europe,India,City_4,Won,Partner,True,1652.0,22
O-101225,OPP-201225,C-1376,2023-07-04,2023-06-11,2023-07-13,2023-07-04,17520,10,201,POS Terminal,Hardware,Salesperson_1,North America,Germany,City_6,Won,Partner,False,1752.0,32
O-101226,OPP-201226,C-4877,2024-08-15,2024-08-08,2024-08-16,2024-08-15,1290,3,101,CRM Pro,Software,Salesperson_15,Asia,USA,City_10,Won,Inbound,False,430.0,8
O-101227,OPP-201227,C-4458,2023-09-16,2023-09-08,2023-10-05,2023-09-08,3703,7,201,POS Terminal,Hardware,Salesperson_1,Europe,USA,City_2,Won,Partner,False,529.0,27
O-101228,OPP-201228,C-4956,2024-12-24,2024-12-07,2024-12-25,2024-12-07,15538,17,102,Analytics Suite,Software,Salesperson_13,North America,Germany,City_19,Won,Partner,False,914.0,18
O-101229,OPP-201229,C-1158,2023-08-03,2023-07-29,2023-08-15,2023-08-03,1832,4,102,Analytics Suite,Software,Salesperson_8,Asia,USA,City_18,Won,Outbound,True,458.0,17
O-101230,OPP-201230,C-1601,2023-01-27,2023-01-08,2023-02-01,2023-01-08,19848,12,103,Sales Booster,Software,Salesperson_1,Europe,India,City_11,Won,Inbound,False,1654.0,24
O-101231,OPP-201231,C-4029,2024-12-20,2024-11-29,2024-12-26,2024-11-29,796,2,102,Analytics Suite,Software,Salesperson_12,Europe,USA,City_12,Won,Partner,False,398.0,27
O-101232,OPP-201232,C-4731,2023-11-23,2023-11-05,2023-12-02,2023-11-05,7260,10,201,POS Terminal,Hardware,Salesperson_12,Europe,Germany,City_18,Won,Partner,True,726.0,27
O-101233,OPP-201233,C-4171,2024-01-10,2024-01-05,2024-01-23,2024-01-05,21300,12,102,Analytics Suite,Software,Salesperson_14,Europe,India,City_8,Won,Inbound,True,1775.0,18
O-101234,OPP-201234,C-2905,2024-09-02,2024-08-19,2024-09-07,2024-08-19,3328,4,101,CRM Pro,Software,Salesperson_12,North America,India,City_14,Won,Outbound,False,832.0,19
O-101235,OPP-201235,C-4058,2023-01-23,2023-01-06,2023-01-26,2023-01-06,11076,13,201,POS Terminal,Hardware,Salesperson_15,Asia,Pakistan,City_15,Won,Partner,True,852.0,20
O-101236,OPP-201236,C-3672,2024-02-01,2024-01-22,2024-02-20,2024-01-22,2652,13,201,POS Terminal,Hardware,Salesperson_10,Asia,Germany,City_8,Won,Outbound,True,204.0,29
O-101237,OPP-201237,C-3175,2024-06-17,2024-05-26,2024-07-01,2024-06-17,6112,8,202,Receipt Printer,Hardware,Salesperson_1,Asia,USA,City_11,Won,Inbound,False,764.0,36
O-101238,OPP-201238,C-1392,2024-09-19,2024-08-22,2024-09-26,2024-08-22,9171,9,101,CRM Pro,Software,Salesperson_2,Europe,Germany,City_20,Won,Outbound,True,1019.0,35
O-101239,OPP-201239,C-1420,2024-12-19,2024-11-24,2024-12-30,2024-11-24,1332,2,201,POS Terminal,Hardware,Salesperson_15,Europe,UK,City_12,Won,Partner,False,666.0,36
O-101240,OPP-201240,C-3800,2023-10-18,2023-09-23,2023-10-20,2023-09-23,3784,11,101,CRM Pro,Software,Salesperson_11,North America,India,City_16,Won,Inbound,False,344.0,27
O-101241,OPP-201241,C-1171,2023-09-17,2023-09-08,2023-10-04,2023-09-08,28160,16,102,Analytics Suite,Software,Salesperson_3,Asia,UK,City_13,Won,Inbound,False,1760.0,26
O-101242,OPP-201242,C-3435,2024-07-29,2024-06-29,2024-07-31,2024-06-29,901,1,101,CRM Pro,Software,Salesperson_9,North America,USA,City_9,Won,Inbound,True,901.0,32
O-101243,OPP-201243,C-1801,2023-06-27,2023-06-21,2023-07-13,2023-06-27,10557,17,201,POS Terminal,Hardware,Salesperson_7,North America,Germany,City_18,Won,Inbound,True,621.0,22
O-101244,OPP-201244,C-1723,2023-10-26,2023-10-06,2023-11-15,2023-10-26,26528,16,201,POS Terminal,Hardware,Salesperson_9,Europe,USA,City_10,Won,Partner,False,1658.0,40
O-101245,OPP-201245,C-1373,2024-11-07,2024-10-30,2024-11-18,2024-10-30,1040,2,101,CRM Pro,Software,Salesperson_10,Europe,India,City_15,Won,Partner,False,520.0,19
O-101246,OPP-201246,C-2567,2024-12-16,2024-11-23,2025-01-02,2024-11-23,12344,8,101,CRM Pro,Software,Salesperson_5,Asia,UK,City_13,Won,Inbound,True,1543.0,40
O-101247,OPP-201247,C-2965,2023-02-21,2023-01-25,2023-03-10,2023-02-21,6440,4,102,Analytics Suite,Software,Salesperson_13,Europe,USA,City_7,Won,Partner,False,1610.0,44
O-101248,OPP-201248,C-4802,2024-11-07,2024-10-08,2024-11-21,2024-10-08,8435,5,102,Analytics Suite,Software,Salesperson_7,Asia,UK,City_11,Won,Outbound,True,1687.0,44
O-101249,OPP-201249,C-1361,2024-08-17,2024-07-18,2024-08-18,2024-07-18,4452,6,103,Sales Booster,Software,Salesperson_9,Europe,Germany,City_11,Won,Inbound,True,742.0,31
O-101250,OPP-201250,C-1327,2024-09-07,2024-08-23,2024-09-24,2024-08-23,1206,2,101,CRM Pro,Software,Salesperson_15,Europe,USA,City_20,Won,Inbound,False,603.0,32
O-101251,OPP-201251,C-3550,2023-03-26,2023-03-17,2023-04-07,2023-03-17,17017,17,101,CRM Pro,Software,Salesperson_2,Europe,UK,City_16,Won,Partner,False,1001.0,21
O-101252,OPP-201252,C-4356,2023-03-08,2023-02-15,2023-03-27,2023-03-08,6985,5,103,Sales Booster,Software,Salesperson_2,North America,UK,City_17,Won,Partner,False,1397.0,40
O-101253,OPP-201253,C-3246,2023-05-11,2023-04-14,2023-05-13,2023-04-14,32452,19,101,CRM Pro,Software,Salesperson_7,North America,UK,City_8,Won,Inbound,True,1708.0,29
O-101254,OPP-201254,C-1218,2024-07-15,2024-06-22,2024-07-18,2024-07-15,10965,15,102,Analytics Suite,Software,Salesperson_11,North America,USA,City_19,Won,Inbound,True,731.0,26
O-101255,OPP-201255,C-4396,2023-11-25,2023-11-09,2023-12-09,2023-11-09,14553,11,103,Sales Booster,Software,Salesperson_1,Asia,UK,City_17,Won,Inbound,False,1323.0,30
O-101256,OPP-201256,C-4960,2023-02-02,2023-01-22,2023-02-19,2023-01-22,3720,20,202,Receipt Printer,Hardware,Salesperson_6,Europe,USA,City_1,Won,Outbound,True,186.0,28
O-101257,OPP-201257,C-4383,2023-01-07,2022-12-28,2023-01-17,2023-01-07,10320,8,102,Analytics Suite,Software,Salesperson_12,North America,India,City_8,Won,Inbound,True,1290.0,20
O-101258,OPP-201258,C-2957,2024-06-02,2024-05-06,2024-06-10,2024-05-06,30400,16,102,Analytics Suite,Software,Salesperson_7,North America,Germany,City_5,Won,Partner,True,1900.0,35
O-101259,OPP-201259,C-1727,2024-11-30,2024-11-18,2024-12-11,2024-11-18,2754,9,101,CRM Pro,Software,Salesperson_12,North America,UK,City_20,Won,Inbound,False,306.0,23
O-101260,OPP-201260,C-4665,2024-03-30,2024-03-03,2024-04-13,2024-03-03,1931,1,103,Sales Booster,Software,Salesperson_10,Europe,UK,City_20,Won,Outbound,False,1931.0,41
O-101261,OPP-201261,C-4277,2023-02-25,2023-01-27,2023-02-26,2023-01-27,22688,16,101,CRM Pro,Software,Salesperson_2,North America,USA,City_10,Won,Inbound,True,1418.0,30
O-101262,OPP-201262,C-2514,2023-04-07,2023-03-13,2023-04-23,2023-03-13,9849,7,201,POS Terminal,Hardware,Salesperson_3,Europe,USA,City_1,Won,Outbound,False,1407.0,41
O-101263,OPP-201263,C-4673,2024-07-03,2024-06-21,2024-07-14,2024-07-03,3440,5,201,POS Terminal,Hardware,Salesperson_10,Europe,India,City_20,Won,Partner,True,688.0,23
O-101264,OPP-201264,C-1349,2023-03-31,2023-03-22,2023-04-13,2023-03-31,16596,18,102,Analytics Suite,Software,Salesperson_9,North America,India,City_10,Won,Inbound,False,922.0,22
O-101265,OPP-201265,C-4512,2024-09-25,2024-09-14,2024-10-02,2024-09-14,7480,4,202,Receipt Printer,Hardware,Salesperson_10,North America,India,City_2,Won,Inbound,False,1870.0,18
O-101266,OPP-201266,C-4285,2023-10-13,2023-09-17,2023-10-20,2023-09-17,3852,2,103,Sales Booster,Software,Salesperson_13,Asia,UK,City_20,Won,Inbound,False,1926.0,33
O-101267,OPP-201267,C-3866,2023-10-23,2023-09-29,2023-11-08,2023-09-29,28917,17,102,Analytics Suite,Software,Salesperson_2,North America,Germany,City_20,Won,Outbound,False,1701.0,40
O-101268,OPP-201268,C-1681,2023-02-04,2023-01-27,2023-02-22,2023-02-04,4102,14,102,Analytics Suite,Software,Salesperson_3,North America,India,City_11,Won,Outbound,True,293.0,26
O-101269,OPP-201269,C-3311,2024-01-02,2023-12-14,2024-01-20,2023-12-14,5600,14,201,POS Terminal,Hardware,Salesperson_11,Asia,India,City_3,Won,Partner,False,400.0,37
O-101270,OPP-201270,C-2922,2024-10-02,2024-09-11,2024-10-11,2024-10-02,2352,7,102,Analytics Suite,Software,Salesperson_15,Asia,Pakistan,City_9,Won,Inbound,True,336.0,30
O-101271,OPP-201271,C-4385,2024-01-09,2023-12-22,2024-01-22,2023-12-22,23579,19,201,POS Terminal,Hardware,Salesperson_10,North America,USA,City_16,Won,Partner,True,1241.0,31
O-101272,OPP-201272,C-1084,2023-05-14,2023-04-20,2023-05-19,2023-05-14,11961,9,202,Receipt Printer,Hardware,Salesperson_4,Europe,Germany,City_13,Won,Partner,True,1329.0,29
O-101273,OPP-201273,C-3525,2024-08-16,2024-07-28,2024-09-02,2024-08-16,1548,3,202,Receipt Printer,Hardware,Salesperson_2,North America,Pakistan,City_10,Won,Inbound,False,516.0,36
O-101274,OPP-201274,C-3258,2024-04-06,2024-03-31,2024-04-17,2024-04-06,8368,8,101,CRM Pro,Software,Salesperson_6,Europe,Germany,City_18,Won,Inbound,False,1046.0,17
O-101275,OPP-201275,C-2944,2023-03-01,2023-02-21,2023-03-04,2023-02-21,13676,13,101,CRM Pro,Software,Salesperson_11,Europe,UK,City_6,Won,Partner,True,1052.0,11
O-101276,OPP-201276,C-3757,2023-02-08,2023-02-02,2023-02-12,2023-02-02,6647,17,202,Receipt Printer,Hardware,Salesperson_13,Europe,USA,City_11,Won,Outbound,True,391.0,10
O-101277,OPP-201277,C-4414,2023-06-06,2023-05-10,2023-06-20,2023-06-06,23307,17,201,POS Terminal,Hardware,Salesperson_3,North America,USA,City_17,Won,Partner,False,1371.0,41
O-101278,OPP-201278,C-3601,2023-06-24,2023-06-05,2023-07-07,2023-06-24,3492,18,102,Analytics Suite,Software,Salesperson_14,Asia,Pakistan,City_1,Won,Inbound,True,194.0,32
O-101279,OPP-201279,C-4646,2023-10-01,2023-09-07,2023-10-20,2023-10-01,20757,11,202,Receipt Printer,Hardware,Salesperson_6,North America,Germany,City_1,Won,Partner,False,1887.0,43
O-101280,OPP-201280,C-2118,2024-05-11,2024-05-06,2024-05-30,2024-05-06,17496,9,101,CRM Pro,Software,Salesperson_6,Asia,Germany,City_1,Won,Outbound,False,1944.0,24
O-101281,OPP-201281,C-2897,2024-11-22,2024-10-26,2024-12-09,2024-10-26,1860,2,201,POS Terminal,Hardware,Salesperson_14,Asia,USA,City_13,Won,Partner,False,930.0,44
O-101282,OPP-201282,C-1407,2024-11-06,2024-11-01,2024-11-19,2024-11-01,3008,4,202,Receipt Printer,Hardware,Salesperson_14,Asia,USA,City_12,Won,Outbound,True,752.0,18
O-101283,OPP-201283,C-2480,2024-04-28,2024-04-20,2024-05-14,2024-04-28,15143,19,102,Analytics Suite,Software,Salesperson_5,Asia,Pakistan,City_10,Won,Partner,True,797.0,24
O-101284,OPP-201284,C-1868,2024-11-23,2024-11-07,2024-11-26,2024-11-07,16996,14,102,Analytics Suite,Software,Salesperson_15,Europe,Germany,City_18,Won,Inbound,False,1214.0,19
O-101285,OPP-201285,C-4945,2024-04-29,2024-04-01,2024-05-01,2024-04-01,21476,14,201,POS Terminal,Hardware,Salesperson_13,Europe,India,City_1,Won,Inbound,True,1534.0,30
O-101286,OPP-201286,C-2366,2024-06-15,2024-06-06,2024-06-26,2024-06-06,760,5,101,CRM Pro,Software,Salesperson_2,North America,UK,City_6,Won,Inbound,True,152.0,20
O-101287,OPP-201287,C-3952,2024-04-29,2024-04-19,2024-05-10,2024-04-19,16100,14,103,Sales Booster,Software,Salesperson_7,Europe,UK,City_1,Won,Partner,True,1150.0,21
O-101288,OPP-201288,C-4681,2023-10-17,2023-09-25,2023-10-20,2023-09-25,4608,6,201,POS Terminal,Hardware,Salesperson_14,North America,USA,City_6,Won,Partner,False,768.0,25
O-101289,OPP-201289,C-1396,2024-11-20,2024-11-08,2024-11-26,2024-11-08,318,1,102,Analytics Suite,Software,Salesperson_1,Europe,India,City_14,Won,Outbound,True,318.0,18
O-101290,OPP-201290,C-3341,2023-02-16,2023-02-10,2023-03-04,2023-02-10,4318,17,202,Receipt Printer,Hardware,Salesperson_4,Asia,Pakistan,City_12,Won,Outbound,False,254.0,22
O-101291,OPP-201291,C-3264,2024-01-15,2024-01-09,2024-01-17,2024-01-09,7170,10,103,Sales Booster,Software,Salesperson_4,Europe,India,City_13,Won,Outbound,False,717.0,8
O-101292,OPP-201292,C-4396,2024-09-24,2024-09-11,2024-09-26,2024-09-11,18811,13,102,Analytics Suite,Software,Salesperson_6,Asia,Germany,City_3,Won,Partner,False,1447.0,15
O-101293,OPP-201293,C-4679,2024-10-11,2024-09-18,2024-10-18,2024-09-18,14490,18,201,POS Terminal,Hardware,Salesperson_7,North America,Germany,City_14,Won,Partner,False,805.0,30
O-101294,OPP-201294,C-3823,2023-10-21,2023-09-25,2023-10-29,2023-09-25,11640,8,202,Receipt Printer,Hardware,Salesperson_3,Asia,UK,City_4,Won,Outbound,False,1455.0,34
O-101295,OPP-201295,C-3999,2023-05-29,2023-05-10,2023-05-30,2023-05-10,5688,8,202,Receipt Printer,Hardware,Salesperson_10,Europe,USA,City_12,Won,Partner,False,711.0,20
O-101296,OPP-201296,C-3526,2023-12-31,2023-12-05,2024-01-18,2023-12-05,27480,15,101,CRM Pro,Software,Salesperson_11,Asia,Germany,City_5,Won,Outbound,False,1832.0,44
O-101297,OPP-201297,C-1894,2024-01-24,2024-01-02,2024-01-27,2024-01-02,6035,5,102,Analytics Suite,Software,Salesperson_13,North America,Germany,City_12,Won,Partner,False,1207.0,25
O-101298,OPP-201298,C-3011,2024-11-30,2024-11-02,2024-12-09,2024-11-02,3262,14,202,Receipt Printer,Hardware,Salesperson_5,Asia,Germany,City_17,Won,Partner,False,233.0,37
O-101299,OPP-201299,C-3438,2024-02-03,2024-01-10,2024-02-21,2024-01-10,882,6,102,Analytics Suite,Software,Salesperson_7,North America,Germany,City_8,Won,Partner,True,147.0,42
O-101300,OPP-201300,C-1507,2023-08-24,2023-08-15,2023-09-06,2023-08-15,35283,19,102,Analytics Suite,Software,Salesperson_9,Europe,Germany,City_6,Won,Outbound,False,1857.0,22
O-101301,OPP-201301,C-3215,2023-03-05,2023-02-10,2023-03-24,2023-02-10,6162,6,102,Analytics Suite,Software,Salesperson_7,Europe,UK,City_19,Won,Partner,False,1027.0,42
O-101302,OPP-201302,C-3481,2024-12-09,2024-12-03,2024-12-12,2024-12-03,1301,1,202,Receipt Printer,Hardware,Salesperson_6,North America,Germany,City_3,Won,Inbound,True,1301.0,9
O-101303,OPP-201303,C-1336,2024-01-19,2024-01-09,2024-02-05,2024-01-09,3900,15,102,Analytics Suite,Software,Salesperson_14,Europe,India,City_5,Won,Outbound,False,260.0,27
O-101304,OPP-201304,C-4970,2023-02-01,2023-01-06,2023-02-02,2023-01-06,8685,15,102,Analytics Suite,Software,Salesperson_14,Asia,Germany,City_15,Won,Partner,False,579.0,27
O-101305,OPP-201305,C-2781,2024-08-20,2024-08-03,2024-08-25,2024-08-03,20267,13,202,Receipt Printer,Hardware,Salesperson_11,Europe,UK,City_2,Won,Partner,True,1559.0,22
O-101306,OPP-201306,C-1533,2024-01-05,2023-12-25,2024-01-23,2023-12-25,17712,18,101,CRM Pro,Software,Salesperson_1,Europe,USA,City_9,Won,Inbound,False,984.0,29
O-101307,OPP-201307,C-2941,2024-09-28,2024-08-30,2024-10-12,2024-09-28,1904,2,201,POS Terminal,Hardware,Salesperson_7,Asia,USA,City_1,Won,Inbound,True,952.0,43
O-101308,OPP-201308,C-1292,2023-08-21,2023-08-04,2023-09-10,2023-08-04,3356,4,202,Receipt Printer,Hardware,Salesperson_4,Europe,Germany,City_6,Won,Inbound,False,839.0,37
O-101309,OPP-201309,C-4600,2023-10-03,2023-09-12,2023-10-11,2023-10-03,9664,16,202,Receipt Printer,Hardware,Salesperson_10,Asia,India,City_8,Won,Outbound,True,604.0,29
O-101310,OPP-201310,C-2183,2024-11-21,2024-10-27,2024-12-03,2024-11-21,10166,13,102,Analytics Suite,Software,Salesperson_14,Europe,India,City_4,Won,Partner,True,782.0,37
O-101311,OPP-201311,C-2278,2024-10-11,2024-09-19,2024-10-15,2024-09-19,8260,5,101,CRM Pro,Software,Salesperson_9,North America,UK,City_9,Won,Outbound,True,1652.0,26
O-101312,OPP-201312,C-3055,2023-06-20,2023-06-14,2023-07-05,2023-06-14,9760,10,101,CRM Pro,Software,Salesperson_9,Europe,Germany,City_19,Won,Outbound,True,976.0,21
O-101313,OPP-201313,C-1910,2023-11-11,2023-10-21,2023-11-17,2023-10-21,7320,15,201,POS Terminal,Hardware,Salesperson_5,Europe,USA,City_13,Won,Inbound,False,488.0,27
O-101314,OPP-201314,C-1686,2023-03-24,2023-03-05,2023-04-07,2023-03-05,1776,8,102,Analytics Suite,Software,Salesperson_1,Europe,Pakistan,City_17,Won,Outbound,False,222.0,33
O-101315,OPP-201315,C-2419,2023-10-10,2023-10-04,2023-10-20,2023-10-04,13566,19,103,Sales Booster,Software,Salesperson_14,North America,India,City_1,Won,Partner,True,714.0,16
O-101316,OPP-201316,C-4177,2024-11-16,2024-11-07,2024-11-26,2024-11-07,1654,1,102,Analytics Suite,Software,Salesperson_7,Europe,Germany,City_17,Won,Inbound,True,1654.0,19
O-101317,OPP-201317,C-2404,2024-05-15,2024-04-15,2024-05-28,2024-04-15,18700,11,202,Receipt Printer,Hardware,Salesperson_12,Asia,UK,City_17,Won,Partner,True,1700.0,43
O-101318,OPP-201318,C-3681,2023-06-06,2023-05-28,2023-06-20,2023-05-28,10524,12,102,Analytics Suite,Software,Salesperson_10,Asia,Pakistan,City_14,Won,Inbound,True,877.0,23
O-101319,OPP-201319,C-2648,2024-06-21,2024-05-28,2024-06-22,2024-05-28,11151,9,201,POS Terminal,Hardware,Salesperson_14,North America,USA,City_4,Won,Inbound,False,1239.0,25
O-101320,OPP-201320,C-4751,2024-01-21,2024-01-10,2024-01-24,2024-01-10,15888,12,103,Sales Booster,Software,Salesperson_12,Europe,UK,City_12,Won,Partner,True,1324.0,14
O-101321,OPP-201321,C-2163,2023-11-26,2023-10-30,2023-12-08,2023-11-26,11385,11,201,POS Terminal,Hardware,Salesperson_13,North America,Pakistan,City_12,Won,Partner,False,1035.0,39
O-101322,OPP-201322,C-2332,2023-01-23,2023-01-15,2023-02-05,2023-01-15,1236,2,102,Analytics Suite,Software,Salesperson_9,Asia,UK,City_18,Won,Inbound,True,618.0,21
O-101323,OPP-201323,C-3917,2023-12-24,2023-11-30,2024-01-02,2023-11-30,2640,12,201,POS Terminal,Hardware,Salesperson_5,Europe,USA,City_9,Won,Outbound,True,220.0,33
O-101324,OPP-201324,C-4903,2024-09-28,2024-09-08,2024-10-01,2024-09-08,12834,18,102,Analytics Suite,Software,Salesperson_12,Asia,UK,City_19,Won,Outbound,True,713.0,23
O-101325,OPP-201325,C-1841,2024-06-01,2024-05-05,2024-06-19,2024-05-05,2230,2,103,Sales Booster,Software,Salesperson_14,Asia,Germany,City_10,Won,Outbound,True,1115.0,45
O-101326,OPP-201326,C-1295,2024-01-16,2023-12-24,2024-01-18,2024-01-16,8076,6,101,CRM Pro,Software,Salesperson_8,Asia,India,City_10,Won,Outbound,True,1346.0,25
O-101327,OPP-201327,C-4353,2023-03-06,2023-02-07,2023-03-20,2023-02-07,2070,18,101,CRM Pro,Software,Salesperson_9,North America,USA,City_10,Won,Partner,True,115.0,41
O-101328,OPP-201328,C-2049,2023-07-09,2023-06-13,2023-07-20,2023-07-09,13416,8,103,Sales Booster,Software,Salesperson_7,North America,UK,City_9,Won,Outbound,True,1677.0,37
O-101329,OPP-201329,C-4892,2023-02-27,2023-02-10,2023-03-04,2023-02-10,18824,13,102,Analytics Suite,Software,Salesperson_6,Asia,UK,City_20,Won,Inbound,False,1448.0,22
O-101330,OPP-201330,C-4183,2024-04-25,2024-04-09,2024-04-26,2024-04-25,3330,3,102,Analytics Suite,Software,Salesperson_6,North America,India,City_17,Won,Outbound,False,1110.0,17
O-101331,OPP-201331,C-3153,2023-09-27,2023-09-18,2023-10-09,2023-09-18,3402,3,102,Analytics Suite,Software,Salesperson_10,North America,UK,City_12,Won,Inbound,True,1134.0,21
O-101332,OPP-201332,C-3892,2024-04-08,2024-03-24,2024-04-28,2024-03-24,7765,5,202,Receipt Printer,Hardware,Salesperson_7,Europe,Germany,City_9,Won,Partner,True,1553.0,35
O-101333,OPP-201333,C-3609,2024-08-30,2024-08-03,2024-09-01,2024-08-03,12298,11,201,POS Terminal,Hardware,Salesperson_3,Europe,UK,City_19,Won,Inbound,False,1118.0,29
O-101334,OPP-201334,C-2077,2023-03-30,2023-03-18,2023-04-04,2023-03-18,2820,20,201,POS Terminal,Hardware,Salesperson_3,Europe,Germany,City_15,Won,Inbound,True,141.0,17
O-101335,OPP-201335,C-3807,2024-02-07,2024-01-09,2024-02-08,2024-01-09,19988,19,201,POS Terminal,Hardware,Salesperson_11,Europe,USA,City_11,Won,Partner,True,1052.0,30
O-101336,OPP-201336,C-1453,2024-06-29,2024-06-01,2024-07-12,2024-06-29,6842,11,201,POS Terminal,Hardware,Salesperson_5,North America,Pakistan,City_15,Won,Partner,True,622.0,41
O-101337,OPP-201337,C-2186,2024-08-23,2024-08-06,2024-08-31,2024-08-23,3576,3,103,Sales Booster,Software,Salesperson_11,North America,USA,City_10,Won,Outbound,True,1192.0,25
O-101338,OPP-201338,C-3962,2024-06-21,2024-06-03,2024-07-10,2024-06-21,4015,5,102,Analytics Suite,Software,Salesperson_12,Europe,USA,City_13,Won,Inbound,False,803.0,37
O-101339,OPP-201339,C-2376,2024-05-09,2024-04-30,2024-05-13,2024-05-09,20723,17,102,Analytics Suite,Software,Salesperson_8,North America,Germany,City_16,Won,Outbound,True,1219.0,13
O-101340,OPP-201340,C-3606,2024-12-11,2024-11-22,2024-12-12,2024-11-22,31776,16,101,CRM Pro,Software,Salesperson_1,North America,UK,City_7,Won,Inbound,True,1986.0,20
O-101341,OPP-201341,C-2019,2024-03-05,2024-02-09,2024-03-20,2024-03-05,1246,1,201,POS Terminal,Hardware,Salesperson_5,Asia,UK,City_3,Won,Inbound,True,1246.0,40
O-101342,OPP-201342,C-2965,2024-09-28,2024-09-22,2024-10-18,2024-09-28,8379,9,202,Receipt Printer,Hardware,Salesperson_6,Asia,Germany,City_3,Won,Outbound,False,931.0,26
O-101343,OPP-201343,C-3075,2023-03-27,2023-03-06,2023-04-07,2023-03-06,954,1,201,POS Terminal,Hardware,Salesperson_8,North America,UK,City_19,Won,Outbound,False,954.0,32
O-101344,OPP-201344,C-4852,2023-11-28,2023-11-04,2023-12-08,2023-11-28,17004,12,101,CRM Pro,Software,Salesperson_8,Asia,UK,City_1,Won,Partner,False,1417.0,34
O-101345,OPP-201345,C-4190,2023-11-12,2023-11-01,2023-11-28,2023-11-01,9618,7,103,Sales Booster,Software,Salesperson_8,Asia,Pakistan,City_13,Won,Outbound,True,1374.0,27
O-101346,OPP-201346,C-1544,2023-12-10,2023-11-29,2023-12-21,2023-12-10,8340,20,101,CRM Pro,Software,Salesperson_14,Asia,India,City_8,Won,Inbound,True,417.0,22
O-101347,OPP-201347,C-5000,2024-03-09,2024-03-03,2024-03-14,2024-03-03,8806,14,103,Sales Booster,Software,Salesperson_1,North America,USA,City_18,Won,Outbound,False,629.0,11
O-101348,OPP-201348,C-3004,2024-01-18,2024-01-04,2024-02-02,2024-01-04,2940,3,103,Sales Booster,Software,Salesperson_3,Asia,India,City_3,Won,Outbound,False,980.0,29
O-101349,OPP-201349,C-1263,2023-04-30,2023-04-02,2023-05-09,2023-04-02,19596,12,103,Sales Booster,Software,Salesperson_9,Europe,India,City_6,Won,Partner,False,1633.0,37
O-101350,OPP-201350,C-4834,2024-11-19,2024-11-13,2024-12-04,2024-11-19,18324,12,201,POS Terminal,Hardware,Salesperson_13,Europe,Germany,City_17,Won,Partner,True,1527.0,21
O-101351,OPP-201351,C-4578,2024-01-30,2024-01-24,2024-02-11,2024-01-24,7548,6,103,Sales Booster,Software,Salesperson_7,Europe,UK,City_1,Won,Partner,False,1258.0,18
O-101352,OPP-201352,C-1745,2023-01-24,2023-01-03,2023-01-31,2023-01-03,17928,12,202,Receipt Printer,Hardware,Salesperson_7,Europe,India,City_14,Won,Inbound,False,1494.0,28
O-101353,OPP-201353,C-3292,2023-12-19,2023-11-22,2024-01-02,2023-11-22,394,2,102,Analytics Suite,Software,Salesperson_11,North America,USA,City_17,Won,Partner,False,197.0,41
O-101354,OPP-201354,C-4700,2023-06-20,2023-06-12,2023-07-09,2023-06-20,2353,13,102,Analytics Suite,Software,Salesperson_11,Europe,India,City_12,Won,Inbound,False,181.0,27
O-101355,OPP-201355,C-4929,2023-06-12,2023-05-25,2023-06-26,2023-06-12,13048,7,103,Sales Booster,Software,Salesperson_11,Europe,India,City_3,Won,Inbound,False,1864.0,32
O-101356,OPP-201356,C-1991,2024-07-10,2024-06-15,2024-07-23,2024-06-15,4760,7,201,POS Terminal,Hardware,Salesperson_12,Asia,UK,City_6,Won,Partner,True,680.0,38
O-101357,OPP-201357,C-2330,2023-04-15,2023-04-05,2023-05-04,2023-04-05,1995,5,101,CRM Pro,Software,Salesperson_11,Asia,USA,City_7,Won,Inbound,True,399.0,29
O-101358,OPP-201358,C-1167,2024-03-20,2024-02-24,2024-03-28,2024-02-24,670,2,101,CRM Pro,Software,Salesperson_2,Europe,Pakistan,City_7,Won,Outbound,False,335.0,33
O-101359,OPP-201359,C-1935,2023-06-11,2023-05-15,2023-06-14,2023-05-15,15456,8,202,Receipt Printer,Hardware,Salesperson_11,Asia,Germany,City_3,Won,Outbound,False,1932.0,30
O-101360,OPP-201360,C-3603,2023-08-14,2023-07-27,2023-08-29,2023-08-14,2260,5,201,POS Terminal,Hardware,Salesperson_13,North America,Germany,City_1,Won,Inbound,False,452.0,33
O-101361,OPP-201361,C-2939,2023-12-09,2023-11-14,2023-12-24,2023-11-14,4963,7,103,Sales Booster,Software,Salesperson_2,Asia,India,City_14,Won,Inbound,True,709.0,40
O-101362,OPP-201362,C-2601,2024-01-31,2024-01-02,2024-02-02,2024-01-31,7900,20,202,Receipt Printer,Hardware,Salesperson_14,Europe,Germany,City_6,Won,Partner,True,395.0,31
O-101363,OPP-201363,C-1523,2024-03-30,2024-03-10,2024-04-03,2024-03-10,13960,8,101,CRM Pro,Software,Salesperson_14,North America,Germany,City_1,Won,Outbound,False,1745.0,24
O-101364,OPP-201364,C-2902,2023-07-24,2023-07-11,2023-08-01,2023-07-24,5817,3,202,Receipt Printer,Hardware,Salesperson_12,Asia,Germany,City_6,Won,Inbound,False,1939.0,21
O-101365,OPP-201365,C-2305,2023-10-30,2023-10-10,2023-11-18,2023-10-10,22392,12,103,Sales Booster,Software,Salesperson_7,Europe,Pakistan,City_12,Won,Inbound,False,1866.0,39
O-101366,OPP-201366,C-4416,2023-07-11,2023-06-27,2023-07-23,2023-07-11,9355,5,103,Sales Booster,Software,Salesperson_10,Europe,UK,City_3,Won,Partner,True,1871.0,26
O-101367,OPP-201367,C-3739,2023-04-10,2023-03-16,2023-04-13,2023-04-10,420,4,201,POS Terminal,Hardware,Salesperson_6,Europe,India,City_6,Won,Partner,True,105.0,28
O-101368,OPP-201368,C-2858,2023-05-23,2023-04-23,2023-06-04,2023-04-23,10406,11,103,Sales Booster,Software,Salesperson_13,Europe,Germany,City_13,Won,Inbound,True,946.0,42
O-101369,OPP-201369,C-3300,2023-12-13,2023-11-25,2023-12-20,2023-11-25,10760,10,102,Analytics Suite,Software,Salesperson_13,Asia,Pakistan,City_18,Won,Partner,False,1076.0,25
O-101370,OPP-201370,C-3002,2023-02-02,2023-01-23,2023-02-21,2023-01-23,1558,1,202,Receipt Printer,Hardware,Salesperson_10,Europe,India,City_14,Won,Inbound,False,1558.0,29
O-101371,OPP-201371,C-1940,2024-12-24,2024-12-02,2025-01-12,2024-12-02,5000,10,201,POS Terminal,Hardware,Salesperson_1,Europe,India,City_10,Won,Inbound,False,500.0,41
O-101372,OPP-201372,C-1977,2024-10-14,2024-10-03,2024-10-17,2024-10-03,19652,17,101,CRM Pro,Software,Salesperson_14,Europe,Germany,City_17,Won,Outbound,True,1156.0,14
O-101373,OPP-201373,C-4451,2024-10-02,2024-09-05,2024-10-05,2024-10-02,5080,4,202,Receipt Printer,Hardware,Salesperson_10,North America,UK,City_11,Won,Outbound,True,1270.0,30
O-101374,OPP-201374,C-2815,2024-07-10,2024-06-19,2024-07-29,2024-06-19,20594,14,103,Sales Booster,Software,Salesperson_5,North America,USA,City_13,Won,Partner,True,1471.0,40
O-101375,OPP-201375,C-4890,2023-05-27,2023-05-12,2023-06-02,2023-05-12,9112,8,101,CRM Pro,Software,Salesperson_5,Asia,Germany,City_14,Won,Inbound,False,1139.0,21
O-101376,OPP-201376,C-4896,2023-08-15,2023-07-20,2023-08-28,2023-08-15,1510,1,202,Receipt Printer,Hardware,Salesperson_15,North America,India,City_20,Won,Outbound,True,1510.0,39
O-101377,OPP-201377,C-4623,2024-11-04,2024-10-29,2024-11-16,2024-10-29,25688,13,103,Sales Booster,Software,Salesperson_12,North America,UK,City_9,Won,Outbound,False,1976.0,18
O-101378,OPP-201378,C-2004,2024-10-05,2024-09-28,2024-10-21,2024-10-05,519,1,103,Sales Booster,Software,Salesperson_1,Asia,UK,City_2,Won,Inbound,True,519.0,23
O-101379,OPP-201379,C-1426,2023-09-10,2023-08-20,2023-09-22,2023-08-20,3188,2,202,Receipt Printer,Hardware,Salesperson_4,Asia,UK,City_8,Won,Partner,True,1594.0,33
O-101380,OPP-201380,C-4986,2023-09-16,2023-08-31,2023-09-30,2023-08-31,21784,14,103,Sales Booster,Software,Salesperson_7,Asia,Germany,City_14,Won,Inbound,False,1556.0,30
O-101381,OPP-201381,C-1981,2023-08-11,2023-07-22,2023-08-19,2023-07-22,13664,7,102,Analytics Suite,Software,Salesperson_13,Asia,USA,City_20,Won,Partner,True,1952.0,28
O-101382,OPP-201382,C-4547,2023-12-17,2023-11-20,2023-12-30,2023-11-20,11142,18,202,Receipt Printer,Hardware,Salesperson_5,Europe,Pakistan,City_8,Won,Inbound,False,619.0,40
O-101383,OPP-201383,C-2166,2024-07-29,2024-07-09,2024-08-17,2024-07-09,29127,19,101,CRM Pro,Software,Salesperson_15,Asia,USA,City_7,Won,Inbound,False,1533.0,39
O-101384,OPP-201384,C-2332,2024-10-17,2024-10-10,2024-10-29,2024-10-10,472,1,201,POS Terminal,Hardware,Salesperson_14,Europe,Pakistan,City_2,Won,Inbound,True,472.0,19
O-101385,OPP-201385,C-1274,2024-06-25,2024-06-11,2024-07-10,2024-06-11,5940,11,201,POS Terminal,Hardware,Salesperson_10,North America,Germany,City_13,Won,Partner,True,540.0,29
O-101386,OPP-201386,C-1614,2023-07-24,2023-07-16,2023-07-29,2023-07-16,16569,9,101,CRM Pro,Software,Salesperson_6,Asia,USA,City_16,Won,Partner,False,1841.0,13
O-101387,OPP-201387,C-1209,2024-11-08,2024-10-18,2024-11-09,2024-10-18,9480,10,101,CRM Pro,Software,Salesperson_11,North America,USA,City_1,Won,Partner,True,948.0,22
O-101388,OPP-201388,C-1028,2023-10-28,2023-10-12,2023-11-06,2023-10-12,8922,6,202,Receipt Printer,Hardware,Salesperson_2,North America,UK,City_12,Won,Outbound,False,1487.0,25
O-101389,OPP-201389,C-2803,2024-07-14,2024-07-03,2024-07-15,2024-07-14,9728,8,103,Sales Booster,Software,Salesperson_14,Europe,India,City_4,Won,Outbound,True,1216.0,12
O-101390,OPP-201390,C-2870,2023-10-03,2023-09-19,2023-10-17,2023-09-19,1403,1,103,Sales Booster,Software,Salesperson_11,North America,UK,City_18,Won,Outbound,True,1403.0,28
O-101391,OPP-201391,C-4134,2023-07-09,2023-06-13,2023-07-28,2023-06-13,12736,8,103,Sales Booster,Software,Salesperson_2,Asia,Germany,City_18,Won,Partner,True,1592.0,45
O-101392,OPP-201392,C-4917,2024-08-21,2024-08-01,2024-08-29,2024-08-21,12160,19,102,Analytics Suite,Software,Salesperson_5,Europe,USA,City_13,Won,Inbound,True,640.0,28
O-101393,OPP-201393,C-4279,2023-04-13,2023-03-22,2023-04-17,2023-03-22,31392,18,201,POS Terminal,Hardware,Salesperson_8,Europe,USA,City_1,Won,Partner,True,1744.0,26
O-101394,OPP-201394,C-3954,2024-01-03,2023-12-13,2024-01-06,2024-01-03,29640,15,201,POS Terminal,Hardware,Salesperson_4,Asia,UK,City_10,Won,Inbound,True,1976.0,24
O-101395,OPP-201395,C-3080,2024-12-02,2024-11-14,2024-12-07,2024-12-02,11064,8,101,CRM Pro,Software,Salesperson_10,North America,UK,City_1,Won,Inbound,True,1383.0,23
O-101396,OPP-201396,C-4287,2024-04-07,2024-03-16,2024-04-08,2024-03-16,1424,4,202,Receipt Printer,Hardware,Salesperson_12,Asia,Pakistan,City_20,Won,Partner,True,356.0,23
O-101397,OPP-201397,C-2454,2023-10-15,2023-09-15,2023-11-03,2023-09-15,1836,18,201,POS Terminal,Hardware,Salesperson_7,Asia,Germany,City_10,Won,Inbound,True,102.0,49
O-101398,OPP-201398,C-1905,2024-01-31,2024-01-24,2024-02-11,2024-01-31,13790,14,102,Analytics Suite,Software,Salesperson_6,North America,USA,City_17,Won,Inbound,False,985.0,18
O-101399,OPP-201399,C-1153,2024-09-13,2024-08-20,2024-09-20,2024-08-20,14668,19,201,POS Terminal,Hardware,Salesperson_4,Europe,USA,City_13,Won,Inbound,False,772.0,31
O-101400,OPP-201400,C-2351,2024-06-26,2024-06-19,2024-07-15,2024-06-19,13392,9,202,Receipt Printer,Hardware,Salesperson_15,Europe,Pakistan,City_20,Won,Inbound,True,1488.0,26
O-101401,OPP-201401,C-2932,2023-09-08,2023-08-14,2023-09-26,2023-08-14,13433,7,202,Receipt Printer,Hardware,Salesperson_5,North America,UK,City_3,Won,Partner,True,1919.0,43
O-101402,OPP-201402,C-4706,2024-02-02,2024-01-08,2024-02-04,2024-02-02,24486,14,101,CRM Pro,Software,Salesperson_12,North America,Pakistan,City_8,Won,Partner,True,1749.0,27
O-101403,OPP-201403,C-4628,2024-08-15,2024-08-02,2024-08-25,2024-08-02,6194,19,103,Sales Booster,Software,Salesperson_3,North America,Germany,City_11,Won,Partner,False,326.0,23
O-101404,OPP-201404,C-2394,2023-02-12,2023-02-01,2023-02-17,2023-02-12,2156,4,103,Sales Booster,Software,Salesperson_12,North America,Germany,City_19,Won,Outbound,False,539.0,16
O-101405,OPP-201405,C-1581,2023-11-08,2023-10-16,2023-11-19,2023-10-16,6290,10,201,POS Terminal,Hardware,Salesperson_10,North America,USA,City_13,Won,Inbound,False,629.0,34
O-101406,OPP-201406,C-4332,2023-03-28,2023-02-28,2023-04-01,2023-02-28,3608,11,201,POS Terminal,Hardware,Salesperson_11,North America,India,City_11,Won,Inbound,True,328.0,32
O-101407,OPP-201407,C-1438,2024-11-24,2024-11-04,2024-12-02,2024-11-24,22940,20,102,Analytics Suite,Software,Salesperson_14,Europe,Germany,City_6,Won,Inbound,True,1147.0,28
O-101408,OPP-201408,C-4104,2024-10-24,2024-10-02,2024-10-31,2024-10-02,23745,15,103,Sales Booster,Software,Salesperson_2,North America,Pakistan,City_13,Won,Outbound,False,1583.0,29
O-101409,OPP-201409,C-4004,2023-06-02,2023-05-03,2023-06-03,2023-05-03,27356,14,103,Sales Booster,Software,Salesperson_2,North America,India,City_15,Won,Outbound,False,1954.0,31
O-101410,OPP-201410,C-2014,2024-07-08,2024-06-13,2024-07-28,2024-06-13,7476,6,202,Receipt Printer,Hardware,Salesperson_14,North America,UK,City_1,Won,Inbound,True,1246.0,45
O-101411,OPP-201411,C-3438,2023-08-08,2023-07-25,2023-08-17,2023-08-08,5184,16,103,Sales Booster,Software,Salesperson_4,Asia,Pakistan,City_15,Won,Inbound,True,324.0,23
O-101412,OPP-201412,C-2075,2023-10-08,2023-09-12,2023-10-13,2023-09-12,18920,11,102,Analytics Suite,Software,Salesperson_8,North America,Germany,City_19,Won,Outbound,False,1720.0,31
O-101413,OPP-201413,C-3216,2024-02-27,2024-02-08,2024-02-29,2024-02-08,7650,18,102,Analytics Suite,Software,Salesperson_11,North America,USA,City_11,Won,Partner,True,425.0,21
O-101414,OPP-201414,C-4010,2024-05-13,2024-04-19,2024-05-14,2024-04-19,3472,2,202,Receipt Printer,Hardware,Salesperson_4,Asia,Germany,City_7,Won,Inbound,False,1736.0,25
O-101415,OPP-201415,C-4537,2023-03-28,2023-03-16,2023-04-15,2023-03-16,6352,16,102,Analytics Suite,Software,Salesperson_10,Europe,USA,City_10,Won,Inbound,False,397.0,30
O-101416,OPP-201416,C-3854,2023-07-05,2023-06-24,2023-07-23,2023-06-24,6831,11,202,Receipt Printer,Hardware,Salesperson_11,Asia,UK,City_17,Won,Partner,True,621.0,29
O-101417,OPP-201417,C-1154,2024-11-08,2024-11-03,2024-11-22,2024-11-03,13770,10,201,POS Terminal,Hardware,Salesperson_9,North America,India,City_17,Won,Outbound,False,1377.0,19
O-101418,OPP-201418,C-3659,2024-07-30,2024-07-19,2024-08-10,2024-07-30,19680,15,103,Sales Booster,Software,Salesperson_11,Asia,Pakistan,City_19,Won,Inbound,False,1312.0,22
O-101419,OPP-201419,C-3573,2023-05-13,2023-05-03,2023-05-28,2023-05-13,21811,17,101,CRM Pro,Software,Salesperson_8,North America,UK,City_9,Won,Inbound,False,1283.0,25
O-101420,OPP-201420,C-3144,2023-08-29,2023-08-09,2023-09-12,2023-08-09,22560,15,201,POS Terminal,Hardware,Salesperson_9,Europe,India,City_8,Won,Partner,True,1504.0,34
O-101421,OPP-201421,C-2604,2023-01-29,2023-01-17,2023-02-11,2023-01-29,20416,11,103,Sales Booster,Software,Salesperson_13,Asia,Germany,City_2,Won,Partner,True,1856.0,25
O-101422,OPP-201422,C-4790,2023-12-22,2023-11-28,2023-12-25,2023-11-28,1626,1,101,CRM Pro,Software,Salesperson_13,North America,Pakistan,City_8,Won,Partner,False,1626.0,27
O-101423,OPP-201423,C-3652,2024-09-19,2024-08-31,2024-10-06,2024-09-19,2097,3,202,Receipt Printer,Hardware,Salesperson_2,Asia,USA,City_20,Won,Partner,False,699.0,36
O-101424,OPP-201424,C-3881,2023-03-18,2023-02-16,2023-03-23,2023-03-18,8190,15,101,CRM Pro,Software,Salesperson_10,North America,Pakistan,City_5,Won,Inbound,True,546.0,35
O-101425,OPP-201425,C-1037,2024-10-08,2024-09-25,2024-10-21,2024-09-25,2367,9,201,POS Terminal,Hardware,Salesperson_1,Europe,Germany,City_1,Won,Partner,False,263.0,26
O-101426,OPP-201426,C-1095,2024-05-06,2024-04-25,2024-05-08,2024-05-06,8838,18,102,Analytics Suite,Software,Salesperson_11,North America,Pakistan,City_8,Won,Inbound,False,491.0,13
O-101427,OPP-201427,C-4693,2023-12-24,2023-12-01,2024-01-11,2023-12-01,10830,19,201,POS Terminal,Hardware,Salesperson_4,Europe,Pakistan,City_3,Won,Partner,True,570.0,41
O-101428,OPP-201428,C-4718,2023-12-29,2023-12-19,2024-01-18,2023-12-29,3756,2,101,CRM Pro,Software,Salesperson_3,Asia,USA,City_14,Won,Outbound,True,1878.0,30
O-101429,OPP-201429,C-4761,2023-01-15,2022-12-22,2023-01-18,2022-12-22,1320,6,101,CRM Pro,Software,Salesperson_11,North America,USA,City_14,Won,Outbound,True,220.0,27
O-101430,OPP-201430,C-3255,2023-04-26,2023-03-31,2023-05-15,2023-04-26,676,2,103,Sales Booster,Software,Salesperson_8,Asia,Germany,City_13,Won,Inbound,True,338.0,45
O-101431,OPP-201431,C-1235,2024-04-06,2024-03-25,2024-04-14,2024-03-25,31654,17,202,Receipt Printer,Hardware,Salesperson_5,Europe,UK,City_8,Won,Partner,True,1862.0,20
O-101432,OPP-201432,C-3072,2024-09-10,2024-08-29,2024-09-19,2024-09-10,31900,20,101,CRM Pro,Software,Salesperson_14,Europe,Germany,City_5,Won,Outbound,True,1595.0,21
O-101433,OPP-201433,C-2588,2024-05-15,2024-05-05,2024-05-27,2024-05-05,3303,3,102,Analytics Suite,Software,Salesperson_3,Europe,Germany,City_3,Won,Inbound,False,1101.0,22
O-101434,OPP-201434,C-1463,2024-05-05,2024-04-06,2024-05-20,2024-05-05,8408,8,202,Receipt Printer,Hardware,Salesperson_13,Europe,India,City_15,Won,Outbound,True,1051.0,44
O-101435,OPP-201435,C-4318,2024-08-02,2024-07-24,2024-08-10,2024-07-24,1576,1,103,Sales Booster,Software,Salesperson_12,North America,India,City_14,Won,Outbound,True,1576.0,17
O-101436,OPP-201436,C-2514,2023-10-29,2023-10-08,2023-11-10,2023-10-08,16016,11,101,CRM Pro,Software,Salesperson_12,Europe,Pakistan,City_16,Won,Partner,True,1456.0,33
O-101437,OPP-201437,C-2077,2023-11-14,2023-11-04,2023-11-18,2023-11-04,2060,2,103,Sales Booster,Software,Salesperson_10,North America,India,City_18,Won,Inbound,False,1030.0,14
O-101438,OPP-201438,C-2621,2024-01-09,2023-12-21,2024-01-12,2024-01-09,18774,18,101,CRM Pro,Software,Salesperson_7,Europe,India,City_10,Won,Outbound,True,1043.0,22
O-101439,OPP-201439,C-3638,2023-01-06,2022-12-18,2023-01-13,2022-12-18,23632,16,101,CRM Pro,Software,Salesperson_1,North America,Germany,City_15,Won,Inbound,True,1477.0,26
O-101440,OPP-201440,C-2241,2024-07-31,2024-07-14,2024-08-08,2024-07-14,32895,17,201,POS Terminal,Hardware,Salesperson_8,North America,UK,City_11,Won,Partner,False,1935.0,25
O-101441,OPP-201441,C-3255,2024-06-05,2024-05-30,2024-06-12,2024-05-30,18980,10,101,CRM Pro,Software,Salesperson_6,Europe,USA,City_16,Won,Outbound,False,1898.0,13
O-101442,OPP-201442,C-1785,2024-05-17,2024-05-10,2024-06-02,2024-05-10,2051,7,102,Analytics Suite,Software,Salesperson_5,Asia,Pakistan,City_16,Won,Inbound,False,293.0,23
O-101443,OPP-201443,C-1354,2023-09-26,2023-09-03,2023-10-12,2023-09-03,8261,11,102,Analytics Suite,Software,Salesperson_4,North America,Pakistan,City_10,Won,Inbound,False,751.0,39
O-101444,OPP-201444,C-3812,2024-01-21,2023-12-26,2024-01-29,2023-12-26,6516,6,103,Sales Booster,Software,Salesperson_13,North America,India,City_15,Won,Inbound,False,1086.0,34
O-101445,OPP-201445,C-1083,2024-01-30,2024-01-08,2024-02-08,2024-01-30,9710,10,103,Sales Booster,Software,Salesperson_3,Europe,India,City_1,Won,Inbound,False,971.0,31
O-101446,OPP-201446,C-3715,2024-04-23,2024-03-26,2024-05-07,2024-03-26,29718,18,201,POS Terminal,Hardware,Salesperson_10,North America,UK,City_7,Won,Outbound,False,1651.0,42
O-101447,OPP-201447,C-3995,2023-05-22,2023-04-26,2023-05-26,2023-04-26,9702,14,102,Analytics Suite,Software,Salesperson_10,Asia,Pakistan,City_14,Won,Partner,False,693.0,30
O-101448,OPP-201448,C-2055,2024-06-23,2024-05-25,2024-07-12,2024-06-23,5372,4,102,Analytics Suite,Software,Salesperson_10,Asia,USA,City_5,Won,Partner,True,1343.0,48
O-101449,OPP-201449,C-4690,2024-01-12,2023-12-20,2024-01-21,2024-01-12,18359,11,202,Receipt Printer,Hardware,Salesperson_5,Europe,Germany,City_6,Won,Outbound,False,1669.0,32
O-101450,OPP-201450,C-1667,2023-03-23,2023-03-09,2023-04-07,2023-03-23,1829,1,202,Receipt Printer,Hardware,Salesperson_6,Europe,USA,City_14,Won,Outbound,True,1829.0,29
O-101451,OPP-201451,C-4546,2024-02-19,2024-01-25,2024-03-10,2024-01-25,3168,16,201,POS Terminal,Hardware,Salesperson_8,North America,India,City_7,Won,Inbound,True,198.0,45
O-101452,OPP-201452,C-4024,2024-07-12,2024-06-23,2024-07-17,2024-06-23,23832,18,201,POS Terminal,Hardware,Salesperson_14,Europe,USA,City_5,Won,Partner,True,1324.0,24
O-101453,OPP-201453,C-4461,2023-03-11,2023-02-18,2023-03-23,2023-02-18,33020,20,201,POS Terminal,Hardware,Salesperson_1,North America,UK,City_7,Won,Inbound,False,1651.0,33
O-101454,OPP-201454,C-2399,2023-09-13,2023-08-29,2023-09-18,2023-08-29,17589,13,102,Analytics Suite,Software,Salesperson_12,Asia,UK,City_6,Won,Partner,True,1353.0,20
O-101455,OPP-201455,C-3997,2023-02-07,2023-01-11,2023-02-23,2023-02-07,5180,14,201,POS Terminal,Hardware,Salesperson_2,Asia,Pakistan,City_20,Won,Inbound,False,370.0,43
O-101456,OPP-201456,C-4209,2023-10-08,2023-09-16,2023-10-21,2023-10-08,25845,15,101,CRM Pro,Software,Salesperson_3,Asia,India,City_13,Won,Outbound,False,1723.0,35
O-101457,OPP-201457,C-3370,2023-08-09,2023-07-21,2023-08-21,2023-08-09,10149,17,202,Receipt Printer,Hardware,Salesperson_6,North America,USA,City_7,Won,Outbound,True,597.0,31
O-101458,OPP-201458,C-2507,2023-01-16,2022-12-23,2023-01-19,2022-12-23,3248,8,202,Receipt Printer,Hardware,Salesperson_13,Europe,Germany,City_16,Won,Inbound,False,406.0,27
O-101459,OPP-201459,C-3909,2023-10-05,2023-09-19,2023-10-10,2023-10-05,3596,2,101,CRM Pro,Software,Salesperson_11,Europe,USA,City_13,Won,Outbound,True,1798.0,21
O-101460,OPP-201460,C-1735,2024-05-17,2024-04-29,2024-05-18,2024-05-17,5577,13,103,Sales Booster,Software,Salesperson_9,Asia,Pakistan,City_10,Won,Partner,False,429.0,19
O-101461,OPP-201461,C-2984,2023-02-06,2023-01-13,2023-02-22,2023-02-06,7137,9,102,Analytics Suite,Software,Salesperson_14,Asia,USA,City_16,Won,Partner,False,793.0,40
O-101462,OPP-201462,C-2596,2023-09-02,2023-08-28,2023-09-16,2023-08-28,6420,15,202,Receipt Printer,Hardware,Salesperson_1,Asia,USA,City_12,Won,Inbound,False,428.0,19
O-101463,OPP-201463,C-4611,2023-11-07,2023-10-24,2023-11-12,2023-10-24,11080,10,103,Sales Booster,Software,Salesperson_9,Asia,India,City_18,Won,Outbound,True,1108.0,19
O-101464,OPP-201464,C-3237,2023-09-21,2023-09-01,2023-10-04,2023-09-21,25726,19,102,Analytics Suite,Software,Salesperson_4,Europe,UK,City_14,Won,Outbound,True,1354.0,33
O-101465,OPP-201465,C-3389,2023-11-15,2023-11-06,2023-11-17,2023-11-15,18920,10,102,Analytics Suite,Software,Salesperson_14,Asia,UK,City_1,Won,Partner,False,1892.0,11
O-101466,OPP-201466,C-1377,2023-01-16,2023-01-02,2023-02-03,2023-01-02,4464,8,202,Receipt Printer,Hardware,Salesperson_11,Europe,USA,City_4,Won,Inbound,False,558.0,32
O-101467,OPP-201467,C-1801,2024-05-14,2024-05-03,2024-05-21,2024-05-14,18340,14,103,Sales Booster,Software,Salesperson_6,Europe,Pakistan,City_11,Won,Outbound,False,1310.0,18
O-101468,OPP-201468,C-1637,2024-01-28,2024-01-19,2024-02-17,2024-01-19,11176,8,202,Receipt Printer,Hardware,Salesperson_4,Europe,USA,City_18,Won,Partner,False,1397.0,29
O-101469,OPP-201469,C-1413,2023-03-22,2023-02-28,2023-04-03,2023-02-28,15665,13,201,POS Terminal,Hardware,Salesperson_4,North America,Pakistan,City_17,Won,Outbound,False,1205.0,34
O-101470,OPP-201470,C-4817,2023-05-04,2023-04-18,2023-05-07,2023-04-18,9060,12,102,Analytics Suite,Software,Salesperson_10,Europe,USA,City_20,Won,Inbound,False,755.0,19
O-101471,OPP-201471,C-4308,2024-10-14,2024-09-19,2024-10-27,2024-09-19,338,1,101,CRM Pro,Software,Salesperson_3,Asia,USA,City_6,Won,Inbound,False,338.0,38
O-101472,OPP-201472,C-1303,2023-02-13,2023-01-14,2023-03-03,2023-01-14,25400,20,102,Analytics Suite,Software,Salesperson_8,Asia,Germany,City_13,Won,Inbound,False,1270.0,48
O-101473,OPP-201473,C-4083,2023-05-19,2023-04-23,2023-05-20,2023-04-23,12834,9,101,CRM Pro,Software,Salesperson_2,Asia,UK,City_5,Won,Inbound,True,1426.0,27
O-101474,OPP-201474,C-1233,2023-03-17,2023-02-16,2023-03-25,2023-03-17,5976,4,103,Sales Booster,Software,Salesperson_12,Europe,USA,City_18,Won,Outbound,False,1494.0,37
O-101475,OPP-201475,C-1303,2023-10-09,2023-09-11,2023-10-27,2023-10-09,21333,13,101,CRM Pro,Software,Salesperson_10,Europe,USA,City_2,Won,Outbound,False,1641.0,46
O-101476,OPP-201476,C-3365,2023-05-19,2023-05-09,2023-05-21,2023-05-19,1296,2,202,Receipt Printer,Hardware,Salesperson_12,North America,UK,City_16,Won,Outbound,True,648.0,12
O-101477,OPP-201477,C-1059,2023-12-20,2023-11-26,2024-01-03,2023-11-26,24465,15,102,Analytics Suite,Software,Salesperson_8,North America,USA,City_12,Won,Partner,False,1631.0,38
O-101478,OPP-201478,C-1264,2023-03-21,2023-02-28,2023-03-27,2023-03-21,3744,2,201,POS Terminal,Hardware,Salesperson_4,North America,USA,City_16,Won,Outbound,False,1872.0,27
O-101479,OPP-201479,C-2795,2024-12-23,2024-12-10,2024-12-30,2024-12-10,2164,2,201,POS Terminal,Hardware,Salesperson_5,North America,UK,City_18,Won,Inbound,True,1082.0,20
O-101480,OPP-201480,C-3676,2024-04-07,2024-03-15,2024-04-10,2024-03-15,786,1,102,Analytics Suite,Software,Salesperson_1,Europe,India,City_20,Won,Inbound,True,786.0,26
O-101481,OPP-201481,C-2749,2024-01-27,2024-01-14,2024-02-04,2024-01-27,15120,20,202,Receipt Printer,Hardware,Salesperson_9,Europe,India,City_13,Won,Partner,True,756.0,21
O-101482,OPP-201482,C-3662,2024-03-04,2024-02-28,2024-03-17,2024-02-28,24724,14,102,Analytics Suite,Software,Salesperson_6,Europe,India,City_6,Won,Outbound,True,1766.0,18
O-101483,OPP-201483,C-4104,2024-10-29,2024-09-30,2024-11-18,2024-09-30,6546,6,103,Sales Booster,Software,Salesperson_2,Europe,India,City_15,Won,Outbound,False,1091.0,49
O-101484,OPP-201484,C-2717,2023-07-30,2023-07-13,2023-08-11,2023-07-30,2163,3,202,Receipt Printer,Hardware,Salesperson_8,Asia,India,City_20,Won,Outbound,False,721.0,29
O-101485,OPP-201485,C-3494,2023-08-22,2023-07-30,2023-08-30,2023-08-22,10574,17,103,Sales Booster,Software,Salesperson_5,Europe,Pakistan,City_5,Won,Outbound,True,622.0,31
O-101486,OPP-201486,C-4857,2024-08-12,2024-07-29,2024-08-16,2024-07-29,21285,11,103,Sales Booster,Software,Salesperson_3,North America,Pakistan,City_9,Won,Partner,False,1935.0,18
O-101487,OPP-201487,C-4295,2023-06-16,2023-06-02,2023-06-18,2023-06-16,11704,14,201,POS Terminal,Hardware,Salesperson_7,North America,UK,City_18,Won,Outbound,True,836.0,16
O-101488,OPP-201488,C-1349,2023-05-14,2023-05-04,2023-05-18,2023-05-04,539,1,103,Sales Booster,Software,Salesperson_8,North America,UK,City_4,Won,Partner,False,539.0,14
O-101489,OPP-201489,C-3336,2023-01-08,2022-12-27,2023-01-18,2022-12-27,13660,10,103,Sales Booster,Software,Salesperson_15,Asia,USA,City_7,Won,Inbound,True,1366.0,22
O-101490,OPP-201490,C-3012,2024-10-08,2024-09-20,2024-10-28,2024-09-20,4485,15,102,Analytics Suite,Software,Salesperson_15,North America,UK,City_10,Won,Outbound,False,299.0,38
O-101491,OPP-201491,C-3710,2023-01-13,2022-12-20,2023-01-31,2023-01-13,256,1,103,Sales Booster,Software,Salesperson_5,Asia,UK,City_4,Won,Partner,True,256.0,42
O-101492,OPP-201492,C-3144,2024-04-25,2024-04-09,2024-05-11,2024-04-09,16644,19,103,Sales Booster,Software,Salesperson_5,North America,India,City_3,Won,Outbound,False,876.0,32
O-101493,OPP-201493,C-4162,2023-11-30,2023-11-07,2023-12-01,2023-11-07,5826,3,201,POS Terminal,Hardware,Salesperson_12,Europe,USA,City_16,Won,Partner,True,1942.0,24
O-101494,OPP-201494,C-3790,2023-02-11,2023-02-01,2023-02-12,2023-02-01,3080,20,202,Receipt Printer,Hardware,Salesperson_7,Asia,USA,City_9,Won,Outbound,False,154.0,11
O-101495,OPP-201495,C-4294,2023-12-17,2023-11-19,2023-12-25,2023-12-17,13090,17,103,Sales Booster,Software,Salesperson_14,Asia,USA,City_1,Won,Partner,True,770.0,36
O-101496,OPP-201496,C-3192,2024-03-13,2024-02-15,2024-03-20,2024-02-15,1144,4,103,Sales Booster,Software,Salesperson_3,Asia,Pakistan,City_19,Won,Inbound,False,286.0,34
O-101497,OPP-201497,C-2576,2023-01-03,2022-12-28,2023-01-10,2022-12-28,18270,15,103,Sales Booster,Software,Salesperson_7,Europe,UK,City_19,Won,Outbound,True,1218.0,13
O-101498,OPP-201498,C-1903,2023-05-27,2023-05-02,2023-05-31,2023-05-02,1440,8,201,POS Terminal,Hardware,Salesperson_2,Asia,USA,City_3,Won,Outbound,False,180.0,29
O-101499,OPP-201499,C-4597,2023-07-24,2023-07-10,2023-08-07,2023-07-24,3530,10,201,POS Terminal,Hardware,Salesperson_7,Europe,UK,City_10,Won,Outbound,True,353.0,28
O-101500,OPP-201500,C-1719,2024-09-06,2024-08-11,2024-09-25,2024-08-11,10540,20,202,Receipt Printer,Hardware,Salesperson_5,Europe,Germany,City_3,Won,Partner,True,527.0,45
O-101501,OPP-201501,C-2281,2023-08-24,2023-08-19,2023-09-09,2023-08-24,28976,16,101,CRM Pro,Software,Salesperson_9,Asia,USA,City_1,Won,Inbound,True,1811.0,21
O-101502,OPP-201502,C-4755,2024-08-08,2024-07-28,2024-08-21,2024-07-28,34758,18,101,CRM Pro,Software,Salesperson_5,Europe,India,City_19,Won,Inbound,False,1931.0,24
O-101503,OPP-201503,C-2869,2024-11-30,2024-11-11,2024-12-01,2024-11-11,3477,19,202,Receipt Printer,Hardware,Salesperson_13,North America,Pakistan,City_14,Won,Inbound,True,183.0,20
O-101504,OPP-201504,C-2924,2024-02-22,2024-02-05,2024-02-29,2024-02-05,13629,7,201,POS Terminal,Hardware,Salesperson_5,Europe,India,City_11,Won,Partner,False,1947.0,24
O-101505,OPP-201505,C-2553,2024-04-27,2024-04-21,2024-05-10,2024-04-21,20927,17,103,Sales Booster,Software,Salesperson_9,North America,UK,City_8,Won,Inbound,True,1231.0,19
O-101506,OPP-201506,C-3745,2024-04-13,2024-03-18,2024-04-19,2024-03-18,3177,3,202,Receipt Printer,Hardware,Salesperson_1,North America,USA,City_15,Won,Inbound,True,1059.0,32
O-101507,OPP-201507,C-3812,2023-01-30,2023-01-22,2023-02-03,2023-01-30,13332,11,202,Receipt Printer,Hardware,Salesperson_8,Europe,UK,City_10,Won,Outbound,True,1212.0,12
O-101508,OPP-201508,C-3094,2024-02-17,2024-02-05,2024-02-19,2024-02-05,9252,12,102,Analytics Suite,Software,Salesperson_15,Asia,UK,City_15,Won,Outbound,False,771.0,14
O-101509,OPP-201509,C-3719,2023-09-27,2023-09-17,2023-10-08,2023-09-27,1538,1,101,CRM Pro,Software,Salesperson_12,Asia,India,City_2,Won,Inbound,True,1538.0,21
O-101510,OPP-201510,C-2735,2024-04-01,2024-03-08,2024-04-09,2024-03-08,19520,16,202,Receipt Printer,Hardware,Salesperson_13,Asia,Pakistan,City_7,Won,Outbound,False,1220.0,32
O-101511,OPP-201511,C-2270,2024-07-14,2024-06-24,2024-07-31,2024-06-24,4625,5,102,Analytics Suite,Software,Salesperson_2,North America,India,City_1,Won,Inbound,False,925.0,37
O-101512,OPP-201512,C-2763,2024-04-16,2024-03-22,2024-04-28,2024-03-22,7336,8,103,Sales Booster,Software,Salesperson_12,North America,Germany,City_8,Won,Outbound,True,917.0,37
O-101513,OPP-201513,C-4522,2024-11-03,2024-10-05,2024-11-12,2024-10-05,17872,16,103,Sales Booster,Software,Salesperson_15,Europe,Germany,City_11,Won,Inbound,False,1117.0,38
O-101514,OPP-201514,C-2467,2023-05-26,2023-05-04,2023-06-14,2023-05-04,9606,6,103,Sales Booster,Software,Salesperson_6,Asia,UK,City_12,Won,Inbound,True,1601.0,41
O-101515,OPP-201515,C-3510,2024-10-12,2024-09-20,2024-10-16,2024-10-12,1485,5,201,POS Terminal,Hardware,Salesperson_9,Asia,India,City_6,Won,Partner,True,297.0,26
O-101516,OPP-201516,C-3467,2024-02-11,2024-01-18,2024-02-17,2024-02-11,889,7,103,Sales Booster,Software,Salesperson_13,Europe,Pakistan,City_12,Won,Inbound,False,127.0,30
O-101517,OPP-201517,C-1007,2023-12-31,2023-12-24,2024-01-08,2023-12-24,2296,4,201,POS Terminal,Hardware,Salesperson_2,North America,Pakistan,City_1,Won,Inbound,True,574.0,15
O-101518,OPP-201518,C-3582,2024-07-23,2024-07-16,2024-07-24,2024-07-23,1400,1,202,Receipt Printer,Hardware,Salesperson_1,North America,India,City_15,Won,Inbound,True,1400.0,8
O-101519,OPP-201519,C-3088,2023-11-18,2023-10-29,2023-11-22,2023-10-29,11232,13,202,Receipt Printer,Hardware,Salesperson_2,North America,UK,City_3,Won,Outbound,True,864.0,24
O-101520,OPP-201520,C-3713,2024-07-23,2024-07-05,2024-08-03,2024-07-05,13472,16,202,Receipt Printer,Hardware,Salesperson_11,North America,USA,City_13,Won,Partner,True,842.0,29
O-101521,OPP-201521,C-3154,2023-02-21,2023-02-06,2023-03-09,2023-02-21,15820,14,102,Analytics Suite,Software,Salesperson_11,North America,USA,City_12,Won,Outbound,False,1130.0,31
O-101522,OPP-201522,C-1746,2023-10-30,2023-10-22,2023-11-12,2023-10-22,7608,12,201,POS Terminal,Hardware,Salesperson_3,Asia,UK,City_14,Won,Outbound,False,634.0,21
O-101523,OPP-201523,C-2180,2024-03-13,2024-03-05,2024-03-29,2024-03-13,27940,20,202,Receipt Printer,Hardware,Salesperson_15,Europe,UK,City_14,Won,Partner,True,1397.0,24
O-101524,OPP-201524,C-1830,2023-09-13,2023-08-29,2023-10-02,2023-08-29,13420,20,102,Analytics Suite,Software,Salesperson_5,Asia,Germany,City_5,Won,Outbound,True,671.0,34
O-101525,OPP-201525,C-1748,2024-07-22,2024-06-29,2024-08-03,2024-06-29,14739,17,202,Receipt Printer,Hardware,Salesperson_15,Asia,Germany,City_9,Won,Partner,False,867.0,35
O-101526,OPP-201526,C-1250,2024-07-03,2024-06-28,2024-07-04,2024-06-28,17646,17,202,Receipt Printer,Hardware,Salesperson_7,North America,USA,City_4,Won,Outbound,False,1038.0,6
O-101527,OPP-201527,C-3402,2024-04-23,2024-04-12,2024-04-29,2024-04-23,18018,14,101,CRM Pro,Software,Salesperson_6,North America,UK,City_12,Won,Partner,False,1287.0,17
O-101528,OPP-201528,C-4424,2023-08-27,2023-08-03,2023-09-13,2023-08-03,1650,3,201,POS Terminal,Hardware,Salesperson_8,North America,USA,City_18,Won,Inbound,False,550.0,41
O-101529,OPP-201529,C-2885,2024-01-12,2023-12-22,2024-01-19,2023-12-22,11216,8,201,POS Terminal,Hardware,Salesperson_15,Europe,Germany,City_3,Won,Outbound,True,1402.0,28
O-101530,OPP-201530,C-2891,2023-11-23,2023-11-15,2023-11-28,2023-11-15,25935,13,202,Receipt Printer,Hardware,Salesperson_11,Europe,USA,City_8,Won,Inbound,True,1995.0,13
O-101531,OPP-201531,C-3084,2023-06-29,2023-05-30,2023-07-01,2023-06-29,103,1,202,Receipt Printer,Hardware,Salesperson_11,Europe,Germany,City_14,Won,Outbound,True,103.0,32
O-101532,OPP-201532,C-4939,2023-04-15,2023-04-07,2023-04-25,2023-04-07,6867,7,101,CRM Pro,Software,Salesperson_9,Asia,USA,City_10,Won,Inbound,True,981.0,18
O-101533,OPP-201533,C-4130,2024-11-28,2024-11-22,2024-12-09,2024-11-22,5675,5,102,Analytics Suite,Software,Salesperson_3,Europe,USA,City_9,Won,Inbound,True,1135.0,17
O-101534,OPP-201534,C-4147,2023-12-07,2023-11-13,2023-12-25,2023-12-07,16016,11,202,Receipt Printer,Hardware,Salesperson_3,Europe,Pakistan,City_1,Won,Outbound,True,1456.0,42
O-101535,OPP-201535,C-3975,2024-08-01,2024-07-15,2024-08-11,2024-07-15,2484,9,101,CRM Pro,Software,Salesperson_8,Asia,UK,City_20,Won,Partner,False,276.0,27
O-101536,OPP-201536,C-1480,2023-12-30,2023-12-07,2024-01-04,2023-12-07,4815,3,102,Analytics Suite,Software,Salesperson_8,North America,Germany,City_8,Won,Inbound,True,1605.0,28
O-101537,OPP-201537,C-3850,2024-07-18,2024-06-18,2024-08-03,2024-07-18,19142,17,101,CRM Pro,Software,Salesperson_12,Europe,USA,City_2,Won,Outbound,False,1126.0,46
O-101538,OPP-201538,C-2470,2024-12-29,2024-12-18,2025-01-07,2024-12-29,4556,4,202,Receipt Printer,Hardware,Salesperson_8,North America,India,City_12,Won,Partner,False,1139.0,20
O-101539,OPP-201539,C-1311,2023-07-01,2023-06-05,2023-07-12,2023-06-05,11891,11,101,CRM Pro,Software,Salesperson_2,North America,Pakistan,City_20,Won,Inbound,False,1081.0,37
O-101540,OPP-201540,C-4678,2024-02-04,2024-01-18,2024-02-22,2024-02-04,5820,3,102,Analytics Suite,Software,Salesperson_3,North America,India,City_9,Won,Partner,False,1940.0,35
O-101541,OPP-201541,C-2110,2023-08-16,2023-08-09,2023-08-30,2023-08-09,17430,15,102,Analytics Suite,Software,Salesperson_4,Asia,USA,City_18,Won,Outbound,True,1162.0,21
O-101542,OPP-201542,C-4408,2023-08-23,2023-07-31,2023-09-04,2023-07-31,1449,3,102,Analytics Suite,Software,Salesperson_12,Europe,Pakistan,City_3,Won,Partner,False,483.0,35
O-101543,OPP-201543,C-3081,2023-03-15,2023-02-15,2023-04-01,2023-02-15,5672,8,201,POS Terminal,Hardware,Salesperson_7,Europe,USA,City_15,Won,Partner,True,709.0,45
O-101544,OPP-201544,C-2780,2024-11-02,2024-10-16,2024-11-20,2024-10-16,5154,6,202,Receipt Printer,Hardware,Salesperson_5,Europe,India,City_3,Won,Inbound,False,859.0,35
O-101545,OPP-201545,C-1129,2024-11-03,2024-10-05,2024-11-09,2024-10-05,2091,3,101,CRM Pro,Software,Salesperson_12,Europe,Germany,City_9,Won,Outbound,False,697.0,35
O-101546,OPP-201546,C-3878,2023-07-21,2023-07-12,2023-08-02,2023-07-12,24696,18,101,CRM Pro,Software,Salesperson_8,Asia,UK,City_4,Won,Outbound,False,1372.0,21
O-101547,OPP-201547,C-1967,2023-12-12,2023-11-29,2023-12-17,2023-12-12,15064,8,201,POS Terminal,Hardware,Salesperson_14,North America,UK,City_3,Won,Partner,False,1883.0,18
O-101548,OPP-201548,C-2838,2024-12-30,2024-12-13,2025-01-07,2024-12-13,5262,6,202,Receipt Printer,Hardware,Salesperson_5,Asia,USA,City_18,Won,Outbound,False,877.0,25
O-101549,OPP-201549,C-2845,2024-09-24,2024-09-03,2024-10-04,2024-09-03,2680,5,201,POS Terminal,Hardware,Salesperson_9,North America,UK,City_16,Won,Inbound,False,536.0,31
O-101550,OPP-201550,C-4206,2024-01-17,2023-12-28,2024-01-25,2023-12-28,37240,20,202,Receipt Printer,Hardware,Salesperson_1,Europe,Pakistan,City_8,Won,Inbound,True,1862.0,28
O-101551,OPP-201551,C-4876,2023-07-01,2023-06-08,2023-07-19,2023-06-08,5670,3,202,Receipt Printer,Hardware,Salesperson_9,Europe,Germany,City_11,Won,Outbound,True,1890.0,41
O-101552,OPP-201552,C-1423,2023-05-21,2023-04-30,2023-05-28,2023-05-21,11808,12,103,Sales Booster,Software,Salesperson_12,Asia,Pakistan,City_2,Won,Partner,False,984.0,28
O-101553,OPP-201553,C-1774,2024-06-17,2024-06-04,2024-07-07,2024-06-04,19363,17,201,POS Terminal,Hardware,Salesperson_6,North America,Germany,City_14,Won,Inbound,False,1139.0,33
O-101554,OPP-201554,C-1874,2023-04-25,2023-04-03,2023-05-02,2023-04-03,6252,12,103,Sales Booster,Software,Salesperson_9,Europe,Germany,City_5,Won,Outbound,True,521.0,29
O-101555,OPP-201555,C-3319,2024-08-23,2024-08-15,2024-09-11,2024-08-15,339,3,201,POS Terminal,Hardware,Salesperson_8,North America,India,City_1,Won,Partner,True,113.0,27
O-101556,OPP-201556,C-2668,2024-10-12,2024-09-19,2024-10-19,2024-09-19,25120,20,202,Receipt Printer,Hardware,Salesperson_7,North America,Germany,City_9,Won,Outbound,False,1256.0,30
O-101557,OPP-201557,C-1477,2023-08-17,2023-07-26,2023-08-24,2023-08-17,12152,8,103,Sales Booster,Software,Salesperson_2,Asia,USA,City_17,Won,Outbound,False,1519.0,29
O-101558,OPP-201558,C-1115,2024-06-01,2024-05-15,2024-06-17,2024-06-01,5190,6,101,CRM Pro,Software,Salesperson_6,North America,Germany,City_19,Won,Partner,False,865.0,33
O-101559,OPP-201559,C-1607,2024-03-09,2024-02-28,2024-03-27,2024-02-28,16236,12,101,CRM Pro,Software,Salesperson_3,Europe,UK,City_5,Won,Outbound,False,1353.0,28
O-101560,OPP-201560,C-3181,2024-12-15,2024-11-21,2024-12-28,2024-12-15,16388,17,103,Sales Booster,Software,Salesperson_11,Asia,Pakistan,City_14,Won,Inbound,True,964.0,37
O-101561,OPP-201561,C-3515,2023-11-28,2023-11-21,2023-12-11,2023-11-28,8370,9,103,Sales Booster,Software,Salesperson_11,Europe,Germany,City_10,Won,Outbound,False,930.0,20
O-101562,OPP-201562,C-4537,2023-03-15,2023-03-04,2023-04-04,2023-03-15,11270,14,201,POS Terminal,Hardware,Salesperson_14,North America,India,City_13,Won,Outbound,True,805.0,31
O-101563,OPP-201563,C-2205,2023-11-21,2023-10-31,2023-12-09,2023-10-31,16920,18,201,POS Terminal,Hardware,Salesperson_2,Europe,UK,City_16,Won,Outbound,False,940.0,39
O-101564,OPP-201564,C-2230,2023-04-29,2023-04-15,2023-05-16,2023-04-29,28700,20,103,Sales Booster,Software,Salesperson_7,Europe,Pakistan,City_20,Won,Inbound,True,1435.0,31
O-101565,OPP-201565,C-1690,2023-06-06,2023-05-12,2023-06-20,2023-05-12,28575,15,102,Analytics Suite,Software,Salesperson_8,Asia,USA,City_17,Won,Partner,True,1905.0,39
O-101566,OPP-201566,C-3008,2023-04-06,2023-03-11,2023-04-17,2023-03-11,23028,19,103,Sales Booster,Software,Salesperson_12,North America,UK,City_20,Won,Inbound,False,1212.0,37
O-101567,OPP-201567,C-3386,2024-01-24,2024-01-07,2024-02-08,2024-01-24,574,2,103,Sales Booster,Software,Salesperson_7,Europe,Germany,City_6,Won,Partner,True,287.0,32
O-101568,OPP-201568,C-2402,2023-02-20,2023-02-01,2023-03-12,2023-02-20,1148,1,202,Receipt Printer,Hardware,Salesperson_6,North America,UK,City_20,Won,Inbound,False,1148.0,39
O-101569,OPP-201569,C-2645,2024-06-28,2024-06-09,2024-07-13,2024-06-09,5232,12,103,Sales Booster,Software,Salesperson_3,Asia,UK,City_11,Won,Partner,False,436.0,34
O-101570,OPP-201570,C-2582,2024-11-25,2024-11-03,2024-12-06,2024-11-25,11980,10,102,Analytics Suite,Software,Salesperson_2,Asia,India,City_18,Won,Outbound,False,1198.0,33
O-101571,OPP-201571,C-1260,2023-04-24,2023-04-03,2023-05-09,2023-04-03,17920,16,202,Receipt Printer,Hardware,Salesperson_9,Europe,UK,City_6,Won,Partner,False,1120.0,36
O-101572,OPP-201572,C-3700,2023-03-30,2023-03-12,2023-04-08,2023-03-12,19844,11,202,Receipt Printer,Hardware,Salesperson_15,Europe,Germany,City_8,Won,Inbound,False,1804.0,27
O-101573,OPP-201573,C-4868,2023-11-21,2023-10-25,2023-12-02,2023-10-25,23664,16,201,POS Terminal,Hardware,Salesperson_10,North America,UK,City_8,Won,Inbound,False,1479.0,38
O-101574,OPP-201574,C-2352,2024-02-29,2024-02-07,2024-03-09,2024-02-07,19820,20,101,CRM Pro,Software,Salesperson_14,Asia,USA,City_15,Won,Partner,False,991.0,31
O-101575,OPP-201575,C-1680,2024-05-02,2024-04-20,2024-05-09,2024-05-02,5166,7,202,Receipt Printer,Hardware,Salesperson_14,Asia,UK,City_4,Won,Inbound,True,738.0,19
O-101576,OPP-201576,C-4911,2023-05-07,2023-04-10,2023-05-08,2023-04-10,24833,19,202,Receipt Printer,Hardware,Salesperson_11,Europe,Pakistan,City_20,Won,Outbound,True,1307.0,28
O-101577,OPP-201577,C-4534,2024-04-01,2024-03-21,2024-04-19,2024-03-21,19844,11,102,Analytics Suite,Software,Salesperson_12,Asia,UK,City_7,Won,Inbound,False,1804.0,29
O-101578,OPP-201578,C-4693,2024-06-09,2024-05-31,2024-06-19,2024-05-31,11764,17,102,Analytics Suite,Software,Salesperson_2,Europe,Germany,City_11,Won,Inbound,True,692.0,19
O-101579,OPP-201579,C-3372,2024-11-21,2024-11-11,2024-11-29,2024-11-11,2684,4,201,POS Terminal,Hardware,Salesperson_1,Asia,Pakistan,City_14,Won,Outbound,True,671.0,18
O-101580,OPP-201580,C-3938,2023-02-03,2023-01-18,2023-02-07,2023-02-03,9855,15,103,Sales Booster,Software,Salesperson_7,Asia,Germany,City_3,Won,Inbound,True,657.0,20
O-101581,OPP-201581,C-3530,2023-02-07,2023-01-26,2023-02-21,2023-01-26,25095,15,101,CRM Pro,Software,Salesperson_9,North America,India,City_4,Won,Inbound,False,1673.0,26
O-101582,OPP-201582,C-2356,2023-01-12,2022-12-14,2023-01-13,2023-01-12,4185,3,103,Sales Booster,Software,Salesperson_7,North America,Germany,City_11,Won,Inbound,False,1395.0,30
O-101583,OPP-201583,C-1992,2024-02-18,2024-02-09,2024-03-03,2024-02-18,19052,11,101,CRM Pro,Software,Salesperson_1,North America,USA,City_12,Won,Partner,True,1732.0,23
O-101584,OPP-201584,C-3237,2023-07-20,2023-07-10,2023-08-05,2023-07-10,7200,12,201,POS Terminal,Hardware,Salesperson_10,Europe,Germany,City_3,Won,Outbound,True,600.0,26
O-101585,OPP-201585,C-1739,2023-11-24,2023-11-12,2023-11-26,2023-11-12,10560,20,102,Analytics Suite,Software,Salesperson_4,Europe,India,City_20,Won,Inbound,True,528.0,14
O-101586,OPP-201586,C-2557,2024-10-25,2024-10-12,2024-10-29,2024-10-12,206,2,201,POS Terminal,Hardware,Salesperson_9,Asia,UK,City_2,Won,Partner,False,103.0,17
O-101587,OPP-201587,C-2591,2024-07-07,2024-07-02,2024-07-10,2024-07-02,4974,6,202,Receipt Printer,Hardware,Salesperson_3,North America,India,City_16,Won,Outbound,True,829.0,8
O-101588,OPP-201588,C-4257,2024-12-01,2024-11-04,2024-12-09,2024-11-04,1315,5,202,Receipt Printer,Hardware,Salesperson_15,Asia,USA,City_17,Won,Partner,False,263.0,35
O-101589,OPP-201589,C-3240,2023-05-25,2023-05-06,2023-06-08,2023-05-25,16542,18,202,Receipt Printer,Hardware,Salesperson_1,North America,Germany,City_19,Won,Partner,False,919.0,33
O-101590,OPP-201590,C-2515,2023-06-20,2023-05-29,2023-07-06,2023-05-29,2828,7,101,CRM Pro,Software,Salesperson_13,Asia,Pakistan,City_3,Won,Outbound,True,404.0,38
O-101591,OPP-201591,C-4135,2023-07-24,2023-07-09,2023-07-25,2023-07-09,26904,19,202,Receipt Printer,Hardware,Salesperson_7,Asia,UK,City_15,Won,Inbound,True,1416.0,16
O-101592,OPP-201592,C-4782,2024-11-02,2024-10-07,2024-11-19,2024-11-02,5096,7,102,Analytics Suite,Software,Salesperson_8,North America,Pakistan,City_18,Won,Outbound,False,728.0,43
O-101593,OPP-201593,C-4654,2024-11-05,2024-10-14,2024-11-19,2024-10-14,16480,10,201,POS Terminal,Hardware,Salesperson_6,Europe,UK,City_17,Won,Partner,True,1648.0,36
O-101594,OPP-201594,C-1619,2024-06-16,2024-06-10,2024-06-26,2024-06-10,4275,15,101,CRM Pro,Software,Salesperson_2,North America,Pakistan,City_16,Won,Partner,False,285.0,16
O-101595,OPP-201595,C-2560,2023-05-16,2023-05-01,2023-06-02,2023-05-01,2280,12,202,Receipt Printer,Hardware,Salesperson_7,North America,India,City_8,Won,Partner,True,190.0,32
O-101596,OPP-201596,C-3407,2023-05-02,2023-04-04,2023-05-16,2023-05-02,19820,10,202,Receipt Printer,Hardware,Salesperson_11,North America,UK,City_9,Won,Outbound,False,1982.0,42
O-101597,OPP-201597,C-2477,2024-03-21,2024-02-21,2024-03-29,2024-02-21,8739,9,101,CRM Pro,Software,Salesperson_9,North America,Pakistan,City_8,Won,Partner,True,971.0,37
O-101598,OPP-201598,C-2143,2023-03-09,2023-02-13,2023-03-25,2023-03-09,11361,7,201,POS Terminal,Hardware,Salesperson_6,Europe,Pakistan,City_1,Won,Inbound,False,1623.0,40
O-101599,OPP-201599,C-1205,2023-04-10,2023-03-19,2023-04-13,2023-03-19,3366,18,102,Analytics Suite,Software,Salesperson_4,Asia,Pakistan,City_5,Won,Partner,False,187.0,25
O-101600,OPP-201600,C-2963,2024-06-30,2024-06-25,2024-07-10,2024-06-25,14991,19,101,CRM Pro,Software,Salesperson_3,Asia,USA,City_8,Won,Inbound,True,789.0,15
O-101601,OPP-201601,C-1431,2024-01-03,2023-12-25,2024-01-06,2024-01-03,2616,3,103,Sales Booster,Software,Salesperson_8,Europe,Germany,City_14,Won,Inbound,False,872.0,12
O-101602,OPP-201602,C-2620,2024-06-22,2024-06-02,2024-06-26,2024-06-02,18990,18,101,CRM Pro,Software,Salesperson_7,Asia,India,City_1,Won,Inbound,True,1055.0,24
O-101603,OPP-201603,C-3495,2023-07-05,2023-06-29,2023-07-20,2023-07-05,31472,16,101,CRM Pro,Software,Salesperson_8,Europe,Germany,City_10,Won,Inbound,False,1967.0,21
O-101604,OPP-201604,C-1205,2023-09-30,2023-09-24,2023-10-09,2023-09-24,5412,4,103,Sales Booster,Software,Salesperson_3,Asia,USA,City_17,Won,Inbound,False,1353.0,15
O-101605,OPP-201605,C-3674,2024-03-02,2024-02-22,2024-03-10,2024-02-22,11172,6,102,Analytics Suite,Software,Salesperson_7,Europe,UK,City_14,Won,Partner,True,1862.0,17
O-101606,OPP-201606,C-3824,2024-08-05,2024-07-23,2024-08-12,2024-07-23,3930,10,202,Receipt Printer,Hardware,Salesperson_9,Asia,UK,City_17,Won,Partner,True,393.0,20
O-101607,OPP-201607,C-2529,2024-06-13,2024-05-14,2024-06-22,2024-05-14,15691,13,103,Sales Booster,Software,Salesperson_13,Europe,Germany,City_19,Won,Outbound,False,1207.0,39
O-101608,OPP-201608,C-4216,2023-01-04,2022-12-07,2023-01-09,2022-12-07,4096,8,201,POS Terminal,Hardware,Salesperson_13,North America,India,City_15,Won,Outbound,False,512.0,33
O-101609,OPP-201609,C-4994,2024-07-08,2024-06-13,2024-07-20,2024-06-13,11219,13,101,CRM Pro,Software,Salesperson_14,North America,UK,City_14,Won,Outbound,False,863.0,37
O-101610,OPP-201610,C-2206,2024-01-22,2024-01-10,2024-02-11,2024-01-10,12848,11,102,Analytics Suite,Software,Salesperson_7,Asia,Germany,City_13,Won,Partner,False,1168.0,32
O-101611,OPP-201611,C-2790,2024-07-29,2024-07-19,2024-08-15,2024-07-19,897,1,102,Analytics Suite,Software,Salesperson_2,North America,UK,City_3,Won,Inbound,True,897.0,27
O-101612,OPP-201612,C-4989,2024-09-30,2024-09-01,2024-10-05,2024-09-01,18696,12,202,Receipt Printer,Hardware,Salesperson_1,Europe,UK,City_14,Won,Partner,True,1558.0,34
O-101613,OPP-201613,C-4656,2024-02-09,2024-01-23,2024-02-13,2024-01-23,13265,7,201,POS Terminal,Hardware,Salesperson_12,Europe,Pakistan,City_11,Won,Partner,True,1895.0,21
O-101614,OPP-201614,C-4848,2024-06-13,2024-06-08,2024-06-14,2024-06-08,12236,14,103,Sales Booster,Software,Salesperson_4,Europe,UK,City_6,Won,Partner,False,874.0,6
O-101615,OPP-201615,C-1199,2024-01-12,2024-01-03,2024-01-29,2024-01-03,6398,7,202,Receipt Printer,Hardware,Salesperson_8,Europe,UK,City_18,Won,Outbound,True,914.0,26
O-101616,OPP-201616,C-2652,2023-03-01,2023-02-09,2023-03-02,2023-03-01,5032,17,201,POS Terminal,Hardware,Salesperson_9,Asia,USA,City_11,Won,Inbound,False,296.0,21
O-101617,OPP-201617,C-4119,2024-02-10,2024-01-12,2024-02-24,2024-01-12,16940,14,102,Analytics Suite,Software,Salesperson_5,North America,Pakistan,City_6,Won,Outbound,True,1210.0,43
O-101618,OPP-201618,C-2748,2023-01-08,2022-12-10,2023-01-17,2022-12-10,1584,3,103,Sales Booster,Software,Salesperson_15,Europe,India,City_17,Won,Partner,False,528.0,38
O-101619,OPP-201619,C-2189,2023-12-21,2023-11-28,2024-01-01,2023-11-28,2376,18,103,Sales Booster,Software,Salesperson_1,Europe,UK,City_15,Won,Partner,False,132.0,34
O-101620,OPP-201620,C-1104,2024-02-09,2024-01-18,2024-02-23,2024-02-09,332,2,202,Receipt Printer,Hardware,Salesperson_3,North America,Germany,City_19,Won,Inbound,True,166.0,36
O-101621,OPP-201621,C-2450,2023-02-24,2023-01-27,2023-03-10,2023-01-27,9792,16,202,Receipt Printer,Hardware,Salesperson_8,Europe,Germany,City_9,Won,Outbound,False,612.0,42
O-101622,OPP-201622,C-4723,2024-12-05,2024-11-21,2024-12-12,2024-11-21,2718,2,102,Analytics Suite,Software,Salesperson_9,Asia,Germany,City_16,Won,Outbound,True,1359.0,21
O-101623,OPP-201623,C-2445,2023-04-29,2023-04-19,2023-05-09,2023-04-29,3873,3,101,CRM Pro,Software,Salesperson_13,North America,India,City_2,Won,Inbound,False,1291.0,20
O-101624,OPP-201624,C-2746,2024-09-20,2024-09-09,2024-09-26,2024-09-09,9251,11,101,CRM Pro,Software,Salesperson_5,North America,India,City_5,Won,Outbound,True,841.0,17
O-101625,OPP-201625,C-3035,2023-11-08,2023-10-11,2023-11-12,2023-10-11,10963,19,103,Sales Booster,Software,Salesperson_11,Asia,Pakistan,City_7,Won,Outbound,True,577.0,32
O-101626,OPP-201626,C-1436,2023-05-01,2023-04-21,2023-05-13,2023-04-21,3768,12,201,POS Terminal,Hardware,Salesperson_5,Europe,USA,City_5,Won,Inbound,True,314.0,22
O-101627,OPP-201627,C-4695,2024-12-12,2024-11-28,2024-12-14,2024-11-28,2232,6,202,Receipt Printer,Hardware,Salesperson_10,North America,India,City_9,Won,Partner,True,372.0,16
O-101628,OPP-201628,C-2033,2023-06-12,2023-05-13,2023-06-15,2023-05-13,24645,15,202,Receipt Printer,Hardware,Salesperson_10,Asia,UK,City_2,Won,Inbound,True,1643.0,33
O-101629,OPP-201629,C-4720,2024-05-04,2024-04-11,2024-05-19,2024-05-04,1197,1,103,Sales Booster,Software,Salesperson_2,Europe,USA,City_1,Won,Inbound,True,1197.0,38
O-101630,OPP-201630,C-3578,2023-06-19,2023-06-06,2023-06-22,2023-06-06,2235,3,201,POS Terminal,Hardware,Salesperson_11,North America,Pakistan,City_4,Won,Outbound,True,745.0,16
O-101631,OPP-201631,C-1352,2024-01-15,2023-12-18,2024-01-22,2023-12-18,2988,18,103,Sales Booster,Software,Salesperson_6,Europe,Pakistan,City_1,Won,Inbound,True,166.0,35
O-101632,OPP-201632,C-2096,2024-01-10,2023-12-14,2024-01-20,2023-12-14,4761,3,201,POS Terminal,Hardware,Salesperson_5,Asia,USA,City_20,Won,Outbound,False,1587.0,37
O-101633,OPP-201633,C-4011,2023-09-03,2023-08-05,2023-09-16,2023-09-03,33725,19,101,CRM Pro,Software,Salesperson_11,Europe,India,City_20,Won,Inbound,False,1775.0,42
O-101634,OPP-201634,C-2144,2024-01-01,2023-12-20,2024-01-08,2023-12-20,2428,4,101,CRM Pro,Software,Salesperson_1,Europe,Germany,City_13,Won,Inbound,False,607.0,19
O-101635,OPP-201635,C-4100,2024-01-01,2023-12-07,2024-01-17,2023-12-07,2058,7,202,Receipt Printer,Hardware,Salesperson_5,Asia,Germany,City_12,Won,Inbound,True,294.0,41
O-101636,OPP-201636,C-3531,2023-12-19,2023-11-27,2024-01-04,2023-11-27,15040,20,202,Receipt Printer,Hardware,Salesperson_4,North America,Germany,City_7,Won,Outbound,True,752.0,38
O-101637,OPP-201637,C-4903,2024-03-25,2024-03-13,2024-04-09,2024-03-25,8240,8,201,POS Terminal,Hardware,Salesperson_13,North America,USA,City_11,Won,Partner,False,1030.0,27
O-101638,OPP-201638,C-2096,2023-09-20,2023-09-04,2023-09-26,2023-09-20,2736,2,103,Sales Booster,Software,Salesperson_10,North America,UK,City_4,Won,Outbound,True,1368.0,22
O-101639,OPP-201639,C-4449,2023-11-21,2023-11-01,2023-11-25,2023-11-01,17330,10,101,CRM Pro,Software,Salesperson_11,Europe,Pakistan,City_1,Won,Outbound,True,1733.0,24
O-101640,OPP-201640,C-1707,2024-07-03,2024-06-25,2024-07-04,2024-07-03,6480,4,102,Analytics Suite,Software,Salesperson_4,Asia,USA,City_19,Won,Outbound,True,1620.0,9
O-101641,OPP-201641,C-3981,2024-12-07,2024-11-16,2024-12-13,2024-11-16,28272,19,103,Sales Booster,Software,Salesperson_12,Europe,UK,City_9,Won,Outbound,False,1488.0,27
O-101642,OPP-201642,C-2098,2023-09-29,2023-09-01,2023-09-30,2023-09-01,5760,4,102,Analytics Suite,Software,Salesperson_10,Europe,USA,City_3,Won,Inbound,False,1440.0,29
O-101643,OPP-201643,C-4469,2023-01-03,2022-12-11,2023-01-20,2023-01-03,1014,6,101,CRM Pro,Software,Salesperson_8,Asia,India,City_20,Won,Partner,True,169.0,40
O-101644,OPP-201644,C-4937,2024-05-25,2024-05-09,2024-06-06,2024-05-25,32215,17,201,POS Terminal,Hardware,Salesperson_3,Asia,USA,City_10,Won,Partner,False,1895.0,28
O-101645,OPP-201645,C-2139,2023-11-07,2023-10-17,2023-11-26,2023-11-07,20048,16,103,Sales Booster,Software,Salesperson_2,North America,India,City_12,Won,Partner,True,1253.0,40
O-101646,OPP-201646,C-3821,2024-11-19,2024-10-27,2024-12-05,2024-10-27,997,1,102,Analytics Suite,Software,Salesperson_13,Europe,USA,City_17,Won,Inbound,False,997.0,39
O-101647,OPP-201647,C-1667,2024-06-22,2024-06-15,2024-07-10,2024-06-22,939,3,102,Analytics Suite,Software,Salesperson_15,North America,USA,City_15,Won,Inbound,True,313.0,25
O-101648,OPP-201648,C-4792,2024-06-03,2024-05-14,2024-06-15,2024-06-03,26380,20,201,POS Terminal,Hardware,Salesperson_3,Europe,Pakistan,City_6,Won,Outbound,False,1319.0,32
O-101649,OPP-201649,C-3217,2023-05-02,2023-04-22,2023-05-22,2023-04-22,16188,19,103,Sales Booster,Software,Salesperson_13,North America,Pakistan,City_10,Won,Outbound,True,852.0,30
O-101650,OPP-201650,C-3649,2024-08-09,2024-07-12,2024-08-16,2024-07-12,18736,16,201,POS Terminal,Hardware,Salesperson_7,Asia,Pakistan,City_18,Won,Partner,True,1171.0,35
O-101651,OPP-201651,C-2730,2023-11-26,2023-11-08,2023-12-06,2023-11-08,4788,14,102,Analytics Suite,Software,Salesperson_11,North America,Germany,City_9,Won,Inbound,True,342.0,28
O-101652,OPP-201652,C-4779,2024-07-12,2024-06-14,2024-07-30,2024-06-14,10857,11,201,POS Terminal,Hardware,Salesperson_14,North America,UK,City_15,Won,Outbound,True,987.0,46
O-101653,OPP-201653,C-2471,2023-04-07,2023-03-27,2023-04-12,2023-04-07,9144,8,101,CRM Pro,Software,Salesperson_6,Asia,Pakistan,City_7,Won,Partner,False,1143.0,16
O-101654,OPP-201654,C-1824,2024-05-29,2024-05-20,2024-06-09,2024-05-20,9488,8,202,Receipt Printer,Hardware,Salesperson_7,Asia,USA,City_19,Won,Inbound,False,1186.0,20
O-101655,OPP-201655,C-1175,2023-02-16,2023-02-07,2023-03-08,2023-02-07,7805,7,201,POS Terminal,Hardware,Salesperson_12,Europe,Pakistan,City_1,Won,Partner,False,1115.0,29
O-101656,OPP-201656,C-1331,2023-11-29,2023-11-19,2023-12-10,2023-11-19,1072,4,201,POS Terminal,Hardware,Salesperson_6,Asia,UK,City_9,Won,Outbound,True,268.0,21
O-101657,OPP-201657,C-2670,2023-12-03,2023-11-17,2023-12-21,2023-11-17,6396,13,101,CRM Pro,Software,Salesperson_9,Asia,UK,City_1,Won,Inbound,True,492.0,34
O-101658,OPP-201658,C-2090,2024-08-04,2024-07-08,2024-08-16,2024-08-04,3144,2,102,Analytics Suite,Software,Salesperson_7,North America,Germany,City_9,Won,Outbound,False,1572.0,39
O-101659,OPP-201659,C-3657,2024-11-07,2024-10-25,2024-11-27,2024-11-07,5367,3,102,Analytics Suite,Software,Salesperson_4,North America,Pakistan,City_2,Won,Partner,False,1789.0,33
O-101660,OPP-201660,C-2699,2023-02-24,2023-02-15,2023-03-03,2023-02-15,25959,17,103,Sales Booster,Software,Salesperson_10,Asia,UK,City_5,Won,Inbound,False,1527.0,16
O-101661,OPP-201661,C-3009,2024-01-06,2023-12-11,2024-01-25,2024-01-06,5885,11,102,Analytics Suite,Software,Salesperson_3,Europe,Pakistan,City_7,Won,Partner,True,535.0,45
O-101662,OPP-201662,C-1275,2023-09-10,2023-08-15,2023-09-18,2023-08-15,8000,8,202,Receipt Printer,Hardware,Salesperson_3,Europe,Pakistan,City_1,Won,Inbound,False,1000.0,34
O-101663,OPP-201663,C-3437,2024-02-18,2024-02-10,2024-02-19,2024-02-18,7722,11,201,POS Terminal,Hardware,Salesperson_12,Asia,Pakistan,City_15,Won,Partner,False,702.0,9
O-101664,OPP-201664,C-3711,2024-12-29,2024-12-17,2025-01-03,2024-12-17,2176,16,103,Sales Booster,Software,Salesperson_7,Asia,Pakistan,City_14,Won,Inbound,False,136.0,17
O-101665,OPP-201665,C-4416,2024-05-16,2024-05-01,2024-06-01,2024-05-01,30240,16,101,CRM Pro,Software,Salesperson_10,North America,India,City_19,Won,Partner,True,1890.0,31
O-101666,OPP-201666,C-1299,2023-02-11,2023-01-12,2023-02-17,2023-01-12,12620,20,102,Analytics Suite,Software,Salesperson_11,Asia,India,City_15,Won,Partner,False,631.0,36
O-101667,OPP-201667,C-4205,2024-05-04,2024-04-29,2024-05-06,2024-04-29,11079,9,103,Sales Booster,Software,Salesperson_15,Asia,Pakistan,City_5,Won,Inbound,False,1231.0,7
O-101668,OPP-201668,C-3390,2023-11-08,2023-10-25,2023-11-25,2023-10-25,2023,7,201,POS Terminal,Hardware,Salesperson_13,Asia,UK,City_3,Won,Inbound,True,289.0,31
O-101669,OPP-201669,C-3715,2023-10-27,2023-10-15,2023-11-02,2023-10-15,2163,3,102,Analytics Suite,Software,Salesperson_5,North America,Germany,City_11,Won,Inbound,True,721.0,18
O-101670,OPP-201670,C-4898,2024-05-28,2024-04-28,2024-06-06,2024-04-28,7266,6,101,CRM Pro,Software,Salesperson_13,Asia,Germany,City_10,Won,Outbound,False,1211.0,39
O-101671,OPP-201671,C-4827,2023-09-18,2023-08-31,2023-10-05,2023-08-31,6685,7,201,POS Terminal,Hardware,Salesperson_5,North America,Germany,City_2,Won,Partner,True,955.0,35
O-101672,OPP-201672,C-2367,2023-04-27,2023-04-18,2023-05-10,2023-04-18,10976,7,101,CRM Pro,Software,Salesperson_2,Asia,Pakistan,City_1,Won,Outbound,False,1568.0,22
O-101673,OPP-201673,C-4204,2023-10-22,2023-10-01,2023-11-05,2023-10-01,8041,11,102,Analytics Suite,Software,Salesperson_12,Asia,Germany,City_16,Won,Outbound,True,731.0,35
O-101674,OPP-201674,C-2608,2024-07-17,2024-07-07,2024-07-24,2024-07-07,4200,12,103,Sales Booster,Software,Salesperson_1,Europe,Germany,City_6,Won,Partner,True,350.0,17
O-101675,OPP-201675,C-3842,2023-08-01,2023-07-09,2023-08-13,2023-07-09,18348,11,202,Receipt Printer,Hardware,Salesperson_12,North America,USA,City_7,Won,Outbound,False,1668.0,35
O-101676,OPP-201676,C-2001,2024-10-18,2024-10-09,2024-11-05,2024-10-09,12852,14,201,POS Terminal,Hardware,Salesperson_5,Europe,UK,City_1,Won,Partner,False,918.0,27
O-101677,OPP-201677,C-4804,2024-01-17,2023-12-25,2024-02-05,2023-12-25,6924,4,201,POS Terminal,Hardware,Salesperson_6,Europe,Germany,City_10,Won,Outbound,True,1731.0,42
O-101678,OPP-201678,C-1890,2024-12-31,2024-12-25,2025-01-15,2024-12-25,15579,9,101,CRM Pro,Software,Salesperson_5,Asia,Germany,City_3,Won,Outbound,True,1731.0,21
O-101679,OPP-201679,C-2515,2024-12-04,2024-11-29,2024-12-20,2024-11-29,18300,10,202,Receipt Printer,Hardware,Salesperson_4,North America,UK,City_5,Won,Outbound,False,1830.0,21
O-101680,OPP-201680,C-1945,2023-09-26,2023-09-20,2023-10-11,2023-09-20,1335,5,102,Analytics Suite,Software,Salesperson_11,Europe,Germany,City_5,Won,Inbound,False,267.0,21
O-101681,OPP-201681,C-2869,2024-01-20,2023-12-30,2024-01-30,2024-01-20,7688,4,103,Sales Booster,Software,Salesperson_1,North America,Pakistan,City_8,Won,Inbound,True,1922.0,31
O-101682,OPP-201682,C-3360,2023-11-02,2023-10-09,2023-11-18,2023-10-09,15020,10,201,POS Terminal,Hardware,Salesperson_5,Asia,UK,City_3,Won,Outbound,False,1502.0,40
O-101683,OPP-201683,C-1070,2023-07-07,2023-06-25,2023-07-16,2023-07-07,17160,15,201,POS Terminal,Hardware,Salesperson_2,North America,Pakistan,City_14,Won,Outbound,True,1144.0,21
O-101684,OPP-201684,C-3198,2023-11-27,2023-11-10,2023-12-01,2023-11-27,5505,3,101,CRM Pro,Software,Salesperson_5,North America,UK,City_14,Won,Outbound,False,1835.0,21
O-101685,OPP-201685,C-4489,2023-01-12,2022-12-26,2023-01-22,2022-12-26,17820,18,102,Analytics Suite,Software,Salesperson_1,Europe,UK,City_4,Won,Outbound,False,990.0,27
O-101686,OPP-201686,C-2431,2024-10-02,2024-09-25,2024-10-17,2024-10-02,5336,4,201,POS Terminal,Hardware,Salesperson_4,Asia,India,City_7,Won,Outbound,True,1334.0,22
O-101687,OPP-201687,C-1516,2023-08-31,2023-08-08,2023-09-20,2023-08-31,14244,12,101,CRM Pro,Software,Salesperson_5,Europe,Germany,City_11,Won,Partner,True,1187.0,43
O-101688,OPP-201688,C-4117,2024-03-24,2024-02-24,2024-03-29,2024-02-24,7290,9,201,POS Terminal,Hardware,Salesperson_15,Asia,Germany,City_4,Won,Partner,True,810.0,34
O-101689,OPP-201689,C-1921,2023-04-15,2023-04-07,2023-04-21,2023-04-07,8672,16,101,CRM Pro,Software,Salesperson_15,North America,USA,City_17,Won,Inbound,True,542.0,14
O-101690,OPP-201690,C-4126,2024-08-30,2024-08-07,2024-09-13,2024-08-07,4017,13,102,Analytics Suite,Software,Salesperson_2,North America,Pakistan,City_4,Won,Partner,False,309.0,37
O-101691,OPP-201691,C-4082,2024-08-15,2024-08-06,2024-08-27,2024-08-06,27846,18,101,CRM Pro,Software,Salesperson_3,North America,UK,City_4,Won,Partner,False,1547.0,21
O-101692,OPP-201692,C-2411,2024-02-07,2024-01-14,2024-02-16,2024-01-14,12121,17,101,CRM Pro,Software,Salesperson_13,Europe,USA,City_19,Won,Partner,False,713.0,33
O-101693,OPP-201693,C-3101,2024-06-25,2024-05-28,2024-07-02,2024-06-25,684,4,101,CRM Pro,Software,Salesperson_10,Europe,India,City_19,Won,Outbound,True,171.0,35
O-101694,OPP-201694,C-2910,2024-02-23,2024-02-16,2024-02-29,2024-02-23,5580,6,101,CRM Pro,Software,Salesperson_1,North America,UK,City_12,Won,Outbound,True,930.0,13
O-101695,OPP-201695,C-3682,2023-09-26,2023-09-21,2023-10-05,2023-09-21,7434,9,201,POS Terminal,Hardware,Salesperson_6,Asia,Germany,City_17,Won,Partner,False,826.0,14
O-101696,OPP-201696,C-4582,2023-12-22,2023-12-02,2024-01-03,2023-12-02,9372,12,202,Receipt Printer,Hardware,Salesperson_10,Asia,Pakistan,City_4,Won,Partner,True,781.0,32
O-101697,OPP-201697,C-2319,2024-11-19,2024-10-25,2024-12-02,2024-10-25,5478,6,201,POS Terminal,Hardware,Salesperson_12,Europe,Pakistan,City_9,Won,Partner,True,913.0,38
O-101698,OPP-201698,C-1773,2024-10-13,2024-09-15,2024-10-25,2024-09-15,21698,19,202,Receipt Printer,Hardware,Salesperson_14,Europe,Pakistan,City_17,Won,Outbound,False,1142.0,40
O-101699,OPP-201699,C-1660,2023-04-25,2023-04-16,2023-05-13,2023-04-25,10824,6,102,Analytics Suite,Software,Salesperson_2,North America,UK,City_8,Won,Inbound,True,1804.0,27
O-101700,OPP-201700,C-1680,2023-07-22,2023-07-13,2023-08-01,2023-07-13,20072,13,202,Receipt Printer,Hardware,Salesperson_11,Europe,Germany,City_18,Won,Inbound,True,1544.0,19
O-101701,OPP-201701,C-4167,2023-04-20,2023-04-04,2023-04-26,2023-04-04,17276,14,101,CRM Pro,Software,Salesperson_14,Europe,UK,City_18,Won,Inbound,True,1234.0,22
O-101702,OPP-201702,C-2476,2023-09-06,2023-08-21,2023-09-19,2023-08-21,10146,19,201,POS Terminal,Hardware,Salesperson_9,Europe,Pakistan,City_12,Won,Outbound,True,534.0,29
O-101703,OPP-201703,C-1959,2023-03-24,2023-03-01,2023-03-29,2023-03-01,6726,6,101,CRM Pro,Software,Salesperson_15,North America,India,City_10,Won,Partner,False,1121.0,28
O-101704,OPP-201704,C-1446,2023-07-01,2023-06-07,2023-07-17,2023-06-07,20520,15,202,Receipt Printer,Hardware,Salesperson_14,North America,Pakistan,City_8,Won,Partner,True,1368.0,40
O-101705,OPP-201705,C-1293,2023-04-10,2023-03-12,2023-04-16,2023-03-12,17568,9,201,POS Terminal,Hardware,Salesperson_1,Europe,Pakistan,City_3,Won,Outbound,False,1952.0,35
O-101706,OPP-201706,C-1318,2023-06-20,2023-05-26,2023-06-26,2023-06-20,5502,14,101,CRM Pro,Software,Salesperson_14,Asia,India,City_10,Won,Inbound,False,393.0,31
O-101707,OPP-201707,C-2209,2024-08-13,2024-08-06,2024-08-23,2024-08-06,4032,4,201,POS Terminal,Hardware,Salesperson_9,North America,India,City_8,Won,Partner,True,1008.0,17
O-101708,OPP-201708,C-4989,2023-01-24,2023-01-19,2023-01-27,2023-01-19,928,2,102,Analytics Suite,Software,Salesperson_14,Asia,UK,City_10,Won,Partner,False,464.0,8
O-101709,OPP-201709,C-1813,2024-03-17,2024-02-24,2024-03-25,2024-03-17,17130,15,201,POS Terminal,Hardware,Salesperson_2,Europe,USA,City_16,Won,Inbound,True,1142.0,30
O-101710,OPP-201710,C-2935,2023-11-01,2023-10-06,2023-11-07,2023-10-06,19548,18,202,Receipt Printer,Hardware,Salesperson_7,Europe,Pakistan,City_16,Won,Outbound,False,1086.0,32
O-101711,OPP-201711,C-2812,2023-02-05,2023-01-21,2023-02-15,2023-02-05,4260,6,101,CRM Pro,Software,Salesperson_2,North America,UK,City_9,Won,Partner,True,710.0,25
O-101712,OPP-201712,C-2038,2023-07-05,2023-06-30,2023-07-16,2023-06-30,5800,4,103,Sales Booster,Software,Salesperson_11,Europe,UK,City_14,Won,Outbound,False,1450.0,16
O-101713,OPP-201713,C-3147,2023-03-12,2023-02-25,2023-03-20,2023-03-12,16740,12,102,Analytics Suite,Software,Salesperson_1,Asia,India,City_10,Won,Inbound,False,1395.0,23
O-101714,OPP-201714,C-3980,2023-01-03,2022-12-08,2023-01-10,2022-12-08,4758,13,101,CRM Pro,Software,Salesperson_7,Europe,UK,City_10,Won,Partner,True,366.0,33
O-101715,OPP-201715,C-2971,2023-09-12,2023-08-27,2023-09-19,2023-08-27,13664,7,103,Sales Booster,Software,Salesperson_11,Asia,Germany,City_18,Won,Outbound,False,1952.0,23
O-101716,OPP-201716,C-2836,2024-08-31,2024-08-08,2024-09-09,2024-08-31,3890,10,201,POS Terminal,Hardware,Salesperson_4,Europe,UK,City_1,Won,Inbound,True,389.0,32
O-101717,OPP-201717,C-3389,2023-08-20,2023-07-28,2023-08-25,2023-08-20,35874,18,101,CRM Pro,Software,Salesperson_3,North America,USA,City_11,Won,Outbound,False,1993.0,28
O-101718,OPP-201718,C-4124,2023-03-23,2023-02-25,2023-03-30,2023-02-25,4865,7,103,Sales Booster,Software,Salesperson_11,Europe,UK,City_18,Won,Partner,True,695.0,33
O-101719,OPP-201719,C-1991,2024-04-17,2024-04-08,2024-04-26,2024-04-08,6561,9,103,Sales Booster,Software,Salesperson_13,Europe,USA,City_8,Won,Partner,True,729.0,18
O-101720,OPP-201720,C-3126,2023-01-15,2022-12-31,2023-01-28,2022-12-31,3681,9,201,POS Terminal,Hardware,Salesperson_2,Europe,Pakistan,City_16,Won,Outbound,False,409.0,28
O-101721,OPP-201721,C-3361,2023-09-20,2023-09-10,2023-10-05,2023-09-10,4134,3,101,CRM Pro,Software,Salesperson_13,North America,UK,City_6,Won,Outbound,True,1378.0,25
O-101722,OPP-201722,C-3199,2023-09-21,2023-08-24,2023-10-03,2023-08-24,6210,9,202,Receipt Printer,Hardware,Salesperson_14,Europe,UK,City_3,Won,Partner,False,690.0,40
O-101723,OPP-201723,C-4158,2023-04-11,2023-03-29,2023-04-19,2023-03-29,11856,16,103,Sales Booster,Software,Salesperson_3,Asia,Pakistan,City_19,Won,Inbound,False,741.0,21
O-101724,OPP-201724,C-3937,2024-10-17,2024-10-09,2024-11-06,2024-10-09,5805,3,102,Analytics Suite,Software,Salesperson_11,Asia,Pakistan,City_1,Won,Inbound,False,1935.0,28
O-101725,OPP-201725,C-1009,2024-01-02,2023-12-05,2024-01-05,2024-01-02,7267,13,202,Receipt Printer,Hardware,Salesperson_2,Asia,USA,City_15,Won,Outbound,False,559.0,31
O-101726,OPP-201726,C-4583,2023-11-02,2023-10-26,2023-11-05,2023-11-02,1434,3,103,Sales Booster,Software,Salesperson_4,Europe,Germany,City_11,Won,Partner,False,478.0,10
O-101727,OPP-201727,C-3549,2024-07-15,2024-06-27,2024-07-16,2024-06-27,16926,13,102,Analytics Suite,Software,Salesperson_10,North America,India,City_8,Won,Outbound,False,1302.0,19
O-101728,OPP-201728,C-2981,2023-08-10,2023-07-26,2023-08-11,2023-07-26,21348,18,201,POS Terminal,Hardware,Salesperson_1,Asia,Pakistan,City_17,Won,Inbound,False,1186.0,16
O-101729,OPP-201729,C-4553,2024-03-14,2024-03-01,2024-03-24,2024-03-01,7308,18,102,Analytics Suite,Software,Salesperson_13,Europe,USA,City_3,Won,Outbound,True,406.0,23
O-101730,OPP-201730,C-2727,2023-12-14,2023-12-02,2023-12-26,2023-12-14,13429,13,202,Receipt Printer,Hardware,Salesperson_5,Europe,Pakistan,City_7,Won,Partner,True,1033.0,24
O-101731,OPP-201731,C-1090,2024-12-11,2024-11-27,2024-12-12,2024-11-27,1288,2,103,Sales Booster,Software,Salesperson_15,Asia,UK,City_17,Won,Outbound,True,644.0,15
O-101732,OPP-201732,C-4549,2024-08-21,2024-08-09,2024-08-29,2024-08-09,6615,5,101,CRM Pro,Software,Salesperson_10,North America,USA,City_9,Won,Partner,True,1323.0,20
O-101733,OPP-201733,C-3668,2024-04-05,2024-03-25,2024-04-24,2024-03-25,3201,3,103,Sales Booster,Software,Salesperson_5,Asia,UK,City_19,Won,Partner,False,1067.0,30
O-101734,OPP-201734,C-1247,2023-12-28,2023-12-06,2024-01-12,2023-12-06,33307,19,102,Analytics Suite,Software,Salesperson_5,Europe,Pakistan,City_9,Won,Partner,True,1753.0,37
O-101735,OPP-201735,C-3022,2024-04-25,2024-04-13,2024-05-03,2024-04-25,1536,2,102,Analytics Suite,Software,Salesperson_10,North America,UK,City_19,Won,Outbound,True,768.0,20
O-101736,OPP-201736,C-2593,2024-05-03,2024-04-05,2024-05-17,2024-04-05,15450,10,103,Sales Booster,Software,Salesperson_11,Asia,Germany,City_10,Won,Outbound,False,1545.0,42
O-101737,OPP-201737,C-1044,2023-08-13,2023-07-16,2023-08-27,2023-07-16,29680,16,102,Analytics Suite,Software,Salesperson_11,North America,India,City_3,Won,Partner,False,1855.0,42
O-101738,OPP-201738,C-1775,2023-04-06,2023-03-12,2023-04-14,2023-04-06,7705,5,201,POS Terminal,Hardware,Salesperson_6,North America,Germany,City_15,Won,Inbound,False,1541.0,33
O-101739,OPP-201739,C-3992,2024-11-12,2024-10-15,2024-11-17,2024-11-12,19474,14,202,Receipt Printer,Hardware,Salesperson_7,North America,Pakistan,City_3,Won,Outbound,False,1391.0,33
O-101740,OPP-201740,C-1348,2024-12-02,2024-11-15,2024-12-12,2024-11-15,10134,18,103,Sales Booster,Software,Salesperson_15,North America,Germany,City_1,Won,Outbound,False,563.0,27
O-101741,OPP-201741,C-1160,2023-01-03,2022-12-20,2023-01-06,2023-01-03,9414,6,101,CRM Pro,Software,Salesperson_12,Europe,UK,City_20,Won,Inbound,False,1569.0,17
O-101742,OPP-201742,C-1687,2023-04-17,2023-04-01,2023-04-18,2023-04-01,18920,20,202,Receipt Printer,Hardware,Salesperson_3,North America,India,City_19,Won,Outbound,False,946.0,17
O-101743,OPP-201743,C-4084,2023-08-28,2023-08-18,2023-09-10,2023-08-18,3052,4,102,Analytics Suite,Software,Salesperson_6,North America,Pakistan,City_3,Won,Outbound,True,763.0,23
O-101744,OPP-201744,C-4206,2024-03-03,2024-02-07,2024-03-20,2024-03-03,26064,16,202,Receipt Printer,Hardware,Salesperson_12,North America,Pakistan,City_10,Won,Outbound,False,1629.0,42
O-101745,OPP-201745,C-3226,2024-07-15,2024-06-22,2024-08-01,2024-06-22,3655,5,103,Sales Booster,Software,Salesperson_15,North America,Pakistan,City_14,Won,Outbound,False,731.0,40
O-101746,OPP-201746,C-1348,2024-05-08,2024-04-10,2024-05-14,2024-04-10,27790,14,102,Analytics Suite,Software,Salesperson_3,Europe,UK,City_10,Won,Inbound,True,1985.0,34
O-101747,OPP-201747,C-2689,2024-01-03,2023-12-22,2024-01-08,2023-12-22,25025,13,102,Analytics Suite,Software,Salesperson_14,Europe,UK,City_19,Won,Outbound,False,1925.0,17
O-101748,OPP-201748,C-1796,2024-01-16,2024-01-01,2024-01-26,2024-01-01,3796,13,102,Analytics Suite,Software,Salesperson_4,Europe,Germany,City_10,Won,Inbound,True,292.0,25
O-101749,OPP-201749,C-3365,2024-02-22,2024-02-07,2024-03-13,2024-02-22,15564,12,103,Sales Booster,Software,Salesperson_12,North America,Pakistan,City_17,Won,Inbound,False,1297.0,35
O-101750,OPP-201750,C-4680,2023-12-27,2023-12-08,2024-01-05,2023-12-27,22724,13,201,POS Terminal,Hardware,Salesperson_9,Europe,USA,City_10,Won,Outbound,False,1748.0,28
O-101751,OPP-201751,C-4992,2023-08-30,2023-08-15,2023-09-18,2023-08-15,24440,20,202,Receipt Printer,Hardware,Salesperson_8,Asia,Pakistan,City_7,Won,Inbound,False,1222.0,34
O-101752,OPP-201752,C-4255,2023-07-27,2023-06-28,2023-08-16,2023-07-27,1370,1,202,Receipt Printer,Hardware,Salesperson_11,North America,Pakistan,City_19,Won,Partner,False,1370.0,49
O-101753,OPP-201753,C-3292,2023-07-12,2023-06-16,2023-07-16,2023-06-16,5205,3,103,Sales Booster,Software,Salesperson_2,North America,USA,City_12,Won,Partner,True,1735.0,30
O-101754,OPP-201754,C-3856,2024-04-16,2024-04-02,2024-05-02,2024-04-02,20445,15,102,Analytics Suite,Software,Salesperson_3,Asia,Pakistan,City_5,Won,Inbound,True,1363.0,30
O-101755,OPP-201755,C-4192,2023-06-26,2023-05-31,2023-07-07,2023-05-31,28350,18,102,Analytics Suite,Software,Salesperson_7,North America,UK,City_10,Won,Inbound,False,1575.0,37
O-101756,OPP-201756,C-1076,2024-10-27,2024-09-27,2024-11-05,2024-09-27,22320,18,103,Sales Booster,Software,Salesperson_1,Asia,Germany,City_10,Won,Inbound,True,1240.0,39
O-101757,OPP-201757,C-2609,2024-02-28,2024-02-06,2024-03-03,2024-02-06,2192,16,202,Receipt Printer,Hardware,Salesperson_14,Europe,USA,City_7,Won,Outbound,False,137.0,26
O-101758,OPP-201758,C-2272,2024-05-07,2024-04-29,2024-05-23,2024-04-29,26610,15,201,POS Terminal,Hardware,Salesperson_15,Europe,USA,City_11,Won,Partner,True,1774.0,24
O-101759,OPP-201759,C-4077,2024-09-12,2024-08-22,2024-09-25,2024-08-22,8272,8,101,CRM Pro,Software,Salesperson_12,Europe,USA,City_19,Won,Inbound,False,1034.0,34
O-101760,OPP-201760,C-1136,2024-05-09,2024-04-29,2024-05-29,2024-05-09,11186,14,103,Sales Booster,Software,Salesperson_5,North America,Pakistan,City_14,Won,Inbound,True,799.0,30
O-101761,OPP-201761,C-3215,2024-05-17,2024-05-11,2024-06-01,2024-05-11,7266,6,201,POS Terminal,Hardware,Salesperson_10,Asia,USA,City_7,Won,Partner,False,1211.0,21
O-101762,OPP-201762,C-4014,2023-02-14,2023-01-31,2023-02-28,2023-01-31,4904,8,103,Sales Booster,Software,Salesperson_10,Asia,Germany,City_17,Won,Outbound,True,613.0,28
O-101763,OPP-201763,C-4721,2023-11-24,2023-11-01,2023-11-30,2023-11-01,9600,6,102,Analytics Suite,Software,Salesperson_7,Europe,Germany,City_8,Won,Outbound,True,1600.0,29
O-101764,OPP-201764,C-4954,2024-11-11,2024-10-29,2024-11-29,2024-10-29,6385,5,101,CRM Pro,Software,Salesperson_7,Asia,UK,City_14,Won,Inbound,False,1277.0,31
O-101765,OPP-201765,C-1752,2023-10-27,2023-10-21,2023-11-01,2023-10-21,6392,17,102,Analytics Suite,Software,Salesperson_11,Asia,Pakistan,City_20,Won,Partner,True,376.0,11
O-101766,OPP-201766,C-1036,2024-04-17,2024-04-07,2024-04-29,2024-04-17,3800,8,202,Receipt Printer,Hardware,Salesperson_8,Europe,India,City_5,Won,Inbound,False,475.0,22
O-101767,OPP-201767,C-3635,2024-05-25,2024-05-14,2024-06-10,2024-05-14,8264,8,202,Receipt Printer,Hardware,Salesperson_5,North America,Germany,City_18,Won,Outbound,True,1033.0,27
O-101768,OPP-201768,C-1898,2024-03-05,2024-02-18,2024-03-21,2024-02-18,1450,5,103,Sales Booster,Software,Salesperson_7,North America,USA,City_2,Won,Partner,True,290.0,32
O-101769,OPP-201769,C-3462,2024-07-24,2024-07-17,2024-08-06,2024-07-17,3552,2,101,CRM Pro,Software,Salesperson_3,Asia,Pakistan,City_17,Won,Outbound,True,1776.0,20
O-101770,OPP-201770,C-3951,2024-06-26,2024-06-02,2024-07-16,2024-06-26,14700,15,202,Receipt Printer,Hardware,Salesperson_2,Europe,UK,City_15,Won,Outbound,True,980.0,44
O-101771,OPP-201771,C-2613,2023-04-11,2023-03-14,2023-04-26,2023-03-14,27024,16,102,Analytics Suite,Software,Salesperson_15,Europe,India,City_4,Won,Outbound,True,1689.0,43
O-101772,OPP-201772,C-1888,2024-06-18,2024-06-04,2024-06-26,2024-06-04,6831,9,202,Receipt Printer,Hardware,Salesperson_6,Europe,USA,City_9,Won,Outbound,True,759.0,22
O-101773,OPP-201773,C-1576,2023-06-11,2023-05-17,2023-06-23,2023-06-11,20172,12,101,CRM Pro,Software,Salesperson_4,Asia,Germany,City_3,Won,Inbound,False,1681.0,37
O-101774,OPP-201774,C-3223,2024-12-14,2024-12-02,2024-12-23,2024-12-02,17765,17,202,Receipt Printer,Hardware,Salesperson_8,North America,UK,City_14,Won,Partner,True,1045.0,21
O-101775,OPP-201775,C-3974,2024-09-07,2024-08-28,2024-09-14,2024-09-07,3740,20,103,Sales Booster,Software,Salesperson_9,North America,Pakistan,City_14,Won,Inbound,False,187.0,17
O-101776,OPP-201776,C-1172,2023-03-11,2023-02-16,2023-03-26,2023-02-16,378,1,103,Sales Booster,Software,Salesperson_14,Europe,India,City_5,Won,Outbound,True,378.0,38
O-101777,OPP-201777,C-4274,2024-11-10,2024-10-23,2024-11-14,2024-10-23,17190,10,201,POS Terminal,Hardware,Salesperson_10,Europe,Pakistan,City_20,Won,Partner,False,1719.0,22
O-101778,OPP-201778,C-3753,2023-03-05,2023-02-03,2023-03-11,2023-03-05,6792,12,201,POS Terminal,Hardware,Salesperson_11,North America,Pakistan,City_16,Won,Outbound,True,566.0,36
O-101779,OPP-201779,C-2815,2023-03-09,2023-02-20,2023-03-12,2023-02-20,8784,9,101,CRM Pro,Software,Salesperson_6,Europe,Pakistan,City_20,Won,Outbound,True,976.0,20
O-101780,OPP-201780,C-2105,2023-10-30,2023-10-05,2023-11-02,2023-10-05,14240,16,102,Analytics Suite,Software,Salesperson_6,North America,USA,City_17,Won,Inbound,True,890.0,28
O-101781,OPP-201781,C-3315,2023-05-10,2023-04-29,2023-05-14,2023-04-29,11169,17,201,POS Terminal,Hardware,Salesperson_9,North America,Pakistan,City_2,Won,Inbound,False,657.0,15
O-101782,OPP-201782,C-2714,2023-06-20,2023-06-04,2023-06-26,2023-06-20,4960,20,101,CRM Pro,Software,Salesperson_2,Europe,UK,City_5,Won,Outbound,True,248.0,22
O-101783,OPP-201783,C-1417,2023-12-07,2023-11-08,2023-12-26,2023-12-07,447,3,101,CRM Pro,Software,Salesperson_10,Asia,India,City_12,Won,Outbound,True,149.0,48
O-101784,OPP-201784,C-4139,2023-01-25,2022-12-26,2023-01-27,2022-12-26,18954,18,201,POS Terminal,Hardware,Salesperson_6,Europe,Pakistan,City_16,Won,Partner,True,1053.0,32
O-101785,OPP-201785,C-4378,2023-02-25,2023-02-01,2023-03-04,2023-02-01,6165,9,201,POS Terminal,Hardware,Salesperson_11,Europe,India,City_20,Won,Inbound,True,685.0,31
O-101786,OPP-201786,C-2207,2024-09-26,2024-09-06,2024-10-06,2024-09-26,5410,5,103,Sales Booster,Software,Salesperson_14,Europe,India,City_4,Won,Partner,False,1082.0,30
O-101787,OPP-201787,C-2815,2023-01-23,2023-01-02,2023-01-24,2023-01-23,18996,12,102,Analytics Suite,Software,Salesperson_10,Asia,Pakistan,City_6,Won,Outbound,False,1583.0,22
O-101788,OPP-201788,C-2512,2023-11-10,2023-10-15,2023-11-14,2023-11-10,16576,14,202,Receipt Printer,Hardware,Salesperson_8,Asia,India,City_8,Won,Outbound,False,1184.0,30
O-101789,OPP-201789,C-2921,2023-08-25,2023-08-08,2023-08-31,2023-08-25,1647,9,103,Sales Booster,Software,Salesperson_6,North America,India,City_11,Won,Partner,False,183.0,23
O-101790,OPP-201790,C-3974,2023-06-13,2023-05-29,2023-06-24,2023-06-13,3312,8,201,POS Terminal,Hardware,Salesperson_9,Europe,USA,City_10,Won,Outbound,False,414.0,26
O-101791,OPP-201791,C-4944,2024-03-14,2024-03-07,2024-03-23,2024-03-07,543,3,201,POS Terminal,Hardware,Salesperson_7,North America,Germany,City_13,Won,Partner,True,181.0,16
O-101792,OPP-201792,C-1798,2024-11-14,2024-11-07,2024-12-01,2024-11-07,6902,14,202,Receipt Printer,Hardware,Salesperson_6,Asia,UK,City_17,Won,Outbound,True,493.0,24
O-101793,OPP-201793,C-2756,2024-06-09,2024-05-25,2024-06-12,2024-05-25,1563,3,101,CRM Pro,Software,Salesperson_8,Asia,Pakistan,City_4,Won,Outbound,True,521.0,18
O-101794,OPP-201794,C-3742,2023-11-11,2023-10-15,2023-11-22,2023-10-15,1324,2,102,Analytics Suite,Software,Salesperson_1,Asia,Pakistan,City_19,Won,Inbound,True,662.0,38
O-101795,OPP-201795,C-4429,2023-01-07,2022-12-18,2023-01-22,2022-12-18,4935,15,202,Receipt Printer,Hardware,Salesperson_10,Asia,USA,City_9,Won,Inbound,False,329.0,35
O-101796,OPP-201796,C-3672,2023-08-13,2023-07-16,2023-08-31,2023-07-16,2855,5,201,POS Terminal,Hardware,Salesperson_5,Asia,UK,City_15,Won,Inbound,False,571.0,46
O-101797,OPP-201797,C-4649,2023-03-05,2023-02-19,2023-03-10,2023-02-19,20325,15,202,Receipt Printer,Hardware,Salesperson_10,Asia,Germany,City_19,Won,Outbound,False,1355.0,19
O-101798,OPP-201798,C-1528,2023-12-03,2023-11-13,2023-12-06,2023-11-13,20436,12,202,Receipt Printer,Hardware,Salesperson_9,Asia,Germany,City_4,Won,Inbound,False,1703.0,23
O-101799,OPP-201799,C-3798,2023-09-13,2023-08-31,2023-09-16,2023-08-31,18342,18,102,Analytics Suite,Software,Salesperson_4,Europe,UK,City_7,Won,Inbound,True,1019.0,16
O-101800,OPP-201800,C-1208,2023-03-28,2023-03-14,2023-04-10,2023-03-28,25340,20,102,Analytics Suite,Software,Salesperson_11,Europe,Germany,City_6,Won,Inbound,False,1267.0,27
O-101801,OPP-201801,C-1900,2024-05-06,2024-04-17,2024-05-11,2024-04-17,29415,15,202,Receipt Printer,Hardware,Salesperson_3,North America,India,City_4,Won,Partner,False,1961.0,24
O-101802,OPP-201802,C-2111,2023-07-04,2023-06-11,2023-07-24,2023-07-04,540,2,102,Analytics Suite,Software,Salesperson_7,Europe,UK,City_3,Won,Outbound,True,270.0,43
O-101803,OPP-201803,C-2604,2024-05-29,2024-05-24,2024-06-01,2024-05-29,11198,11,103,Sales Booster,Software,Salesperson_12,Europe,India,City_16,Won,Outbound,False,1018.0,8
O-101804,OPP-201804,C-1719,2024-12-08,2024-11-23,2024-12-16,2024-11-23,7620,20,202,Receipt Printer,Hardware,Salesperson_9,North America,Pakistan,City_14,Won,Outbound,True,381.0,23
O-101805,OPP-201805,C-1610,2024-01-17,2023-12-23,2024-01-29,2023-12-23,2512,16,101,CRM Pro,Software,Salesperson_15,Europe,USA,City_10,Won,Partner,True,157.0,37
O-101806,OPP-201806,C-4897,2024-03-31,2024-03-23,2024-04-14,2024-03-23,13496,14,103,Sales Booster,Software,Salesperson_12,Asia,Germany,City_2,Won,Inbound,True,964.0,22
O-101807,OPP-201807,C-1082,2023-07-25,2023-06-30,2023-08-04,2023-06-30,938,2,201,POS Terminal,Hardware,Salesperson_13,Europe,USA,City_10,Won,Partner,True,469.0,35
O-101808,OPP-201808,C-3637,2024-01-16,2024-01-09,2024-02-01,2024-01-09,5083,17,101,CRM Pro,Software,Salesperson_6,Asia,UK,City_9,Won,Outbound,False,299.0,23
O-101809,OPP-201809,C-1312,2024-04-27,2024-04-06,2024-05-08,2024-04-27,3378,2,101,CRM Pro,Software,Salesperson_6,Europe,USA,City_20,Won,Inbound,False,1689.0,32
O-101810,OPP-201810,C-4769,2023-09-03,2023-08-24,2023-09-16,2023-08-24,18630,10,101,CRM Pro,Software,Salesperson_9,North America,Pakistan,City_13,Won,Partner,True,1863.0,23
O-101811,OPP-201811,C-3685,2023-11-21,2023-11-05,2023-12-04,2023-11-05,9163,17,103,Sales Booster,Software,Salesperson_7,North America,UK,City_17,Won,Inbound,True,539.0,29
O-101812,OPP-201812,C-1976,2024-11-21,2024-10-24,2024-12-04,2024-10-24,14670,18,103,Sales Booster,Software,Salesperson_12,Asia,Pakistan,City_11,Won,Outbound,False,815.0,41
O-101813,OPP-201813,C-1007,2023-02-05,2023-01-10,2023-02-08,2023-01-10,3969,7,201,POS Terminal,Hardware,Salesperson_5,Asia,Germany,City_9,Won,Inbound,False,567.0,29
O-101814,OPP-201814,C-1008,2024-02-19,2024-02-03,2024-02-28,2024-02-03,3536,4,202,Receipt Printer,Hardware,Salesperson_6,Europe,USA,City_9,Won,Outbound,True,884.0,25
O-101815,OPP-201815,C-3669,2023-09-14,2023-08-16,2023-09-28,2023-08-16,12096,9,201,POS Terminal,Hardware,Salesperson_9,Europe,UK,City_19,Won,Outbound,True,1344.0,43
O-101816,OPP-201816,C-2114,2023-02-20,2023-01-24,2023-02-27,2023-01-24,386,1,103,Sales Booster,Software,Salesperson_8,Asia,USA,City_8,Won,Outbound,False,386.0,34
O-101817,OPP-201817,C-3027,2024-04-01,2024-03-05,2024-04-03,2024-03-05,34902,18,103,Sales Booster,Software,Salesperson_3,North America,India,City_5,Won,Outbound,True,1939.0,29
O-101818,OPP-201818,C-4389,2023-01-12,2022-12-23,2023-01-18,2022-12-23,8072,8,102,Analytics Suite,Software,Salesperson_6,Asia,Pakistan,City_1,Won,Partner,False,1009.0,26
O-101819,OPP-201819,C-4732,2023-02-12,2023-02-04,2023-02-27,2023-02-12,1252,2,201,POS Terminal,Hardware,Salesperson_2,Europe,UK,City_9,Won,Outbound,True,626.0,23
O-101820,OPP-201820,C-2294,2024-02-13,2024-01-18,2024-02-20,2024-02-13,29820,20,201,POS Terminal,Hardware,Salesperson_4,North America,UK,City_17,Won,Partner,False,1491.0,33
O-101821,OPP-201821,C-4771,2023-03-13,2023-02-24,2023-03-31,2023-02-24,11925,15,103,Sales Booster,Software,Salesperson_11,Europe,UK,City_9,Won,Partner,True,795.0,35
O-101822,OPP-201822,C-4844,2024-01-25,2024-01-11,2024-02-05,2024-01-25,15264,9,103,Sales Booster,Software,Salesperson_15,Asia,Germany,City_9,Won,Inbound,True,1696.0,25
O-101823,OPP-201823,C-2607,2023-12-13,2023-11-14,2023-12-21,2023-12-13,17355,15,102,Analytics Suite,Software,Salesperson_4,North America,USA,City_5,Won,Partner,False,1157.0,37
O-101824,OPP-201824,C-1284,2023-08-16,2023-08-03,2023-08-24,2023-08-16,12680,10,201,POS Terminal,Hardware,Salesperson_2,North America,India,City_17,Won,Outbound,False,1268.0,21
O-101825,OPP-201825,C-4364,2024-06-14,2024-05-22,2024-06-25,2024-05-22,221,1,101,CRM Pro,Software,Salesperson_12,Europe,Pakistan,City_4,Won,Inbound,False,221.0,34
O-101826,OPP-201826,C-2372,2023-05-27,2023-04-28,2023-06-07,2023-04-28,6544,4,201,POS Terminal,Hardware,Salesperson_5,North America,Germany,City_14,Won,Outbound,False,1636.0,40
O-101827,OPP-201827,C-2403,2023-04-01,2023-03-10,2023-04-15,2023-03-10,7840,10,202,Receipt Printer,Hardware,Salesperson_11,North America,USA,City_12,Won,Partner,True,784.0,36
O-101828,OPP-201828,C-1552,2023-06-13,2023-05-23,2023-06-27,2023-05-23,36518,19,102,Analytics Suite,Software,Salesperson_8,North America,UK,City_11,Won,Inbound,True,1922.0,35
O-101829,OPP-201829,C-3579,2024-08-24,2024-07-25,2024-09-13,2024-07-25,27829,17,202,Receipt Printer,Hardware,Salesperson_4,Europe,UK,City_20,Won,Inbound,True,1637.0,50
O-101830,OPP-201830,C-3373,2023-07-29,2023-07-09,2023-08-06,2023-07-29,25168,16,101,CRM Pro,Software,Salesperson_11,Europe,UK,City_2,Won,Outbound,False,1573.0,28
O-101831,OPP-201831,C-1935,2024-05-29,2024-05-14,2024-06-03,2024-05-29,17856,12,101,CRM Pro,Software,Salesperson_6,North America,Pakistan,City_16,Won,Partner,False,1488.0,20
O-101832,OPP-201832,C-4431,2023-01-05,2022-12-14,2023-01-12,2023-01-05,2508,2,102,Analytics Suite,Software,Salesperson_15,Asia,USA,City_5,Won,Partner,True,1254.0,29
O-101833,OPP-201833,C-2614,2024-07-28,2024-07-03,2024-08-15,2024-07-28,12704,8,103,Sales Booster,Software,Salesperson_4,Asia,India,City_10,Won,Outbound,False,1588.0,43
O-101834,OPP-201834,C-2567,2023-07-29,2023-07-12,2023-08-16,2023-07-12,5994,6,101,CRM Pro,Software,Salesperson_14,Asia,India,City_19,Won,Partner,True,999.0,35
O-101835,OPP-201835,C-4466,2023-01-01,2022-12-07,2023-01-03,2023-01-01,11228,14,102,Analytics Suite,Software,Salesperson_12,North America,UK,City_1,Won,Outbound,False,802.0,27
O-101836,OPP-201836,C-4385,2023-01-17,2022-12-22,2023-01-24,2022-12-22,1641,1,101,CRM Pro,Software,Salesperson_7,Asia,USA,City_18,Won,Partner,False,1641.0,33
O-101837,OPP-201837,C-3566,2024-04-20,2024-04-15,2024-05-08,2024-04-15,1910,5,102,Analytics Suite,Software,Salesperson_6,Asia,Germany,City_13,Won,Inbound,False,382.0,23
O-101838,OPP-201838,C-4120,2024-12-24,2024-12-11,2024-12-31,2024-12-24,4156,4,201,POS Terminal,Hardware,Salesperson_8,Asia,Pakistan,City_14,Won,Partner,True,1039.0,20
O-101839,OPP-201839,C-4248,2023-05-20,2023-05-08,2023-06-03,2023-05-08,20592,16,202,Receipt Printer,Hardware,Salesperson_6,Europe,Pakistan,City_5,Won,Partner,False,1287.0,26
O-101840,OPP-201840,C-2870,2024-11-04,2024-10-21,2024-11-15,2024-10-21,16159,13,103,Sales Booster,Software,Salesperson_15,Europe,USA,City_20,Won,Inbound,True,1243.0,25
O-101841,OPP-201841,C-3668,2023-12-12,2023-11-28,2023-12-15,2023-12-12,20527,13,202,Receipt Printer,Hardware,Salesperson_3,North America,Germany,City_3,Won,Partner,True,1579.0,17
O-101842,OPP-201842,C-1277,2023-08-31,2023-08-17,2023-09-12,2023-08-17,5916,6,101,CRM Pro,Software,Salesperson_3,Asia,USA,City_15,Won,Inbound,True,986.0,26
O-101843,OPP-201843,C-3317,2024-10-07,2024-09-26,2024-10-19,2024-09-26,10115,7,101,CRM Pro,Software,Salesperson_15,North America,USA,City_8,Won,Outbound,True,1445.0,23
O-101844,OPP-201844,C-1098,2024-09-01,2024-08-11,2024-09-03,2024-08-11,29529,17,202,Receipt Printer,Hardware,Salesperson_6,Asia,Pakistan,City_4,Won,Inbound,False,1737.0,23
O-101845,OPP-201845,C-3259,2023-03-08,2023-02-14,2023-03-17,2023-02-14,20824,19,202,Receipt Printer,Hardware,Salesperson_14,North America,UK,City_12,Won,Outbound,True,1096.0,31
O-101846,OPP-201846,C-1790,2023-01-31,2023-01-25,2023-02-07,2023-01-25,17644,11,201,POS Terminal,Hardware,Salesperson_8,Asia,India,City_18,Won,Outbound,True,1604.0,13
O-101847,OPP-201847,C-3438,2024-08-25,2024-07-27,2024-09-10,2024-08-25,1677,13,102,Analytics Suite,Software,Salesperson_14,Asia,UK,City_11,Won,Outbound,True,129.0,45
O-101848,OPP-201848,C-4583,2023-09-28,2023-09-18,2023-10-10,2023-09-28,3484,13,202,Receipt Printer,Hardware,Salesperson_3,Europe,Germany,City_2,Won,Partner,True,268.0,22
O-101849,OPP-201849,C-2792,2023-02-12,2023-01-19,2023-02-23,2023-01-19,11744,8,202,Receipt Printer,Hardware,Salesperson_2,Asia,Germany,City_14,Won,Partner,False,1468.0,35
O-101850,OPP-201850,C-4138,2024-01-03,2023-12-06,2024-01-19,2024-01-03,23112,12,201,POS Terminal,Hardware,Salesperson_2,Asia,UK,City_1,Won,Outbound,True,1926.0,44
O-101851,OPP-201851,C-2648,2023-01-21,2023-01-15,2023-02-09,2023-01-21,7860,12,101,CRM Pro,Software,Salesperson_13,Asia,Germany,City_15,Won,Partner,False,655.0,25
O-101852,OPP-201852,C-1286,2024-11-14,2024-10-15,2024-11-18,2024-11-14,28080,18,202,Receipt Printer,Hardware,Salesperson_10,Europe,Germany,City_14,Won,Inbound,False,1560.0,34
O-101853,OPP-201853,C-4243,2024-08-18,2024-08-07,2024-08-28,2024-08-18,1304,4,202,Receipt Printer,Hardware,Salesperson_2,Asia,UK,City_19,Won,Outbound,True,326.0,21
O-101854,OPP-201854,C-4499,2024-08-16,2024-08-08,2024-08-24,2024-08-08,7252,4,202,Receipt Printer,Hardware,Salesperson_2,North America,Germany,City_11,Won,Inbound,False,1813.0,16
O-101855,OPP-201855,C-1478,2024-06-24,2024-05-29,2024-07-03,2024-05-29,15691,17,201,POS Terminal,Hardware,Salesperson_12,Asia,UK,City_3,Won,Outbound,True,923.0,35
O-101856,OPP-201856,C-3676,2024-02-15,2024-01-30,2024-03-05,2024-01-30,11820,10,201,POS Terminal,Hardware,Salesperson_13,North America,Pakistan,City_10,Won,Partner,False,1182.0,35
O-101857,OPP-201857,C-4040,2023-06-28,2023-06-13,2023-06-30,2023-06-13,5341,7,201,POS Terminal,Hardware,Salesperson_3,North America,UK,City_13,Won,Partner,True,763.0,17
O-101858,OPP-201858,C-3027,2023-11-15,2023-11-10,2023-11-28,2023-11-10,6112,16,102,Analytics Suite,Software,Salesperson_6,Europe,Germany,City_3,Won,Inbound,False,382.0,18
O-101859,OPP-201859,C-1352,2023-12-25,2023-12-12,2024-01-06,2023-12-12,13584,8,103,Sales Booster,Software,Salesperson_9,Asia,UK,City_8,Won,Partner,True,1698.0,25
O-101860,OPP-201860,C-2020,2023-11-07,2023-10-19,2023-11-26,2023-10-19,22572,12,202,Receipt Printer,Hardware,Salesperson_12,North America,Germany,City_14,Won,Partner,False,1881.0,38
O-101861,OPP-201861,C-3626,2024-12-25,2024-12-04,2025-01-06,2024-12-04,1561,7,101,CRM Pro,Software,Salesperson_15,Europe,UK,City_5,Won,Outbound,False,223.0,33
O-101862,OPP-201862,C-4507,2024-10-10,2024-09-30,2024-10-28,2024-10-10,8465,5,201,POS Terminal,Hardware,Salesperson_9,North America,USA,City_12,Won,Inbound,False,1693.0,28
O-101863,OPP-201863,C-3005,2024-11-10,2024-10-26,2024-11-23,2024-11-10,5263,19,102,Analytics Suite,Software,Salesperson_2,Europe,India,City_14,Won,Inbound,True,277.0,28
O-101864,OPP-201864,C-1484,2024-10-29,2024-10-15,2024-11-01,2024-10-15,18888,12,201,POS Terminal,Hardware,Salesperson_7,Asia,India,City_20,Won,Inbound,False,1574.0,17
O-101865,OPP-201865,C-1205,2024-05-19,2024-05-06,2024-05-22,2024-05-06,1528,8,102,Analytics Suite,Software,Salesperson_2,Europe,Pakistan,City_8,Won,Inbound,True,191.0,16
O-101866,OPP-201866,C-3358,2023-11-07,2023-10-27,2023-11-23,2023-10-27,4620,10,101,CRM Pro,Software,Salesperson_4,North America,Pakistan,City_4,Won,Partner,False,462.0,27
O-101867,OPP-201867,C-4136,2023-07-27,2023-07-09,2023-08-08,2023-07-27,15396,12,103,Sales Booster,Software,Salesperson_14,North America,India,City_5,Won,Outbound,False,1283.0,30
O-101868,OPP-201868,C-1420,2024-07-20,2024-06-27,2024-08-05,2024-06-27,364,1,201,POS Terminal,Hardware,Salesperson_7,Asia,Germany,City_11,Won,Inbound,True,364.0,39
O-101869,OPP-201869,C-2433,2023-11-19,2023-10-22,2023-11-20,2023-10-22,2808,8,103,Sales Booster,Software,Salesperson_5,Europe,India,City_19,Won,Inbound,True,351.0,29
O-101870,OPP-201870,C-3928,2023-11-18,2023-11-12,2023-12-02,2023-11-12,13020,10,201,POS Terminal,Hardware,Salesperson_8,Europe,Germany,City_13,Won,Outbound,False,1302.0,20
O-101871,OPP-201871,C-3060,2024-11-15,2024-10-26,2024-12-03,2024-10-26,6770,10,101,CRM Pro,Software,Salesperson_13,North America,USA,City_15,Won,Outbound,False,677.0,38
O-101872,OPP-201872,C-3929,2024-08-08,2024-07-26,2024-08-21,2024-07-26,11979,9,201,POS Terminal,Hardware,Salesperson_12,North America,Pakistan,City_11,Won,Outbound,True,1331.0,26
O-101873,OPP-201873,C-2389,2024-02-10,2024-01-29,2024-02-24,2024-01-29,8593,13,101,CRM Pro,Software,Salesperson_1,Asia,Germany,City_13,Won,Inbound,True,661.0,26
O-101874,OPP-201874,C-2361,2023-07-15,2023-07-01,2023-07-27,2023-07-01,320,2,102,Analytics Suite,Software,Salesperson_14,Europe,India,City_5,Won,Outbound,False,160.0,26
O-101875,OPP-201875,C-1868,2023-06-24,2023-05-29,2023-07-01,2023-05-29,1155,3,102,Analytics Suite,Software,Salesperson_9,Asia,Pakistan,City_11,Won,Outbound,True,385.0,33
O-101876,OPP-201876,C-3556,2024-03-20,2024-03-02,2024-04-08,2024-03-02,2158,13,103,Sales Booster,Software,Salesperson_8,Europe,Pakistan,City_4,Won,Partner,True,166.0,37
O-101877,OPP-201877,C-3304,2024-10-01,2024-09-17,2024-10-19,2024-09-17,17532,18,201,POS Terminal,Hardware,Salesperson_3,Europe,Pakistan,City_19,Won,Inbound,True,974.0,32
O-101878,OPP-201878,C-1630,2023-08-22,2023-07-28,2023-09-05,2023-07-28,7903,7,201,POS Terminal,Hardware,Salesperson_12,North America,Germany,City_5,Won,Inbound,False,1129.0,39
O-101879,OPP-201879,C-1702,2023-11-21,2023-11-08,2023-11-25,2023-11-08,18088,17,103,Sales Booster,Software,Salesperson_3,Europe,Pakistan,City_17,Won,Outbound,True,1064.0,17
O-101880,OPP-201880,C-4283,2023-04-12,2023-03-15,2023-04-20,2023-03-15,30280,20,201,POS Terminal,Hardware,Salesperson_3,North America,UK,City_11,Won,Inbound,True,1514.0,36
O-101881,OPP-201881,C-1243,2023-05-20,2023-04-21,2023-05-31,2023-05-20,2289,3,201,POS Terminal,Hardware,Salesperson_11,North America,Germany,City_20,Won,Inbound,True,763.0,40
O-101882,OPP-201882,C-4874,2023-03-28,2023-02-28,2023-04-03,2023-03-28,9904,8,101,CRM Pro,Software,Salesperson_10,Asia,USA,City_19,Won,Inbound,True,1238.0,34
O-101883,OPP-201883,C-2617,2024-12-17,2024-12-02,2025-01-03,2024-12-17,8928,8,101,CRM Pro,Software,Salesperson_6,Asia,India,City_3,Won,Inbound,True,1116.0,32
O-101884,OPP-201884,C-4624,2023-06-06,2023-05-29,2023-06-24,2023-05-29,1170,5,201,POS Terminal,Hardware,Salesperson_2,Europe,India,City_10,Won,Outbound,False,234.0,26
O-101885,OPP-201885,C-3819,2024-09-14,2024-08-25,2024-09-28,2024-08-25,21600,15,202,Receipt Printer,Hardware,Salesperson_7,Europe,India,City_8,Won,Outbound,True,1440.0,34
O-101886,OPP-201886,C-3545,2024-10-15,2024-09-24,2024-10-19,2024-10-15,31806,18,201,POS Terminal,Hardware,Salesperson_1,North America,Pakistan,City_12,Won,Partner,True,1767.0,25
O-101887,OPP-201887,C-1060,2023-06-01,2023-05-09,2023-06-13,2023-06-01,2806,2,202,Receipt Printer,Hardware,Salesperson_6,North America,Germany,City_3,Won,Inbound,False,1403.0,35
O-101888,OPP-201888,C-2765,2024-09-24,2024-09-04,2024-10-05,2024-09-04,8586,6,202,Receipt Printer,Hardware,Salesperson_14,Asia,Pakistan,City_3,Won,Inbound,True,1431.0,31
O-101889,OPP-201889,C-3446,2023-09-28,2023-09-19,2023-10-02,2023-09-19,11001,19,102,Analytics Suite,Software,Salesperson_10,North America,Germany,City_7,Won,Partner,True,579.0,13
O-101890,OPP-201890,C-4272,2024-02-11,2024-01-30,2024-02-29,2024-01-30,4632,8,202,Receipt Printer,Hardware,Salesperson_10,Asia,USA,City_5,Won,Inbound,True,579.0,30
O-101891,OPP-201891,C-1662,2024-05-31,2024-05-04,2024-06-02,2024-05-04,24976,14,201,POS Terminal,Hardware,Salesperson_7,Asia,UK,City_12,Won,Outbound,True,1784.0,29
O-101892,OPP-201892,C-2199,2024-01-31,2024-01-19,2024-02-15,2024-01-19,628,1,202,Receipt Printer,Hardware,Salesperson_4,North America,Pakistan,City_10,Won,Inbound,False,628.0,27
O-101893,OPP-201893,C-1131,2023-04-14,2023-03-30,2023-04-25,2023-03-30,982,1,201,POS Terminal,Hardware,Salesperson_5,North America,USA,City_6,Won,Inbound,True,982.0,26
O-101894,OPP-201894,C-2310,2024-08-25,2024-07-30,2024-09-04,2024-07-30,35120,20,102,Analytics Suite,Software,Salesperson_9,North America,UK,City_2,Won,Outbound,True,1756.0,36
O-101895,OPP-201895,C-3726,2024-05-05,2024-04-08,2024-05-15,2024-04-08,5540,10,202,Receipt Printer,Hardware,Salesperson_5,Asia,USA,City_18,Won,Partner,True,554.0,37
O-101896,OPP-201896,C-4454,2023-11-22,2023-10-27,2023-12-11,2023-10-27,1989,17,202,Receipt Printer,Hardware,Salesperson_10,North America,Pakistan,City_8,Won,Inbound,False,117.0,45
O-101897,OPP-201897,C-3665,2024-09-16,2024-08-22,2024-10-02,2024-08-22,14496,8,201,POS Terminal,Hardware,Salesperson_3,Asia,India,City_6,Won,Partner,False,1812.0,41
O-101898,OPP-201898,C-2858,2023-10-02,2023-09-10,2023-10-19,2023-09-10,4045,5,101,CRM Pro,Software,Salesperson_11,North America,USA,City_8,Won,Outbound,True,809.0,39
O-101899,OPP-201899,C-4800,2024-09-13,2024-08-15,2024-09-23,2024-08-15,8955,5,201,POS Terminal,Hardware,Salesperson_9,Asia,USA,City_7,Won,Partner,True,1791.0,39
O-101900,OPP-201900,C-2910,2024-07-05,2024-06-18,2024-07-18,2024-06-18,9715,5,103,Sales Booster,Software,Salesperson_1,Europe,India,City_18,Won,Partner,False,1943.0,30
O-101901,OPP-201901,C-4955,2024-01-21,2024-01-04,2024-02-05,2024-01-04,21692,11,202,Receipt Printer,Hardware,Salesperson_4,Europe,India,City_11,Won,Inbound,False,1972.0,32
O-101902,OPP-201902,C-4660,2023-05-29,2023-05-09,2023-06-17,2023-05-09,15870,10,101,CRM Pro,Software,Salesperson_11,North America,India,City_8,Won,Outbound,True,1587.0,39
O-101903,OPP-201903,C-4221,2024-08-16,2024-07-21,2024-08-22,2024-08-16,33060,19,201,POS Terminal,Hardware,Salesperson_13,Europe,Germany,City_18,Won,Outbound,True,1740.0,32
O-101904,OPP-201904,C-2108,2023-01-30,2023-01-10,2023-02-09,2023-01-10,24453,13,201,POS Terminal,Hardware,Salesperson_2,North America,UK,City_13,Won,Outbound,True,1881.0,30
O-101905,OPP-201905,C-1319,2024-09-16,2024-09-06,2024-09-24,2024-09-06,27288,18,202,Receipt Printer,Hardware,Salesperson_6,North America,Pakistan,City_10,Won,Outbound,False,1516.0,18
O-101906,OPP-201906,C-1023,2023-10-14,2023-10-02,2023-10-17,2023-10-02,2451,3,101,CRM Pro,Software,Salesperson_5,North America,Pakistan,City_17,Won,Outbound,False,817.0,15
O-101907,OPP-201907,C-1618,2024-07-01,2024-06-08,2024-07-21,2024-06-08,1164,2,201,POS Terminal,Hardware,Salesperson_3,Asia,Germany,City_11,Won,Partner,False,582.0,43
O-101908,OPP-201908,C-2140,2023-05-30,2023-05-04,2023-06-08,2023-05-04,24206,14,101,CRM Pro,Software,Salesperson_3,Europe,USA,City_7,Won,Outbound,False,1729.0,35
O-101909,OPP-201909,C-3694,2024-04-06,2024-03-08,2024-04-26,2024-03-08,34938,18,103,Sales Booster,Software,Salesperson_1,North America,India,City_5,Won,Inbound,True,1941.0,49
O-101910,OPP-201910,C-2955,2023-05-17,2023-04-18,2023-05-29,2023-05-17,4665,5,102,Analytics Suite,Software,Salesperson_9,Asia,UK,City_19,Won,Inbound,False,933.0,41
O-101911,OPP-201911,C-1047,2024-05-19,2024-04-23,2024-05-23,2024-05-19,1226,2,201,POS Terminal,Hardware,Salesperson_7,Europe,India,City_17,Won,Inbound,True,613.0,30
O-101912,OPP-201912,C-4147,2024-12-21,2024-12-16,2024-12-29,2024-12-16,10044,9,101,CRM Pro,Software,Salesperson_6,Asia,USA,City_10,Won,Outbound,False,1116.0,13
O-101913,OPP-201913,C-2778,2023-04-10,2023-03-20,2023-04-18,2023-03-20,5523,7,101,CRM Pro,Software,Salesperson_6,Asia,Pakistan,City_13,Won,Partner,False,789.0,29
O-101914,OPP-201914,C-1990,2023-02-07,2023-01-15,2023-02-13,2023-02-07,19558,14,102,Analytics Suite,Software,Salesperson_11,Asia,USA,City_20,Won,Inbound,True,1397.0,29
O-101915,OPP-201915,C-3670,2023-06-09,2023-05-13,2023-06-15,2023-05-13,8580,15,101,CRM Pro,Software,Salesperson_2,North America,USA,City_14,Won,Inbound,True,572.0,33
O-101916,OPP-201916,C-3591,2024-04-28,2024-04-08,2024-05-03,2024-04-08,20208,16,101,CRM Pro,Software,Salesperson_8,Europe,USA,City_11,Won,Inbound,True,1263.0,25
O-101917,OPP-201917,C-2920,2023-10-28,2023-10-09,2023-10-30,2023-10-09,11596,13,103,Sales Booster,Software,Salesperson_10,Europe,Germany,City_14,Won,Inbound,True,892.0,21
O-101918,OPP-201918,C-2187,2024-02-27,2024-02-20,2024-03-12,2024-02-20,11052,6,101,CRM Pro,Software,Salesperson_2,Asia,UK,City_3,Won,Outbound,False,1842.0,21
O-101919,OPP-201919,C-2046,2023-06-24,2023-06-15,2023-07-05,2023-06-15,1680,5,102,Analytics Suite,Software,Salesperson_1,North America,India,City_12,Won,Outbound,False,336.0,20
O-101920,OPP-201920,C-2946,2024-09-28,2024-09-09,2024-09-30,2024-09-28,2128,16,103,Sales Booster,Software,Salesperson_3,Asia,Pakistan,City_17,Won,Outbound,True,133.0,21
O-101921,OPP-201921,C-4014,2024-09-20,2024-09-02,2024-10-09,2024-09-02,32737,19,201,POS Terminal,Hardware,Salesperson_3,Asia,Germany,City_10,Won,Partner,True,1723.0,37
O-101922,OPP-201922,C-4616,2023-04-02,2023-03-21,2023-04-03,2023-03-21,2234,2,102,Analytics Suite,Software,Salesperson_8,North America,UK,City_9,Won,Inbound,False,1117.0,13
O-101923,OPP-201923,C-4186,2023-04-21,2023-04-04,2023-05-02,2023-04-21,18960,15,201,POS Terminal,Hardware,Salesperson_4,Asia,Pakistan,City_19,Won,Inbound,False,1264.0,28
O-101924,OPP-201924,C-4189,2024-01-10,2024-01-03,2024-01-24,2024-01-03,8112,16,103,Sales Booster,Software,Salesperson_7,Asia,UK,City_11,Won,Partner,True,507.0,21
O-101925,OPP-201925,C-1500,2023-05-02,2023-04-06,2023-05-06,2023-04-06,7068,12,102,Analytics Suite,Software,Salesperson_3,Asia,USA,City_10,Won,Inbound,True,589.0,30
O-101926,OPP-201926,C-2126,2024-03-27,2024-03-03,2024-04-04,2024-03-03,11300,10,101,CRM Pro,Software,Salesperson_2,Europe,India,City_18,Won,Partner,True,1130.0,32
O-101927,OPP-201927,C-1371,2023-04-24,2023-04-19,2023-05-14,2023-04-19,5516,4,201,POS Terminal,Hardware,Salesperson_5,Europe,UK,City_18,Won,Partner,True,1379.0,25
O-101928,OPP-201928,C-4455,2024-12-02,2024-11-09,2024-12-17,2024-11-09,15952,8,101,CRM Pro,Software,Salesperson_15,North America,USA,City_1,Won,Inbound,False,1994.0,38
O-101929,OPP-201929,C-4667,2024-03-31,2024-03-22,2024-04-19,2024-03-22,15691,17,201,POS Terminal,Hardware,Salesperson_15,Europe,Germany,City_18,Won,Inbound,False,923.0,28
O-101930,OPP-201930,C-2083,2023-12-27,2023-11-28,2024-01-02,2023-11-28,39240,20,201,POS Terminal,Hardware,Salesperson_8,North America,Pakistan,City_17,Won,Partner,False,1962.0,35
O-101931,OPP-201931,C-4341,2023-04-26,2023-04-14,2023-05-10,2023-04-14,8830,10,103,Sales Booster,Software,Salesperson_8,North America,Pakistan,City_1,Won,Outbound,False,883.0,26
O-101932,OPP-201932,C-1987,2023-03-25,2023-03-09,2023-03-31,2023-03-09,19058,13,103,Sales Booster,Software,Salesperson_4,North America,India,City_15,Won,Partner,False,1466.0,22
O-101933,OPP-201933,C-4058,2024-07-04,2024-06-12,2024-07-09,2024-06-12,3600,12,202,Receipt Printer,Hardware,Salesperson_7,North America,India,City_17,Won,Partner,False,300.0,27
O-101934,OPP-201934,C-3691,2024-08-17,2024-07-24,2024-09-03,2024-07-24,14880,15,101,CRM Pro,Software,Salesperson_14,North America,India,City_19,Won,Inbound,True,992.0,41
O-101935,OPP-201935,C-2881,2023-05-19,2023-05-10,2023-06-07,2023-05-10,11891,11,201,POS Terminal,Hardware,Salesperson_12,Europe,India,City_16,Won,Inbound,False,1081.0,28
O-101936,OPP-201936,C-1114,2024-09-27,2024-09-20,2024-10-17,2024-09-27,4269,3,102,Analytics Suite,Software,Salesperson_14,Asia,USA,City_17,Won,Inbound,False,1423.0,27
O-101937,OPP-201937,C-2719,2023-07-09,2023-06-21,2023-07-13,2023-06-21,12008,8,202,Receipt Printer,Hardware,Salesperson_3,North America,USA,City_20,Won,Inbound,False,1501.0,22
O-101938,OPP-201938,C-3829,2023-11-07,2023-10-14,2023-11-15,2023-11-07,5579,7,202,Receipt Printer,Hardware,Salesperson_14,North America,India,City_2,Won,Inbound,True,797.0,32
O-101939,OPP-201939,C-2710,2024-01-13,2023-12-25,2024-02-01,2023-12-25,5775,3,201,POS Terminal,Hardware,Salesperson_13,North America,USA,City_10,Won,Inbound,True,1925.0,38
O-101940,OPP-201940,C-2109,2023-11-12,2023-11-03,2023-12-02,2023-11-12,17590,10,101,CRM Pro,Software,Salesperson_2,Asia,Pakistan,City_15,Won,Outbound,True,1759.0,29
O-101941,OPP-201941,C-2092,2023-01-20,2023-01-04,2023-01-31,2023-01-04,19393,11,201,POS Terminal,Hardware,Salesperson_13,Europe,USA,City_14,Won,Inbound,False,1763.0,27
O-101942,OPP-201942,C-4693,2024-04-04,2024-03-26,2024-04-21,2024-03-26,1360,10,102,Analytics Suite,Software,Salesperson_13,Asia,India,City_11,Won,Outbound,False,136.0,26
O-101943,OPP-201943,C-1708,2024-02-15,2024-01-19,2024-03-03,2024-02-15,2020,20,201,POS Terminal,Hardware,Salesperson_7,Europe,USA,City_19,Won,Outbound,True,101.0,44
O-101944,OPP-201944,C-4852,2024-04-26,2024-04-12,2024-05-07,2024-04-12,2420,2,103,Sales Booster,Software,Salesperson_6,Europe,UK,City_10,Won,Inbound,False,1210.0,25
O-101945,OPP-201945,C-2276,2024-10-11,2024-09-13,2024-10-14,2024-09-13,28594,17,102,Analytics Suite,Software,Salesperson_11,Europe,UK,City_14,Won,Outbound,False,1682.0,31
O-101946,OPP-201946,C-4292,2024-04-16,2024-03-20,2024-04-19,2024-03-20,1515,15,101,CRM Pro,Software,Salesperson_13,Asia,UK,City_11,Won,Inbound,True,101.0,30
O-101947,OPP-201947,C-1420,2023-03-12,2023-02-10,2023-03-28,2023-02-10,13644,12,101,CRM Pro,Software,Salesperson_15,North America,Pakistan,City_9,Won,Inbound,False,1137.0,46
O-101948,OPP-201948,C-4588,2024-05-10,2024-04-20,2024-05-11,2024-04-20,6116,11,103,Sales Booster,Software,Salesperson_12,North America,Germany,City_11,Won,Partner,False,556.0,21
O-101949,OPP-201949,C-2071,2023-12-18,2023-11-26,2024-01-06,2023-11-26,4137,7,101,CRM Pro,Software,Salesperson_2,Asia,USA,City_6,Won,Partner,False,591.0,41
O-101950,OPP-201950,C-4344,2024-02-05,2024-01-11,2024-02-07,2024-01-11,17740,20,101,CRM Pro,Software,Salesperson_1,North America,USA,City_15,Won,Inbound,False,887.0,27
O-101951,OPP-201951,C-3460,2024-09-05,2024-08-08,2024-09-15,2024-08-08,3766,2,201,POS Terminal,Hardware,Salesperson_13,Europe,Pakistan,City_17,Won,Inbound,True,1883.0,38
O-101952,OPP-201952,C-3016,2024-07-16,2024-07-08,2024-07-23,2024-07-16,15344,16,202,Receipt Printer,Hardware,Salesperson_6,Europe,UK,City_19,Won,Outbound,False,959.0,15
O-101953,OPP-201953,C-2716,2023-02-09,2023-01-10,2023-02-25,2023-01-10,681,1,201,POS Terminal,Hardware,Salesperson_5,Europe,Pakistan,City_13,Won,Outbound,True,681.0,46
O-101954,OPP-201954,C-2421,2024-08-25,2024-08-13,2024-09-02,2024-08-13,7785,15,202,Receipt Printer,Hardware,Salesperson_4,North America,UK,City_4,Won,Outbound,False,519.0,20
O-101955,OPP-201955,C-3395,2023-08-25,2023-08-17,2023-08-26,2023-08-17,19190,19,201,POS Terminal,Hardware,Salesperson_3,North America,India,City_12,Won,Inbound,False,1010.0,9
O-101956,OPP-201956,C-3869,2024-05-07,2024-04-13,2024-05-27,2024-04-13,7557,11,103,Sales Booster,Software,Salesperson_7,Europe,India,City_20,Won,Partner,False,687.0,44
O-101957,OPP-201957,C-1813,2023-11-26,2023-11-18,2023-12-08,2023-11-18,18828,18,201,POS Terminal,Hardware,Salesperson_4,Europe,UK,City_20,Won,Inbound,False,1046.0,20
O-101958,OPP-201958,C-2012,2024-01-17,2024-01-07,2024-02-04,2024-01-17,8964,9,103,Sales Booster,Software,Salesperson_10,North America,Germany,City_9,Won,Partner,False,996.0,28
O-101959,OPP-201959,C-3251,2023-03-07,2023-02-27,2023-03-13,2023-02-27,3955,7,102,Analytics Suite,Software,Salesperson_4,North America,Pakistan,City_15,Won,Outbound,False,565.0,14
O-101960,OPP-201960,C-1395,2024-10-07,2024-09-29,2024-10-15,2024-09-29,6768,12,201,POS Terminal,Hardware,Salesperson_3,North America,Germany,City_13,Won,Partner,True,564.0,16
O-101961,OPP-201961,C-2342,2023-06-21,2023-05-30,2023-07-11,2023-05-30,604,4,101,CRM Pro,Software,Salesperson_14,North America,Germany,City_11,Won,Inbound,True,151.0,42
O-101962,OPP-201962,C-1199,2024-12-21,2024-11-29,2025-01-05,2024-11-29,27510,14,101,CRM Pro,Software,Salesperson_15,Asia,USA,City_20,Won,Inbound,False,1965.0,37
O-101963,OPP-201963,C-2302,2024-03-04,2024-02-23,2024-03-09,2024-02-23,15084,9,201,POS Terminal,Hardware,Salesperson_9,Asia,USA,City_10,Won,Inbound,False,1676.0,15
O-101964,OPP-201964,C-1612,2023-09-26,2023-09-05,2023-09-28,2023-09-26,34789,19,101,CRM Pro,Software,Salesperson_13,Europe,India,City_4,Won,Inbound,True,1831.0,23
O-101965,OPP-201965,C-1671,2024-01-30,2024-01-09,2024-02-10,2024-01-09,28747,19,201,POS Terminal,Hardware,Salesperson_4,Asia,Pakistan,City_11,Won,Inbound,True,1513.0,32
O-101966,OPP-201966,C-4047,2024-06-18,2024-06-01,2024-07-04,2024-06-01,6020,10,202,Receipt Printer,Hardware,Salesperson_7,Europe,India,City_8,Won,Outbound,False,602.0,33
O-101967,OPP-201967,C-4491,2023-02-23,2023-01-26,2023-02-26,2023-02-23,34260,20,201,POS Terminal,Hardware,Salesperson_9,Europe,India,City_12,Won,Partner,False,1713.0,31
O-101968,OPP-201968,C-3636,2024-06-20,2024-05-28,2024-07-05,2024-05-28,16190,10,103,Sales Booster,Software,Salesperson_10,Asia,UK,City_2,Won,Outbound,True,1619.0,38
O-101969,OPP-201969,C-3786,2024-04-22,2024-04-07,2024-05-02,2024-04-07,644,2,202,Receipt Printer,Hardware,Salesperson_8,North America,Pakistan,City_16,Won,Outbound,True,322.0,25
O-101970,OPP-201970,C-2728,2023-03-08,2023-02-14,2023-03-15,2023-03-08,4935,7,103,Sales Booster,Software,Salesperson_7,Asia,UK,City_13,Won,Partner,False,705.0,29
O-101971,OPP-201971,C-3729,2024-09-04,2024-08-19,2024-09-05,2024-08-19,1842,2,102,Analytics Suite,Software,Salesperson_10,Asia,USA,City_19,Won,Outbound,False,921.0,17
O-101972,OPP-201972,C-3173,2023-12-22,2023-12-10,2023-12-31,2023-12-10,1552,2,101,CRM Pro,Software,Salesperson_6,North America,Pakistan,City_8,Won,Partner,True,776.0,21
O-101973,OPP-201973,C-2626,2024-06-05,2024-05-09,2024-06-09,2024-06-05,2880,3,102,Analytics Suite,Software,Salesperson_9,Europe,Germany,City_11,Won,Inbound,True,960.0,31
O-101974,OPP-201974,C-1993,2024-01-04,2023-12-12,2024-01-15,2023-12-12,3568,4,201,POS Terminal,Hardware,Salesperson_7,Asia,India,City_15,Won,Partner,False,892.0,34
O-101975,OPP-201975,C-1365,2024-11-30,2024-11-23,2024-12-08,2024-11-23,9310,7,103,Sales Booster,Software,Salesperson_1,Europe,India,City_2,Won,Partner,True,1330.0,15
O-101976,OPP-201976,C-4638,2023-08-02,2023-07-13,2023-08-20,2023-08-02,17490,15,101,CRM Pro,Software,Salesperson_15,North America,USA,City_12,Won,Inbound,False,1166.0,38
O-101977,OPP-201977,C-2643,2023-05-18,2023-04-21,2023-06-04,2023-04-21,6872,8,101,CRM Pro,Software,Salesperson_10,Asia,Pakistan,City_10,Won,Inbound,True,859.0,44
O-101978,OPP-201978,C-2875,2024-02-09,2024-01-24,2024-02-22,2024-01-24,10432,8,102,Analytics Suite,Software,Salesperson_8,Asia,USA,City_4,Won,Outbound,False,1304.0,29
O-101979,OPP-201979,C-2249,2023-01-14,2023-01-02,2023-01-17,2023-01-02,27047,17,103,Sales Booster,Software,Salesperson_12,North America,India,City_11,Won,Outbound,True,1591.0,15
O-101980,OPP-201980,C-4196,2024-09-30,2024-09-12,2024-10-20,2024-09-12,4123,7,101,CRM Pro,Software,Salesperson_7,Asia,USA,City_20,Won,Partner,False,589.0,38
O-101981,OPP-201981,C-4629,2024-12-30,2024-12-02,2025-01-04,2024-12-30,9672,12,103,Sales Booster,Software,Salesperson_13,North America,USA,City_10,Won,Inbound,False,806.0,33
O-101982,OPP-201982,C-2689,2023-08-12,2023-07-18,2023-08-19,2023-07-18,19616,16,103,Sales Booster,Software,Salesperson_1,Europe,UK,City_8,Won,Inbound,False,1226.0,32
O-101983,OPP-201983,C-2529,2023-06-23,2023-06-15,2023-07-03,2023-06-15,5067,9,202,Receipt Printer,Hardware,Salesperson_5,Europe,Pakistan,City_18,Won,Partner,True,563.0,18
O-101984,OPP-201984,C-4444,2023-04-18,2023-03-23,2023-05-01,2023-03-23,6512,11,201,POS Terminal,Hardware,Salesperson_10,Asia,Pakistan,City_9,Won,Outbound,False,592.0,39
O-101985,OPP-201985,C-4005,2024-01-09,2023-12-31,2024-01-13,2023-12-31,20916,14,101,CRM Pro,Software,Salesperson_12,Asia,USA,City_19,Won,Partner,True,1494.0,13
O-101986,OPP-201986,C-2072,2023-09-04,2023-08-16,2023-09-10,2023-08-16,17782,17,102,Analytics Suite,Software,Salesperson_15,Asia,Pakistan,City_5,Won,Partner,False,1046.0,25
O-101987,OPP-201987,C-3819,2023-10-08,2023-09-21,2023-10-21,2023-10-08,10104,12,201,POS Terminal,Hardware,Salesperson_2,Asia,USA,City_7,Won,Outbound,False,842.0,30
O-101988,OPP-201988,C-3870,2024-01-04,2023-12-12,2024-01-08,2024-01-04,6208,4,102,Analytics Suite,Software,Salesperson_13,Asia,India,City_7,Won,Partner,False,1552.0,27
O-101989,OPP-201989,C-3929,2024-01-15,2023-12-18,2024-01-21,2023-12-18,15790,10,101,CRM Pro,Software,Salesperson_7,Europe,Germany,City_1,Won,Partner,False,1579.0,34
O-101990,OPP-201990,C-2781,2023-10-02,2023-09-17,2023-10-17,2023-09-17,7258,19,101,CRM Pro,Software,Salesperson_12,Europe,Pakistan,City_16,Won,Partner,True,382.0,30
O-101991,OPP-201991,C-1126,2024-11-22,2024-10-24,2024-12-10,2024-11-22,12456,12,103,Sales Booster,Software,Salesperson_3,Asia,India,City_2,Won,Partner,True,1038.0,47
O-101992,OPP-201992,C-3534,2024-08-14,2024-07-22,2024-08-15,2024-07-22,17346,14,101,CRM Pro,Software,Salesperson_12,Europe,India,City_5,Won,Outbound,False,1239.0,24
O-101993,OPP-201993,C-4625,2024-10-23,2024-10-09,2024-11-08,2024-10-09,2571,3,202,Receipt Printer,Hardware,Salesperson_7,Asia,Germany,City_18,Won,Inbound,False,857.0,30
O-101994,OPP-201994,C-1789,2024-02-01,2024-01-19,2024-02-15,2024-02-01,27417,19,202,Receipt Printer,Hardware,Salesperson_11,North America,UK,City_5,Won,Inbound,True,1443.0,27
O-101995,OPP-201995,C-4535,2024-10-10,2024-09-19,2024-10-17,2024-10-10,6944,14,101,CRM Pro,Software,Salesperson_5,Asia,USA,City_6,Won,Inbound,False,496.0,28
O-101996,OPP-201996,C-1123,2023-04-03,2023-03-17,2023-04-11,2023-03-17,23652,12,201,POS Terminal,Hardware,Salesperson_10,Europe,India,City_2,Won,Inbound,True,1971.0,25
O-101997,OPP-201997,C-4830,2023-07-08,2023-06-29,2023-07-23,2023-07-08,11526,6,101,CRM Pro,Software,Salesperson_8,Asia,Germany,City_9,Won,Outbound,False,1921.0,24
O-101998,OPP-201998,C-3528,2024-03-04,2024-02-12,2024-03-24,2024-03-04,11286,9,202,Receipt Printer,Hardware,Salesperson_5,North America,Pakistan,City_10,Won,Partner,False,1254.0,41
O-101999,OPP-201999,C-3099,2024-12-23,2024-12-07,2024-12-30,2024-12-07,8136,6,102,Analytics Suite,Software,Salesperson_4,Europe,India,City_6,Won,Outbound,True,1356.0,23
O-102000,OPP-202000,C-3523,2024-12-16,2024-11-21,2024-12-23,2024-11-21,795,5,201,POS Terminal,Hardware,Salesperson_10,Asia,Germany,City_7,Won,Inbound,False,159.0,32
O-102001,OPP-202001,C-2948,2023-05-29,2023-05-01,2023-06-08,2023-05-01,7089,17,102,Analytics Suite,Software,Salesperson_2,Asia,UK,City_1,Won,Inbound,False,417.0,38
O-102002,OPP-202002,C-3331,2024-03-15,2024-03-04,2024-03-25,2024-03-04,4920,8,103,Sales Booster,Software,Salesperson_8,North America,UK,City_2,Won,Outbound,False,615.0,21
O-102003,OPP-202003,C-3612,2023-06-03,2023-05-13,2023-06-17,2023-05-13,15984,18,101,CRM Pro,Software,Salesperson_8,Asia,USA,City_20,Won,Inbound,False,888.0,35
O-102004,OPP-202004,C-4663,2024-08-10,2024-07-29,2024-08-22,2024-08-10,8094,19,102,Analytics Suite,Software,Salesperson_4,Europe,UK,City_14,Won,Outbound,True,426.0,24
O-102005,OPP-202005,C-3897,2024-01-01,2023-12-26,2024-01-20,2023-12-26,37468,19,202,Receipt Printer,Hardware,Salesperson_8,Asia,Germany,City_16,Won,Outbound,False,1972.0,25
O-102006,OPP-202006,C-1793,2024-05-15,2024-04-17,2024-05-28,2024-04-17,477,1,103,Sales Booster,Software,Salesperson_10,Europe,India,City_16,Won,Outbound,True,477.0,41
O-102007,OPP-202007,C-4935,2023-03-07,2023-02-17,2023-03-23,2023-03-07,14024,8,201,POS Terminal,Hardware,Salesperson_10,Asia,Germany,City_3,Won,Outbound,True,1753.0,34
O-102008,OPP-202008,C-2141,2023-06-20,2023-06-13,2023-06-24,2023-06-20,8100,5,202,Receipt Printer,Hardware,Salesperson_14,Asia,Germany,City_10,Won,Inbound,False,1620.0,11
O-102009,OPP-202009,C-1828,2024-08-07,2024-08-02,2024-08-14,2024-08-02,18075,15,201,POS Terminal,Hardware,Salesperson_1,North America,USA,City_20,Won,Inbound,True,1205.0,12
O-102010,OPP-202010,C-1700,2024-02-03,2024-01-07,2024-02-21,2024-01-07,3976,14,201,POS Terminal,Hardware,Salesperson_9,North America,USA,City_3,Won,Inbound,True,284.0,45
O-102011,OPP-202011,C-1637,2023-12-12,2023-12-04,2023-12-26,2023-12-04,805,7,103,Sales Booster,Software,Salesperson_2,Asia,UK,City_7,Won,Inbound,True,115.0,22
O-102012,OPP-202012,C-2539,2023-12-06,2023-11-12,2023-12-25,2023-11-12,1346,1,102,Analytics Suite,Software,Salesperson_15,North America,Germany,City_13,Won,Outbound,False,1346.0,43
O-102013,OPP-202013,C-4875,2023-02-23,2023-02-16,2023-03-02,2023-02-16,3600,2,101,CRM Pro,Software,Salesperson_10,Europe,India,City_6,Won,Outbound,False,1800.0,14
O-102014,OPP-202014,C-2768,2024-11-06,2024-10-23,2024-11-14,2024-11-06,18392,11,101,CRM Pro,Software,Salesperson_1,Europe,Germany,City_19,Won,Outbound,True,1672.0,22
O-102015,OPP-202015,C-2464,2024-02-03,2024-01-17,2024-02-14,2024-01-17,3942,18,202,Receipt Printer,Hardware,Salesperson_14,Europe,USA,City_1,Won,Outbound,True,219.0,28
O-102016,OPP-202016,C-1354,2024-04-12,2024-03-29,2024-04-27,2024-03-29,223,1,201,POS Terminal,Hardware,Salesperson_7,Asia,Pakistan,City_1,Won,Outbound,False,223.0,29
O-102017,OPP-202017,C-3503,2024-12-18,2024-11-23,2024-12-20,2024-11-23,1967,7,103,Sales Booster,Software,Salesperson_3,North America,Germany,City_16,Won,Partner,True,281.0,27
O-102018,OPP-202018,C-2141,2023-08-02,2023-07-28,2023-08-16,2023-08-02,12863,19,201,POS Terminal,Hardware,Salesperson_13,Asia,UK,City_11,Won,Outbound,True,677.0,19
O-102019,OPP-202019,C-2063,2023-08-17,2023-07-29,2023-08-19,2023-07-29,14664,13,103,Sales Booster,Software,Salesperson_7,Europe,USA,City_2,Won,Partner,True,1128.0,21
O-102020,OPP-202020,C-1753,2023-07-12,2023-06-24,2023-07-26,2023-07-12,8590,5,201,POS Terminal,Hardware,Salesperson_6,North America,Germany,City_10,Won,Outbound,True,1718.0,32
O-102021,OPP-202021,C-2156,2024-03-02,2024-02-15,2024-03-08,2024-02-15,13950,9,101,CRM Pro,Software,Salesperson_7,Europe,India,City_18,Won,Partner,False,1550.0,22
O-102022,OPP-202022,C-1235,2024-11-24,2024-10-29,2024-12-13,2024-10-29,1196,4,201,POS Terminal,Hardware,Salesperson_14,Europe,Pakistan,City_10,Won,Inbound,True,299.0,45
O-102023,OPP-202023,C-2622,2023-01-02,2022-12-26,2023-01-19,2023-01-02,3795,3,103,Sales Booster,Software,Salesperson_11,Asia,India,City_2,Won,Partner,False,1265.0,24
O-102024,OPP-202024,C-1445,2024-06-14,2024-05-16,2024-06-27,2024-05-16,28135,17,103,Sales Booster,Software,Salesperson_7,Europe,Pakistan,City_2,Won,Outbound,True,1655.0,42
O-102025,OPP-202025,C-2054,2024-09-18,2024-08-28,2024-09-29,2024-08-28,11536,7,103,Sales Booster,Software,Salesperson_7,Asia,USA,City_15,Won,Partner,True,1648.0,32
O-102026,OPP-202026,C-2014,2023-02-01,2023-01-06,2023-02-09,2023-01-06,4335,15,101,CRM Pro,Software,Salesperson_2,Europe,Pakistan,City_13,Won,Inbound,False,289.0,34
O-102027,OPP-202027,C-2991,2024-10-15,2024-09-25,2024-10-27,2024-09-25,4965,15,102,Analytics Suite,Software,Salesperson_11,Europe,Pakistan,City_13,Won,Partner,True,331.0,32
O-102028,OPP-202028,C-4132,2024-09-10,2024-08-11,2024-09-22,2024-08-11,1842,1,102,Analytics Suite,Software,Salesperson_10,Asia,Pakistan,City_4,Won,Inbound,True,1842.0,42
O-102029,OPP-202029,C-1095,2024-11-20,2024-10-24,2024-11-27,2024-10-24,26030,19,103,Sales Booster,Software,Salesperson_1,Asia,USA,City_9,Won,Partner,True,1370.0,34
O-102030,OPP-202030,C-4459,2024-02-24,2024-01-29,2024-03-01,2024-01-29,105,1,201,POS Terminal,Hardware,Salesperson_11,North America,Pakistan,City_9,Won,Partner,True,105.0,32
O-102031,OPP-202031,C-2484,2024-04-14,2024-04-05,2024-04-16,2024-04-14,424,4,201,POS Terminal,Hardware,Salesperson_5,Asia,UK,City_13,Won,Partner,True,106.0,11
O-102032,OPP-202032,C-2796,2023-02-21,2023-01-29,2023-02-25,2023-02-21,9666,9,102,Analytics Suite,Software,Salesperson_9,Europe,USA,City_18,Won,Inbound,True,1074.0,27
O-102033,OPP-202033,C-3257,2024-03-16,2024-02-29,2024-03-26,2024-03-16,1128,1,201,POS Terminal,Hardware,Salesperson_4,Asia,Germany,City_8,Won,Outbound,True,1128.0,26
O-102034,OPP-202034,C-3954,2023-11-21,2023-10-29,2023-12-01,2023-11-21,1456,1,103,Sales Booster,Software,Salesperson_8,Europe,India,City_10,Won,Inbound,True,1456.0,33
O-102035,OPP-202035,C-1226,2023-01-07,2022-12-19,2023-01-21,2022-12-19,33732,18,201,POS Terminal,Hardware,Salesperson_3,Asia,Pakistan,City_15,Won,Outbound,True,1874.0,33
O-102036,OPP-202036,C-4906,2024-04-02,2024-03-09,2024-04-21,2024-04-02,3010,14,103,Sales Booster,Software,Salesperson_7,North America,Germany,City_13,Won,Partner,False,215.0,43
O-102037,OPP-202037,C-1273,2024-01-08,2023-12-28,2024-01-23,2023-12-28,7924,7,103,Sales Booster,Software,Salesperson_2,Asia,USA,City_11,Won,Outbound,True,1132.0,26
O-102038,OPP-202038,C-4243,2024-11-29,2024-11-21,2024-12-07,2024-11-21,21912,12,102,Analytics Suite,Software,Salesperson_2,Asia,Germany,City_14,Won,Inbound,False,1826.0,16
O-102039,OPP-202039,C-3184,2023-12-04,2023-11-13,2023-12-09,2023-12-04,2425,5,201,POS Terminal,Hardware,Salesperson_5,Europe,UK,City_13,Won,Partner,True,485.0,26
O-102040,OPP-202040,C-2924,2023-10-13,2023-09-17,2023-10-18,2023-09-17,9440,5,201,POS Terminal,Hardware,Salesperson_5,North America,Germany,City_8,Won,Outbound,False,1888.0,31
O-102041,OPP-202041,C-3238,2024-04-25,2024-04-10,2024-05-03,2024-04-10,2937,11,103,Sales Booster,Software,Salesperson_9,Asia,India,City_20,Won,Inbound,True,267.0,23
O-102042,OPP-202042,C-3058,2024-08-20,2024-07-29,2024-09-03,2024-08-20,8046,6,103,Sales Booster,Software,Salesperson_12,North America,Germany,City_1,Won,Partner,False,1341.0,36
O-102043,OPP-202043,C-2835,2023-03-25,2023-03-12,2023-04-07,2023-03-25,13818,14,202,Receipt Printer,Hardware,Salesperson_11,North America,Pakistan,City_6,Won,Partner,False,987.0,26
O-102044,OPP-202044,C-1178,2023-09-13,2023-08-18,2023-10-02,2023-09-13,24852,19,101,CRM Pro,Software,Salesperson_15,Asia,Pakistan,City_8,Won,Inbound,True,1308.0,45
O-102045,OPP-202045,C-3654,2023-05-11,2023-05-01,2023-05-20,2023-05-01,16808,11,102,Analytics Suite,Software,Salesperson_7,Europe,Germany,City_1,Won,Outbound,False,1528.0,19
O-102046,OPP-202046,C-3501,2024-10-06,2024-09-30,2024-10-09,2024-09-30,4509,9,102,Analytics Suite,Software,Salesperson_8,Europe,UK,City_19,Won,Partner,True,501.0,9
O-102047,OPP-202047,C-3754,2023-03-31,2023-03-19,2023-04-20,2023-03-19,1068,6,103,Sales Booster,Software,Salesperson_12,Asia,Germany,City_1,Won,Outbound,True,178.0,32
O-102048,OPP-202048,C-3833,2024-08-06,2024-07-26,2024-08-26,2024-07-26,18905,19,103,Sales Booster,Software,Salesperson_2,Europe,USA,City_4,Won,Outbound,True,995.0,31
O-102049,OPP-202049,C-3396,2024-03-06,2024-02-12,2024-03-09,2024-02-12,25701,13,201,POS Terminal,Hardware,Salesperson_1,Asia,India,City_12,Won,Outbound,False,1977.0,26
O-102050,OPP-202050,C-2002,2023-04-04,2023-03-18,2023-04-19,2023-04-04,3562,13,101,CRM Pro,Software,Salesperson_10,Europe,UK,City_3,Won,Outbound,True,274.0,32
O-102051,OPP-202051,C-4901,2023-12-25,2023-12-04,2024-01-02,2023-12-04,3248,14,201,POS Terminal,Hardware,Salesperson_3,Europe,Pakistan,City_7,Won,Inbound,True,232.0,29
O-102052,OPP-202052,C-3844,2023-02-17,2023-01-25,2023-03-09,2023-01-25,5280,5,102,Analytics Suite,Software,Salesperson_11,Europe,USA,City_20,Won,Outbound,True,1056.0,43
O-102053,OPP-202053,C-3701,2024-10-09,2024-09-19,2024-10-11,2024-09-19,4488,6,201,POS Terminal,Hardware,Salesperson_2,Asia,Germany,City_10,Won,Outbound,True,748.0,22
O-102054,OPP-202054,C-4426,2024-09-23,2024-08-29,2024-10-13,2024-09-23,748,1,201,POS Terminal,Hardware,Salesperson_14,Asia,USA,City_13,Won,Partner,True,748.0,45
O-102055,OPP-202055,C-1304,2023-11-01,2023-10-16,2023-11-09,2023-10-16,13088,16,201,POS Terminal,Hardware,Salesperson_5,Asia,USA,City_19,Won,Partner,False,818.0,24
O-102056,OPP-202056,C-1007,2024-09-27,2024-09-11,2024-10-15,2024-09-27,1704,1,201,POS Terminal,Hardware,Salesperson_9,Europe,Germany,City_10,Won,Partner,True,1704.0,34
O-102057,OPP-202057,C-1855,2024-09-28,2024-09-09,2024-10-18,2024-09-09,6256,4,101,CRM Pro,Software,Salesperson_6,Europe,India,City_2,Won,Partner,False,1564.0,39
O-102058,OPP-202058,C-2143,2023-11-21,2023-11-02,2023-12-06,2023-11-21,678,1,103,Sales Booster,Software,Salesperson_12,Europe,India,City_1,Won,Outbound,False,678.0,34
O-102059,OPP-202059,C-4214,2023-10-15,2023-10-05,2023-10-27,2023-10-05,5421,3,101,CRM Pro,Software,Salesperson_3,Europe,USA,City_1,Won,Partner,True,1807.0,22
O-102060,OPP-202060,C-2090,2024-02-28,2024-02-23,2024-03-13,2024-02-23,21072,12,102,Analytics Suite,Software,Salesperson_15,Asia,Germany,City_16,Won,Inbound,True,1756.0,19
O-102061,OPP-202061,C-3793,2023-03-07,2023-02-09,2023-03-12,2023-02-09,2448,8,102,Analytics Suite,Software,Salesperson_9,Europe,USA,City_3,Won,Partner,False,306.0,31
O-102062,OPP-202062,C-3619,2024-08-06,2024-07-31,2024-08-19,2024-07-31,2320,5,202,Receipt Printer,Hardware,Salesperson_6,North America,Pakistan,City_7,Won,Outbound,True,464.0,19
O-102063,OPP-202063,C-3775,2023-01-11,2022-12-26,2023-01-26,2022-12-26,5940,15,102,Analytics Suite,Software,Salesperson_8,Europe,UK,City_4,Won,Partner,True,396.0,31
O-102064,OPP-202064,C-4000,2024-02-24,2024-01-31,2024-02-26,2024-01-31,1430,2,102,Analytics Suite,Software,Salesperson_13,Europe,UK,City_9,Won,Outbound,True,715.0,26
O-102065,OPP-202065,C-2053,2023-11-30,2023-11-20,2023-12-05,2023-11-20,4977,7,102,Analytics Suite,Software,Salesperson_1,Europe,Germany,City_1,Won,Partner,True,711.0,15
O-102066,OPP-202066,C-3133,2023-07-07,2023-06-20,2023-07-11,2023-06-20,16256,16,201,POS Terminal,Hardware,Salesperson_1,Asia,USA,City_3,Won,Inbound,False,1016.0,21
O-102067,OPP-202067,C-4768,2024-01-13,2023-12-31,2024-01-30,2023-12-31,4479,3,103,Sales Booster,Software,Salesperson_4,Europe,Pakistan,City_4,Won,Outbound,True,1493.0,30
O-102068,OPP-202068,C-2890,2024-10-24,2024-10-12,2024-11-11,2024-10-24,7746,6,103,Sales Booster,Software,Salesperson_9,Asia,India,City_6,Won,Inbound,False,1291.0,30
O-102069,OPP-202069,C-1479,2024-05-10,2024-04-18,2024-05-18,2024-04-18,24544,16,201,POS Terminal,Hardware,Salesperson_12,North America,Germany,City_7,Won,Inbound,True,1534.0,30
O-102070,OPP-202070,C-3258,2024-10-06,2024-09-21,2024-10-07,2024-09-21,3995,17,103,Sales Booster,Software,Salesperson_1,Europe,India,City_19,Won,Outbound,True,235.0,16
O-102071,OPP-202071,C-4453,2023-06-24,2023-05-28,2023-07-09,2023-05-28,1710,2,201,POS Terminal,Hardware,Salesperson_9,North America,India,City_5,Won,Outbound,True,855.0,42
O-102072,OPP-202072,C-2177,2023-06-07,2023-05-25,2023-06-24,2023-05-25,8957,13,103,Sales Booster,Software,Salesperson_8,Europe,Pakistan,City_18,Won,Outbound,True,689.0,30
O-102073,OPP-202073,C-4392,2024-06-08,2024-05-12,2024-06-14,2024-05-12,5750,10,201,POS Terminal,Hardware,Salesperson_4,Europe,India,City_8,Won,Partner,True,575.0,33
O-102074,OPP-202074,C-3493,2024-11-15,2024-10-28,2024-11-20,2024-11-15,8364,6,102,Analytics Suite,Software,Salesperson_8,Europe,Pakistan,City_20,Won,Partner,True,1394.0,23
O-102075,OPP-202075,C-3686,2024-08-25,2024-08-17,2024-08-31,2024-08-17,16666,13,103,Sales Booster,Software,Salesperson_12,North America,Pakistan,City_2,Won,Outbound,True,1282.0,14
O-102076,OPP-202076,C-3441,2023-09-22,2023-09-04,2023-09-27,2023-09-04,10232,8,102,Analytics Suite,Software,Salesperson_9,North America,Pakistan,City_7,Won,Outbound,False,1279.0,23
O-102077,OPP-202077,C-3253,2024-02-15,2024-01-24,2024-03-01,2024-01-24,1342,1,202,Receipt Printer,Hardware,Salesperson_12,Europe,USA,City_19,Won,Outbound,False,1342.0,37
O-102078,OPP-202078,C-1075,2024-10-16,2024-10-07,2024-10-22,2024-10-07,3885,15,201,POS Terminal,Hardware,Salesperson_13,Europe,Germany,City_16,Won,Outbound,True,259.0,15
O-102079,OPP-202079,C-4146,2024-05-06,2024-04-09,2024-05-15,2024-05-06,8904,14,202,Receipt Printer,Hardware,Salesperson_10,Asia,USA,City_8,Won,Partner,True,636.0,36
O-102080,OPP-202080,C-2987,2023-09-16,2023-08-18,2023-09-23,2023-08-18,5280,4,102,Analytics Suite,Software,Salesperson_6,Asia,Germany,City_8,Won,Inbound,True,1320.0,36
O-102081,OPP-202081,C-1119,2024-08-06,2024-07-31,2024-08-21,2024-08-06,1285,5,103,Sales Booster,Software,Salesperson_9,Europe,Pakistan,City_5,Won,Partner,True,257.0,21
O-102082,OPP-202082,C-4753,2024-07-11,2024-06-12,2024-07-22,2024-06-12,1125,5,202,Receipt Printer,Hardware,Salesperson_7,Europe,UK,City_13,Won,Outbound,False,225.0,40
O-102083,OPP-202083,C-4290,2023-04-05,2023-03-09,2023-04-20,2023-03-09,5608,4,102,Analytics Suite,Software,Salesperson_12,Asia,India,City_1,Won,Partner,False,1402.0,42
O-102084,OPP-202084,C-3713,2024-09-16,2024-09-03,2024-10-01,2024-09-03,930,2,102,Analytics Suite,Software,Salesperson_10,Asia,Germany,City_16,Won,Outbound,False,465.0,28
O-102085,OPP-202085,C-1329,2023-09-13,2023-08-30,2023-10-01,2023-08-30,18928,14,101,CRM Pro,Software,Salesperson_6,Europe,India,City_1,Won,Partner,False,1352.0,32
O-102086,OPP-202086,C-1924,2024-12-06,2024-11-07,2024-12-24,2024-11-07,4200,20,102,Analytics Suite,Software,Salesperson_4,Asia,USA,City_2,Won,Outbound,True,210.0,47
O-102087,OPP-202087,C-1730,2023-12-01,2023-11-01,2023-12-06,2023-11-01,34276,19,201,POS Terminal,Hardware,Salesperson_14,Asia,USA,City_6,Won,Outbound,False,1804.0,35
O-102088,OPP-202088,C-3174,2023-02-05,2023-01-25,2023-02-09,2023-01-25,14520,11,201,POS Terminal,Hardware,Salesperson_8,Europe,UK,City_16,Won,Inbound,False,1320.0,15
O-102089,OPP-202089,C-4198,2023-05-05,2023-04-16,2023-05-15,2023-04-16,3955,7,101,CRM Pro,Software,Salesperson_12,Europe,India,City_6,Won,Outbound,True,565.0,29
O-102090,OPP-202090,C-4067,2024-02-24,2024-01-26,2024-02-26,2024-01-26,20040,12,201,POS Terminal,Hardware,Salesperson_3,Europe,Germany,City_7,Won,Outbound,False,1670.0,31
O-102091,OPP-202091,C-3089,2024-12-12,2024-11-12,2024-12-18,2024-11-12,8330,7,101,CRM Pro,Software,Salesperson_8,North America,UK,City_9,Won,Inbound,False,1190.0,36
O-102092,OPP-202092,C-2569,2023-11-13,2023-11-03,2023-11-25,2023-11-03,6708,4,101,CRM Pro,Software,Salesperson_10,Europe,UK,City_10,Won,Partner,True,1677.0,22
O-102093,OPP-202093,C-4278,2023-03-19,2023-02-17,2023-03-29,2023-02-17,2610,15,101,CRM Pro,Software,Salesperson_5,Asia,Germany,City_9,Won,Partner,False,174.0,40
O-102094,OPP-202094,C-1986,2023-03-27,2023-03-16,2023-04-05,2023-03-16,21780,18,201,POS Terminal,Hardware,Salesperson_6,Asia,USA,City_2,Won,Partner,False,1210.0,20
O-102095,OPP-202095,C-2412,2024-11-26,2024-11-03,2024-12-11,2024-11-03,30798,18,102,Analytics Suite,Software,Salesperson_13,North America,Pakistan,City_1,Won,Inbound,False,1711.0,38
O-102096,OPP-202096,C-4286,2023-03-12,2023-02-22,2023-03-25,2023-03-12,3334,2,201,POS Terminal,Hardware,Salesperson_9,North America,Germany,City_15,Won,Partner,True,1667.0,31
O-102097,OPP-202097,C-2253,2023-02-02,2023-01-18,2023-02-15,2023-02-02,23436,12,102,Analytics Suite,Software,Salesperson_3,Europe,India,City_6,Won,Outbound,False,1953.0,28
O-102098,OPP-202098,C-1872,2023-11-01,2023-10-03,2023-11-11,2023-10-03,4186,14,201,POS Terminal,Hardware,Salesperson_3,Asia,Germany,City_5,Won,Partner,False,299.0,39
O-102099,OPP-202099,C-1836,2024-09-19,2024-09-11,2024-09-30,2024-09-11,12950,14,102,Analytics Suite,Software,Salesperson_13,North America,India,City_11,Won,Inbound,False,925.0,19
O-102100,OPP-202100,C-2135,2024-08-30,2024-08-12,2024-09-04,2024-08-30,5138,7,102,Analytics Suite,Software,Salesperson_5,Europe,USA,City_19,Won,Partner,True,734.0,23
O-102101,OPP-202101,C-1507,2024-01-05,2023-12-18,2024-01-18,2023-12-18,1993,1,101,CRM Pro,Software,Salesperson_1,North America,USA,City_15,Won,Outbound,True,1993.0,31
O-102102,OPP-202102,C-3852,2024-10-06,2024-09-30,2024-10-25,2024-09-30,21462,14,202,Receipt Printer,Hardware,Salesperson_9,Europe,USA,City_7,Won,Inbound,True,1533.0,25
O-102103,OPP-202103,C-1230,2024-07-03,2024-06-19,2024-07-14,2024-06-19,33554,19,101,CRM Pro,Software,Salesperson_7,North America,Germany,City_14,Won,Partner,False,1766.0,25
O-102104,OPP-202104,C-2734,2024-03-16,2024-03-01,2024-03-25,2024-03-01,17895,15,102,Analytics Suite,Software,Salesperson_6,Europe,Germany,City_13,Won,Outbound,False,1193.0,24
O-102105,OPP-202105,C-3520,2023-11-01,2023-10-06,2023-11-04,2023-11-01,1414,2,103,Sales Booster,Software,Salesperson_3,Europe,UK,City_6,Won,Partner,True,707.0,29
O-102106,OPP-202106,C-2558,2024-05-16,2024-04-28,2024-05-19,2024-05-16,1446,2,202,Receipt Printer,Hardware,Salesperson_8,Europe,Germany,City_16,Won,Inbound,False,723.0,21
O-102107,OPP-202107,C-4487,2024-10-28,2024-09-30,2024-11-17,2024-09-30,30457,19,202,Receipt Printer,Hardware,Salesperson_8,Europe,Pakistan,City_15,Won,Outbound,False,1603.0,48
O-102108,OPP-202108,C-3534,2023-12-22,2023-11-25,2023-12-30,2023-11-25,14760,20,103,Sales Booster,Software,Salesperson_7,Europe,Germany,City_5,Won,Outbound,True,738.0,35
O-102109,OPP-202109,C-1591,2024-01-06,2023-12-29,2024-01-10,2024-01-06,6150,5,201,POS Terminal,Hardware,Salesperson_11,Asia,UK,City_15,Won,Inbound,False,1230.0,12
O-102110,OPP-202110,C-2062,2024-08-02,2024-07-17,2024-08-06,2024-07-17,4086,18,101,CRM Pro,Software,Salesperson_3,North America,USA,City_8,Won,Partner,True,227.0,20
O-102111,OPP-202111,C-2135,2023-05-26,2023-05-05,2023-06-15,2023-05-05,27622,14,202,Receipt Printer,Hardware,Salesperson_2,Europe,India,City_3,Won,Inbound,False,1973.0,41
O-102112,OPP-202112,C-1349,2023-09-11,2023-09-04,2023-09-30,2023-09-04,944,4,103,Sales Booster,Software,Salesperson_4,Europe,Germany,City_5,Won,Inbound,False,236.0,26
O-102113,OPP-202113,C-3040,2023-01-01,2022-12-17,2023-01-18,2023-01-01,4320,5,201,POS Terminal,Hardware,Salesperson_12,Asia,USA,City_17,Won,Partner,True,864.0,32
O-102114,OPP-202114,C-1142,2023-07-23,2023-07-03,2023-08-06,2023-07-03,7440,4,202,Receipt Printer,Hardware,Salesperson_10,Asia,Germany,City_20,Won,Partner,False,1860.0,34
O-102115,OPP-202115,C-4726,2023-04-11,2023-04-05,2023-04-20,2023-04-05,4936,8,101,CRM Pro,Software,Salesperson_11,Asia,UK,City_4,Won,Partner,True,617.0,15
O-102116,OPP-202116,C-4401,2024-10-09,2024-09-19,2024-10-23,2024-09-19,345,1,201,POS Terminal,Hardware,Salesperson_14,Asia,UK,City_14,Won,Outbound,False,345.0,34
O-102117,OPP-202117,C-1982,2023-12-14,2023-11-16,2024-01-02,2023-12-14,20580,20,201,POS Terminal,Hardware,Salesperson_4,Asia,USA,City_6,Won,Partner,True,1029.0,47
O-102118,OPP-202118,C-1708,2024-04-26,2024-04-06,2024-05-16,2024-04-06,9480,8,202,Receipt Printer,Hardware,Salesperson_7,Europe,USA,City_2,Won,Outbound,False,1185.0,40
O-102119,OPP-202119,C-1854,2024-02-25,2024-02-10,2024-03-01,2024-02-10,19201,13,102,Analytics Suite,Software,Salesperson_2,North America,UK,City_17,Won,Partner,True,1477.0,20
O-102120,OPP-202120,C-2259,2023-07-13,2023-07-06,2023-07-19,2023-07-06,3430,7,201,POS Terminal,Hardware,Salesperson_14,Asia,USA,City_16,Won,Inbound,True,490.0,13
O-102121,OPP-202121,C-2557,2023-09-19,2023-09-08,2023-09-30,2023-09-19,21258,18,202,Receipt Printer,Hardware,Salesperson_5,Europe,Pakistan,City_6,Won,Partner,False,1181.0,22
O-102122,OPP-202122,C-2922,2023-05-07,2023-04-08,2023-05-09,2023-05-07,10208,11,101,CRM Pro,Software,Salesperson_5,North America,Pakistan,City_2,Won,Outbound,True,928.0,31
O-102123,OPP-202123,C-3122,2024-07-25,2024-07-02,2024-08-03,2024-07-02,7505,19,103,Sales Booster,Software,Salesperson_12,Europe,Germany,City_19,Won,Inbound,True,395.0,32
O-102124,OPP-202124,C-1262,2024-11-09,2024-10-11,2024-11-29,2024-11-09,5670,18,202,Receipt Printer,Hardware,Salesperson_9,Europe,Germany,City_15,Won,Inbound,True,315.0,49
O-102125,OPP-202125,C-1336,2024-04-07,2024-03-10,2024-04-20,2024-04-07,12852,18,101,CRM Pro,Software,Salesperson_15,North America,India,City_3,Won,Partner,False,714.0,41
O-102126,OPP-202126,C-2443,2024-04-17,2024-03-28,2024-05-04,2024-03-28,13168,16,201,POS Terminal,Hardware,Salesperson_14,North America,USA,City_5,Won,Inbound,False,823.0,37
O-102127,OPP-202127,C-3039,2023-08-04,2023-07-09,2023-08-13,2023-08-04,604,1,103,Sales Booster,Software,Salesperson_12,North America,Germany,City_3,Won,Partner,False,604.0,35
O-102128,OPP-202128,C-2231,2023-09-14,2023-09-01,2023-09-25,2023-09-01,7902,9,202,Receipt Printer,Hardware,Salesperson_12,Europe,Pakistan,City_17,Won,Inbound,False,878.0,24
O-102129,OPP-202129,C-1342,2024-01-01,2023-12-12,2024-01-06,2023-12-12,996,4,101,CRM Pro,Software,Salesperson_4,Asia,Germany,City_10,Won,Outbound,False,249.0,25
O-102130,OPP-202130,C-1216,2023-07-22,2023-07-11,2023-08-06,2023-07-22,4512,4,201,POS Terminal,Hardware,Salesperson_3,Europe,India,City_6,Won,Inbound,False,1128.0,26
O-102131,OPP-202131,C-3477,2023-03-01,2023-02-22,2023-03-15,2023-02-22,9834,6,201,POS Terminal,Hardware,Salesperson_8,North America,Germany,City_11,Won,Partner,False,1639.0,21
O-102132,OPP-202132,C-1035,2024-02-06,2024-01-13,2024-02-07,2024-02-06,6288,4,201,POS Terminal,Hardware,Salesperson_9,Asia,India,City_13,Won,Outbound,True,1572.0,25
O-102133,OPP-202133,C-2327,2023-02-09,2023-01-29,2023-02-21,2023-01-29,9672,8,202,Receipt Printer,Hardware,Salesperson_3,North America,Germany,City_18,Won,Partner,False,1209.0,23
O-102134,OPP-202134,C-3261,2023-01-28,2023-01-13,2023-02-03,2023-01-13,3135,11,201,POS Terminal,Hardware,Salesperson_15,North America,USA,City_8,Won,Outbound,False,285.0,21
O-102135,OPP-202135,C-2506,2024-11-26,2024-11-02,2024-11-29,2024-11-26,7020,9,201,POS Terminal,Hardware,Salesperson_7,North America,India,City_14,Won,Outbound,False,780.0,27
O-102136,OPP-202136,C-2498,2023-03-08,2023-02-15,2023-03-24,2023-02-15,20556,12,102,Analytics Suite,Software,Salesperson_15,Asia,USA,City_14,Won,Partner,True,1713.0,37
O-102137,OPP-202137,C-2690,2024-05-04,2024-04-04,2024-05-18,2024-04-04,3112,4,201,POS Terminal,Hardware,Salesperson_12,North America,India,City_6,Won,Partner,True,778.0,44
O-102138,OPP-202138,C-2790,2024-03-09,2024-02-28,2024-03-14,2024-02-28,6966,18,202,Receipt Printer,Hardware,Salesperson_11,Asia,USA,City_19,Won,Outbound,False,387.0,15
O-102139,OPP-202139,C-3228,2023-06-19,2023-06-09,2023-06-26,2023-06-09,34434,18,103,Sales Booster,Software,Salesperson_7,North America,Pakistan,City_18,Won,Inbound,True,1913.0,17
O-102140,OPP-202140,C-3135,2024-03-14,2024-03-05,2024-03-25,2024-03-05,9960,12,103,Sales Booster,Software,Salesperson_15,North America,Germany,City_14,Won,Inbound,True,830.0,20
O-102141,OPP-202141,C-1721,2023-11-01,2023-10-13,2023-11-05,2023-10-13,18707,13,101,CRM Pro,Software,Salesperson_15,North America,USA,City_9,Won,Inbound,True,1439.0,23
O-102142,OPP-202142,C-1815,2023-01-16,2022-12-28,2023-02-03,2022-12-28,1320,5,202,Receipt Printer,Hardware,Salesperson_1,Europe,UK,City_18,Won,Outbound,False,264.0,37
O-102143,OPP-202143,C-2551,2024-02-09,2024-01-27,2024-02-19,2024-01-27,10962,7,201,POS Terminal,Hardware,Salesperson_2,Europe,Pakistan,City_15,Won,Outbound,True,1566.0,23
O-102144,OPP-202144,C-3565,2023-02-12,2023-01-27,2023-02-25,2023-01-27,353,1,201,POS Terminal,Hardware,Salesperson_7,Asia,Pakistan,City_11,Won,Inbound,True,353.0,29
O-102145,OPP-202145,C-3933,2023-03-08,2023-02-07,2023-03-13,2023-03-08,353,1,202,Receipt Printer,Hardware,Salesperson_14,Europe,USA,City_12,Won,Partner,True,353.0,34
O-102146,OPP-202146,C-4182,2023-04-02,2023-03-18,2023-04-10,2023-04-02,5984,4,102,Analytics Suite,Software,Salesperson_11,North America,Germany,City_10,Won,Outbound,True,1496.0,23
O-102147,OPP-202147,C-3644,2023-07-21,2023-07-08,2023-07-26,2023-07-21,1070,10,201,POS Terminal,Hardware,Salesperson_4,North America,USA,City_8,Won,Partner,False,107.0,18
O-102148,OPP-202148,C-1048,2023-08-29,2023-08-11,2023-09-06,2023-08-29,1335,3,201,POS Terminal,Hardware,Salesperson_12,Asia,India,City_19,Won,Partner,False,445.0,26
O-102149,OPP-202149,C-2592,2024-04-14,2024-03-16,2024-04-21,2024-03-16,33440,19,103,Sales Booster,Software,Salesperson_12,Asia,Pakistan,City_3,Won,Outbound,False,1760.0,36
O-102150,OPP-202150,C-2607,2023-06-21,2023-06-05,2023-07-04,2023-06-21,17020,20,201,POS Terminal,Hardware,Salesperson_7,Asia,USA,City_17,Won,Inbound,False,851.0,29
O-102151,OPP-202151,C-1322,2024-05-06,2024-04-07,2024-05-18,2024-05-06,24080,14,103,Sales Booster,Software,Salesperson_7,Europe,India,City_18,Won,Outbound,False,1720.0,41
O-102152,OPP-202152,C-1219,2023-09-28,2023-09-23,2023-10-09,2023-09-23,5265,3,103,Sales Booster,Software,Salesperson_3,North America,UK,City_4,Won,Partner,False,1755.0,16
O-102153,OPP-202153,C-4415,2024-12-30,2024-12-12,2025-01-16,2024-12-12,22086,18,102,Analytics Suite,Software,Salesperson_2,Asia,USA,City_10,Won,Inbound,True,1227.0,35
O-102154,OPP-202154,C-3638,2024-01-24,2024-01-15,2024-02-02,2024-01-24,1269,3,102,Analytics Suite,Software,Salesperson_10,Europe,UK,City_11,Won,Inbound,True,423.0,18
O-102155,OPP-202155,C-4930,2024-06-30,2024-06-15,2024-07-13,2024-06-15,13760,8,201,POS Terminal,Hardware,Salesperson_8,Europe,UK,City_10,Won,Outbound,True,1720.0,28
O-102156,OPP-202156,C-1811,2024-08-06,2024-07-26,2024-08-07,2024-07-26,15368,8,201,POS Terminal,Hardware,Salesperson_1,Asia,India,City_14,Won,Outbound,True,1921.0,12
O-102157,OPP-202157,C-3156,2023-12-26,2023-12-21,2023-12-27,2023-12-21,6061,19,101,CRM Pro,Software,Salesperson_2,Asia,India,City_2,Won,Partner,False,319.0,6
O-102158,OPP-202158,C-2482,2024-06-22,2024-06-07,2024-06-26,2024-06-07,22347,13,101,CRM Pro,Software,Salesperson_8,North America,India,City_4,Won,Inbound,True,1719.0,19
O-102159,OPP-202159,C-1481,2023-01-02,2022-12-03,2023-01-19,2023-01-02,38560,20,103,Sales Booster,Software,Salesperson_2,Asia,India,City_7,Won,Inbound,True,1928.0,47
O-102160,OPP-202160,C-2203,2023-03-28,2023-03-05,2023-04-10,2023-03-28,17864,14,202,Receipt Printer,Hardware,Salesperson_4,Asia,Pakistan,City_2,Won,Partner,False,1276.0,36
O-102161,OPP-202161,C-1339,2024-11-11,2024-11-02,2024-11-19,2024-11-02,8307,9,103,Sales Booster,Software,Salesperson_2,Europe,USA,City_10,Won,Partner,False,923.0,17
O-102162,OPP-202162,C-3798,2023-07-24,2023-06-25,2023-07-28,2023-06-25,639,3,101,CRM Pro,Software,Salesperson_14,Europe,UK,City_6,Won,Outbound,False,213.0,33
O-102163,OPP-202163,C-2939,2024-05-10,2024-04-21,2024-05-13,2024-04-21,23292,18,102,Analytics Suite,Software,Salesperson_11,Asia,Pakistan,City_14,Won,Inbound,False,1294.0,22
O-102164,OPP-202164,C-1219,2023-03-15,2023-02-18,2023-04-04,2023-02-18,3556,7,101,CRM Pro,Software,Salesperson_5,Europe,Pakistan,City_15,Won,Outbound,False,508.0,45
O-102165,OPP-202165,C-4322,2023-08-27,2023-08-10,2023-09-16,2023-08-27,717,1,102,Analytics Suite,Software,Salesperson_11,Asia,USA,City_5,Won,Inbound,True,717.0,37
O-102166,OPP-202166,C-3401,2023-06-03,2023-05-22,2023-06-07,2023-05-22,2650,10,102,Analytics Suite,Software,Salesperson_3,North America,Germany,City_5,Won,Outbound,False,265.0,16
O-102167,OPP-202167,C-3683,2023-08-29,2023-08-12,2023-09-11,2023-08-12,11448,9,103,Sales Booster,Software,Salesperson_8,Europe,Pakistan,City_3,Won,Inbound,True,1272.0,30
O-102168,OPP-202168,C-4145,2023-11-21,2023-10-22,2023-12-11,2023-10-22,20328,14,202,Receipt Printer,Hardware,Salesperson_11,Europe,Pakistan,City_15,Won,Inbound,True,1452.0,50
O-102169,OPP-202169,C-4218,2024-10-30,2024-10-22,2024-11-11,2024-10-22,3002,2,201,POS Terminal,Hardware,Salesperson_7,Europe,USA,City_11,Won,Partner,True,1501.0,20
O-102170,OPP-202170,C-4769,2023-12-21,2023-12-12,2023-12-31,2023-12-12,10720,16,102,Analytics Suite,Software,Salesperson_6,North America,India,City_1,Won,Inbound,True,670.0,19
O-102171,OPP-202171,C-3485,2024-06-05,2024-05-31,2024-06-18,2024-05-31,4086,18,201,POS Terminal,Hardware,Salesperson_15,Asia,Pakistan,City_8,Won,Inbound,True,227.0,18
O-102172,OPP-202172,C-4226,2024-12-02,2024-11-08,2024-12-06,2024-12-02,1536,8,201,POS Terminal,Hardware,Salesperson_5,Asia,Germany,City_5,Won,Partner,True,192.0,28
O-102173,OPP-202173,C-4612,2023-10-04,2023-09-28,2023-10-07,2023-10-04,13800,12,202,Receipt Printer,Hardware,Salesperson_1,North America,Germany,City_14,Won,Partner,False,1150.0,9
O-102174,OPP-202174,C-2602,2023-08-08,2023-07-20,2023-08-12,2023-07-20,6780,10,102,Analytics Suite,Software,Salesperson_4,Asia,USA,City_4,Won,Inbound,False,678.0,23
O-102175,OPP-202175,C-2234,2024-07-28,2024-06-30,2024-07-31,2024-06-30,25532,13,101,CRM Pro,Software,Salesperson_4,Europe,Pakistan,City_14,Won,Inbound,False,1964.0,31
O-102176,OPP-202176,C-4023,2023-09-02,2023-08-26,2023-09-14,2023-09-02,19703,19,102,Analytics Suite,Software,Salesperson_5,North America,Pakistan,City_5,Won,Inbound,False,1037.0,19
O-102177,OPP-202177,C-4644,2024-04-26,2024-04-06,2024-04-30,2024-04-06,30880,20,102,Analytics Suite,Software,Salesperson_11,Asia,USA,City_1,Won,Inbound,False,1544.0,24
O-102178,OPP-202178,C-2686,2023-12-26,2023-11-27,2024-01-07,2023-12-26,2208,8,101,CRM Pro,Software,Salesperson_10,Europe,UK,City_1,Won,Partner,False,276.0,41
O-102179,OPP-202179,C-1713,2024-11-04,2024-10-19,2024-11-07,2024-10-19,781,1,202,Receipt Printer,Hardware,Salesperson_11,North America,Germany,City_1,Won,Partner,True,781.0,19
O-102180,OPP-202180,C-2467,2024-04-23,2024-04-16,2024-05-13,2024-04-16,2016,2,202,Receipt Printer,Hardware,Salesperson_7,Europe,India,City_18,Won,Outbound,False,1008.0,27
O-102181,OPP-202181,C-3884,2023-10-25,2023-10-11,2023-11-10,2023-10-11,3336,12,101,CRM Pro,Software,Salesperson_9,Asia,Pakistan,City_15,Won,Partner,False,278.0,30
O-102182,OPP-202182,C-4579,2024-04-15,2024-03-20,2024-04-26,2024-03-20,6272,14,202,Receipt Printer,Hardware,Salesperson_8,Europe,UK,City_5,Won,Outbound,True,448.0,37
O-102183,OPP-202183,C-1505,2023-03-10,2023-03-05,2023-03-30,2023-03-10,2370,3,103,Sales Booster,Software,Salesperson_14,North America,USA,City_2,Won,Partner,True,790.0,25
O-102184,OPP-202184,C-2328,2024-05-22,2024-05-05,2024-06-11,2024-05-05,4896,4,103,Sales Booster,Software,Salesperson_3,North America,UK,City_11,Won,Outbound,False,1224.0,37
O-102185,OPP-202185,C-3366,2023-09-22,2023-09-04,2023-10-01,2023-09-04,4326,14,201,POS Terminal,Hardware,Salesperson_8,North America,Germany,City_3,Won,Outbound,False,309.0,27
O-102186,OPP-202186,C-4679,2024-05-22,2024-04-25,2024-05-31,2024-05-22,844,4,103,Sales Booster,Software,Salesperson_11,North America,UK,City_13,Won,Partner,True,211.0,36
O-102187,OPP-202187,C-3121,2023-07-09,2023-06-10,2023-07-28,2023-06-10,16796,17,202,Receipt Printer,Hardware,Salesperson_14,North America,Pakistan,City_4,Won,Inbound,False,988.0,48
O-102188,OPP-202188,C-4674,2024-04-21,2024-04-08,2024-05-09,2024-04-08,1283,1,202,Receipt Printer,Hardware,Salesperson_3,Asia,Germany,City_12,Won,Inbound,True,1283.0,31
O-102189,OPP-202189,C-4564,2023-10-03,2023-09-13,2023-10-09,2023-10-03,28305,15,102,Analytics Suite,Software,Salesperson_9,Asia,Germany,City_18,Won,Inbound,False,1887.0,26
O-102190,OPP-202190,C-1099,2024-04-20,2024-03-25,2024-05-01,2024-03-25,3150,15,201,POS Terminal,Hardware,Salesperson_6,North America,USA,City_13,Won,Outbound,True,210.0,37
O-102191,OPP-202191,C-3833,2024-04-20,2024-03-28,2024-04-27,2024-03-28,20625,11,201,POS Terminal,Hardware,Salesperson_11,Europe,India,City_1,Won,Outbound,False,1875.0,30
O-102192,OPP-202192,C-3760,2023-02-15,2023-01-31,2023-02-19,2023-02-15,12701,13,101,CRM Pro,Software,Salesperson_5,Asia,UK,City_12,Won,Partner,False,977.0,19
O-102193,OPP-202193,C-4434,2023-11-28,2023-10-29,2023-12-11,2023-11-28,6780,15,103,Sales Booster,Software,Salesperson_3,Europe,USA,City_10,Won,Outbound,False,452.0,43
O-102194,OPP-202194,C-2475,2024-01-22,2024-01-12,2024-01-27,2024-01-12,4939,11,201,POS Terminal,Hardware,Salesperson_12,North America,USA,City_4,Won,Partner,True,449.0,15
O-102195,OPP-202195,C-2620,2024-07-27,2024-07-07,2024-08-08,2024-07-07,14745,15,101,CRM Pro,Software,Salesperson_6,North America,USA,City_9,Won,Inbound,False,983.0,32
O-102196,OPP-202196,C-4841,2023-04-24,2023-04-12,2023-05-10,2023-04-24,29089,19,102,Analytics Suite,Software,Salesperson_15,North America,Germany,City_16,Won,Partner,True,1531.0,28
O-102197,OPP-202197,C-1711,2023-05-07,2023-04-24,2023-05-25,2023-04-24,6858,9,202,Receipt Printer,Hardware,Salesperson_6,North America,Germany,City_1,Won,Inbound,False,762.0,31
O-102198,OPP-202198,C-4201,2024-12-01,2024-11-15,2024-12-09,2024-12-01,32094,18,102,Analytics Suite,Software,Salesperson_2,Europe,USA,City_2,Won,Inbound,True,1783.0,24
O-102199,OPP-202199,C-4077,2023-02-23,2023-02-13,2023-03-05,2023-02-13,5797,17,103,Sales Booster,Software,Salesperson_13,Europe,Germany,City_11,Won,Inbound,False,341.0,20
O-102200,OPP-202200,C-4622,2024-11-04,2024-10-11,2024-11-08,2024-10-11,11500,10,101,CRM Pro,Software,Salesperson_6,North America,Germany,City_9,Won,Outbound,True,1150.0,28
O-102201,OPP-202201,C-2672,2023-11-14,2023-10-17,2023-11-20,2023-10-17,2916,2,102,Analytics Suite,Software,Salesperson_2,Asia,USA,City_15,Won,Inbound,True,1458.0,34
O-102202,OPP-202202,C-3628,2023-07-13,2023-06-26,2023-08-01,2023-06-26,37810,19,102,Analytics Suite,Software,Salesperson_3,Europe,Pakistan,City_20,Won,Partner,False,1990.0,36
O-102203,OPP-202203,C-4031,2023-10-26,2023-10-11,2023-11-12,2023-10-11,17984,16,202,Receipt Printer,Hardware,Salesperson_10,Europe,India,City_17,Won,Outbound,False,1124.0,32
O-102204,OPP-202204,C-3676,2024-07-22,2024-07-06,2024-08-06,2024-07-22,29616,16,102,Analytics Suite,Software,Salesperson_8,North America,Pakistan,City_3,Won,Partner,True,1851.0,31
O-102205,OPP-202205,C-4530,2023-04-18,2023-04-04,2023-05-05,2023-04-04,25104,16,201,POS Terminal,Hardware,Salesperson_2,Europe,UK,City_4,Won,Inbound,False,1569.0,31
O-102206,OPP-202206,C-3191,2024-02-15,2024-02-08,2024-02-21,2024-02-08,6990,6,202,Receipt Printer,Hardware,Salesperson_12,Europe,USA,City_20,Won,Inbound,True,1165.0,13
O-102207,OPP-202207,C-1556,2023-01-05,2022-12-12,2023-01-14,2022-12-12,3179,17,201,POS Terminal,Hardware,Salesperson_12,North America,Germany,City_18,Won,Outbound,False,187.0,33
O-102208,OPP-202208,C-1864,2023-01-21,2023-01-09,2023-01-31,2023-01-21,22734,18,202,Receipt Printer,Hardware,Salesperson_14,North America,India,City_4,Won,Partner,True,1263.0,22
O-102209,OPP-202209,C-1716,2023-04-26,2023-04-10,2023-05-09,2023-04-26,12420,20,102,Analytics Suite,Software,Salesperson_2,Europe,Germany,City_10,Won,Partner,False,621.0,29
O-102210,OPP-202210,C-1518,2023-07-15,2023-06-22,2023-08-03,2023-06-22,1000,4,202,Receipt Printer,Hardware,Salesperson_2,Asia,Pakistan,City_18,Won,Inbound,True,250.0,42
O-102211,OPP-202211,C-3951,2023-10-26,2023-10-14,2023-11-10,2023-10-26,6592,16,102,Analytics Suite,Software,Salesperson_13,Asia,Pakistan,City_3,Won,Partner,True,412.0,27
O-102212,OPP-202212,C-2661,2023-07-24,2023-06-27,2023-08-13,2023-06-27,2860,10,201,POS Terminal,Hardware,Salesperson_13,North America,Germany,City_2,Won,Outbound,True,286.0,47
O-102213,OPP-202213,C-3459,2024-10-13,2024-10-02,2024-10-28,2024-10-02,10976,14,103,Sales Booster,Software,Salesperson_15,Europe,UK,City_13,Won,Inbound,True,784.0,26
O-102214,OPP-202214,C-4540,2023-02-09,2023-01-24,2023-02-10,2023-01-24,12090,15,202,Receipt Printer,Hardware,Salesperson_3,North America,Germany,City_15,Won,Partner,True,806.0,17
O-102215,OPP-202215,C-2450,2023-04-23,2023-04-11,2023-05-09,2023-04-23,406,2,202,Receipt Printer,Hardware,Salesperson_7,North America,Pakistan,City_17,Won,Partner,True,203.0,28
O-102216,OPP-202216,C-2029,2024-05-19,2024-05-03,2024-06-08,2024-05-03,24463,17,202,Receipt Printer,Hardware,Salesperson_7,Asia,Pakistan,City_1,Won,Outbound,False,1439.0,36
O-102217,OPP-202217,C-1670,2023-01-16,2022-12-26,2023-01-27,2022-12-26,16560,15,103,Sales Booster,Software,Salesperson_8,Europe,UK,City_9,Won,Inbound,False,1104.0,32
O-102218,OPP-202218,C-3821,2023-11-17,2023-10-24,2023-11-27,2023-11-17,2167,11,201,POS Terminal,Hardware,Salesperson_14,Asia,Germany,City_12,Won,Inbound,True,197.0,34
O-102219,OPP-202219,C-2380,2023-05-06,2023-04-09,2023-05-25,2023-05-06,6522,6,202,Receipt Printer,Hardware,Salesperson_11,Asia,India,City_10,Won,Outbound,False,1087.0,46
O-102220,OPP-202220,C-2323,2023-12-06,2023-11-25,2023-12-22,2023-11-25,2300,5,101,CRM Pro,Software,Salesperson_7,Asia,USA,City_13,Won,Inbound,False,460.0,27
O-102221,OPP-202221,C-2625,2023-11-02,2023-10-08,2023-11-14,2023-10-08,16354,17,101,CRM Pro,Software,Salesperson_15,Europe,UK,City_6,Won,Inbound,False,962.0,37
O-102222,OPP-202222,C-4186,2024-02-20,2024-01-26,2024-03-06,2024-01-26,1510,5,202,Receipt Printer,Hardware,Salesperson_10,North America,India,City_1,Won,Inbound,True,302.0,40
O-102223,OPP-202223,C-2450,2024-01-23,2024-01-08,2024-01-27,2024-01-08,3120,6,103,Sales Booster,Software,Salesperson_9,Asia,Germany,City_20,Won,Inbound,False,520.0,19
O-102224,OPP-202224,C-2010,2024-06-07,2024-05-31,2024-06-13,2024-05-31,20349,17,202,Receipt Printer,Hardware,Salesperson_7,Asia,India,City_9,Won,Inbound,False,1197.0,13
O-102225,OPP-202225,C-1946,2024-06-23,2024-06-17,2024-07-07,2024-06-23,1722,7,103,Sales Booster,Software,Salesperson_2,Europe,Pakistan,City_5,Won,Partner,False,246.0,20
O-102226,OPP-202226,C-4924,2024-04-27,2024-04-02,2024-05-07,2024-04-02,3088,2,201,POS Terminal,Hardware,Salesperson_1,Europe,Germany,City_11,Won,Outbound,False,1544.0,35
O-102227,OPP-202227,C-1722,2024-02-28,2024-02-07,2024-02-29,2024-02-07,1514,2,103,Sales Booster,Software,Salesperson_3,North America,UK,City_12,Won,Outbound,False,757.0,22
O-102228,OPP-202228,C-2114,2023-06-20,2023-06-05,2023-07-04,2023-06-05,3376,4,202,Receipt Printer,Hardware,Salesperson_10,North America,UK,City_11,Won,Outbound,False,844.0,29
O-102229,OPP-202229,C-4376,2024-07-08,2024-06-21,2024-07-19,2024-06-21,2205,15,102,Analytics Suite,Software,Salesperson_8,North America,UK,City_18,Won,Inbound,True,147.0,28
O-102230,OPP-202230,C-3994,2023-06-19,2023-05-20,2023-07-04,2023-05-20,14949,11,102,Analytics Suite,Software,Salesperson_12,Europe,USA,City_4,Won,Inbound,True,1359.0,45
O-102231,OPP-202231,C-4808,2024-01-27,2024-01-05,2024-02-03,2024-01-05,17600,16,201,POS Terminal,Hardware,Salesperson_7,Europe,USA,City_16,Won,Outbound,True,1100.0,29
O-102232,OPP-202232,C-1726,2023-10-23,2023-10-03,2023-11-07,2023-10-03,2250,3,201,POS Terminal,Hardware,Salesperson_14,Asia,Germany,City_15,Won,Partner,True,750.0,35
O-102233,OPP-202233,C-2158,2023-01-11,2022-12-13,2023-01-28,2022-12-13,4040,20,103,Sales Booster,Software,Salesperson_4,North America,India,City_19,Won,Inbound,True,202.0,46
O-102234,OPP-202234,C-1731,2023-03-15,2023-03-08,2023-03-22,2023-03-15,10038,14,103,Sales Booster,Software,Salesperson_2,Europe,UK,City_1,Won,Partner,False,717.0,14
O-102235,OPP-202235,C-1239,2024-01-23,2024-01-15,2024-01-28,2024-01-23,38400,20,103,Sales Booster,Software,Salesperson_10,Europe,Germany,City_6,Won,Partner,False,1920.0,13
O-102236,OPP-202236,C-3567,2023-08-26,2023-08-18,2023-09-04,2023-08-26,2830,5,102,Analytics Suite,Software,Salesperson_11,North America,India,City_18,Won,Partner,True,566.0,17
O-102237,OPP-202237,C-1889,2023-12-26,2023-12-08,2024-01-06,2023-12-08,15720,20,201,POS Terminal,Hardware,Salesperson_10,North America,Germany,City_8,Won,Outbound,False,786.0,29
O-102238,OPP-202238,C-2640,2023-03-22,2023-02-24,2023-03-28,2023-02-24,33048,18,102,Analytics Suite,Software,Salesperson_9,North America,USA,City_16,Won,Outbound,False,1836.0,32
O-102239,OPP-202239,C-2722,2023-11-13,2023-11-06,2023-11-15,2023-11-06,1886,1,202,Receipt Printer,Hardware,Salesperson_15,Europe,India,City_17,Won,Partner,False,1886.0,9
O-102240,OPP-202240,C-4796,2024-06-07,2024-05-28,2024-06-11,2024-05-28,4928,8,102,Analytics Suite,Software,Salesperson_2,Asia,Germany,City_10,Won,Outbound,True,616.0,14
O-102241,OPP-202241,C-4747,2024-02-15,2024-01-28,2024-02-19,2024-01-28,3444,7,202,Receipt Printer,Hardware,Salesperson_2,North America,Pakistan,City_18,Won,Inbound,True,492.0,22
O-102242,OPP-202242,C-2949,2024-04-08,2024-04-01,2024-04-23,2024-04-01,4197,3,201,POS Terminal,Hardware,Salesperson_6,North America,Germany,City_5,Won,Partner,True,1399.0,22
O-102243,OPP-202243,C-2188,2024-04-27,2024-04-13,2024-05-14,2024-04-27,11620,20,102,Analytics Suite,Software,Salesperson_7,North America,Pakistan,City_20,Won,Outbound,True,581.0,31
O-102244,OPP-202244,C-1797,2023-06-04,2023-05-10,2023-06-08,2023-06-04,13824,9,103,Sales Booster,Software,Salesperson_10,Europe,Pakistan,City_2,Won,Inbound,False,1536.0,29
O-102245,OPP-202245,C-4825,2023-05-05,2023-04-29,2023-05-16,2023-04-29,18335,19,202,Receipt Printer,Hardware,Salesperson_3,North America,Germany,City_11,Won,Inbound,False,965.0,17
O-102246,OPP-202246,C-4371,2023-07-02,2023-06-05,2023-07-03,2023-06-05,5957,7,202,Receipt Printer,Hardware,Salesperson_1,Asia,USA,City_4,Won,Inbound,True,851.0,28
O-102247,OPP-202247,C-1535,2023-02-17,2023-01-26,2023-02-20,2023-01-26,1309,7,201,POS Terminal,Hardware,Salesperson_7,Europe,Pakistan,City_9,Won,Partner,True,187.0,25
O-102248,OPP-202248,C-2227,2024-08-16,2024-08-02,2024-09-04,2024-08-02,9383,11,202,Receipt Printer,Hardware,Salesperson_6,North America,India,City_6,Won,Outbound,True,853.0,33
O-102249,OPP-202249,C-3813,2023-11-24,2023-11-08,2023-12-02,2023-11-08,1690,1,103,Sales Booster,Software,Salesperson_12,Asia,UK,City_17,Won,Outbound,False,1690.0,24
O-102250,OPP-202250,C-1063,2024-10-01,2024-09-14,2024-10-14,2024-09-14,1540,11,101,CRM Pro,Software,Salesperson_7,Europe,Germany,City_8,Won,Inbound,False,140.0,30
O-102251,OPP-202251,C-1131,2024-07-09,2024-06-28,2024-07-17,2024-06-28,2970,6,101,CRM Pro,Software,Salesperson_7,Asia,India,City_8,Won,Inbound,True,495.0,19
O-102252,OPP-202252,C-2744,2024-03-09,2024-02-22,2024-03-21,2024-02-22,4785,5,102,Analytics Suite,Software,Salesperson_13,North America,Pakistan,City_2,Won,Outbound,False,957.0,28
O-102253,OPP-202253,C-3979,2023-04-08,2023-03-28,2023-04-12,2023-04-08,7242,6,103,Sales Booster,Software,Salesperson_1,North America,Pakistan,City_13,Won,Partner,True,1207.0,15
O-102254,OPP-202254,C-3605,2024-09-06,2024-08-31,2024-09-17,2024-08-31,15648,12,102,Analytics Suite,Software,Salesperson_5,Asia,Pakistan,City_10,Won,Partner,False,1304.0,17
O-102255,OPP-202255,C-3602,2023-11-19,2023-10-20,2023-12-06,2023-11-19,5662,19,102,Analytics Suite,Software,Salesperson_1,Europe,India,City_18,Won,Outbound,True,298.0,47
O-102256,OPP-202256,C-3863,2024-05-09,2024-04-18,2024-05-25,2024-04-18,1910,10,202,Receipt Printer,Hardware,Salesperson_14,Asia,Pakistan,City_17,Won,Outbound,False,191.0,37
O-102257,OPP-202257,C-1951,2023-08-26,2023-08-03,2023-09-07,2023-08-26,9621,9,102,Analytics Suite,Software,Salesperson_1,Asia,USA,City_1,Won,Inbound,False,1069.0,35
O-102258,OPP-202258,C-4135,2023-01-19,2023-01-14,2023-02-05,2023-01-14,31229,17,101,CRM Pro,Software,Salesperson_1,Europe,UK,City_6,Won,Partner,False,1837.0,22
O-102259,OPP-202259,C-2491,2024-07-01,2024-06-06,2024-07-11,2024-06-06,5703,3,102,Analytics Suite,Software,Salesperson_5,Asia,Pakistan,City_4,Won,Inbound,False,1901.0,35
O-102260,OPP-202260,C-4126,2023-10-10,2023-09-29,2023-10-21,2023-09-29,15786,9,201,POS Terminal,Hardware,Salesperson_3,Europe,USA,City_17,Won,Inbound,True,1754.0,22
O-102261,OPP-202261,C-1217,2024-02-13,2024-02-04,2024-03-02,2024-02-04,3048,4,101,CRM Pro,Software,Salesperson_6,Asia,India,City_10,Won,Inbound,False,762.0,27
O-102262,OPP-202262,C-3763,2023-06-22,2023-06-07,2023-07-07,2023-06-22,23202,18,101,CRM Pro,Software,Salesperson_15,Asia,Germany,City_16,Won,Outbound,False,1289.0,30
O-102263,OPP-202263,C-4614,2024-01-10,2023-12-30,2024-01-12,2023-12-30,11952,9,103,Sales Booster,Software,Salesperson_7,North America,USA,City_14,Won,Partner,True,1328.0,13
O-102264,OPP-202264,C-3489,2024-11-16,2024-10-26,2024-11-28,2024-10-26,2564,2,102,Analytics Suite,Software,Salesperson_6,Europe,India,City_18,Won,Partner,False,1282.0,33
O-102265,OPP-202265,C-4532,2024-08-09,2024-07-20,2024-08-11,2024-08-09,1476,9,102,Analytics Suite,Software,Salesperson_10,North America,Germany,City_19,Won,Inbound,False,164.0,22
O-102266,OPP-202266,C-2232,2023-07-02,2023-06-06,2023-07-18,2023-06-06,6948,9,202,Receipt Printer,Hardware,Salesperson_11,North America,Germany,City_5,Won,Outbound,False,772.0,42
O-102267,OPP-202267,C-2955,2023-05-23,2023-04-29,2023-05-24,2023-04-29,1233,3,201,POS Terminal,Hardware,Salesperson_15,Europe,Germany,City_1,Won,Partner,True,411.0,25
O-102268,OPP-202268,C-1506,2024-11-30,2024-11-05,2024-12-09,2024-11-05,15705,9,202,Receipt Printer,Hardware,Salesperson_8,North America,India,City_16,Won,Inbound,False,1745.0,34
O-102269,OPP-202269,C-4211,2024-08-08,2024-07-17,2024-08-16,2024-07-17,3290,14,202,Receipt Printer,Hardware,Salesperson_5,Asia,Pakistan,City_17,Won,Partner,True,235.0,30
O-102270,OPP-202270,C-3791,2023-01-06,2022-12-31,2023-01-23,2022-12-31,1182,1,103,Sales Booster,Software,Salesperson_8,Asia,UK,City_15,Won,Inbound,True,1182.0,23
O-102271,OPP-202271,C-1182,2023-06-10,2023-06-05,2023-06-19,2023-06-10,4266,9,102,Analytics Suite,Software,Salesperson_10,Europe,USA,City_5,Won,Partner,True,474.0,14
O-102272,OPP-202272,C-2189,2024-01-12,2023-12-28,2024-01-27,2024-01-12,3220,14,103,Sales Booster,Software,Salesperson_12,Asia,USA,City_14,Won,Outbound,True,230.0,30
O-102273,OPP-202273,C-3298,2024-03-11,2024-02-21,2024-03-12,2024-02-21,19800,15,101,CRM Pro,Software,Salesperson_1,Europe,USA,City_14,Won,Inbound,True,1320.0,20
O-102274,OPP-202274,C-2410,2023-09-12,2023-08-28,2023-09-24,2023-08-28,11536,14,102,Analytics Suite,Software,Salesperson_14,Europe,Pakistan,City_13,Won,Partner,False,824.0,27
O-102275,OPP-202275,C-2357,2023-11-22,2023-11-17,2023-12-07,2023-11-17,10907,13,102,Analytics Suite,Software,Salesperson_13,North America,Pakistan,City_13,Won,Outbound,False,839.0,20
O-102276,OPP-202276,C-3127,2024-12-10,2024-11-25,2024-12-26,2024-11-25,9000,8,201,POS Terminal,Hardware,Salesperson_14,Europe,Pakistan,City_10,Won,Partner,False,1125.0,31
O-102277,OPP-202277,C-3486,2024-08-02,2024-07-05,2024-08-12,2024-08-02,9336,6,101,CRM Pro,Software,Salesperson_9,Asia,USA,City_8,Won,Partner,True,1556.0,38
O-102278,OPP-202278,C-1191,2023-01-27,2022-12-29,2023-02-16,2022-12-29,21970,13,201,POS Terminal,Hardware,Salesperson_8,Europe,Pakistan,City_6,Won,Inbound,False,1690.0,49
O-102279,OPP-202279,C-2221,2023-11-04,2023-10-20,2023-11-22,2023-10-20,5904,8,201,POS Terminal,Hardware,Salesperson_7,Asia,India,City_3,Won,Inbound,False,738.0,33
O-102280,OPP-202280,C-3128,2023-11-08,2023-10-26,2023-11-14,2023-10-26,2480,16,102,Analytics Suite,Software,Salesperson_13,Europe,UK,City_4,Won,Inbound,False,155.0,19
O-102281,OPP-202281,C-3833,2024-08-22,2024-08-16,2024-08-31,2024-08-16,4752,18,102,Analytics Suite,Software,Salesperson_7,North America,India,City_13,Won,Partner,True,264.0,15
O-102282,OPP-202282,C-1742,2024-06-26,2024-06-01,2024-07-14,2024-06-01,20845,11,201,POS Terminal,Hardware,Salesperson_12,Asia,Germany,City_19,Won,Partner,False,1895.0,43
O-102283,OPP-202283,C-2427,2023-08-27,2023-08-10,2023-09-06,2023-08-10,8628,6,202,Receipt Printer,Hardware,Salesperson_7,North America,Pakistan,City_15,Won,Inbound,False,1438.0,27
O-102284,OPP-202284,C-3422,2024-04-05,2024-03-28,2024-04-17,2024-03-28,6804,6,201,POS Terminal,Hardware,Salesperson_13,Europe,UK,City_17,Won,Partner,True,1134.0,20
O-102285,OPP-202285,C-1146,2024-06-15,2024-05-27,2024-06-17,2024-06-15,9750,10,101,CRM Pro,Software,Salesperson_8,North America,USA,City_8,Won,Inbound,True,975.0,21
O-102286,OPP-202286,C-2370,2024-02-01,2024-01-20,2024-02-15,2024-02-01,3672,4,202,Receipt Printer,Hardware,Salesperson_13,Europe,India,City_17,Won,Inbound,False,918.0,26
O-102287,OPP-202287,C-1235,2024-07-01,2024-06-14,2024-07-02,2024-06-14,2385,9,103,Sales Booster,Software,Salesperson_10,North America,UK,City_20,Won,Outbound,False,265.0,18
O-102288,OPP-202288,C-2818,2024-10-15,2024-09-20,2024-10-29,2024-09-20,3888,6,102,Analytics Suite,Software,Salesperson_6,North America,Pakistan,City_10,Won,Outbound,False,648.0,39
O-102289,OPP-202289,C-1465,2024-06-14,2024-06-02,2024-06-28,2024-06-02,4235,5,102,Analytics Suite,Software,Salesperson_12,North America,Germany,City_12,Won,Inbound,True,847.0,26
O-102290,OPP-202290,C-2049,2024-07-28,2024-07-18,2024-08-02,2024-07-28,12992,16,202,Receipt Printer,Hardware,Salesperson_6,Asia,Germany,City_5,Won,Inbound,False,812.0,15
O-102291,OPP-202291,C-3876,2023-12-25,2023-12-14,2024-01-12,2023-12-25,6076,4,103,Sales Booster,Software,Salesperson_13,North America,Germany,City_10,Won,Inbound,False,1519.0,29
O-102292,OPP-202292,C-2909,2024-01-02,2023-12-10,2024-01-13,2023-12-10,6010,5,103,Sales Booster,Software,Salesperson_1,North America,Germany,City_2,Won,Outbound,False,1202.0,34
O-102293,OPP-202293,C-1959,2023-03-30,2023-03-23,2023-04-16,2023-03-23,12200,10,103,Sales Booster,Software,Salesperson_11,North America,Pakistan,City_12,Won,Partner,False,1220.0,24
O-102294,OPP-202294,C-1241,2023-12-16,2023-12-03,2023-12-31,2023-12-03,4440,15,202,Receipt Printer,Hardware,Salesperson_1,Europe,UK,City_4,Won,Partner,False,296.0,28
O-102295,OPP-202295,C-3506,2023-02-16,2023-02-01,2023-02-19,2023-02-01,9912,8,103,Sales Booster,Software,Salesperson_3,Asia,Germany,City_6,Won,Outbound,False,1239.0,18
O-102296,OPP-202296,C-1505,2024-05-24,2024-05-09,2024-05-31,2024-05-09,27048,14,202,Receipt Printer,Hardware,Salesperson_1,Europe,Pakistan,City_15,Won,Partner,True,1932.0,22
O-102297,OPP-202297,C-1623,2023-07-24,2023-07-13,2023-07-28,2023-07-24,9500,10,101,CRM Pro,Software,Salesperson_1,North America,UK,City_15,Won,Inbound,True,950.0,15
O-102298,OPP-202298,C-1980,2024-12-15,2024-11-30,2025-01-01,2024-11-30,31236,19,103,Sales Booster,Software,Salesperson_13,Europe,USA,City_19,Won,Outbound,True,1644.0,32
O-102299,OPP-202299,C-4412,2023-02-17,2023-02-02,2023-03-04,2023-02-02,981,1,103,Sales Booster,Software,Salesperson_10,North America,Germany,City_14,Won,Inbound,False,981.0,30
O-102300,OPP-202300,C-3278,2024-08-08,2024-07-31,2024-08-21,2024-07-31,7920,9,201,POS Terminal,Hardware,Salesperson_2,Asia,Pakistan,City_19,Won,Partner,True,880.0,21
O-102301,OPP-202301,C-2142,2024-04-19,2024-04-11,2024-04-20,2024-04-19,15162,14,101,CRM Pro,Software,Salesperson_5,Asia,UK,City_7,Won,Inbound,False,1083.0,9
O-102302,OPP-202302,C-3584,2024-01-04,2023-12-12,2024-01-14,2023-12-12,5379,11,102,Analytics Suite,Software,Salesperson_9,Asia,UK,City_20,Won,Inbound,False,489.0,33
O-102303,OPP-202303,C-3942,2023-05-27,2023-05-22,2023-06-01,2023-05-22,4370,19,101,CRM Pro,Software,Salesperson_8,North America,India,City_12,Won,Outbound,True,230.0,10
O-102304,OPP-202304,C-1558,2024-12-06,2024-11-20,2024-12-14,2024-11-20,12493,13,102,Analytics Suite,Software,Salesperson_9,Asia,USA,City_1,Won,Outbound,True,961.0,24
O-102305,OPP-202305,C-4685,2023-12-31,2023-12-20,2024-01-18,2023-12-20,27776,14,101,CRM Pro,Software,Salesperson_8,Europe,Germany,City_17,Won,Partner,False,1984.0,29
O-102306,OPP-202306,C-3663,2023-09-18,2023-09-11,2023-09-24,2023-09-18,10000,10,202,Receipt Printer,Hardware,Salesperson_1,Asia,India,City_10,Won,Partner,True,1000.0,13
O-102307,OPP-202307,C-2656,2024-11-26,2024-11-03,2024-11-28,2024-11-03,11796,12,103,Sales Booster,Software,Salesperson_1,Asia,Germany,City_16,Won,Outbound,True,983.0,25
O-102308,OPP-202308,C-3175,2023-04-08,2023-03-16,2023-04-21,2023-03-16,4272,16,101,CRM Pro,Software,Salesperson_3,North America,USA,City_13,Won,Partner,True,267.0,36
O-102309,OPP-202309,C-4413,2024-09-16,2024-08-27,2024-09-20,2024-09-16,22320,20,202,Receipt Printer,Hardware,Salesperson_14,North America,UK,City_15,Won,Inbound,True,1116.0,24
O-102310,OPP-202310,C-4837,2023-04-16,2023-04-01,2023-04-24,2023-04-16,6956,4,103,Sales Booster,Software,Salesperson_7,Europe,USA,City_7,Won,Inbound,False,1739.0,23
O-102311,OPP-202311,C-2984,2023-01-26,2023-01-05,2023-02-06,2023-01-05,4572,12,102,Analytics Suite,Software,Salesperson_6,Asia,Pakistan,City_7,Won,Outbound,True,381.0,32
O-102312,OPP-202312,C-4207,2024-06-10,2024-05-15,2024-06-14,2024-05-15,14808,8,202,Receipt Printer,Hardware,Salesperson_7,Asia,USA,City_7,Won,Partner,True,1851.0,30
O-102313,OPP-202313,C-4187,2023-03-28,2023-03-22,2023-04-14,2023-03-22,15665,13,102,Analytics Suite,Software,Salesperson_3,Asia,India,City_15,Won,Partner,True,1205.0,23
O-102314,OPP-202314,C-1700,2024-12-08,2024-11-18,2024-12-17,2024-11-18,9420,5,201,POS Terminal,Hardware,Salesperson_5,North America,Pakistan,City_6,Won,Outbound,False,1884.0,29
O-102315,OPP-202315,C-1190,2024-04-02,2024-03-18,2024-04-16,2024-03-18,1374,1,101,CRM Pro,Software,Salesperson_9,North America,Germany,City_13,Won,Inbound,True,1374.0,29
O-102316,OPP-202316,C-2940,2023-03-18,2023-02-24,2023-04-05,2023-02-24,10744,8,101,CRM Pro,Software,Salesperson_6,North America,India,City_15,Won,Partner,False,1343.0,40
O-102317,OPP-202317,C-1351,2023-11-10,2023-10-24,2023-11-27,2023-11-10,417,3,201,POS Terminal,Hardware,Salesperson_6,Asia,India,City_2,Won,Inbound,False,139.0,34
O-102318,OPP-202318,C-4820,2024-09-03,2024-08-17,2024-09-20,2024-08-17,2442,2,103,Sales Booster,Software,Salesperson_12,North America,Germany,City_16,Won,Partner,True,1221.0,34
O-102319,OPP-202319,C-1674,2024-12-27,2024-12-01,2025-01-16,2024-12-27,4788,6,103,Sales Booster,Software,Salesperson_14,Europe,Pakistan,City_18,Won,Partner,True,798.0,46
O-102320,OPP-202320,C-3641,2023-03-11,2023-02-16,2023-03-22,2023-02-16,12336,16,201,POS Terminal,Hardware,Salesperson_5,North America,Germany,City_10,Won,Partner,True,771.0,34
O-102321,OPP-202321,C-3583,2023-12-08,2023-11-12,2023-12-09,2023-12-08,5982,3,102,Analytics Suite,Software,Salesperson_6,Asia,UK,City_5,Won,Inbound,True,1994.0,27
O-102322,OPP-202322,C-1449,2024-08-10,2024-07-14,2024-08-14,2024-08-10,30736,16,103,Sales Booster,Software,Salesperson_5,Europe,USA,City_16,Won,Inbound,True,1921.0,31
O-102323,OPP-202323,C-3263,2023-08-24,2023-08-11,2023-09-12,2023-08-11,29488,16,102,Analytics Suite,Software,Salesperson_15,Asia,UK,City_18,Won,Partner,False,1843.0,32
O-102324,OPP-202324,C-4555,2023-01-19,2022-12-31,2023-01-22,2022-12-31,8100,18,101,CRM Pro,Software,Salesperson_8,Europe,Pakistan,City_10,Won,Partner,False,450.0,22
O-102325,OPP-202325,C-2950,2024-09-07,2024-08-17,2024-09-24,2024-08-17,1816,1,201,POS Terminal,Hardware,Salesperson_15,Europe,Pakistan,City_4,Won,Outbound,False,1816.0,38
O-102326,OPP-202326,C-2555,2023-08-29,2023-08-24,2023-09-17,2023-08-24,29184,19,103,Sales Booster,Software,Salesperson_5,Asia,Germany,City_6,Won,Partner,False,1536.0,24
O-102327,OPP-202327,C-3105,2024-08-09,2024-07-24,2024-08-13,2024-08-09,10086,6,102,Analytics Suite,Software,Salesperson_10,Asia,USA,City_4,Won,Outbound,True,1681.0,20
O-102328,OPP-202328,C-4044,2023-09-03,2023-08-20,2023-09-15,2023-08-20,8232,7,103,Sales Booster,Software,Salesperson_2,North America,Pakistan,City_3,Won,Inbound,True,1176.0,26
O-102329,OPP-202329,C-2205,2023-04-13,2023-04-03,2023-04-19,2023-04-03,11466,9,103,Sales Booster,Software,Salesperson_6,Asia,USA,City_14,Won,Outbound,True,1274.0,16
O-102330,OPP-202330,C-2941,2024-03-11,2024-02-16,2024-03-15,2024-02-16,1440,6,201,POS Terminal,Hardware,Salesperson_14,Asia,India,City_13,Won,Inbound,True,240.0,28
O-102331,OPP-202331,C-4078,2023-11-19,2023-11-04,2023-11-28,2023-11-04,10010,14,202,Receipt Printer,Hardware,Salesperson_6,Asia,UK,City_10,Won,Outbound,False,715.0,24
O-102332,OPP-202332,C-1675,2023-08-29,2023-08-15,2023-09-16,2023-08-29,20448,12,202,Receipt Printer,Hardware,Salesperson_6,Asia,Germany,City_7,Won,Outbound,False,1704.0,32
O-102333,OPP-202333,C-2900,2023-08-20,2023-08-12,2023-08-31,2023-08-12,29772,18,102,Analytics Suite,Software,Salesperson_11,North America,India,City_14,Won,Inbound,True,1654.0,19
O-102334,OPP-202334,C-2164,2023-12-06,2023-11-26,2023-12-13,2023-11-26,2428,4,103,Sales Booster,Software,Salesperson_5,Europe,UK,City_15,Won,Outbound,False,607.0,17
O-102335,OPP-202335,C-1060,2023-10-18,2023-09-30,2023-10-21,2023-09-30,2763,3,202,Receipt Printer,Hardware,Salesperson_13,Europe,Pakistan,City_20,Won,Partner,True,921.0,21
O-102336,OPP-202336,C-1512,2024-08-28,2024-08-22,2024-09-16,2024-08-28,11780,19,201,POS Terminal,Hardware,Salesperson_7,North America,Germany,City_6,Won,Inbound,False,620.0,25
O-102337,OPP-202337,C-3268,2024-05-11,2024-04-21,2024-05-18,2024-04-21,3444,4,202,Receipt Printer,Hardware,Salesperson_5,Europe,Pakistan,City_8,Won,Outbound,False,861.0,27
O-102338,OPP-202338,C-3233,2024-01-27,2024-01-03,2024-01-30,2024-01-27,4173,13,101,CRM Pro,Software,Salesperson_4,Asia,USA,City_15,Won,Partner,False,321.0,27
O-102339,OPP-202339,C-4219,2023-08-07,2023-07-23,2023-08-22,2023-08-07,5088,16,101,CRM Pro,Software,Salesperson_2,Europe,Germany,City_9,Won,Outbound,True,318.0,30
O-102340,OPP-202340,C-1805,2024-10-28,2024-10-05,2024-11-16,2024-10-05,18612,18,102,Analytics Suite,Software,Salesperson_1,Asia,UK,City_6,Won,Partner,True,1034.0,42
O-102341,OPP-202341,C-1794,2024-11-22,2024-10-29,2024-11-27,2024-11-22,4935,15,101,CRM Pro,Software,Salesperson_4,North America,India,City_16,Won,Outbound,False,329.0,29
O-102342,OPP-202342,C-2388,2024-05-02,2024-04-16,2024-05-19,2024-04-16,408,3,202,Receipt Printer,Hardware,Salesperson_11,Europe,USA,City_20,Won,Partner,True,136.0,33
O-102343,OPP-202343,C-3153,2024-05-18,2024-04-23,2024-06-03,2024-04-23,28400,16,202,Receipt Printer,Hardware,Salesperson_6,Asia,India,City_6,Won,Partner,True,1775.0,41
O-102344,OPP-202344,C-2920,2023-05-03,2023-04-12,2023-05-17,2023-05-03,942,1,103,Sales Booster,Software,Salesperson_4,North America,Pakistan,City_10,Won,Inbound,True,942.0,35
O-102345,OPP-202345,C-3256,2024-08-30,2024-08-08,2024-09-18,2024-08-08,6867,7,102,Analytics Suite,Software,Salesperson_12,Asia,UK,City_11,Won,Outbound,True,981.0,41
O-102346,OPP-202346,C-2674,2023-04-21,2023-03-26,2023-05-11,2023-03-26,3324,12,103,Sales Booster,Software,Salesperson_15,Asia,Germany,City_5,Won,Outbound,True,277.0,46
O-102347,OPP-202347,C-1931,2023-09-08,2023-08-22,2023-09-25,2023-08-22,6588,4,202,Receipt Printer,Hardware,Salesperson_14,Europe,Pakistan,City_9,Won,Inbound,True,1647.0,34
O-102348,OPP-202348,C-2902,2024-01-30,2024-01-23,2024-02-17,2024-01-23,1610,2,201,POS Terminal,Hardware,Salesperson_2,North America,USA,City_3,Won,Partner,True,805.0,25
O-102349,OPP-202349,C-2210,2023-09-01,2023-08-23,2023-09-18,2023-09-01,5377,19,103,Sales Booster,Software,Salesperson_8,Europe,UK,City_16,Won,Partner,False,283.0,26
O-102350,OPP-202350,C-4831,2023-06-11,2023-05-16,2023-06-20,2023-06-11,26474,14,103,Sales Booster,Software,Salesperson_12,Europe,Germany,City_18,Won,Partner,True,1891.0,35
O-102351,OPP-202351,C-4369,2023-01-23,2023-01-03,2023-02-12,2023-01-03,16330,10,201,POS Terminal,Hardware,Salesperson_5,North America,USA,City_18,Won,Inbound,True,1633.0,40
O-102352,OPP-202352,C-2054,2023-04-06,2023-03-21,2023-04-07,2023-03-21,1604,2,101,CRM Pro,Software,Salesperson_13,Asia,India,City_3,Won,Partner,False,802.0,17
O-102353,OPP-202353,C-4750,2023-08-10,2023-08-02,2023-08-23,2023-08-02,10215,15,201,POS Terminal,Hardware,Salesperson_8,Europe,USA,City_10,Won,Partner,False,681.0,21
O-102354,OPP-202354,C-1541,2024-02-06,2024-01-11,2024-02-20,2024-01-11,6831,9,101,CRM Pro,Software,Salesperson_11,North America,UK,City_11,Won,Inbound,True,759.0,40
O-102355,OPP-202355,C-3453,2024-10-29,2024-10-13,2024-11-11,2024-10-13,17802,18,201,POS Terminal,Hardware,Salesperson_11,Asia,Pakistan,City_18,Won,Partner,False,989.0,29
O-102356,OPP-202356,C-4287,2024-03-03,2024-02-08,2024-03-11,2024-02-08,20552,14,202,Receipt Printer,Hardware,Salesperson_6,North America,UK,City_15,Won,Partner,True,1468.0,32
O-102357,OPP-202357,C-2162,2024-02-20,2024-01-21,2024-03-08,2024-01-21,2980,2,101,CRM Pro,Software,Salesperson_13,Europe,India,City_19,Won,Partner,False,1490.0,47
O-102358,OPP-202358,C-2177,2023-02-24,2023-02-09,2023-03-08,2023-02-09,3406,13,102,Analytics Suite,Software,Salesperson_10,Europe,USA,City_6,Won,Inbound,False,262.0,27
O-102359,OPP-202359,C-2732,2023-11-09,2023-10-28,2023-11-13,2023-10-28,1133,1,101,CRM Pro,Software,Salesperson_1,North America,UK,City_5,Won,Inbound,True,1133.0,16
O-102360,OPP-202360,C-4987,2023-01-08,2022-12-21,2023-01-15,2022-12-21,3345,3,101,CRM Pro,Software,Salesperson_3,North America,Pakistan,City_20,Won,Partner,True,1115.0,25
O-102361,OPP-202361,C-3887,2024-03-08,2024-02-12,2024-03-09,2024-02-12,1407,3,201,POS Terminal,Hardware,Salesperson_8,Asia,USA,City_13,Won,Outbound,True,469.0,26
O-102362,OPP-202362,C-4533,2024-09-25,2024-09-05,2024-09-28,2024-09-05,9352,8,102,Analytics Suite,Software,Salesperson_14,North America,Pakistan,City_7,Won,Partner,False,1169.0,23
O-102363,OPP-202363,C-1388,2024-12-30,2024-12-05,2025-01-10,2024-12-05,24402,14,103,Sales Booster,Software,Salesperson_11,North America,UK,City_3,Won,Inbound,False,1743.0,36
O-102364,OPP-202364,C-1169,2024-04-06,2024-03-25,2024-04-15,2024-03-25,1566,1,103,Sales Booster,Software,Salesperson_13,North America,USA,City_13,Won,Partner,False,1566.0,21
O-102365,OPP-202365,C-2203,2024-04-09,2024-03-17,2024-04-22,2024-03-17,11205,15,201,POS Terminal,Hardware,Salesperson_3,Europe,Pakistan,City_14,Won,Inbound,True,747.0,36
O-102366,OPP-202366,C-4014,2023-04-15,2023-03-22,2023-04-30,2023-04-15,3562,2,202,Receipt Printer,Hardware,Salesperson_8,Asia,Pakistan,City_19,Won,Partner,True,1781.0,39
O-102367,OPP-202367,C-3030,2023-02-18,2023-01-25,2023-02-22,2023-01-25,25517,17,202,Receipt Printer,Hardware,Salesperson_11,Asia,Germany,City_6,Won,Outbound,False,1501.0,28
O-102368,OPP-202368,C-3033,2023-02-14,2023-02-08,2023-03-05,2023-02-08,1271,1,202,Receipt Printer,Hardware,Salesperson_11,Asia,India,City_18,Won,Partner,True,1271.0,25
O-102369,OPP-202369,C-1201,2024-03-26,2024-03-18,2024-03-29,2024-03-18,4277,7,103,Sales Booster,Software,Salesperson_11,Asia,Pakistan,City_16,Won,Inbound,True,611.0,11
O-102370,OPP-202370,C-2352,2024-03-01,2024-02-23,2024-03-06,2024-02-23,18924,12,103,Sales Booster,Software,Salesperson_1,Europe,Germany,City_8,Won,Inbound,True,1577.0,12
O-102371,OPP-202371,C-1730,2023-10-23,2023-10-05,2023-10-26,2023-10-05,1042,2,202,Receipt Printer,Hardware,Salesperson_14,Asia,USA,City_12,Won,Inbound,True,521.0,21
O-102372,OPP-202372,C-3394,2023-07-26,2023-07-03,2023-08-05,2023-07-03,5502,14,202,Receipt Printer,Hardware,Salesperson_6,Europe,India,City_16,Won,Partner,True,393.0,33
O-102373,OPP-202373,C-1319,2023-04-07,2023-03-30,2023-04-15,2023-03-30,141,1,103,Sales Booster,Software,Salesperson_11,North America,USA,City_11,Won,Outbound,False,141.0,16
O-102374,OPP-202374,C-2111,2024-05-30,2024-05-20,2024-06-13,2024-05-20,3948,12,102,Analytics Suite,Software,Salesperson_8,North America,Germany,City_9,Won,Inbound,False,329.0,24
O-102375,OPP-202375,C-3173,2024-03-27,2024-03-19,2024-04-15,2024-03-19,2408,7,202,Receipt Printer,Hardware,Salesperson_13,Europe,UK,City_12,Won,Outbound,True,344.0,27
O-102376,OPP-202376,C-4367,2023-12-30,2023-12-09,2024-01-02,2023-12-09,27738,18,102,Analytics Suite,Software,Salesperson_4,North America,Pakistan,City_16,Won,Partner,True,1541.0,24
O-102377,OPP-202377,C-2901,2024-08-15,2024-08-07,2024-08-28,2024-08-07,35118,18,202,Receipt Printer,Hardware,Salesperson_11,Europe,Pakistan,City_1,Won,Partner,False,1951.0,21
O-102378,OPP-202378,C-3588,2023-03-26,2023-03-04,2023-04-05,2023-03-04,15300,18,102,Analytics Suite,Software,Salesperson_5,Europe,Pakistan,City_12,Won,Outbound,True,850.0,32
O-102379,OPP-202379,C-4557,2024-05-14,2024-04-23,2024-05-21,2024-05-14,21285,15,103,Sales Booster,Software,Salesperson_13,North America,UK,City_9,Won,Inbound,False,1419.0,28
O-102380,OPP-202380,C-3252,2023-07-23,2023-07-10,2023-08-10,2023-07-10,19845,15,103,Sales Booster,Software,Salesperson_13,North America,UK,City_15,Won,Partner,True,1323.0,31
O-102381,OPP-202381,C-1492,2023-04-15,2023-03-28,2023-04-16,2023-03-28,19224,12,103,Sales Booster,Software,Salesperson_4,North America,UK,City_18,Won,Outbound,True,1602.0,19
O-102382,OPP-202382,C-2333,2024-04-16,2024-03-22,2024-05-03,2024-03-22,11640,6,101,CRM Pro,Software,Salesperson_10,North America,India,City_13,Won,Outbound,False,1940.0,42
O-102383,OPP-202383,C-4052,2024-07-12,2024-06-20,2024-07-31,2024-06-20,4920,12,101,CRM Pro,Software,Salesperson_11,Asia,UK,City_2,Won,Outbound,False,410.0,41
O-102384,OPP-202384,C-4545,2024-07-29,2024-07-01,2024-08-04,2024-07-01,9072,9,103,Sales Booster,Software,Salesperson_5,Asia,USA,City_2,Won,Outbound,True,1008.0,34
O-102385,OPP-202385,C-2743,2024-08-16,2024-08-10,2024-08-19,2024-08-10,23338,14,102,Analytics Suite,Software,Salesperson_12,Europe,USA,City_3,Won,Partner,False,1667.0,9
O-102386,OPP-202386,C-2118,2023-06-25,2023-05-27,2023-06-29,2023-06-25,10013,17,201,POS Terminal,Hardware,Salesperson_9,Asia,Pakistan,City_19,Won,Outbound,True,589.0,33
O-102387,OPP-202387,C-2971,2023-12-18,2023-12-09,2023-12-25,2023-12-09,386,2,101,CRM Pro,Software,Salesperson_15,Asia,UK,City_7,Won,Outbound,False,193.0,16
O-102388,OPP-202388,C-2586,2024-08-15,2024-07-16,2024-08-25,2024-07-16,3400,10,202,Receipt Printer,Hardware,Salesperson_3,North America,USA,City_12,Won,Partner,True,340.0,40
O-102389,OPP-202389,C-3255,2024-08-17,2024-07-26,2024-08-27,2024-08-17,17004,12,102,Analytics Suite,Software,Salesperson_12,North America,Germany,City_10,Won,Inbound,True,1417.0,32
O-102390,OPP-202390,C-3868,2023-06-23,2023-06-02,2023-06-26,2023-06-02,9035,13,202,Receipt Printer,Hardware,Salesperson_4,North America,Germany,City_18,Won,Inbound,False,695.0,24
O-102391,OPP-202391,C-2380,2023-01-12,2022-12-30,2023-01-16,2023-01-12,1851,3,102,Analytics Suite,Software,Salesperson_14,Asia,Germany,City_16,Won,Partner,False,617.0,17
O-102392,OPP-202392,C-2305,2024-02-06,2024-01-11,2024-02-17,2024-01-11,5933,17,202,Receipt Printer,Hardware,Salesperson_15,Europe,Germany,City_11,Won,Partner,False,349.0,37
O-102393,OPP-202393,C-3612,2024-07-31,2024-07-21,2024-08-01,2024-07-21,3540,12,102,Analytics Suite,Software,Salesperson_9,Europe,Pakistan,City_11,Won,Inbound,True,295.0,11
O-102394,OPP-202394,C-2444,2023-11-07,2023-10-18,2023-11-25,2023-10-18,1710,5,101,CRM Pro,Software,Salesperson_3,North America,UK,City_19,Won,Outbound,False,342.0,38
O-102395,OPP-202395,C-4672,2023-10-15,2023-10-10,2023-11-03,2023-10-10,8315,5,202,Receipt Printer,Hardware,Salesperson_8,Asia,USA,City_12,Won,Inbound,False,1663.0,24
O-102396,OPP-202396,C-1085,2024-05-25,2024-05-16,2024-06-01,2024-05-16,7185,5,201,POS Terminal,Hardware,Salesperson_9,North America,Germany,City_9,Won,Partner,True,1437.0,16
O-102397,OPP-202397,C-3959,2024-04-24,2024-04-12,2024-04-27,2024-04-24,23312,16,103,Sales Booster,Software,Salesperson_14,Asia,India,City_19,Won,Inbound,True,1457.0,15
O-102398,OPP-202398,C-2502,2023-12-22,2023-12-06,2023-12-23,2023-12-06,896,4,202,Receipt Printer,Hardware,Salesperson_15,Europe,India,City_18,Won,Outbound,False,224.0,17
O-102399,OPP-202399,C-1367,2024-04-17,2024-04-03,2024-04-25,2024-04-17,20262,11,202,Receipt Printer,Hardware,Salesperson_13,Europe,UK,City_20,Won,Partner,True,1842.0,22
O-102400,OPP-202400,C-1462,2024-10-20,2024-10-01,2024-10-30,2024-10-01,22620,20,101,CRM Pro,Software,Salesperson_12,North America,India,City_7,Won,Inbound,True,1131.0,29
O-102401,OPP-202401,C-2761,2024-07-14,2024-07-03,2024-07-15,2024-07-03,6948,12,101,CRM Pro,Software,Salesperson_4,Europe,India,City_13,Won,Outbound,False,579.0,12
O-102402,OPP-202402,C-1627,2023-01-10,2023-01-04,2023-01-28,2023-01-10,5517,9,102,Analytics Suite,Software,Salesperson_8,Asia,India,City_8,Won,Outbound,True,613.0,24
O-102403,OPP-202403,C-2369,2023-05-26,2023-04-26,2023-06-11,2023-04-26,7510,5,101,CRM Pro,Software,Salesperson_9,Europe,India,City_16,Won,Partner,True,1502.0,46
O-102404,OPP-202404,C-1431,2024-10-06,2024-09-09,2024-10-14,2024-09-09,19800,20,202,Receipt Printer,Hardware,Salesperson_1,Asia,USA,City_20,Won,Inbound,False,990.0,35
O-102405,OPP-202405,C-3491,2023-10-01,2023-09-26,2023-10-14,2023-09-26,16620,15,102,Analytics Suite,Software,Salesperson_1,North America,India,City_10,Won,Inbound,True,1108.0,18
O-102406,OPP-202406,C-4051,2024-08-08,2024-07-10,2024-08-15,2024-07-10,9500,10,103,Sales Booster,Software,Salesperson_5,North America,India,City_16,Won,Outbound,True,950.0,36
O-102407,OPP-202407,C-1362,2023-01-15,2023-01-04,2023-01-27,2023-01-04,30753,17,102,Analytics Suite,Software,Salesperson_12,Europe,Germany,City_7,Won,Partner,True,1809.0,23
O-102408,OPP-202408,C-2154,2024-03-14,2024-03-04,2024-04-01,2024-03-04,2396,2,201,POS Terminal,Hardware,Salesperson_13,Asia,Germany,City_8,Won,Outbound,False,1198.0,28
O-102409,OPP-202409,C-4089,2024-11-22,2024-10-27,2024-11-29,2024-10-27,906,3,201,POS Terminal,Hardware,Salesperson_12,North America,Germany,City_16,Won,Partner,True,302.0,33
O-102410,OPP-202410,C-3661,2024-10-22,2024-10-05,2024-10-26,2024-10-22,30723,19,202,Receipt Printer,Hardware,Salesperson_9,Asia,India,City_2,Won,Outbound,False,1617.0,21
O-102411,OPP-202411,C-2708,2024-07-01,2024-06-15,2024-07-02,2024-06-15,658,1,201,POS Terminal,Hardware,Salesperson_2,North America,Pakistan,City_11,Won,Outbound,False,658.0,17
O-102412,OPP-202412,C-3252,2023-04-03,2023-03-10,2023-04-04,2023-04-03,5696,8,201,POS Terminal,Hardware,Salesperson_5,Europe,Germany,City_1,Won,Partner,False,712.0,25
O-102413,OPP-202413,C-2193,2023-07-20,2023-07-12,2023-07-24,2023-07-12,8460,15,201,POS Terminal,Hardware,Salesperson_11,Europe,Germany,City_8,Won,Inbound,False,564.0,12
O-102414,OPP-202414,C-4450,2024-12-21,2024-12-07,2025-01-05,2024-12-07,8820,7,201,POS Terminal,Hardware,Salesperson_12,Asia,India,City_9,Won,Outbound,True,1260.0,29
O-102415,OPP-202415,C-4024,2024-07-09,2024-06-09,2024-07-11,2024-06-09,15168,16,101,CRM Pro,Software,Salesperson_1,North America,UK,City_3,Won,Outbound,True,948.0,32
O-102416,OPP-202416,C-4353,2023-10-11,2023-09-16,2023-10-18,2023-09-16,1850,5,201,POS Terminal,Hardware,Salesperson_12,North America,Germany,City_1,Won,Inbound,False,370.0,32
O-102417,OPP-202417,C-3369,2024-07-05,2024-06-26,2024-07-09,2024-07-05,33269,19,103,Sales Booster,Software,Salesperson_7,Asia,India,City_16,Won,Outbound,True,1751.0,13
O-102418,OPP-202418,C-4014,2023-11-03,2023-10-15,2023-11-16,2023-11-03,1265,1,103,Sales Booster,Software,Salesperson_7,Asia,UK,City_19,Won,Inbound,False,1265.0,32
O-102419,OPP-202419,C-1759,2024-02-24,2024-02-13,2024-03-13,2024-02-13,23010,15,202,Receipt Printer,Hardware,Salesperson_13,North America,UK,City_20,Won,Outbound,True,1534.0,29
O-102420,OPP-202420,C-2849,2024-10-12,2024-09-23,2024-10-18,2024-09-23,6640,5,101,CRM Pro,Software,Salesperson_2,Europe,UK,City_1,Won,Partner,True,1328.0,25
O-102421,OPP-202421,C-4123,2024-02-17,2024-01-27,2024-02-19,2024-01-27,1320,11,102,Analytics Suite,Software,Salesperson_8,Asia,India,City_18,Won,Inbound,False,120.0,23
O-102422,OPP-202422,C-1007,2024-10-13,2024-09-19,2024-10-14,2024-09-19,12636,9,103,Sales Booster,Software,Salesperson_6,Asia,Germany,City_2,Won,Inbound,False,1404.0,25
O-102423,OPP-202423,C-1562,2024-12-07,2024-11-26,2024-12-25,2024-11-26,18072,18,201,POS Terminal,Hardware,Salesperson_15,Asia,UK,City_10,Won,Outbound,True,1004.0,29
O-102424,OPP-202424,C-2099,2023-09-05,2023-08-09,2023-09-08,2023-08-09,12136,8,202,Receipt Printer,Hardware,Salesperson_8,North America,Germany,City_19,Won,Outbound,False,1517.0,30
O-102425,OPP-202425,C-4291,2024-08-06,2024-07-23,2024-08-21,2024-07-23,7680,8,103,Sales Booster,Software,Salesperson_1,Europe,UK,City_15,Won,Outbound,True,960.0,29
O-102426,OPP-202426,C-3013,2023-07-02,2023-06-21,2023-07-17,2023-07-02,14858,17,103,Sales Booster,Software,Salesperson_1,Europe,Pakistan,City_11,Won,Partner,False,874.0,26
O-102427,OPP-202427,C-4414,2024-01-24,2024-01-04,2024-02-04,2024-01-04,7398,6,103,Sales Booster,Software,Salesperson_11,Asia,Pakistan,City_13,Won,Partner,True,1233.0,31
O-102428,OPP-202428,C-3883,2024-10-17,2024-10-11,2024-11-04,2024-10-11,33966,17,103,Sales Booster,Software,Salesperson_9,North America,India,City_1,Won,Outbound,True,1998.0,24
O-102429,OPP-202429,C-2055,2024-08-29,2024-08-07,2024-09-18,2024-08-07,29320,20,202,Receipt Printer,Hardware,Salesperson_13,North America,UK,City_19,Won,Inbound,False,1466.0,42
O-102430,OPP-202430,C-2499,2024-06-25,2024-06-13,2024-07-07,2024-06-13,3568,16,101,CRM Pro,Software,Salesperson_11,Europe,India,City_9,Won,Outbound,False,223.0,24
O-102431,OPP-202431,C-3391,2024-01-25,2024-01-18,2024-02-04,2024-01-18,18843,11,202,Receipt Printer,Hardware,Salesperson_6,Europe,USA,City_6,Won,Outbound,False,1713.0,17
O-102432,OPP-202432,C-2088,2024-12-20,2024-12-01,2025-01-06,2024-12-20,10602,6,102,Analytics Suite,Software,Salesperson_2,Europe,Pakistan,City_7,Won,Partner,True,1767.0,36
O-102433,OPP-202433,C-2752,2023-01-14,2022-12-23,2023-01-26,2022-12-23,17271,19,201,POS Terminal,Hardware,Salesperson_10,Asia,Pakistan,City_2,Won,Outbound,False,909.0,34
O-102434,OPP-202434,C-2740,2024-03-23,2024-02-26,2024-03-31,2024-03-23,11368,8,103,Sales Booster,Software,Salesperson_15,Asia,USA,City_14,Won,Inbound,False,1421.0,34
O-102435,OPP-202435,C-3657,2024-08-21,2024-08-11,2024-08-28,2024-08-21,6696,8,103,Sales Booster,Software,Salesperson_3,North America,Germany,City_17,Won,Inbound,False,837.0,17
O-102436,OPP-202436,C-3596,2023-01-06,2022-12-20,2023-01-07,2023-01-06,7208,4,202,Receipt Printer,Hardware,Salesperson_12,Asia,Pakistan,City_6,Won,Outbound,True,1802.0,18
O-102437,OPP-202437,C-4731,2023-07-15,2023-07-01,2023-07-30,2023-07-01,9990,5,201,POS Terminal,Hardware,Salesperson_2,North America,UK,City_6,Won,Inbound,True,1998.0,29
O-102438,OPP-202438,C-1259,2024-04-19,2024-03-21,2024-05-03,2024-03-21,5886,3,102,Analytics Suite,Software,Salesperson_6,North America,UK,City_20,Won,Inbound,True,1962.0,43
O-102439,OPP-202439,C-3919,2024-09-22,2024-08-29,2024-10-10,2024-09-22,1580,4,103,Sales Booster,Software,Salesperson_9,North America,Germany,City_5,Won,Partner,True,395.0,42
O-102440,OPP-202440,C-2028,2023-02-13,2023-02-04,2023-02-24,2023-02-13,18240,20,202,Receipt Printer,Hardware,Salesperson_4,Asia,Germany,City_17,Won,Outbound,True,912.0,20
O-102441,OPP-202441,C-3785,2023-03-27,2023-02-25,2023-04-06,2023-02-25,693,3,101,CRM Pro,Software,Salesperson_2,Asia,Pakistan,City_4,Won,Partner,True,231.0,40
O-102442,OPP-202442,C-4870,2023-05-16,2023-04-20,2023-05-31,2023-05-16,25075,17,103,Sales Booster,Software,Salesperson_2,Europe,India,City_6,Won,Inbound,True,1475.0,41
O-102443,OPP-202443,C-3720,2023-12-11,2023-11-14,2023-12-19,2023-11-14,959,7,101,CRM Pro,Software,Salesperson_5,Asia,India,City_5,Won,Partner,False,137.0,35
O-102444,OPP-202444,C-1314,2023-08-30,2023-08-08,2023-09-01,2023-08-08,5922,18,201,POS Terminal,Hardware,Salesperson_10,Asia,Pakistan,City_5,Won,Partner,False,329.0,24
O-102445,OPP-202445,C-1753,2023-04-21,2023-03-29,2023-05-01,2023-04-21,33020,20,201,POS Terminal,Hardware,Salesperson_15,Asia,Germany,City_16,Won,Outbound,False,1651.0,33
O-102446,OPP-202446,C-4315,2024-07-13,2024-06-26,2024-08-01,2024-06-26,26796,14,103,Sales Booster,Software,Salesperson_2,North America,India,City_6,Won,Inbound,True,1914.0,36
O-102447,OPP-202447,C-1090,2024-12-17,2024-12-09,2025-01-01,2024-12-09,1786,1,202,Receipt Printer,Hardware,Salesperson_11,North America,USA,City_3,Won,Partner,True,1786.0,23
O-102448,OPP-202448,C-3886,2023-05-12,2023-04-17,2023-05-23,2023-04-17,17576,13,202,Receipt Printer,Hardware,Salesperson_4,Asia,Pakistan,City_20,Won,Inbound,False,1352.0,36
O-102449,OPP-202449,C-2757,2023-03-10,2023-02-08,2023-03-28,2023-02-08,1459,1,202,Receipt Printer,Hardware,Salesperson_9,North America,USA,City_15,Won,Inbound,False,1459.0,48
O-102450,OPP-202450,C-1171,2024-06-01,2024-05-26,2024-06-20,2024-05-26,11869,13,201,POS Terminal,Hardware,Salesperson_11,North America,USA,City_18,Won,Inbound,False,913.0,25
O-102451,OPP-202451,C-4756,2024-10-21,2024-10-02,2024-10-25,2024-10-02,4304,4,101,CRM Pro,Software,Salesperson_6,Asia,Pakistan,City_10,Won,Partner,True,1076.0,23
O-102452,OPP-202452,C-3565,2023-11-28,2023-11-14,2023-12-11,2023-11-14,19166,14,103,Sales Booster,Software,Salesperson_9,Europe,USA,City_19,Won,Outbound,True,1369.0,27
O-102453,OPP-202453,C-2739,2023-04-17,2023-03-19,2023-05-07,2023-03-19,2226,6,201,POS Terminal,Hardware,Salesperson_7,North America,UK,City_4,Won,Inbound,False,371.0,49
O-102454,OPP-202454,C-3196,2023-05-16,2023-04-19,2023-05-23,2023-05-16,2150,5,201,POS Terminal,Hardware,Salesperson_1,North America,UK,City_6,Won,Partner,True,430.0,34
O-102455,OPP-202455,C-2298,2023-04-08,2023-03-10,2023-04-16,2023-03-10,7680,10,201,POS Terminal,Hardware,Salesperson_14,North America,USA,City_11,Won,Partner,False,768.0,37
O-102456,OPP-202456,C-3890,2024-11-04,2024-10-25,2024-11-07,2024-10-25,7826,13,103,Sales Booster,Software,Salesperson_5,Europe,USA,City_8,Won,Inbound,True,602.0,13
O-102457,OPP-202457,C-3534,2024-10-30,2024-10-16,2024-11-08,2024-10-16,17205,15,202,Receipt Printer,Hardware,Salesperson_11,Europe,USA,City_4,Won,Outbound,False,1147.0,23
O-102458,OPP-202458,C-3129,2024-11-20,2024-10-31,2024-11-28,2024-10-31,18192,12,202,Receipt Printer,Hardware,Salesperson_7,Asia,Germany,City_16,Won,Outbound,False,1516.0,28
O-102459,OPP-202459,C-3778,2024-10-21,2024-09-22,2024-11-01,2024-09-22,8190,6,101,CRM Pro,Software,Salesperson_9,Europe,UK,City_19,Won,Partner,True,1365.0,40
O-102460,OPP-202460,C-4544,2024-02-10,2024-01-27,2024-02-16,2024-01-27,11851,7,201,POS Terminal,Hardware,Salesperson_8,Asia,India,City_13,Won,Partner,False,1693.0,20
O-102461,OPP-202461,C-4370,2023-02-12,2023-01-16,2023-02-15,2023-02-12,11936,8,103,Sales Booster,Software,Salesperson_1,Europe,Germany,City_20,Won,Inbound,True,1492.0,30
O-102462,OPP-202462,C-1292,2024-03-15,2024-03-07,2024-03-30,2024-03-07,17472,12,101,CRM Pro,Software,Salesperson_11,North America,USA,City_10,Won,Outbound,False,1456.0,23
O-102463,OPP-202463,C-2044,2023-07-27,2023-07-05,2023-08-14,2023-07-05,31844,19,101,CRM Pro,Software,Salesperson_9,Europe,Pakistan,City_14,Won,Outbound,True,1676.0,40
O-102464,OPP-202464,C-2591,2024-11-21,2024-11-01,2024-11-27,2024-11-21,11561,11,201,POS Terminal,Hardware,Salesperson_15,North America,India,City_19,Won,Inbound,False,1051.0,26
O-102465,OPP-202465,C-1267,2023-04-19,2023-04-12,2023-04-25,2023-04-12,11577,17,101,CRM Pro,Software,Salesperson_5,Asia,Pakistan,City_12,Won,Inbound,True,681.0,13
O-102466,OPP-202466,C-1320,2023-02-03,2023-01-08,2023-02-16,2023-01-08,1244,4,101,CRM Pro,Software,Salesperson_11,North America,Pakistan,City_20,Won,Partner,False,311.0,39
O-102467,OPP-202467,C-4122,2023-12-22,2023-12-11,2024-01-06,2023-12-22,25262,17,101,CRM Pro,Software,Salesperson_13,Europe,Pakistan,City_15,Won,Partner,False,1486.0,26
O-102468,OPP-202468,C-1912,2023-10-23,2023-10-14,2023-11-06,2023-10-14,22176,16,202,Receipt Printer,Hardware,Salesperson_15,Europe,Germany,City_11,Won,Outbound,True,1386.0,23
O-102469,OPP-202469,C-4593,2024-10-26,2024-10-05,2024-11-05,2024-10-05,6796,4,101,CRM Pro,Software,Salesperson_14,Asia,USA,City_10,Won,Outbound,True,1699.0,31
O-102470,OPP-202470,C-4779,2023-04-09,2023-04-02,2023-04-15,2023-04-09,963,1,103,Sales Booster,Software,Salesperson_1,Asia,USA,City_20,Won,Inbound,True,963.0,13
O-102471,OPP-202471,C-3126,2024-10-25,2024-10-15,2024-11-02,2024-10-25,27600,16,102,Analytics Suite,Software,Salesperson_1,North America,Pakistan,City_19,Won,Partner,True,1725.0,18
O-102472,OPP-202472,C-4486,2024-11-05,2024-10-30,2024-11-17,2024-11-05,29408,16,201,POS Terminal,Hardware,Salesperson_2,Asia,Pakistan,City_8,Won,Outbound,False,1838.0,18
O-102473,OPP-202473,C-2411,2023-05-15,2023-05-08,2023-06-02,2023-05-08,3744,2,102,Analytics Suite,Software,Salesperson_15,North America,Germany,City_2,Won,Inbound,True,1872.0,25
O-102474,OPP-202474,C-4650,2023-05-13,2023-05-01,2023-05-21,2023-05-01,4851,11,101,CRM Pro,Software,Salesperson_2,Europe,India,City_10,Won,Outbound,True,441.0,20
O-102475,OPP-202475,C-4021,2024-12-03,2024-11-14,2024-12-11,2024-11-14,4494,3,102,Analytics Suite,Software,Salesperson_2,North America,USA,City_12,Won,Outbound,False,1498.0,27
O-102476,OPP-202476,C-2373,2023-06-24,2023-06-11,2023-07-02,2023-06-11,5060,5,103,Sales Booster,Software,Salesperson_12,North America,USA,City_9,Won,Inbound,False,1012.0,21
O-102477,OPP-202477,C-4314,2024-12-11,2024-11-30,2024-12-17,2024-11-30,5883,3,103,Sales Booster,Software,Salesperson_12,North America,UK,City_1,Won,Partner,False,1961.0,17
O-102478,OPP-202478,C-2884,2023-12-15,2023-11-19,2023-12-19,2023-12-15,16760,10,102,Analytics Suite,Software,Salesperson_6,Europe,Germany,City_16,Won,Partner,False,1676.0,30
O-102479,OPP-202479,C-1101,2024-04-27,2024-04-17,2024-05-09,2024-04-27,4296,8,201,POS Terminal,Hardware,Salesperson_11,Asia,UK,City_2,Won,Outbound,False,537.0,22
O-102480,OPP-202480,C-3377,2024-11-10,2024-10-13,2024-11-17,2024-11-10,1030,2,103,Sales Booster,Software,Salesperson_7,Asia,Pakistan,City_6,Won,Outbound,True,515.0,35
O-102481,OPP-202481,C-3129,2023-06-24,2023-06-02,2023-07-01,2023-06-02,10428,6,101,CRM Pro,Software,Salesperson_15,Asia,Germany,City_4,Won,Outbound,False,1738.0,29
O-102482,OPP-202482,C-2830,2023-10-03,2023-09-15,2023-10-12,2023-10-03,13940,17,201,POS Terminal,Hardware,Salesperson_2,North America,UK,City_13,Won,Inbound,False,820.0,27
O-102483,OPP-202483,C-1577,2024-05-15,2024-05-01,2024-05-30,2024-05-01,29328,16,102,Analytics Suite,Software,Salesperson_15,Asia,Pakistan,City_3,Won,Partner,False,1833.0,29
O-102484,OPP-202484,C-3812,2024-02-24,2024-02-12,2024-02-27,2024-02-24,2475,11,202,Receipt Printer,Hardware,Salesperson_10,North America,UK,City_8,Won,Outbound,False,225.0,15
O-102485,OPP-202485,C-4121,2023-03-11,2023-02-23,2023-03-31,2023-03-11,5866,14,201,POS Terminal,Hardware,Salesperson_5,North America,USA,City_3,Won,Inbound,False,419.0,36
O-102486,OPP-202486,C-1264,2023-12-21,2023-12-06,2024-01-04,2023-12-06,27072,16,101,CRM Pro,Software,Salesperson_6,Asia,UK,City_12,Won,Partner,True,1692.0,29
O-102487,OPP-202487,C-3303,2024-10-01,2024-09-09,2024-10-17,2024-09-09,5013,9,201,POS Terminal,Hardware,Salesperson_6,Asia,UK,City_11,Won,Partner,False,557.0,38
O-102488,OPP-202488,C-3837,2024-06-08,2024-05-12,2024-06-24,2024-05-12,13044,12,103,Sales Booster,Software,Salesperson_6,Asia,USA,City_11,Won,Outbound,True,1087.0,43
O-102489,OPP-202489,C-3141,2023-07-01,2023-06-23,2023-07-17,2023-07-01,8772,6,103,Sales Booster,Software,Salesperson_15,North America,Germany,City_2,Won,Outbound,True,1462.0,24
O-102490,OPP-202490,C-2601,2023-05-05,2023-04-21,2023-05-16,2023-04-21,1554,3,102,Analytics Suite,Software,Salesperson_3,North America,India,City_11,Won,Partner,False,518.0,25
O-102491,OPP-202491,C-1540,2023-05-12,2023-04-12,2023-05-14,2023-05-12,22789,13,201,POS Terminal,Hardware,Salesperson_3,Asia,India,City_20,Won,Inbound,False,1753.0,32
O-102492,OPP-202492,C-1520,2024-12-30,2024-12-13,2025-01-06,2024-12-30,9810,15,202,Receipt Printer,Hardware,Salesperson_14,Asia,Pakistan,City_12,Won,Inbound,False,654.0,24
O-102493,OPP-202493,C-2028,2023-01-28,2023-01-20,2023-02-12,2023-01-28,2781,9,101,CRM Pro,Software,Salesperson_8,Europe,UK,City_12,Won,Inbound,True,309.0,23
O-102494,OPP-202494,C-1250,2024-08-21,2024-08-04,2024-08-26,2024-08-21,19275,15,101,CRM Pro,Software,Salesperson_11,Europe,India,City_7,Won,Inbound,True,1285.0,22
O-102495,OPP-202495,C-1914,2024-01-19,2024-01-01,2024-01-20,2024-01-01,24784,16,201,POS Terminal,Hardware,Salesperson_7,Asia,Pakistan,City_6,Won,Inbound,True,1549.0,19
O-102496,OPP-202496,C-4203,2024-11-05,2024-10-27,2024-11-16,2024-11-05,25415,17,103,Sales Booster,Software,Salesperson_15,Europe,UK,City_10,Won,Outbound,False,1495.0,20
O-102497,OPP-202497,C-1288,2023-05-17,2023-04-29,2023-06-03,2023-04-29,16299,9,103,Sales Booster,Software,Salesperson_15,Asia,Germany,City_8,Won,Partner,False,1811.0,35
O-102498,OPP-202498,C-1079,2024-01-16,2023-12-22,2024-01-30,2023-12-22,21476,14,103,Sales Booster,Software,Salesperson_10,North America,USA,City_18,Won,Partner,True,1534.0,39
O-102499,OPP-202499,C-4608,2024-05-10,2024-05-05,2024-05-16,2024-05-05,8475,5,102,Analytics Suite,Software,Salesperson_8,North America,UK,City_15,Won,Inbound,False,1695.0,11
O-102500,OPP-202500,C-3998,2024-04-15,2024-04-07,2024-04-26,2024-04-15,3486,2,202,Receipt Printer,Hardware,Salesperson_11,Europe,USA,City_8,Won,Outbound,True,1743.0,19
O-102501,OPP-202501,C-1464,2023-07-27,2023-07-01,2023-07-28,2023-07-01,17820,12,202,Receipt Printer,Hardware,Salesperson_7,Europe,India,City_11,Won,Inbound,True,1485.0,27
O-102502,OPP-202502,C-2762,2024-03-06,2024-02-21,2024-03-24,2024-02-21,15408,12,201,POS Terminal,Hardware,Salesperson_6,North America,Germany,City_4,Won,Inbound,False,1284.0,32
O-102503,OPP-202503,C-4897,2023-12-19,2023-12-03,2024-01-01,2023-12-19,10455,17,102,Analytics Suite,Software,Salesperson_2,Europe,Germany,City_12,Won,Partner,False,615.0,29
O-102504,OPP-202504,C-1071,2023-06-01,2023-05-03,2023-06-05,2023-05-03,17120,16,101,CRM Pro,Software,Salesperson_9,Asia,Germany,City_20,Won,Partner,True,1070.0,33
O-102505,OPP-202505,C-2580,2024-04-27,2024-04-07,2024-05-03,2024-04-07,27892,19,201,POS Terminal,Hardware,Salesperson_3,North America,India,City_2,Won,Outbound,True,1468.0,26
O-102506,OPP-202506,C-4679,2024-11-14,2024-10-23,2024-11-21,2024-10-23,13928,8,202,Receipt Printer,Hardware,Salesperson_10,Asia,Germany,City_2,Won,Partner,True,1741.0,29
O-102507,OPP-202507,C-4364,2024-03-26,2024-03-11,2024-04-04,2024-03-26,21131,11,202,Receipt Printer,Hardware,Salesperson_12,Europe,UK,City_9,Won,Partner,False,1921.0,24
O-102508,OPP-202508,C-1780,2024-04-09,2024-03-11,2024-04-10,2024-03-11,4065,15,201,POS Terminal,Hardware,Salesperson_15,Europe,India,City_1,Won,Inbound,True,271.0,30
O-102509,OPP-202509,C-2907,2024-01-08,2023-12-09,2024-01-26,2023-12-09,19142,17,102,Analytics Suite,Software,Salesperson_3,Asia,Germany,City_9,Won,Outbound,True,1126.0,48
O-102510,OPP-202510,C-3352,2024-07-14,2024-06-23,2024-07-27,2024-07-14,2535,5,103,Sales Booster,Software,Salesperson_12,North America,Pakistan,City_9,Won,Partner,False,507.0,34
O-102511,OPP-202511,C-4383,2024-10-14,2024-09-14,2024-10-21,2024-09-14,2590,7,101,CRM Pro,Software,Salesperson_1,Asia,UK,City_16,Won,Inbound,False,370.0,37
O-102512,OPP-202512,C-3231,2023-11-19,2023-10-31,2023-12-08,2023-10-31,1000,1,202,Receipt Printer,Hardware,Salesperson_12,North America,India,City_2,Won,Partner,False,1000.0,38
O-102513,OPP-202513,C-2410,2023-01-31,2023-01-05,2023-02-10,2023-01-05,14568,8,101,CRM Pro,Software,Salesperson_4,Europe,UK,City_12,Won,Outbound,False,1821.0,36
O-102514,OPP-202514,C-1220,2023-03-18,2023-03-11,2023-04-03,2023-03-18,6025,5,201,POS Terminal,Hardware,Salesperson_3,Europe,UK,City_14,Won,Outbound,True,1205.0,23
O-102515,OPP-202515,C-2980,2023-01-16,2023-01-04,2023-01-30,2023-01-04,9678,6,103,Sales Booster,Software,Salesperson_2,Europe,USA,City_10,Won,Partner,False,1613.0,26
O-102516,OPP-202516,C-2458,2023-12-21,2023-11-22,2023-12-24,2023-12-21,4403,7,101,CRM Pro,Software,Salesperson_5,North America,Pakistan,City_6,Won,Inbound,True,629.0,32
O-102517,OPP-202517,C-1779,2024-07-13,2024-06-27,2024-07-14,2024-06-27,11788,7,102,Analytics Suite,Software,Salesperson_8,Europe,Germany,City_1,Won,Outbound,True,1684.0,17
O-102518,OPP-202518,C-1392,2023-06-08,2023-05-10,2023-06-16,2023-06-08,1176,2,201,POS Terminal,Hardware,Salesperson_7,Asia,India,City_14,Won,Partner,True,588.0,37
O-102519,OPP-202519,C-3268,2023-10-28,2023-10-02,2023-11-15,2023-10-02,3344,8,103,Sales Booster,Software,Salesperson_8,North America,Pakistan,City_10,Won,Partner,True,418.0,44
O-102520,OPP-202520,C-1366,2024-07-31,2024-07-08,2024-08-11,2024-07-08,7755,15,202,Receipt Printer,Hardware,Salesperson_14,North America,Pakistan,City_8,Won,Outbound,False,517.0,34
O-102521,OPP-202521,C-4699,2023-08-15,2023-07-30,2023-08-24,2023-07-30,1105,1,202,Receipt Printer,Hardware,Salesperson_11,Europe,USA,City_5,Won,Outbound,True,1105.0,25
O-102522,OPP-202522,C-2096,2023-07-29,2023-07-20,2023-08-12,2023-07-20,6984,8,103,Sales Booster,Software,Salesperson_15,North America,UK,City_16,Won,Inbound,True,873.0,23
O-102523,OPP-202523,C-4844,2024-09-18,2024-08-22,2024-09-21,2024-09-18,5304,4,201,POS Terminal,Hardware,Salesperson_5,Europe,Pakistan,City_13,Won,Outbound,True,1326.0,30
O-102524,OPP-202524,C-2824,2023-01-28,2023-01-04,2023-02-16,2023-01-04,10320,6,103,Sales Booster,Software,Salesperson_1,North America,USA,City_15,Won,Partner,False,1720.0,43
O-102525,OPP-202525,C-1166,2023-01-03,2022-12-09,2023-01-23,2022-12-09,2392,2,102,Analytics Suite,Software,Salesperson_4,Europe,India,City_2,Won,Partner,True,1196.0,45
O-102526,OPP-202526,C-3522,2024-11-23,2024-11-04,2024-12-05,2024-11-04,11666,19,201,POS Terminal,Hardware,Salesperson_3,Europe,USA,City_16,Won,Outbound,True,614.0,31
O-102527,OPP-202527,C-1331,2023-08-30,2023-08-08,2023-09-12,2023-08-30,7560,9,202,Receipt Printer,Hardware,Salesperson_2,Europe,Germany,City_17,Won,Partner,True,840.0,35
O-102528,OPP-202528,C-1977,2023-12-12,2023-11-29,2024-01-01,2023-11-29,3268,19,101,CRM Pro,Software,Salesperson_3,North America,India,City_8,Won,Outbound,False,172.0,33
O-102529,OPP-202529,C-3000,2024-07-23,2024-07-08,2024-07-30,2024-07-08,6560,20,102,Analytics Suite,Software,Salesperson_8,Europe,Germany,City_1,Won,Inbound,True,328.0,22
O-102530,OPP-202530,C-2886,2023-05-01,2023-04-02,2023-05-17,2023-04-02,30816,16,202,Receipt Printer,Hardware,Salesperson_4,Europe,Pakistan,City_12,Won,Outbound,True,1926.0,45
O-102531,OPP-202531,C-1556,2023-06-01,2023-05-19,2023-06-08,2023-06-01,974,2,103,Sales Booster,Software,Salesperson_3,Asia,Pakistan,City_11,Won,Partner,False,487.0,20
O-102532,OPP-202532,C-2053,2024-05-20,2024-05-11,2024-05-29,2024-05-11,20748,13,103,Sales Booster,Software,Salesperson_4,Asia,USA,City_11,Won,Inbound,True,1596.0,18
O-102533,OPP-202533,C-2903,2023-12-06,2023-11-28,2023-12-12,2023-11-28,2760,3,201,POS Terminal,Hardware,Salesperson_3,Europe,India,City_16,Won,Partner,True,920.0,14
O-102534,OPP-202534,C-1493,2024-04-03,2024-03-16,2024-04-10,2024-04-03,9840,16,201,POS Terminal,Hardware,Salesperson_1,Asia,Pakistan,City_2,Won,Partner,False,615.0,25
O-102535,OPP-202535,C-1849,2023-05-30,2023-05-22,2023-06-07,2023-05-22,4569,3,201,POS Terminal,Hardware,Salesperson_15,Asia,Pakistan,City_11,Won,Outbound,False,1523.0,16
O-102536,OPP-202536,C-3094,2023-05-09,2023-04-16,2023-05-11,2023-04-16,1600,8,103,Sales Booster,Software,Salesperson_15,Europe,India,City_5,Won,Outbound,True,200.0,25
O-102537,OPP-202537,C-4983,2024-08-03,2024-07-25,2024-08-09,2024-07-25,23630,17,101,CRM Pro,Software,Salesperson_5,Europe,Pakistan,City_9,Won,Outbound,True,1390.0,15
O-102538,OPP-202538,C-4035,2023-03-26,2023-03-02,2023-03-27,2023-03-26,7224,4,102,Analytics Suite,Software,Salesperson_14,Europe,USA,City_16,Won,Inbound,False,1806.0,25
O-102539,OPP-202539,C-2439,2024-02-03,2024-01-09,2024-02-08,2024-01-09,320,2,103,Sales Booster,Software,Salesperson_13,North America,India,City_3,Won,Partner,False,160.0,30
O-102540,OPP-202540,C-4862,2023-03-13,2023-02-22,2023-03-14,2023-02-22,1974,2,102,Analytics Suite,Software,Salesperson_12,North America,USA,City_8,Won,Partner,False,987.0,20
O-102541,OPP-202541,C-1690,2023-01-15,2022-12-29,2023-01-23,2022-12-29,14136,12,103,Sales Booster,Software,Salesperson_2,Europe,Germany,City_3,Won,Outbound,True,1178.0,25
O-102542,OPP-202542,C-4961,2023-07-01,2023-06-08,2023-07-11,2023-06-08,23154,17,103,Sales Booster,Software,Salesperson_11,Asia,Pakistan,City_4,Won,Partner,True,1362.0,33
O-102543,OPP-202543,C-2764,2024-12-01,2024-11-24,2024-12-09,2024-11-24,28905,15,101,CRM Pro,Software,Salesperson_13,North America,Germany,City_6,Won,Partner,True,1927.0,15
O-102544,OPP-202544,C-4618,2023-12-09,2023-11-25,2023-12-14,2023-11-25,1920,4,101,CRM Pro,Software,Salesperson_13,Europe,UK,City_13,Won,Outbound,False,480.0,19
O-102545,OPP-202545,C-3358,2023-11-28,2023-11-13,2023-11-30,2023-11-28,18000,20,101,CRM Pro,Software,Salesperson_12,Asia,India,City_10,Won,Inbound,False,900.0,17
O-102546,OPP-202546,C-3262,2024-08-03,2024-07-08,2024-08-12,2024-07-08,16968,14,201,POS Terminal,Hardware,Salesperson_13,Europe,Pakistan,City_7,Won,Outbound,False,1212.0,35
O-102547,OPP-202547,C-1240,2023-01-21,2023-01-09,2023-01-28,2023-01-21,21360,16,103,Sales Booster,Software,Salesperson_5,Europe,UK,City_19,Won,Partner,False,1335.0,19
O-102548,OPP-202548,C-3969,2024-01-10,2023-12-24,2024-01-15,2023-12-24,30005,17,103,Sales Booster,Software,Salesperson_5,North America,Germany,City_10,Won,Outbound,True,1765.0,22
O-102549,OPP-202549,C-3743,2024-06-17,2024-06-04,2024-07-07,2024-06-04,2142,6,102,Analytics Suite,Software,Salesperson_1,North America,Germany,City_2,Won,Outbound,False,357.0,33
O-102550,OPP-202550,C-2945,2023-05-27,2023-05-21,2023-06-09,2023-05-21,5598,3,101,CRM Pro,Software,Salesperson_12,Asia,Germany,City_20,Won,Inbound,False,1866.0,19
O-102551,OPP-202551,C-3343,2023-10-26,2023-10-07,2023-11-02,2023-10-26,3025,11,201,POS Terminal,Hardware,Salesperson_13,Asia,India,City_5,Won,Outbound,True,275.0,26
O-102552,OPP-202552,C-2138,2023-01-22,2023-01-17,2023-02-10,2023-01-17,10674,9,202,Receipt Printer,Hardware,Salesperson_3,North America,UK,City_10,Won,Partner,True,1186.0,24
O-102553,OPP-202553,C-1452,2023-05-05,2023-04-13,2023-05-23,2023-05-05,866,2,103,Sales Booster,Software,Salesperson_10,Asia,India,City_11,Won,Partner,False,433.0,40
O-102554,OPP-202554,C-3824,2023-10-06,2023-09-17,2023-10-12,2023-09-17,2712,6,202,Receipt Printer,Hardware,Salesperson_4,North America,India,City_14,Won,Outbound,False,452.0,25
O-102555,OPP-202555,C-1114,2023-08-01,2023-07-17,2023-08-20,2023-07-17,3026,17,102,Analytics Suite,Software,Salesperson_3,Asia,UK,City_15,Won,Partner,True,178.0,34
O-102556,OPP-202556,C-1157,2023-06-21,2023-06-01,2023-06-30,2023-06-01,13905,15,102,Analytics Suite,Software,Salesperson_9,Asia,Germany,City_4,Won,Partner,True,927.0,29
O-102557,OPP-202557,C-3413,2024-10-09,2024-09-13,2024-10-22,2024-09-13,20532,12,103,Sales Booster,Software,Salesperson_13,Europe,India,City_14,Won,Outbound,True,1711.0,39
O-102558,OPP-202558,C-2932,2024-07-30,2024-07-07,2024-08-14,2024-07-30,10806,6,202,Receipt Printer,Hardware,Salesperson_5,Asia,India,City_10,Won,Partner,False,1801.0,38
O-102559,OPP-202559,C-2018,2024-02-04,2024-01-28,2024-02-10,2024-01-28,3500,20,103,Sales Booster,Software,Salesperson_3,Asia,Germany,City_2,Won,Partner,False,175.0,13
O-102560,OPP-202560,C-1557,2024-12-10,2024-11-18,2024-12-19,2024-11-18,2222,2,102,Analytics Suite,Software,Salesperson_14,North America,Pakistan,City_20,Won,Inbound,False,1111.0,31
O-102561,OPP-202561,C-2090,2023-07-17,2023-07-09,2023-07-20,2023-07-09,28679,17,202,Receipt Printer,Hardware,Salesperson_10,Asia,Germany,City_16,Won,Partner,False,1687.0,11
O-102562,OPP-202562,C-3476,2024-09-06,2024-08-11,2024-09-20,2024-08-11,5046,3,202,Receipt Printer,Hardware,Salesperson_3,North America,UK,City_3,Won,Partner,False,1682.0,40
O-102563,OPP-202563,C-3797,2024-10-10,2024-10-04,2024-10-29,2024-10-04,2195,5,102,Analytics Suite,Software,Salesperson_2,Asia,India,City_9,Won,Inbound,False,439.0,25
O-102564,OPP-202564,C-2156,2024-12-17,2024-11-22,2025-01-02,2024-11-22,18487,19,103,Sales Booster,Software,Salesperson_14,Europe,UK,City_19,Won,Partner,False,973.0,41
O-102565,OPP-202565,C-4064,2023-08-12,2023-07-17,2023-08-17,2023-07-17,459,3,101,CRM Pro,Software,Salesperson_14,North America,UK,City_4,Won,Outbound,False,153.0,31
O-102566,OPP-202566,C-2224,2023-10-29,2023-10-18,2023-11-04,2023-10-29,25631,19,103,Sales Booster,Software,Salesperson_13,Europe,USA,City_15,Won,Outbound,True,1349.0,17
O-102567,OPP-202567,C-3270,2023-08-08,2023-07-18,2023-08-27,2023-07-18,1393,7,102,Analytics Suite,Software,Salesperson_2,Asia,Pakistan,City_13,Won,Partner,True,199.0,40
O-102568,OPP-202568,C-4489,2024-12-01,2024-11-17,2024-12-14,2024-12-01,2688,8,201,POS Terminal,Hardware,Salesperson_10,Europe,Pakistan,City_17,Won,Inbound,False,336.0,27
O-102569,OPP-202569,C-2723,2024-09-19,2024-08-20,2024-10-03,2024-08-20,15183,9,202,Receipt Printer,Hardware,Salesperson_15,Europe,Pakistan,City_1,Won,Partner,True,1687.0,44
O-102570,OPP-202570,C-1749,2024-02-09,2024-02-01,2024-02-23,2024-02-01,10908,12,103,Sales Booster,Software,Salesperson_13,North America,Germany,City_16,Won,Inbound,False,909.0,22
O-102571,OPP-202571,C-3196,2023-01-10,2022-12-27,2023-01-24,2022-12-27,2505,5,101,CRM Pro,Software,Salesperson_3,Asia,India,City_18,Won,Partner,False,501.0,28
O-102572,OPP-202572,C-3069,2023-03-12,2023-02-13,2023-03-18,2023-02-13,15368,17,102,Analytics Suite,Software,Salesperson_2,Europe,USA,City_13,Won,Partner,True,904.0,33
O-102573,OPP-202573,C-3186,2024-11-26,2024-11-14,2024-12-03,2024-11-14,5876,4,202,Receipt Printer,Hardware,Salesperson_8,North America,UK,City_8,Won,Outbound,False,1469.0,19
O-102574,OPP-202574,C-4658,2024-04-09,2024-03-18,2024-04-11,2024-03-18,1845,3,102,Analytics Suite,Software,Salesperson_13,North America,Pakistan,City_16,Won,Outbound,False,615.0,24
O-102575,OPP-202575,C-3973,2024-05-03,2024-04-04,2024-05-14,2024-05-03,20033,13,201,POS Terminal,Hardware,Salesperson_1,Asia,USA,City_6,Won,Partner,False,1541.0,40
O-102576,OPP-202576,C-2207,2024-07-29,2024-07-16,2024-08-02,2024-07-16,2712,12,201,POS Terminal,Hardware,Salesperson_11,Asia,India,City_2,Won,Outbound,False,226.0,17
O-102577,OPP-202577,C-1205,2024-07-18,2024-06-19,2024-07-31,2024-07-18,2304,16,101,CRM Pro,Software,Salesperson_15,Asia,India,City_17,Won,Partner,True,144.0,42
O-102578,OPP-202578,C-3036,2023-02-16,2023-02-05,2023-03-06,2023-02-16,2100,6,102,Analytics Suite,Software,Salesperson_4,Europe,Germany,City_13,Won,Partner,True,350.0,29
O-102579,OPP-202579,C-4178,2023-11-22,2023-11-01,2023-12-03,2023-11-01,5315,5,102,Analytics Suite,Software,Salesperson_5,North America,Pakistan,City_11,Won,Outbound,True,1063.0,32
O-102580,OPP-202580,C-1748,2023-07-17,2023-06-21,2023-07-19,2023-06-21,7760,20,103,Sales Booster,Software,Salesperson_11,North America,Germany,City_6,Won,Outbound,True,388.0,28
O-102581,OPP-202581,C-2313,2023-01-24,2023-01-18,2023-01-30,2023-01-18,14784,8,101,CRM Pro,Software,Salesperson_10,North America,India,City_5,Won,Inbound,True,1848.0,12
O-102582,OPP-202582,C-2704,2024-03-31,2024-03-06,2024-04-02,2024-03-31,2720,17,202,Receipt Printer,Hardware,Salesperson_12,North America,Pakistan,City_4,Won,Outbound,True,160.0,27
O-102583,OPP-202583,C-1859,2023-10-11,2023-09-24,2023-10-24,2023-09-24,11448,9,101,CRM Pro,Software,Salesperson_2,Asia,India,City_17,Won,Outbound,True,1272.0,30
O-102584,OPP-202584,C-4439,2024-12-07,2024-11-16,2024-12-12,2024-11-16,14565,15,201,POS Terminal,Hardware,Salesperson_12,Europe,India,City_12,Won,Outbound,False,971.0,26
O-102585,OPP-202585,C-4246,2024-08-31,2024-08-24,2024-09-12,2024-08-24,28291,19,101,CRM Pro,Software,Salesperson_7,Europe,India,City_16,Won,Inbound,False,1489.0,19
O-102586,OPP-202586,C-4023,2024-08-13,2024-07-31,2024-08-28,2024-07-31,6640,20,101,CRM Pro,Software,Salesperson_12,North America,Pakistan,City_1,Won,Outbound,False,332.0,28
O-102587,OPP-202587,C-2627,2024-06-29,2024-06-05,2024-07-06,2024-06-05,6560,16,202,Receipt Printer,Hardware,Salesperson_7,Asia,India,City_13,Won,Outbound,True,410.0,31
O-102588,OPP-202588,C-3128,2023-08-31,2023-08-21,2023-09-07,2023-08-21,1977,3,201,POS Terminal,Hardware,Salesperson_3,Asia,Pakistan,City_15,Won,Outbound,True,659.0,17
O-102589,OPP-202589,C-3378,2023-06-01,2023-05-13,2023-06-06,2023-05-13,7315,19,202,Receipt Printer,Hardware,Salesperson_5,Asia,Germany,City_19,Won,Inbound,False,385.0,24
O-102590,OPP-202590,C-4214,2024-10-17,2024-10-02,2024-11-01,2024-10-02,21826,14,102,Analytics Suite,Software,Salesperson_11,Asia,USA,City_13,Won,Outbound,True,1559.0,30
O-102591,OPP-202591,C-2638,2024-10-29,2024-10-05,2024-11-15,2024-10-29,15472,16,102,Analytics Suite,Software,Salesperson_3,Europe,UK,City_4,Won,Inbound,False,967.0,41
O-102592,OPP-202592,C-4440,2023-05-24,2023-05-07,2023-05-29,2023-05-07,10000,5,201,POS Terminal,Hardware,Salesperson_1,Europe,Pakistan,City_5,Won,Inbound,False,2000.0,22
O-102593,OPP-202593,C-2968,2024-01-24,2023-12-31,2024-02-02,2023-12-31,12838,14,202,Receipt Printer,Hardware,Salesperson_13,North America,UK,City_17,Won,Inbound,True,917.0,33
O-102594,OPP-202594,C-2399,2024-08-17,2024-08-02,2024-09-02,2024-08-02,16200,10,201,POS Terminal,Hardware,Salesperson_1,Asia,India,City_5,Won,Outbound,True,1620.0,31
O-102595,OPP-202595,C-2357,2023-01-11,2023-01-04,2023-01-26,2023-01-04,8208,8,202,Receipt Printer,Hardware,Salesperson_8,Asia,India,City_1,Won,Inbound,False,1026.0,22
O-102596,OPP-202596,C-4438,2023-09-01,2023-08-23,2023-09-20,2023-08-23,11790,10,102,Analytics Suite,Software,Salesperson_15,North America,UK,City_8,Won,Outbound,True,1179.0,28
O-102597,OPP-202597,C-2701,2024-02-25,2024-02-09,2024-03-15,2024-02-09,27721,19,202,Receipt Printer,Hardware,Salesperson_1,North America,USA,City_6,Won,Outbound,True,1459.0,35
O-102598,OPP-202598,C-2973,2023-04-07,2023-03-12,2023-04-27,2023-03-12,6660,9,101,CRM Pro,Software,Salesperson_14,Europe,India,City_6,Won,Outbound,True,740.0,46
O-102599,OPP-202599,C-1097,2023-11-28,2023-11-06,2023-12-17,2023-11-06,23902,17,202,Receipt Printer,Hardware,Salesperson_10,Asia,Germany,City_13,Won,Outbound,True,1406.0,41
O-102600,OPP-202600,C-3292,2024-07-25,2024-07-18,2024-08-05,2024-07-18,8835,19,202,Receipt Printer,Hardware,Salesperson_5,Asia,Pakistan,City_15,Won,Inbound,False,465.0,18
O-102601,OPP-202601,C-4519,2023-11-17,2023-10-30,2023-12-05,2023-11-17,18380,20,201,POS Terminal,Hardware,Salesperson_15,North America,Pakistan,City_19,Won,Inbound,False,919.0,36
O-102602,OPP-202602,C-2897,2024-06-04,2024-05-07,2024-06-16,2024-05-07,4452,6,101,CRM Pro,Software,Salesperson_10,Asia,Germany,City_15,Won,Inbound,False,742.0,40
O-102603,OPP-202603,C-4561,2023-03-10,2023-02-13,2023-03-25,2023-02-13,9710,10,202,Receipt Printer,Hardware,Salesperson_10,Europe,Pakistan,City_3,Won,Partner,True,971.0,40
O-102604,OPP-202604,C-3555,2023-10-19,2023-09-19,2023-10-20,2023-09-19,10469,19,201,POS Terminal,Hardware,Salesperson_6,Europe,USA,City_9,Won,Partner,True,551.0,31
O-102605,OPP-202605,C-4738,2024-04-24,2024-04-03,2024-05-07,2024-04-03,7180,20,101,CRM Pro,Software,Salesperson_6,Europe,Pakistan,City_5,Won,Inbound,True,359.0,34
O-102606,OPP-202606,C-4718,2024-07-23,2024-07-16,2024-07-24,2024-07-23,2148,6,102,Analytics Suite,Software,Salesperson_7,Europe,UK,City_7,Won,Inbound,False,358.0,8
O-102607,OPP-202607,C-4542,2023-11-08,2023-10-23,2023-11-13,2023-10-23,10384,16,103,Sales Booster,Software,Salesperson_6,Europe,Germany,City_4,Won,Inbound,True,649.0,21
O-102608,OPP-202608,C-4713,2023-08-01,2023-07-20,2023-08-06,2023-07-20,6331,13,103,Sales Booster,Software,Salesperson_9,Asia,Pakistan,City_9,Won,Outbound,False,487.0,17
O-102609,OPP-202609,C-2774,2023-04-16,2023-03-27,2023-04-18,2023-04-16,7325,5,102,Analytics Suite,Software,Salesperson_1,Europe,Pakistan,City_16,Won,Outbound,True,1465.0,22
O-102610,OPP-202610,C-4534,2024-05-13,2024-04-29,2024-05-25,2024-04-29,2352,3,202,Receipt Printer,Hardware,Salesperson_3,North America,Germany,City_4,Won,Inbound,False,784.0,26
O-102611,OPP-202611,C-1815,2024-03-05,2024-02-16,2024-03-07,2024-03-05,5800,4,201,POS Terminal,Hardware,Salesperson_15,Europe,USA,City_18,Won,Outbound,True,1450.0,20
O-102612,OPP-202612,C-2150,2024-05-16,2024-05-06,2024-05-27,2024-05-06,770,5,103,Sales Booster,Software,Salesperson_15,North America,Pakistan,City_3,Won,Inbound,False,154.0,21
O-102613,OPP-202613,C-4545,2023-07-22,2023-07-08,2023-08-04,2023-07-08,32980,20,201,POS Terminal,Hardware,Salesperson_9,North America,USA,City_2,Won,Outbound,False,1649.0,27
O-102614,OPP-202614,C-3087,2024-06-16,2024-06-07,2024-06-19,2024-06-16,8240,5,103,Sales Booster,Software,Salesperson_15,Europe,India,City_9,Won,Partner,True,1648.0,12
O-102615,OPP-202615,C-2985,2024-08-19,2024-07-21,2024-09-02,2024-08-19,4650,6,201,POS Terminal,Hardware,Salesperson_6,North America,Pakistan,City_7,Won,Outbound,True,775.0,43
O-102616,OPP-202616,C-1457,2023-06-12,2023-05-24,2023-06-27,2023-06-12,10890,9,202,Receipt Printer,Hardware,Salesperson_5,Europe,India,City_11,Won,Inbound,True,1210.0,34
O-102617,OPP-202617,C-1823,2024-10-07,2024-09-30,2024-10-10,2024-09-30,3796,13,101,CRM Pro,Software,Salesperson_1,North America,India,City_12,Won,Outbound,False,292.0,10
O-102618,OPP-202618,C-4852,2024-02-07,2024-01-25,2024-02-10,2024-01-25,31662,18,201,POS Terminal,Hardware,Salesperson_6,Europe,USA,City_5,Won,Partner,False,1759.0,16
O-102619,OPP-202619,C-2227,2023-05-09,2023-04-12,2023-05-24,2023-05-09,32880,20,102,Analytics Suite,Software,Salesperson_8,Europe,Pakistan,City_13,Won,Outbound,True,1644.0,42
O-102620,OPP-202620,C-4776,2024-06-26,2024-06-01,2024-07-03,2024-06-26,2958,6,201,POS Terminal,Hardware,Salesperson_4,Europe,Pakistan,City_15,Won,Inbound,False,493.0,32
O-102621,OPP-202621,C-4769,2024-03-27,2024-03-04,2024-04-13,2024-03-04,5149,19,201,POS Terminal,Hardware,Salesperson_5,Asia,UK,City_15,Won,Inbound,True,271.0,40
O-102622,OPP-202622,C-3326,2024-03-30,2024-03-21,2024-04-03,2024-03-21,10759,7,202,Receipt Printer,Hardware,Salesperson_12,Europe,UK,City_2,Won,Inbound,False,1537.0,13
O-102623,OPP-202623,C-2599,2023-03-10,2023-02-11,2023-03-14,2023-02-11,12720,12,102,Analytics Suite,Software,Salesperson_11,Asia,Germany,City_1,Won,Partner,True,1060.0,31
O-102624,OPP-202624,C-2456,2024-03-15,2024-02-22,2024-03-18,2024-03-15,5460,5,101,CRM Pro,Software,Salesperson_5,Asia,India,City_4,Won,Inbound,False,1092.0,25
O-102625,OPP-202625,C-4156,2023-12-12,2023-11-30,2023-12-31,2023-11-30,6877,13,201,POS Terminal,Hardware,Salesperson_1,Europe,Germany,City_13,Won,Inbound,False,529.0,31
O-102626,OPP-202626,C-1938,2023-06-09,2023-05-28,2023-06-14,2023-05-28,3562,2,101,CRM Pro,Software,Salesperson_15,North America,Pakistan,City_17,Won,Inbound,False,1781.0,17
O-102627,OPP-202627,C-2901,2023-04-03,2023-03-16,2023-04-20,2023-03-16,3120,6,103,Sales Booster,Software,Salesperson_2,North America,India,City_15,Won,Inbound,True,520.0,35
O-102628,OPP-202628,C-4200,2023-01-11,2023-01-01,2023-01-12,2023-01-11,12160,10,102,Analytics Suite,Software,Salesperson_1,North America,India,City_14,Won,Inbound,True,1216.0,11
O-102629,OPP-202629,C-3814,2023-10-18,2023-09-30,2023-11-01,2023-09-30,3544,4,103,Sales Booster,Software,Salesperson_14,Asia,India,City_9,Won,Outbound,True,886.0,32
O-102630,OPP-202630,C-4955,2024-01-07,2023-12-27,2024-01-22,2023-12-27,26792,17,102,Analytics Suite,Software,Salesperson_11,Europe,USA,City_16,Won,Outbound,True,1576.0,26
O-102631,OPP-202631,C-4311,2023-06-02,2023-05-18,2023-06-21,2023-05-18,2190,2,101,CRM Pro,Software,Salesperson_4,North America,India,City_15,Won,Outbound,False,1095.0,34
O-102632,OPP-202632,C-4190,2023-11-25,2023-11-15,2023-12-07,2023-11-25,27435,15,101,CRM Pro,Software,Salesperson_2,Europe,Germany,City_11,Won,Partner,False,1829.0,22
O-102633,OPP-202633,C-4829,2024-05-18,2024-05-08,2024-06-01,2024-05-08,16575,15,102,Analytics Suite,Software,Salesperson_13,North America,India,City_1,Won,Partner,True,1105.0,24
O-102634,OPP-202634,C-1252,2024-02-14,2024-01-21,2024-02-23,2024-01-21,4620,4,102,Analytics Suite,Software,Salesperson_15,North America,India,City_4,Won,Inbound,True,1155.0,33
O-102635,OPP-202635,C-2706,2023-03-22,2023-02-23,2023-04-07,2023-02-23,2368,4,201,POS Terminal,Hardware,Salesperson_6,Europe,India,City_20,Won,Outbound,True,592.0,43
O-102636,OPP-202636,C-1842,2023-03-12,2023-02-18,2023-03-19,2023-02-18,6370,7,103,Sales Booster,Software,Salesperson_8,Asia,India,City_10,Won,Inbound,False,910.0,29
O-102637,OPP-202637,C-3941,2023-08-12,2023-07-15,2023-08-15,2023-07-15,8856,9,202,Receipt Printer,Hardware,Salesperson_11,North America,Germany,City_6,Won,Inbound,True,984.0,31
O-102638,OPP-202638,C-4600,2024-07-06,2024-06-29,2024-07-25,2024-06-29,4464,8,101,CRM Pro,Software,Salesperson_2,Asia,Germany,City_9,Won,Inbound,False,558.0,26
O-102639,OPP-202639,C-2959,2023-04-04,2023-03-15,2023-04-15,2023-03-15,19253,13,101,CRM Pro,Software,Salesperson_6,North America,UK,City_7,Won,Inbound,False,1481.0,31
O-102640,OPP-202640,C-1797,2024-11-29,2024-11-10,2024-12-03,2024-11-10,7000,4,103,Sales Booster,Software,Salesperson_9,Asia,UK,City_13,Won,Inbound,False,1750.0,23
O-102641,OPP-202641,C-2651,2023-03-03,2023-02-18,2023-03-16,2023-02-18,6650,10,102,Analytics Suite,Software,Salesperson_11,Europe,Pakistan,City_14,Won,Partner,True,665.0,26
O-102642,OPP-202642,C-2335,2023-08-05,2023-07-09,2023-08-07,2023-07-09,25172,14,102,Analytics Suite,Software,Salesperson_8,North America,India,City_19,Won,Inbound,True,1798.0,29
O-102643,OPP-202643,C-2326,2023-09-08,2023-08-18,2023-09-16,2023-08-18,21522,17,101,CRM Pro,Software,Salesperson_4,Europe,USA,City_3,Won,Partner,True,1266.0,29
O-102644,OPP-202644,C-2657,2023-07-12,2023-07-02,2023-07-19,2023-07-02,1932,3,201,POS Terminal,Hardware,Salesperson_2,North America,Germany,City_16,Won,Inbound,True,644.0,17
O-102645,OPP-202645,C-2176,2023-07-05,2023-06-21,2023-07-24,2023-06-21,16660,14,202,Receipt Printer,Hardware,Salesperson_14,Asia,USA,City_11,Won,Outbound,True,1190.0,33
O-102646,OPP-202646,C-3736,2024-03-15,2024-03-02,2024-03-23,2024-03-02,2844,3,101,CRM Pro,Software,Salesperson_6,Asia,Pakistan,City_8,Won,Partner,False,948.0,21
O-102647,OPP-202647,C-1392,2024-06-22,2024-06-06,2024-07-06,2024-06-22,7231,7,102,Analytics Suite,Software,Salesperson_12,Asia,USA,City_2,Won,Inbound,False,1033.0,30
O-102648,OPP-202648,C-1424,2024-01-06,2023-12-31,2024-01-18,2024-01-06,19260,15,102,Analytics Suite,Software,Salesperson_9,Asia,Pakistan,City_10,Won,Partner,True,1284.0,18
O-102649,OPP-202649,C-2092,2024-03-01,2024-02-19,2024-03-18,2024-02-19,3174,3,103,Sales Booster,Software,Salesperson_3,Europe,USA,City_14,Won,Outbound,False,1058.0,28
O-102650,OPP-202650,C-2975,2023-07-19,2023-07-01,2023-08-05,2023-07-01,13184,16,102,Analytics Suite,Software,Salesperson_5,Europe,UK,City_8,Won,Inbound,True,824.0,35
O-102651,OPP-202651,C-3754,2024-08-20,2024-07-25,2024-08-31,2024-08-20,12222,7,201,POS Terminal,Hardware,Salesperson_5,North America,USA,City_5,Won,Inbound,True,1746.0,37
O-102652,OPP-202652,C-2319,2023-12-20,2023-11-29,2023-12-30,2023-11-29,18198,18,102,Analytics Suite,Software,Salesperson_12,North America,Pakistan,City_11,Won,Outbound,False,1011.0,31
O-102653,OPP-202653,C-1885,2023-07-05,2023-06-15,2023-07-23,2023-06-15,11726,13,201,POS Terminal,Hardware,Salesperson_14,Europe,Pakistan,City_18,Won,Outbound,False,902.0,38
O-102654,OPP-202654,C-3726,2024-02-17,2024-01-20,2024-02-25,2024-02-17,3948,7,101,CRM Pro,Software,Salesperson_13,Europe,UK,City_16,Won,Outbound,True,564.0,36
O-102655,OPP-202655,C-4769,2024-05-01,2024-04-13,2024-05-04,2024-05-01,2304,18,102,Analytics Suite,Software,Salesperson_1,Europe,Pakistan,City_1,Won,Outbound,True,128.0,21
O-102656,OPP-202656,C-2901,2023-11-17,2023-11-10,2023-12-03,2023-11-10,9580,5,102,Analytics Suite,Software,Salesperson_15,Europe,Germany,City_17,Won,Partner,True,1916.0,23
O-102657,OPP-202657,C-1502,2024-01-08,2023-12-21,2024-01-09,2023-12-21,16680,10,102,Analytics Suite,Software,Salesperson_3,North America,India,City_11,Won,Partner,False,1668.0,19
O-102658,OPP-202658,C-2399,2024-07-13,2024-07-03,2024-07-22,2024-07-03,9273,11,103,Sales Booster,Software,Salesperson_9,Asia,USA,City_1,Won,Inbound,True,843.0,19
O-102659,OPP-202659,C-4719,2024-03-25,2024-03-15,2024-03-28,2024-03-15,14148,18,202,Receipt Printer,Hardware,Salesperson_9,Europe,UK,City_6,Won,Partner,True,786.0,13
O-102660,OPP-202660,C-4646,2024-01-13,2023-12-22,2024-01-18,2024-01-13,9243,9,101,CRM Pro,Software,Salesperson_10,North America,Pakistan,City_16,Won,Inbound,True,1027.0,27
O-102661,OPP-202661,C-3713,2023-04-18,2023-03-24,2023-04-19,2023-03-24,11020,20,201,POS Terminal,Hardware,Salesperson_7,Asia,Germany,City_4,Won,Partner,False,551.0,26
O-102662,OPP-202662,C-3258,2023-05-31,2023-05-05,2023-06-16,2023-05-31,2228,2,201,POS Terminal,Hardware,Salesperson_3,Asia,USA,City_7,Won,Outbound,False,1114.0,42
O-102663,OPP-202663,C-4879,2023-01-27,2023-01-05,2023-02-15,2023-01-05,19330,10,201,POS Terminal,Hardware,Salesperson_1,Asia,USA,City_10,Won,Partner,True,1933.0,41
O-102664,OPP-202664,C-3191,2023-01-25,2023-01-04,2023-01-28,2023-01-04,20178,18,103,Sales Booster,Software,Salesperson_5,Asia,India,City_6,Won,Outbound,True,1121.0,24
O-102665,OPP-202665,C-2022,2023-11-25,2023-10-28,2023-12-14,2023-10-28,34488,18,201,POS Terminal,Hardware,Salesperson_1,Europe,Germany,City_2,Won,Inbound,True,1916.0,47
O-102666,OPP-202666,C-2305,2024-08-09,2024-07-11,2024-08-14,2024-07-11,27080,20,201,POS Terminal,Hardware,Salesperson_10,Europe,Pakistan,City_16,Won,Outbound,True,1354.0,34
O-102667,OPP-202667,C-3017,2024-04-19,2024-04-08,2024-05-09,2024-04-08,18524,11,102,Analytics Suite,Software,Salesperson_8,North America,India,City_10,Won,Outbound,False,1684.0,31
O-102668,OPP-202668,C-4925,2023-04-01,2023-03-23,2023-04-07,2023-03-23,10934,14,201,POS Terminal,Hardware,Salesperson_4,Asia,UK,City_10,Won,Inbound,True,781.0,15
O-102669,OPP-202669,C-4685,2024-09-02,2024-08-07,2024-09-04,2024-08-07,4130,14,202,Receipt Printer,Hardware,Salesperson_12,Asia,USA,City_4,Won,Outbound,False,295.0,28
O-102670,OPP-202670,C-2647,2023-10-22,2023-10-03,2023-11-10,2023-10-03,2218,2,102,Analytics Suite,Software,Salesperson_8,Europe,Germany,City_3,Won,Partner,False,1109.0,38
O-102671,OPP-202671,C-1113,2023-09-28,2023-09-15,2023-10-05,2023-09-15,8393,7,103,Sales Booster,Software,Salesperson_4,Europe,UK,City_20,Won,Inbound,True,1199.0,20
O-102672,OPP-202672,C-3546,2024-08-06,2024-07-15,2024-08-12,2024-07-15,19680,20,102,Analytics Suite,Software,Salesperson_11,Asia,Germany,City_2,Won,Partner,False,984.0,28
O-102673,OPP-202673,C-3321,2024-11-02,2024-10-12,2024-11-03,2024-11-02,1297,1,103,Sales Booster,Software,Salesperson_11,Europe,India,City_12,Won,Partner,True,1297.0,22
O-102674,OPP-202674,C-1526,2023-08-23,2023-07-29,2023-09-11,2023-07-29,18785,17,101,CRM Pro,Software,Salesperson_2,North America,USA,City_3,Won,Partner,True,1105.0,44
O-102675,OPP-202675,C-3869,2023-03-31,2023-03-09,2023-04-13,2023-03-09,3210,15,202,Receipt Printer,Hardware,Salesperson_14,Asia,USA,City_9,Won,Inbound,True,214.0,35
O-102676,OPP-202676,C-1560,2024-05-27,2024-04-27,2024-06-14,2024-04-27,8304,6,103,Sales Booster,Software,Salesperson_3,Asia,Pakistan,City_3,Won,Partner,False,1384.0,48
O-102677,OPP-202677,C-1762,2024-04-07,2024-03-31,2024-04-10,2024-04-07,8608,16,102,Analytics Suite,Software,Salesperson_8,Europe,USA,City_11,Won,Partner,False,538.0,10
O-102678,OPP-202678,C-4085,2023-10-05,2023-09-18,2023-10-17,2023-09-18,12400,8,201,POS Terminal,Hardware,Salesperson_13,North America,India,City_7,Won,Partner,True,1550.0,29
O-102679,OPP-202679,C-2155,2024-08-11,2024-07-12,2024-08-20,2024-08-11,14790,10,101,CRM Pro,Software,Salesperson_6,Europe,USA,City_12,Won,Inbound,False,1479.0,39
O-102680,OPP-202680,C-3608,2023-05-30,2023-05-12,2023-06-09,2023-05-12,17171,11,202,Receipt Printer,Hardware,Salesperson_5,North America,Pakistan,City_11,Won,Inbound,True,1561.0,28
O-102681,OPP-202681,C-2775,2023-01-01,2022-12-18,2023-01-19,2022-12-18,1434,2,101,CRM Pro,Software,Salesperson_6,Europe,India,City_4,Won,Inbound,False,717.0,32
O-102682,OPP-202682,C-3184,2023-01-16,2022-12-23,2023-02-01,2023-01-16,10215,15,102,Analytics Suite,Software,Salesperson_13,North America,USA,City_15,Won,Inbound,True,681.0,40
O-102683,OPP-202683,C-2854,2024-07-05,2024-06-14,2024-07-13,2024-06-14,25660,20,201,POS Terminal,Hardware,Salesperson_15,Asia,India,City_2,Won,Partner,False,1283.0,29
O-102684,OPP-202684,C-4280,2024-01-04,2023-12-29,2024-01-08,2023-12-29,5664,4,103,Sales Booster,Software,Salesperson_9,Europe,UK,City_1,Won,Outbound,True,1416.0,10
O-102685,OPP-202685,C-3430,2023-07-18,2023-06-29,2023-07-26,2023-06-29,18732,12,101,CRM Pro,Software,Salesperson_2,Asia,UK,City_3,Won,Outbound,False,1561.0,27
O-102686,OPP-202686,C-2344,2023-11-05,2023-10-10,2023-11-25,2023-10-10,27832,14,102,Analytics Suite,Software,Salesperson_4,Asia,USA,City_1,Won,Partner,False,1988.0,46
O-102687,OPP-202687,C-3817,2024-11-17,2024-10-21,2024-12-06,2024-10-21,27392,16,202,Receipt Printer,Hardware,Salesperson_11,North America,Germany,City_18,Won,Partner,True,1712.0,46
O-102688,OPP-202688,C-1540,2024-03-04,2024-02-23,2024-03-16,2024-02-23,24980,20,201,POS Terminal,Hardware,Salesperson_1,Asia,Pakistan,City_18,Won,Outbound,True,1249.0,22
O-102689,OPP-202689,C-3575,2023-05-01,2023-04-06,2023-05-17,2023-04-06,17136,17,102,Analytics Suite,Software,Salesperson_5,Asia,Germany,City_12,Won,Partner,False,1008.0,41
O-102690,OPP-202690,C-4139,2024-03-19,2024-02-28,2024-03-27,2024-02-28,3608,2,201,POS Terminal,Hardware,Salesperson_14,North America,Pakistan,City_19,Won,Outbound,False,1804.0,28
O-102691,OPP-202691,C-1563,2023-10-06,2023-09-11,2023-10-22,2023-09-11,2048,16,102,Analytics Suite,Software,Salesperson_13,Asia,Pakistan,City_5,Won,Partner,False,128.0,41
O-102692,OPP-202692,C-1125,2024-08-17,2024-07-20,2024-08-30,2024-07-20,16542,9,201,POS Terminal,Hardware,Salesperson_6,Europe,India,City_10,Won,Outbound,False,1838.0,41
O-102693,OPP-202693,C-3266,2024-08-19,2024-08-10,2024-09-02,2024-08-19,3915,3,101,CRM Pro,Software,Salesperson_9,Europe,UK,City_18,Won,Outbound,False,1305.0,23
O-102694,OPP-202694,C-1494,2023-11-09,2023-10-21,2023-11-25,2023-10-21,29610,15,201,POS Terminal,Hardware,Salesperson_7,North America,USA,City_1,Won,Outbound,False,1974.0,35
O-102695,OPP-202695,C-4246,2024-04-10,2024-03-25,2024-04-19,2024-03-25,1246,7,202,Receipt Printer,Hardware,Salesperson_14,Asia,USA,City_3,Won,Partner,True,178.0,25
O-102696,OPP-202696,C-2393,2024-01-14,2023-12-25,2024-02-01,2024-01-14,3524,2,202,Receipt Printer,Hardware,Salesperson_12,Asia,Germany,City_16,Won,Inbound,True,1762.0,38
O-102697,OPP-202697,C-1617,2023-07-20,2023-07-11,2023-08-01,2023-07-11,4858,7,202,Receipt Printer,Hardware,Salesperson_11,Asia,Pakistan,City_14,Won,Partner,False,694.0,21
O-102698,OPP-202698,C-2088,2024-02-13,2024-01-26,2024-02-29,2024-01-26,15736,14,103,Sales Booster,Software,Salesperson_15,Europe,USA,City_20,Won,Partner,False,1124.0,34
O-102699,OPP-202699,C-4819,2023-09-01,2023-08-11,2023-09-03,2023-09-01,3666,13,103,Sales Booster,Software,Salesperson_8,Europe,Germany,City_5,Won,Inbound,False,282.0,23
O-102700,OPP-202700,C-2118,2023-08-04,2023-07-08,2023-08-24,2023-08-04,34920,18,103,Sales Booster,Software,Salesperson_2,Europe,Pakistan,City_9,Won,Partner,False,1940.0,47
O-102701,OPP-202701,C-3784,2023-02-07,2023-01-10,2023-02-08,2023-02-07,3479,7,101,CRM Pro,Software,Salesperson_8,North America,Pakistan,City_16,Won,Partner,True,497.0,29
O-102702,OPP-202702,C-4566,2023-03-31,2023-03-03,2023-04-08,2023-03-31,6505,5,101,CRM Pro,Software,Salesperson_13,Asia,India,City_20,Won,Inbound,True,1301.0,36
O-102703,OPP-202703,C-3178,2023-07-29,2023-07-23,2023-08-17,2023-07-23,8875,5,202,Receipt Printer,Hardware,Salesperson_2,Asia,UK,City_19,Won,Outbound,False,1775.0,25
O-102704,OPP-202704,C-2174,2024-11-16,2024-10-22,2024-12-05,2024-11-16,4986,3,101,CRM Pro,Software,Salesperson_7,Europe,Germany,City_7,Won,Inbound,False,1662.0,44
O-102705,OPP-202705,C-1241,2024-04-30,2024-04-15,2024-05-20,2024-04-15,5054,7,103,Sales Booster,Software,Salesperson_9,Europe,USA,City_17,Won,Outbound,True,722.0,35
O-102706,OPP-202706,C-2973,2024-12-16,2024-11-25,2025-01-04,2024-11-25,9880,8,101,CRM Pro,Software,Salesperson_5,North America,USA,City_12,Won,Partner,True,1235.0,40
O-102707,OPP-202707,C-1091,2024-11-09,2024-10-10,2024-11-13,2024-10-10,1736,4,201,POS Terminal,Hardware,Salesperson_10,Asia,USA,City_4,Won,Outbound,False,434.0,34
O-102708,OPP-202708,C-1112,2024-11-15,2024-10-21,2024-11-22,2024-11-15,9657,9,202,Receipt Printer,Hardware,Salesperson_5,Asia,Germany,City_13,Won,Partner,False,1073.0,32
O-102709,OPP-202709,C-4919,2023-03-18,2023-02-16,2023-04-05,2023-02-16,14985,15,102,Analytics Suite,Software,Salesperson_5,Europe,Germany,City_2,Won,Outbound,True,999.0,48
O-102710,OPP-202710,C-4024,2023-10-11,2023-09-18,2023-10-27,2023-10-11,1015,1,202,Receipt Printer,Hardware,Salesperson_4,North America,Pakistan,City_5,Won,Outbound,True,1015.0,39
O-102711,OPP-202711,C-4791,2023-09-18,2023-09-10,2023-09-27,2023-09-18,2764,4,102,Analytics Suite,Software,Salesperson_5,North America,UK,City_16,Won,Outbound,True,691.0,17
O-102712,OPP-202712,C-1287,2023-09-23,2023-09-01,2023-09-27,2023-09-01,15405,13,201,POS Terminal,Hardware,Salesperson_13,North America,Pakistan,City_15,Won,Inbound,False,1185.0,26
O-102713,OPP-202713,C-3549,2023-07-20,2023-07-12,2023-07-31,2023-07-20,22086,18,101,CRM Pro,Software,Salesperson_4,Asia,India,City_5,Won,Partner,True,1227.0,19
O-102714,OPP-202714,C-4809,2024-05-03,2024-04-12,2024-05-12,2024-04-12,6342,6,103,Sales Booster,Software,Salesperson_3,North America,India,City_9,Won,Partner,True,1057.0,30
O-102715,OPP-202715,C-3008,2024-11-06,2024-10-18,2024-11-22,2024-10-18,14573,13,201,POS Terminal,Hardware,Salesperson_15,North America,Pakistan,City_16,Won,Inbound,True,1121.0,35
O-102716,OPP-202716,C-2968,2023-03-02,2023-02-13,2023-03-13,2023-02-13,8045,5,103,Sales Booster,Software,Salesperson_10,Europe,Germany,City_17,Won,Outbound,False,1609.0,28
O-102717,OPP-202717,C-2126,2024-11-05,2024-10-22,2024-11-12,2024-11-05,1865,1,202,Receipt Printer,Hardware,Salesperson_9,Europe,India,City_18,Won,Outbound,True,1865.0,21
O-102718,OPP-202718,C-4552,2024-11-04,2024-10-19,2024-11-21,2024-10-19,1676,2,103,Sales Booster,Software,Salesperson_13,North America,Germany,City_12,Won,Inbound,False,838.0,33
O-102719,OPP-202719,C-2943,2024-04-10,2024-03-29,2024-04-16,2024-03-29,5700,19,103,Sales Booster,Software,Salesperson_13,Europe,Germany,City_11,Won,Partner,True,300.0,18
O-102720,OPP-202720,C-1808,2024-08-04,2024-07-29,2024-08-22,2024-07-29,1056,2,102,Analytics Suite,Software,Salesperson_15,Asia,UK,City_18,Won,Inbound,False,528.0,24
O-102721,OPP-202721,C-3699,2024-08-27,2024-08-07,2024-08-31,2024-08-27,11802,7,102,Analytics Suite,Software,Salesperson_6,Asia,UK,City_11,Won,Inbound,False,1686.0,24
O-102722,OPP-202722,C-2824,2024-05-22,2024-04-24,2024-05-30,2024-04-24,2276,2,103,Sales Booster,Software,Salesperson_15,North America,UK,City_17,Won,Inbound,True,1138.0,36
O-102723,OPP-202723,C-1850,2024-03-02,2024-02-15,2024-03-06,2024-02-15,16203,11,102,Analytics Suite,Software,Salesperson_5,Europe,India,City_10,Won,Partner,True,1473.0,20
O-102724,OPP-202724,C-1693,2023-04-03,2023-03-05,2023-04-18,2023-04-03,20387,19,202,Receipt Printer,Hardware,Salesperson_15,Europe,India,City_3,Won,Outbound,False,1073.0,44
O-102725,OPP-202725,C-3343,2024-05-13,2024-04-13,2024-05-14,2024-04-13,2538,9,101,CRM Pro,Software,Salesperson_12,Europe,UK,City_14,Won,Outbound,True,282.0,31
O-102726,OPP-202726,C-3718,2023-06-22,2023-06-05,2023-06-28,2023-06-05,1502,2,101,CRM Pro,Software,Salesperson_4,Europe,USA,City_19,Won,Outbound,False,751.0,23
O-102727,OPP-202727,C-2103,2024-09-15,2024-08-31,2024-09-24,2024-09-15,8211,17,102,Analytics Suite,Software,Salesperson_1,North America,USA,City_5,Won,Outbound,True,483.0,24
O-102728,OPP-202728,C-3200,2023-11-21,2023-11-08,2023-11-28,2023-11-08,26980,19,202,Receipt Printer,Hardware,Salesperson_12,Asia,Pakistan,City_3,Won,Outbound,True,1420.0,20
O-102729,OPP-202729,C-1237,2023-03-27,2023-03-18,2023-04-09,2023-03-27,6176,4,101,CRM Pro,Software,Salesperson_11,Europe,Pakistan,City_1,Won,Outbound,True,1544.0,22
O-102730,OPP-202730,C-4853,2023-06-18,2023-05-28,2023-06-21,2023-06-18,1826,2,102,Analytics Suite,Software,Salesperson_10,Asia,India,City_20,Won,Inbound,True,913.0,24
O-102731,OPP-202731,C-2860,2024-05-04,2024-04-27,2024-05-10,2024-05-04,8648,8,101,CRM Pro,Software,Salesperson_13,Asia,India,City_17,Won,Partner,True,1081.0,13
O-102732,OPP-202732,C-4371,2024-06-28,2024-06-15,2024-07-15,2024-06-15,2420,20,102,Analytics Suite,Software,Salesperson_7,North America,Pakistan,City_14,Won,Inbound,True,121.0,30
O-102733,OPP-202733,C-4134,2023-12-28,2023-12-10,2024-01-13,2023-12-10,3942,9,103,Sales Booster,Software,Salesperson_3,North America,India,City_1,Won,Outbound,True,438.0,34
O-102734,OPP-202734,C-1758,2024-12-02,2024-11-12,2024-12-13,2024-11-12,18265,13,201,POS Terminal,Hardware,Salesperson_2,North America,India,City_5,Won,Partner,False,1405.0,31
O-102735,OPP-202735,C-2176,2023-04-27,2023-04-17,2023-05-11,2023-04-17,4689,9,202,Receipt Printer,Hardware,Salesperson_1,North America,India,City_6,Won,Inbound,False,521.0,24
O-102736,OPP-202736,C-2270,2023-09-02,2023-08-09,2023-09-20,2023-09-02,26604,18,201,POS Terminal,Hardware,Salesperson_1,Asia,USA,City_13,Won,Partner,False,1478.0,42
O-102737,OPP-202737,C-1543,2024-09-03,2024-08-28,2024-09-14,2024-08-28,3894,11,102,Analytics Suite,Software,Salesperson_8,Asia,India,City_18,Won,Partner,False,354.0,17
O-102738,OPP-202738,C-4208,2024-02-24,2024-01-28,2024-03-11,2024-02-24,1465,5,201,POS Terminal,Hardware,Salesperson_15,Asia,Pakistan,City_1,Won,Inbound,False,293.0,43
O-102739,OPP-202739,C-4125,2023-12-25,2023-12-08,2024-01-12,2023-12-08,20978,17,202,Receipt Printer,Hardware,Salesperson_13,North America,USA,City_9,Won,Partner,True,1234.0,35
O-102740,OPP-202740,C-1199,2023-12-19,2023-12-07,2024-01-04,2023-12-07,450,3,102,Analytics Suite,Software,Salesperson_6,North America,UK,City_2,Won,Partner,False,150.0,28
O-102741,OPP-202741,C-3512,2024-10-29,2024-10-05,2024-11-02,2024-10-29,21742,14,201,POS Terminal,Hardware,Salesperson_4,Europe,UK,City_18,Won,Outbound,False,1553.0,28
O-102742,OPP-202742,C-3624,2024-07-01,2024-06-18,2024-07-08,2024-06-18,3184,8,201,POS Terminal,Hardware,Salesperson_4,Europe,India,City_7,Won,Inbound,True,398.0,20
O-102743,OPP-202743,C-4660,2024-10-20,2024-10-01,2024-11-06,2024-10-01,6069,17,103,Sales Booster,Software,Salesperson_5,Asia,India,City_8,Won,Outbound,True,357.0,36
O-102744,OPP-202744,C-1294,2023-04-21,2023-03-28,2023-05-01,2023-04-21,1210,2,102,Analytics Suite,Software,Salesperson_9,North America,UK,City_14,Won,Inbound,True,605.0,34
O-102745,OPP-202745,C-4327,2023-12-16,2023-12-03,2023-12-20,2023-12-03,2696,8,202,Receipt Printer,Hardware,Salesperson_13,Asia,India,City_8,Won,Inbound,True,337.0,17
O-102746,OPP-202746,C-2950,2024-05-07,2024-04-27,2024-05-21,2024-05-07,3744,12,202,Receipt Printer,Hardware,Salesperson_4,Europe,USA,City_8,Won,Partner,False,312.0,24
O-102747,OPP-202747,C-4170,2024-12-13,2024-12-03,2024-12-24,2024-12-03,2624,16,101,CRM Pro,Software,Salesperson_7,North America,UK,City_4,Won,Partner,False,164.0,21
O-102748,OPP-202748,C-3240,2023-04-27,2023-04-01,2023-05-17,2023-04-01,708,4,101,CRM Pro,Software,Salesperson_8,Europe,UK,City_18,Won,Partner,False,177.0,46
O-102749,OPP-202749,C-2894,2024-12-03,2024-11-13,2024-12-19,2024-11-13,7560,7,101,CRM Pro,Software,Salesperson_12,Europe,Germany,City_7,Won,Outbound,True,1080.0,36
O-102750,OPP-202750,C-3411,2024-05-05,2024-04-28,2024-05-09,2024-04-28,5940,4,202,Receipt Printer,Hardware,Salesperson_4,Europe,USA,City_8,Won,Inbound,False,1485.0,11
O-102751,OPP-202751,C-2695,2024-08-28,2024-08-22,2024-09-04,2024-08-22,4465,5,103,Sales Booster,Software,Salesperson_3,North America,India,City_19,Won,Outbound,False,893.0,13
O-102752,OPP-202752,C-4538,2024-09-10,2024-08-22,2024-09-28,2024-09-10,3145,5,103,Sales Booster,Software,Salesperson_4,North America,Pakistan,City_8,Won,Partner,False,629.0,37
O-102753,OPP-202753,C-1768,2024-07-22,2024-06-27,2024-07-31,2024-06-27,2856,7,103,Sales Booster,Software,Salesperson_1,North America,Germany,City_15,Won,Inbound,True,408.0,34
O-102754,OPP-202754,C-4212,2024-04-03,2024-03-26,2024-04-08,2024-03-26,17163,9,202,Receipt Printer,Hardware,Salesperson_13,Europe,UK,City_13,Won,Outbound,False,1907.0,13
O-102755,OPP-202755,C-1251,2024-05-05,2024-04-25,2024-05-21,2024-04-25,1782,2,202,Receipt Printer,Hardware,Salesperson_9,Asia,USA,City_12,Won,Partner,False,891.0,26
O-102756,OPP-202756,C-2062,2023-02-07,2023-01-31,2023-02-10,2023-02-07,4560,5,201,POS Terminal,Hardware,Salesperson_11,Europe,Germany,City_4,Won,Inbound,False,912.0,10
O-102757,OPP-202757,C-1108,2023-09-24,2023-08-27,2023-10-14,2023-09-24,36900,20,102,Analytics Suite,Software,Salesperson_11,Asia,India,City_7,Won,Outbound,True,1845.0,48
O-102758,OPP-202758,C-1309,2023-05-30,2023-05-21,2023-06-19,2023-05-21,6482,7,103,Sales Booster,Software,Salesperson_8,Europe,USA,City_16,Won,Outbound,True,926.0,29
O-102759,OPP-202759,C-4389,2023-11-11,2023-11-05,2023-11-21,2023-11-05,1486,1,201,POS Terminal,Hardware,Salesperson_3,Asia,UK,City_6,Won,Outbound,False,1486.0,16
O-102760,OPP-202760,C-2958,2023-12-03,2023-11-22,2023-12-08,2023-11-22,2862,2,202,Receipt Printer,Hardware,Salesperson_15,North America,India,City_17,Won,Outbound,True,1431.0,16
O-102761,OPP-202761,C-2013,2024-12-10,2024-11-26,2024-12-18,2024-12-10,26220,20,103,Sales Booster,Software,Salesperson_2,Europe,USA,City_14,Won,Inbound,False,1311.0,22
O-102762,OPP-202762,C-2021,2024-06-08,2024-05-23,2024-06-14,2024-05-23,34640,20,102,Analytics Suite,Software,Salesperson_1,Europe,Pakistan,City_2,Won,Partner,True,1732.0,22
O-102763,OPP-202763,C-3206,2024-04-15,2024-03-18,2024-04-18,2024-03-18,14240,20,101,CRM Pro,Software,Salesperson_11,North America,UK,City_18,Won,Outbound,True,712.0,31
O-102764,OPP-202764,C-4554,2024-05-28,2024-05-18,2024-06-06,2024-05-28,1345,5,103,Sales Booster,Software,Salesperson_5,Asia,Germany,City_10,Won,Partner,False,269.0,19
O-102765,OPP-202765,C-4118,2024-02-12,2024-01-21,2024-03-03,2024-02-12,6606,18,202,Receipt Printer,Hardware,Salesperson_8,Europe,Germany,City_8,Won,Inbound,False,367.0,42
O-102766,OPP-202766,C-2595,2023-02-27,2023-01-31,2023-03-10,2023-01-31,10440,10,101,CRM Pro,Software,Salesperson_15,North America,USA,City_4,Won,Inbound,False,1044.0,38
O-102767,OPP-202767,C-1845,2024-02-21,2024-01-30,2024-02-27,2024-01-30,4576,11,103,Sales Booster,Software,Salesperson_1,Asia,India,City_6,Won,Inbound,False,416.0,28
O-102768,OPP-202768,C-4503,2024-02-20,2024-02-05,2024-03-11,2024-02-05,18792,18,102,Analytics Suite,Software,Salesperson_8,Asia,Pakistan,City_1,Won,Inbound,False,1044.0,35
O-102769,OPP-202769,C-3905,2023-08-22,2023-08-03,2023-08-25,2023-08-03,870,1,103,Sales Booster,Software,Salesperson_2,Asia,Germany,City_5,Won,Outbound,True,870.0,22
O-102770,OPP-202770,C-2561,2023-01-25,2023-01-14,2023-02-03,2023-01-14,5444,4,202,Receipt Printer,Hardware,Salesperson_1,North America,Pakistan,City_5,Won,Outbound,True,1361.0,20
O-102771,OPP-202771,C-3991,2024-01-17,2023-12-29,2024-02-01,2023-12-29,10716,19,102,Analytics Suite,Software,Salesperson_7,Asia,USA,City_5,Won,Partner,True,564.0,34
O-102772,OPP-202772,C-2672,2024-03-23,2024-03-05,2024-03-29,2024-03-05,30438,19,102,Analytics Suite,Software,Salesperson_10,North America,UK,City_11,Won,Inbound,True,1602.0,24
O-102773,OPP-202773,C-4530,2023-09-14,2023-09-08,2023-10-04,2023-09-14,1730,1,201,POS Terminal,Hardware,Salesperson_12,Asia,Pakistan,City_5,Won,Inbound,False,1730.0,26
O-102774,OPP-202774,C-3180,2024-10-22,2024-10-14,2024-11-02,2024-10-14,17766,14,103,Sales Booster,Software,Salesperson_11,North America,USA,City_18,Won,Outbound,True,1269.0,19
O-102775,OPP-202775,C-4681,2023-04-19,2023-03-29,2023-04-22,2023-04-19,1612,4,103,Sales Booster,Software,Salesperson_11,Europe,India,City_19,Won,Outbound,False,403.0,24
O-102776,OPP-202776,C-4937,2024-06-25,2024-06-02,2024-07-09,2024-06-02,814,1,102,Analytics Suite,Software,Salesperson_3,North America,Pakistan,City_16,Won,Inbound,False,814.0,37
O-102777,OPP-202777,C-4512,2023-04-20,2023-04-10,2023-05-04,2023-04-10,11888,16,201,POS Terminal,Hardware,Salesperson_6,North America,Germany,City_13,Won,Partner,True,743.0,24
O-102778,OPP-202778,C-4497,2023-09-23,2023-09-11,2023-09-26,2023-09-23,5568,12,101,CRM Pro,Software,Salesperson_7,North America,UK,City_3,Won,Partner,False,464.0,15
O-102779,OPP-202779,C-4290,2023-05-08,2023-04-29,2023-05-12,2023-04-29,10320,12,102,Analytics Suite,Software,Salesperson_10,Asia,UK,City_17,Won,Outbound,True,860.0,13
O-102780,OPP-202780,C-4361,2024-01-07,2023-12-13,2024-01-21,2023-12-13,1413,1,103,Sales Booster,Software,Salesperson_2,North America,USA,City_10,Won,Partner,False,1413.0,39
O-102781,OPP-202781,C-4113,2023-07-07,2023-06-28,2023-07-25,2023-06-28,2336,4,201,POS Terminal,Hardware,Salesperson_8,Asia,India,City_2,Won,Partner,False,584.0,27
O-102782,OPP-202782,C-3484,2023-07-20,2023-07-02,2023-07-28,2023-07-02,3815,7,103,Sales Booster,Software,Salesperson_8,Europe,Germany,City_5,Won,Partner,True,545.0,26
O-102783,OPP-202783,C-1414,2023-03-07,2023-02-11,2023-03-21,2023-02-11,1284,6,102,Analytics Suite,Software,Salesperson_8,Europe,UK,City_17,Won,Partner,True,214.0,38
O-102784,OPP-202784,C-3504,2024-07-17,2024-07-02,2024-08-02,2024-07-02,10872,18,102,Analytics Suite,Software,Salesperson_15,Asia,Pakistan,City_10,Won,Partner,True,604.0,31
O-102785,OPP-202785,C-4156,2023-08-03,2023-07-17,2023-08-21,2023-08-03,19896,12,103,Sales Booster,Software,Salesperson_9,North America,USA,City_19,Won,Partner,True,1658.0,35
O-102786,OPP-202786,C-3022,2024-04-19,2024-03-25,2024-04-29,2024-03-25,16184,14,102,Analytics Suite,Software,Salesperson_6,Asia,UK,City_10,Won,Inbound,False,1156.0,35
O-102787,OPP-202787,C-2445,2024-02-02,2024-01-03,2024-02-14,2024-01-03,8224,16,103,Sales Booster,Software,Salesperson_5,North America,UK,City_18,Won,Partner,True,514.0,42
O-102788,OPP-202788,C-3302,2023-12-18,2023-11-29,2023-12-19,2023-12-18,6454,14,202,Receipt Printer,Hardware,Salesperson_3,Europe,Pakistan,City_5,Won,Inbound,False,461.0,20
O-102789,OPP-202789,C-2067,2023-07-06,2023-06-18,2023-07-18,2023-06-18,765,5,201,POS Terminal,Hardware,Salesperson_1,North America,USA,City_3,Won,Inbound,False,153.0,30
O-102790,OPP-202790,C-4705,2023-08-22,2023-08-15,2023-08-27,2023-08-22,8664,8,102,Analytics Suite,Software,Salesperson_14,North America,Pakistan,City_17,Won,Outbound,True,1083.0,12
O-102791,OPP-202791,C-1478,2023-05-13,2023-04-19,2023-05-21,2023-04-19,13211,11,101,CRM Pro,Software,Salesperson_5,North America,Pakistan,City_7,Won,Partner,True,1201.0,32
O-102792,OPP-202792,C-4251,2024-01-29,2024-01-10,2024-02-02,2024-01-29,7872,4,102,Analytics Suite,Software,Salesperson_12,Asia,USA,City_13,Won,Partner,True,1968.0,23
O-102793,OPP-202793,C-3562,2023-11-30,2023-11-08,2023-12-20,2023-11-08,3240,12,102,Analytics Suite,Software,Salesperson_3,Europe,UK,City_14,Won,Partner,True,270.0,42
O-102794,OPP-202794,C-4322,2023-02-12,2023-02-03,2023-02-14,2023-02-12,2034,3,201,POS Terminal,Hardware,Salesperson_3,Europe,UK,City_18,Won,Outbound,False,678.0,11
O-102795,OPP-202795,C-1111,2023-03-07,2023-02-26,2023-03-27,2023-02-26,21860,20,102,Analytics Suite,Software,Salesperson_6,Asia,Germany,City_2,Won,Partner,True,1093.0,29
O-102796,OPP-202796,C-4810,2024-11-18,2024-10-28,2024-11-19,2024-10-28,6704,4,102,Analytics Suite,Software,Salesperson_10,Asia,Germany,City_1,Won,Partner,False,1676.0,22
O-102797,OPP-202797,C-4679,2023-11-17,2023-11-05,2023-11-27,2023-11-05,9162,9,102,Analytics Suite,Software,Salesperson_7,Europe,Germany,City_7,Won,Partner,False,1018.0,22
O-102798,OPP-202798,C-1674,2023-10-13,2023-10-06,2023-10-26,2023-10-06,10528,14,201,POS Terminal,Hardware,Salesperson_6,North America,UK,City_4,Won,Partner,False,752.0,20
O-102799,OPP-202799,C-4550,2023-11-17,2023-11-10,2023-11-29,2023-11-17,23568,12,103,Sales Booster,Software,Salesperson_10,North America,India,City_10,Won,Outbound,True,1964.0,19
O-102800,OPP-202800,C-3240,2024-09-11,2024-08-12,2024-09-30,2024-08-12,332,1,102,Analytics Suite,Software,Salesperson_2,Europe,UK,City_7,Won,Partner,False,332.0,49
O-102801,OPP-202801,C-1299,2024-06-14,2024-06-02,2024-06-27,2024-06-02,7516,4,201,POS Terminal,Hardware,Salesperson_5,Europe,Pakistan,City_17,Won,Outbound,True,1879.0,25
O-102802,OPP-202802,C-4840,2024-10-10,2024-09-21,2024-10-20,2024-09-21,15360,16,201,POS Terminal,Hardware,Salesperson_3,Asia,India,City_7,Won,Inbound,True,960.0,29
O-102803,OPP-202803,C-1892,2023-09-18,2023-09-08,2023-09-26,2023-09-08,2650,5,202,Receipt Printer,Hardware,Salesperson_6,Asia,Pakistan,City_11,Won,Inbound,True,530.0,18
O-102804,OPP-202804,C-2625,2024-04-27,2024-04-14,2024-05-09,2024-04-27,8130,15,202,Receipt Printer,Hardware,Salesperson_15,Asia,Germany,City_5,Won,Partner,False,542.0,25
O-102805,OPP-202805,C-2357,2023-10-21,2023-09-29,2023-10-23,2023-10-21,22344,12,101,CRM Pro,Software,Salesperson_3,Europe,USA,City_6,Won,Outbound,True,1862.0,24
O-102806,OPP-202806,C-1938,2023-01-14,2022-12-19,2023-01-31,2022-12-19,2191,7,102,Analytics Suite,Software,Salesperson_6,Europe,Germany,City_8,Won,Inbound,False,313.0,43
O-102807,OPP-202807,C-4261,2024-01-18,2024-01-12,2024-02-02,2024-01-12,3504,6,102,Analytics Suite,Software,Salesperson_14,North America,Germany,City_1,Won,Inbound,False,584.0,21
O-102808,OPP-202808,C-1754,2024-03-17,2024-03-09,2024-03-27,2024-03-17,10598,7,201,POS Terminal,Hardware,Salesperson_15,Asia,USA,City_1,Won,Inbound,True,1514.0,18
O-102809,OPP-202809,C-4067,2023-10-21,2023-10-14,2023-10-28,2023-10-14,6264,4,102,Analytics Suite,Software,Salesperson_8,North America,Pakistan,City_4,Won,Outbound,False,1566.0,14
O-102810,OPP-202810,C-2126,2024-09-02,2024-08-14,2024-09-09,2024-08-14,26110,14,103,Sales Booster,Software,Salesperson_10,Asia,Pakistan,City_6,Won,Partner,True,1865.0,26
O-102811,OPP-202811,C-3504,2024-04-02,2024-03-25,2024-04-06,2024-03-25,1122,2,202,Receipt Printer,Hardware,Salesperson_5,Europe,Pakistan,City_5,Won,Partner,True,561.0,12
O-102812,OPP-202812,C-4348,2023-10-17,2023-09-20,2023-10-30,2023-09-20,10751,13,102,Analytics Suite,Software,Salesperson_2,Asia,Pakistan,City_10,Won,Inbound,False,827.0,40
O-102813,OPP-202813,C-3063,2023-08-19,2023-08-01,2023-09-06,2023-08-01,2396,2,201,POS Terminal,Hardware,Salesperson_4,Asia,Pakistan,City_19,Won,Partner,False,1198.0,36
O-102814,OPP-202814,C-2828,2023-02-22,2023-01-31,2023-02-28,2023-02-22,932,4,202,Receipt Printer,Hardware,Salesperson_6,Europe,India,City_12,Won,Outbound,False,233.0,28
O-102815,OPP-202815,C-4003,2023-10-12,2023-09-21,2023-10-19,2023-09-21,29580,20,201,POS Terminal,Hardware,Salesperson_7,Asia,UK,City_13,Won,Outbound,False,1479.0,28
O-102816,OPP-202816,C-2367,2023-06-14,2023-06-07,2023-06-19,2023-06-07,30580,20,101,CRM Pro,Software,Salesperson_12,Europe,UK,City_18,Won,Inbound,True,1529.0,12
O-102817,OPP-202817,C-4567,2023-02-28,2023-02-10,2023-03-15,2023-02-28,2511,3,103,Sales Booster,Software,Salesperson_14,Asia,USA,City_11,Won,Inbound,True,837.0,33
O-102818,OPP-202818,C-3937,2023-10-15,2023-09-19,2023-10-26,2023-09-19,15984,12,202,Receipt Printer,Hardware,Salesperson_9,Asia,Pakistan,City_13,Won,Outbound,False,1332.0,37
O-102819,OPP-202819,C-2802,2023-01-02,2022-12-26,2023-01-11,2023-01-02,12820,10,103,Sales Booster,Software,Salesperson_10,Europe,Pakistan,City_14,Won,Outbound,False,1282.0,16
O-102820,OPP-202820,C-1589,2023-09-29,2023-09-05,2023-10-08,2023-09-05,16181,11,202,Receipt Printer,Hardware,Salesperson_9,Europe,USA,City_3,Won,Partner,False,1471.0,33
O-102821,OPP-202821,C-1015,2024-08-22,2024-07-30,2024-08-31,2024-08-22,5334,7,201,POS Terminal,Hardware,Salesperson_5,Asia,India,City_19,Won,Partner,False,762.0,32
O-102822,OPP-202822,C-4424,2024-02-25,2024-02-11,2024-02-27,2024-02-25,8730,9,103,Sales Booster,Software,Salesperson_9,Europe,India,City_3,Won,Partner,False,970.0,16
O-102823,OPP-202823,C-2478,2024-06-09,2024-05-15,2024-06-27,2024-05-15,693,3,102,Analytics Suite,Software,Salesperson_2,North America,India,City_19,Won,Partner,False,231.0,43
O-102824,OPP-202824,C-3655,2023-01-21,2022-12-31,2023-01-29,2023-01-21,5811,3,202,Receipt Printer,Hardware,Salesperson_10,Asia,Germany,City_16,Won,Outbound,False,1937.0,29
O-102825,OPP-202825,C-1370,2023-09-02,2023-08-26,2023-09-20,2023-08-26,9560,8,201,POS Terminal,Hardware,Salesperson_10,Asia,India,City_12,Won,Inbound,True,1195.0,25
O-102826,OPP-202826,C-1889,2023-10-21,2023-10-14,2023-10-28,2023-10-21,18993,13,102,Analytics Suite,Software,Salesperson_6,Europe,USA,City_8,Won,Outbound,True,1461.0,14
O-102827,OPP-202827,C-2934,2024-01-08,2023-12-16,2024-01-10,2024-01-08,19552,13,103,Sales Booster,Software,Salesperson_9,Europe,India,City_15,Won,Partner,False,1504.0,25
O-102828,OPP-202828,C-4350,2023-04-03,2023-03-25,2023-04-13,2023-04-03,1584,8,202,Receipt Printer,Hardware,Salesperson_1,North America,Pakistan,City_9,Won,Inbound,False,198.0,19
O-102829,OPP-202829,C-2317,2023-07-18,2023-07-13,2023-08-02,2023-07-13,31620,20,201,POS Terminal,Hardware,Salesperson_5,Asia,USA,City_12,Won,Inbound,False,1581.0,20
O-102830,OPP-202830,C-1562,2023-06-10,2023-05-16,2023-06-27,2023-06-10,804,4,202,Receipt Printer,Hardware,Salesperson_11,North America,UK,City_5,Won,Outbound,True,201.0,42
O-102831,OPP-202831,C-3106,2024-01-07,2023-12-17,2024-01-24,2023-12-17,1964,4,101,CRM Pro,Software,Salesperson_4,North America,UK,City_10,Won,Inbound,True,491.0,38
O-102832,OPP-202832,C-4351,2023-09-05,2023-08-20,2023-09-24,2023-09-05,11942,7,102,Analytics Suite,Software,Salesperson_2,North America,India,City_13,Won,Outbound,True,1706.0,35
O-102833,OPP-202833,C-1785,2024-09-28,2024-09-09,2024-10-11,2024-09-28,37943,19,202,Receipt Printer,Hardware,Salesperson_10,Asia,Pakistan,City_8,Won,Partner,True,1997.0,32
O-102834,OPP-202834,C-4961,2024-07-14,2024-06-25,2024-07-30,2024-07-14,18720,15,201,POS Terminal,Hardware,Salesperson_2,Asia,USA,City_11,Won,Partner,True,1248.0,35
O-102835,OPP-202835,C-1816,2023-10-26,2023-10-10,2023-10-27,2023-10-26,18720,10,103,Sales Booster,Software,Salesperson_9,North America,UK,City_6,Won,Inbound,False,1872.0,17
O-102836,OPP-202836,C-3304,2023-06-26,2023-06-09,2023-07-15,2023-06-26,2780,20,101,CRM Pro,Software,Salesperson_10,Asia,India,City_5,Won,Outbound,False,139.0,36
O-102837,OPP-202837,C-3996,2024-08-22,2024-08-05,2024-08-30,2024-08-05,3710,14,201,POS Terminal,Hardware,Salesperson_3,Asia,Germany,City_18,Won,Outbound,False,265.0,25
O-102838,OPP-202838,C-4691,2023-04-21,2023-04-11,2023-04-23,2023-04-11,16815,15,102,Analytics Suite,Software,Salesperson_11,Europe,USA,City_20,Won,Partner,False,1121.0,12
O-102839,OPP-202839,C-2229,2024-10-12,2024-09-26,2024-10-28,2024-09-26,19635,15,101,CRM Pro,Software,Salesperson_3,Asia,Pakistan,City_13,Won,Partner,True,1309.0,32
O-102840,OPP-202840,C-3431,2023-07-31,2023-07-11,2023-08-02,2023-07-11,26432,14,101,CRM Pro,Software,Salesperson_2,Asia,USA,City_15,Won,Outbound,False,1888.0,22
O-102841,OPP-202841,C-2913,2023-08-30,2023-08-09,2023-09-13,2023-08-09,16393,13,102,Analytics Suite,Software,Salesperson_13,Europe,India,City_13,Won,Outbound,True,1261.0,35
O-102842,OPP-202842,C-2892,2024-10-10,2024-09-20,2024-10-24,2024-09-20,7328,8,103,Sales Booster,Software,Salesperson_12,Europe,Germany,City_10,Won,Outbound,True,916.0,34
O-102843,OPP-202843,C-3632,2024-01-15,2023-12-16,2024-01-25,2023-12-16,15669,9,103,Sales Booster,Software,Salesperson_8,North America,UK,City_6,Won,Outbound,False,1741.0,40
O-102844,OPP-202844,C-2680,2024-03-20,2024-02-19,2024-03-31,2024-03-20,7425,11,202,Receipt Printer,Hardware,Salesperson_9,Asia,Germany,City_16,Won,Partner,False,675.0,41
O-102845,OPP-202845,C-1828,2023-08-07,2023-07-24,2023-08-17,2023-08-07,660,3,201,POS Terminal,Hardware,Salesperson_13,Europe,UK,City_13,Won,Partner,False,220.0,24
O-102846,OPP-202846,C-1159,2023-06-16,2023-05-17,2023-06-29,2023-05-17,346,1,201,POS Terminal,Hardware,Salesperson_13,North America,Pakistan,City_16,Won,Inbound,False,346.0,43
O-102847,OPP-202847,C-4439,2024-11-13,2024-10-27,2024-12-02,2024-10-27,7871,17,103,Sales Booster,Software,Salesperson_6,Asia,UK,City_5,Won,Inbound,False,463.0,36
O-102848,OPP-202848,C-3733,2024-02-06,2024-01-30,2024-02-24,2024-01-30,6328,7,103,Sales Booster,Software,Salesperson_14,Europe,Pakistan,City_7,Won,Outbound,False,904.0,25
O-102849,OPP-202849,C-4452,2023-08-01,2023-07-16,2023-08-06,2023-08-01,752,2,101,CRM Pro,Software,Salesperson_11,Asia,Pakistan,City_10,Won,Partner,False,376.0,21
O-102850,OPP-202850,C-1101,2024-11-15,2024-10-18,2024-11-25,2024-11-15,7029,11,201,POS Terminal,Hardware,Salesperson_13,Asia,Germany,City_20,Won,Partner,False,639.0,38
O-102851,OPP-202851,C-1656,2023-04-28,2023-04-13,2023-05-17,2023-04-13,2835,5,201,POS Terminal,Hardware,Salesperson_9,Europe,Pakistan,City_8,Won,Partner,True,567.0,34
O-102852,OPP-202852,C-3996,2024-05-15,2024-04-18,2024-05-30,2024-04-18,5094,3,202,Receipt Printer,Hardware,Salesperson_14,Europe,Germany,City_5,Won,Partner,True,1698.0,42
O-102853,OPP-202853,C-1668,2024-01-15,2023-12-17,2024-01-25,2024-01-15,2236,4,103,Sales Booster,Software,Salesperson_10,North America,Pakistan,City_3,Won,Outbound,False,559.0,39
O-102854,OPP-202854,C-4556,2024-10-07,2024-09-20,2024-10-13,2024-09-20,5382,3,103,Sales Booster,Software,Salesperson_8,Asia,Germany,City_6,Won,Partner,True,1794.0,23
O-102855,OPP-202855,C-3889,2023-04-30,2023-04-20,2023-05-14,2023-04-30,8145,5,102,Analytics Suite,Software,Salesperson_11,Europe,UK,City_9,Won,Outbound,True,1629.0,24
O-102856,OPP-202856,C-3380,2023-05-15,2023-04-16,2023-05-16,2023-04-16,24300,18,102,Analytics Suite,Software,Salesperson_15,Europe,USA,City_6,Won,Partner,True,1350.0,30
O-102857,OPP-202857,C-1176,2024-05-15,2024-05-10,2024-05-27,2024-05-10,16056,12,103,Sales Booster,Software,Salesperson_2,Asia,India,City_14,Won,Outbound,False,1338.0,17
O-102858,OPP-202858,C-3484,2024-12-29,2024-12-08,2025-01-11,2024-12-29,10416,7,102,Analytics Suite,Software,Salesperson_7,Europe,USA,City_6,Won,Outbound,False,1488.0,34
O-102859,OPP-202859,C-1544,2023-05-20,2023-05-03,2023-05-27,2023-05-03,1890,5,201,POS Terminal,Hardware,Salesperson_11,North America,USA,City_7,Won,Outbound,True,378.0,24
O-102860,OPP-202860,C-3415,2023-07-06,2023-06-11,2023-07-21,2023-06-11,16848,9,101,CRM Pro,Software,Salesperson_1,North America,USA,City_3,Won,Outbound,True,1872.0,40
O-102861,OPP-202861,C-4990,2024-03-28,2024-03-02,2024-04-13,2024-03-02,16146,18,103,Sales Booster,Software,Salesperson_6,North America,India,City_14,Won,Inbound,True,897.0,42
O-102862,OPP-202862,C-3322,2023-10-08,2023-09-09,2023-10-26,2023-09-09,16803,9,202,Receipt Printer,Hardware,Salesperson_9,Europe,UK,City_15,Won,Inbound,True,1867.0,47
O-102863,OPP-202863,C-1373,2024-07-24,2024-07-08,2024-08-10,2024-07-24,6618,6,201,POS Terminal,Hardware,Salesperson_8,North America,India,City_11,Won,Outbound,True,1103.0,33
O-102864,OPP-202864,C-4826,2023-08-27,2023-08-04,2023-08-30,2023-08-04,1854,18,102,Analytics Suite,Software,Salesperson_7,Asia,USA,City_19,Won,Partner,False,103.0,26
O-102865,OPP-202865,C-3078,2024-08-09,2024-08-03,2024-08-15,2024-08-03,1640,5,102,Analytics Suite,Software,Salesperson_3,Asia,Pakistan,City_12,Won,Inbound,False,328.0,12
O-102866,OPP-202866,C-2745,2023-09-14,2023-08-31,2023-09-22,2023-08-31,6900,10,103,Sales Booster,Software,Salesperson_13,Asia,Germany,City_14,Won,Inbound,True,690.0,22
O-102867,OPP-202867,C-1998,2024-05-19,2024-05-04,2024-05-23,2024-05-04,12190,10,102,Analytics Suite,Software,Salesperson_8,Asia,USA,City_12,Won,Outbound,False,1219.0,19
O-102868,OPP-202868,C-1521,2023-11-01,2023-10-07,2023-11-13,2023-10-07,9530,5,101,CRM Pro,Software,Salesperson_15,Asia,UK,City_17,Won,Partner,True,1906.0,37
O-102869,OPP-202869,C-1675,2024-02-29,2024-02-18,2024-03-05,2024-02-29,3384,4,103,Sales Booster,Software,Salesperson_7,North America,Pakistan,City_9,Won,Outbound,False,846.0,16
O-102870,OPP-202870,C-3779,2023-01-23,2023-01-13,2023-01-31,2023-01-13,21626,11,102,Analytics Suite,Software,Salesperson_11,Europe,USA,City_10,Won,Inbound,False,1966.0,18
O-102871,OPP-202871,C-1716,2024-01-21,2023-12-23,2024-02-04,2023-12-23,1737,3,201,POS Terminal,Hardware,Salesperson_5,Asia,Pakistan,City_8,Won,Inbound,False,579.0,43
O-102872,OPP-202872,C-3849,2023-03-06,2023-02-17,2023-03-19,2023-02-17,1293,3,101,CRM Pro,Software,Salesperson_1,Asia,India,City_8,Won,Inbound,True,431.0,30
O-102873,OPP-202873,C-4547,2023-03-16,2023-03-02,2023-03-17,2023-03-16,10728,12,102,Analytics Suite,Software,Salesperson_9,Europe,India,City_9,Won,Inbound,False,894.0,15
O-102874,OPP-202874,C-1498,2024-03-24,2024-03-09,2024-04-02,2024-03-09,6695,13,101,CRM Pro,Software,Salesperson_3,Asia,India,City_5,Won,Partner,False,515.0,24
O-102875,OPP-202875,C-2248,2024-09-30,2024-09-04,2024-10-18,2024-09-04,10665,9,103,Sales Booster,Software,Salesperson_1,North America,USA,City_11,Won,Outbound,False,1185.0,44
O-102876,OPP-202876,C-4789,2023-05-12,2023-05-02,2023-05-25,2023-05-12,1920,4,102,Analytics Suite,Software,Salesperson_11,Europe,Pakistan,City_16,Won,Outbound,True,480.0,23
O-102877,OPP-202877,C-2846,2024-01-22,2024-01-10,2024-01-29,2024-01-22,13959,11,103,Sales Booster,Software,Salesperson_15,North America,UK,City_3,Won,Inbound,False,1269.0,19
O-102878,OPP-202878,C-4368,2024-09-26,2024-09-07,2024-10-10,2024-09-07,8085,7,202,Receipt Printer,Hardware,Salesperson_6,Europe,India,City_10,Won,Inbound,True,1155.0,33
O-102879,OPP-202879,C-4433,2023-04-27,2023-04-14,2023-05-02,2023-04-14,8298,18,102,Analytics Suite,Software,Salesperson_6,North America,Pakistan,City_10,Won,Partner,False,461.0,18
O-102880,OPP-202880,C-2092,2023-03-06,2023-02-19,2023-03-10,2023-03-06,16184,17,103,Sales Booster,Software,Salesperson_14,North America,Germany,City_2,Won,Inbound,True,952.0,19
O-102881,OPP-202881,C-4722,2023-04-08,2023-03-09,2023-04-26,2023-03-09,7038,6,103,Sales Booster,Software,Salesperson_1,Europe,Pakistan,City_4,Won,Outbound,True,1173.0,48
O-102882,OPP-202882,C-3664,2024-03-15,2024-02-16,2024-03-28,2024-02-16,5798,13,102,Analytics Suite,Software,Salesperson_10,North America,Germany,City_3,Won,Outbound,False,446.0,41
O-102883,OPP-202883,C-2577,2024-04-15,2024-03-19,2024-04-27,2024-03-19,12600,20,201,POS Terminal,Hardware,Salesperson_11,Europe,UK,City_5,Won,Outbound,True,630.0,39
O-102884,OPP-202884,C-2674,2024-03-21,2024-03-09,2024-03-22,2024-03-09,4809,3,102,Analytics Suite,Software,Salesperson_4,Asia,USA,City_2,Won,Outbound,False,1603.0,13
O-102885,OPP-202885,C-4920,2023-04-07,2023-03-19,2023-04-08,2023-03-19,3370,10,202,Receipt Printer,Hardware,Salesperson_10,Europe,India,City_16,Won,Inbound,True,337.0,20
O-102886,OPP-202886,C-2263,2024-04-11,2024-03-23,2024-04-25,2024-04-11,7514,17,202,Receipt Printer,Hardware,Salesperson_3,North America,Germany,City_16,Won,Partner,False,442.0,33
O-102887,OPP-202887,C-2039,2023-02-11,2023-01-30,2023-02-15,2023-02-11,5190,10,101,CRM Pro,Software,Salesperson_11,Europe,USA,City_12,Won,Partner,True,519.0,16
O-102888,OPP-202888,C-3368,2024-07-17,2024-06-18,2024-07-24,2024-06-18,3556,2,102,Analytics Suite,Software,Salesperson_11,North America,Germany,City_7,Won,Partner,True,1778.0,36
O-102889,OPP-202889,C-4062,2023-11-06,2023-11-01,2023-11-24,2023-11-06,7163,13,101,CRM Pro,Software,Salesperson_15,Europe,Pakistan,City_4,Won,Inbound,True,551.0,23
O-102890,OPP-202890,C-2489,2024-06-16,2024-05-19,2024-06-26,2024-05-19,21164,11,102,Analytics Suite,Software,Salesperson_14,Asia,USA,City_9,Won,Partner,True,1924.0,38
O-102891,OPP-202891,C-3183,2024-03-07,2024-02-26,2024-03-22,2024-03-07,3408,8,101,CRM Pro,Software,Salesperson_14,Europe,USA,City_18,Won,Inbound,True,426.0,25
O-102892,OPP-202892,C-4276,2023-12-09,2023-11-19,2023-12-24,2023-12-09,3594,2,201,POS Terminal,Hardware,Salesperson_10,Europe,UK,City_17,Won,Inbound,False,1797.0,35
O-102893,OPP-202893,C-4114,2023-09-29,2023-09-22,2023-10-12,2023-09-22,3462,6,202,Receipt Printer,Hardware,Salesperson_6,North America,Pakistan,City_19,Won,Partner,False,577.0,20
O-102894,OPP-202894,C-3013,2024-06-10,2024-05-20,2024-06-24,2024-05-20,18717,17,202,Receipt Printer,Hardware,Salesperson_8,Europe,Germany,City_3,Won,Outbound,False,1101.0,35
O-102895,OPP-202895,C-3080,2023-02-24,2023-02-08,2023-03-02,2023-02-08,22178,13,101,CRM Pro,Software,Salesperson_3,Asia,Germany,City_1,Won,Inbound,False,1706.0,22
O-102896,OPP-202896,C-1085,2023-10-15,2023-10-05,2023-11-04,2023-10-05,6248,4,101,CRM Pro,Software,Salesperson_5,Europe,India,City_19,Won,Partner,True,1562.0,30
O-102897,OPP-202897,C-1951,2023-07-20,2023-07-13,2023-07-30,2023-07-20,22834,14,202,Receipt Printer,Hardware,Salesperson_4,Europe,USA,City_3,Won,Partner,False,1631.0,17
O-102898,OPP-202898,C-2205,2023-08-05,2023-07-12,2023-08-21,2023-08-05,9424,8,101,CRM Pro,Software,Salesperson_9,Asia,Pakistan,City_9,Won,Outbound,True,1178.0,40
O-102899,OPP-202899,C-3855,2023-10-17,2023-10-08,2023-11-04,2023-10-08,11132,11,201,POS Terminal,Hardware,Salesperson_11,North America,Pakistan,City_17,Won,Outbound,True,1012.0,27
O-102900,OPP-202900,C-2444,2024-06-11,2024-06-01,2024-06-22,2024-06-11,1462,1,202,Receipt Printer,Hardware,Salesperson_14,Europe,Pakistan,City_2,Won,Inbound,True,1462.0,21
O-102901,OPP-202901,C-2629,2023-12-13,2023-11-14,2023-12-14,2023-11-14,6648,12,103,Sales Booster,Software,Salesperson_12,North America,UK,City_3,Won,Partner,True,554.0,30
O-102902,OPP-202902,C-2303,2023-09-04,2023-08-10,2023-09-11,2023-08-10,14269,19,201,POS Terminal,Hardware,Salesperson_15,Asia,India,City_2,Won,Inbound,False,751.0,32
O-102903,OPP-202903,C-3033,2024-05-04,2024-04-15,2024-05-05,2024-04-15,25056,18,101,CRM Pro,Software,Salesperson_1,North America,Germany,City_3,Won,Partner,True,1392.0,20
O-102904,OPP-202904,C-3117,2024-02-05,2024-01-23,2024-02-09,2024-01-23,11609,13,103,Sales Booster,Software,Salesperson_9,Europe,Germany,City_14,Won,Outbound,True,893.0,17
O-102905,OPP-202905,C-2379,2023-02-22,2023-02-07,2023-03-02,2023-02-22,10488,8,101,CRM Pro,Software,Salesperson_4,Europe,India,City_20,Won,Partner,True,1311.0,23
O-102906,OPP-202906,C-1757,2023-07-11,2023-07-04,2023-07-15,2023-07-04,16587,9,202,Receipt Printer,Hardware,Salesperson_11,Europe,UK,City_20,Won,Outbound,True,1843.0,11
O-102907,OPP-202907,C-1598,2024-07-31,2024-07-19,2024-08-19,2024-07-19,7310,10,102,Analytics Suite,Software,Salesperson_2,Europe,Pakistan,City_18,Won,Outbound,False,731.0,31
O-102908,OPP-202908,C-3396,2023-02-22,2023-02-01,2023-03-01,2023-02-01,14155,19,202,Receipt Printer,Hardware,Salesperson_10,Europe,USA,City_18,Won,Partner,True,745.0,28
O-102909,OPP-202909,C-1660,2024-08-05,2024-07-16,2024-08-07,2024-08-05,875,1,103,Sales Booster,Software,Salesperson_9,Europe,UK,City_13,Won,Inbound,False,875.0,22
O-102910,OPP-202910,C-1963,2023-11-19,2023-11-05,2023-11-22,2023-11-05,21834,18,201,POS Terminal,Hardware,Salesperson_12,North America,USA,City_7,Won,Inbound,True,1213.0,17
O-102911,OPP-202911,C-1718,2024-12-02,2024-11-17,2024-12-10,2024-11-17,7548,6,101,CRM Pro,Software,Salesperson_6,North America,USA,City_5,Won,Outbound,False,1258.0,23
O-102912,OPP-202912,C-3972,2024-09-18,2024-09-01,2024-09-28,2024-09-01,1784,1,201,POS Terminal,Hardware,Salesperson_2,Asia,India,City_16,Won,Partner,False,1784.0,27
O-102913,OPP-202913,C-2573,2023-05-07,2023-04-23,2023-05-17,2023-04-23,3374,2,103,Sales Booster,Software,Salesperson_12,North America,Pakistan,City_17,Won,Outbound,True,1687.0,24
O-102914,OPP-202914,C-3612,2024-04-01,2024-03-13,2024-04-09,2024-03-13,3654,2,201,POS Terminal,Hardware,Salesperson_9,North America,India,City_3,Won,Inbound,True,1827.0,27
O-102915,OPP-202915,C-3344,2023-03-31,2023-03-01,2023-04-13,2023-03-01,20111,13,101,CRM Pro,Software,Salesperson_13,Asia,Pakistan,City_3,Won,Outbound,False,1547.0,43
O-102916,OPP-202916,C-1381,2024-06-16,2024-05-19,2024-06-18,2024-06-16,1855,5,102,Analytics Suite,Software,Salesperson_11,Asia,USA,City_14,Won,Partner,True,371.0,30
O-102917,OPP-202917,C-4311,2023-06-18,2023-05-27,2023-06-26,2023-06-18,9184,8,103,Sales Booster,Software,Salesperson_3,Asia,Pakistan,City_10,Won,Inbound,False,1148.0,30
O-102918,OPP-202918,C-4938,2023-05-05,2023-04-29,2023-05-08,2023-04-29,300,3,201,POS Terminal,Hardware,Salesperson_2,Europe,Pakistan,City_20,Won,Partner,True,100.0,9
O-102919,OPP-202919,C-4067,2024-05-03,2024-04-20,2024-05-18,2024-04-20,14211,9,103,Sales Booster,Software,Salesperson_15,Europe,Pakistan,City_1,Won,Inbound,True,1579.0,28
O-102920,OPP-202920,C-2326,2023-11-26,2023-11-20,2023-12-08,2023-11-20,4032,8,102,Analytics Suite,Software,Salesperson_12,Europe,UK,City_14,Won,Outbound,True,504.0,18
O-102921,OPP-202921,C-3565,2023-12-02,2023-11-14,2023-12-03,2023-11-14,5844,12,103,Sales Booster,Software,Salesperson_14,North America,UK,City_12,Won,Outbound,False,487.0,19
O-102922,OPP-202922,C-4124,2023-11-29,2023-11-18,2023-11-30,2023-11-18,1012,4,101,CRM Pro,Software,Salesperson_5,North America,USA,City_19,Won,Outbound,True,253.0,12
O-102923,OPP-202923,C-1548,2024-06-17,2024-05-21,2024-06-22,2024-05-21,8912,16,102,Analytics Suite,Software,Salesperson_12,Asia,India,City_2,Won,Outbound,True,557.0,32
O-102924,OPP-202924,C-2239,2024-07-25,2024-07-04,2024-07-31,2024-07-25,3614,13,201,POS Terminal,Hardware,Salesperson_3,North America,Germany,City_13,Won,Outbound,True,278.0,27
O-102925,OPP-202925,C-2345,2023-03-22,2023-02-20,2023-03-23,2023-02-20,6588,6,202,Receipt Printer,Hardware,Salesperson_12,North America,India,City_2,Won,Outbound,True,1098.0,31
O-102926,OPP-202926,C-4752,2024-08-13,2024-08-05,2024-09-02,2024-08-13,7098,6,101,CRM Pro,Software,Salesperson_15,North America,UK,City_13,Won,Inbound,False,1183.0,28
O-102927,OPP-202927,C-1428,2023-01-26,2022-12-27,2023-02-06,2022-12-27,7940,4,202,Receipt Printer,Hardware,Salesperson_2,Europe,India,City_5,Won,Inbound,False,1985.0,41
O-102928,OPP-202928,C-3425,2023-01-15,2022-12-19,2023-01-24,2023-01-15,6720,16,202,Receipt Printer,Hardware,Salesperson_2,Asia,Pakistan,City_19,Won,Inbound,True,420.0,36
O-102929,OPP-202929,C-3035,2023-10-22,2023-10-10,2023-11-08,2023-10-10,2058,2,202,Receipt Printer,Hardware,Salesperson_7,Asia,India,City_20,Won,Outbound,False,1029.0,29
O-102930,OPP-202930,C-3026,2024-01-31,2024-01-08,2024-02-01,2024-01-31,7800,15,202,Receipt Printer,Hardware,Salesperson_12,Europe,Germany,City_17,Won,Outbound,True,520.0,24
O-102931,OPP-202931,C-2016,2023-08-15,2023-07-19,2023-09-01,2023-07-19,1899,1,202,Receipt Printer,Hardware,Salesperson_15,North America,Pakistan,City_1,Won,Outbound,False,1899.0,44
O-102932,OPP-202932,C-2526,2024-08-19,2024-08-05,2024-08-28,2024-08-19,25000,20,101,CRM Pro,Software,Salesperson_15,North America,UK,City_5,Won,Partner,True,1250.0,23
O-102933,OPP-202933,C-1897,2023-07-04,2023-06-06,2023-07-12,2023-06-06,15570,18,102,Analytics Suite,Software,Salesperson_1,North America,UK,City_6,Won,Partner,True,865.0,36
O-102934,OPP-202934,C-2919,2024-08-18,2024-08-02,2024-09-04,2024-08-02,3460,2,102,Analytics Suite,Software,Salesperson_3,Asia,USA,City_11,Won,Inbound,False,1730.0,33
O-102935,OPP-202935,C-1725,2023-12-05,2023-11-14,2023-12-23,2023-11-14,8680,10,202,Receipt Printer,Hardware,Salesperson_5,Asia,USA,City_5,Won,Inbound,False,868.0,39
O-102936,OPP-202936,C-4712,2023-10-08,2023-09-08,2023-10-18,2023-10-08,17230,10,103,Sales Booster,Software,Salesperson_8,Asia,USA,City_8,Won,Inbound,True,1723.0,40
O-102937,OPP-202937,C-4903,2024-09-26,2024-08-27,2024-10-11,2024-09-26,23460,12,102,Analytics Suite,Software,Salesperson_3,Europe,USA,City_9,Won,Outbound,False,1955.0,45
O-102938,OPP-202938,C-1922,2023-05-28,2023-04-29,2023-06-11,2023-04-29,6265,7,101,CRM Pro,Software,Salesperson_5,North America,UK,City_12,Won,Partner,False,895.0,43
O-102939,OPP-202939,C-4254,2024-12-18,2024-11-24,2025-01-03,2024-12-18,4985,5,102,Analytics Suite,Software,Salesperson_5,Europe,USA,City_12,Won,Partner,False,997.0,40
O-102940,OPP-202940,C-3549,2024-04-07,2024-03-24,2024-04-24,2024-04-07,10241,11,103,Sales Booster,Software,Salesperson_1,Europe,India,City_2,Won,Inbound,False,931.0,31
O-102941,OPP-202941,C-4963,2023-11-24,2023-10-27,2023-12-05,2023-10-27,5345,5,101,CRM Pro,Software,Salesperson_11,Europe,Pakistan,City_20,Won,Partner,False,1069.0,39
O-102942,OPP-202942,C-2478,2023-11-17,2023-11-11,2023-11-29,2023-11-17,32580,18,101,CRM Pro,Software,Salesperson_5,Asia,Pakistan,City_5,Won,Outbound,True,1810.0,18
O-102943,OPP-202943,C-2560,2023-10-08,2023-09-10,2023-10-26,2023-09-10,3804,12,202,Receipt Printer,Hardware,Salesperson_5,Asia,Pakistan,City_14,Won,Outbound,False,317.0,46
O-102944,OPP-202944,C-1329,2024-01-10,2023-12-30,2024-01-26,2024-01-10,3690,9,202,Receipt Printer,Hardware,Salesperson_14,North America,Pakistan,City_16,Won,Partner,False,410.0,27
O-102945,OPP-202945,C-1855,2023-03-15,2023-02-23,2023-03-24,2023-02-23,11526,6,201,POS Terminal,Hardware,Salesperson_9,North America,Germany,City_3,Won,Inbound,True,1921.0,29
O-102946,OPP-202946,C-3474,2023-05-02,2023-04-10,2023-05-17,2023-04-10,1926,18,202,Receipt Printer,Hardware,Salesperson_13,North America,Pakistan,City_20,Won,Partner,False,107.0,37
O-102947,OPP-202947,C-4777,2023-08-13,2023-07-19,2023-08-21,2023-07-19,37031,19,202,Receipt Printer,Hardware,Salesperson_2,Asia,India,City_10,Won,Inbound,False,1949.0,33
O-102948,OPP-202948,C-2254,2024-05-07,2024-04-08,2024-05-12,2024-05-07,1812,12,101,CRM Pro,Software,Salesperson_6,Asia,UK,City_20,Won,Partner,False,151.0,34
O-102949,OPP-202949,C-1841,2023-01-14,2022-12-31,2023-01-24,2022-12-31,4932,9,102,Analytics Suite,Software,Salesperson_7,Asia,UK,City_7,Won,Inbound,True,548.0,24
O-102950,OPP-202950,C-3835,2023-05-13,2023-04-26,2023-05-21,2023-04-26,22512,16,103,Sales Booster,Software,Salesperson_13,Europe,UK,City_9,Won,Partner,True,1407.0,25
O-102951,OPP-202951,C-3405,2024-01-15,2024-01-02,2024-01-17,2024-01-02,12342,11,102,Analytics Suite,Software,Salesperson_8,Asia,India,City_17,Won,Partner,True,1122.0,15
O-102952,OPP-202952,C-4747,2023-08-04,2023-07-09,2023-08-12,2023-07-09,1324,1,103,Sales Booster,Software,Salesperson_5,Europe,Pakistan,City_2,Won,Partner,True,1324.0,34
O-102953,OPP-202953,C-3080,2024-06-21,2024-05-27,2024-07-08,2024-05-27,4543,11,102,Analytics Suite,Software,Salesperson_9,Asia,India,City_18,Won,Partner,True,413.0,42
O-102954,OPP-202954,C-4817,2024-01-29,2024-01-11,2024-02-10,2024-01-29,6477,17,201,POS Terminal,Hardware,Salesperson_14,North America,Pakistan,City_11,Won,Outbound,True,381.0,30
O-102955,OPP-202955,C-2209,2023-06-14,2023-05-23,2023-06-29,2023-05-23,27897,17,201,POS Terminal,Hardware,Salesperson_4,Asia,USA,City_2,Won,Partner,False,1641.0,37
O-102956,OPP-202956,C-4975,2023-01-20,2023-01-04,2023-02-08,2023-01-04,1850,5,201,POS Terminal,Hardware,Salesperson_5,Europe,Germany,City_4,Won,Partner,False,370.0,35
O-102957,OPP-202957,C-4690,2024-09-03,2024-08-18,2024-09-17,2024-09-03,25555,19,202,Receipt Printer,Hardware,Salesperson_6,Europe,India,City_8,Won,Partner,False,1345.0,30
O-102958,OPP-202958,C-4941,2024-11-20,2024-11-02,2024-12-10,2024-11-02,13480,20,102,Analytics Suite,Software,Salesperson_6,Asia,Pakistan,City_12,Won,Partner,False,674.0,38
O-102959,OPP-202959,C-4658,2024-11-06,2024-10-22,2024-11-18,2024-10-22,178,1,202,Receipt Printer,Hardware,Salesperson_10,North America,Germany,City_12,Won,Partner,True,178.0,27
O-102960,OPP-202960,C-2717,2024-09-20,2024-09-09,2024-10-09,2024-09-20,24622,13,201,POS Terminal,Hardware,Salesperson_11,North America,India,City_19,Won,Outbound,True,1894.0,30
O-102961,OPP-202961,C-1866,2024-07-19,2024-07-03,2024-07-23,2024-07-03,4712,19,101,CRM Pro,Software,Salesperson_3,North America,India,City_20,Won,Partner,True,248.0,20
O-102962,OPP-202962,C-4800,2023-06-19,2023-05-28,2023-06-21,2023-05-28,16443,9,201,POS Terminal,Hardware,Salesperson_8,Europe,USA,City_10,Won,Partner,False,1827.0,24
O-102963,OPP-202963,C-1842,2023-12-10,2023-11-24,2023-12-20,2023-11-24,22500,15,201,POS Terminal,Hardware,Salesperson_8,North America,UK,City_1,Won,Outbound,False,1500.0,26
O-102964,OPP-202964,C-3995,2024-10-03,2024-09-22,2024-10-07,2024-09-22,5820,4,202,Receipt Printer,Hardware,Salesperson_3,North America,USA,City_6,Won,Partner,True,1455.0,15
O-102965,OPP-202965,C-3939,2024-08-19,2024-07-22,2024-08-28,2024-08-19,26011,19,102,Analytics Suite,Software,Salesperson_5,North America,Germany,City_12,Won,Outbound,True,1369.0,37
O-102966,OPP-202966,C-1785,2023-12-20,2023-11-22,2024-01-05,2023-12-20,2130,3,201,POS Terminal,Hardware,Salesperson_6,Asia,USA,City_7,Won,Outbound,False,710.0,44
O-102967,OPP-202967,C-1814,2024-09-15,2024-08-16,2024-09-22,2024-09-15,5936,16,101,CRM Pro,Software,Salesperson_8,Europe,USA,City_19,Won,Inbound,False,371.0,37
O-102968,OPP-202968,C-1877,2023-02-05,2023-01-31,2023-02-24,2023-01-31,11922,6,101,CRM Pro,Software,Salesperson_2,Europe,UK,City_20,Won,Outbound,True,1987.0,24
O-102969,OPP-202969,C-2557,2024-02-13,2024-01-26,2024-02-24,2024-01-26,16983,9,101,CRM Pro,Software,Salesperson_2,Europe,Pakistan,City_7,Won,Partner,True,1887.0,29
O-102970,OPP-202970,C-2157,2023-12-11,2023-11-16,2023-12-25,2023-11-16,16686,18,101,CRM Pro,Software,Salesperson_11,North America,USA,City_6,Won,Outbound,True,927.0,39
O-102971,OPP-202971,C-1846,2024-03-11,2024-02-29,2024-03-14,2024-03-11,25920,15,102,Analytics Suite,Software,Salesperson_11,Europe,Germany,City_3,Won,Outbound,False,1728.0,14
O-102972,OPP-202972,C-2865,2024-03-30,2024-03-20,2024-04-03,2024-03-20,19100,20,102,Analytics Suite,Software,Salesperson_11,North America,Germany,City_11,Won,Outbound,True,955.0,14
O-102973,OPP-202973,C-3369,2023-07-18,2023-07-09,2023-07-21,2023-07-09,625,5,201,POS Terminal,Hardware,Salesperson_14,North America,Pakistan,City_3,Won,Outbound,False,125.0,12
O-102974,OPP-202974,C-2384,2024-07-15,2024-06-18,2024-07-20,2024-06-18,1835,5,202,Receipt Printer,Hardware,Salesperson_2,Asia,UK,City_14,Won,Outbound,True,367.0,32
O-102975,OPP-202975,C-2458,2024-05-25,2024-05-20,2024-06-06,2024-05-20,5880,14,103,Sales Booster,Software,Salesperson_2,North America,Germany,City_5,Won,Inbound,False,420.0,17
O-102976,OPP-202976,C-3230,2023-07-02,2023-06-21,2023-07-21,2023-06-21,21267,17,201,POS Terminal,Hardware,Salesperson_5,North America,USA,City_18,Won,Outbound,False,1251.0,30
O-102977,OPP-202977,C-4686,2023-02-18,2023-01-19,2023-03-06,2023-01-19,2524,2,202,Receipt Printer,Hardware,Salesperson_2,Europe,USA,City_8,Won,Inbound,False,1262.0,46
O-102978,OPP-202978,C-2426,2024-06-29,2024-06-20,2024-07-18,2024-06-29,1859,1,201,POS Terminal,Hardware,Salesperson_11,Europe,Pakistan,City_15,Won,Outbound,False,1859.0,28
O-102979,OPP-202979,C-1216,2023-09-14,2023-09-08,2023-09-16,2023-09-08,1136,8,201,POS Terminal,Hardware,Salesperson_12,Europe,Germany,City_2,Won,Outbound,True,142.0,8
O-102980,OPP-202980,C-3127,2024-06-11,2024-05-25,2024-06-13,2024-05-25,18853,17,102,Analytics Suite,Software,Salesperson_8,Europe,India,City_7,Won,Inbound,True,1109.0,19
O-102981,OPP-202981,C-2510,2023-08-16,2023-08-09,2023-08-28,2023-08-16,27531,19,102,Analytics Suite,Software,Salesperson_3,North America,UK,City_4,Won,Outbound,True,1449.0,19
O-102982,OPP-202982,C-2975,2023-04-01,2023-03-17,2023-04-15,2023-04-01,9175,5,201,POS Terminal,Hardware,Salesperson_2,Asia,UK,City_5,Won,Partner,False,1835.0,29
O-102983,OPP-202983,C-1332,2023-03-22,2023-03-12,2023-04-07,2023-03-12,5400,18,101,CRM Pro,Software,Salesperson_12,Asia,UK,City_13,Won,Outbound,True,300.0,26
O-102984,OPP-202984,C-1410,2024-08-30,2024-08-12,2024-09-04,2024-08-12,7158,6,103,Sales Booster,Software,Salesperson_11,Europe,USA,City_20,Won,Outbound,False,1193.0,23
O-102985,OPP-202985,C-1440,2024-05-23,2024-05-13,2024-05-28,2024-05-13,4392,6,101,CRM Pro,Software,Salesperson_10,Asia,Germany,City_6,Won,Outbound,False,732.0,15
O-102986,OPP-202986,C-3507,2024-01-05,2023-12-22,2024-01-16,2023-12-22,2440,4,102,Analytics Suite,Software,Salesperson_8,Europe,India,City_4,Won,Outbound,True,610.0,25
O-102987,OPP-202987,C-2691,2023-08-06,2023-07-20,2023-08-22,2023-07-20,1570,10,102,Analytics Suite,Software,Salesperson_4,Asia,Germany,City_13,Won,Inbound,True,157.0,33
O-102988,OPP-202988,C-3939,2023-08-23,2023-08-11,2023-09-10,2023-08-11,2940,6,101,CRM Pro,Software,Salesperson_10,Asia,UK,City_12,Won,Outbound,False,490.0,30
O-102989,OPP-202989,C-1322,2023-02-21,2023-01-27,2023-02-24,2023-02-21,930,3,103,Sales Booster,Software,Salesperson_6,Europe,Germany,City_11,Won,Inbound,True,310.0,28
O-102990,OPP-202990,C-2893,2023-09-22,2023-09-12,2023-10-04,2023-09-12,1249,1,103,Sales Booster,Software,Salesperson_1,North America,UK,City_11,Won,Inbound,False,1249.0,22
O-102991,OPP-202991,C-4674,2024-04-20,2024-04-01,2024-04-25,2024-04-20,9435,5,201,POS Terminal,Hardware,Salesperson_3,Asia,Pakistan,City_20,Won,Outbound,True,1887.0,24
O-102992,OPP-202992,C-3784,2023-05-22,2023-05-09,2023-06-01,2023-05-09,28764,17,101,CRM Pro,Software,Salesperson_11,Asia,UK,City_13,Won,Partner,False,1692.0,23
O-102993,OPP-202993,C-2166,2024-09-19,2024-09-07,2024-09-22,2024-09-07,2040,8,201,POS Terminal,Hardware,Salesperson_15,Europe,Pakistan,City_3,Won,Partner,True,255.0,15
O-102994,OPP-202994,C-4054,2024-04-04,2024-03-06,2024-04-06,2024-03-06,6383,13,201,POS Terminal,Hardware,Salesperson_12,Asia,India,City_13,Won,Inbound,True,491.0,31
O-102995,OPP-202995,C-3773,2023-09-14,2023-09-01,2023-10-03,2023-09-14,7584,4,202,Receipt Printer,Hardware,Salesperson_12,Europe,Pakistan,City_20,Won,Outbound,True,1896.0,32
O-102996,OPP-202996,C-2348,2024-07-25,2024-07-04,2024-08-14,2024-07-25,25880,20,101,CRM Pro,Software,Salesperson_5,North America,UK,City_4,Won,Partner,True,1294.0,41
O-102997,OPP-202997,C-1515,2024-03-13,2024-02-18,2024-04-02,2024-02-18,15736,14,102,Analytics Suite,Software,Salesperson_4,Europe,USA,City_6,Won,Partner,False,1124.0,44
O-102998,OPP-202998,C-4967,2024-04-27,2024-04-17,2024-05-02,2024-04-17,1256,1,103,Sales Booster,Software,Salesperson_6,Europe,UK,City_15,Won,Outbound,False,1256.0,15
O-102999,OPP-202999,C-4781,2024-05-01,2024-04-02,2024-05-08,2024-04-02,23784,12,103,Sales Booster,Software,Salesperson_6,Europe,USA,City_13,Won,Inbound,False,1982.0,36
