deal_ref,client_ref,event_time,item_code,item_label,grouping,qty,price,amount,value,territory,source,owner,status
D-300000,CL-5377,2023-11-01,SKU-102,Analytics Suite,Software,12,309,3708,3727,NA,ColdCall,Agent_11,Closed
D-300001,CL-7951,2024-12-02,SKU-102,Analytics Suite,Software,25,1635,40875,40845,APAC,Partner,Agent_10,Closed
D-300002,CL-2853,2023-07-27,SKU-201,POS Terminal,Hardware,1,1376,1376,1392,APAC,ColdCall,Agent_1,Lost
D-300003,CL-4081,2024-05-05,SKU-201,POS Terminal,Hardware,10,715,7150,7110,NA,Partner,Agent_7,Closed
D-300004,CL-6952,2024-05-13,SKU-201,POS Terminal,Hardware,6,842,5052,5059,EU,Partner,Agent_8,Lost
D-300005,CL-7621,2024-05-28,SKU-101,CRM Pro,Software,14,1364,19096,19074,EU,Partner,Agent_7,Closed
D-300006,CL-4677,2024-10-20,SKU-102,Analytics Suite,Software,12,497,5964,5989,NA,ColdCall,Agent_9,Lost
D-300007,CL-2444,2023-10-04,SKU-102,Analytics Suite,Software,24,1606,38544,38516,NA,ColdCall,Agent_11,Won
D-300008,CL-7532,2024-01-04,SKU-201,POS Terminal,Hardware,22,1041,22902,22944,EU,ColdCall,Agent_5,Won
D-300009,CL-2957,2024-10-16,SKU-102,Analytics Suite,Software,5,1342,6710,6672,APAC,ColdCall,Agent_3,Closed
D-300010,CL-4440,2023-10-31,SKU-102,Analytics Suite,Software,23,980,22540,22548,EU,Partner,Agent_9,Lost
D-300011,CL-5985,2024-05-09,SKU-201,POS Terminal,Hardware,21,977,20517,20468,APAC,ColdCall,Agent_6,Lost
D-300012,CL-5037,2023-04-27,SKU-101,CRM Pro,Software,18,337,6066,6056,NA,Web,Agent_7,Closed
D-300013,CL-5042,2023-01-17,SKU-102,Analytics Suite,Software,3,1317,3951,3928,EU,Web,Agent_8,Won
D-300014,CL-5558,2023-10-31,SKU-201,POS Terminal,Hardware,12,863,10356,10384,EU,Web,Agent_7,Won
D-300015,CL-4651,2024-01-16,SKU-201,POS Terminal,Hardware,24,1622,38928,38964,APAC,ColdCall,Agent_9,Lost
D-300016,CL-5766,2023-09-09,SKU-101,CRM Pro,Software,3,387,1161,1163,EU,ColdCall,Agent_1,Won
D-300017,CL-4050,2024-03-10,SKU-201,POS Terminal,Hardware,11,1292,14212,14250,EU,ColdCall,Agent_4,Won
D-300018,CL-7572,2024-07-09,SKU-101,CRM Pro,Software,22,723,15906,15924,EU,Partner,Agent_11,Lost
D-300019,CL-5348,2023-08-24,SKU-101,CRM Pro,Software,6,565,3390,3413,NA,Partner,Agent_6,Closed
D-300020,CL-3386,2023-11-02,SKU-101,CRM Pro,Software,10,1367,13670,13665,NA,ColdCall,Agent_4,Lost
D-300021,CL-7099,2023-12-28,SKU-101,CRM Pro,Software,19,833,15827,15792,APAC,Web,Agent_5,Won
D-300022,CL-2117,2024-10-05,SKU-102,Analytics Suite,Software,24,1408,33792,33815,NA,Web,Agent_10,Won
D-300023,CL-6933,2023-04-03,SKU-102,Analytics Suite,Software,7,686,4802,4796,NA,ColdCall,Agent_11,Lost
D-300024,CL-7511,2024-07-31,SKU-101,CRM Pro,Software,24,1148,27552,27602,EU,ColdCall,Agent_3,Closed
D-300025,CL-5633,2024-09-11,SKU-102,Analytics Suite,Software,19,284,5396,5400,EU,Web,Agent_4,Closed
D-300026,CL-5117,2023-01-03,SKU-102,Analytics Suite,Software,15,1206,18090,18064,NA,ColdCall,Agent_8,Closed
D-300027,CL-3828,2024-11-20,SKU-102,Analytics Suite,Software,24,1490,35760,35735,APAC,Web,Agent_10,Won
D-300028,CL-2104,2023-02-22,SKU-201,POS Terminal,Hardware,23,170,3910,3866,NA,ColdCall,Agent_6,Lost
D-300029,CL-4343,2024-10-07,SKU-201,POS Terminal,Hardware,14,412,5768,5735,NA,Web,Agent_8,Closed
D-300030,CL-5493,2024-03-28,SKU-201,POS Terminal,Hardware,10,537,5370,5379,EU,Web,Agent_9,Won
D-300031,CL-7392,2023-05-17,SKU-102,Analytics Suite,Software,22,915,20130,20081,EU,ColdCall,Agent_3,Won
D-300032,CL-5751,2023-10-31,SKU-201,POS Terminal,Hardware,3,1249,3747,3705,APAC,Web,Agent_3,Closed
D-300033,CL-3231,2023-10-06,SKU-102,Analytics Suite,Software,25,241,6025,6034,APAC,ColdCall,Agent_8,Closed
D-300034,CL-7884,2024-10-28,SKU-102,Analytics Suite,Software,5,1449,7245,7267,NA,Partner,Agent_5,Won
D-300035,CL-2320,2024-09-05,SKU-101,CRM Pro,Software,22,274,6028,6024,EU,Partner,Agent_4,Won
D-300036,CL-2540,2024-04-20,SKU-101,CRM Pro,Software,17,1287,21879,21897,APAC,Partner,Agent_1,Closed
D-300037,CL-3443,2024-02-11,SKU-201,POS Terminal,Hardware,14,193,2702,2745,EU,Partner,Agent_10,Lost
D-300038,CL-2331,2024-03-13,SKU-102,Analytics Suite,Software,14,1426,19964,19943,EU,Web,Agent_11,Closed
D-300039,CL-2394,2023-12-08,SKU-102,Analytics Suite,Software,19,1553,29507,29527,APAC,Web,Agent_2,Lost
D-300040,CL-3701,2024-06-24,SKU-102,Analytics Suite,Software,4,368,1472,1488,NA,Web,Agent_8,Closed
D-300041,CL-3851,2024-01-27,SKU-102,Analytics Suite,Software,8,1609,12872,12853,APAC,ColdCall,Agent_11,Lost
D-300042,CL-3376,2023-10-31,SKU-201,POS Terminal,Hardware,4,1069,4276,4284,APAC,Partner,Agent_10,Lost
D-300043,CL-3520,2024-08-13,SKU-102,Analytics Suite,Software,20,708,14160,14145,NA,ColdCall,Agent_8,Won
D-300044,CL-3244,2023-10-28,SKU-102,Analytics Suite,Software,13,1210,15730,15763,EU,Web,Agent_5,Closed
D-300045,CL-6872,2024-12-23,SKU-101,CRM Pro,Software,2,855,1710,1671,APAC,ColdCall,Agent_2,Lost
D-300046,CL-5558,2023-07-17,SKU-102,Analytics Suite,Software,24,1625,39000,38979,APAC,ColdCall,Agent_2,Closed
D-300047,CL-5144,2023-05-07,SKU-201,POS Terminal,Hardware,25,1515,37875,37852,NA,ColdCall,Agent_7,Lost
D-300048,CL-5293,2023-10-02,SKU-102,Analytics Suite,Software,10,1320,13200,13165,APAC,Web,Agent_8,Closed
D-300049,CL-6707,2023-07-03,SKU-102,Analytics Suite,Software,2,351,702,673,APAC,Web,Agent_9,Won
D-300050,CL-3275,2023-01-09,SKU-201,POS Terminal,Hardware,14,1188,16632,16610,NA,Partner,Agent_8,Lost
D-300051,CL-7435,2023-06-12,SKU-101,CRM Pro,Software,2,868,1736,1690,APAC,Partner,Agent_11,Lost
D-300052,CL-7754,2023-02-07,SKU-201,POS Terminal,Hardware,23,725,16675,16722,NA,Partner,Agent_1,Won
D-300053,CL-5005,2024-08-14,SKU-101,CRM Pro,Software,23,112,2576,2573,EU,Web,Agent_5,Closed
D-300054,CL-4885,2023-07-23,SKU-102,Analytics Suite,Software,13,976,12688,12724,EU,ColdCall,Agent_7,Won
D-300055,CL-4139,2023-06-26,SKU-201,POS Terminal,Hardware,19,1116,21204,21167,NA,ColdCall,Agent_7,Lost
D-300056,CL-6345,2024-02-01,SKU-102,Analytics Suite,Software,2,1533,3066,3053,NA,Web,Agent_6,Won
D-300057,CL-5329,2023-11-03,SKU-101,CRM Pro,Software,11,928,10208,10179,NA,ColdCall,Agent_2,Lost
D-300058,CL-2606,2024-01-17,SKU-101,CRM Pro,Software,3,1707,5121,5135,APAC,Web,Agent_2,Lost
D-300059,CL-3183,2023-08-30,SKU-201,POS Terminal,Hardware,4,540,2160,2202,EU,Partner,Agent_7,Won
D-300060,CL-7945,2023-05-11,SKU-201,POS Terminal,Hardware,3,799,2397,2445,APAC,Partner,Agent_9,Closed
D-300061,CL-6292,2023-10-03,SKU-201,POS Terminal,Hardware,13,852,11076,11077,NA,Web,Agent_11,Closed
D-300062,CL-7388,2023-01-14,SKU-102,Analytics Suite,Software,7,736,5152,5136,APAC,ColdCall,Agent_6,Closed
D-300063,CL-7326,2024-09-05,SKU-201,POS Terminal,Hardware,13,913,11869,11845,EU,Partner,Agent_1,Closed
D-300064,CL-5683,2024-03-14,SKU-101,CRM Pro,Software,19,1035,19665,19657,APAC,ColdCall,Agent_10,Won
D-300065,CL-3440,2023-10-21,SKU-201,POS Terminal,Hardware,19,229,4351,4314,NA,Web,Agent_3,Closed
D-300066,CL-7883,2024-03-13,SKU-201,POS Terminal,Hardware,20,656,13120,13159,APAC,ColdCall,Agent_4,Lost
D-300067,CL-6339,2023-09-12,SKU-101,CRM Pro,Software,5,567,2835,2832,APAC,Partner,Agent_3,Lost
D-300068,CL-2679,2023-04-25,SKU-201,POS Terminal,Hardware,10,173,1730,1723,NA,Partner,Agent_9,Won
D-300069,CL-7666,2023-08-16,SKU-102,Analytics Suite,Software,12,1521,18252,18222,EU,Partner,Agent_9,Lost
D-300070,CL-6478,2023-03-21,SKU-102,Analytics Suite,Software,20,324,6480,6456,EU,Web,Agent_3,Closed
D-300071,CL-6247,2023-03-25,SKU-201,POS Terminal,Hardware,21,1116,23436,23453,EU,ColdCall,Agent_9,Closed
D-300072,CL-4297,2024-03-19,SKU-101,CRM Pro,Software,8,327,2616,2571,NA,Web,Agent_7,Won
D-300073,CL-5034,2023-03-18,SKU-101,CRM Pro,Software,11,1397,15367,15413,APAC,Web,Agent_5,Closed
D-300074,CL-4353,2023-11-24,SKU-201,POS Terminal,Hardware,2,524,1048,1091,APAC,ColdCall,Agent_6,Lost
D-300075,CL-2929,2023-06-09,SKU-201,POS Terminal,Hardware,3,424,1272,1298,EU,Web,Agent_8,Lost
D-300076,CL-2657,2023-06-28,SKU-101,CRM Pro,Software,14,1699,23786,23836,NA,Partner,Agent_7,Closed
D-300077,CL-2387,2023-07-14,SKU-201,POS Terminal,Hardware,24,986,23664,23699,NA,Web,Agent_10,Closed
D-300078,CL-6290,2024-11-02,SKU-201,POS Terminal,Hardware,18,382,6876,6907,EU,ColdCall,Agent_2,Closed
D-300079,CL-3951,2023-01-24,SKU-101,CRM Pro,Software,1,208,208,239,APAC,ColdCall,Agent_5,Won
D-300080,CL-6518,2023-06-29,SKU-102,Analytics Suite,Software,25,1287,32175,32151,APAC,Web,Agent_5,Closed
D-300081,CL-3274,2024-01-22,SKU-201,POS Terminal,Hardware,13,421,5473,5483,EU,ColdCall,Agent_3,Closed
D-300082,CL-4490,2024-05-08,SKU-201,POS Terminal,Hardware,1,485,485,523,APAC,Web,Agent_5,Lost
D-300083,CL-2938,2024-11-26,SKU-101,CRM Pro,Software,4,111,444,417,APAC,Web,Agent_2,Closed
D-300084,CL-2056,2023-11-05,SKU-201,POS Terminal,Hardware,15,1291,19365,19361,APAC,Web,Agent_11,Won
D-300085,CL-7364,2024-11-06,SKU-102,Analytics Suite,Software,17,1662,28254,28277,APAC,Web,Agent_8,Lost
D-300086,CL-4689,2023-09-28,SKU-201,POS Terminal,Hardware,17,1355,23035,23031,EU,ColdCall,Agent_10,Closed
D-300087,CL-4231,2024-11-07,SKU-201,POS Terminal,Hardware,1,1746,1746,1739,APAC,ColdCall,Agent_7,Won
D-300088,CL-2784,2023-10-03,SKU-101,CRM Pro,Software,12,1519,18228,18184,APAC,ColdCall,Agent_8,Closed
D-300089,CL-3323,2024-03-30,SKU-102,Analytics Suite,Software,24,565,13560,13511,NA,Partner,Agent_1,Lost
D-300090,CL-4143,2023-08-16,SKU-101,CRM Pro,Software,14,471,6594,6562,APAC,Partner,Agent_5,Won
D-300091,CL-3339,2023-04-28,SKU-102,Analytics Suite,Software,17,523,8891,8927,APAC,Web,Agent_10,Lost
D-300092,CL-4138,2024-09-07,SKU-201,POS Terminal,Hardware,3,293,879,829,EU,Web,Agent_11,Lost
D-300093,CL-4535,2024-01-03,SKU-102,Analytics Suite,Software,24,1433,34392,34373,EU,ColdCall,Agent_1,Closed
D-300094,CL-5870,2024-06-06,SKU-101,CRM Pro,Software,18,1766,31788,31746,APAC,Web,Agent_4,Closed
D-300095,CL-2385,2024-08-07,SKU-102,Analytics Suite,Software,17,178,3026,3044,EU,Partner,Agent_9,Won
D-300096,CL-5664,2023-10-13,SKU-102,Analytics Suite,Software,7,1535,10745,10721,EU,ColdCall,Agent_6,Won
D-300097,CL-2045,2024-02-18,SKU-102,Analytics Suite,Software,10,987,9870,9914,APAC,Web,Agent_11,Lost
D-300098,CL-4020,2023-05-21,SKU-101,CRM Pro,Software,19,846,16074,16105,APAC,ColdCall,Agent_11,Closed
D-300099,CL-3945,2024-02-25,SKU-101,CRM Pro,Software,23,1470,33810,33855,APAC,Web,Agent_7,Lost
D-300100,CL-3310,2024-05-08,SKU-102,Analytics Suite,Software,18,807,14526,14525,APAC,Web,Agent_6,Lost
D-300101,CL-7524,2023-12-11,SKU-201,POS Terminal,Hardware,11,568,6248,6253,NA,Partner,Agent_1,Lost
D-300102,CL-2407,2023-01-21,SKU-102,Analytics Suite,Software,15,1079,16185,16197,APAC,Web,Agent_3,Won
D-300103,CL-3405,2024-09-29,SKU-101,CRM Pro,Software,17,335,5695,5660,APAC,Web,Agent_7,Lost
D-300104,CL-2348,2024-12-17,SKU-101,CRM Pro,Software,1,1299,1299,1312,APAC,ColdCall,Agent_3,Closed
D-300105,CL-4873,2023-01-16,SKU-101,CRM Pro,Software,14,761,10654,10644,EU,Web,Agent_3,Closed
D-300106,CL-2455,2023-08-24,SKU-101,CRM Pro,Software,4,998,3992,3951,EU,Partner,Agent_7,Closed
D-300107,CL-7483,2024-04-07,SKU-101,CRM Pro,Software,1,1149,1149,1102,APAC,Partner,Agent_3,Won
D-300108,CL-4701,2024-03-04,SKU-102,Analytics Suite,Software,19,840,15960,15969,APAC,ColdCall,Agent_9,Won
D-300109,CL-5343,2023-10-15,SKU-101,CRM Pro,Software,20,1615,32300,32259,NA,ColdCall,Agent_11,Won
D-300110,CL-6529,2024-10-03,SKU-201,POS Terminal,Hardware,25,1396,34900,34908,NA,Partner,Agent_6,Lost
D-300111,CL-3652,2024-06-18,SKU-201,POS Terminal,Hardware,6,1609,9654,9628,APAC,ColdCall,Agent_10,Won
D-300112,CL-4554,2024-09-04,SKU-102,Analytics Suite,Software,22,335,7370,7405,APAC,ColdCall,Agent_9,Won
D-300113,CL-6267,2024-08-24,SKU-101,CRM Pro,Software,18,738,13284,13292,APAC,Web,Agent_8,Closed
D-300114,CL-4205,2024-09-28,SKU-201,POS Terminal,Hardware,3,1243,3729,3764,APAC,ColdCall,Agent_4,Lost
D-300115,CL-2953,2023-01-21,SKU-201,POS Terminal,Hardware,17,994,16898,16864,EU,ColdCall,Agent_5,Closed
D-300116,CL-7676,2023-11-27,SKU-101,CRM Pro,Software,21,1667,35007,35030,NA,Partner,Agent_9,Closed
D-300117,CL-2730,2023-12-02,SKU-102,Analytics Suite,Software,25,703,17575,17576,APAC,Web,Agent_2,Won
D-300118,CL-3350,2024-11-11,SKU-201,POS Terminal,Hardware,21,1754,36834,36828,NA,Partner,Agent_6,Won
D-300119,CL-7017,2024-01-25,SKU-102,Analytics Suite,Software,24,1045,25080,25088,NA,Partner,Agent_11,Won
D-300120,CL-3837,2024-06-24,SKU-201,POS Terminal,Hardware,8,1490,11920,11886,EU,Web,Agent_2,Closed
D-300121,CL-6881,2023-03-12,SKU-101,CRM Pro,Software,4,960,3840,3869,NA,Partner,Agent_5,Closed
D-300122,CL-7253,2023-12-20,SKU-101,CRM Pro,Software,18,509,9162,9210,NA,ColdCall,Agent_4,Won
D-300123,CL-5720,2024-01-01,SKU-101,CRM Pro,Software,23,940,21620,21654,NA,Web,Agent_10,Lost
D-300124,CL-2820,2024-09-20,SKU-101,CRM Pro,Software,9,1135,10215,10170,APAC,Partner,Agent_1,Lost
D-300125,CL-3683,2024-10-10,SKU-102,Analytics Suite,Software,19,644,12236,12227,APAC,Partner,Agent_4,Won
D-300126,CL-3778,2023-01-12,SKU-101,CRM Pro,Software,1,221,221,232,NA,ColdCall,Agent_5,Won
D-300127,CL-3418,2024-09-16,SKU-102,Analytics Suite,Software,8,1254,10032,10050,EU,Web,Agent_10,Closed
D-300128,CL-3348,2024-06-05,SKU-102,Analytics Suite,Software,17,1649,28033,28082,APAC,Partner,Agent_6,Closed
D-300129,CL-7110,2024-10-30,SKU-102,Analytics Suite,Software,11,1341,14751,14799,APAC,Partner,Agent_10,Won
D-300130,CL-6129,2023-12-09,SKU-102,Analytics Suite,Software,21,1576,33096,33053,NA,ColdCall,Agent_6,Lost
D-300131,CL-4846,2024-05-29,SKU-102,Analytics Suite,Software,5,518,2590,2635,EU,ColdCall,Agent_1,Closed
D-300132,CL-6197,2023-02-03,SKU-102,Analytics Suite,Software,17,1780,30260,30276,EU,Partner,Agent_10,Won
D-300133,CL-5610,2024-09-09,SKU-201,POS Terminal,Hardware,25,307,7675,7647,EU,Partner,Agent_1,Lost
D-300134,CL-2972,2023-04-09,SKU-201,POS Terminal,Hardware,10,586,5860,5844,NA,Web,Agent_7,Won
D-300135,CL-7517,2024-10-24,SKU-101,CRM Pro,Software,15,343,5145,5195,APAC,Web,Agent_2,Won
D-300136,CL-5558,2023-03-01,SKU-102,Analytics Suite,Software,3,854,2562,2543,EU,Partner,Agent_1,Lost
D-300137,CL-5717,2024-01-13,SKU-102,Analytics Suite,Software,13,793,10309,10348,NA,Partner,Agent_2,Lost
D-300138,CL-7404,2024-10-19,SKU-101,CRM Pro,Software,14,153,2142,2179,NA,Partner,Agent_2,Lost
D-300139,CL-6409,2023-06-03,SKU-102,Analytics Suite,Software,24,604,14496,14513,APAC,ColdCall,Agent_9,Won
D-300140,CL-4756,2024-10-30,SKU-201,POS Terminal,Hardware,11,963,10593,10599,EU,ColdCall,Agent_11,Won
D-300141,CL-2250,2023-02-14,SKU-101,CRM Pro,Software,3,399,1197,1186,EU,Partner,Agent_7,Closed
D-300142,CL-4940,2024-02-15,SKU-101,CRM Pro,Software,19,612,11628,11585,EU,Web,Agent_4,Closed
D-300143,CL-2051,2024-04-01,SKU-102,Analytics Suite,Software,7,216,1512,1470,APAC,ColdCall,Agent_3,Lost
D-300144,CL-5631,2023-07-03,SKU-101,CRM Pro,Software,17,813,13821,13775,EU,Partner,Agent_3,Won
D-300145,CL-6016,2023-11-04,SKU-201,POS Terminal,Hardware,3,1301,3903,3870,APAC,Partner,Agent_6,Won
D-300146,CL-7691,2023-12-06,SKU-201,POS Terminal,Hardware,16,1401,22416,22366,EU,ColdCall,Agent_9,Closed
D-300147,CL-6565,2023-06-09,SKU-201,POS Terminal,Hardware,9,1022,9198,9181,NA,Partner,Agent_6,Won
D-300148,CL-3453,2023-03-13,SKU-201,POS Terminal,Hardware,21,577,12117,12069,NA,ColdCall,Agent_9,Closed
D-300149,CL-7090,2024-01-16,SKU-101,CRM Pro,Software,4,961,3844,3875,NA,ColdCall,Agent_8,Closed
D-300150,CL-3588,2024-04-21,SKU-102,Analytics Suite,Software,22,323,7106,7099,NA,Partner,Agent_11,Won
D-300151,CL-2701,2024-03-08,SKU-201,POS Terminal,Hardware,14,818,11452,11458,APAC,ColdCall,Agent_11,Lost
D-300152,CL-2486,2023-02-05,SKU-102,Analytics Suite,Software,10,611,6110,6156,NA,Web,Agent_7,Closed
D-300153,CL-5553,2023-07-25,SKU-102,Analytics Suite,Software,12,105,1260,1298,NA,Partner,Agent_7,Won
D-300154,CL-6331,2024-10-18,SKU-101,CRM Pro,Software,13,1224,15912,15957,NA,Web,Agent_10,Lost
D-300155,CL-6185,2023-04-14,SKU-201,POS Terminal,Hardware,18,1595,28710,28750,APAC,Partner,Agent_10,Closed
D-300156,CL-6353,2023-12-26,SKU-102,Analytics Suite,Software,6,1538,9228,9235,EU,Partner,Agent_4,Won
D-300157,CL-4524,2023-08-29,SKU-101,CRM Pro,Software,4,1164,4656,4629,EU,Web,Agent_8,Closed
D-300158,CL-6960,2024-12-29,SKU-201,POS Terminal,Hardware,13,1165,15145,15150,APAC,ColdCall,Agent_5,Lost
D-300159,CL-2625,2024-08-23,SKU-102,Analytics Suite,Software,17,298,5066,5019,APAC,ColdCall,Agent_8,Won
D-300160,CL-7490,2024-07-30,SKU-201,POS Terminal,Hardware,5,766,3830,3782,APAC,Web,Agent_6,Lost
D-300161,CL-3403,2023-05-04,SKU-201,POS Terminal,Hardware,19,264,5016,5039,NA,Web,Agent_5,Won
D-300162,CL-4553,2023-10-02,SKU-201,POS Terminal,Hardware,6,668,4008,3963,EU,ColdCall,Agent_11,Lost
D-300163,CL-6735,2023-09-24,SKU-101,CRM Pro,Software,14,1386,19404,19365,NA,Partner,Agent_9,Lost
D-300164,CL-5400,2024-04-07,SKU-102,Analytics Suite,Software,11,398,4378,4377,EU,ColdCall,Agent_7,Won
D-300165,CL-2667,2023-04-27,SKU-102,Analytics Suite,Software,12,1377,16524,16559,EU,Web,Agent_2,Won
D-300166,CL-6630,2024-07-07,SKU-201,POS Terminal,Hardware,13,780,10140,10111,EU,ColdCall,Agent_9,Won
D-300167,CL-7549,2023-10-01,SKU-101,CRM Pro,Software,2,1681,3362,3401,EU,ColdCall,Agent_2,Lost
D-300168,CL-2443,2023-04-25,SKU-102,Analytics Suite,Software,11,491,5401,5355,EU,Partner,Agent_8,Won
D-300169,CL-3936,2023-07-17,SKU-101,CRM Pro,Software,5,1192,5960,5990,EU,Web,Agent_7,Lost
D-300170,CL-3677,2023-09-11,SKU-102,Analytics Suite,Software,3,1699,5097,5064,EU,Web,Agent_8,Lost
D-300171,CL-6981,2024-12-19,SKU-102,Analytics Suite,Software,22,1170,25740,25753,APAC,Partner,Agent_1,Won
D-300172,CL-5206,2024-06-05,SKU-101,CRM Pro,Software,11,1497,16467,16424,APAC,Partner,Agent_4,Lost
D-300173,CL-5977,2024-07-20,SKU-101,CRM Pro,Software,11,982,10802,10794,NA,Web,Agent_10,Lost
D-300174,CL-4039,2024-03-25,SKU-102,Analytics Suite,Software,19,448,8512,8472,APAC,ColdCall,Agent_2,Lost
D-300175,CL-6105,2023-01-01,SKU-201,POS Terminal,Hardware,5,1278,6390,6350,APAC,Web,Agent_9,Lost
D-300176,CL-3734,2024-06-10,SKU-102,Analytics Suite,Software,22,989,21758,21738,APAC,ColdCall,Agent_1,Lost
D-300177,CL-2500,2023-12-06,SKU-101,CRM Pro,Software,25,1331,33275,33301,EU,Partner,Agent_7,Lost
D-300178,CL-3821,2023-11-28,SKU-102,Analytics Suite,Software,1,874,874,874,EU,Partner,Agent_2,Lost
D-300179,CL-6523,2023-03-11,SKU-101,CRM Pro,Software,14,1277,17878,17883,APAC,Partner,Agent_5,Won
D-300180,CL-5847,2023-05-18,SKU-101,CRM Pro,Software,8,992,7936,7984,APAC,ColdCall,Agent_4,Lost
D-300181,CL-4885,2024-11-05,SKU-101,CRM Pro,Software,18,587,10566,10533,EU,ColdCall,Agent_8,Closed
D-300182,CL-5329,2023-12-19,SKU-102,Analytics Suite,Software,18,810,14580,14628,EU,Partner,Agent_9,Closed
D-300183,CL-6228,2024-06-18,SKU-102,Analytics Suite,Software,5,650,3250,3239,NA,Web,Agent_9,Won
D-300184,CL-2356,2023-06-10,SKU-102,Analytics Suite,Software,18,1099,19782,19762,NA,Partner,Agent_11,Closed
D-300185,CL-6285,2024-05-09,SKU-102,Analytics Suite,Software,17,1000,17000,17007,EU,ColdCall,Agent_5,Lost
D-300186,CL-3694,2023-01-07,SKU-101,CRM Pro,Software,3,958,2874,2838,NA,ColdCall,Agent_10,Won
D-300187,CL-2553,2023-03-10,SKU-102,Analytics Suite,Software,24,233,5592,5593,NA,Partner,Agent_6,Lost
D-300188,CL-4975,2023-04-09,SKU-102,Analytics Suite,Software,19,890,16910,16960,APAC,Web,Agent_8,Lost
D-300189,CL-3654,2023-01-27,SKU-201,POS Terminal,Hardware,22,1411,31042,31070,EU,Partner,Agent_2,Lost
D-300190,CL-6169,2024-11-29,SKU-201,POS Terminal,Hardware,23,674,15502,15464,NA,Partner,Agent_11,Closed
D-300191,CL-7477,2024-01-19,SKU-201,POS Terminal,Hardware,22,1657,36454,36460,APAC,ColdCall,Agent_10,Lost
D-300192,CL-6611,2023-08-11,SKU-201,POS Terminal,Hardware,14,1599,22386,22374,APAC,ColdCall,Agent_3,Closed
D-300193,CL-6293,2023-02-19,SKU-102,Analytics Suite,Software,12,168,2016,1998,NA,Partner,Agent_10,Won
D-300194,CL-3456,2023-05-06,SKU-201,POS Terminal,Hardware,12,392,4704,4687,NA,Web,Agent_3,Lost
D-300195,CL-3438,2024-02-03,SKU-101,CRM Pro,Software,5,1498,7490,7498,NA,Partner,Agent_7,Closed
D-300196,CL-7204,2023-11-07,SKU-201,POS Terminal,Hardware,23,1007,23161,23205,APAC,Partner,Agent_2,Closed
D-300197,CL-3666,2023-05-23,SKU-101,CRM Pro,Software,2,1379,2758,2746,APAC,Web,Agent_10,Won
D-300198,CL-3199,2024-04-13,SKU-102,Analytics Suite,Software,18,426,7668,7677,APAC,Web,Agent_1,Closed
D-300199,CL-4240,2023-11-21,SKU-101,CRM Pro,Software,5,1360,6800,6782,NA,Web,Agent_5,Closed
D-300200,CL-4019,2023-07-01,SKU-201,POS Terminal,Hardware,7,919,6433,6418,APAC,Partner,Agent_3,Won
D-300201,CL-5817,2023-03-08,SKU-201,POS Terminal,Hardware,14,1142,15988,16001,EU,Partner,Agent_10,Lost
D-300202,CL-4285,2023-09-27,SKU-101,CRM Pro,Software,10,1352,13520,13483,NA,ColdCall,Agent_2,Closed
D-300203,CL-5972,2023-12-29,SKU-101,CRM Pro,Software,25,808,20200,20190,EU,Partner,Agent_4,Won
D-300204,CL-4580,2024-01-08,SKU-101,CRM Pro,Software,3,715,2145,2115,APAC,Web,Agent_8,Won
D-300205,CL-7560,2024-10-16,SKU-201,POS Terminal,Hardware,5,108,540,579,NA,Web,Agent_11,Closed
D-300206,CL-6527,2023-02-03,SKU-201,POS Terminal,Hardware,8,315,2520,2538,EU,ColdCall,Agent_8,Won
D-300207,CL-3990,2023-12-21,SKU-201,POS Terminal,Hardware,16,1062,16992,16975,NA,ColdCall,Agent_7,Lost
D-300208,CL-6799,2023-08-20,SKU-101,CRM Pro,Software,17,606,10302,10284,APAC,Web,Agent_2,Closed
D-300209,CL-2386,2023-03-15,SKU-102,Analytics Suite,Software,5,796,3980,4027,APAC,ColdCall,Agent_1,Won
D-300210,CL-3428,2024-05-08,SKU-201,POS Terminal,Hardware,6,1092,6552,6513,APAC,ColdCall,Agent_9,Lost
D-300211,CL-4884,2024-10-22,SKU-201,POS Terminal,Hardware,8,1114,8912,8962,EU,ColdCall,Agent_7,Closed
D-300212,CL-5635,2023-08-10,SKU-102,Analytics Suite,Software,6,543,3258,3211,EU,ColdCall,Agent_5,Closed
D-300213,CL-7227,2023-08-24,SKU-101,CRM Pro,Software,5,1030,5150,5183,EU,Web,Agent_8,Lost
D-300214,CL-4572,2023-11-30,SKU-101,CRM Pro,Software,13,141,1833,1803,EU,Web,Agent_11,Won
D-300215,CL-3060,2023-06-28,SKU-102,Analytics Suite,Software,10,1211,12110,12136,EU,ColdCall,Agent_4,Closed
D-300216,CL-4035,2024-09-01,SKU-101,CRM Pro,Software,1,469,469,484,EU,Partner,Agent_3,Won
D-300217,CL-2828,2023-10-10,SKU-101,CRM Pro,Software,12,421,5052,5054,EU,Web,Agent_5,Closed
D-300218,CL-4309,2023-08-10,SKU-102,Analytics Suite,Software,2,922,1844,1842,NA,ColdCall,Agent_7,Lost
D-300219,CL-6181,2024-10-14,SKU-101,CRM Pro,Software,9,1019,9171,9130,APAC,Partner,Agent_5,Closed
D-300220,CL-6348,2023-12-22,SKU-101,CRM Pro,Software,22,291,6402,6360,APAC,Partner,Agent_1,Closed
D-300221,CL-2429,2024-11-02,SKU-201,POS Terminal,Hardware,13,1763,22919,22922,EU,ColdCall,Agent_8,Lost
D-300222,CL-7954,2023-09-01,SKU-102,Analytics Suite,Software,15,1282,19230,19280,NA,Partner,Agent_8,Closed
D-300223,CL-2459,2024-11-28,SKU-102,Analytics Suite,Software,19,212,4028,4056,EU,Web,Agent_2,Closed
D-300224,CL-2303,2023-03-05,SKU-102,Analytics Suite,Software,23,1206,27738,27736,APAC,Partner,Agent_6,Won
D-300225,CL-7482,2024-07-14,SKU-101,CRM Pro,Software,23,1265,29095,29060,NA,Partner,Agent_4,Closed
D-300226,CL-7182,2023-11-17,SKU-102,Analytics Suite,Software,22,1690,37180,37201,NA,Web,Agent_7,Closed
D-300227,CL-5433,2023-06-09,SKU-102,Analytics Suite,Software,19,323,6137,6129,NA,Web,Agent_1,Closed
D-300228,CL-6643,2023-04-16,SKU-201,POS Terminal,Hardware,14,1142,15988,15943,NA,Partner,Agent_11,Won
D-300229,CL-5717,2024-11-05,SKU-201,POS Terminal,Hardware,7,128,896,883,NA,ColdCall,Agent_1,Won
D-300230,CL-2254,2024-11-14,SKU-102,Analytics Suite,Software,14,1115,15610,15653,NA,ColdCall,Agent_1,Closed
D-300231,CL-6002,2023-03-09,SKU-101,CRM Pro,Software,5,793,3965,3992,APAC,ColdCall,Agent_11,Won
D-300232,CL-3287,2023-03-03,SKU-201,POS Terminal,Hardware,23,158,3634,3589,APAC,ColdCall,Agent_11,Won
D-300233,CL-4180,2023-09-02,SKU-101,CRM Pro,Software,22,1045,22990,23007,APAC,ColdCall,Agent_3,Lost
D-300234,CL-6756,2023-04-15,SKU-201,POS Terminal,Hardware,1,787,787,777,NA,ColdCall,Agent_10,Won
D-300235,CL-7713,2024-11-29,SKU-102,Analytics Suite,Software,13,1070,13910,13883,EU,Partner,Agent_10,Closed
D-300236,CL-6491,2024-02-21,SKU-101,CRM Pro,Software,20,410,8200,8176,EU,Partner,Agent_4,Closed
D-300237,CL-4795,2024-08-29,SKU-201,POS Terminal,Hardware,20,815,16300,16305,EU,Web,Agent_2,Lost
D-300238,CL-2070,2023-05-19,SKU-101,CRM Pro,Software,22,360,7920,7957,NA,Partner,Agent_3,Won
D-300239,CL-6740,2024-09-22,SKU-201,POS Terminal,Hardware,13,384,4992,4993,EU,Partner,Agent_8,Lost
D-300240,CL-4341,2024-02-05,SKU-201,POS Terminal,Hardware,19,273,5187,5237,APAC,ColdCall,Agent_1,Lost
D-300241,CL-4185,2023-11-11,SKU-101,CRM Pro,Software,4,1795,7180,7135,EU,Web,Agent_7,Won
D-300242,CL-7394,2024-05-02,SKU-101,CRM Pro,Software,7,1761,12327,12320,EU,Partner,Agent_5,Won
D-300243,CL-6726,2023-05-28,SKU-102,Analytics Suite,Software,11,1750,19250,19272,EU,Partner,Agent_3,Closed
D-300244,CL-2307,2023-08-15,SKU-102,Analytics Suite,Software,6,1800,10800,10785,EU,Web,Agent_6,Closed
D-300245,CL-3132,2024-06-30,SKU-102,Analytics Suite,Software,22,1333,29326,29284,NA,Web,Agent_7,Closed
D-300246,CL-5670,2024-07-28,SKU-201,POS Terminal,Hardware,23,718,16514,16539,APAC,ColdCall,Agent_6,Won
D-300247,CL-2098,2023-10-24,SKU-101,CRM Pro,Software,16,1343,21488,21534,EU,Web,Agent_6,Lost
D-300248,CL-3523,2024-06-13,SKU-201,POS Terminal,Hardware,7,467,3269,3222,EU,Web,Agent_8,Won
D-300249,CL-6321,2024-08-15,SKU-102,Analytics Suite,Software,16,1093,17488,17494,APAC,Partner,Agent_1,Won
D-300250,CL-7328,2024-01-23,SKU-101,CRM Pro,Software,19,624,11856,11900,NA,Web,Agent_8,Lost
D-300251,CL-5181,2024-03-10,SKU-101,CRM Pro,Software,6,1390,8340,8291,NA,ColdCall,Agent_1,Closed
D-300252,CL-3869,2023-06-15,SKU-201,POS Terminal,Hardware,5,616,3080,3111,APAC,ColdCall,Agent_11,Won
D-300253,CL-7664,2024-10-29,SKU-201,POS Terminal,Hardware,3,1263,3789,3801,EU,Web,Agent_5,Lost
D-300254,CL-4015,2023-05-19,SKU-102,Analytics Suite,Software,4,216,864,828,EU,Web,Agent_4,Won
D-300255,CL-5858,2024-10-14,SKU-102,Analytics Suite,Software,10,774,7740,7750,NA,ColdCall,Agent_6,Won
D-300256,CL-2011,2023-02-23,SKU-201,POS Terminal,Hardware,7,624,4368,4374,EU,ColdCall,Agent_4,Won
D-300257,CL-2386,2023-01-27,SKU-102,Analytics Suite,Software,23,1068,24564,24532,APAC,Web,Agent_9,Closed
D-300258,CL-5547,2023-11-11,SKU-201,POS Terminal,Hardware,13,1604,20852,20878,EU,Web,Agent_2,Closed
D-300259,CL-2962,2024-01-14,SKU-201,POS Terminal,Hardware,3,535,1605,1592,NA,Partner,Agent_4,Won
D-300260,CL-6727,2023-01-16,SKU-201,POS Terminal,Hardware,4,1398,5592,5642,NA,ColdCall,Agent_5,Lost
D-300261,CL-6924,2024-09-07,SKU-201,POS Terminal,Hardware,16,144,2304,2349,NA,Partner,Agent_9,Won
D-300262,CL-5096,2023-04-29,SKU-101,CRM Pro,Software,10,1734,17340,17303,APAC,ColdCall,Agent_6,Lost
D-300263,CL-7205,2024-03-30,SKU-102,Analytics Suite,Software,22,570,12540,12567,EU,ColdCall,Agent_11,Won
D-300264,CL-5982,2023-10-06,SKU-101,CRM Pro,Software,7,760,5320,5279,NA,Partner,Agent_11,Won
D-300265,CL-6480,2023-09-22,SKU-102,Analytics Suite,Software,22,797,17534,17545,APAC,ColdCall,Agent_6,Closed
D-300266,CL-6568,2023-11-25,SKU-102,Analytics Suite,Software,17,1016,17272,17231,APAC,ColdCall,Agent_11,Lost
D-300267,CL-3087,2023-05-15,SKU-102,Analytics Suite,Software,6,545,3270,3221,NA,ColdCall,Agent_6,Closed
D-300268,CL-7960,2024-09-24,SKU-201,POS Terminal,Hardware,18,1700,30600,30559,NA,Partner,Agent_5,Closed
D-300269,CL-6660,2023-01-14,SKU-201,POS Terminal,Hardware,6,1447,8682,8648,NA,Partner,Agent_6,Closed
D-300270,CL-2221,2023-04-28,SKU-101,CRM Pro,Software,22,1257,27654,27628,EU,Web,Agent_6,Lost
D-300271,CL-6784,2023-10-24,SKU-101,CRM Pro,Software,18,1693,30474,30490,EU,ColdCall,Agent_8,Won
D-300272,CL-5702,2024-09-10,SKU-101,CRM Pro,Software,19,312,5928,5977,EU,ColdCall,Agent_11,Won
D-300273,CL-6319,2023-09-30,SKU-201,POS Terminal,Hardware,18,847,15246,15217,NA,Web,Agent_10,Won
D-300274,CL-5890,2023-01-20,SKU-102,Analytics Suite,Software,2,543,1086,1071,NA,ColdCall,Agent_10,Lost
D-300275,CL-3552,2024-10-19,SKU-101,CRM Pro,Software,1,409,409,417,APAC,Partner,Agent_4,Lost
D-300276,CL-7233,2024-09-07,SKU-101,CRM Pro,Software,19,224,4256,4236,APAC,ColdCall,Agent_4,Won
D-300277,CL-6169,2024-12-21,SKU-102,Analytics Suite,Software,5,799,3995,4041,EU,ColdCall,Agent_2,Won
D-300278,CL-6137,2023-03-02,SKU-201,POS Terminal,Hardware,20,1095,21900,21902,EU,Partner,Agent_6,Won
D-300279,CL-2867,2023-05-18,SKU-201,POS Terminal,Hardware,16,533,8528,8519,EU,ColdCall,Agent_6,Closed
D-300280,CL-5244,2024-05-23,SKU-201,POS Terminal,Hardware,23,1394,32062,32111,NA,Partner,Agent_10,Won
D-300281,CL-4652,2024-03-17,SKU-201,POS Terminal,Hardware,5,683,3415,3459,NA,Web,Agent_4,Closed
D-300282,CL-2726,2023-10-27,SKU-201,POS Terminal,Hardware,23,315,7245,7255,EU,ColdCall,Agent_11,Won
D-300283,CL-7110,2024-05-04,SKU-101,CRM Pro,Software,5,993,4965,4953,NA,Partner,Agent_6,Lost
D-300284,CL-6624,2024-05-26,SKU-201,POS Terminal,Hardware,1,1653,1653,1614,NA,ColdCall,Agent_1,Lost
D-300285,CL-4184,2023-09-19,SKU-102,Analytics Suite,Software,22,357,7854,7817,APAC,ColdCall,Agent_3,Closed
D-300286,CL-4077,2024-08-23,SKU-201,POS Terminal,Hardware,7,1442,10094,10069,NA,ColdCall,Agent_6,Won
D-300287,CL-4472,2024-07-11,SKU-201,POS Terminal,Hardware,25,1085,27125,27110,APAC,Web,Agent_1,Won
D-300288,CL-6120,2024-02-12,SKU-101,CRM Pro,Software,23,205,4715,4736,NA,Partner,Agent_5,Won
D-300289,CL-7113,2023-03-27,SKU-201,POS Terminal,Hardware,6,1508,9048,9055,NA,Partner,Agent_2,Closed
D-300290,CL-5372,2023-12-03,SKU-102,Analytics Suite,Software,18,1140,20520,20530,NA,ColdCall,Agent_11,Won
D-300291,CL-5369,2023-09-10,SKU-201,POS Terminal,Hardware,20,821,16420,16405,NA,ColdCall,Agent_1,Closed
D-300292,CL-7677,2023-11-28,SKU-102,Analytics Suite,Software,2,178,356,342,EU,ColdCall,Agent_2,Won
D-300293,CL-6525,2024-08-29,SKU-101,CRM Pro,Software,5,908,4540,4510,APAC,ColdCall,Agent_6,Lost
D-300294,CL-4141,2023-12-16,SKU-201,POS Terminal,Hardware,17,840,14280,14323,EU,Web,Agent_9,Lost
D-300295,CL-4812,2023-10-23,SKU-201,POS Terminal,Hardware,17,1043,17731,17737,EU,Web,Agent_1,Won
D-300296,CL-7554,2023-08-08,SKU-102,Analytics Suite,Software,17,864,14688,14694,APAC,Partner,Agent_2,Closed
D-300297,CL-4190,2024-12-20,SKU-101,CRM Pro,Software,4,885,3540,3577,EU,ColdCall,Agent_6,Lost
D-300298,CL-5535,2023-03-01,SKU-101,CRM Pro,Software,11,1439,15829,15793,NA,ColdCall,Agent_5,Won
D-300299,CL-6655,2024-10-19,SKU-102,Analytics Suite,Software,14,611,8554,8561,APAC,ColdCall,Agent_6,Won
D-300300,CL-5604,2024-02-22,SKU-102,Analytics Suite,Software,2,433,866,908,NA,Partner,Agent_3,Closed
D-300301,CL-2195,2023-07-31,SKU-102,Analytics Suite,Software,18,1273,22914,22937,EU,ColdCall,Agent_10,Lost
D-300302,CL-4771,2023-08-24,SKU-201,POS Terminal,Hardware,8,459,3672,3680,NA,Partner,Agent_8,Closed
D-300303,CL-2486,2023-09-12,SKU-201,POS Terminal,Hardware,11,1614,17754,17753,NA,Partner,Agent_9,Won
D-300304,CL-7270,2023-02-06,SKU-101,CRM Pro,Software,2,790,1580,1615,APAC,ColdCall,Agent_3,Won
D-300305,CL-7611,2024-08-27,SKU-201,POS Terminal,Hardware,7,1284,8988,8999,APAC,Partner,Agent_8,Won
D-300306,CL-5326,2023-04-12,SKU-101,CRM Pro,Software,12,966,11592,11611,EU,Web,Agent_5,Won
D-300307,CL-7121,2023-08-23,SKU-101,CRM Pro,Software,10,1493,14930,14917,NA,Partner,Agent_10,Won
D-300308,CL-6486,2023-09-03,SKU-201,POS Terminal,Hardware,23,551,12673,12662,APAC,Web,Agent_2,Lost
D-300309,CL-4853,2023-08-20,SKU-101,CRM Pro,Software,21,1078,22638,22624,NA,ColdCall,Agent_4,Lost
D-300310,CL-3598,2024-02-02,SKU-101,CRM Pro,Software,13,1585,20605,20623,NA,Web,Agent_4,Closed
D-300311,CL-6605,2024-05-26,SKU-201,POS Terminal,Hardware,10,138,1380,1351,APAC,Web,Agent_7,Closed
D-300312,CL-7070,2023-01-31,SKU-102,Analytics Suite,Software,19,625,11875,11878,NA,ColdCall,Agent_6,Won
D-300313,CL-6652,2023-01-22,SKU-102,Analytics Suite,Software,2,991,1982,2014,EU,Web,Agent_5,Lost
D-300314,CL-4043,2023-03-22,SKU-101,CRM Pro,Software,15,884,13260,13283,NA,Partner,Agent_2,Closed
D-300315,CL-6608,2024-01-03,SKU-201,POS Terminal,Hardware,16,1496,23936,23947,NA,ColdCall,Agent_9,Closed
D-300316,CL-5119,2023-07-02,SKU-101,CRM Pro,Software,25,1284,32100,32125,APAC,Web,Agent_5,Won
D-300317,CL-3772,2023-11-03,SKU-201,POS Terminal,Hardware,15,1658,24870,24918,NA,Partner,Agent_9,Won
D-300318,CL-5129,2024-10-16,SKU-101,CRM Pro,Software,22,1758,38676,38688,NA,Web,Agent_8,Won
D-300319,CL-6473,2024-06-19,SKU-102,Analytics Suite,Software,9,1242,11178,11195,EU,ColdCall,Agent_9,Closed
D-300320,CL-6337,2023-08-03,SKU-101,CRM Pro,Software,24,178,4272,4293,NA,ColdCall,Agent_4,Won
D-300321,CL-5156,2024-05-13,SKU-201,POS Terminal,Hardware,3,699,2097,2132,APAC,ColdCall,Agent_5,Closed
D-300322,CL-2615,2023-06-22,SKU-201,POS Terminal,Hardware,24,1320,31680,31651,APAC,Partner,Agent_7,Closed
D-300323,CL-6938,2023-07-15,SKU-101,CRM Pro,Software,24,946,22704,22699,NA,ColdCall,Agent_7,Lost
D-300324,CL-2112,2024-02-17,SKU-102,Analytics Suite,Software,18,397,7146,7183,EU,Web,Agent_3,Won
D-300325,CL-2684,2024-07-23,SKU-101,CRM Pro,Software,21,810,17010,17029,APAC,ColdCall,Agent_7,Closed
D-300326,CL-7210,2023-11-11,SKU-102,Analytics Suite,Software,13,1424,18512,18532,NA,ColdCall,Agent_3,Closed
D-300327,CL-4316,2023-04-13,SKU-102,Analytics Suite,Software,16,635,10160,10152,NA,ColdCall,Agent_7,Closed
D-300328,CL-2121,2024-11-04,SKU-101,CRM Pro,Software,2,1745,3490,3469,EU,Partner,Agent_5,Closed
D-300329,CL-4997,2023-10-13,SKU-102,Analytics Suite,Software,5,364,1820,1816,APAC,Partner,Agent_3,Lost
D-300330,CL-4190,2024-09-03,SKU-102,Analytics Suite,Software,3,689,2067,2041,APAC,ColdCall,Agent_5,Lost
D-300331,CL-3968,2024-04-13,SKU-201,POS Terminal,Hardware,2,665,1330,1296,EU,ColdCall,Agent_7,Closed
D-300332,CL-2106,2023-12-01,SKU-101,CRM Pro,Software,13,800,10400,10388,APAC,Web,Agent_6,Closed
D-300333,CL-2046,2024-04-16,SKU-201,POS Terminal,Hardware,2,302,604,639,NA,Partner,Agent_11,Lost
D-300334,CL-5359,2023-02-07,SKU-102,Analytics Suite,Software,24,744,17856,17843,NA,ColdCall,Agent_7,Lost
D-300335,CL-2963,2023-08-16,SKU-102,Analytics Suite,Software,21,1408,29568,29537,EU,Partner,Agent_1,Lost
D-300336,CL-2163,2024-03-21,SKU-102,Analytics Suite,Software,16,251,4016,4022,NA,ColdCall,Agent_7,Lost
D-300337,CL-5910,2024-11-09,SKU-201,POS Terminal,Hardware,13,646,8398,8383,NA,Partner,Agent_10,Lost
D-300338,CL-4079,2023-03-17,SKU-101,CRM Pro,Software,2,1695,3390,3374,EU,ColdCall,Agent_6,Lost
D-300339,CL-7187,2023-05-12,SKU-201,POS Terminal,Hardware,24,786,18864,18816,APAC,ColdCall,Agent_10,Closed
D-300340,CL-4566,2024-07-09,SKU-201,POS Terminal,Hardware,13,693,9009,9058,NA,ColdCall,Agent_3,Won
D-300341,CL-5475,2024-10-12,SKU-102,Analytics Suite,Software,6,1452,8712,8721,NA,ColdCall,Agent_2,Closed
D-300342,CL-4818,2024-02-15,SKU-102,Analytics Suite,Software,3,597,1791,1775,APAC,Partner,Agent_10,Won
D-300343,CL-3028,2024-08-03,SKU-201,POS Terminal,Hardware,15,1253,18795,18819,NA,Web,Agent_4,Lost
D-300344,CL-7862,2024-07-06,SKU-201,POS Terminal,Hardware,23,668,15364,15369,NA,Partner,Agent_9,Won
D-300345,CL-6489,2024-04-26,SKU-102,Analytics Suite,Software,13,405,5265,5299,APAC,Partner,Agent_8,Lost
D-300346,CL-2413,2024-06-16,SKU-102,Analytics Suite,Software,25,738,18450,18456,EU,Web,Agent_6,Lost
D-300347,CL-7216,2023-07-20,SKU-201,POS Terminal,Hardware,23,1747,40181,40157,EU,Partner,Agent_8,Closed
D-300348,CL-7339,2023-07-16,SKU-101,CRM Pro,Software,9,667,6003,6010,APAC,ColdCall,Agent_3,Closed
D-300349,CL-6338,2024-11-18,SKU-102,Analytics Suite,Software,23,1408,32384,32371,APAC,Partner,Agent_2,Won
D-300350,CL-5513,2023-01-12,SKU-201,POS Terminal,Hardware,15,656,9840,9889,EU,ColdCall,Agent_10,Lost
D-300351,CL-5099,2024-12-20,SKU-102,Analytics Suite,Software,20,688,13760,13761,NA,Partner,Agent_1,Lost
D-300352,CL-4779,2024-12-29,SKU-201,POS Terminal,Hardware,15,717,10755,10761,APAC,Web,Agent_11,Lost
D-300353,CL-6449,2023-04-10,SKU-201,POS Terminal,Hardware,11,434,4774,4803,EU,Web,Agent_11,Won
D-300354,CL-6564,2023-07-15,SKU-102,Analytics Suite,Software,6,1029,6174,6204,APAC,Web,Agent_5,Closed
D-300355,CL-5906,2023-07-08,SKU-101,CRM Pro,Software,18,444,7992,8000,APAC,Web,Agent_4,Closed
D-300356,CL-2130,2023-06-24,SKU-201,POS Terminal,Hardware,25,1264,31600,31639,EU,Partner,Agent_5,Won
D-300357,CL-5820,2024-11-02,SKU-201,POS Terminal,Hardware,9,1543,13887,13917,APAC,Partner,Agent_4,Lost
D-300358,CL-2417,2024-06-05,SKU-102,Analytics Suite,Software,23,1110,25530,25484,NA,ColdCall,Agent_10,Won
D-300359,CL-4198,2024-02-18,SKU-101,CRM Pro,Software,19,1650,31350,31355,APAC,ColdCall,Agent_11,Closed
D-300360,CL-3851,2024-01-12,SKU-102,Analytics Suite,Software,8,1198,9584,9631,EU,Web,Agent_2,Closed
D-300361,CL-5628,2023-05-04,SKU-101,CRM Pro,Software,4,1039,4156,4112,APAC,ColdCall,Agent_11,Lost
D-300362,CL-3009,2023-10-13,SKU-201,POS Terminal,Hardware,3,420,1260,1210,APAC,Web,Agent_10,Won
D-300363,CL-6650,2023-10-24,SKU-201,POS Terminal,Hardware,1,748,748,795,EU,ColdCall,Agent_8,Won
D-300364,CL-3432,2023-10-04,SKU-101,CRM Pro,Software,21,1753,36813,36810,NA,Partner,Agent_7,Closed
D-300365,CL-4687,2023-09-09,SKU-101,CRM Pro,Software,4,770,3080,3100,NA,Partner,Agent_4,Closed
D-300366,CL-2773,2023-02-18,SKU-201,POS Terminal,Hardware,16,1637,26192,26162,NA,ColdCall,Agent_6,Closed
D-300367,CL-7216,2024-09-05,SKU-201,POS Terminal,Hardware,21,675,14175,14214,EU,ColdCall,Agent_4,Won
D-300368,CL-2549,2023-10-02,SKU-101,CRM Pro,Software,3,911,2733,2708,NA,Web,Agent_4,Lost
D-300369,CL-6919,2023-10-12,SKU-102,Analytics Suite,Software,7,1487,10409,10407,NA,Web,Agent_6,Lost
D-300370,CL-3972,2023-03-04,SKU-101,CRM Pro,Software,9,248,2232,2205,APAC,ColdCall,Agent_7,Lost
D-300371,CL-5821,2024-01-19,SKU-102,Analytics Suite,Software,7,1580,11060,11078,NA,Web,Agent_8,Closed
D-300372,CL-2914,2024-01-16,SKU-101,CRM Pro,Software,14,1455,20370,20331,APAC,Partner,Agent_6,Won
D-300373,CL-5584,2024-01-19,SKU-101,CRM Pro,Software,4,987,3948,3985,APAC,Partner,Agent_1,Closed
D-300374,CL-7157,2023-11-14,SKU-201,POS Terminal,Hardware,13,506,6578,6529,NA,ColdCall,Agent_11,Closed
D-300375,CL-5118,2023-06-26,SKU-101,CRM Pro,Software,7,1665,11655,11646,NA,Web,Agent_5,Lost
D-300376,CL-7422,2023-04-23,SKU-102,Analytics Suite,Software,8,766,6128,6156,APAC,Partner,Agent_7,Won
D-300377,CL-3938,2024-02-26,SKU-201,POS Terminal,Hardware,10,955,9550,9596,NA,Web,Agent_5,Lost
D-300378,CL-7466,2023-11-12,SKU-101,CRM Pro,Software,14,893,12502,12536,NA,Partner,Agent_5,Closed
D-300379,CL-3243,2024-04-07,SKU-102,Analytics Suite,Software,10,629,6290,6264,EU,ColdCall,Agent_2,Lost
D-300380,CL-5778,2023-01-30,SKU-102,Analytics Suite,Software,9,462,4158,4204,NA,Web,Agent_6,Closed
D-300381,CL-4917,2024-08-30,SKU-102,Analytics Suite,Software,12,1456,17472,17494,EU,Web,Agent_2,Won
D-300382,CL-7568,2023-02-20,SKU-101,CRM Pro,Software,21,1279,26859,26850,APAC,ColdCall,Agent_2,Won
D-300383,CL-5496,2024-05-03,SKU-101,CRM Pro,Software,2,1247,2494,2476,EU,ColdCall,Agent_9,Won
D-300384,CL-5937,2024-02-14,SKU-101,CRM Pro,Software,7,405,2835,2883,APAC,Web,Agent_9,Closed
D-300385,CL-5263,2023-11-14,SKU-102,Analytics Suite,Software,20,1588,31760,31722,NA,Web,Agent_6,Won
D-300386,CL-6780,2024-02-12,SKU-201,POS Terminal,Hardware,25,605,15125,15173,EU,Web,Agent_9,Lost
D-300387,CL-4246,2024-05-15,SKU-101,CRM Pro,Software,23,290,6670,6664,NA,Web,Agent_5,Won
D-300388,CL-5826,2023-10-08,SKU-101,CRM Pro,Software,24,534,12816,12797,NA,Partner,Agent_2,Won
D-300389,CL-4606,2023-01-01,SKU-101,CRM Pro,Software,11,890,9790,9746,APAC,ColdCall,Agent_11,Closed
D-300390,CL-7509,2023-11-15,SKU-201,POS Terminal,Hardware,2,1487,2974,2960,APAC,Partner,Agent_5,Lost
D-300391,CL-7586,2023-05-15,SKU-201,POS Terminal,Hardware,10,1294,12940,12953,APAC,ColdCall,Agent_10,Closed
D-300392,CL-2303,2024-01-25,SKU-101,CRM Pro,Software,15,451,6765,6790,APAC,Web,Agent_11,Lost
D-300393,CL-2282,2024-09-17,SKU-101,CRM Pro,Software,16,445,7120,7091,EU,ColdCall,Agent_8,Closed
D-300394,CL-6728,2023-10-10,SKU-101,CRM Pro,Software,13,295,3835,3848,NA,ColdCall,Agent_2,Closed
D-300395,CL-2687,2023-12-29,SKU-201,POS Terminal,Hardware,13,1126,14638,14611,NA,ColdCall,Agent_6,Lost
D-300396,CL-2500,2023-08-15,SKU-201,POS Terminal,Hardware,15,1732,25980,25953,EU,ColdCall,Agent_8,Won
D-300397,CL-2803,2023-03-24,SKU-101,CRM Pro,Software,15,705,10575,10603,NA,Partner,Agent_6,Closed
D-300398,CL-2889,2023-07-29,SKU-101,CRM Pro,Software,20,1049,20980,20962,APAC,Partner,Agent_4,Won
D-300399,CL-3202,2023-04-06,SKU-102,Analytics Suite,Software,25,876,21900,21860,EU,Web,Agent_11,Closed
D-300400,CL-5070,2023-07-10,SKU-102,Analytics Suite,Software,25,1344,33600,33623,APAC,Web,Agent_5,Closed
D-300401,CL-3339,2024-10-28,SKU-102,Analytics Suite,Software,3,1260,3780,3819,EU,ColdCall,Agent_8,Closed
D-300402,CL-6423,2023-07-04,SKU-102,Analytics Suite,Software,11,1020,11220,11212,APAC,Web,Agent_4,Won
D-300403,CL-6698,2023-10-20,SKU-101,CRM Pro,Software,11,1172,12892,12854,NA,Web,Agent_4,Won
D-300404,CL-6347,2024-11-01,SKU-201,POS Terminal,Hardware,9,899,8091,8139,APAC,ColdCall,Agent_3,Lost
D-300405,CL-2330,2024-02-14,SKU-201,POS Terminal,Hardware,14,790,11060,11028,APAC,ColdCall,Agent_8,Closed
D-300406,CL-2227,2024-12-27,SKU-201,POS Terminal,Hardware,8,502,4016,4050,EU,ColdCall,Agent_4,Lost
D-300407,CL-3450,2024-01-22,SKU-102,Analytics Suite,Software,6,942,5652,5625,APAC,Web,Agent_6,Won
D-300408,CL-5254,2023-09-14,SKU-101,CRM Pro,Software,5,1226,6130,6115,APAC,Partner,Agent_6,Closed
D-300409,CL-5286,2023-04-03,SKU-101,CRM Pro,Software,12,445,5340,5387,EU,Web,Agent_1,Won
D-300410,CL-4946,2024-04-09,SKU-101,CRM Pro,Software,13,362,4706,4668,APAC,Partner,Agent_6,Won
D-300411,CL-6438,2023-08-16,SKU-101,CRM Pro,Software,21,1040,21840,21887,EU,Web,Agent_7,Lost
D-300412,CL-7485,2023-12-25,SKU-101,CRM Pro,Software,13,1540,20020,20047,EU,Partner,Agent_4,Won
D-300413,CL-7167,2024-08-28,SKU-101,CRM Pro,Software,23,1673,38479,38521,EU,Web,Agent_9,Won
D-300414,CL-5399,2023-02-25,SKU-102,Analytics Suite,Software,2,486,972,933,NA,ColdCall,Agent_6,Won
D-300415,CL-4381,2023-11-21,SKU-101,CRM Pro,Software,15,886,13290,13308,APAC,Partner,Agent_8,Lost
D-300416,CL-6802,2024-03-12,SKU-101,CRM Pro,Software,15,1632,24480,24440,APAC,Partner,Agent_11,Lost
D-300417,CL-7564,2023-11-12,SKU-201,POS Terminal,Hardware,9,1405,12645,12678,NA,Web,Agent_1,Won
D-300418,CL-4317,2023-10-21,SKU-102,Analytics Suite,Software,14,1441,20174,20199,NA,Web,Agent_7,Lost
D-300419,CL-4119,2024-12-02,SKU-201,POS Terminal,Hardware,1,1592,1592,1577,APAC,Partner,Agent_10,Won
D-300420,CL-4583,2023-01-08,SKU-101,CRM Pro,Software,22,148,3256,3224,NA,Web,Agent_4,Closed
D-300421,CL-4206,2023-10-10,SKU-102,Analytics Suite,Software,8,641,5128,5167,EU,Web,Agent_7,Won
D-300422,CL-7263,2024-11-26,SKU-201,POS Terminal,Hardware,22,783,17226,17248,APAC,Web,Agent_11,Closed
D-300423,CL-2618,2023-03-18,SKU-102,Analytics Suite,Software,11,1464,16104,16130,APAC,ColdCall,Agent_5,Won
D-300424,CL-5545,2024-09-04,SKU-101,CRM Pro,Software,13,547,7111,7133,NA,Partner,Agent_3,Closed
D-300425,CL-5020,2024-01-10,SKU-201,POS Terminal,Hardware,9,235,2115,2128,EU,Partner,Agent_10,Lost
D-300426,CL-4225,2024-09-27,SKU-101,CRM Pro,Software,6,528,3168,3184,APAC,Web,Agent_5,Lost
D-300427,CL-3421,2023-12-01,SKU-201,POS Terminal,Hardware,11,481,5291,5262,APAC,Partner,Agent_6,Lost
D-300428,CL-6945,2023-05-01,SKU-102,Analytics Suite,Software,17,309,5253,5249,EU,ColdCall,Agent_1,Won
D-300429,CL-3205,2024-06-29,SKU-102,Analytics Suite,Software,6,866,5196,5195,NA,ColdCall,Agent_6,Lost
D-300430,CL-6137,2024-12-15,SKU-101,CRM Pro,Software,20,1453,29060,29043,NA,ColdCall,Agent_6,Lost
D-300431,CL-7426,2023-01-30,SKU-102,Analytics Suite,Software,12,673,8076,8051,EU,Web,Agent_11,Won
D-300432,CL-6814,2024-07-25,SKU-201,POS Terminal,Hardware,3,1053,3159,3207,APAC,ColdCall,Agent_10,Closed
D-300433,CL-6063,2024-10-09,SKU-102,Analytics Suite,Software,12,1232,14784,14833,EU,ColdCall,Agent_4,Lost
D-300434,CL-5721,2023-04-30,SKU-101,CRM Pro,Software,23,1667,38341,38326,NA,Partner,Agent_3,Lost
D-300435,CL-4191,2023-04-16,SKU-101,CRM Pro,Software,1,1737,1737,1715,NA,Partner,Agent_1,Lost
D-300436,CL-5847,2023-01-04,SKU-201,POS Terminal,Hardware,19,526,9994,10024,APAC,Partner,Agent_3,Won
D-300437,CL-5088,2023-05-07,SKU-201,POS Terminal,Hardware,22,124,2728,2766,EU,Web,Agent_4,Lost
D-300438,CL-4650,2023-04-27,SKU-201,POS Terminal,Hardware,4,1118,4472,4521,NA,Partner,Agent_1,Won
D-300439,CL-3498,2023-05-23,SKU-101,CRM Pro,Software,4,1260,5040,5034,APAC,Partner,Agent_6,Closed
D-300440,CL-4503,2024-04-18,SKU-102,Analytics Suite,Software,8,1181,9448,9416,APAC,Web,Agent_5,Won
D-300441,CL-2611,2024-03-26,SKU-102,Analytics Suite,Software,21,1557,32697,32677,NA,ColdCall,Agent_10,Won
D-300442,CL-6012,2024-02-14,SKU-201,POS Terminal,Hardware,5,630,3150,3161,APAC,Partner,Agent_10,Closed
D-300443,CL-5940,2024-07-30,SKU-102,Analytics Suite,Software,10,981,9810,9781,EU,ColdCall,Agent_8,Lost
D-300444,CL-5939,2024-10-26,SKU-101,CRM Pro,Software,5,1013,5065,5094,APAC,Partner,Agent_2,Lost
D-300445,CL-3720,2023-05-27,SKU-101,CRM Pro,Software,21,765,16065,16102,EU,Partner,Agent_9,Won
D-300446,CL-2124,2023-01-27,SKU-102,Analytics Suite,Software,6,559,3354,3327,EU,Web,Agent_8,Lost
D-300447,CL-6402,2023-03-11,SKU-101,CRM Pro,Software,10,1074,10740,10785,NA,Partner,Agent_8,Won
D-300448,CL-5010,2024-12-05,SKU-101,CRM Pro,Software,12,904,10848,10814,NA,ColdCall,Agent_2,Won
D-300449,CL-7241,2024-01-08,SKU-102,Analytics Suite,Software,23,1600,36800,36760,EU,Web,Agent_6,Closed
D-300450,CL-6666,2023-09-12,SKU-201,POS Terminal,Hardware,4,1548,6192,6200,APAC,Partner,Agent_7,Lost
D-300451,CL-3646,2024-06-09,SKU-201,POS Terminal,Hardware,11,701,7711,7739,APAC,Web,Agent_7,Closed
D-300452,CL-7005,2024-01-14,SKU-201,POS Terminal,Hardware,21,335,7035,7029,EU,ColdCall,Agent_3,Won
D-300453,CL-6931,2023-12-25,SKU-201,POS Terminal,Hardware,5,1363,6815,6796,APAC,Web,Agent_11,Won
D-300454,CL-6513,2024-04-14,SKU-201,POS Terminal,Hardware,8,1554,12432,12439,NA,Partner,Agent_8,Lost
D-300455,CL-3405,2023-01-15,SKU-102,Analytics Suite,Software,15,1215,18225,18183,APAC,Web,Agent_7,Lost
D-300456,CL-4734,2023-05-27,SKU-102,Analytics Suite,Software,25,1595,39875,39865,EU,Partner,Agent_11,Closed
D-300457,CL-6946,2023-07-12,SKU-101,CRM Pro,Software,21,1575,33075,33078,NA,Partner,Agent_11,Lost
D-300458,CL-7266,2023-09-25,SKU-101,CRM Pro,Software,17,672,11424,11374,APAC,Partner,Agent_3,Won
D-300459,CL-5121,2024-02-15,SKU-102,Analytics Suite,Software,19,1005,19095,19122,APAC,Web,Agent_2,Won
D-300460,CL-2366,2023-07-25,SKU-201,POS Terminal,Hardware,4,1448,5792,5785,EU,Partner,Agent_4,Won
D-300461,CL-2248,2024-06-29,SKU-101,CRM Pro,Software,5,379,1895,1850,APAC,ColdCall,Agent_3,Won
D-300462,CL-5094,2023-02-19,SKU-101,CRM Pro,Software,20,359,7180,7149,APAC,ColdCall,Agent_1,Closed
D-300463,CL-6621,2023-08-30,SKU-101,CRM Pro,Software,22,855,18810,18858,APAC,Partner,Agent_4,Lost
D-300464,CL-7854,2024-07-12,SKU-201,POS Terminal,Hardware,7,1197,8379,8348,EU,Web,Agent_7,Lost
D-300465,CL-4964,2023-09-30,SKU-102,Analytics Suite,Software,13,579,7527,7510,EU,Partner,Agent_7,Closed
D-300466,CL-7718,2024-01-01,SKU-201,POS Terminal,Hardware,2,687,1374,1356,NA,Partner,Agent_6,Closed
D-300467,CL-6198,2024-03-02,SKU-201,POS Terminal,Hardware,15,1147,17205,17219,APAC,Partner,Agent_7,Closed
D-300468,CL-4425,2023-08-15,SKU-101,CRM Pro,Software,7,936,6552,6600,APAC,ColdCall,Agent_8,Won
D-300469,CL-4088,2024-01-25,SKU-102,Analytics Suite,Software,10,180,1800,1769,EU,ColdCall,Agent_11,Lost
D-300470,CL-5131,2023-08-05,SKU-201,POS Terminal,Hardware,20,1530,30600,30563,APAC,Web,Agent_8,Lost
D-300471,CL-5330,2023-10-06,SKU-101,CRM Pro,Software,4,1548,6192,6176,APAC,ColdCall,Agent_4,Won
D-300472,CL-7626,2023-08-23,SKU-201,POS Terminal,Hardware,21,1531,32151,32154,EU,ColdCall,Agent_5,Won
D-300473,CL-6083,2024-04-04,SKU-201,POS Terminal,Hardware,16,517,8272,8311,EU,Partner,Agent_9,Won
D-300474,CL-4500,2024-02-22,SKU-101,CRM Pro,Software,12,1680,20160,20135,NA,Partner,Agent_7,Lost
D-300475,CL-5808,2024-07-24,SKU-102,Analytics Suite,Software,13,231,3003,3020,APAC,Web,Agent_6,Won
D-300476,CL-3176,2024-08-05,SKU-101,CRM Pro,Software,16,446,7136,7107,NA,ColdCall,Agent_8,Closed
D-300477,CL-4915,2023-11-20,SKU-102,Analytics Suite,Software,6,224,1344,1362,APAC,Web,Agent_5,Closed
D-300478,CL-2072,2023-09-20,SKU-201,POS Terminal,Hardware,19,301,5719,5733,APAC,Partner,Agent_4,Lost
D-300479,CL-7646,2024-03-15,SKU-102,Analytics Suite,Software,1,849,849,823,APAC,Partner,Agent_11,Won
D-300480,CL-2603,2023-09-12,SKU-101,CRM Pro,Software,5,1002,5010,4988,EU,Web,Agent_11,Won
D-300481,CL-7978,2023-05-25,SKU-201,POS Terminal,Hardware,17,1350,22950,22949,NA,Web,Agent_3,Lost
D-300482,CL-6336,2024-01-21,SKU-101,CRM Pro,Software,14,981,13734,13775,NA,ColdCall,Agent_2,Closed
D-300483,CL-5130,2024-06-13,SKU-102,Analytics Suite,Software,16,969,15504,15498,APAC,ColdCall,Agent_11,Won
D-300484,CL-5861,2024-07-31,SKU-102,Analytics Suite,Software,4,1538,6152,6141,EU,Partner,Agent_10,Closed
D-300485,CL-6179,2024-09-15,SKU-201,POS Terminal,Hardware,5,569,2845,2818,APAC,ColdCall,Agent_6,Closed
D-300486,CL-4685,2024-03-31,SKU-201,POS Terminal,Hardware,25,1165,29125,29087,APAC,Web,Agent_8,Lost
D-300487,CL-4396,2024-01-02,SKU-101,CRM Pro,Software,13,681,8853,8833,NA,ColdCall,Agent_11,Lost
D-300488,CL-5466,2023-08-03,SKU-102,Analytics Suite,Software,4,1686,6744,6780,APAC,Web,Agent_6,Won
D-300489,CL-3989,2023-08-21,SKU-101,CRM Pro,Software,23,962,22126,22154,APAC,Web,Agent_8,Closed
D-300490,CL-5295,2024-02-05,SKU-201,POS Terminal,Hardware,22,1502,33044,33075,EU,Web,Agent_9,Lost
D-300491,CL-5611,2024-01-23,SKU-201,POS Terminal,Hardware,22,1082,23804,23802,NA,ColdCall,Agent_5,Won
D-300492,CL-3913,2023-02-25,SKU-102,Analytics Suite,Software,14,1367,19138,19167,NA,ColdCall,Agent_4,Won
D-300493,CL-7166,2024-01-01,SKU-201,POS Terminal,Hardware,3,1427,4281,4250,EU,Web,Agent_2,Won
D-300494,CL-6926,2024-01-07,SKU-201,POS Terminal,Hardware,10,1621,16210,16254,EU,ColdCall,Agent_1,Closed
D-300495,CL-2869,2023-12-10,SKU-102,Analytics Suite,Software,6,159,954,932,NA,Partner,Agent_7,Closed
D-300496,CL-3594,2023-10-06,SKU-102,Analytics Suite,Software,19,933,17727,17707,APAC,Partner,Agent_10,Lost
D-300497,CL-7102,2024-08-22,SKU-102,Analytics Suite,Software,6,692,4152,4119,NA,Web,Agent_6,Won
D-300498,CL-6292,2024-07-23,SKU-201,POS Terminal,Hardware,20,553,11060,11024,EU,Web,Agent_3,Lost
D-300499,CL-7234,2024-03-19,SKU-102,Analytics Suite,Software,15,751,11265,11239,EU,Partner,Agent_10,Closed
D-300500,CL-4224,2024-03-06,SKU-102,Analytics Suite,Software,14,362,5068,5019,APAC,Partner,Agent_11,Won
D-300501,CL-7308,2024-12-25,SKU-102,Analytics Suite,Software,24,1296,31104,31088,APAC,Partner,Agent_1,Closed
D-300502,CL-3218,2024-01-26,SKU-101,CRM Pro,Software,24,1667,40008,40052,EU,Web,Agent_11,Lost
D-300503,CL-3816,2023-08-30,SKU-201,POS Terminal,Hardware,18,406,7308,7280,APAC,Web,Agent_9,Lost
D-300504,CL-3508,2023-05-13,SKU-201,POS Terminal,Hardware,11,908,9988,9968,NA,Web,Agent_11,Closed
D-300505,CL-3828,2023-11-18,SKU-101,CRM Pro,Software,20,886,17720,17707,APAC,ColdCall,Agent_5,Closed
D-300506,CL-3983,2024-04-20,SKU-201,POS Terminal,Hardware,14,470,6580,6626,EU,Partner,Agent_1,Won
D-300507,CL-4670,2023-11-03,SKU-101,CRM Pro,Software,11,1674,18414,18369,APAC,Web,Agent_3,Won
D-300508,CL-6893,2023-08-12,SKU-102,Analytics Suite,Software,17,1251,21267,21233,EU,Partner,Agent_11,Lost
D-300509,CL-7779,2023-11-10,SKU-101,CRM Pro,Software,24,270,6480,6497,APAC,Partner,Agent_1,Closed
D-300510,CL-4578,2024-01-05,SKU-201,POS Terminal,Hardware,25,815,20375,20414,NA,Partner,Agent_5,Lost
D-300511,CL-4917,2023-01-05,SKU-101,CRM Pro,Software,24,247,5928,5882,EU,ColdCall,Agent_6,Closed
D-300512,CL-2721,2023-08-05,SKU-102,Analytics Suite,Software,3,1572,4716,4681,APAC,Partner,Agent_5,Lost
D-300513,CL-5564,2024-02-26,SKU-102,Analytics Suite,Software,12,158,1896,1860,APAC,Partner,Agent_7,Won
D-300514,CL-4720,2023-06-26,SKU-101,CRM Pro,Software,5,1288,6440,6429,APAC,ColdCall,Agent_7,Closed
D-300515,CL-3555,2023-06-25,SKU-201,POS Terminal,Hardware,25,1018,25450,25447,EU,Web,Agent_4,Lost
D-300516,CL-3586,2023-12-08,SKU-201,POS Terminal,Hardware,20,847,16940,16917,EU,Partner,Agent_2,Won
D-300517,CL-3269,2023-05-23,SKU-102,Analytics Suite,Software,24,1576,37824,37830,EU,Web,Agent_9,Closed
D-300518,CL-3685,2023-12-17,SKU-101,CRM Pro,Software,21,1703,35763,35798,NA,Web,Agent_4,Closed
D-300519,CL-3601,2024-06-28,SKU-201,POS Terminal,Hardware,11,1735,19085,19040,APAC,Partner,Agent_6,Closed
D-300520,CL-4350,2024-05-29,SKU-102,Analytics Suite,Software,5,575,2875,2840,NA,Partner,Agent_11,Lost
D-300521,CL-5191,2023-12-03,SKU-201,POS Terminal,Hardware,23,1497,34431,34405,NA,Partner,Agent_7,Lost
D-300522,CL-2152,2024-11-19,SKU-101,CRM Pro,Software,10,1258,12580,12531,APAC,Web,Agent_9,Won
D-300523,CL-2816,2024-08-03,SKU-101,CRM Pro,Software,15,1303,19545,19503,NA,Partner,Agent_1,Won
D-300524,CL-7506,2023-02-17,SKU-102,Analytics Suite,Software,1,1372,1372,1329,NA,Web,Agent_9,Closed
D-300525,CL-4042,2024-02-20,SKU-101,CRM Pro,Software,14,553,7742,7762,APAC,Partner,Agent_4,Closed
D-300526,CL-6447,2024-03-17,SKU-201,POS Terminal,Hardware,9,1048,9432,9443,NA,Web,Agent_9,Won
D-300527,CL-2591,2024-10-01,SKU-201,POS Terminal,Hardware,18,535,9630,9621,EU,Partner,Agent_10,Won
D-300528,CL-5721,2024-10-28,SKU-201,POS Terminal,Hardware,17,1654,28118,28142,NA,Partner,Agent_2,Lost
D-300529,CL-2077,2024-09-05,SKU-102,Analytics Suite,Software,6,1678,10068,10032,EU,Web,Agent_9,Lost
D-300530,CL-5342,2023-02-10,SKU-102,Analytics Suite,Software,10,361,3610,3603,NA,Web,Agent_2,Closed
D-300531,CL-2459,2024-04-14,SKU-102,Analytics Suite,Software,21,1647,34587,34584,APAC,Partner,Agent_10,Won
D-300532,CL-4264,2023-07-03,SKU-102,Analytics Suite,Software,15,1455,21825,21817,NA,Partner,Agent_10,Closed
D-300533,CL-5042,2024-07-04,SKU-102,Analytics Suite,Software,5,512,2560,2592,APAC,ColdCall,Agent_9,Lost
D-300534,CL-3760,2023-02-23,SKU-201,POS Terminal,Hardware,5,679,3395,3438,NA,ColdCall,Agent_8,Closed
D-300535,CL-6859,2024-12-28,SKU-101,CRM Pro,Software,25,1181,29525,29571,EU,ColdCall,Agent_10,Won
D-300536,CL-5846,2024-11-02,SKU-101,CRM Pro,Software,19,1075,20425,20421,APAC,ColdCall,Agent_3,Closed
D-300537,CL-5554,2023-03-11,SKU-201,POS Terminal,Hardware,16,1653,26448,26446,EU,ColdCall,Agent_4,Won
D-300538,CL-7337,2023-12-03,SKU-102,Analytics Suite,Software,8,1753,14024,13996,NA,Web,Agent_8,Lost
D-300539,CL-2330,2023-01-05,SKU-101,CRM Pro,Software,11,1608,17688,17688,APAC,Partner,Agent_4,Closed
D-300540,CL-5170,2023-02-27,SKU-201,POS Terminal,Hardware,3,937,2811,2838,NA,ColdCall,Agent_1,Lost
D-300541,CL-6436,2023-10-02,SKU-201,POS Terminal,Hardware,2,1783,3566,3522,NA,Web,Agent_7,Won
D-300542,CL-5768,2024-01-06,SKU-102,Analytics Suite,Software,6,1178,7068,7115,EU,ColdCall,Agent_2,Won
D-300543,CL-5446,2024-04-18,SKU-101,CRM Pro,Software,14,1639,22946,22950,NA,Web,Agent_8,Won
D-300544,CL-4276,2024-05-25,SKU-102,Analytics Suite,Software,18,799,14382,14420,EU,Partner,Agent_11,Closed
D-300545,CL-5316,2024-12-26,SKU-101,CRM Pro,Software,9,1031,9279,9281,APAC,ColdCall,Agent_2,Won
D-300546,CL-4001,2024-02-14,SKU-201,POS Terminal,Hardware,18,1285,23130,23125,NA,Web,Agent_8,Won
D-300547,CL-7503,2024-06-21,SKU-101,CRM Pro,Software,1,639,639,596,NA,Web,Agent_5,Closed
D-300548,CL-5142,2024-12-29,SKU-201,POS Terminal,Hardware,22,1108,24376,24392,NA,Partner,Agent_9,Won
D-300549,CL-2542,2024-08-02,SKU-102,Analytics Suite,Software,22,495,10890,10843,NA,Web,Agent_10,Lost
D-300550,CL-5062,2024-06-11,SKU-101,CRM Pro,Software,8,1132,9056,9085,NA,Web,Agent_9,Won
D-300551,CL-3098,2023-02-10,SKU-201,POS Terminal,Hardware,2,1158,2316,2333,APAC,ColdCall,Agent_2,Lost
D-300552,CL-6856,2023-01-30,SKU-102,Analytics Suite,Software,24,1490,35760,35752,EU,Partner,Agent_9,Closed
D-300553,CL-5663,2023-10-03,SKU-201,POS Terminal,Hardware,11,926,10186,10148,APAC,Partner,Agent_10,Won
D-300554,CL-4608,2023-11-03,SKU-201,POS Terminal,Hardware,25,1723,43075,43041,EU,Web,Agent_10,Won
D-300555,CL-6251,2024-11-02,SKU-201,POS Terminal,Hardware,14,1722,24108,24074,EU,Web,Agent_8,Closed
D-300556,CL-5895,2023-04-30,SKU-101,CRM Pro,Software,20,1425,28500,28545,EU,ColdCall,Agent_4,Closed
D-300557,CL-4705,2023-12-03,SKU-101,CRM Pro,Software,16,1103,17648,17670,EU,ColdCall,Agent_6,Closed
D-300558,CL-5649,2023-01-21,SKU-102,Analytics Suite,Software,13,1160,15080,15078,EU,Web,Agent_6,Lost
D-300559,CL-7558,2024-01-02,SKU-101,CRM Pro,Software,5,1350,6750,6750,EU,ColdCall,Agent_10,Closed
D-300560,CL-2589,2023-10-29,SKU-201,POS Terminal,Hardware,6,283,1698,1681,APAC,Partner,Agent_5,Lost
D-300561,CL-3540,2023-02-23,SKU-101,CRM Pro,Software,25,1728,43200,43236,APAC,ColdCall,Agent_5,Won
D-300562,CL-4311,2024-05-07,SKU-102,Analytics Suite,Software,15,206,3090,3134,APAC,Web,Agent_2,Closed
D-300563,CL-7668,2023-04-13,SKU-101,CRM Pro,Software,17,1667,28339,28389,APAC,ColdCall,Agent_10,Lost
D-300564,CL-7803,2023-12-24,SKU-101,CRM Pro,Software,1,248,248,198,NA,Partner,Agent_1,Closed
D-300565,CL-4906,2024-07-27,SKU-102,Analytics Suite,Software,5,1444,7220,7232,NA,Partner,Agent_2,Won
D-300566,CL-3289,2024-02-23,SKU-101,CRM Pro,Software,15,553,8295,8310,NA,Web,Agent_1,Lost
D-300567,CL-2170,2023-05-07,SKU-102,Analytics Suite,Software,22,1526,33572,33532,APAC,Partner,Agent_1,Lost
D-300568,CL-3062,2023-01-13,SKU-201,POS Terminal,Hardware,1,706,706,698,APAC,Partner,Agent_6,Lost
D-300569,CL-5719,2023-01-02,SKU-201,POS Terminal,Hardware,12,798,9576,9538,NA,Web,Agent_7,Closed
D-300570,CL-3998,2023-05-24,SKU-102,Analytics Suite,Software,15,1164,17460,17413,APAC,Partner,Agent_1,Closed
D-300571,CL-3561,2024-11-13,SKU-101,CRM Pro,Software,25,542,13550,13555,EU,Partner,Agent_8,Lost
D-300572,CL-7245,2024-10-03,SKU-101,CRM Pro,Software,8,1753,14024,14002,NA,Web,Agent_5,Lost
D-300573,CL-7090,2024-09-22,SKU-201,POS Terminal,Hardware,7,544,3808,3766,EU,Partner,Agent_7,Won
D-300574,CL-6292,2023-11-01,SKU-201,POS Terminal,Hardware,12,1790,21480,21437,APAC,Partner,Agent_10,Won
D-300575,CL-5379,2023-02-22,SKU-201,POS Terminal,Hardware,8,1234,9872,9876,EU,Web,Agent_1,Closed
D-300576,CL-4257,2024-09-23,SKU-101,CRM Pro,Software,25,1451,36275,36227,NA,ColdCall,Agent_4,Lost
D-300577,CL-4834,2024-11-10,SKU-101,CRM Pro,Software,10,150,1500,1537,NA,Partner,Agent_11,Closed
D-300578,CL-7133,2023-04-12,SKU-101,CRM Pro,Software,24,278,6672,6646,NA,Web,Agent_10,Lost
D-300579,CL-7556,2023-10-09,SKU-101,CRM Pro,Software,2,1056,2112,2153,NA,ColdCall,Agent_7,Closed
D-300580,CL-7211,2024-03-02,SKU-201,POS Terminal,Hardware,10,1354,13540,13505,NA,ColdCall,Agent_5,Closed
D-300581,CL-7555,2023-10-05,SKU-102,Analytics Suite,Software,25,252,6300,6254,APAC,Web,Agent_5,Won
D-300582,CL-6440,2023-02-10,SKU-101,CRM Pro,Software,12,1630,19560,19569,NA,ColdCall,Agent_1,Lost
D-300583,CL-2964,2023-08-02,SKU-201,POS Terminal,Hardware,3,408,1224,1261,NA,Partner,Agent_5,Lost
D-300584,CL-6434,2024-03-15,SKU-201,POS Terminal,Hardware,16,634,10144,10110,EU,ColdCall,Agent_2,Lost
D-300585,CL-5597,2023-06-15,SKU-101,CRM Pro,Software,10,1166,11660,11673,NA,Web,Agent_6,Closed
D-300586,CL-6490,2023-06-16,SKU-102,Analytics Suite,Software,25,1563,39075,39074,NA,Partner,Agent_4,Closed
D-300587,CL-6931,2023-06-07,SKU-102,Analytics Suite,Software,23,1637,37651,37676,APAC,Web,Agent_4,Lost
D-300588,CL-2764,2024-06-27,SKU-101,CRM Pro,Software,16,1451,23216,23167,EU,Web,Agent_5,Won
D-300589,CL-2571,2023-08-30,SKU-101,CRM Pro,Software,5,1477,7385,7400,APAC,ColdCall,Agent_6,Won
D-300590,CL-3557,2023-02-20,SKU-102,Analytics Suite,Software,19,374,7106,7094,APAC,Partner,Agent_7,Lost
D-300591,CL-2872,2024-06-09,SKU-201,POS Terminal,Hardware,20,1765,35300,35263,NA,Web,Agent_4,Won
D-300592,CL-2656,2024-07-26,SKU-102,Analytics Suite,Software,10,1753,17530,17513,APAC,Web,Agent_6,Closed
D-300593,CL-7908,2024-05-17,SKU-201,POS Terminal,Hardware,19,1143,21717,21740,APAC,Partner,Agent_6,Lost
D-300594,CL-7297,2023-02-16,SKU-102,Analytics Suite,Software,15,371,5565,5515,APAC,Web,Agent_3,Lost
D-300595,CL-5500,2023-07-17,SKU-201,POS Terminal,Hardware,22,1024,22528,22570,EU,ColdCall,Agent_6,Closed
D-300596,CL-3200,2024-11-07,SKU-102,Analytics Suite,Software,1,652,652,635,NA,Web,Agent_2,Won
D-300597,CL-3062,2024-09-22,SKU-101,CRM Pro,Software,23,1764,40572,40593,EU,Partner,Agent_10,Closed
D-300598,CL-2824,2024-03-16,SKU-101,CRM Pro,Software,5,876,4380,4373,APAC,Partner,Agent_2,Lost
D-300599,CL-4390,2024-05-01,SKU-101,CRM Pro,Software,22,1323,29106,29146,APAC,Partner,Agent_10,Lost
D-300600,CL-6480,2024-01-04,SKU-201,POS Terminal,Hardware,3,1430,4290,4287,EU,Web,Agent_9,Closed
D-300601,CL-5537,2023-05-19,SKU-201,POS Terminal,Hardware,9,355,3195,3188,APAC,ColdCall,Agent_3,Closed
D-300602,CL-5994,2024-10-11,SKU-201,POS Terminal,Hardware,15,1452,21780,21741,APAC,Web,Agent_10,Closed
D-300603,CL-6411,2023-08-05,SKU-102,Analytics Suite,Software,3,851,2553,2515,EU,ColdCall,Agent_7,Won
D-300604,CL-4797,2023-09-25,SKU-101,CRM Pro,Software,25,911,22775,22808,EU,Partner,Agent_10,Won
D-300605,CL-7522,2023-03-17,SKU-101,CRM Pro,Software,11,914,10054,10080,EU,ColdCall,Agent_3,Won
D-300606,CL-5813,2024-10-05,SKU-102,Analytics Suite,Software,10,382,3820,3780,EU,Partner,Agent_1,Lost
D-300607,CL-3221,2023-04-14,SKU-101,CRM Pro,Software,11,270,2970,2954,EU,ColdCall,Agent_6,Lost
D-300608,CL-6602,2023-05-04,SKU-102,Analytics Suite,Software,3,1788,5364,5326,NA,ColdCall,Agent_7,Closed
D-300609,CL-6517,2023-10-24,SKU-201,POS Terminal,Hardware,25,402,10050,10023,EU,Partner,Agent_6,Lost
D-300610,CL-7028,2023-01-30,SKU-101,CRM Pro,Software,6,188,1128,1144,APAC,Web,Agent_8,Won
D-300611,CL-3575,2024-08-08,SKU-102,Analytics Suite,Software,22,137,3014,2979,APAC,ColdCall,Agent_1,Closed
D-300612,CL-5324,2024-10-18,SKU-101,CRM Pro,Software,24,178,4272,4278,EU,ColdCall,Agent_6,Won
D-300613,CL-4857,2023-03-06,SKU-102,Analytics Suite,Software,21,1270,26670,26672,EU,Partner,Agent_5,Won
D-300614,CL-3802,2023-07-05,SKU-102,Analytics Suite,Software,2,1306,2612,2630,NA,Partner,Agent_1,Won
D-300615,CL-4980,2023-12-14,SKU-201,POS Terminal,Hardware,17,862,14654,14654,EU,Partner,Agent_10,Lost
D-300616,CL-2351,2023-01-27,SKU-201,POS Terminal,Hardware,16,509,8144,8177,EU,Partner,Agent_10,Lost
D-300617,CL-7038,2023-09-29,SKU-101,CRM Pro,Software,6,1265,7590,7565,EU,Partner,Agent_2,Lost
D-300618,CL-6711,2024-10-25,SKU-201,POS Terminal,Hardware,9,1125,10125,10106,NA,ColdCall,Agent_2,Lost
D-300619,CL-7453,2024-08-18,SKU-102,Analytics Suite,Software,18,1722,30996,31035,NA,Web,Agent_2,Closed
D-300620,CL-3926,2023-08-10,SKU-101,CRM Pro,Software,11,978,10758,10713,EU,Web,Agent_10,Lost
D-300621,CL-6245,2023-10-25,SKU-201,POS Terminal,Hardware,21,423,8883,8844,NA,Partner,Agent_1,Lost
D-300622,CL-7981,2024-06-01,SKU-101,CRM Pro,Software,1,1394,1394,1346,APAC,Web,Agent_3,Closed
D-300623,CL-2318,2024-01-03,SKU-101,CRM Pro,Software,5,372,1860,1858,EU,Web,Agent_11,Lost
D-300624,CL-5007,2023-11-16,SKU-102,Analytics Suite,Software,20,1141,22820,22796,EU,Partner,Agent_1,Lost
D-300625,CL-7540,2023-01-16,SKU-101,CRM Pro,Software,22,279,6138,6173,APAC,Partner,Agent_6,Closed
D-300626,CL-4652,2023-07-09,SKU-101,CRM Pro,Software,19,159,3021,2986,EU,Partner,Agent_3,Lost
D-300627,CL-2753,2024-10-08,SKU-201,POS Terminal,Hardware,20,873,17460,17479,NA,Partner,Agent_5,Closed
D-300628,CL-2327,2023-12-24,SKU-201,POS Terminal,Hardware,18,763,13734,13741,APAC,Partner,Agent_7,Won
D-300629,CL-2588,2023-05-10,SKU-101,CRM Pro,Software,7,1029,7203,7161,APAC,Web,Agent_11,Won
D-300630,CL-2485,2023-09-01,SKU-201,POS Terminal,Hardware,12,808,9696,9653,NA,ColdCall,Agent_8,Lost
D-300631,CL-4040,2023-02-02,SKU-102,Analytics Suite,Software,17,1300,22100,22086,NA,ColdCall,Agent_2,Closed
D-300632,CL-6560,2023-06-07,SKU-102,Analytics Suite,Software,14,1344,18816,18770,EU,ColdCall,Agent_1,Lost
D-300633,CL-4814,2024-10-07,SKU-101,CRM Pro,Software,1,805,805,787,NA,ColdCall,Agent_4,Lost
D-300634,CL-6051,2024-09-03,SKU-201,POS Terminal,Hardware,21,1718,36078,36106,NA,Web,Agent_1,Lost
D-300635,CL-7969,2023-03-27,SKU-102,Analytics Suite,Software,15,1412,21180,21205,EU,ColdCall,Agent_11,Lost
D-300636,CL-6234,2024-08-05,SKU-101,CRM Pro,Software,25,1312,32800,32809,EU,Partner,Agent_9,Closed
D-300637,CL-5865,2023-09-03,SKU-101,CRM Pro,Software,6,1483,8898,8907,EU,ColdCall,Agent_10,Closed
D-300638,CL-5724,2024-07-21,SKU-102,Analytics Suite,Software,5,1345,6725,6753,EU,Web,Agent_1,Closed
D-300639,CL-4738,2023-10-14,SKU-102,Analytics Suite,Software,24,1579,37896,37912,NA,Web,Agent_10,Lost
D-300640,CL-2232,2023-05-13,SKU-201,POS Terminal,Hardware,8,1463,11704,11667,APAC,Partner,Agent_8,Won
D-300641,CL-5895,2024-01-29,SKU-102,Analytics Suite,Software,13,635,8255,8294,EU,Web,Agent_4,Won
D-300642,CL-2905,2024-10-15,SKU-201,POS Terminal,Hardware,24,723,17352,17304,EU,Web,Agent_6,Closed
D-300643,CL-3113,2024-06-25,SKU-201,POS Terminal,Hardware,23,436,10028,10036,EU,Web,Agent_10,Lost
D-300644,CL-3535,2023-09-24,SKU-201,POS Terminal,Hardware,18,764,13752,13743,APAC,Web,Agent_5,Closed
D-300645,CL-3667,2023-07-16,SKU-102,Analytics Suite,Software,18,216,3888,3899,NA,ColdCall,Agent_6,Won
D-300646,CL-5596,2023-08-31,SKU-201,POS Terminal,Hardware,11,354,3894,3904,NA,Web,Agent_7,Lost
D-300647,CL-7518,2024-06-30,SKU-201,POS Terminal,Hardware,21,485,10185,10226,EU,Web,Agent_11,Won
D-300648,CL-3706,2024-12-07,SKU-201,POS Terminal,Hardware,8,919,7352,7306,EU,Web,Agent_6,Won
D-300649,CL-4176,2024-08-31,SKU-201,POS Terminal,Hardware,23,1346,30958,30910,APAC,Partner,Agent_2,Closed
D-300650,CL-4331,2023-05-13,SKU-101,CRM Pro,Software,12,1373,16476,16458,APAC,Partner,Agent_5,Closed
D-300651,CL-3810,2023-09-08,SKU-201,POS Terminal,Hardware,5,1799,8995,8950,APAC,Web,Agent_2,Won
D-300652,CL-2444,2024-06-22,SKU-101,CRM Pro,Software,25,1569,39225,39241,EU,ColdCall,Agent_5,Closed
D-300653,CL-4635,2023-02-21,SKU-102,Analytics Suite,Software,4,1741,6964,6916,NA,Web,Agent_9,Lost
D-300654,CL-2228,2024-10-21,SKU-201,POS Terminal,Hardware,17,437,7429,7382,NA,Partner,Agent_11,Won
D-300655,CL-7208,2024-03-07,SKU-201,POS Terminal,Hardware,23,886,20378,20333,NA,Partner,Agent_10,Won
D-300656,CL-3927,2024-12-16,SKU-201,POS Terminal,Hardware,2,214,428,440,NA,Partner,Agent_8,Won
D-300657,CL-7835,2024-07-03,SKU-102,Analytics Suite,Software,21,729,15309,15264,EU,ColdCall,Agent_8,Closed
D-300658,CL-2158,2024-02-14,SKU-101,CRM Pro,Software,9,1005,9045,9006,APAC,Partner,Agent_5,Lost
D-300659,CL-5554,2024-10-21,SKU-101,CRM Pro,Software,18,1520,27360,27389,EU,Partner,Agent_11,Lost
D-300660,CL-4029,2024-11-24,SKU-102,Analytics Suite,Software,10,1412,14120,14092,APAC,Partner,Agent_11,Closed
D-300661,CL-3110,2024-12-21,SKU-201,POS Terminal,Hardware,20,253,5060,5092,NA,ColdCall,Agent_1,Closed
D-300662,CL-4421,2023-08-20,SKU-201,POS Terminal,Hardware,20,480,9600,9555,NA,ColdCall,Agent_7,Lost
D-300663,CL-4704,2024-03-09,SKU-102,Analytics Suite,Software,14,1593,22302,22287,EU,Web,Agent_9,Lost
D-300664,CL-6591,2023-06-18,SKU-102,Analytics Suite,Software,2,1138,2276,2322,APAC,Partner,Agent_2,Won
D-300665,CL-5887,2024-11-28,SKU-102,Analytics Suite,Software,11,485,5335,5381,APAC,Partner,Agent_7,Closed
D-300666,CL-7495,2023-09-25,SKU-102,Analytics Suite,Software,3,1246,3738,3787,NA,Web,Agent_6,Won
D-300667,CL-6313,2024-09-11,SKU-102,Analytics Suite,Software,7,632,4424,4451,EU,Partner,Agent_3,Lost
D-300668,CL-2029,2023-12-22,SKU-101,CRM Pro,Software,8,543,4344,4294,EU,ColdCall,Agent_11,Won
D-300669,CL-3331,2024-10-31,SKU-102,Analytics Suite,Software,22,364,8008,8003,NA,ColdCall,Agent_7,Lost
D-300670,CL-3525,2023-06-20,SKU-101,CRM Pro,Software,5,1316,6580,6578,APAC,Web,Agent_11,Won
D-300671,CL-4361,2024-12-10,SKU-201,POS Terminal,Hardware,15,568,8520,8523,EU,Partner,Agent_6,Won
D-300672,CL-2667,2024-08-28,SKU-102,Analytics Suite,Software,13,1495,19435,19446,EU,Web,Agent_3,Closed
D-300673,CL-4281,2024-06-30,SKU-101,CRM Pro,Software,5,469,2345,2331,NA,Partner,Agent_10,Won
D-300674,CL-5389,2024-08-18,SKU-102,Analytics Suite,Software,8,719,5752,5795,EU,Partner,Agent_2,Lost
D-300675,CL-7434,2024-04-22,SKU-201,POS Terminal,Hardware,4,771,3084,3134,NA,ColdCall,Agent_1,Won
D-300676,CL-4587,2024-12-02,SKU-102,Analytics Suite,Software,20,682,13640,13655,EU,Partner,Agent_7,Lost
D-300677,CL-2042,2024-04-13,SKU-201,POS Terminal,Hardware,16,1612,25792,25776,APAC,ColdCall,Agent_8,Closed
D-300678,CL-6584,2024-11-01,SKU-201,POS Terminal,Hardware,15,1155,17325,17369,EU,Partner,Agent_6,Lost
D-300679,CL-6639,2024-12-16,SKU-201,POS Terminal,Hardware,3,932,2796,2841,APAC,Web,Agent_7,Closed
D-300680,CL-4274,2023-10-05,SKU-101,CRM Pro,Software,21,624,13104,13133,NA,ColdCall,Agent_9,Lost
D-300681,CL-7399,2024-12-31,SKU-101,CRM Pro,Software,14,1013,14182,14199,EU,Web,Agent_2,Won
D-300682,CL-3606,2023-03-09,SKU-102,Analytics Suite,Software,11,713,7843,7855,APAC,Web,Agent_9,Closed
D-300683,CL-5024,2023-03-18,SKU-101,CRM Pro,Software,14,802,11228,11266,APAC,Partner,Agent_10,Lost
D-300684,CL-6544,2023-06-26,SKU-201,POS Terminal,Hardware,25,1772,44300,44314,NA,Web,Agent_10,Lost
D-300685,CL-2726,2023-07-04,SKU-102,Analytics Suite,Software,8,873,6984,6948,EU,Partner,Agent_8,Won
D-300686,CL-7007,2023-02-05,SKU-101,CRM Pro,Software,21,389,8169,8203,APAC,Web,Agent_11,Lost
D-300687,CL-2853,2024-06-06,SKU-201,POS Terminal,Hardware,17,334,5678,5692,NA,Partner,Agent_8,Closed
D-300688,CL-2724,2024-04-29,SKU-101,CRM Pro,Software,19,914,17366,17378,APAC,Web,Agent_1,Won
D-300689,CL-2513,2023-01-03,SKU-201,POS Terminal,Hardware,25,1699,42475,42517,EU,Web,Agent_11,Closed
D-300690,CL-2419,2023-04-09,SKU-102,Analytics Suite,Software,5,548,2740,2712,EU,Web,Agent_6,Lost
D-300691,CL-2124,2023-09-13,SKU-102,Analytics Suite,Software,23,1240,28520,28551,APAC,ColdCall,Agent_11,Won
D-300692,CL-2806,2024-06-05,SKU-101,CRM Pro,Software,20,1556,31120,31089,APAC,Web,Agent_4,Lost
D-300693,CL-3612,2024-09-30,SKU-102,Analytics Suite,Software,17,1418,24106,24134,NA,Web,Agent_5,Lost
D-300694,CL-7134,2023-10-09,SKU-201,POS Terminal,Hardware,11,923,10153,10123,NA,Web,Agent_9,Lost
D-300695,CL-5052,2023-02-08,SKU-201,POS Terminal,Hardware,1,1110,1110,1113,EU,Partner,Agent_9,Closed
D-300696,CL-6988,2023-10-11,SKU-101,CRM Pro,Software,19,1137,21603,21607,NA,Partner,Agent_1,Lost
D-300697,CL-6424,2023-10-23,SKU-101,CRM Pro,Software,19,872,16568,16575,APAC,ColdCall,Agent_7,Closed
D-300698,CL-7160,2024-01-28,SKU-101,CRM Pro,Software,4,319,1276,1294,APAC,ColdCall,Agent_6,Won
D-300699,CL-4056,2023-07-02,SKU-102,Analytics Suite,Software,5,1404,7020,7044,APAC,Web,Agent_5,Won
D-300700,CL-7276,2024-01-30,SKU-102,Analytics Suite,Software,8,1007,8056,8099,EU,Web,Agent_2,Won
D-300701,CL-6631,2023-04-22,SKU-201,POS Terminal,Hardware,3,134,402,416,NA,Web,Agent_8,Lost
D-300702,CL-7686,2023-06-20,SKU-101,CRM Pro,Software,17,1038,17646,17665,EU,Web,Agent_3,Won
D-300703,CL-5042,2024-02-28,SKU-201,POS Terminal,Hardware,2,398,796,793,NA,Web,Agent_5,Won
D-300704,CL-2140,2023-03-05,SKU-102,Analytics Suite,Software,19,523,9937,9897,APAC,Partner,Agent_1,Closed
D-300705,CL-4226,2024-04-26,SKU-102,Analytics Suite,Software,6,1785,10710,10732,APAC,Web,Agent_10,Lost
D-300706,CL-2353,2024-05-20,SKU-102,Analytics Suite,Software,16,1402,22432,22441,EU,Web,Agent_4,Won
D-300707,CL-6752,2024-06-17,SKU-201,POS Terminal,Hardware,3,1462,4386,4376,EU,Web,Agent_7,Won
D-300708,CL-3910,2023-02-10,SKU-201,POS Terminal,Hardware,21,597,12537,12501,APAC,Web,Agent_2,Won
D-300709,CL-2122,2024-07-06,SKU-101,CRM Pro,Software,11,1280,14080,14115,EU,ColdCall,Agent_9,Lost
D-300710,CL-4853,2023-08-10,SKU-201,POS Terminal,Hardware,6,420,2520,2522,EU,ColdCall,Agent_1,Won
D-300711,CL-6218,2023-11-24,SKU-201,POS Terminal,Hardware,1,1636,1636,1669,NA,Partner,Agent_4,Closed
D-300712,CL-5038,2023-04-06,SKU-201,POS Terminal,Hardware,15,171,2565,2543,NA,Web,Agent_1,Won
D-300713,CL-2172,2023-02-09,SKU-201,POS Terminal,Hardware,6,823,4938,4947,NA,Web,Agent_3,Lost
D-300714,CL-5226,2023-05-31,SKU-102,Analytics Suite,Software,14,1601,22414,22384,EU,Web,Agent_10,Closed
D-300715,CL-5768,2023-10-22,SKU-102,Analytics Suite,Software,14,253,3542,3518,NA,Web,Agent_5,Closed
D-300716,CL-7127,2023-09-23,SKU-201,POS Terminal,Hardware,23,352,8096,8053,NA,ColdCall,Agent_8,Won
D-300717,CL-6681,2023-11-17,SKU-101,CRM Pro,Software,7,565,3955,3964,APAC,Web,Agent_2,Lost
D-300718,CL-7869,2023-10-27,SKU-101,CRM Pro,Software,6,705,4230,4267,APAC,Web,Agent_10,Lost
D-300719,CL-4455,2023-05-18,SKU-201,POS Terminal,Hardware,11,1582,17402,17370,APAC,Partner,Agent_10,Closed
D-300720,CL-3917,2023-03-27,SKU-201,POS Terminal,Hardware,18,545,9810,9798,APAC,Partner,Agent_5,Lost
D-300721,CL-6834,2023-05-27,SKU-102,Analytics Suite,Software,23,967,22241,22241,NA,ColdCall,Agent_5,Lost
D-300722,CL-4497,2023-05-27,SKU-101,CRM Pro,Software,20,1468,29360,29331,EU,Web,Agent_8,Won
D-300723,CL-6111,2023-07-30,SKU-101,CRM Pro,Software,10,368,3680,3712,APAC,ColdCall,Agent_3,Closed
D-300724,CL-6082,2023-08-14,SKU-201,POS Terminal,Hardware,15,730,10950,10925,NA,ColdCall,Agent_6,Lost
D-300725,CL-3939,2024-09-10,SKU-201,POS Terminal,Hardware,17,140,2380,2386,APAC,Web,Agent_3,Lost
D-300726,CL-6451,2023-04-23,SKU-201,POS Terminal,Hardware,24,768,18432,18446,APAC,ColdCall,Agent_4,Closed
D-300727,CL-2628,2024-09-12,SKU-102,Analytics Suite,Software,17,251,4267,4296,EU,ColdCall,Agent_5,Lost
D-300728,CL-6201,2024-08-20,SKU-102,Analytics Suite,Software,21,1123,23583,23565,APAC,Web,Agent_1,Lost
D-300729,CL-6346,2023-11-13,SKU-201,POS Terminal,Hardware,21,351,7371,7354,APAC,ColdCall,Agent_2,Won
D-300730,CL-2251,2023-07-18,SKU-201,POS Terminal,Hardware,3,1773,5319,5319,APAC,ColdCall,Agent_7,Lost
D-300731,CL-4213,2023-10-20,SKU-102,Analytics Suite,Software,21,1395,29295,29287,EU,Partner,Agent_2,Closed
D-300732,CL-3117,2023-10-02,SKU-101,CRM Pro,Software,17,884,15028,15047,NA,Partner,Agent_6,Won
D-300733,CL-7884,2024-07-13,SKU-201,POS Terminal,Hardware,19,194,3686,3693,NA,Partner,Agent_4,Won
D-300734,CL-4426,2024-01-26,SKU-101,CRM Pro,Software,10,699,6990,7023,NA,Web,Agent_8,Won
D-300735,CL-4144,2024-08-06,SKU-101,CRM Pro,Software,23,668,15364,15405,NA,Web,Agent_1,Lost
D-300736,CL-4871,2023-11-18,SKU-201,POS Terminal,Hardware,17,1198,20366,20404,EU,Partner,Agent_11,Closed
D-300737,CL-2234,2024-04-21,SKU-102,Analytics Suite,Software,6,842,5052,5027,EU,Web,Agent_5,Lost
D-300738,CL-4554,2024-02-22,SKU-201,POS Terminal,Hardware,8,1125,9000,9047,EU,Web,Agent_2,Won
D-300739,CL-5226,2024-06-13,SKU-102,Analytics Suite,Software,7,1451,10157,10200,APAC,Partner,Agent_10,Lost
D-300740,CL-2918,2023-09-18,SKU-101,CRM Pro,Software,9,369,3321,3365,NA,Partner,Agent_11,Closed
D-300741,CL-6011,2023-05-05,SKU-101,CRM Pro,Software,14,1586,22204,22246,EU,Partner,Agent_10,Lost
D-300742,CL-6144,2023-06-18,SKU-201,POS Terminal,Hardware,23,1707,39261,39281,EU,Partner,Agent_8,Lost
D-300743,CL-7621,2024-05-02,SKU-102,Analytics Suite,Software,4,209,836,874,NA,Partner,Agent_7,Closed
D-300744,CL-4238,2024-11-22,SKU-101,CRM Pro,Software,22,476,10472,10472,EU,Partner,Agent_3,Lost
D-300745,CL-6035,2024-04-19,SKU-201,POS Terminal,Hardware,12,624,7488,7460,APAC,Web,Agent_5,Lost
D-300746,CL-4685,2023-06-07,SKU-201,POS Terminal,Hardware,25,1304,32600,32558,APAC,Web,Agent_10,Lost
D-300747,CL-3649,2023-01-29,SKU-102,Analytics Suite,Software,2,1524,3048,3093,EU,Web,Agent_2,Won
D-300748,CL-5867,2023-03-05,SKU-102,Analytics Suite,Software,12,661,7932,7890,APAC,Partner,Agent_5,Closed
D-300749,CL-2045,2024-06-14,SKU-101,CRM Pro,Software,9,1569,14121,14171,EU,ColdCall,Agent_11,Won
D-300750,CL-7812,2023-09-29,SKU-101,CRM Pro,Software,18,598,10764,10743,NA,ColdCall,Agent_6,Won
D-300751,CL-2416,2023-03-17,SKU-101,CRM Pro,Software,25,213,5325,5292,APAC,ColdCall,Agent_11,Lost
D-300752,CL-3403,2023-02-12,SKU-101,CRM Pro,Software,20,1096,21920,21930,EU,Partner,Agent_5,Closed
D-300753,CL-4019,2024-08-11,SKU-101,CRM Pro,Software,5,617,3085,3105,EU,Partner,Agent_5,Won
D-300754,CL-6971,2024-03-02,SKU-101,CRM Pro,Software,4,480,1920,1891,EU,Partner,Agent_7,Won
D-300755,CL-4597,2023-01-07,SKU-102,Analytics Suite,Software,12,1004,12048,12050,NA,Partner,Agent_4,Closed
D-300756,CL-7280,2024-10-19,SKU-102,Analytics Suite,Software,19,1632,31008,30987,APAC,Web,Agent_11,Lost
D-300757,CL-4097,2024-12-06,SKU-201,POS Terminal,Hardware,4,615,2460,2474,NA,Partner,Agent_4,Closed
D-300758,CL-4249,2023-09-24,SKU-101,CRM Pro,Software,3,107,321,337,EU,Web,Agent_10,Won
D-300759,CL-3255,2023-01-19,SKU-201,POS Terminal,Hardware,16,378,6048,6044,APAC,Web,Agent_4,Closed
D-300760,CL-4984,2023-11-06,SKU-101,CRM Pro,Software,4,1555,6220,6196,APAC,Partner,Agent_9,Lost
D-300761,CL-4473,2023-04-27,SKU-101,CRM Pro,Software,18,1226,22068,22046,NA,Web,Agent_10,Lost
D-300762,CL-6507,2023-09-05,SKU-101,CRM Pro,Software,25,319,7975,8021,NA,ColdCall,Agent_4,Closed
D-300763,CL-3371,2024-10-20,SKU-101,CRM Pro,Software,1,179,179,139,APAC,Web,Agent_8,Lost
D-300764,CL-5130,2023-12-12,SKU-102,Analytics Suite,Software,21,1431,30051,30001,NA,Partner,Agent_9,Closed
D-300765,CL-6373,2024-04-11,SKU-101,CRM Pro,Software,14,752,10528,10545,APAC,ColdCall,Agent_6,Closed
D-300766,CL-3628,2023-09-15,SKU-201,POS Terminal,Hardware,12,1448,17376,17385,NA,Partner,Agent_2,Lost
D-300767,CL-2112,2024-01-21,SKU-101,CRM Pro,Software,25,1232,30800,30822,NA,ColdCall,Agent_2,Won
D-300768,CL-7421,2023-01-03,SKU-201,POS Terminal,Hardware,17,575,9775,9763,APAC,ColdCall,Agent_11,Won
D-300769,CL-2122,2023-02-16,SKU-201,POS Terminal,Hardware,6,224,1344,1378,EU,ColdCall,Agent_11,Lost
D-300770,CL-2165,2023-11-18,SKU-201,POS Terminal,Hardware,15,573,8595,8612,NA,Web,Agent_3,Closed
D-300771,CL-5936,2024-10-13,SKU-102,Analytics Suite,Software,23,116,2668,2641,EU,Web,Agent_9,Won
D-300772,CL-5053,2023-06-12,SKU-101,CRM Pro,Software,2,1296,2592,2609,NA,ColdCall,Agent_4,Won
D-300773,CL-6751,2024-05-26,SKU-201,POS Terminal,Hardware,22,539,11858,11850,APAC,Web,Agent_4,Closed
D-300774,CL-5092,2023-06-23,SKU-101,CRM Pro,Software,21,1127,23667,23680,NA,Web,Agent_9,Won
D-300775,CL-5562,2023-05-15,SKU-201,POS Terminal,Hardware,18,1619,29142,29104,APAC,Partner,Agent_7,Closed
D-300776,CL-5777,2023-12-20,SKU-201,POS Terminal,Hardware,25,839,20975,20961,APAC,Partner,Agent_7,Lost
D-300777,CL-4424,2023-11-03,SKU-101,CRM Pro,Software,2,709,1418,1443,NA,Web,Agent_11,Lost
D-300778,CL-2843,2023-04-07,SKU-102,Analytics Suite,Software,5,606,3030,3000,EU,Web,Agent_11,Won
D-300779,CL-4358,2024-09-16,SKU-102,Analytics Suite,Software,18,1632,29376,29372,APAC,Partner,Agent_8,Lost
D-300780,CL-5085,2024-06-12,SKU-101,CRM Pro,Software,11,619,6809,6856,NA,ColdCall,Agent_9,Closed
D-300781,CL-4797,2024-05-07,SKU-102,Analytics Suite,Software,12,1520,18240,18252,APAC,ColdCall,Agent_7,Won
D-300782,CL-2635,2024-03-25,SKU-101,CRM Pro,Software,17,226,3842,3889,NA,Partner,Agent_7,Lost
D-300783,CL-2374,2023-04-10,SKU-101,CRM Pro,Software,15,1336,20040,20024,EU,Web,Agent_7,Closed
D-300784,CL-3092,2023-11-24,SKU-102,Analytics Suite,Software,14,679,9506,9488,NA,ColdCall,Agent_3,Lost
D-300785,CL-3806,2024-01-30,SKU-201,POS Terminal,Hardware,1,761,761,777,APAC,ColdCall,Agent_7,Won
D-300786,CL-2508,2024-06-05,SKU-201,POS Terminal,Hardware,10,1636,16360,16397,EU,Partner,Agent_7,Closed
D-300787,CL-3562,2023-02-16,SKU-101,CRM Pro,Software,10,497,4970,4958,NA,Partner,Agent_9,Closed
D-300788,CL-3394,2023-11-14,SKU-201,POS Terminal,Hardware,4,193,772,733,APAC,ColdCall,Agent_6,Closed
D-300789,CL-5372,2024-10-26,SKU-101,CRM Pro,Software,4,207,828,782,APAC,Partner,Agent_7,Lost
D-300790,CL-3107,2023-09-25,SKU-102,Analytics Suite,Software,25,432,10800,10760,APAC,Web,Agent_6,Closed
D-300791,CL-5225,2023-07-23,SKU-101,CRM Pro,Software,13,938,12194,12165,NA,ColdCall,Agent_8,Won
D-300792,CL-6613,2024-05-13,SKU-201,POS Terminal,Hardware,5,780,3900,3945,APAC,ColdCall,Agent_5,Won
D-300793,CL-3601,2023-07-29,SKU-101,CRM Pro,Software,25,959,23975,23996,NA,Web,Agent_2,Closed
D-300794,CL-6912,2024-03-08,SKU-101,CRM Pro,Software,16,424,6784,6791,NA,Partner,Agent_3,Won
D-300795,CL-3286,2024-10-28,SKU-201,POS Terminal,Hardware,3,724,2172,2123,APAC,Partner,Agent_4,Won
D-300796,CL-4935,2024-11-04,SKU-102,Analytics Suite,Software,7,612,4284,4242,APAC,Partner,Agent_1,Won
D-300797,CL-3027,2023-07-01,SKU-101,CRM Pro,Software,25,379,9475,9507,APAC,Partner,Agent_5,Lost
D-300798,CL-2227,2024-06-02,SKU-101,CRM Pro,Software,10,795,7950,7940,NA,Web,Agent_7,Lost
D-300799,CL-2309,2024-02-25,SKU-102,Analytics Suite,Software,14,315,4410,4447,APAC,ColdCall,Agent_6,Lost
D-300800,CL-5510,2024-03-19,SKU-201,POS Terminal,Hardware,6,1478,8868,8859,EU,Partner,Agent_10,Lost
D-300801,CL-7705,2024-02-22,SKU-101,CRM Pro,Software,15,1230,18450,18473,APAC,Partner,Agent_8,Lost
D-300802,CL-2868,2023-02-09,SKU-102,Analytics Suite,Software,6,179,1074,1109,APAC,Partner,Agent_9,Won
D-300803,CL-4012,2023-09-24,SKU-102,Analytics Suite,Software,22,249,5478,5477,NA,Web,Agent_9,Won
D-300804,CL-5057,2024-05-02,SKU-201,POS Terminal,Hardware,19,436,8284,8255,NA,ColdCall,Agent_4,Won
D-300805,CL-4231,2023-02-13,SKU-101,CRM Pro,Software,9,370,3330,3373,EU,ColdCall,Agent_11,Lost
D-300806,CL-3788,2023-08-22,SKU-201,POS Terminal,Hardware,19,1500,28500,28468,APAC,ColdCall,Agent_4,Closed
D-300807,CL-2317,2023-06-05,SKU-201,POS Terminal,Hardware,13,1563,20319,20282,APAC,ColdCall,Agent_11,Won
D-300808,CL-7925,2024-08-06,SKU-201,POS Terminal,Hardware,2,536,1072,1108,EU,Web,Agent_9,Closed
D-300809,CL-3667,2024-07-10,SKU-201,POS Terminal,Hardware,20,319,6380,6392,EU,ColdCall,Agent_2,Lost
D-300810,CL-3285,2023-08-30,SKU-201,POS Terminal,Hardware,23,253,5819,5841,APAC,Partner,Agent_11,Won
D-300811,CL-2211,2023-12-10,SKU-102,Analytics Suite,Software,8,148,1184,1145,EU,Web,Agent_6,Lost
D-300812,CL-4901,2023-10-21,SKU-101,CRM Pro,Software,18,414,7452,7423,EU,Partner,Agent_5,Closed
D-300813,CL-2751,2023-05-01,SKU-102,Analytics Suite,Software,18,1111,19998,20006,APAC,Web,Agent_9,Won
D-300814,CL-5399,2024-10-10,SKU-201,POS Terminal,Hardware,24,1066,25584,25541,APAC,Partner,Agent_10,Lost
D-300815,CL-2943,2023-12-25,SKU-102,Analytics Suite,Software,5,141,705,703,EU,Web,Agent_4,Closed
D-300816,CL-6892,2023-10-12,SKU-201,POS Terminal,Hardware,9,241,2169,2191,NA,Web,Agent_1,Won
D-300817,CL-6186,2023-11-18,SKU-102,Analytics Suite,Software,24,1385,33240,33238,APAC,Partner,Agent_8,Lost
D-300818,CL-5690,2023-05-21,SKU-102,Analytics Suite,Software,12,813,9756,9800,EU,Web,Agent_9,Lost
D-300819,CL-4169,2023-10-19,SKU-201,POS Terminal,Hardware,16,756,12096,12102,APAC,Web,Agent_3,Closed
D-300820,CL-5344,2023-01-17,SKU-101,CRM Pro,Software,7,925,6475,6461,APAC,Partner,Agent_11,Closed
D-300821,CL-6916,2023-05-25,SKU-102,Analytics Suite,Software,9,1364,12276,12323,APAC,Partner,Agent_8,Won
D-300822,CL-5044,2023-06-26,SKU-201,POS Terminal,Hardware,2,351,702,742,APAC,Web,Agent_9,Won
D-300823,CL-2932,2023-06-07,SKU-101,CRM Pro,Software,7,1372,9604,9619,APAC,Partner,Agent_3,Closed
D-300824,CL-7547,2024-07-04,SKU-102,Analytics Suite,Software,16,1654,26464,26460,APAC,Web,Agent_6,Closed
D-300825,CL-7226,2024-01-18,SKU-101,CRM Pro,Software,19,543,10317,10299,EU,Web,Agent_5,Closed
D-300826,CL-5533,2024-08-13,SKU-201,POS Terminal,Hardware,5,1243,6215,6263,NA,ColdCall,Agent_11,Closed
D-300827,CL-7046,2023-02-24,SKU-102,Analytics Suite,Software,22,667,14674,14639,APAC,Partner,Agent_7,Won
D-300828,CL-4288,2023-09-19,SKU-201,POS Terminal,Hardware,16,1776,28416,28403,EU,ColdCall,Agent_1,Won
D-300829,CL-7633,2024-04-05,SKU-101,CRM Pro,Software,21,562,11802,11810,APAC,Web,Agent_9,Won
D-300830,CL-4641,2023-12-19,SKU-102,Analytics Suite,Software,20,1518,30360,30362,APAC,ColdCall,Agent_9,Won
D-300831,CL-4853,2024-11-06,SKU-201,POS Terminal,Hardware,23,170,3910,3949,APAC,ColdCall,Agent_7,Lost
D-300832,CL-3673,2023-01-13,SKU-102,Analytics Suite,Software,16,1240,19840,19797,APAC,Web,Agent_5,Won
D-300833,CL-4548,2023-08-22,SKU-201,POS Terminal,Hardware,19,1388,26372,26329,EU,Web,Agent_10,Won
D-300834,CL-5721,2024-08-06,SKU-101,CRM Pro,Software,17,1058,17986,17954,APAC,ColdCall,Agent_9,Closed
D-300835,CL-7179,2024-02-16,SKU-201,POS Terminal,Hardware,5,532,2660,2684,APAC,Partner,Agent_7,Closed
D-300836,CL-2549,2024-05-23,SKU-201,POS Terminal,Hardware,13,1099,14287,14294,EU,ColdCall,Agent_11,Closed
D-300837,CL-3551,2024-10-22,SKU-102,Analytics Suite,Software,8,1281,10248,10269,EU,Web,Agent_11,Lost
D-300838,CL-7785,2023-01-10,SKU-201,POS Terminal,Hardware,1,691,691,667,APAC,Partner,Agent_2,Won
D-300839,CL-7378,2023-12-29,SKU-101,CRM Pro,Software,15,863,12945,12993,NA,Web,Agent_11,Closed
D-300840,CL-6696,2024-07-05,SKU-201,POS Terminal,Hardware,2,603,1206,1169,EU,Web,Agent_1,Lost
D-300841,CL-4033,2024-07-13,SKU-102,Analytics Suite,Software,8,290,2320,2335,APAC,Web,Agent_6,Closed
D-300842,CL-3581,2024-07-03,SKU-102,Analytics Suite,Software,6,1147,6882,6871,NA,Partner,Agent_4,Closed
D-300843,CL-5794,2023-07-20,SKU-201,POS Terminal,Hardware,4,1533,6132,6107,EU,Partner,Agent_3,Lost
D-300844,CL-2148,2023-12-25,SKU-201,POS Terminal,Hardware,25,906,22650,22673,NA,Partner,Agent_9,Closed
D-300845,CL-3237,2023-11-24,SKU-101,CRM Pro,Software,19,624,11856,11829,EU,ColdCall,Agent_9,Closed
D-300846,CL-7162,2023-06-17,SKU-102,Analytics Suite,Software,1,446,446,478,APAC,Web,Agent_1,Closed
D-300847,CL-3869,2023-01-05,SKU-201,POS Terminal,Hardware,11,1244,13684,13693,APAC,Partner,Agent_5,Lost
D-300848,CL-7750,2024-03-04,SKU-102,Analytics Suite,Software,3,1094,3282,3330,NA,Web,Agent_6,Closed
D-300849,CL-6327,2024-05-02,SKU-101,CRM Pro,Software,10,1281,12810,12760,EU,Partner,Agent_6,Won
D-300850,CL-6219,2024-09-01,SKU-101,CRM Pro,Software,14,877,12278,12315,NA,ColdCall,Agent_8,Won
D-300851,CL-4581,2024-06-12,SKU-102,Analytics Suite,Software,10,1738,17380,17412,NA,Partner,Agent_5,Closed
D-300852,CL-6495,2023-09-30,SKU-102,Analytics Suite,Software,13,1299,16887,16849,APAC,ColdCall,Agent_5,Closed
D-300853,CL-7228,2023-05-27,SKU-201,POS Terminal,Hardware,2,773,1546,1501,APAC,Web,Agent_2,Won
D-300854,CL-2204,2023-03-20,SKU-101,CRM Pro,Software,12,1538,18456,18426,EU,Web,Agent_10,Lost
D-300855,CL-6420,2024-09-11,SKU-102,Analytics Suite,Software,15,1459,21885,21884,EU,ColdCall,Agent_9,Lost
D-300856,CL-6900,2023-12-22,SKU-201,POS Terminal,Hardware,7,1075,7525,7566,EU,Partner,Agent_9,Lost
D-300857,CL-2321,2024-11-08,SKU-101,CRM Pro,Software,11,815,8965,8966,APAC,Partner,Agent_2,Closed
D-300858,CL-6994,2024-11-30,SKU-102,Analytics Suite,Software,24,284,6816,6859,EU,ColdCall,Agent_8,Lost
D-300859,CL-2898,2023-07-16,SKU-201,POS Terminal,Hardware,7,1199,8393,8428,APAC,Partner,Agent_2,Won
D-300860,CL-2575,2024-10-25,SKU-201,POS Terminal,Hardware,2,671,1342,1329,APAC,ColdCall,Agent_10,Closed
D-300861,CL-2761,2023-03-20,SKU-102,Analytics Suite,Software,17,1744,29648,29639,APAC,ColdCall,Agent_11,Lost
D-300862,CL-2279,2023-05-16,SKU-102,Analytics Suite,Software,12,565,6780,6820,APAC,ColdCall,Agent_11,Won
D-300863,CL-2210,2024-12-01,SKU-101,CRM Pro,Software,3,415,1245,1231,EU,ColdCall,Agent_4,Lost
D-300864,CL-5980,2024-07-16,SKU-102,Analytics Suite,Software,24,1394,33456,33491,NA,Partner,Agent_9,Lost
D-300865,CL-7260,2023-09-30,SKU-201,POS Terminal,Hardware,18,1203,21654,21667,NA,Web,Agent_10,Closed
D-300866,CL-2596,2024-11-17,SKU-102,Analytics Suite,Software,23,1317,30291,30291,APAC,Web,Agent_2,Won
D-300867,CL-2427,2023-09-11,SKU-101,CRM Pro,Software,24,912,21888,21840,APAC,Web,Agent_4,Closed
D-300868,CL-6663,2024-05-05,SKU-102,Analytics Suite,Software,4,175,700,742,EU,Partner,Agent_4,Closed
D-300869,CL-4169,2024-09-16,SKU-201,POS Terminal,Hardware,5,1754,8770,8757,APAC,Web,Agent_3,Closed
D-300870,CL-2154,2024-06-15,SKU-201,POS Terminal,Hardware,21,487,10227,10239,APAC,Partner,Agent_2,Lost
D-300871,CL-3773,2023-09-18,SKU-201,POS Terminal,Hardware,25,614,15350,15340,EU,Web,Agent_10,Lost
D-300872,CL-3502,2023-09-23,SKU-201,POS Terminal,Hardware,1,1716,1716,1755,EU,Web,Agent_8,Closed
D-300873,CL-3740,2023-11-16,SKU-201,POS Terminal,Hardware,25,1144,28600,28593,APAC,ColdCall,Agent_9,Closed
D-300874,CL-5216,2023-02-22,SKU-101,CRM Pro,Software,8,150,1200,1212,APAC,Web,Agent_6,Closed
D-300875,CL-4022,2024-10-23,SKU-102,Analytics Suite,Software,22,1410,31020,31006,NA,Web,Agent_5,Closed
D-300876,CL-4071,2023-05-29,SKU-102,Analytics Suite,Software,17,1404,23868,23829,EU,ColdCall,Agent_1,Closed
D-300877,CL-2545,2023-10-25,SKU-102,Analytics Suite,Software,12,1795,21540,21505,APAC,Partner,Agent_2,Closed
D-300878,CL-4465,2023-11-18,SKU-201,POS Terminal,Hardware,3,909,2727,2681,APAC,ColdCall,Agent_10,Lost
D-300879,CL-7786,2023-08-27,SKU-201,POS Terminal,Hardware,24,492,11808,11816,NA,Partner,Agent_7,Lost
D-300880,CL-5184,2024-10-06,SKU-201,POS Terminal,Hardware,2,517,1034,1065,EU,ColdCall,Agent_2,Won
D-300881,CL-7748,2023-12-24,SKU-101,CRM Pro,Software,20,1263,25260,25279,EU,ColdCall,Agent_11,Won
D-300882,CL-3988,2023-11-02,SKU-201,POS Terminal,Hardware,12,1798,21576,21565,NA,Partner,Agent_10,Won
D-300883,CL-2705,2023-02-01,SKU-201,POS Terminal,Hardware,25,1746,43650,43613,EU,ColdCall,Agent_9,Lost
D-300884,CL-3948,2024-05-31,SKU-101,CRM Pro,Software,4,786,3144,3134,APAC,Web,Agent_8,Lost
D-300885,CL-7574,2023-05-12,SKU-101,CRM Pro,Software,22,526,11572,11577,EU,Partner,Agent_7,Closed
D-300886,CL-6429,2023-05-07,SKU-101,CRM Pro,Software,24,433,10392,10367,EU,ColdCall,Agent_4,Won
D-300887,CL-6104,2024-02-08,SKU-201,POS Terminal,Hardware,3,1779,5337,5350,EU,Web,Agent_3,Won
D-300888,CL-6144,2023-11-08,SKU-201,POS Terminal,Hardware,5,1492,7460,7428,NA,Web,Agent_2,Lost
D-300889,CL-3555,2024-05-06,SKU-102,Analytics Suite,Software,19,1424,27056,27043,EU,Web,Agent_10,Lost
D-300890,CL-6881,2023-05-25,SKU-201,POS Terminal,Hardware,25,1046,26150,26181,NA,Partner,Agent_6,Closed
D-300891,CL-7776,2024-01-12,SKU-101,CRM Pro,Software,20,722,14440,14432,APAC,Partner,Agent_11,Closed
D-300892,CL-7771,2024-12-02,SKU-201,POS Terminal,Hardware,1,499,499,503,EU,Partner,Agent_7,Won
D-300893,CL-3223,2023-02-02,SKU-201,POS Terminal,Hardware,23,1390,31970,31972,EU,ColdCall,Agent_9,Lost
D-300894,CL-7862,2023-12-16,SKU-101,CRM Pro,Software,3,493,1479,1462,NA,Partner,Agent_7,Lost
D-300895,CL-3355,2024-09-21,SKU-102,Analytics Suite,Software,24,1624,38976,38997,APAC,ColdCall,Agent_10,Closed
D-300896,CL-7532,2023-05-26,SKU-201,POS Terminal,Hardware,7,788,5516,5535,NA,Partner,Agent_10,Lost
D-300897,CL-5559,2023-07-26,SKU-101,CRM Pro,Software,24,115,2760,2792,NA,Web,Agent_1,Won
D-300898,CL-6953,2024-01-30,SKU-102,Analytics Suite,Software,6,488,2928,2975,NA,Partner,Agent_7,Lost
D-300899,CL-6604,2024-04-06,SKU-102,Analytics Suite,Software,21,257,5397,5373,EU,Web,Agent_4,Closed
D-300900,CL-6673,2024-11-03,SKU-101,CRM Pro,Software,19,823,15637,15682,EU,Web,Agent_7,Closed
D-300901,CL-4594,2023-05-06,SKU-102,Analytics Suite,Software,1,735,735,718,APAC,ColdCall,Agent_11,Closed
D-300902,CL-7554,2024-08-30,SKU-102,Analytics Suite,Software,22,1544,33968,33924,EU,Partner,Agent_5,Closed
D-300903,CL-3917,2023-07-09,SKU-102,Analytics Suite,Software,12,1572,18864,18871,APAC,Web,Agent_7,Closed
D-300904,CL-5392,2024-12-05,SKU-101,CRM Pro,Software,24,1206,28944,28903,APAC,Web,Agent_1,Closed
D-300905,CL-6624,2023-03-31,SKU-201,POS Terminal,Hardware,7,778,5446,5452,NA,Web,Agent_7,Won
D-300906,CL-7316,2024-10-12,SKU-201,POS Terminal,Hardware,18,1178,21204,21254,NA,Web,Agent_2,Lost
D-300907,CL-5963,2024-04-16,SKU-201,POS Terminal,Hardware,25,804,20100,20107,APAC,Web,Agent_11,Won
D-300908,CL-6912,2024-02-04,SKU-101,CRM Pro,Software,3,1285,3855,3901,APAC,ColdCall,Agent_6,Won
D-300909,CL-7734,2024-09-14,SKU-102,Analytics Suite,Software,2,292,584,617,NA,Web,Agent_4,Lost
D-300910,CL-4981,2023-11-12,SKU-102,Analytics Suite,Software,15,1154,17310,17294,EU,Web,Agent_11,Won
D-300911,CL-6778,2023-02-11,SKU-101,CRM Pro,Software,25,472,11800,11788,EU,Partner,Agent_7,Won
D-300912,CL-6611,2023-02-23,SKU-102,Analytics Suite,Software,14,1178,16492,16491,EU,Web,Agent_2,Won
D-300913,CL-3384,2024-12-29,SKU-101,CRM Pro,Software,8,1074,8592,8602,NA,ColdCall,Agent_8,Won
D-300914,CL-3655,2024-08-08,SKU-201,POS Terminal,Hardware,18,1637,29466,29428,EU,ColdCall,Agent_10,Closed
D-300915,CL-2462,2024-05-28,SKU-101,CRM Pro,Software,20,522,10440,10406,EU,ColdCall,Agent_9,Lost
D-300916,CL-6650,2024-04-08,SKU-102,Analytics Suite,Software,15,479,7185,7153,EU,Web,Agent_4,Closed
D-300917,CL-4700,2023-10-19,SKU-201,POS Terminal,Hardware,11,847,9317,9303,EU,ColdCall,Agent_10,Won
D-300918,CL-6678,2024-07-28,SKU-101,CRM Pro,Software,11,764,8404,8434,APAC,Web,Agent_6,Closed
D-300919,CL-3329,2024-02-05,SKU-102,Analytics Suite,Software,18,1147,20646,20634,APAC,ColdCall,Agent_9,Closed
D-300920,CL-4837,2024-08-17,SKU-101,CRM Pro,Software,10,110,1100,1054,NA,ColdCall,Agent_1,Lost
D-300921,CL-6337,2023-01-29,SKU-102,Analytics Suite,Software,10,841,8410,8392,NA,Partner,Agent_4,Won
D-300922,CL-2995,2024-01-01,SKU-102,Analytics Suite,Software,25,1485,37125,37093,APAC,ColdCall,Agent_10,Won
D-300923,CL-2817,2023-01-01,SKU-102,Analytics Suite,Software,6,1684,10104,10103,APAC,ColdCall,Agent_4,Won
D-300924,CL-6103,2024-08-05,SKU-101,CRM Pro,Software,21,1528,32088,32134,EU,Partner,Agent_9,Lost
D-300925,CL-4730,2024-02-07,SKU-101,CRM Pro,Software,5,665,3325,3374,EU,Partner,Agent_3,Lost
D-300926,CL-5081,2024-03-02,SKU-201,POS Terminal,Hardware,11,1066,11726,11761,APAC,Web,Agent_9,Won
D-300927,CL-4514,2024-12-19,SKU-102,Analytics Suite,Software,6,577,3462,3501,EU,Partner,Agent_2,Closed
D-300928,CL-6955,2023-05-17,SKU-102,Analytics Suite,Software,1,1135,1135,1171,NA,Web,Agent_2,Won
D-300929,CL-3404,2024-06-11,SKU-201,POS Terminal,Hardware,2,1782,3564,3601,APAC,Partner,Agent_5,Closed
D-300930,CL-7442,2023-03-09,SKU-201,POS Terminal,Hardware,20,199,3980,3975,NA,Partner,Agent_11,Won
D-300931,CL-2281,2024-01-01,SKU-102,Analytics Suite,Software,6,847,5082,5062,EU,Web,Agent_9,Won
D-300932,CL-6045,2023-07-23,SKU-101,CRM Pro,Software,14,1363,19082,19112,NA,Partner,Agent_7,Lost
D-300933,CL-7758,2023-06-19,SKU-102,Analytics Suite,Software,25,255,6375,6410,EU,Web,Agent_4,Lost
D-300934,CL-6795,2024-07-06,SKU-101,CRM Pro,Software,12,1543,18516,18542,APAC,Partner,Agent_5,Lost
D-300935,CL-6554,2023-05-19,SKU-101,CRM Pro,Software,4,967,3868,3907,NA,Web,Agent_5,Lost
D-300936,CL-6490,2023-05-15,SKU-101,CRM Pro,Software,21,163,3423,3407,NA,Partner,Agent_6,Lost
D-300937,CL-7371,2024-07-25,SKU-201,POS Terminal,Hardware,7,1323,9261,9260,APAC,ColdCall,Agent_2,Closed
D-300938,CL-5542,2024-01-26,SKU-101,CRM Pro,Software,7,1502,10514,10563,APAC,Partner,Agent_11,Closed
D-300939,CL-6956,2024-12-04,SKU-201,POS Terminal,Hardware,23,498,11454,11491,APAC,Web,Agent_11,Closed
D-300940,CL-7060,2024-02-16,SKU-201,POS Terminal,Hardware,20,1371,27420,27393,APAC,ColdCall,Agent_2,Won
D-300941,CL-6016,2024-03-25,SKU-101,CRM Pro,Software,2,1098,2196,2148,NA,Web,Agent_10,Lost
D-300942,CL-3527,2023-11-03,SKU-201,POS Terminal,Hardware,15,532,7980,8027,NA,Web,Agent_10,Won
D-300943,CL-7451,2024-10-03,SKU-201,POS Terminal,Hardware,23,1720,39560,39528,EU,ColdCall,Agent_3,Lost
D-300944,CL-2048,2024-01-22,SKU-102,Analytics Suite,Software,8,1596,12768,12777,EU,Partner,Agent_11,Closed
D-300945,CL-3092,2023-07-16,SKU-101,CRM Pro,Software,12,640,7680,7642,APAC,Partner,Agent_1,Lost
D-300946,CL-4344,2024-09-05,SKU-102,Analytics Suite,Software,5,944,4720,4682,EU,Partner,Agent_6,Lost
D-300947,CL-7531,2023-05-30,SKU-201,POS Terminal,Hardware,12,629,7548,7511,EU,Web,Agent_7,Lost
D-300948,CL-6390,2024-09-17,SKU-102,Analytics Suite,Software,14,185,2590,2624,APAC,Web,Agent_8,Closed
D-300949,CL-7130,2023-06-27,SKU-101,CRM Pro,Software,4,1445,5780,5736,NA,Web,Agent_3,Won
D-300950,CL-2243,2024-10-03,SKU-201,POS Terminal,Hardware,15,1276,19140,19116,EU,Web,Agent_10,Closed
D-300951,CL-6319,2023-02-02,SKU-201,POS Terminal,Hardware,11,1364,15004,14988,NA,ColdCall,Agent_6,Closed
D-300952,CL-3381,2024-12-08,SKU-201,POS Terminal,Hardware,17,1148,19516,19483,NA,ColdCall,Agent_7,Lost
D-300953,CL-2264,2023-12-18,SKU-101,CRM Pro,Software,17,714,12138,12184,EU,ColdCall,Agent_5,Won
D-300954,CL-3376,2024-06-01,SKU-101,CRM Pro,Software,14,378,5292,5295,APAC,Web,Agent_2,Lost
D-300955,CL-6270,2024-09-26,SKU-102,Analytics Suite,Software,5,1410,7050,7002,APAC,Web,Agent_3,Won
D-300956,CL-4501,2023-09-15,SKU-102,Analytics Suite,Software,21,737,15477,15477,NA,Web,Agent_8,Won
D-300957,CL-4601,2024-11-07,SKU-101,CRM Pro,Software,6,1748,10488,10454,APAC,Web,Agent_5,Closed
D-300958,CL-5918,2024-10-30,SKU-201,POS Terminal,Hardware,9,701,6309,6331,NA,Web,Agent_6,Lost
D-300959,CL-2873,2024-07-31,SKU-201,POS Terminal,Hardware,20,1489,29780,29770,EU,Web,Agent_11,Won
D-300960,CL-7835,2024-08-03,SKU-101,CRM Pro,Software,14,759,10626,10633,NA,Web,Agent_7,Closed
D-300961,CL-6840,2023-07-25,SKU-101,CRM Pro,Software,7,613,4291,4324,APAC,Web,Agent_6,Won
D-300962,CL-5951,2024-02-09,SKU-201,POS Terminal,Hardware,16,1568,25088,25126,NA,Partner,Agent_6,Lost
D-300963,CL-4885,2023-12-29,SKU-102,Analytics Suite,Software,11,290,3190,3163,APAC,Web,Agent_10,Lost
D-300964,CL-7182,2023-07-18,SKU-102,Analytics Suite,Software,4,304,1216,1216,EU,Partner,Agent_10,Lost
D-300965,CL-6861,2024-01-12,SKU-201,POS Terminal,Hardware,8,714,5712,5667,NA,ColdCall,Agent_1,Closed
D-300966,CL-7483,2023-01-10,SKU-201,POS Terminal,Hardware,20,409,8180,8220,APAC,Partner,Agent_1,Closed
D-300967,CL-7872,2023-04-21,SKU-102,Analytics Suite,Software,12,311,3732,3693,APAC,ColdCall,Agent_9,Lost
D-300968,CL-6549,2023-01-30,SKU-102,Analytics Suite,Software,25,1129,28225,28231,NA,Web,Agent_8,Closed
D-300969,CL-6257,2023-12-05,SKU-201,POS Terminal,Hardware,21,569,11949,11972,NA,Web,Agent_8,Won
D-300970,CL-7550,2023-08-03,SKU-201,POS Terminal,Hardware,17,900,15300,15278,APAC,Web,Agent_6,Lost
D-300971,CL-4739,2024-04-24,SKU-201,POS Terminal,Hardware,4,178,712,684,NA,Partner,Agent_4,Closed
D-300972,CL-6426,2023-10-14,SKU-201,POS Terminal,Hardware,6,1398,8388,8352,APAC,ColdCall,Agent_3,Closed
D-300973,CL-3627,2023-01-15,SKU-102,Analytics Suite,Software,12,1123,13476,13428,NA,Partner,Agent_2,Lost
D-300974,CL-3693,2023-06-25,SKU-201,POS Terminal,Hardware,6,150,900,884,APAC,Partner,Agent_10,Closed
D-300975,CL-2402,2024-07-13,SKU-201,POS Terminal,Hardware,10,406,4060,4077,NA,Web,Agent_5,Closed
D-300976,CL-5812,2023-12-11,SKU-101,CRM Pro,Software,12,1793,21516,21479,APAC,Partner,Agent_11,Closed
D-300977,CL-2304,2023-04-26,SKU-201,POS Terminal,Hardware,12,1129,13548,13593,APAC,ColdCall,Agent_3,Lost
D-300978,CL-6599,2024-09-27,SKU-101,CRM Pro,Software,5,892,4460,4496,NA,Web,Agent_4,Closed
D-300979,CL-5396,2023-02-02,SKU-201,POS Terminal,Hardware,6,781,4686,4699,NA,Web,Agent_1,Won
D-300980,CL-3509,2024-03-04,SKU-102,Analytics Suite,Software,7,619,4333,4335,EU,Partner,Agent_10,Won
D-300981,CL-3454,2024-12-23,SKU-201,POS Terminal,Hardware,1,1470,1470,1506,EU,ColdCall,Agent_9,Lost
D-300982,CL-7925,2023-04-01,SKU-102,Analytics Suite,Software,8,228,1824,1874,APAC,Partner,Agent_11,Closed
D-300983,CL-4077,2024-07-10,SKU-102,Analytics Suite,Software,11,643,7073,7103,NA,ColdCall,Agent_2,Lost
D-300984,CL-7549,2023-07-10,SKU-102,Analytics Suite,Software,4,1799,7196,7194,APAC,ColdCall,Agent_6,Lost
D-300985,CL-7980,2023-12-24,SKU-101,CRM Pro,Software,21,330,6930,6944,APAC,Web,Agent_1,Closed
D-300986,CL-5579,2024-01-26,SKU-102,Analytics Suite,Software,24,1237,29688,29710,APAC,Web,Agent_9,Lost
D-300987,CL-7733,2024-10-26,SKU-201,POS Terminal,Hardware,6,422,2532,2530,NA,Partner,Agent_8,Closed
D-300988,CL-3350,2023-07-01,SKU-101,CRM Pro,Software,3,1415,4245,4219,NA,ColdCall,Agent_4,Closed
D-300989,CL-4357,2024-02-23,SKU-101,CRM Pro,Software,9,1594,14346,14300,NA,Partner,Agent_5,Closed
D-300990,CL-3474,2023-08-03,SKU-201,POS Terminal,Hardware,18,535,9630,9603,APAC,Partner,Agent_7,Won
D-300991,CL-3205,2023-06-15,SKU-102,Analytics Suite,Software,16,1464,23424,23459,EU,Partner,Agent_8,Lost
D-300992,CL-7529,2023-07-01,SKU-102,Analytics Suite,Software,24,1252,30048,30073,APAC,ColdCall,Agent_2,Won
D-300993,CL-5190,2023-02-06,SKU-201,POS Terminal,Hardware,14,705,9870,9907,APAC,Web,Agent_8,Won
D-300994,CL-5942,2023-11-14,SKU-102,Analytics Suite,Software,13,1556,20228,20210,NA,ColdCall,Agent_5,Closed
D-300995,CL-4237,2024-03-30,SKU-101,CRM Pro,Software,15,1027,15405,15376,NA,ColdCall,Agent_3,Closed
D-300996,CL-7908,2024-06-26,SKU-201,POS Terminal,Hardware,23,632,14536,14563,EU,Partner,Agent_1,Lost
D-300997,CL-5299,2024-03-11,SKU-101,CRM Pro,Software,9,1532,13788,13825,EU,Partner,Agent_5,Closed
D-300998,CL-6575,2024-01-02,SKU-201,POS Terminal,Hardware,14,1217,17038,17027,APAC,Partner,Agent_3,Closed
D-300999,CL-4671,2023-09-17,SKU-201,POS Terminal,Hardware,9,1108,9972,10015,NA,Web,Agent_11,Won
D-301000,CL-5670,2023-04-14,SKU-201,POS Terminal,Hardware,16,1217,19472,19513,NA,Partner,Agent_1,Won
D-301001,CL-7073,2023-07-29,SKU-101,CRM Pro,Software,13,865,11245,11246,NA,Partner,Agent_6,Lost
D-301002,CL-5350,2023-04-04,SKU-101,CRM Pro,Software,4,1355,5420,5371,APAC,Partner,Agent_5,Won
D-301003,CL-4400,2023-04-23,SKU-101,CRM Pro,Software,5,614,3070,3095,APAC,Web,Agent_5,Won
D-301004,CL-6061,2023-09-20,SKU-102,Analytics Suite,Software,1,313,313,324,EU,Web,Agent_9,Won
D-301005,CL-5735,2024-03-28,SKU-201,POS Terminal,Hardware,19,1494,28386,28405,NA,Partner,Agent_5,Lost
D-301006,CL-2078,2024-02-17,SKU-102,Analytics Suite,Software,10,1416,14160,14114,EU,Web,Agent_11,Won
D-301007,CL-4715,2023-08-17,SKU-201,POS Terminal,Hardware,11,1544,16984,17012,APAC,Web,Agent_1,Closed
D-301008,CL-5228,2023-04-22,SKU-102,Analytics Suite,Software,11,1394,15334,15298,APAC,ColdCall,Agent_10,Lost
D-301009,CL-7151,2023-10-08,SKU-102,Analytics Suite,Software,25,1762,44050,44006,APAC,ColdCall,Agent_5,Lost
D-301010,CL-2103,2023-11-26,SKU-102,Analytics Suite,Software,11,1602,17622,17636,EU,Web,Agent_1,Won
D-301011,CL-7611,2024-01-26,SKU-101,CRM Pro,Software,19,855,16245,16204,APAC,ColdCall,Agent_8,Closed
D-301012,CL-4795,2024-03-18,SKU-102,Analytics Suite,Software,5,1217,6085,6080,EU,Web,Agent_8,Closed
D-301013,CL-7986,2024-01-12,SKU-201,POS Terminal,Hardware,1,961,961,953,EU,Partner,Agent_9,Closed
D-301014,CL-5888,2024-09-24,SKU-101,CRM Pro,Software,12,1142,13704,13695,APAC,ColdCall,Agent_11,Lost
D-301015,CL-2585,2024-08-15,SKU-201,POS Terminal,Hardware,11,397,4367,4339,NA,ColdCall,Agent_9,Lost
D-301016,CL-6125,2023-06-20,SKU-201,POS Terminal,Hardware,12,294,3528,3528,APAC,Partner,Agent_6,Lost
D-301017,CL-3519,2023-12-02,SKU-102,Analytics Suite,Software,16,601,9616,9661,NA,Partner,Agent_10,Won
D-301018,CL-7392,2023-04-19,SKU-102,Analytics Suite,Software,23,244,5612,5655,APAC,Partner,Agent_10,Lost
D-301019,CL-3673,2024-07-30,SKU-102,Analytics Suite,Software,13,1120,14560,14591,EU,Web,Agent_6,Closed
D-301020,CL-4527,2024-05-18,SKU-102,Analytics Suite,Software,11,1254,13794,13830,NA,Partner,Agent_1,Closed
D-301021,CL-3414,2024-11-12,SKU-101,CRM Pro,Software,20,466,9320,9347,EU,ColdCall,Agent_4,Won
D-301022,CL-5752,2023-06-18,SKU-201,POS Terminal,Hardware,15,1036,15540,15497,APAC,Partner,Agent_9,Lost
D-301023,CL-4126,2024-02-03,SKU-201,POS Terminal,Hardware,8,110,880,862,NA,ColdCall,Agent_3,Closed
D-301024,CL-3657,2024-10-27,SKU-102,Analytics Suite,Software,7,1671,11697,11662,APAC,ColdCall,Agent_10,Won
D-301025,CL-3561,2023-12-04,SKU-101,CRM Pro,Software,6,467,2802,2814,NA,Partner,Agent_7,Closed
D-301026,CL-2525,2023-09-19,SKU-101,CRM Pro,Software,15,930,13950,14000,APAC,ColdCall,Agent_4,Won
D-301027,CL-5315,2024-12-14,SKU-101,CRM Pro,Software,23,339,7797,7793,APAC,Partner,Agent_8,Won
D-301028,CL-6533,2023-01-28,SKU-201,POS Terminal,Hardware,12,208,2496,2522,APAC,ColdCall,Agent_9,Closed
D-301029,CL-3243,2024-07-05,SKU-101,CRM Pro,Software,15,273,4095,4061,EU,Partner,Agent_7,Won
D-301030,CL-4968,2024-02-02,SKU-101,CRM Pro,Software,12,520,6240,6263,NA,Web,Agent_7,Lost
D-301031,CL-4415,2024-03-10,SKU-101,CRM Pro,Software,18,243,4374,4407,APAC,ColdCall,Agent_11,Lost
D-301032,CL-3667,2024-10-26,SKU-201,POS Terminal,Hardware,12,911,10932,10894,NA,Web,Agent_9,Won
D-301033,CL-6020,2024-05-18,SKU-102,Analytics Suite,Software,23,1425,32775,32740,NA,ColdCall,Agent_5,Closed
D-301034,CL-2154,2024-10-25,SKU-101,CRM Pro,Software,20,247,4940,4969,NA,Partner,Agent_2,Closed
D-301035,CL-4236,2023-06-01,SKU-201,POS Terminal,Hardware,7,1519,10633,10682,APAC,Partner,Agent_9,Lost
D-301036,CL-5344,2023-12-29,SKU-101,CRM Pro,Software,13,1176,15288,15273,EU,Web,Agent_5,Lost
D-301037,CL-5945,2023-12-22,SKU-102,Analytics Suite,Software,8,421,3368,3375,EU,ColdCall,Agent_3,Won
D-301038,CL-3294,2023-11-03,SKU-201,POS Terminal,Hardware,18,1068,19224,19217,APAC,ColdCall,Agent_2,Won
D-301039,CL-5672,2023-06-28,SKU-201,POS Terminal,Hardware,18,539,9702,9748,APAC,ColdCall,Agent_3,Lost
D-301040,CL-6666,2023-01-12,SKU-201,POS Terminal,Hardware,2,184,368,321,APAC,ColdCall,Agent_2,Won
D-301041,CL-7681,2024-05-05,SKU-101,CRM Pro,Software,4,1605,6420,6437,APAC,ColdCall,Agent_11,Closed
D-301042,CL-7687,2024-10-03,SKU-101,CRM Pro,Software,15,1404,21060,21073,APAC,Web,Agent_10,Won
D-301043,CL-4492,2024-02-04,SKU-101,CRM Pro,Software,4,916,3664,3671,NA,Partner,Agent_3,Lost
D-301044,CL-6889,2024-04-25,SKU-101,CRM Pro,Software,21,323,6783,6807,NA,ColdCall,Agent_3,Closed
D-301045,CL-5900,2024-08-09,SKU-102,Analytics Suite,Software,9,1781,16029,16040,EU,ColdCall,Agent_3,Won
D-301046,CL-4146,2023-02-19,SKU-101,CRM Pro,Software,1,393,393,349,APAC,Partner,Agent_6,Won
D-301047,CL-7240,2023-12-10,SKU-201,POS Terminal,Hardware,22,465,10230,10277,APAC,Partner,Agent_4,Lost
D-301048,CL-5379,2024-04-16,SKU-101,CRM Pro,Software,11,300,3300,3292,EU,Web,Agent_5,Won
D-301049,CL-5512,2023-08-09,SKU-101,CRM Pro,Software,8,622,4976,5011,APAC,ColdCall,Agent_6,Closed
D-301050,CL-4076,2023-06-03,SKU-201,POS Terminal,Hardware,15,1732,25980,25961,NA,Web,Agent_2,Lost
D-301051,CL-3203,2023-12-19,SKU-102,Analytics Suite,Software,9,1765,15885,15895,APAC,Web,Agent_11,Lost
D-301052,CL-6965,2023-03-30,SKU-102,Analytics Suite,Software,6,865,5190,5220,EU,ColdCall,Agent_3,Won
D-301053,CL-7415,2023-08-07,SKU-102,Analytics Suite,Software,24,677,16248,16204,APAC,Partner,Agent_7,Closed
D-301054,CL-4097,2024-11-23,SKU-101,CRM Pro,Software,6,1272,7632,7676,EU,Web,Agent_5,Closed
D-301055,CL-2342,2024-06-12,SKU-102,Analytics Suite,Software,9,1492,13428,13409,EU,ColdCall,Agent_7,Won
D-301056,CL-2343,2024-02-03,SKU-201,POS Terminal,Hardware,3,1414,4242,4252,NA,ColdCall,Agent_9,Won
D-301057,CL-6191,2024-04-04,SKU-101,CRM Pro,Software,1,458,458,445,EU,Web,Agent_2,Lost
D-301058,CL-4822,2024-11-19,SKU-101,CRM Pro,Software,7,324,2268,2274,NA,Partner,Agent_4,Lost
D-301059,CL-4429,2023-09-19,SKU-102,Analytics Suite,Software,11,1666,18326,18338,NA,Partner,Agent_10,Closed
D-301060,CL-6326,2024-04-26,SKU-101,CRM Pro,Software,12,132,1584,1553,NA,Web,Agent_8,Won
D-301061,CL-2311,2023-03-28,SKU-201,POS Terminal,Hardware,18,342,6156,6154,EU,ColdCall,Agent_2,Closed
D-301062,CL-6017,2023-01-28,SKU-102,Analytics Suite,Software,13,617,8021,8030,EU,Partner,Agent_1,Closed
D-301063,CL-5115,2023-02-21,SKU-102,Analytics Suite,Software,19,1530,29070,29028,NA,ColdCall,Agent_1,Closed
D-301064,CL-6137,2024-04-10,SKU-101,CRM Pro,Software,2,1495,2990,2984,NA,Web,Agent_1,Lost
D-301065,CL-5561,2024-04-06,SKU-102,Analytics Suite,Software,15,418,6270,6275,NA,Web,Agent_1,Closed
D-301066,CL-4099,2024-05-30,SKU-102,Analytics Suite,Software,10,1416,14160,14181,NA,Partner,Agent_6,Lost
D-301067,CL-7392,2024-09-01,SKU-102,Analytics Suite,Software,11,500,5500,5523,EU,Web,Agent_6,Lost
D-301068,CL-4495,2023-04-21,SKU-201,POS Terminal,Hardware,12,768,9216,9229,NA,Partner,Agent_2,Closed
D-301069,CL-4947,2024-06-29,SKU-101,CRM Pro,Software,4,745,2980,2932,APAC,ColdCall,Agent_11,Lost
D-301070,CL-4890,2023-05-11,SKU-102,Analytics Suite,Software,9,1605,14445,14495,EU,Web,Agent_2,Won
D-301071,CL-3853,2024-03-27,SKU-201,POS Terminal,Hardware,4,616,2464,2415,APAC,ColdCall,Agent_1,Lost
D-301072,CL-5672,2023-04-07,SKU-101,CRM Pro,Software,7,1192,8344,8343,APAC,Web,Agent_7,Closed
D-301073,CL-4915,2023-10-03,SKU-102,Analytics Suite,Software,8,222,1776,1767,APAC,ColdCall,Agent_3,Closed
D-301074,CL-6926,2023-08-25,SKU-101,CRM Pro,Software,20,444,8880,8874,APAC,Web,Agent_3,Won
D-301075,CL-3253,2023-11-19,SKU-201,POS Terminal,Hardware,14,1632,22848,22844,EU,Partner,Agent_2,Won
D-301076,CL-4952,2023-06-18,SKU-102,Analytics Suite,Software,18,439,7902,7882,APAC,ColdCall,Agent_4,Closed
D-301077,CL-4486,2023-07-21,SKU-201,POS Terminal,Hardware,16,1154,18464,18421,NA,Web,Agent_6,Lost
D-301078,CL-2650,2023-05-15,SKU-101,CRM Pro,Software,23,1582,36386,36377,NA,Partner,Agent_5,Lost
D-301079,CL-2942,2023-01-11,SKU-201,POS Terminal,Hardware,6,1347,8082,8108,APAC,Partner,Agent_9,Closed
D-301080,CL-4798,2024-03-04,SKU-201,POS Terminal,Hardware,11,365,4015,4019,EU,ColdCall,Agent_10,Won
D-301081,CL-5583,2023-04-15,SKU-101,CRM Pro,Software,20,1639,32780,32806,APAC,ColdCall,Agent_3,Won
D-301082,CL-7232,2023-12-08,SKU-201,POS Terminal,Hardware,16,1153,18448,18430,EU,Partner,Agent_7,Won
D-301083,CL-3758,2023-05-22,SKU-102,Analytics Suite,Software,6,1393,8358,8323,APAC,Partner,Agent_6,Lost
D-301084,CL-4267,2023-12-31,SKU-101,CRM Pro,Software,3,1330,3990,3944,NA,Web,Agent_7,Lost
D-301085,CL-6722,2023-06-29,SKU-201,POS Terminal,Hardware,2,228,456,487,APAC,Partner,Agent_8,Closed
D-301086,CL-5432,2023-10-27,SKU-102,Analytics Suite,Software,21,1069,22449,22459,EU,Web,Agent_3,Lost
D-301087,CL-3240,2024-04-27,SKU-101,CRM Pro,Software,2,236,472,513,EU,Partner,Agent_4,Won
D-301088,CL-2221,2024-04-08,SKU-101,CRM Pro,Software,3,646,1938,1943,NA,Web,Agent_6,Lost
D-301089,CL-4965,2023-05-21,SKU-201,POS Terminal,Hardware,16,132,2112,2070,APAC,Web,Agent_6,Closed
D-301090,CL-2325,2024-10-07,SKU-101,CRM Pro,Software,7,388,2716,2676,APAC,Partner,Agent_6,Won
D-301091,CL-3678,2023-06-02,SKU-101,CRM Pro,Software,19,1411,26809,26788,EU,Partner,Agent_3,Closed
D-301092,CL-3890,2023-11-08,SKU-102,Analytics Suite,Software,12,520,6240,6221,APAC,ColdCall,Agent_10,Won
D-301093,CL-5309,2023-01-27,SKU-102,Analytics Suite,Software,3,921,2763,2746,EU,Partner,Agent_8,Lost
D-301094,CL-7368,2024-07-31,SKU-101,CRM Pro,Software,19,1572,29868,29845,EU,Partner,Agent_3,Closed
D-301095,CL-2547,2023-05-30,SKU-201,POS Terminal,Hardware,12,1496,17952,17910,APAC,Partner,Agent_9,Won
D-301096,CL-4325,2023-01-16,SKU-102,Analytics Suite,Software,3,1067,3201,3181,NA,ColdCall,Agent_2,Won
D-301097,CL-4483,2024-03-25,SKU-201,POS Terminal,Hardware,3,641,1923,1940,APAC,Partner,Agent_10,Lost
D-301098,CL-7586,2024-12-10,SKU-102,Analytics Suite,Software,6,1413,8478,8450,APAC,Web,Agent_5,Won
D-301099,CL-2003,2024-04-18,SKU-101,CRM Pro,Software,22,1247,27434,27461,EU,Partner,Agent_5,Closed
D-301100,CL-7648,2023-04-10,SKU-102,Analytics Suite,Software,18,1341,24138,24184,NA,ColdCall,Agent_8,Lost
D-301101,CL-4544,2024-10-04,SKU-101,CRM Pro,Software,15,1489,22335,22335,APAC,Partner,Agent_8,Closed
D-301102,CL-5314,2023-03-21,SKU-101,CRM Pro,Software,17,802,13634,13659,APAC,Web,Agent_2,Lost
D-301103,CL-6658,2023-04-08,SKU-201,POS Terminal,Hardware,1,1143,1143,1093,APAC,Web,Agent_10,Lost
D-301104,CL-6166,2023-11-18,SKU-201,POS Terminal,Hardware,7,298,2086,2099,NA,Partner,Agent_8,Won
D-301105,CL-6419,2023-05-07,SKU-102,Analytics Suite,Software,15,1437,21555,21583,EU,Partner,Agent_5,Lost
D-301106,CL-5670,2023-04-24,SKU-201,POS Terminal,Hardware,19,1370,26030,26015,NA,ColdCall,Agent_3,Lost
D-301107,CL-7806,2023-02-06,SKU-102,Analytics Suite,Software,21,520,10920,10870,NA,Partner,Agent_9,Closed
D-301108,CL-6519,2023-08-24,SKU-102,Analytics Suite,Software,25,173,4325,4350,EU,ColdCall,Agent_10,Closed
D-301109,CL-7460,2024-04-10,SKU-201,POS Terminal,Hardware,17,840,14280,14290,EU,Web,Agent_6,Won
D-301110,CL-5447,2023-07-15,SKU-201,POS Terminal,Hardware,19,1742,33098,33083,APAC,ColdCall,Agent_3,Lost
D-301111,CL-2004,2023-10-01,SKU-101,CRM Pro,Software,3,185,555,540,APAC,Partner,Agent_11,Closed
D-301112,CL-5719,2024-05-04,SKU-102,Analytics Suite,Software,22,784,17248,17260,APAC,Web,Agent_4,Won
D-301113,CL-6745,2024-04-03,SKU-101,CRM Pro,Software,20,831,16620,16601,NA,Partner,Agent_6,Lost
D-301114,CL-3727,2024-04-07,SKU-101,CRM Pro,Software,11,301,3311,3337,EU,Web,Agent_6,Lost
D-301115,CL-6688,2024-11-05,SKU-102,Analytics Suite,Software,21,750,15750,15754,APAC,Partner,Agent_1,Won
D-301116,CL-7630,2023-04-10,SKU-101,CRM Pro,Software,2,1633,3266,3241,NA,Partner,Agent_1,Closed
D-301117,CL-2954,2023-10-27,SKU-101,CRM Pro,Software,10,596,5960,6000,APAC,Web,Agent_3,Closed
D-301118,CL-7215,2024-09-22,SKU-201,POS Terminal,Hardware,11,1281,14091,14120,APAC,Partner,Agent_1,Lost
D-301119,CL-6078,2023-09-28,SKU-102,Analytics Suite,Software,10,542,5420,5469,EU,Web,Agent_4,Lost
D-301120,CL-2629,2023-10-07,SKU-102,Analytics Suite,Software,12,1153,13836,13820,NA,Web,Agent_11,Closed
D-301121,CL-4759,2024-06-12,SKU-101,CRM Pro,Software,15,977,14655,14612,NA,ColdCall,Agent_5,Lost
D-301122,CL-2352,2023-05-12,SKU-102,Analytics Suite,Software,22,1339,29458,29456,NA,ColdCall,Agent_7,Won
D-301123,CL-5098,2024-06-25,SKU-201,POS Terminal,Hardware,15,146,2190,2211,EU,Web,Agent_6,Lost
D-301124,CL-6026,2023-04-19,SKU-102,Analytics Suite,Software,1,1645,1645,1658,APAC,Partner,Agent_4,Closed
D-301125,CL-7193,2024-10-10,SKU-102,Analytics Suite,Software,2,618,1236,1274,NA,Web,Agent_2,Closed
D-301126,CL-5135,2024-04-13,SKU-201,POS Terminal,Hardware,3,529,1587,1553,NA,Partner,Agent_5,Closed
D-301127,CL-4619,2024-05-14,SKU-201,POS Terminal,Hardware,6,444,2664,2637,APAC,Partner,Agent_3,Won
D-301128,CL-5721,2023-05-04,SKU-101,CRM Pro,Software,2,1308,2616,2636,APAC,ColdCall,Agent_4,Closed
D-301129,CL-6838,2023-03-11,SKU-102,Analytics Suite,Software,17,1531,26027,25995,EU,Web,Agent_8,Won
D-301130,CL-5109,2023-04-26,SKU-102,Analytics Suite,Software,16,144,2304,2276,NA,Web,Agent_8,Lost
D-301131,CL-5769,2024-09-22,SKU-102,Analytics Suite,Software,13,610,7930,7911,EU,ColdCall,Agent_9,Closed
D-301132,CL-5108,2023-12-29,SKU-101,CRM Pro,Software,13,1039,13507,13481,APAC,Web,Agent_2,Lost
D-301133,CL-2116,2023-04-30,SKU-102,Analytics Suite,Software,14,965,13510,13483,NA,ColdCall,Agent_1,Won
D-301134,CL-4885,2024-01-15,SKU-101,CRM Pro,Software,16,104,1664,1708,NA,Web,Agent_7,Won
D-301135,CL-5799,2024-11-22,SKU-201,POS Terminal,Hardware,2,1207,2414,2438,APAC,Web,Agent_11,Lost
D-301136,CL-6589,2023-12-29,SKU-102,Analytics Suite,Software,6,515,3090,3093,APAC,ColdCall,Agent_8,Lost
D-301137,CL-7037,2024-01-07,SKU-102,Analytics Suite,Software,22,493,10846,10872,NA,Web,Agent_7,Won
D-301138,CL-7739,2023-06-28,SKU-102,Analytics Suite,Software,21,376,7896,7886,APAC,ColdCall,Agent_6,Lost
D-301139,CL-2983,2023-08-20,SKU-101,CRM Pro,Software,2,1322,2644,2641,APAC,Web,Agent_11,Lost
D-301140,CL-3720,2024-01-27,SKU-201,POS Terminal,Hardware,10,803,8030,8057,NA,Web,Agent_10,Closed
D-301141,CL-6521,2024-04-28,SKU-201,POS Terminal,Hardware,10,1188,11880,11898,NA,Partner,Agent_5,Lost
D-301142,CL-3112,2023-05-06,SKU-201,POS Terminal,Hardware,4,855,3420,3428,EU,Partner,Agent_9,Lost
D-301143,CL-4111,2024-06-08,SKU-101,CRM Pro,Software,19,745,14155,14115,APAC,Partner,Agent_7,Lost
D-301144,CL-7654,2024-03-08,SKU-201,POS Terminal,Hardware,9,1067,9603,9572,APAC,Web,Agent_4,Won
D-301145,CL-6370,2023-02-12,SKU-201,POS Terminal,Hardware,23,757,17411,17411,EU,Partner,Agent_9,Won
D-301146,CL-7969,2023-09-01,SKU-201,POS Terminal,Hardware,5,1348,6740,6714,EU,ColdCall,Agent_10,Won
D-301147,CL-7919,2023-12-20,SKU-101,CRM Pro,Software,16,811,12976,12949,NA,ColdCall,Agent_10,Lost
D-301148,CL-2101,2023-08-26,SKU-201,POS Terminal,Hardware,4,1186,4744,4780,NA,Partner,Agent_5,Closed
D-301149,CL-6844,2024-10-10,SKU-101,CRM Pro,Software,14,1003,14042,14055,EU,ColdCall,Agent_4,Won
D-301150,CL-6336,2024-01-19,SKU-201,POS Terminal,Hardware,24,186,4464,4467,EU,Partner,Agent_10,Closed
D-301151,CL-2120,2024-02-26,SKU-102,Analytics Suite,Software,24,328,7872,7823,APAC,Partner,Agent_7,Closed
D-301152,CL-2202,2024-05-06,SKU-101,CRM Pro,Software,17,705,11985,12030,EU,ColdCall,Agent_5,Closed
D-301153,CL-2232,2023-07-18,SKU-101,CRM Pro,Software,1,423,423,461,NA,Partner,Agent_5,Lost
D-301154,CL-4789,2024-11-10,SKU-201,POS Terminal,Hardware,9,588,5292,5329,APAC,Web,Agent_10,Won
D-301155,CL-6643,2024-11-07,SKU-102,Analytics Suite,Software,14,538,7532,7485,APAC,Partner,Agent_3,Lost
D-301156,CL-2312,2024-10-05,SKU-101,CRM Pro,Software,4,235,940,942,APAC,Web,Agent_11,Won
D-301157,CL-6161,2024-12-09,SKU-201,POS Terminal,Hardware,20,287,5740,5778,EU,ColdCall,Agent_7,Closed
D-301158,CL-4158,2023-12-17,SKU-102,Analytics Suite,Software,11,906,9966,9946,NA,Web,Agent_4,Lost
D-301159,CL-2512,2024-01-27,SKU-101,CRM Pro,Software,11,751,8261,8266,EU,Partner,Agent_7,Closed
D-301160,CL-4312,2023-03-30,SKU-201,POS Terminal,Hardware,19,524,9956,10002,NA,ColdCall,Agent_11,Won
D-301161,CL-2542,2023-02-23,SKU-101,CRM Pro,Software,7,136,952,938,APAC,ColdCall,Agent_10,Lost
D-301162,CL-7590,2024-06-05,SKU-102,Analytics Suite,Software,1,609,609,592,EU,Web,Agent_1,Closed
D-301163,CL-6510,2023-11-24,SKU-201,POS Terminal,Hardware,1,226,226,196,NA,ColdCall,Agent_7,Won
D-301164,CL-7449,2024-08-25,SKU-102,Analytics Suite,Software,17,1066,18122,18080,EU,Web,Agent_1,Won
D-301165,CL-6221,2023-12-16,SKU-101,CRM Pro,Software,25,1657,41425,41463,NA,ColdCall,Agent_9,Closed
D-301166,CL-2559,2024-08-15,SKU-102,Analytics Suite,Software,7,1229,8603,8651,EU,ColdCall,Agent_3,Lost
D-301167,CL-4806,2024-02-07,SKU-102,Analytics Suite,Software,16,1040,16640,16613,NA,ColdCall,Agent_8,Closed
D-301168,CL-6748,2024-06-14,SKU-102,Analytics Suite,Software,5,1244,6220,6183,NA,Partner,Agent_3,Closed
D-301169,CL-6329,2023-05-21,SKU-201,POS Terminal,Hardware,20,1010,20200,20237,EU,ColdCall,Agent_8,Lost
D-301170,CL-4643,2023-03-16,SKU-102,Analytics Suite,Software,4,155,620,574,NA,Partner,Agent_4,Won
D-301171,CL-4746,2024-02-06,SKU-102,Analytics Suite,Software,4,1719,6876,6846,NA,ColdCall,Agent_8,Lost
D-301172,CL-4256,2024-08-07,SKU-101,CRM Pro,Software,21,379,7959,7980,APAC,Partner,Agent_9,Won
D-301173,CL-4516,2024-07-13,SKU-101,CRM Pro,Software,24,392,9408,9429,APAC,Web,Agent_4,Lost
D-301174,CL-4622,2023-03-22,SKU-102,Analytics Suite,Software,1,1601,1601,1640,APAC,Partner,Agent_10,Lost
D-301175,CL-2094,2023-06-11,SKU-101,CRM Pro,Software,6,1615,9690,9725,NA,Partner,Agent_5,Won
D-301176,CL-7938,2023-06-29,SKU-201,POS Terminal,Hardware,13,1798,23374,23383,EU,Partner,Agent_8,Closed
D-301177,CL-2837,2024-09-27,SKU-201,POS Terminal,Hardware,2,239,478,441,APAC,Web,Agent_1,Closed
D-301178,CL-3380,2023-03-31,SKU-201,POS Terminal,Hardware,24,622,14928,14958,APAC,Web,Agent_7,Closed
D-301179,CL-7242,2023-02-23,SKU-201,POS Terminal,Hardware,1,1155,1155,1168,EU,Partner,Agent_1,Lost
D-301180,CL-5407,2024-02-13,SKU-101,CRM Pro,Software,14,1662,23268,23302,APAC,Web,Agent_5,Lost
D-301181,CL-6242,2024-01-06,SKU-102,Analytics Suite,Software,17,575,9775,9737,APAC,ColdCall,Agent_3,Lost
D-301182,CL-7287,2023-12-04,SKU-101,CRM Pro,Software,10,1765,17650,17621,APAC,Web,Agent_6,Won
D-301183,CL-3795,2024-06-19,SKU-101,CRM Pro,Software,19,1213,23047,23041,EU,ColdCall,Agent_7,Closed
D-301184,CL-3538,2024-11-19,SKU-101,CRM Pro,Software,2,1548,3096,3081,NA,Web,Agent_10,Won
D-301185,CL-7242,2023-04-01,SKU-101,CRM Pro,Software,19,630,11970,11954,EU,Partner,Agent_11,Closed
D-301186,CL-5199,2024-12-26,SKU-101,CRM Pro,Software,7,491,3437,3456,NA,ColdCall,Agent_3,Won
D-301187,CL-4259,2024-07-24,SKU-102,Analytics Suite,Software,19,1627,30913,30868,EU,Web,Agent_5,Closed
D-301188,CL-3580,2024-12-12,SKU-102,Analytics Suite,Software,20,1757,35140,35135,NA,Partner,Agent_3,Won
D-301189,CL-4735,2024-02-19,SKU-102,Analytics Suite,Software,8,800,6400,6350,EU,Web,Agent_3,Won
D-301190,CL-5134,2024-06-28,SKU-101,CRM Pro,Software,8,1638,13104,13107,APAC,Web,Agent_4,Lost
D-301191,CL-7571,2024-09-09,SKU-201,POS Terminal,Hardware,5,1714,8570,8572,NA,Web,Agent_2,Won
D-301192,CL-4587,2023-03-04,SKU-102,Analytics Suite,Software,12,1547,18564,18556,APAC,ColdCall,Agent_2,Closed
D-301193,CL-7854,2024-08-12,SKU-102,Analytics Suite,Software,5,1390,6950,6973,APAC,ColdCall,Agent_2,Closed
D-301194,CL-2275,2023-11-27,SKU-201,POS Terminal,Hardware,9,208,1872,1920,EU,ColdCall,Agent_5,Won
D-301195,CL-3621,2023-10-27,SKU-101,CRM Pro,Software,22,296,6512,6554,APAC,Partner,Agent_10,Lost
D-301196,CL-2890,2023-02-02,SKU-201,POS Terminal,Hardware,2,402,804,767,NA,ColdCall,Agent_2,Won
D-301197,CL-6254,2024-05-30,SKU-102,Analytics Suite,Software,17,1632,27744,27788,EU,Web,Agent_10,Won
D-301198,CL-2568,2024-03-18,SKU-101,CRM Pro,Software,9,159,1431,1471,NA,Partner,Agent_9,Lost
D-301199,CL-5738,2024-02-09,SKU-201,POS Terminal,Hardware,23,657,15111,15148,EU,Web,Agent_9,Lost
D-301200,CL-3676,2023-06-22,SKU-101,CRM Pro,Software,9,1090,9810,9798,NA,ColdCall,Agent_1,Closed
D-301201,CL-4870,2023-09-27,SKU-201,POS Terminal,Hardware,23,1300,29900,29934,APAC,Partner,Agent_7,Closed
D-301202,CL-2326,2023-08-16,SKU-201,POS Terminal,Hardware,4,1509,6036,6029,APAC,Web,Agent_6,Lost
D-301203,CL-5049,2023-06-20,SKU-102,Analytics Suite,Software,24,1437,34488,34488,NA,Web,Agent_5,Lost
D-301204,CL-4469,2023-02-10,SKU-101,CRM Pro,Software,8,1629,13032,13067,APAC,ColdCall,Agent_10,Lost
D-301205,CL-4565,2024-11-18,SKU-201,POS Terminal,Hardware,9,1238,11142,11184,NA,Partner,Agent_5,Closed
D-301206,CL-6775,2023-09-04,SKU-101,CRM Pro,Software,9,344,3096,3093,EU,Partner,Agent_3,Won
D-301207,CL-4545,2024-01-31,SKU-102,Analytics Suite,Software,11,489,5379,5423,EU,ColdCall,Agent_10,Won
D-301208,CL-3354,2023-06-25,SKU-201,POS Terminal,Hardware,15,1353,20295,20248,APAC,ColdCall,Agent_8,Closed
D-301209,CL-5661,2024-05-21,SKU-101,CRM Pro,Software,6,935,5610,5611,APAC,Partner,Agent_5,Closed
D-301210,CL-5046,2023-09-17,SKU-201,POS Terminal,Hardware,24,1628,39072,39074,EU,Partner,Agent_7,Closed
D-301211,CL-4597,2023-08-07,SKU-102,Analytics Suite,Software,19,1726,32794,32811,NA,Web,Agent_7,Lost
D-301212,CL-3998,2024-05-07,SKU-102,Analytics Suite,Software,4,1515,6060,6063,EU,Web,Agent_8,Closed
D-301213,CL-6122,2023-07-28,SKU-201,POS Terminal,Hardware,17,1005,17085,17088,NA,Web,Agent_6,Closed
D-301214,CL-3172,2024-06-13,SKU-102,Analytics Suite,Software,16,971,15536,15537,NA,ColdCall,Agent_1,Closed
D-301215,CL-5295,2024-10-23,SKU-101,CRM Pro,Software,25,1442,36050,36027,APAC,ColdCall,Agent_6,Won
D-301216,CL-7742,2023-09-05,SKU-201,POS Terminal,Hardware,24,1449,34776,34735,EU,Web,Agent_7,Closed
D-301217,CL-2353,2024-10-02,SKU-201,POS Terminal,Hardware,22,945,20790,20818,EU,ColdCall,Agent_11,Won
D-301218,CL-2285,2024-01-26,SKU-102,Analytics Suite,Software,13,1182,15366,15400,APAC,Web,Agent_11,Lost
D-301219,CL-5655,2023-12-23,SKU-201,POS Terminal,Hardware,22,1317,28974,28932,APAC,ColdCall,Agent_4,Won
D-301220,CL-3519,2024-02-24,SKU-201,POS Terminal,Hardware,19,1454,27626,27598,NA,Partner,Agent_3,Won
D-301221,CL-5364,2023-10-15,SKU-102,Analytics Suite,Software,21,960,20160,20150,NA,Partner,Agent_2,Won
D-301222,CL-7574,2023-09-20,SKU-101,CRM Pro,Software,16,1245,19920,19955,NA,Partner,Agent_10,Won
D-301223,CL-5834,2023-12-02,SKU-201,POS Terminal,Hardware,13,911,11843,11832,EU,Web,Agent_11,Lost
D-301224,CL-2209,2024-03-02,SKU-101,CRM Pro,Software,18,145,2610,2564,APAC,Web,Agent_11,Closed
D-301225,CL-5758,2023-10-08,SKU-201,POS Terminal,Hardware,11,205,2255,2262,NA,Partner,Agent_3,Lost
D-301226,CL-6718,2023-01-21,SKU-101,CRM Pro,Software,25,715,17875,17882,APAC,Web,Agent_6,Won
D-301227,CL-4985,2023-12-10,SKU-102,Analytics Suite,Software,24,1090,26160,26121,APAC,Web,Agent_3,Closed
D-301228,CL-4587,2024-04-17,SKU-101,CRM Pro,Software,3,731,2193,2156,NA,ColdCall,Agent_6,Lost
D-301229,CL-2717,2024-06-26,SKU-101,CRM Pro,Software,21,939,19719,19697,EU,Web,Agent_4,Lost
D-301230,CL-6453,2023-08-06,SKU-201,POS Terminal,Hardware,9,743,6687,6725,EU,Web,Agent_4,Lost
D-301231,CL-6368,2023-08-10,SKU-201,POS Terminal,Hardware,14,1234,17276,17228,NA,Web,Agent_6,Lost
D-301232,CL-5698,2024-08-09,SKU-102,Analytics Suite,Software,4,447,1788,1819,EU,Partner,Agent_11,Won
D-301233,CL-3643,2023-10-08,SKU-102,Analytics Suite,Software,20,168,3360,3376,APAC,Partner,Agent_3,Lost
D-301234,CL-7534,2023-11-07,SKU-101,CRM Pro,Software,14,800,11200,11181,EU,Partner,Agent_2,Lost
D-301235,CL-6754,2024-03-23,SKU-201,POS Terminal,Hardware,21,1245,26145,26133,NA,Partner,Agent_3,Won
D-301236,CL-2053,2024-12-21,SKU-102,Analytics Suite,Software,14,1716,24024,24059,NA,Web,Agent_10,Lost
D-301237,CL-4392,2023-01-15,SKU-201,POS Terminal,Hardware,16,1586,25376,25352,APAC,ColdCall,Agent_2,Won
D-301238,CL-7830,2024-05-09,SKU-201,POS Terminal,Hardware,12,399,4788,4758,NA,Partner,Agent_2,Won
D-301239,CL-6483,2023-09-24,SKU-201,POS Terminal,Hardware,2,126,252,225,NA,ColdCall,Agent_11,Won
D-301240,CL-3684,2023-12-04,SKU-101,CRM Pro,Software,4,1740,6960,6960,NA,Web,Agent_9,Lost
D-301241,CL-3264,2023-07-17,SKU-101,CRM Pro,Software,11,1186,13046,13068,EU,Web,Agent_3,Closed
D-301242,CL-7331,2023-08-04,SKU-201,POS Terminal,Hardware,9,790,7110,7070,EU,ColdCall,Agent_11,Won
D-301243,CL-6901,2023-12-11,SKU-102,Analytics Suite,Software,16,243,3888,3860,EU,Web,Agent_6,Closed
D-301244,CL-6733,2023-08-22,SKU-102,Analytics Suite,Software,18,694,12492,12525,APAC,Web,Agent_2,Won
D-301245,CL-4616,2024-03-06,SKU-201,POS Terminal,Hardware,5,1082,5410,5419,APAC,Web,Agent_7,Lost
D-301246,CL-5804,2023-05-26,SKU-101,CRM Pro,Software,18,1201,21618,21634,NA,Partner,Agent_3,Closed
D-301247,CL-6371,2024-09-13,SKU-101,CRM Pro,Software,8,119,952,961,APAC,Web,Agent_6,Won
D-301248,CL-7033,2024-10-06,SKU-201,POS Terminal,Hardware,19,562,10678,10634,NA,Partner,Agent_2,Lost
D-301249,CL-7195,2023-09-06,SKU-102,Analytics Suite,Software,9,1592,14328,14365,APAC,Web,Agent_4,Lost
D-301250,CL-7397,2024-06-25,SKU-102,Analytics Suite,Software,4,714,2856,2869,EU,Partner,Agent_3,Won
D-301251,CL-5168,2024-08-25,SKU-101,CRM Pro,Software,9,1677,15093,15051,NA,Partner,Agent_9,Lost
D-301252,CL-6520,2024-06-08,SKU-102,Analytics Suite,Software,24,822,19728,19738,EU,ColdCall,Agent_9,Lost
D-301253,CL-3666,2023-07-20,SKU-201,POS Terminal,Hardware,23,1708,39284,39236,EU,Web,Agent_10,Won
D-301254,CL-2273,2023-04-21,SKU-101,CRM Pro,Software,12,1249,14988,15008,EU,Partner,Agent_6,Closed
D-301255,CL-2267,2023-11-21,SKU-101,CRM Pro,Software,3,609,1827,1787,NA,ColdCall,Agent_7,Lost
D-301256,CL-2010,2023-11-08,SKU-102,Analytics Suite,Software,16,101,1616,1591,APAC,Partner,Agent_11,Won
D-301257,CL-8000,2023-08-28,SKU-102,Analytics Suite,Software,2,1269,2538,2544,NA,Web,Agent_3,Lost
D-301258,CL-5738,2024-12-26,SKU-201,POS Terminal,Hardware,17,923,15691,15659,EU,Web,Agent_3,Closed
D-301259,CL-6812,2023-10-31,SKU-101,CRM Pro,Software,19,1057,20083,20090,NA,Web,Agent_8,Closed
D-301260,CL-6011,2024-06-11,SKU-102,Analytics Suite,Software,23,1516,34868,34834,APAC,ColdCall,Agent_2,Won
D-301261,CL-3013,2024-01-03,SKU-102,Analytics Suite,Software,24,1725,41400,41423,EU,ColdCall,Agent_2,Closed
D-301262,CL-2778,2024-12-08,SKU-101,CRM Pro,Software,6,1130,6780,6763,APAC,Partner,Agent_9,Won
D-301263,CL-2156,2024-11-06,SKU-201,POS Terminal,Hardware,15,234,3510,3557,EU,Web,Agent_4,Won
D-301264,CL-7602,2024-09-11,SKU-102,Analytics Suite,Software,11,1447,15917,15921,EU,Web,Agent_10,Closed
D-301265,CL-6381,2023-02-10,SKU-102,Analytics Suite,Software,24,1628,39072,39060,NA,Web,Agent_6,Lost
D-301266,CL-2315,2024-01-30,SKU-102,Analytics Suite,Software,10,735,7350,7380,APAC,Partner,Agent_9,Lost
D-301267,CL-5263,2023-01-02,SKU-101,CRM Pro,Software,24,564,13536,13571,NA,Web,Agent_2,Lost
D-301268,CL-5194,2024-05-05,SKU-201,POS Terminal,Hardware,24,848,20352,20360,NA,ColdCall,Agent_6,Won
D-301269,CL-2736,2024-09-17,SKU-201,POS Terminal,Hardware,15,1585,23775,23744,EU,Web,Agent_9,Lost
D-301270,CL-6232,2024-02-02,SKU-201,POS Terminal,Hardware,5,1558,7790,7765,EU,Partner,Agent_9,Lost
D-301271,CL-6602,2023-12-16,SKU-102,Analytics Suite,Software,5,1118,5590,5618,NA,Partner,Agent_7,Lost
D-301272,CL-6325,2023-07-22,SKU-102,Analytics Suite,Software,2,761,1522,1534,EU,Web,Agent_7,Won
D-301273,CL-2407,2023-11-21,SKU-201,POS Terminal,Hardware,18,1053,18954,18970,NA,Partner,Agent_11,Won
D-301274,CL-4615,2023-03-20,SKU-102,Analytics Suite,Software,20,189,3780,3791,EU,ColdCall,Agent_7,Won
D-301275,CL-7269,2023-03-19,SKU-101,CRM Pro,Software,25,364,9100,9081,NA,Partner,Agent_5,Closed
D-301276,CL-2857,2023-09-11,SKU-101,CRM Pro,Software,1,346,346,359,APAC,Partner,Agent_2,Lost
D-301277,CL-6806,2024-11-30,SKU-101,CRM Pro,Software,6,1556,9336,9337,EU,ColdCall,Agent_3,Closed
D-301278,CL-4514,2023-04-20,SKU-201,POS Terminal,Hardware,14,792,11088,11041,NA,Partner,Agent_1,Closed
D-301279,CL-2348,2023-09-10,SKU-201,POS Terminal,Hardware,8,1656,13248,13282,APAC,Web,Agent_9,Closed
D-301280,CL-6256,2023-06-08,SKU-101,CRM Pro,Software,6,1482,8892,8928,EU,Partner,Agent_4,Closed
D-301281,CL-2645,2023-11-25,SKU-201,POS Terminal,Hardware,14,1211,16954,16961,NA,Partner,Agent_2,Won
D-301282,CL-4221,2024-08-31,SKU-101,CRM Pro,Software,4,1402,5608,5657,EU,ColdCall,Agent_4,Won
D-301283,CL-7654,2023-10-21,SKU-101,CRM Pro,Software,17,1219,20723,20762,APAC,Web,Agent_7,Won
D-301284,CL-3962,2023-11-23,SKU-101,CRM Pro,Software,12,257,3084,3088,NA,Web,Agent_8,Lost
D-301285,CL-2552,2023-02-12,SKU-201,POS Terminal,Hardware,7,1248,8736,8709,APAC,Partner,Agent_5,Lost
D-301286,CL-5089,2024-09-07,SKU-102,Analytics Suite,Software,19,1142,21698,21692,EU,ColdCall,Agent_4,Lost
D-301287,CL-6315,2024-05-01,SKU-102,Analytics Suite,Software,5,195,975,1023,EU,ColdCall,Agent_11,Won
D-301288,CL-4194,2023-05-16,SKU-201,POS Terminal,Hardware,20,141,2820,2799,APAC,Web,Agent_2,Closed
D-301289,CL-7592,2023-05-02,SKU-102,Analytics Suite,Software,13,1223,15899,15918,EU,Partner,Agent_7,Won
D-301290,CL-4301,2023-12-24,SKU-101,CRM Pro,Software,2,1518,3036,2993,NA,Web,Agent_1,Lost
D-301291,CL-6217,2023-08-02,SKU-102,Analytics Suite,Software,20,344,6880,6911,APAC,Partner,Agent_7,Closed
D-301292,CL-7368,2023-01-05,SKU-101,CRM Pro,Software,5,1240,6200,6188,NA,Web,Agent_7,Won
D-301293,CL-6239,2023-05-18,SKU-101,CRM Pro,Software,17,1638,27846,27889,EU,Web,Agent_5,Won
D-301294,CL-2789,2024-02-18,SKU-102,Analytics Suite,Software,11,352,3872,3919,APAC,Web,Agent_5,Lost
D-301295,CL-3967,2023-04-09,SKU-102,Analytics Suite,Software,5,1400,7000,7039,NA,ColdCall,Agent_10,Won
D-301296,CL-5010,2024-10-18,SKU-102,Analytics Suite,Software,16,600,9600,9644,NA,ColdCall,Agent_5,Lost
D-301297,CL-6568,2023-06-20,SKU-201,POS Terminal,Hardware,15,245,3675,3697,EU,ColdCall,Agent_11,Lost
D-301298,CL-3801,2023-05-08,SKU-101,CRM Pro,Software,5,996,4980,5019,APAC,Partner,Agent_10,Closed
D-301299,CL-6723,2024-03-20,SKU-102,Analytics Suite,Software,13,931,12103,12149,EU,Partner,Agent_8,Won
D-301300,CL-2220,2023-06-23,SKU-102,Analytics Suite,Software,11,961,10571,10607,EU,Partner,Agent_10,Lost
D-301301,CL-3190,2023-12-09,SKU-201,POS Terminal,Hardware,25,384,9600,9631,EU,Partner,Agent_6,Closed
D-301302,CL-3325,2023-01-13,SKU-101,CRM Pro,Software,15,862,12930,12972,APAC,Web,Agent_5,Won
D-301303,CL-2262,2023-04-03,SKU-102,Analytics Suite,Software,4,370,1480,1486,NA,Web,Agent_11,Closed
D-301304,CL-3529,2023-03-24,SKU-101,CRM Pro,Software,11,1724,18964,18996,EU,Web,Agent_1,Won
D-301305,CL-2194,2023-02-20,SKU-101,CRM Pro,Software,9,550,4950,5000,EU,Web,Agent_1,Won
D-301306,CL-2301,2024-02-04,SKU-101,CRM Pro,Software,8,1429,11432,11392,EU,ColdCall,Agent_2,Lost
D-301307,CL-3877,2024-04-12,SKU-102,Analytics Suite,Software,16,548,8768,8763,NA,ColdCall,Agent_1,Lost
D-301308,CL-7379,2023-09-13,SKU-101,CRM Pro,Software,18,1066,19188,19182,APAC,Partner,Agent_6,Lost
D-301309,CL-3514,2023-11-14,SKU-201,POS Terminal,Hardware,6,290,1740,1706,APAC,ColdCall,Agent_4,Closed
D-301310,CL-5610,2023-04-10,SKU-102,Analytics Suite,Software,13,1551,20163,20174,EU,ColdCall,Agent_7,Closed
D-301311,CL-6123,2024-01-07,SKU-201,POS Terminal,Hardware,12,1170,14040,14073,EU,Partner,Agent_8,Closed
D-301312,CL-5673,2023-03-06,SKU-102,Analytics Suite,Software,23,1192,27416,27395,EU,Partner,Agent_9,Closed
D-301313,CL-7599,2024-09-26,SKU-102,Analytics Suite,Software,7,1161,8127,8170,EU,Web,Agent_9,Won
D-301314,CL-3268,2024-11-01,SKU-102,Analytics Suite,Software,10,1434,14340,14304,EU,Web,Agent_5,Closed
D-301315,CL-4979,2024-05-22,SKU-102,Analytics Suite,Software,9,369,3321,3280,EU,Partner,Agent_10,Won
D-301316,CL-6531,2023-03-30,SKU-102,Analytics Suite,Software,13,1699,22087,22130,APAC,ColdCall,Agent_9,Lost
D-301317,CL-5675,2023-01-09,SKU-201,POS Terminal,Hardware,23,276,6348,6308,NA,ColdCall,Agent_7,Won
D-301318,CL-6276,2024-06-22,SKU-101,CRM Pro,Software,19,1790,34010,34048,EU,Partner,Agent_2,Lost
D-301319,CL-3593,2024-01-20,SKU-201,POS Terminal,Hardware,20,815,16300,16295,EU,Partner,Agent_10,Won
D-301320,CL-4864,2024-08-15,SKU-201,POS Terminal,Hardware,13,482,6266,6311,APAC,Web,Agent_11,Closed
D-301321,CL-2188,2024-11-04,SKU-102,Analytics Suite,Software,11,1609,17699,17697,APAC,ColdCall,Agent_8,Lost
D-301322,CL-6154,2023-02-07,SKU-201,POS Terminal,Hardware,11,308,3388,3408,APAC,ColdCall,Agent_8,Lost
D-301323,CL-2937,2023-07-06,SKU-201,POS Terminal,Hardware,4,1544,6176,6143,APAC,Partner,Agent_9,Lost
D-301324,CL-6978,2024-12-29,SKU-101,CRM Pro,Software,18,748,13464,13463,NA,ColdCall,Agent_1,Lost
D-301325,CL-3863,2024-05-11,SKU-102,Analytics Suite,Software,25,951,23775,23816,NA,ColdCall,Agent_1,Closed
D-301326,CL-5372,2023-11-06,SKU-201,POS Terminal,Hardware,12,1013,12156,12191,APAC,Partner,Agent_6,Lost
D-301327,CL-7152,2024-09-17,SKU-101,CRM Pro,Software,22,1052,23144,23143,EU,ColdCall,Agent_5,Lost
D-301328,CL-7828,2023-07-26,SKU-101,CRM Pro,Software,7,198,1386,1356,APAC,ColdCall,Agent_5,Lost
D-301329,CL-5851,2024-12-18,SKU-101,CRM Pro,Software,15,364,5460,5463,EU,Web,Agent_7,Won
D-301330,CL-7404,2023-01-18,SKU-102,Analytics Suite,Software,24,334,8016,8002,APAC,ColdCall,Agent_9,Won
D-301331,CL-6186,2023-06-29,SKU-201,POS Terminal,Hardware,8,704,5632,5644,EU,Web,Agent_3,Closed
D-301332,CL-2742,2023-01-30,SKU-102,Analytics Suite,Software,21,625,13125,13130,EU,Web,Agent_4,Won
D-301333,CL-6501,2023-08-28,SKU-101,CRM Pro,Software,3,1202,3606,3607,APAC,Partner,Agent_10,Closed
D-301334,CL-5192,2023-08-13,SKU-102,Analytics Suite,Software,14,315,4410,4444,EU,Partner,Agent_9,Closed
D-301335,CL-6356,2024-09-11,SKU-102,Analytics Suite,Software,15,1039,15585,15627,APAC,Web,Agent_5,Lost
D-301336,CL-3147,2024-08-16,SKU-101,CRM Pro,Software,14,988,13832,13853,NA,ColdCall,Agent_8,Closed
D-301337,CL-2937,2023-12-26,SKU-201,POS Terminal,Hardware,11,1459,16049,16018,NA,Partner,Agent_8,Won
D-301338,CL-4334,2023-07-24,SKU-101,CRM Pro,Software,15,365,5475,5506,APAC,Partner,Agent_7,Lost
D-301339,CL-4644,2024-02-18,SKU-201,POS Terminal,Hardware,7,723,5061,5059,EU,Partner,Agent_1,Closed
D-301340,CL-2759,2023-01-08,SKU-102,Analytics Suite,Software,24,994,23856,23871,EU,Partner,Agent_6,Won
D-301341,CL-7372,2024-01-25,SKU-102,Analytics Suite,Software,6,1040,6240,6268,NA,ColdCall,Agent_10,Lost
D-301342,CL-2171,2023-03-20,SKU-101,CRM Pro,Software,10,466,4660,4655,NA,Web,Agent_10,Lost
D-301343,CL-5266,2023-11-11,SKU-102,Analytics Suite,Software,23,667,15341,15385,NA,Web,Agent_9,Lost
D-301344,CL-4152,2023-01-12,SKU-101,CRM Pro,Software,24,470,11280,11278,EU,ColdCall,Agent_3,Closed
D-301345,CL-5393,2023-11-02,SKU-101,CRM Pro,Software,14,1084,15176,15184,APAC,Partner,Agent_8,Closed
D-301346,CL-3056,2024-06-25,SKU-102,Analytics Suite,Software,12,260,3120,3098,NA,Partner,Agent_3,Won
D-301347,CL-5530,2023-01-19,SKU-201,POS Terminal,Hardware,5,423,2115,2099,EU,Partner,Agent_7,Lost
D-301348,CL-5433,2024-03-07,SKU-201,POS Terminal,Hardware,14,1716,24024,24021,NA,Web,Agent_2,Lost
D-301349,CL-4533,2024-11-03,SKU-101,CRM Pro,Software,21,110,2310,2283,APAC,ColdCall,Agent_5,Won
D-301350,CL-4062,2023-01-20,SKU-101,CRM Pro,Software,14,1296,18144,18193,EU,ColdCall,Agent_3,Lost
D-301351,CL-7250,2023-04-16,SKU-201,POS Terminal,Hardware,22,1773,39006,39015,NA,ColdCall,Agent_3,Won
D-301352,CL-7334,2023-11-04,SKU-101,CRM Pro,Software,4,1744,6976,7009,NA,ColdCall,Agent_4,Closed
D-301353,CL-2064,2023-10-11,SKU-201,POS Terminal,Hardware,15,1297,19455,19495,EU,Web,Agent_4,Closed
D-301354,CL-6460,2023-09-16,SKU-102,Analytics Suite,Software,25,748,18700,18673,EU,ColdCall,Agent_9,Lost
D-301355,CL-7820,2023-12-28,SKU-102,Analytics Suite,Software,2,1024,2048,2023,APAC,Web,Agent_1,Lost
D-301356,CL-4000,2024-09-28,SKU-101,CRM Pro,Software,19,511,9709,9685,NA,Web,Agent_6,Lost
D-301357,CL-7202,2023-05-30,SKU-102,Analytics Suite,Software,6,1163,6978,6940,EU,ColdCall,Agent_1,Closed
D-301358,CL-7358,2023-11-10,SKU-201,POS Terminal,Hardware,24,1547,37128,37104,EU,ColdCall,Agent_11,Closed
D-301359,CL-6281,2024-07-26,SKU-201,POS Terminal,Hardware,19,885,16815,16846,NA,Partner,Agent_9,Closed
D-301360,CL-3455,2024-12-01,SKU-201,POS Terminal,Hardware,7,1658,11606,11654,EU,Partner,Agent_9,Lost
D-301361,CL-7902,2024-08-22,SKU-101,CRM Pro,Software,5,1771,8855,8853,NA,Partner,Agent_11,Won
D-301362,CL-6737,2024-09-10,SKU-101,CRM Pro,Software,19,503,9557,9582,EU,Partner,Agent_7,Closed
D-301363,CL-2202,2024-12-17,SKU-102,Analytics Suite,Software,2,1560,3120,3112,APAC,ColdCall,Agent_5,Lost
D-301364,CL-5156,2024-08-28,SKU-201,POS Terminal,Hardware,12,1618,19416,19452,NA,Partner,Agent_11,Lost
D-301365,CL-6681,2024-02-04,SKU-201,POS Terminal,Hardware,22,311,6842,6826,NA,Partner,Agent_1,Closed
D-301366,CL-3537,2023-02-17,SKU-201,POS Terminal,Hardware,15,1105,16575,16578,NA,Web,Agent_2,Lost
D-301367,CL-3924,2024-08-21,SKU-101,CRM Pro,Software,15,942,14130,14166,APAC,ColdCall,Agent_2,Lost
D-301368,CL-2669,2023-10-22,SKU-201,POS Terminal,Hardware,17,1285,21845,21823,EU,Partner,Agent_6,Lost
D-301369,CL-4244,2024-07-05,SKU-102,Analytics Suite,Software,25,744,18600,18608,APAC,ColdCall,Agent_11,Closed
D-301370,CL-4439,2024-04-25,SKU-201,POS Terminal,Hardware,14,934,13076,13056,NA,ColdCall,Agent_11,Closed
D-301371,CL-6615,2023-08-02,SKU-102,Analytics Suite,Software,25,161,4025,4013,APAC,Web,Agent_11,Closed
D-301372,CL-7779,2024-12-15,SKU-201,POS Terminal,Hardware,9,453,4077,4109,APAC,ColdCall,Agent_7,Lost
D-301373,CL-4903,2024-12-23,SKU-201,POS Terminal,Hardware,23,1682,38686,38636,NA,Partner,Agent_10,Lost
D-301374,CL-5112,2024-02-04,SKU-201,POS Terminal,Hardware,12,361,4332,4360,NA,Partner,Agent_6,Lost
D-301375,CL-2955,2023-03-26,SKU-102,Analytics Suite,Software,1,1140,1140,1173,EU,Partner,Agent_9,Lost
D-301376,CL-2509,2023-08-25,SKU-102,Analytics Suite,Software,17,1180,20060,20034,APAC,Partner,Agent_7,Closed
D-301377,CL-3406,2024-12-26,SKU-101,CRM Pro,Software,6,1467,8802,8841,EU,Web,Agent_6,Lost
D-301378,CL-7310,2023-03-26,SKU-102,Analytics Suite,Software,1,1726,1726,1704,NA,Partner,Agent_6,Won
D-301379,CL-5854,2024-02-05,SKU-101,CRM Pro,Software,20,485,9700,9718,NA,Web,Agent_11,Lost
D-301380,CL-5022,2023-06-25,SKU-102,Analytics Suite,Software,3,1749,5247,5239,NA,Partner,Agent_7,Lost
D-301381,CL-4742,2023-11-15,SKU-102,Analytics Suite,Software,13,749,9737,9776,NA,Partner,Agent_1,Closed
D-301382,CL-6846,2023-04-23,SKU-102,Analytics Suite,Software,12,233,2796,2762,APAC,Partner,Agent_10,Won
D-301383,CL-5551,2023-02-20,SKU-201,POS Terminal,Hardware,8,1582,12656,12626,APAC,Web,Agent_8,Lost
D-301384,CL-6206,2024-07-29,SKU-102,Analytics Suite,Software,10,939,9390,9375,NA,Web,Agent_5,Closed
D-301385,CL-5937,2024-03-20,SKU-201,POS Terminal,Hardware,10,102,1020,974,NA,Partner,Agent_2,Lost
D-301386,CL-4996,2023-02-02,SKU-102,Analytics Suite,Software,13,661,8593,8573,APAC,Web,Agent_3,Lost
D-301387,CL-2364,2023-05-18,SKU-102,Analytics Suite,Software,13,942,12246,12294,NA,ColdCall,Agent_8,Closed
D-301388,CL-6986,2023-01-25,SKU-102,Analytics Suite,Software,1,269,269,285,EU,Partner,Agent_9,Won
D-301389,CL-4374,2024-12-29,SKU-201,POS Terminal,Hardware,1,1301,1301,1339,NA,ColdCall,Agent_3,Won
D-301390,CL-3360,2024-09-17,SKU-102,Analytics Suite,Software,15,245,3675,3668,EU,ColdCall,Agent_6,Closed
D-301391,CL-6695,2024-07-06,SKU-101,CRM Pro,Software,17,196,3332,3300,NA,Web,Agent_11,Lost
D-301392,CL-4766,2023-06-12,SKU-102,Analytics Suite,Software,16,1529,24464,24497,APAC,Web,Agent_9,Closed
D-301393,CL-6272,2024-05-18,SKU-201,POS Terminal,Hardware,22,1472,32384,32423,NA,ColdCall,Agent_11,Lost
D-301394,CL-3339,2024-10-19,SKU-201,POS Terminal,Hardware,20,218,4360,4373,NA,Partner,Agent_9,Lost
D-301395,CL-3481,2024-10-16,SKU-102,Analytics Suite,Software,12,951,11412,11455,APAC,Partner,Agent_6,Won
D-301396,CL-5198,2024-11-19,SKU-201,POS Terminal,Hardware,8,275,2200,2177,EU,Partner,Agent_1,Won
D-301397,CL-2222,2024-12-19,SKU-102,Analytics Suite,Software,11,1527,16797,16818,NA,Web,Agent_4,Closed
D-301398,CL-6987,2024-01-07,SKU-101,CRM Pro,Software,5,413,2065,2082,APAC,Partner,Agent_5,Closed
D-301399,CL-7295,2023-03-01,SKU-102,Analytics Suite,Software,25,284,7100,7133,APAC,Web,Agent_5,Closed
D-301400,CL-5106,2023-03-18,SKU-102,Analytics Suite,Software,5,349,1745,1757,APAC,Partner,Agent_3,Closed
D-301401,CL-2839,2023-09-12,SKU-101,CRM Pro,Software,4,906,3624,3623,NA,Partner,Agent_5,Lost
D-301402,CL-3313,2023-12-20,SKU-101,CRM Pro,Software,11,1371,15081,15047,APAC,Web,Agent_4,Won
D-301403,CL-2922,2024-01-19,SKU-201,POS Terminal,Hardware,13,321,4173,4148,APAC,Web,Agent_3,Won
D-301404,CL-3034,2023-12-28,SKU-201,POS Terminal,Hardware,21,354,7434,7464,NA,ColdCall,Agent_11,Won
D-301405,CL-7342,2023-08-02,SKU-101,CRM Pro,Software,20,1068,21360,21329,NA,Web,Agent_8,Won
D-301406,CL-7852,2024-07-31,SKU-201,POS Terminal,Hardware,6,1581,9486,9502,NA,Web,Agent_3,Won
D-301407,CL-3542,2023-02-01,SKU-201,POS Terminal,Hardware,16,1546,24736,24776,EU,Web,Agent_8,Lost
D-301408,CL-6559,2023-11-09,SKU-102,Analytics Suite,Software,25,242,6050,6020,APAC,ColdCall,Agent_5,Lost
D-301409,CL-5730,2023-08-24,SKU-201,POS Terminal,Hardware,2,1624,3248,3273,APAC,Web,Agent_5,Closed
D-301410,CL-5318,2023-10-24,SKU-102,Analytics Suite,Software,7,697,4879,4914,NA,ColdCall,Agent_8,Closed
D-301411,CL-7948,2023-09-23,SKU-101,CRM Pro,Software,6,1748,10488,10496,APAC,Web,Agent_5,Won
D-301412,CL-7703,2023-11-12,SKU-101,CRM Pro,Software,16,830,13280,13273,EU,Partner,Agent_2,Closed
D-301413,CL-3956,2023-05-01,SKU-201,POS Terminal,Hardware,23,286,6578,6584,NA,ColdCall,Agent_5,Lost
D-301414,CL-3183,2024-03-29,SKU-101,CRM Pro,Software,18,1358,24444,24430,NA,ColdCall,Agent_4,Won
D-301415,CL-7531,2023-02-06,SKU-101,CRM Pro,Software,14,796,11144,11131,EU,Partner,Agent_7,Closed
D-301416,CL-5791,2023-02-01,SKU-201,POS Terminal,Hardware,6,358,2148,2165,EU,ColdCall,Agent_11,Lost
D-301417,CL-7583,2024-10-06,SKU-201,POS Terminal,Hardware,5,497,2485,2435,NA,Web,Agent_8,Closed
D-301418,CL-3934,2023-10-28,SKU-201,POS Terminal,Hardware,24,1748,41952,41914,EU,ColdCall,Agent_3,Closed
D-301419,CL-2135,2024-07-13,SKU-201,POS Terminal,Hardware,7,1228,8596,8636,EU,ColdCall,Agent_8,Won
D-301420,CL-4915,2023-09-18,SKU-102,Analytics Suite,Software,22,1570,34540,34509,EU,Web,Agent_4,Lost
D-301421,CL-5710,2023-09-22,SKU-102,Analytics Suite,Software,24,1599,38376,38366,EU,Partner,Agent_7,Lost
D-301422,CL-3503,2023-04-30,SKU-101,CRM Pro,Software,11,374,4114,4161,NA,ColdCall,Agent_5,Won
D-301423,CL-2714,2024-01-18,SKU-102,Analytics Suite,Software,25,519,12975,13019,APAC,Web,Agent_11,Closed
D-301424,CL-7443,2024-08-21,SKU-102,Analytics Suite,Software,20,1789,35780,35818,APAC,Partner,Agent_9,Lost
D-301425,CL-7697,2023-07-18,SKU-102,Analytics Suite,Software,19,701,13319,13339,EU,Web,Agent_9,Closed
D-301426,CL-7143,2023-04-10,SKU-102,Analytics Suite,Software,4,550,2200,2176,NA,Partner,Agent_6,Closed
D-301427,CL-4907,2024-06-10,SKU-102,Analytics Suite,Software,1,1669,1669,1627,APAC,Partner,Agent_5,Closed
D-301428,CL-7781,2023-04-23,SKU-101,CRM Pro,Software,25,108,2700,2669,EU,Web,Agent_9,Won
D-301429,CL-4150,2024-05-03,SKU-101,CRM Pro,Software,11,901,9911,9884,APAC,Partner,Agent_9,Closed
D-301430,CL-2555,2024-09-14,SKU-201,POS Terminal,Hardware,21,1742,36582,36558,NA,ColdCall,Agent_5,Closed
D-301431,CL-3539,2023-09-04,SKU-101,CRM Pro,Software,17,1632,27744,27779,NA,Web,Agent_4,Closed
D-301432,CL-5338,2023-01-17,SKU-201,POS Terminal,Hardware,12,1104,13248,13220,NA,Partner,Agent_11,Lost
D-301433,CL-7547,2023-03-21,SKU-102,Analytics Suite,Software,17,1419,24123,24109,APAC,ColdCall,Agent_7,Lost
D-301434,CL-6814,2024-04-27,SKU-102,Analytics Suite,Software,8,1291,10328,10354,EU,Partner,Agent_3,Closed
D-301435,CL-5381,2023-12-09,SKU-201,POS Terminal,Hardware,4,1628,6512,6497,EU,Partner,Agent_6,Won
D-301436,CL-7080,2023-08-01,SKU-102,Analytics Suite,Software,9,261,2349,2356,EU,ColdCall,Agent_6,Won
D-301437,CL-2256,2024-06-22,SKU-201,POS Terminal,Hardware,6,356,2136,2121,EU,Partner,Agent_6,Closed
D-301438,CL-5714,2023-05-04,SKU-201,POS Terminal,Hardware,6,453,2718,2716,NA,Web,Agent_6,Won
D-301439,CL-5163,2024-06-10,SKU-102,Analytics Suite,Software,6,555,3330,3341,EU,Web,Agent_10,Closed
D-301440,CL-7865,2024-09-07,SKU-102,Analytics Suite,Software,8,847,6776,6763,NA,Partner,Agent_10,Lost
D-301441,CL-7407,2024-10-28,SKU-101,CRM Pro,Software,23,1613,37099,37145,EU,ColdCall,Agent_9,Lost
D-301442,CL-6265,2023-07-03,SKU-101,CRM Pro,Software,18,126,2268,2292,NA,Web,Agent_8,Lost
D-301443,CL-5754,2023-07-24,SKU-201,POS Terminal,Hardware,15,1798,26970,26970,NA,Partner,Agent_7,Won
D-301444,CL-4667,2024-05-15,SKU-201,POS Terminal,Hardware,20,1033,20660,20610,NA,Partner,Agent_9,Won
D-301445,CL-6494,2024-09-01,SKU-201,POS Terminal,Hardware,16,1509,24144,24171,APAC,Web,Agent_2,Won
D-301446,CL-4330,2023-04-24,SKU-101,CRM Pro,Software,8,420,3360,3313,APAC,Partner,Agent_10,Closed
D-301447,CL-7255,2024-01-27,SKU-102,Analytics Suite,Software,2,1094,2188,2195,EU,Partner,Agent_8,Won
D-301448,CL-4593,2023-06-10,SKU-101,CRM Pro,Software,6,748,4488,4507,NA,Partner,Agent_8,Closed
D-301449,CL-3720,2024-05-10,SKU-101,CRM Pro,Software,24,961,23064,23064,NA,Partner,Agent_4,Lost
D-301450,CL-5291,2024-11-18,SKU-102,Analytics Suite,Software,22,381,8382,8349,APAC,ColdCall,Agent_10,Won
D-301451,CL-2885,2023-08-23,SKU-101,CRM Pro,Software,23,998,22954,22956,NA,Web,Agent_10,Closed
D-301452,CL-3296,2024-05-01,SKU-102,Analytics Suite,Software,14,1210,16940,16941,APAC,ColdCall,Agent_11,Closed
D-301453,CL-4667,2024-04-02,SKU-102,Analytics Suite,Software,5,202,1010,1037,APAC,ColdCall,Agent_2,Closed
D-301454,CL-6567,2023-06-11,SKU-102,Analytics Suite,Software,2,1639,3278,3311,APAC,Partner,Agent_7,Closed
D-301455,CL-4052,2023-09-14,SKU-102,Analytics Suite,Software,4,1511,6044,6020,NA,Partner,Agent_10,Lost
D-301456,CL-7912,2024-05-03,SKU-102,Analytics Suite,Software,14,1071,14994,14966,APAC,ColdCall,Agent_5,Lost
D-301457,CL-6370,2023-11-18,SKU-102,Analytics Suite,Software,9,791,7119,7167,NA,ColdCall,Agent_4,Lost
D-301458,CL-5655,2023-07-12,SKU-102,Analytics Suite,Software,9,1559,14031,14053,EU,ColdCall,Agent_8,Closed
D-301459,CL-5756,2023-01-23,SKU-102,Analytics Suite,Software,18,448,8064,8033,EU,Web,Agent_6,Won
D-301460,CL-5964,2024-01-12,SKU-101,CRM Pro,Software,11,780,8580,8564,APAC,Web,Agent_1,Closed
D-301461,CL-3220,2023-02-19,SKU-101,CRM Pro,Software,17,1525,25925,25924,NA,ColdCall,Agent_3,Closed
D-301462,CL-2252,2023-06-02,SKU-102,Analytics Suite,Software,17,709,12053,12022,APAC,Partner,Agent_10,Closed
D-301463,CL-6713,2023-08-30,SKU-102,Analytics Suite,Software,7,1779,12453,12454,NA,ColdCall,Agent_5,Closed
D-301464,CL-3059,2023-06-12,SKU-102,Analytics Suite,Software,7,460,3220,3195,APAC,Web,Agent_3,Lost
D-301465,CL-6715,2024-08-02,SKU-101,CRM Pro,Software,15,969,14535,14493,APAC,Partner,Agent_5,Closed
D-301466,CL-5901,2023-01-20,SKU-102,Analytics Suite,Software,10,1586,15860,15894,NA,Partner,Agent_8,Lost
D-301467,CL-7473,2024-09-21,SKU-101,CRM Pro,Software,2,271,542,563,NA,Web,Agent_2,Lost
D-301468,CL-6898,2023-07-08,SKU-102,Analytics Suite,Software,5,1048,5240,5216,EU,ColdCall,Agent_3,Lost
D-301469,CL-6264,2024-09-21,SKU-102,Analytics Suite,Software,21,1444,30324,30286,APAC,Partner,Agent_7,Won
D-301470,CL-4019,2023-02-22,SKU-201,POS Terminal,Hardware,19,717,13623,13626,EU,Web,Agent_11,Lost
D-301471,CL-3588,2023-12-25,SKU-102,Analytics Suite,Software,24,107,2568,2575,APAC,Partner,Agent_2,Lost
D-301472,CL-2667,2023-06-25,SKU-101,CRM Pro,Software,14,1430,20020,20067,APAC,Partner,Agent_5,Closed
D-301473,CL-7765,2024-06-13,SKU-201,POS Terminal,Hardware,17,1485,25245,25219,NA,Partner,Agent_7,Closed
D-301474,CL-6780,2023-01-14,SKU-101,CRM Pro,Software,9,396,3564,3568,APAC,Partner,Agent_2,Lost
D-301475,CL-5429,2024-01-21,SKU-201,POS Terminal,Hardware,23,1486,34178,34146,EU,Web,Agent_6,Lost
D-301476,CL-7845,2023-09-29,SKU-101,CRM Pro,Software,7,229,1603,1553,EU,Web,Agent_6,Won
D-301477,CL-4918,2023-05-25,SKU-201,POS Terminal,Hardware,24,888,21312,21275,EU,Web,Agent_8,Won
D-301478,CL-5855,2023-07-21,SKU-201,POS Terminal,Hardware,20,722,14440,14440,NA,Partner,Agent_11,Closed
D-301479,CL-4884,2023-11-13,SKU-101,CRM Pro,Software,7,793,5551,5557,APAC,Partner,Agent_4,Lost
D-301480,CL-2604,2023-11-12,SKU-201,POS Terminal,Hardware,21,280,5880,5896,EU,Partner,Agent_4,Closed
D-301481,CL-6187,2023-02-07,SKU-101,CRM Pro,Software,11,1694,18634,18639,APAC,Partner,Agent_11,Won
D-301482,CL-3665,2023-01-20,SKU-102,Analytics Suite,Software,16,1400,22400,22443,APAC,Partner,Agent_4,Lost
D-301483,CL-4798,2024-06-20,SKU-101,CRM Pro,Software,8,305,2440,2423,APAC,Web,Agent_8,Won
D-301484,CL-7824,2024-04-19,SKU-201,POS Terminal,Hardware,18,668,12024,12005,EU,Partner,Agent_11,Lost
D-301485,CL-3992,2024-08-24,SKU-101,CRM Pro,Software,14,204,2856,2888,APAC,Partner,Agent_10,Closed
D-301486,CL-7078,2024-05-29,SKU-101,CRM Pro,Software,19,1565,29735,29687,EU,Web,Agent_8,Lost
D-301487,CL-6837,2024-06-20,SKU-201,POS Terminal,Hardware,18,1779,32022,31975,EU,ColdCall,Agent_9,Lost
D-301488,CL-7330,2023-04-21,SKU-101,CRM Pro,Software,6,458,2748,2733,EU,Partner,Agent_9,Closed
D-301489,CL-3036,2023-03-15,SKU-102,Analytics Suite,Software,1,715,715,726,NA,ColdCall,Agent_7,Won
D-301490,CL-6399,2023-05-18,SKU-102,Analytics Suite,Software,4,329,1316,1278,APAC,ColdCall,Agent_1,Lost
D-301491,CL-2814,2023-09-08,SKU-101,CRM Pro,Software,9,597,5373,5339,APAC,ColdCall,Agent_4,Lost
D-301492,CL-7068,2023-05-29,SKU-201,POS Terminal,Hardware,8,663,5304,5262,EU,Web,Agent_4,Won
D-301493,CL-5303,2024-01-18,SKU-201,POS Terminal,Hardware,4,1604,6416,6405,NA,ColdCall,Agent_6,Won
D-301494,CL-5741,2024-01-10,SKU-201,POS Terminal,Hardware,13,735,9555,9567,EU,ColdCall,Agent_7,Closed
D-301495,CL-3960,2024-12-06,SKU-201,POS Terminal,Hardware,16,317,5072,5116,APAC,Partner,Agent_4,Closed
D-301496,CL-7767,2023-06-19,SKU-101,CRM Pro,Software,25,869,21725,21763,EU,Web,Agent_10,Lost
D-301497,CL-4937,2023-09-05,SKU-201,POS Terminal,Hardware,20,1717,34340,34360,APAC,Partner,Agent_5,Lost
D-301498,CL-6812,2024-09-03,SKU-101,CRM Pro,Software,11,1709,18799,18800,EU,Partner,Agent_11,Closed
D-301499,CL-2661,2023-09-26,SKU-102,Analytics Suite,Software,21,1793,37653,37622,EU,Partner,Agent_10,Lost
D-301500,CL-7505,2024-05-14,SKU-201,POS Terminal,Hardware,4,1604,6416,6411,NA,ColdCall,Agent_8,Won
D-301501,CL-5895,2023-02-11,SKU-102,Analytics Suite,Software,6,1656,9936,9970,APAC,Web,Agent_11,Lost
D-301502,CL-5909,2023-07-29,SKU-102,Analytics Suite,Software,19,996,18924,18885,EU,ColdCall,Agent_3,Closed
D-301503,CL-3574,2024-11-19,SKU-201,POS Terminal,Hardware,9,741,6669,6709,NA,ColdCall,Agent_8,Won
D-301504,CL-6128,2023-09-03,SKU-101,CRM Pro,Software,10,273,2730,2702,APAC,Web,Agent_4,Closed
D-301505,CL-7817,2023-05-04,SKU-101,CRM Pro,Software,16,178,2848,2848,APAC,Web,Agent_11,Lost
D-301506,CL-5483,2024-09-17,SKU-102,Analytics Suite,Software,23,698,16054,16088,NA,ColdCall,Agent_6,Lost
D-301507,CL-6091,2023-09-28,SKU-102,Analytics Suite,Software,10,531,5310,5278,NA,Web,Agent_10,Won
D-301508,CL-2907,2023-12-13,SKU-102,Analytics Suite,Software,14,754,10556,10576,APAC,Partner,Agent_1,Won
D-301509,CL-6242,2024-12-18,SKU-201,POS Terminal,Hardware,7,889,6223,6187,APAC,Partner,Agent_4,Lost
D-301510,CL-5939,2023-09-16,SKU-201,POS Terminal,Hardware,1,988,988,963,EU,Web,Agent_5,Lost
D-301511,CL-7857,2023-05-14,SKU-102,Analytics Suite,Software,9,1618,14562,14534,EU,Partner,Agent_1,Closed
D-301512,CL-5041,2023-02-25,SKU-101,CRM Pro,Software,11,405,4455,4458,NA,Web,Agent_7,Lost
D-301513,CL-2745,2024-11-09,SKU-101,CRM Pro,Software,16,541,8656,8661,APAC,ColdCall,Agent_11,Won
D-301514,CL-3268,2024-09-30,SKU-102,Analytics Suite,Software,20,221,4420,4428,EU,Web,Agent_8,Lost
D-301515,CL-7611,2024-03-17,SKU-201,POS Terminal,Hardware,13,250,3250,3239,NA,Partner,Agent_4,Closed
D-301516,CL-2020,2024-12-31,SKU-102,Analytics Suite,Software,21,1113,23373,23387,NA,ColdCall,Agent_9,Lost
D-301517,CL-3840,2024-11-17,SKU-101,CRM Pro,Software,17,1463,24871,24856,APAC,Web,Agent_1,Closed
D-301518,CL-7583,2024-06-11,SKU-102,Analytics Suite,Software,11,739,8129,8120,EU,Partner,Agent_5,Lost
D-301519,CL-6595,2024-11-15,SKU-102,Analytics Suite,Software,12,929,11148,11145,NA,Web,Agent_7,Won
D-301520,CL-7791,2024-09-17,SKU-102,Analytics Suite,Software,16,1535,24560,24572,EU,ColdCall,Agent_2,Closed
D-301521,CL-5157,2023-05-07,SKU-101,CRM Pro,Software,7,1789,12523,12512,NA,ColdCall,Agent_8,Closed
D-301522,CL-4594,2023-10-31,SKU-101,CRM Pro,Software,4,1524,6096,6049,APAC,Partner,Agent_11,Closed
D-301523,CL-3575,2023-02-20,SKU-102,Analytics Suite,Software,8,477,3816,3807,EU,ColdCall,Agent_4,Lost
D-301524,CL-7239,2023-02-05,SKU-101,CRM Pro,Software,20,982,19640,19690,APAC,Web,Agent_2,Closed
D-301525,CL-6088,2023-04-07,SKU-101,CRM Pro,Software,2,1508,3016,3034,EU,Partner,Agent_11,Closed
D-301526,CL-2901,2024-09-15,SKU-201,POS Terminal,Hardware,7,878,6146,6127,EU,ColdCall,Agent_8,Lost
D-301527,CL-6733,2023-01-30,SKU-201,POS Terminal,Hardware,1,671,671,718,EU,Partner,Agent_11,Closed
D-301528,CL-4850,2023-08-01,SKU-101,CRM Pro,Software,11,1700,18700,18729,APAC,Partner,Agent_9,Closed
D-301529,CL-2331,2024-02-09,SKU-101,CRM Pro,Software,12,112,1344,1321,APAC,Web,Agent_3,Closed
D-301530,CL-3460,2023-08-24,SKU-201,POS Terminal,Hardware,6,836,5016,4994,APAC,Web,Agent_7,Closed
D-301531,CL-3392,2023-05-03,SKU-201,POS Terminal,Hardware,1,272,272,284,NA,ColdCall,Agent_9,Lost
D-301532,CL-7203,2023-12-30,SKU-201,POS Terminal,Hardware,25,332,8300,8337,APAC,ColdCall,Agent_11,Closed
D-301533,CL-6284,2024-06-22,SKU-201,POS Terminal,Hardware,9,196,1764,1723,APAC,Partner,Agent_1,Won
D-301534,CL-2212,2024-12-28,SKU-101,CRM Pro,Software,8,1514,12112,12128,NA,ColdCall,Agent_8,Won
D-301535,CL-2484,2024-06-12,SKU-102,Analytics Suite,Software,6,1549,9294,9300,NA,Partner,Agent_10,Closed
D-301536,CL-3487,2024-11-28,SKU-101,CRM Pro,Software,21,783,16443,16414,EU,Web,Agent_5,Closed
D-301537,CL-3093,2024-10-01,SKU-201,POS Terminal,Hardware,17,1588,26996,27020,APAC,Web,Agent_10,Closed
D-301538,CL-5026,2023-02-23,SKU-201,POS Terminal,Hardware,8,387,3096,3078,APAC,ColdCall,Agent_1,Won
D-301539,CL-2643,2023-03-07,SKU-102,Analytics Suite,Software,24,1497,35928,35976,NA,ColdCall,Agent_6,Lost
D-301540,CL-3481,2024-02-09,SKU-201,POS Terminal,Hardware,17,1279,21743,21790,APAC,ColdCall,Agent_10,Closed
D-301541,CL-2842,2024-05-06,SKU-101,CRM Pro,Software,8,1692,13536,13518,APAC,Partner,Agent_8,Closed
D-301542,CL-5032,2023-03-20,SKU-102,Analytics Suite,Software,20,1028,20560,20599,NA,Partner,Agent_3,Lost
D-301543,CL-2221,2024-08-05,SKU-201,POS Terminal,Hardware,24,1447,34728,34700,NA,Web,Agent_7,Won
D-301544,CL-5604,2024-09-27,SKU-102,Analytics Suite,Software,2,569,1138,1114,NA,ColdCall,Agent_1,Won
D-301545,CL-7666,2024-01-30,SKU-102,Analytics Suite,Software,18,344,6192,6176,NA,Partner,Agent_11,Closed
D-301546,CL-7737,2024-02-02,SKU-101,CRM Pro,Software,16,1206,19296,19329,EU,Web,Agent_3,Lost
D-301547,CL-3705,2024-01-23,SKU-101,CRM Pro,Software,11,1294,14234,14219,APAC,Partner,Agent_8,Lost
D-301548,CL-5031,2023-08-09,SKU-102,Analytics Suite,Software,10,167,1670,1662,EU,Web,Agent_7,Closed
D-301549,CL-4058,2024-11-11,SKU-101,CRM Pro,Software,17,1381,23477,23525,APAC,Web,Agent_2,Won
D-301550,CL-2276,2023-01-29,SKU-101,CRM Pro,Software,9,101,909,956,EU,Web,Agent_1,Lost
D-301551,CL-2722,2023-12-03,SKU-101,CRM Pro,Software,24,886,21264,21248,NA,ColdCall,Agent_5,Lost
D-301552,CL-3305,2023-12-14,SKU-101,CRM Pro,Software,20,1749,34980,34948,NA,Web,Agent_7,Closed
D-301553,CL-6690,2024-12-31,SKU-101,CRM Pro,Software,2,628,1256,1227,APAC,Web,Agent_5,Lost
D-301554,CL-2447,2023-10-10,SKU-102,Analytics Suite,Software,16,1356,21696,21666,NA,Web,Agent_3,Closed
D-301555,CL-4470,2024-05-03,SKU-102,Analytics Suite,Software,18,1451,26118,26101,EU,Partner,Agent_9,Won
D-301556,CL-2950,2024-02-08,SKU-102,Analytics Suite,Software,4,863,3452,3410,NA,Web,Agent_1,Won
D-301557,CL-3498,2023-05-17,SKU-102,Analytics Suite,Software,19,836,15884,15888,APAC,Partner,Agent_8,Lost
D-301558,CL-4836,2023-03-23,SKU-102,Analytics Suite,Software,4,738,2952,2909,NA,Partner,Agent_8,Won
D-301559,CL-4530,2024-05-31,SKU-201,POS Terminal,Hardware,9,1491,13419,13393,EU,Web,Agent_4,Closed
D-301560,CL-5290,2024-06-20,SKU-102,Analytics Suite,Software,13,822,10686,10708,EU,Partner,Agent_1,Lost
D-301561,CL-2251,2024-04-20,SKU-201,POS Terminal,Hardware,6,884,5304,5336,EU,Partner,Agent_1,Lost
D-301562,CL-2472,2023-10-11,SKU-201,POS Terminal,Hardware,9,1569,14121,14081,APAC,ColdCall,Agent_6,Closed
D-301563,CL-6792,2024-05-02,SKU-101,CRM Pro,Software,17,346,5882,5885,APAC,Partner,Agent_3,Won
D-301564,CL-7251,2023-05-09,SKU-201,POS Terminal,Hardware,13,1037,13481,13451,APAC,ColdCall,Agent_8,Lost
D-301565,CL-2428,2023-08-02,SKU-201,POS Terminal,Hardware,25,1178,29450,29424,NA,Web,Agent_2,Lost
D-301566,CL-4931,2024-05-18,SKU-102,Analytics Suite,Software,7,404,2828,2827,NA,ColdCall,Agent_8,Closed
D-301567,CL-6668,2024-08-02,SKU-102,Analytics Suite,Software,1,1474,1474,1523,APAC,Web,Agent_3,Closed
D-301568,CL-4738,2024-05-15,SKU-102,Analytics Suite,Software,8,1191,9528,9491,EU,Web,Agent_10,Won
D-301569,CL-5532,2024-09-16,SKU-201,POS Terminal,Hardware,21,229,4809,4813,EU,Web,Agent_7,Lost
D-301570,CL-5061,2023-08-08,SKU-102,Analytics Suite,Software,18,389,7002,6985,NA,ColdCall,Agent_10,Closed
D-301571,CL-3251,2024-03-29,SKU-101,CRM Pro,Software,18,230,4140,4133,NA,ColdCall,Agent_2,Won
D-301572,CL-6291,2024-04-29,SKU-101,CRM Pro,Software,21,542,11382,11417,APAC,Web,Agent_10,Won
D-301573,CL-2044,2024-06-27,SKU-101,CRM Pro,Software,10,615,6150,6191,NA,Web,Agent_11,Closed
D-301574,CL-6118,2023-08-04,SKU-201,POS Terminal,Hardware,8,1213,9704,9715,APAC,Web,Agent_3,Closed
D-301575,CL-2294,2024-10-19,SKU-101,CRM Pro,Software,22,203,4466,4495,APAC,ColdCall,Agent_6,Lost
D-301576,CL-5365,2023-01-05,SKU-101,CRM Pro,Software,19,1685,32015,31988,EU,Web,Agent_10,Lost
D-301577,CL-3063,2024-04-30,SKU-201,POS Terminal,Hardware,17,1294,21998,22039,NA,ColdCall,Agent_11,Lost
D-301578,CL-3031,2023-04-26,SKU-101,CRM Pro,Software,11,1662,18282,18247,NA,ColdCall,Agent_1,Closed
D-301579,CL-5710,2023-12-31,SKU-102,Analytics Suite,Software,2,911,1822,1829,EU,Web,Agent_6,Closed
D-301580,CL-3325,2024-03-11,SKU-102,Analytics Suite,Software,20,480,9600,9616,EU,Web,Agent_9,Closed
D-301581,CL-3237,2023-05-09,SKU-201,POS Terminal,Hardware,21,1592,33432,33461,EU,Web,Agent_9,Closed
D-301582,CL-6390,2024-07-03,SKU-102,Analytics Suite,Software,17,170,2890,2903,APAC,ColdCall,Agent_7,Lost
D-301583,CL-2103,2024-07-02,SKU-101,CRM Pro,Software,15,754,11310,11293,EU,Web,Agent_3,Closed
D-301584,CL-6260,2023-11-09,SKU-101,CRM Pro,Software,14,1729,24206,24212,APAC,ColdCall,Agent_3,Closed
D-301585,CL-6043,2023-06-28,SKU-101,CRM Pro,Software,15,389,5835,5836,EU,Web,Agent_2,Won
D-301586,CL-2572,2023-01-13,SKU-101,CRM Pro,Software,20,360,7200,7233,EU,ColdCall,Agent_3,Closed
D-301587,CL-6741,2024-12-06,SKU-102,Analytics Suite,Software,10,540,5400,5400,NA,Web,Agent_6,Closed
D-301588,CL-3694,2024-08-18,SKU-201,POS Terminal,Hardware,17,426,7242,7258,EU,ColdCall,Agent_5,Lost
D-301589,CL-4206,2024-09-23,SKU-201,POS Terminal,Hardware,18,1590,28620,28654,NA,Web,Agent_8,Lost
D-301590,CL-5081,2024-11-02,SKU-201,POS Terminal,Hardware,16,1232,19712,19750,NA,Web,Agent_6,Lost
D-301591,CL-5855,2023-12-13,SKU-201,POS Terminal,Hardware,21,1781,37401,37377,APAC,ColdCall,Agent_10,Won
D-301592,CL-4945,2024-04-12,SKU-102,Analytics Suite,Software,8,1614,12912,12913,EU,Partner,Agent_9,Won
D-301593,CL-4001,2023-02-19,SKU-101,CRM Pro,Software,25,1317,32925,32948,EU,Partner,Agent_7,Lost
D-301594,CL-6158,2023-07-30,SKU-101,CRM Pro,Software,10,1750,17500,17519,NA,Partner,Agent_1,Closed
D-301595,CL-6546,2023-04-05,SKU-102,Analytics Suite,Software,17,1781,30277,30302,NA,Partner,Agent_3,Won
D-301596,CL-3755,2023-06-05,SKU-102,Analytics Suite,Software,15,993,14895,14897,EU,Web,Agent_11,Lost
D-301597,CL-5952,2024-11-10,SKU-101,CRM Pro,Software,9,1453,13077,13087,NA,Web,Agent_11,Lost
D-301598,CL-5300,2023-10-18,SKU-101,CRM Pro,Software,24,297,7128,7090,NA,Web,Agent_3,Lost
D-301599,CL-2417,2024-04-21,SKU-201,POS Terminal,Hardware,21,843,17703,17680,EU,ColdCall,Agent_9,Closed
D-301600,CL-4207,2023-01-29,SKU-201,POS Terminal,Hardware,5,1191,5955,5980,NA,Web,Agent_1,Won
D-301601,CL-5431,2023-08-27,SKU-101,CRM Pro,Software,25,1285,32125,32090,APAC,ColdCall,Agent_8,Closed
D-301602,CL-6527,2024-05-11,SKU-101,CRM Pro,Software,6,178,1068,1069,APAC,ColdCall,Agent_4,Closed
D-301603,CL-5100,2024-04-22,SKU-101,CRM Pro,Software,2,1195,2390,2345,APAC,Web,Agent_3,Lost
D-301604,CL-2368,2024-05-14,SKU-102,Analytics Suite,Software,12,768,9216,9232,NA,ColdCall,Agent_11,Won
D-301605,CL-2322,2023-03-05,SKU-101,CRM Pro,Software,7,1698,11886,11917,APAC,ColdCall,Agent_5,Lost
D-301606,CL-2236,2024-07-22,SKU-201,POS Terminal,Hardware,10,657,6570,6599,NA,Partner,Agent_5,Won
D-301607,CL-3013,2024-05-26,SKU-201,POS Terminal,Hardware,5,1389,6945,6995,EU,Partner,Agent_11,Closed
D-301608,CL-5360,2023-02-16,SKU-102,Analytics Suite,Software,4,1590,6360,6316,EU,Partner,Agent_9,Lost
D-301609,CL-4634,2024-09-19,SKU-101,CRM Pro,Software,15,492,7380,7416,EU,ColdCall,Agent_1,Lost
D-301610,CL-2364,2024-09-19,SKU-102,Analytics Suite,Software,5,833,4165,4213,APAC,Partner,Agent_6,Won
D-301611,CL-2747,2023-06-29,SKU-101,CRM Pro,Software,22,505,11110,11135,EU,Web,Agent_6,Won
D-301612,CL-6861,2023-09-19,SKU-101,CRM Pro,Software,1,1245,1245,1226,APAC,Web,Agent_6,Won
D-301613,CL-3931,2024-01-02,SKU-201,POS Terminal,Hardware,15,1002,15030,14988,APAC,ColdCall,Agent_2,Won
D-301614,CL-4009,2024-11-02,SKU-201,POS Terminal,Hardware,5,998,4990,4940,NA,ColdCall,Agent_1,Lost
D-301615,CL-3318,2024-07-11,SKU-101,CRM Pro,Software,15,1257,18855,18874,EU,Web,Agent_2,Won
D-301616,CL-7004,2023-08-23,SKU-102,Analytics Suite,Software,9,198,1782,1814,NA,ColdCall,Agent_10,Closed
D-301617,CL-4299,2023-08-06,SKU-102,Analytics Suite,Software,25,1501,37525,37575,NA,Web,Agent_5,Won
D-301618,CL-3217,2024-04-03,SKU-101,CRM Pro,Software,4,1207,4828,4874,APAC,Partner,Agent_3,Won
D-301619,CL-7653,2024-06-25,SKU-102,Analytics Suite,Software,15,743,11145,11192,EU,ColdCall,Agent_2,Closed
D-301620,CL-2422,2023-02-23,SKU-101,CRM Pro,Software,6,467,2802,2831,EU,Web,Agent_11,Won
D-301621,CL-5187,2024-10-05,SKU-102,Analytics Suite,Software,7,717,5019,5049,EU,ColdCall,Agent_11,Closed
D-301622,CL-5343,2024-12-07,SKU-101,CRM Pro,Software,11,1379,15169,15144,EU,Partner,Agent_6,Closed
D-301623,CL-4756,2024-10-26,SKU-201,POS Terminal,Hardware,11,1424,15664,15703,APAC,ColdCall,Agent_10,Won
D-301624,CL-3466,2024-05-01,SKU-102,Analytics Suite,Software,17,1045,17765,17736,EU,ColdCall,Agent_10,Closed
D-301625,CL-4445,2023-12-12,SKU-101,CRM Pro,Software,18,1647,29646,29681,EU,ColdCall,Agent_3,Lost
D-301626,CL-7265,2023-06-13,SKU-201,POS Terminal,Hardware,11,1416,15576,15602,EU,Partner,Agent_7,Won
D-301627,CL-2992,2023-07-13,SKU-101,CRM Pro,Software,25,1063,26575,26605,NA,ColdCall,Agent_10,Lost
D-301628,CL-2324,2023-10-30,SKU-101,CRM Pro,Software,21,926,19446,19445,EU,Web,Agent_4,Lost
D-301629,CL-4369,2023-08-11,SKU-101,CRM Pro,Software,16,819,13104,13140,NA,ColdCall,Agent_7,Won
D-301630,CL-6023,2023-10-11,SKU-101,CRM Pro,Software,5,1605,8025,8014,EU,ColdCall,Agent_6,Lost
D-301631,CL-2664,2024-03-19,SKU-101,CRM Pro,Software,24,919,22056,22032,NA,ColdCall,Agent_5,Lost
D-301632,CL-4724,2023-07-18,SKU-101,CRM Pro,Software,17,518,8806,8795,APAC,Partner,Agent_4,Lost
D-301633,CL-6710,2023-05-15,SKU-201,POS Terminal,Hardware,21,1427,29967,29991,EU,Web,Agent_4,Won
D-301634,CL-6543,2023-01-17,SKU-102,Analytics Suite,Software,3,329,987,953,EU,ColdCall,Agent_7,Lost
D-301635,CL-2614,2024-11-04,SKU-201,POS Terminal,Hardware,12,1230,14760,14798,APAC,ColdCall,Agent_5,Lost
D-301636,CL-4229,2024-03-10,SKU-102,Analytics Suite,Software,18,959,17262,17229,EU,ColdCall,Agent_3,Closed
D-301637,CL-7778,2024-12-15,SKU-201,POS Terminal,Hardware,16,1196,19136,19143,APAC,Web,Agent_2,Lost
D-301638,CL-4913,2023-03-08,SKU-102,Analytics Suite,Software,17,524,8908,8928,EU,ColdCall,Agent_8,Won
D-301639,CL-5001,2023-01-16,SKU-201,POS Terminal,Hardware,3,771,2313,2278,APAC,ColdCall,Agent_11,Closed
D-301640,CL-5961,2023-05-09,SKU-201,POS Terminal,Hardware,8,902,7216,7185,APAC,ColdCall,Agent_1,Closed
D-301641,CL-7135,2023-03-07,SKU-101,CRM Pro,Software,24,1568,37632,37607,NA,Web,Agent_2,Won
D-301642,CL-3528,2023-07-04,SKU-201,POS Terminal,Hardware,10,1264,12640,12660,NA,Partner,Agent_5,Lost
D-301643,CL-5303,2024-10-20,SKU-101,CRM Pro,Software,6,317,1902,1893,APAC,Web,Agent_1,Closed
D-301644,CL-5219,2024-06-05,SKU-102,Analytics Suite,Software,25,1728,43200,43223,EU,Web,Agent_8,Lost
D-301645,CL-2540,2023-07-26,SKU-101,CRM Pro,Software,9,1075,9675,9636,APAC,Web,Agent_3,Won
D-301646,CL-5255,2024-02-20,SKU-101,CRM Pro,Software,3,1012,3036,3004,EU,Web,Agent_8,Closed
D-301647,CL-5627,2023-08-13,SKU-102,Analytics Suite,Software,5,1485,7425,7428,APAC,Web,Agent_10,Lost
D-301648,CL-4851,2023-07-22,SKU-102,Analytics Suite,Software,18,762,13716,13686,APAC,Web,Agent_6,Lost
D-301649,CL-7334,2023-07-04,SKU-102,Analytics Suite,Software,25,1339,33475,33481,APAC,Partner,Agent_1,Won
D-301650,CL-7647,2023-05-07,SKU-101,CRM Pro,Software,24,924,22176,22126,EU,Web,Agent_5,Won
D-301651,CL-3644,2024-01-20,SKU-102,Analytics Suite,Software,22,256,5632,5612,EU,Web,Agent_9,Won
D-301652,CL-6337,2023-07-24,SKU-102,Analytics Suite,Software,8,749,5992,6042,APAC,Web,Agent_9,Won
D-301653,CL-6331,2023-10-20,SKU-201,POS Terminal,Hardware,19,295,5605,5606,APAC,Partner,Agent_6,Won
D-301654,CL-5510,2024-12-13,SKU-102,Analytics Suite,Software,19,1576,29944,29930,EU,Partner,Agent_3,Won
D-301655,CL-6652,2024-12-07,SKU-201,POS Terminal,Hardware,11,341,3751,3718,EU,Partner,Agent_3,Closed
D-301656,CL-6861,2024-03-07,SKU-101,CRM Pro,Software,23,174,4002,3993,NA,Web,Agent_1,Lost
D-301657,CL-6546,2024-09-20,SKU-201,POS Terminal,Hardware,18,1347,24246,24260,NA,Web,Agent_8,Won
D-301658,CL-7675,2023-06-05,SKU-101,CRM Pro,Software,17,780,13260,13306,APAC,Partner,Agent_9,Won
D-301659,CL-6971,2023-05-24,SKU-201,POS Terminal,Hardware,1,1069,1069,1094,APAC,ColdCall,Agent_7,Closed
D-301660,CL-4049,2023-03-07,SKU-102,Analytics Suite,Software,6,305,1830,1812,APAC,Web,Agent_11,Closed
D-301661,CL-3655,2023-05-24,SKU-201,POS Terminal,Hardware,24,1444,34656,34691,NA,Partner,Agent_2,Closed
D-301662,CL-7017,2023-05-28,SKU-101,CRM Pro,Software,8,1593,12744,12718,APAC,ColdCall,Agent_10,Lost
D-301663,CL-2916,2023-06-22,SKU-101,CRM Pro,Software,5,1285,6425,6388,EU,Partner,Agent_6,Won
D-301664,CL-4976,2024-08-13,SKU-102,Analytics Suite,Software,8,895,7160,7202,NA,ColdCall,Agent_4,Closed
D-301665,CL-6895,2024-07-16,SKU-102,Analytics Suite,Software,13,1737,22581,22536,NA,Web,Agent_10,Won
D-301666,CL-5012,2024-10-28,SKU-101,CRM Pro,Software,15,1100,16500,16480,NA,ColdCall,Agent_3,Won
D-301667,CL-5153,2023-03-07,SKU-101,CRM Pro,Software,25,910,22750,22799,NA,ColdCall,Agent_2,Lost
D-301668,CL-6403,2024-01-11,SKU-101,CRM Pro,Software,21,105,2205,2236,APAC,ColdCall,Agent_7,Closed
D-301669,CL-2538,2023-09-10,SKU-101,CRM Pro,Software,13,1093,14209,14257,APAC,Web,Agent_5,Won
D-301670,CL-4647,2023-01-08,SKU-201,POS Terminal,Hardware,7,1557,10899,10889,NA,ColdCall,Agent_3,Won
D-301671,CL-7758,2024-06-29,SKU-101,CRM Pro,Software,24,1401,33624,33613,NA,Web,Agent_1,Lost
D-301672,CL-5967,2023-03-15,SKU-101,CRM Pro,Software,13,517,6721,6752,NA,ColdCall,Agent_2,Lost
D-301673,CL-7946,2023-07-05,SKU-201,POS Terminal,Hardware,13,1296,16848,16871,APAC,ColdCall,Agent_10,Closed
D-301674,CL-4722,2024-08-04,SKU-102,Analytics Suite,Software,6,506,3036,2999,NA,Web,Agent_2,Won
D-301675,CL-6774,2024-05-16,SKU-201,POS Terminal,Hardware,19,1407,26733,26774,NA,Web,Agent_6,Lost
D-301676,CL-4007,2024-06-16,SKU-201,POS Terminal,Hardware,24,1262,30288,30303,APAC,ColdCall,Agent_11,Lost
D-301677,CL-2092,2024-10-29,SKU-102,Analytics Suite,Software,2,1625,3250,3224,EU,ColdCall,Agent_4,Lost
D-301678,CL-4884,2024-12-16,SKU-102,Analytics Suite,Software,25,120,3000,2975,EU,ColdCall,Agent_11,Closed
D-301679,CL-5746,2023-01-14,SKU-201,POS Terminal,Hardware,25,866,21650,21618,NA,Partner,Agent_2,Closed
D-301680,CL-4800,2023-08-19,SKU-201,POS Terminal,Hardware,13,257,3341,3388,NA,ColdCall,Agent_5,Closed
D-301681,CL-6080,2024-07-27,SKU-101,CRM Pro,Software,6,764,4584,4553,NA,Partner,Agent_2,Won
D-301682,CL-7108,2023-04-28,SKU-102,Analytics Suite,Software,23,353,8119,8107,EU,Partner,Agent_6,Won
D-301683,CL-5924,2024-04-21,SKU-101,CRM Pro,Software,7,1505,10535,10547,NA,ColdCall,Agent_2,Won
D-301684,CL-2495,2023-09-30,SKU-101,CRM Pro,Software,1,1713,1713,1703,APAC,Partner,Agent_3,Closed
D-301685,CL-2648,2023-01-29,SKU-101,CRM Pro,Software,22,101,2222,2229,NA,Web,Agent_6,Closed
D-301686,CL-7301,2023-12-05,SKU-102,Analytics Suite,Software,3,733,2199,2160,APAC,Partner,Agent_8,Closed
D-301687,CL-2683,2024-05-18,SKU-201,POS Terminal,Hardware,20,1233,24660,24632,NA,Web,Agent_6,Lost
D-301688,CL-7780,2023-08-26,SKU-102,Analytics Suite,Software,4,1348,5392,5376,APAC,Web,Agent_8,Won
D-301689,CL-7315,2024-07-18,SKU-201,POS Terminal,Hardware,19,1119,21261,21271,EU,Web,Agent_3,Lost
D-301690,CL-5443,2024-12-06,SKU-201,POS Terminal,Hardware,8,1017,8136,8089,EU,Web,Agent_11,Closed
D-301691,CL-5572,2024-02-12,SKU-201,POS Terminal,Hardware,23,838,19274,19311,APAC,Web,Agent_9,Won
D-301692,CL-2265,2023-03-19,SKU-101,CRM Pro,Software,21,1552,32592,32547,EU,Partner,Agent_3,Won
D-301693,CL-6903,2023-04-05,SKU-201,POS Terminal,Hardware,24,1676,40224,40227,APAC,ColdCall,Agent_3,Lost
D-301694,CL-3210,2024-09-12,SKU-102,Analytics Suite,Software,24,1468,35232,35223,EU,ColdCall,Agent_6,Closed
D-301695,CL-7288,2024-04-07,SKU-101,CRM Pro,Software,10,1507,15070,15080,NA,ColdCall,Agent_6,Closed
D-301696,CL-4407,2024-08-26,SKU-102,Analytics Suite,Software,21,1619,33999,33986,EU,Web,Agent_8,Lost
D-301697,CL-7321,2023-08-28,SKU-201,POS Terminal,Hardware,10,1200,12000,11976,EU,Partner,Agent_11,Lost
D-301698,CL-6221,2023-05-20,SKU-102,Analytics Suite,Software,16,134,2144,2141,NA,Web,Agent_6,Closed
D-301699,CL-7055,2023-02-20,SKU-102,Analytics Suite,Software,25,1392,34800,34845,EU,ColdCall,Agent_4,Won
D-301700,CL-3290,2024-11-29,SKU-101,CRM Pro,Software,22,580,12760,12760,EU,ColdCall,Agent_8,Closed
D-301701,CL-3451,2024-10-22,SKU-102,Analytics Suite,Software,10,1077,10770,10756,EU,ColdCall,Agent_5,Closed
D-301702,CL-5747,2024-12-27,SKU-102,Analytics Suite,Software,24,990,23760,23794,EU,ColdCall,Agent_5,Closed
D-301703,CL-5122,2023-11-06,SKU-102,Analytics Suite,Software,4,1280,5120,5095,NA,Partner,Agent_5,Won
D-301704,CL-2571,2023-12-04,SKU-201,POS Terminal,Hardware,1,367,367,372,NA,Partner,Agent_8,Lost
D-301705,CL-5635,2023-01-26,SKU-102,Analytics Suite,Software,17,1269,21573,21567,APAC,ColdCall,Agent_10,Closed
D-301706,CL-2850,2024-10-11,SKU-101,CRM Pro,Software,5,1536,7680,7730,EU,Web,Agent_11,Won
D-301707,CL-3160,2023-01-31,SKU-102,Analytics Suite,Software,12,673,8076,8051,APAC,Partner,Agent_3,Closed
D-301708,CL-6070,2023-09-16,SKU-101,CRM Pro,Software,16,895,14320,14322,EU,Partner,Agent_10,Lost
D-301709,CL-5345,2023-05-05,SKU-201,POS Terminal,Hardware,25,1703,42575,42584,APAC,Web,Agent_1,Closed
D-301710,CL-7284,2024-09-24,SKU-201,POS Terminal,Hardware,22,1291,28402,28411,NA,Partner,Agent_9,Lost
D-301711,CL-5203,2024-02-17,SKU-101,CRM Pro,Software,10,117,1170,1188,NA,ColdCall,Agent_6,Closed
D-301712,CL-7263,2024-11-29,SKU-102,Analytics Suite,Software,9,568,5112,5062,APAC,Web,Agent_4,Closed
D-301713,CL-2357,2023-12-26,SKU-102,Analytics Suite,Software,14,1746,24444,24442,NA,ColdCall,Agent_10,Lost
D-301714,CL-5543,2023-08-26,SKU-102,Analytics Suite,Software,2,1093,2186,2226,EU,Web,Agent_5,Won
D-301715,CL-7633,2023-05-28,SKU-201,POS Terminal,Hardware,6,699,4194,4146,APAC,ColdCall,Agent_11,Won
D-301716,CL-5950,2024-05-16,SKU-201,POS Terminal,Hardware,6,1751,10506,10512,EU,ColdCall,Agent_8,Closed
D-301717,CL-4330,2024-07-26,SKU-201,POS Terminal,Hardware,4,1505,6020,5978,APAC,Partner,Agent_1,Won
D-301718,CL-7694,2023-12-28,SKU-201,POS Terminal,Hardware,20,132,2640,2658,NA,Partner,Agent_5,Won
D-301719,CL-6611,2024-07-30,SKU-101,CRM Pro,Software,7,160,1120,1081,EU,Web,Agent_8,Won
D-301720,CL-4782,2024-02-13,SKU-201,POS Terminal,Hardware,3,900,2700,2708,NA,Partner,Agent_4,Closed
D-301721,CL-5300,2024-01-02,SKU-102,Analytics Suite,Software,22,1452,31944,31976,APAC,Web,Agent_4,Lost
D-301722,CL-5056,2023-05-08,SKU-201,POS Terminal,Hardware,14,1029,14406,14365,EU,Partner,Agent_10,Lost
D-301723,CL-7150,2023-07-28,SKU-201,POS Terminal,Hardware,6,1433,8598,8551,EU,ColdCall,Agent_3,Closed
D-301724,CL-2516,2024-07-22,SKU-102,Analytics Suite,Software,11,1036,11396,11402,APAC,Partner,Agent_3,Closed
D-301725,CL-2241,2024-06-08,SKU-101,CRM Pro,Software,22,218,4796,4813,EU,Web,Agent_9,Won
D-301726,CL-6468,2023-09-15,SKU-102,Analytics Suite,Software,9,1132,10188,10168,NA,Web,Agent_4,Closed
D-301727,CL-2599,2023-10-10,SKU-201,POS Terminal,Hardware,1,1650,1650,1640,APAC,Web,Agent_8,Lost
D-301728,CL-2035,2023-03-12,SKU-101,CRM Pro,Software,9,171,1539,1566,EU,Partner,Agent_11,Closed
D-301729,CL-6567,2024-05-14,SKU-201,POS Terminal,Hardware,25,1695,42375,42342,EU,Partner,Agent_5,Closed
D-301730,CL-3226,2024-09-23,SKU-201,POS Terminal,Hardware,1,388,388,399,NA,ColdCall,Agent_4,Won
D-301731,CL-6588,2024-01-07,SKU-201,POS Terminal,Hardware,21,370,7770,7794,EU,Partner,Agent_11,Won
D-301732,CL-7526,2023-09-07,SKU-102,Analytics Suite,Software,8,460,3680,3634,EU,Partner,Agent_1,Lost
D-301733,CL-3263,2023-10-24,SKU-101,CRM Pro,Software,21,132,2772,2789,APAC,Partner,Agent_6,Lost
D-301734,CL-5632,2023-08-24,SKU-201,POS Terminal,Hardware,14,474,6636,6644,NA,Web,Agent_1,Lost
D-301735,CL-3962,2024-09-08,SKU-102,Analytics Suite,Software,9,1462,13158,13184,NA,Web,Agent_6,Closed
D-301736,CL-4756,2023-09-07,SKU-201,POS Terminal,Hardware,17,165,2805,2844,EU,Partner,Agent_9,Closed
D-301737,CL-6567,2024-01-09,SKU-101,CRM Pro,Software,6,375,2250,2286,EU,Web,Agent_4,Closed
D-301738,CL-3407,2024-07-03,SKU-201,POS Terminal,Hardware,10,1596,15960,15945,NA,Web,Agent_6,Won
D-301739,CL-7587,2024-07-18,SKU-102,Analytics Suite,Software,2,1517,3034,2993,EU,ColdCall,Agent_4,Closed
D-301740,CL-3123,2023-06-29,SKU-101,CRM Pro,Software,5,1734,8670,8667,EU,Web,Agent_4,Closed
D-301741,CL-3341,2023-06-13,SKU-101,CRM Pro,Software,6,173,1038,1070,EU,Web,Agent_11,Won
D-301742,CL-6874,2024-02-06,SKU-201,POS Terminal,Hardware,1,1246,1246,1213,NA,Web,Agent_3,Closed
D-301743,CL-4967,2024-08-30,SKU-201,POS Terminal,Hardware,23,614,14122,14163,EU,Partner,Agent_4,Lost
D-301744,CL-3074,2024-07-24,SKU-201,POS Terminal,Hardware,1,1468,1468,1419,APAC,Partner,Agent_6,Closed
D-301745,CL-5578,2024-06-14,SKU-101,CRM Pro,Software,21,1550,32550,32548,EU,Web,Agent_5,Won
D-301746,CL-3208,2024-03-27,SKU-201,POS Terminal,Hardware,20,676,13520,13474,NA,Partner,Agent_6,Closed
D-301747,CL-5113,2024-04-11,SKU-102,Analytics Suite,Software,20,495,9900,9916,NA,Web,Agent_10,Closed
D-301748,CL-3315,2024-06-25,SKU-201,POS Terminal,Hardware,11,1676,18436,18469,APAC,Partner,Agent_2,Won
D-301749,CL-5788,2024-10-05,SKU-101,CRM Pro,Software,9,1569,14121,14124,NA,Web,Agent_7,Won
D-301750,CL-2154,2023-12-21,SKU-101,CRM Pro,Software,12,612,7344,7389,APAC,ColdCall,Agent_5,Lost
D-301751,CL-4746,2024-11-04,SKU-102,Analytics Suite,Software,14,275,3850,3881,APAC,Web,Agent_2,Won
D-301752,CL-6151,2023-11-10,SKU-101,CRM Pro,Software,20,874,17480,17457,EU,Web,Agent_4,Won
D-301753,CL-4429,2023-09-13,SKU-102,Analytics Suite,Software,19,1515,28785,28821,APAC,Partner,Agent_2,Won
D-301754,CL-4688,2024-04-26,SKU-102,Analytics Suite,Software,14,704,9856,9889,APAC,ColdCall,Agent_8,Lost
D-301755,CL-6041,2023-08-14,SKU-101,CRM Pro,Software,20,989,19780,19815,NA,ColdCall,Agent_6,Closed
D-301756,CL-7295,2024-06-30,SKU-201,POS Terminal,Hardware,21,204,4284,4272,APAC,Web,Agent_11,Lost
D-301757,CL-4111,2024-07-23,SKU-101,CRM Pro,Software,8,171,1368,1340,NA,Web,Agent_10,Won
D-301758,CL-6065,2024-02-02,SKU-201,POS Terminal,Hardware,4,1551,6204,6254,APAC,Web,Agent_9,Lost
D-301759,CL-2289,2023-02-05,SKU-101,CRM Pro,Software,10,1041,10410,10400,APAC,ColdCall,Agent_1,Won
D-301760,CL-6929,2023-07-18,SKU-102,Analytics Suite,Software,25,737,18425,18463,EU,ColdCall,Agent_4,Won
D-301761,CL-2855,2023-03-01,SKU-102,Analytics Suite,Software,13,1759,22867,22821,APAC,Web,Agent_1,Closed
D-301762,CL-3217,2023-10-06,SKU-102,Analytics Suite,Software,12,1035,12420,12419,NA,Partner,Agent_10,Lost
D-301763,CL-5203,2024-07-14,SKU-201,POS Terminal,Hardware,18,1223,22014,21980,EU,Partner,Agent_6,Lost
D-301764,CL-7827,2023-08-27,SKU-101,CRM Pro,Software,9,615,5535,5557,APAC,ColdCall,Agent_1,Lost
D-301765,CL-4812,2024-11-07,SKU-101,CRM Pro,Software,5,1556,7780,7789,NA,ColdCall,Agent_3,Lost
D-301766,CL-5093,2024-04-25,SKU-101,CRM Pro,Software,3,1777,5331,5350,NA,Web,Agent_9,Lost
D-301767,CL-2160,2024-02-04,SKU-101,CRM Pro,Software,2,1720,3440,3436,NA,Web,Agent_5,Closed
D-301768,CL-2805,2023-08-21,SKU-201,POS Terminal,Hardware,25,609,15225,15224,NA,Web,Agent_9,Closed
D-301769,CL-5789,2024-10-10,SKU-201,POS Terminal,Hardware,21,781,16401,16366,APAC,Web,Agent_3,Closed
D-301770,CL-3455,2024-05-15,SKU-102,Analytics Suite,Software,13,188,2444,2438,NA,Partner,Agent_10,Lost
D-301771,CL-7757,2023-12-30,SKU-201,POS Terminal,Hardware,24,1324,31776,31777,NA,Partner,Agent_6,Won
D-301772,CL-7008,2024-06-26,SKU-101,CRM Pro,Software,24,1385,33240,33269,APAC,Partner,Agent_7,Lost
D-301773,CL-3138,2023-08-05,SKU-201,POS Terminal,Hardware,9,1549,13941,13970,EU,Partner,Agent_1,Closed
D-301774,CL-3864,2023-10-11,SKU-101,CRM Pro,Software,11,414,4554,4582,APAC,Web,Agent_8,Lost
D-301775,CL-2479,2024-06-24,SKU-101,CRM Pro,Software,15,892,13380,13345,APAC,Partner,Agent_9,Closed
D-301776,CL-3657,2023-12-31,SKU-101,CRM Pro,Software,19,1649,31331,31348,APAC,ColdCall,Agent_6,Closed
D-301777,CL-2771,2024-10-20,SKU-201,POS Terminal,Hardware,18,248,4464,4462,NA,Partner,Agent_9,Won
D-301778,CL-3789,2024-10-02,SKU-201,POS Terminal,Hardware,14,554,7756,7774,NA,Partner,Agent_3,Closed
D-301779,CL-5328,2023-06-08,SKU-102,Analytics Suite,Software,5,1158,5790,5747,NA,Partner,Agent_11,Lost
D-301780,CL-3930,2024-04-09,SKU-101,CRM Pro,Software,18,1544,27792,27814,EU,Partner,Agent_11,Won
D-301781,CL-4222,2024-08-03,SKU-102,Analytics Suite,Software,19,1002,19038,19079,EU,Web,Agent_9,Won
D-301782,CL-2894,2024-10-03,SKU-101,CRM Pro,Software,8,956,7648,7617,EU,Web,Agent_5,Closed
D-301783,CL-6612,2024-12-08,SKU-102,Analytics Suite,Software,12,590,7080,7050,EU,Web,Agent_10,Won
D-301784,CL-4242,2023-11-25,SKU-102,Analytics Suite,Software,19,850,16150,16182,EU,Web,Agent_5,Won
D-301785,CL-2514,2024-01-04,SKU-101,CRM Pro,Software,3,1358,4074,4038,EU,Partner,Agent_7,Won
D-301786,CL-7576,2023-01-29,SKU-201,POS Terminal,Hardware,24,1341,32184,32192,APAC,Web,Agent_10,Won
D-301787,CL-5279,2024-07-25,SKU-201,POS Terminal,Hardware,8,349,2792,2779,NA,Partner,Agent_9,Lost
D-301788,CL-2170,2024-05-25,SKU-102,Analytics Suite,Software,21,1130,23730,23726,NA,Partner,Agent_3,Lost
D-301789,CL-6265,2023-09-21,SKU-102,Analytics Suite,Software,2,1525,3050,3090,NA,ColdCall,Agent_2,Closed
D-301790,CL-2978,2023-06-01,SKU-101,CRM Pro,Software,9,1019,9171,9209,APAC,ColdCall,Agent_10,Won
D-301791,CL-3452,2024-06-03,SKU-201,POS Terminal,Hardware,3,165,495,505,NA,Partner,Agent_1,Lost
D-301792,CL-2903,2023-11-18,SKU-201,POS Terminal,Hardware,8,459,3672,3713,APAC,Partner,Agent_1,Lost
D-301793,CL-7962,2024-11-23,SKU-102,Analytics Suite,Software,7,443,3101,3122,NA,Web,Agent_3,Lost
D-301794,CL-4608,2024-10-09,SKU-101,CRM Pro,Software,15,354,5310,5282,NA,ColdCall,Agent_10,Closed
D-301795,CL-6484,2023-01-08,SKU-102,Analytics Suite,Software,25,682,17050,17055,NA,ColdCall,Agent_2,Closed
D-301796,CL-7659,2024-09-26,SKU-102,Analytics Suite,Software,13,1289,16757,16718,APAC,Partner,Agent_3,Won
D-301797,CL-7875,2023-08-18,SKU-201,POS Terminal,Hardware,16,651,10416,10460,NA,ColdCall,Agent_10,Won
D-301798,CL-6137,2024-08-10,SKU-201,POS Terminal,Hardware,13,1144,14872,14865,EU,Web,Agent_2,Closed
D-301799,CL-3914,2024-12-01,SKU-101,CRM Pro,Software,13,878,11414,11460,NA,ColdCall,Agent_7,Lost
D-301800,CL-4872,2024-07-05,SKU-101,CRM Pro,Software,5,812,4060,4105,APAC,Web,Agent_2,Closed
D-301801,CL-3084,2023-08-22,SKU-102,Analytics Suite,Software,10,274,2740,2728,EU,Web,Agent_7,Closed
D-301802,CL-3661,2024-10-22,SKU-201,POS Terminal,Hardware,20,1263,25260,25257,APAC,Web,Agent_9,Closed
D-301803,CL-6487,2023-11-08,SKU-102,Analytics Suite,Software,17,1664,28288,28249,APAC,Partner,Agent_1,Lost
D-301804,CL-5604,2024-11-11,SKU-101,CRM Pro,Software,10,604,6040,6018,NA,Web,Agent_7,Lost
D-301805,CL-6122,2023-09-30,SKU-101,CRM Pro,Software,14,1672,23408,23450,APAC,ColdCall,Agent_6,Closed
D-301806,CL-6968,2024-09-22,SKU-102,Analytics Suite,Software,4,1388,5552,5559,EU,ColdCall,Agent_10,Won
D-301807,CL-6021,2023-12-05,SKU-101,CRM Pro,Software,21,1046,21966,21951,APAC,Web,Agent_7,Lost
D-301808,CL-3617,2024-09-15,SKU-102,Analytics Suite,Software,4,470,1880,1854,APAC,ColdCall,Agent_10,Closed
D-301809,CL-3374,2023-07-03,SKU-101,CRM Pro,Software,5,618,3090,3128,APAC,ColdCall,Agent_11,Won
D-301810,CL-7884,2023-06-18,SKU-201,POS Terminal,Hardware,17,603,10251,10231,APAC,Partner,Agent_10,Closed
D-301811,CL-3396,2023-05-04,SKU-201,POS Terminal,Hardware,10,1711,17110,17142,APAC,Web,Agent_4,Lost
D-301812,CL-3227,2024-06-08,SKU-102,Analytics Suite,Software,10,1729,17290,17336,APAC,Partner,Agent_1,Lost
D-301813,CL-6340,2024-02-10,SKU-201,POS Terminal,Hardware,20,578,11560,11591,EU,Web,Agent_2,Closed
D-301814,CL-7775,2024-02-26,SKU-101,CRM Pro,Software,22,1462,32164,32161,NA,Partner,Agent_5,Won
D-301815,CL-6190,2024-01-25,SKU-101,CRM Pro,Software,16,429,6864,6863,NA,Partner,Agent_9,Closed
D-301816,CL-4216,2023-03-04,SKU-201,POS Terminal,Hardware,24,645,15480,15434,NA,ColdCall,Agent_10,Closed
D-301817,CL-3694,2024-01-11,SKU-201,POS Terminal,Hardware,23,1489,34247,34245,EU,ColdCall,Agent_2,Won
D-301818,CL-7170,2024-07-25,SKU-201,POS Terminal,Hardware,10,219,2190,2188,APAC,ColdCall,Agent_7,Lost
D-301819,CL-5567,2024-08-26,SKU-102,Analytics Suite,Software,16,105,1680,1656,EU,ColdCall,Agent_8,Won
D-301820,CL-5138,2024-10-18,SKU-102,Analytics Suite,Software,23,1654,38042,38023,NA,ColdCall,Agent_2,Closed
D-301821,CL-3941,2024-04-29,SKU-101,CRM Pro,Software,3,1717,5151,5161,NA,ColdCall,Agent_1,Won
D-301822,CL-5349,2024-03-10,SKU-201,POS Terminal,Hardware,6,1147,6882,6881,NA,Web,Agent_2,Won
D-301823,CL-2272,2023-03-25,SKU-201,POS Terminal,Hardware,10,1657,16570,16587,EU,ColdCall,Agent_10,Won
D-301824,CL-3516,2023-07-08,SKU-201,POS Terminal,Hardware,9,500,4500,4533,EU,Web,Agent_11,Lost
D-301825,CL-5062,2024-04-06,SKU-101,CRM Pro,Software,16,510,8160,8194,APAC,Partner,Agent_11,Closed
D-301826,CL-4332,2023-04-24,SKU-201,POS Terminal,Hardware,5,1370,6850,6885,NA,ColdCall,Agent_6,Closed
D-301827,CL-2682,2024-11-15,SKU-102,Analytics Suite,Software,10,841,8410,8382,NA,Web,Agent_3,Lost
D-301828,CL-2746,2024-11-08,SKU-101,CRM Pro,Software,13,283,3679,3682,EU,Partner,Agent_11,Won
D-301829,CL-6046,2024-02-25,SKU-201,POS Terminal,Hardware,10,282,2820,2823,APAC,ColdCall,Agent_6,Closed
D-301830,CL-7171,2024-03-15,SKU-101,CRM Pro,Software,16,1425,22800,22770,APAC,ColdCall,Agent_1,Closed
D-301831,CL-7081,2024-10-31,SKU-101,CRM Pro,Software,6,1713,10278,10325,EU,Web,Agent_2,Won
D-301832,CL-7108,2024-02-19,SKU-201,POS Terminal,Hardware,15,1658,24870,24860,NA,Web,Agent_5,Won
D-301833,CL-6683,2023-04-27,SKU-101,CRM Pro,Software,15,1349,20235,20189,NA,Web,Agent_11,Won
D-301834,CL-2358,2023-03-03,SKU-201,POS Terminal,Hardware,24,1056,25344,25336,APAC,Partner,Agent_1,Won
D-301835,CL-6473,2024-06-25,SKU-102,Analytics Suite,Software,2,1508,3016,3011,EU,Web,Agent_9,Closed
D-301836,CL-7872,2023-06-25,SKU-102,Analytics Suite,Software,11,1305,14355,14345,NA,Partner,Agent_5,Lost
D-301837,CL-6150,2024-10-20,SKU-101,CRM Pro,Software,25,1472,36800,36830,APAC,ColdCall,Agent_9,Won
D-301838,CL-2763,2024-10-02,SKU-102,Analytics Suite,Software,14,1170,16380,16344,APAC,ColdCall,Agent_4,Lost
D-301839,CL-6732,2023-02-07,SKU-102,Analytics Suite,Software,12,122,1464,1463,EU,ColdCall,Agent_9,Won
D-301840,CL-4719,2023-10-30,SKU-101,CRM Pro,Software,16,1057,16912,16948,APAC,ColdCall,Agent_4,Closed
D-301841,CL-2019,2024-05-31,SKU-101,CRM Pro,Software,20,608,12160,12165,EU,Web,Agent_11,Lost
D-301842,CL-3696,2023-11-19,SKU-201,POS Terminal,Hardware,9,667,6003,6001,NA,Partner,Agent_4,Lost
D-301843,CL-6289,2024-11-28,SKU-102,Analytics Suite,Software,4,1031,4124,4132,EU,ColdCall,Agent_9,Won
D-301844,CL-5535,2024-05-09,SKU-201,POS Terminal,Hardware,16,1589,25424,25406,EU,ColdCall,Agent_5,Won
D-301845,CL-6220,2023-02-11,SKU-102,Analytics Suite,Software,5,329,1645,1683,NA,ColdCall,Agent_5,Won
D-301846,CL-3101,2024-08-17,SKU-201,POS Terminal,Hardware,20,625,12500,12452,APAC,Web,Agent_6,Won
D-301847,CL-3255,2023-08-15,SKU-201,POS Terminal,Hardware,20,1335,26700,26687,EU,ColdCall,Agent_9,Won
D-301848,CL-6410,2023-01-29,SKU-102,Analytics Suite,Software,15,391,5865,5861,NA,ColdCall,Agent_11,Closed
D-301849,CL-3915,2023-01-18,SKU-201,POS Terminal,Hardware,4,1171,4684,4701,APAC,Web,Agent_9,Closed
D-301850,CL-3451,2024-05-30,SKU-201,POS Terminal,Hardware,16,1419,22704,22731,APAC,ColdCall,Agent_4,Closed
D-301851,CL-4455,2023-03-05,SKU-101,CRM Pro,Software,14,692,9688,9709,NA,Web,Agent_11,Lost
D-301852,CL-7577,2024-09-18,SKU-102,Analytics Suite,Software,14,742,10388,10394,APAC,Partner,Agent_4,Lost
D-301853,CL-5453,2023-01-24,SKU-201,POS Terminal,Hardware,8,393,3144,3108,NA,Web,Agent_4,Won
D-301854,CL-2989,2024-01-06,SKU-201,POS Terminal,Hardware,7,1474,10318,10366,EU,Web,Agent_7,Won
D-301855,CL-3885,2023-10-31,SKU-201,POS Terminal,Hardware,13,773,10049,10085,EU,Web,Agent_2,Closed
D-301856,CL-7009,2024-08-03,SKU-201,POS Terminal,Hardware,6,387,2322,2363,APAC,ColdCall,Agent_9,Won
D-301857,CL-4625,2024-07-17,SKU-101,CRM Pro,Software,3,1091,3273,3323,NA,ColdCall,Agent_1,Won
D-301858,CL-4038,2023-04-30,SKU-102,Analytics Suite,Software,13,845,10985,10981,EU,Web,Agent_9,Won
D-301859,CL-5534,2024-01-08,SKU-101,CRM Pro,Software,13,1172,15236,15248,EU,Web,Agent_2,Won
D-301860,CL-2901,2023-08-01,SKU-101,CRM Pro,Software,5,1633,8165,8192,APAC,Partner,Agent_6,Closed
D-301861,CL-3680,2023-05-18,SKU-102,Analytics Suite,Software,1,1012,1012,1042,NA,Partner,Agent_11,Won
D-301862,CL-4976,2023-02-02,SKU-201,POS Terminal,Hardware,18,1140,20520,20476,EU,ColdCall,Agent_1,Closed
D-301863,CL-2886,2024-04-14,SKU-102,Analytics Suite,Software,18,1600,28800,28779,APAC,Partner,Agent_4,Lost
D-301864,CL-2307,2024-08-28,SKU-101,CRM Pro,Software,10,671,6710,6672,NA,Web,Agent_9,Lost
D-301865,CL-6930,2023-07-24,SKU-102,Analytics Suite,Software,1,481,481,487,EU,Web,Agent_2,Won
D-301866,CL-2873,2024-12-06,SKU-102,Analytics Suite,Software,7,770,5390,5415,APAC,Partner,Agent_10,Won
D-301867,CL-5538,2023-03-29,SKU-201,POS Terminal,Hardware,17,367,6239,6221,NA,Partner,Agent_10,Won
D-301868,CL-7459,2023-10-17,SKU-101,CRM Pro,Software,21,976,20496,20528,EU,Partner,Agent_6,Closed
D-301869,CL-7791,2023-05-26,SKU-102,Analytics Suite,Software,1,697,697,659,EU,Web,Agent_5,Lost
D-301870,CL-7901,2023-02-06,SKU-102,Analytics Suite,Software,15,891,13365,13383,APAC,Web,Agent_3,Won
D-301871,CL-6231,2024-01-07,SKU-102,Analytics Suite,Software,4,546,2184,2217,NA,Partner,Agent_4,Closed
D-301872,CL-4615,2024-01-22,SKU-201,POS Terminal,Hardware,24,1553,37272,37321,NA,Partner,Agent_1,Closed
D-301873,CL-5922,2023-04-08,SKU-201,POS Terminal,Hardware,24,1605,38520,38508,APAC,Web,Agent_3,Closed
D-301874,CL-7721,2024-07-09,SKU-102,Analytics Suite,Software,11,744,8184,8184,EU,Web,Agent_9,Lost
D-301875,CL-2146,2024-09-08,SKU-201,POS Terminal,Hardware,4,270,1080,1053,APAC,ColdCall,Agent_7,Lost
D-301876,CL-2465,2024-10-02,SKU-101,CRM Pro,Software,5,677,3385,3426,NA,ColdCall,Agent_9,Closed
D-301877,CL-3945,2023-03-19,SKU-201,POS Terminal,Hardware,3,1485,4455,4462,APAC,ColdCall,Agent_2,Closed
D-301878,CL-6874,2024-02-06,SKU-102,Analytics Suite,Software,3,1360,4080,4098,APAC,Web,Agent_6,Closed
D-301879,CL-6834,2023-06-17,SKU-102,Analytics Suite,Software,7,448,3136,3130,EU,Web,Agent_4,Closed
D-301880,CL-2476,2023-11-21,SKU-101,CRM Pro,Software,21,1595,33495,33541,APAC,Web,Agent_5,Lost
D-301881,CL-6672,2024-11-19,SKU-101,CRM Pro,Software,2,1474,2948,2957,NA,Partner,Agent_4,Lost
D-301882,CL-7771,2023-07-14,SKU-102,Analytics Suite,Software,18,417,7506,7554,APAC,ColdCall,Agent_2,Won
D-301883,CL-2645,2024-02-26,SKU-201,POS Terminal,Hardware,11,695,7645,7681,NA,Web,Agent_7,Lost
D-301884,CL-5370,2023-08-17,SKU-101,CRM Pro,Software,10,1670,16700,16719,NA,ColdCall,Agent_3,Lost
D-301885,CL-2596,2023-02-02,SKU-102,Analytics Suite,Software,17,1703,28951,28960,NA,ColdCall,Agent_11,Closed
D-301886,CL-4481,2023-10-17,SKU-102,Analytics Suite,Software,16,768,12288,12335,NA,ColdCall,Agent_7,Lost
D-301887,CL-4255,2023-03-10,SKU-201,POS Terminal,Hardware,14,1212,16968,16987,EU,ColdCall,Agent_7,Won
D-301888,CL-5445,2024-06-17,SKU-201,POS Terminal,Hardware,17,1652,28084,28070,NA,Web,Agent_3,Closed
D-301889,CL-5485,2023-10-26,SKU-102,Analytics Suite,Software,16,509,8144,8095,NA,ColdCall,Agent_2,Closed
D-301890,CL-3961,2024-05-01,SKU-102,Analytics Suite,Software,11,829,9119,9158,APAC,Web,Agent_11,Won
D-301891,CL-5309,2024-10-04,SKU-101,CRM Pro,Software,4,491,1964,2008,EU,Web,Agent_9,Lost
D-301892,CL-3509,2023-11-18,SKU-101,CRM Pro,Software,16,594,9504,9525,NA,ColdCall,Agent_9,Closed
D-301893,CL-5277,2023-06-20,SKU-201,POS Terminal,Hardware,10,1601,16010,15992,NA,ColdCall,Agent_11,Won
D-301894,CL-7683,2023-10-15,SKU-101,CRM Pro,Software,19,563,10697,10661,APAC,ColdCall,Agent_6,Lost
D-301895,CL-6625,2024-11-28,SKU-101,CRM Pro,Software,19,1642,31198,31182,APAC,ColdCall,Agent_4,Lost
D-301896,CL-5659,2023-05-03,SKU-101,CRM Pro,Software,12,1065,12780,12787,NA,ColdCall,Agent_2,Closed
D-301897,CL-4779,2024-08-30,SKU-102,Analytics Suite,Software,8,729,5832,5863,NA,Partner,Agent_5,Won
D-301898,CL-7293,2024-07-28,SKU-201,POS Terminal,Hardware,1,1671,1671,1705,APAC,Partner,Agent_7,Lost
D-301899,CL-2923,2024-09-01,SKU-102,Analytics Suite,Software,6,702,4212,4167,APAC,Web,Agent_7,Lost
D-301900,CL-5756,2023-07-17,SKU-102,Analytics Suite,Software,1,1166,1166,1153,NA,Web,Agent_9,Won
D-301901,CL-4615,2023-01-29,SKU-201,POS Terminal,Hardware,8,1771,14168,14205,APAC,Partner,Agent_10,Lost
D-301902,CL-7768,2024-03-24,SKU-201,POS Terminal,Hardware,22,427,9394,9397,APAC,Web,Agent_1,Lost
D-301903,CL-5896,2024-10-07,SKU-201,POS Terminal,Hardware,17,581,9877,9836,NA,Partner,Agent_7,Won
D-301904,CL-7010,2023-09-27,SKU-101,CRM Pro,Software,23,372,8556,8522,EU,ColdCall,Agent_6,Closed
D-301905,CL-4627,2023-08-27,SKU-102,Analytics Suite,Software,19,683,12977,12993,APAC,Partner,Agent_11,Lost
D-301906,CL-2727,2023-04-15,SKU-101,CRM Pro,Software,22,1433,31526,31526,APAC,ColdCall,Agent_8,Closed
D-301907,CL-4645,2024-06-28,SKU-201,POS Terminal,Hardware,25,992,24800,24826,NA,Partner,Agent_8,Lost
D-301908,CL-6739,2023-07-05,SKU-102,Analytics Suite,Software,10,1372,13720,13748,EU,Partner,Agent_8,Won
D-301909,CL-7696,2023-02-01,SKU-201,POS Terminal,Hardware,25,646,16150,16140,APAC,Web,Agent_8,Lost
D-301910,CL-6883,2023-09-21,SKU-102,Analytics Suite,Software,12,406,4872,4914,EU,Web,Agent_9,Closed
D-301911,CL-5996,2023-08-13,SKU-201,POS Terminal,Hardware,9,127,1143,1142,NA,Web,Agent_2,Closed
D-301912,CL-5534,2023-08-07,SKU-102,Analytics Suite,Software,18,1524,27432,27446,EU,ColdCall,Agent_6,Won
D-301913,CL-5086,2024-01-27,SKU-201,POS Terminal,Hardware,22,485,10670,10635,APAC,Web,Agent_7,Closed
D-301914,CL-3636,2024-03-19,SKU-101,CRM Pro,Software,24,468,11232,11250,APAC,ColdCall,Agent_10,Won
D-301915,CL-2638,2023-01-21,SKU-102,Analytics Suite,Software,6,1715,10290,10318,NA,Partner,Agent_7,Won
D-301916,CL-7450,2024-12-29,SKU-201,POS Terminal,Hardware,2,1085,2170,2181,APAC,Web,Agent_6,Won
D-301917,CL-5246,2023-12-28,SKU-201,POS Terminal,Hardware,5,204,1020,1026,EU,Partner,Agent_11,Lost
D-301918,CL-4299,2024-10-27,SKU-102,Analytics Suite,Software,2,1093,2186,2166,NA,ColdCall,Agent_8,Closed
D-301919,CL-4803,2023-07-16,SKU-102,Analytics Suite,Software,17,242,4114,4135,APAC,Partner,Agent_1,Closed
D-301920,CL-3626,2024-05-05,SKU-102,Analytics Suite,Software,23,338,7774,7736,APAC,Partner,Agent_3,Won
D-301921,CL-4130,2024-11-28,SKU-102,Analytics Suite,Software,10,209,2090,2133,EU,ColdCall,Agent_2,Closed
D-301922,CL-3580,2024-06-28,SKU-101,CRM Pro,Software,4,110,440,489,NA,Web,Agent_3,Won
D-301923,CL-5330,2023-07-27,SKU-201,POS Terminal,Hardware,21,250,5250,5234,EU,Web,Agent_1,Closed
D-301924,CL-3244,2023-03-12,SKU-102,Analytics Suite,Software,16,1182,18912,18947,NA,Partner,Agent_4,Won
D-301925,CL-3820,2023-03-10,SKU-201,POS Terminal,Hardware,21,804,16884,16861,APAC,Partner,Agent_3,Won
D-301926,CL-4508,2023-02-24,SKU-201,POS Terminal,Hardware,12,1042,12504,12525,NA,Web,Agent_10,Closed
D-301927,CL-5828,2023-04-02,SKU-102,Analytics Suite,Software,16,1698,27168,27133,EU,Partner,Agent_8,Won
D-301928,CL-4670,2024-11-20,SKU-102,Analytics Suite,Software,9,536,4824,4851,APAC,Partner,Agent_3,Lost
D-301929,CL-3937,2023-06-09,SKU-101,CRM Pro,Software,8,601,4808,4838,EU,Web,Agent_6,Won
D-301930,CL-2690,2023-07-01,SKU-201,POS Terminal,Hardware,13,455,5915,5921,NA,Web,Agent_5,Closed
D-301931,CL-5065,2023-02-08,SKU-102,Analytics Suite,Software,24,260,6240,6243,NA,ColdCall,Agent_2,Closed
D-301932,CL-5711,2024-05-13,SKU-201,POS Terminal,Hardware,7,1257,8799,8805,EU,Partner,Agent_1,Lost
D-301933,CL-7319,2023-07-11,SKU-102,Analytics Suite,Software,19,1593,30267,30312,NA,Web,Agent_9,Lost
D-301934,CL-6708,2023-11-08,SKU-102,Analytics Suite,Software,1,1663,1663,1637,NA,Web,Agent_7,Closed
D-301935,CL-3319,2023-05-12,SKU-201,POS Terminal,Hardware,25,776,19400,19368,APAC,ColdCall,Agent_10,Lost
D-301936,CL-6268,2024-08-05,SKU-201,POS Terminal,Hardware,5,430,2150,2135,NA,ColdCall,Agent_10,Closed
D-301937,CL-7115,2023-06-21,SKU-102,Analytics Suite,Software,19,1087,20653,20686,APAC,Web,Agent_1,Won
D-301938,CL-4377,2024-02-06,SKU-102,Analytics Suite,Software,3,1566,4698,4676,NA,Web,Agent_11,Closed
D-301939,CL-7381,2023-11-02,SKU-201,POS Terminal,Hardware,13,1012,13156,13133,NA,Web,Agent_5,Lost
D-301940,CL-7390,2023-11-14,SKU-201,POS Terminal,Hardware,17,532,9044,9025,NA,Web,Agent_11,Won
D-301941,CL-5988,2024-12-23,SKU-201,POS Terminal,Hardware,12,733,8796,8812,APAC,Web,Agent_7,Closed
D-301942,CL-7674,2024-03-19,SKU-102,Analytics Suite,Software,15,846,12690,12650,NA,Web,Agent_10,Lost
D-301943,CL-5377,2023-11-25,SKU-102,Analytics Suite,Software,12,1006,12072,12073,APAC,Web,Agent_11,Lost
D-301944,CL-3976,2024-04-15,SKU-201,POS Terminal,Hardware,4,440,1760,1737,NA,Web,Agent_4,Closed
D-301945,CL-7368,2024-10-08,SKU-102,Analytics Suite,Software,15,985,14775,14765,NA,ColdCall,Agent_6,Won
D-301946,CL-4101,2023-02-25,SKU-102,Analytics Suite,Software,6,338,2028,1991,APAC,Partner,Agent_5,Closed
D-301947,CL-5105,2023-11-14,SKU-201,POS Terminal,Hardware,22,740,16280,16285,EU,ColdCall,Agent_3,Lost
D-301948,CL-5867,2023-09-14,SKU-201,POS Terminal,Hardware,18,1639,29502,29514,EU,Web,Agent_7,Lost
D-301949,CL-7688,2024-08-06,SKU-101,CRM Pro,Software,7,1429,10003,9997,NA,Partner,Agent_3,Won
D-301950,CL-5713,2024-01-15,SKU-201,POS Terminal,Hardware,20,1512,30240,30284,EU,ColdCall,Agent_3,Won
D-301951,CL-2963,2024-07-25,SKU-102,Analytics Suite,Software,6,979,5874,5833,NA,Partner,Agent_3,Lost
D-301952,CL-4653,2023-11-12,SKU-102,Analytics Suite,Software,19,1582,30058,30073,EU,ColdCall,Agent_3,Closed
D-301953,CL-4599,2023-11-01,SKU-101,CRM Pro,Software,18,1677,30186,30174,NA,Partner,Agent_4,Closed
D-301954,CL-5476,2023-07-25,SKU-102,Analytics Suite,Software,14,778,10892,10864,APAC,ColdCall,Agent_2,Lost
D-301955,CL-7882,2023-09-02,SKU-102,Analytics Suite,Software,13,1040,13520,13549,NA,Web,Agent_1,Won
D-301956,CL-3268,2023-02-07,SKU-201,POS Terminal,Hardware,1,1277,1277,1234,NA,Web,Agent_10,Won
D-301957,CL-7658,2024-07-19,SKU-102,Analytics Suite,Software,1,1164,1164,1159,APAC,Partner,Agent_2,Won
D-301958,CL-4953,2024-01-08,SKU-201,POS Terminal,Hardware,1,1180,1180,1211,NA,Partner,Agent_10,Closed
D-301959,CL-2841,2023-02-15,SKU-102,Analytics Suite,Software,16,349,5584,5552,APAC,ColdCall,Agent_2,Closed
D-301960,CL-6528,2024-01-01,SKU-101,CRM Pro,Software,17,1328,22576,22579,NA,Web,Agent_11,Closed
D-301961,CL-6252,2023-03-24,SKU-101,CRM Pro,Software,7,764,5348,5354,APAC,Partner,Agent_6,Closed
D-301962,CL-7419,2023-03-19,SKU-101,CRM Pro,Software,12,1063,12756,12781,APAC,ColdCall,Agent_9,Closed
D-301963,CL-3577,2024-10-27,SKU-201,POS Terminal,Hardware,9,163,1467,1468,EU,ColdCall,Agent_5,Won
D-301964,CL-3286,2023-05-16,SKU-102,Analytics Suite,Software,20,1182,23640,23672,NA,ColdCall,Agent_10,Closed
D-301965,CL-5086,2024-03-05,SKU-201,POS Terminal,Hardware,15,348,5220,5222,EU,ColdCall,Agent_1,Won
D-301966,CL-5944,2024-05-01,SKU-101,CRM Pro,Software,20,527,10540,10552,NA,Web,Agent_9,Closed
D-301967,CL-6377,2024-01-04,SKU-201,POS Terminal,Hardware,18,1065,19170,19177,NA,Partner,Agent_8,Won
D-301968,CL-4910,2024-03-21,SKU-102,Analytics Suite,Software,9,1275,11475,11472,EU,Partner,Agent_6,Won
D-301969,CL-5715,2024-12-21,SKU-101,CRM Pro,Software,13,907,11791,11815,NA,ColdCall,Agent_11,Lost
D-301970,CL-2944,2024-06-19,SKU-201,POS Terminal,Hardware,4,669,2676,2694,APAC,Partner,Agent_2,Lost
D-301971,CL-5871,2023-11-10,SKU-201,POS Terminal,Hardware,5,442,2210,2183,EU,ColdCall,Agent_11,Won
D-301972,CL-6043,2024-10-23,SKU-101,CRM Pro,Software,7,706,4942,4912,NA,Web,Agent_4,Won
D-301973,CL-4400,2024-04-21,SKU-201,POS Terminal,Hardware,7,621,4347,4321,NA,Web,Agent_5,Lost
D-301974,CL-5037,2023-09-05,SKU-201,POS Terminal,Hardware,21,867,18207,18209,APAC,Web,Agent_3,Lost
D-301975,CL-5507,2024-01-14,SKU-102,Analytics Suite,Software,3,176,528,534,EU,ColdCall,Agent_2,Lost
D-301976,CL-7734,2023-05-22,SKU-201,POS Terminal,Hardware,7,1304,9128,9136,APAC,Web,Agent_1,Lost
D-301977,CL-6960,2024-10-08,SKU-201,POS Terminal,Hardware,14,969,13566,13579,EU,Partner,Agent_9,Closed
D-301978,CL-5389,2023-07-06,SKU-201,POS Terminal,Hardware,16,1341,21456,21444,EU,ColdCall,Agent_10,Lost
D-301979,CL-7536,2024-04-10,SKU-101,CRM Pro,Software,22,1107,24354,24320,NA,ColdCall,Agent_4,Lost
D-301980,CL-4065,2023-01-02,SKU-101,CRM Pro,Software,9,565,5085,5134,NA,ColdCall,Agent_6,Won
D-301981,CL-2409,2023-07-24,SKU-102,Analytics Suite,Software,19,1402,26638,26670,NA,ColdCall,Agent_8,Won
D-301982,CL-3996,2024-05-23,SKU-201,POS Terminal,Hardware,12,665,7980,8022,EU,Web,Agent_3,Lost
D-301983,CL-4014,2024-05-16,SKU-201,POS Terminal,Hardware,20,523,10460,10469,EU,Partner,Agent_7,Won
D-301984,CL-7222,2024-08-04,SKU-201,POS Terminal,Hardware,6,1341,8046,8009,NA,ColdCall,Agent_2,Lost
D-301985,CL-4785,2023-03-17,SKU-201,POS Terminal,Hardware,5,464,2320,2336,EU,Web,Agent_5,Lost
D-301986,CL-2103,2024-04-01,SKU-101,CRM Pro,Software,4,272,1088,1041,EU,Web,Agent_2,Won
D-301987,CL-3895,2023-10-19,SKU-201,POS Terminal,Hardware,2,1331,2662,2642,APAC,ColdCall,Agent_6,Won
D-301988,CL-5081,2023-04-21,SKU-101,CRM Pro,Software,10,1203,12030,12026,NA,Web,Agent_7,Lost
D-301989,CL-6799,2023-11-22,SKU-101,CRM Pro,Software,12,1091,13092,13127,NA,Web,Agent_11,Lost
D-301990,CL-2303,2024-06-12,SKU-101,CRM Pro,Software,15,1755,26325,26318,EU,ColdCall,Agent_2,Won
D-301991,CL-4700,2024-01-25,SKU-102,Analytics Suite,Software,1,1260,1260,1266,NA,Partner,Agent_9,Won
D-301992,CL-4847,2023-01-30,SKU-102,Analytics Suite,Software,15,664,9960,9998,NA,Web,Agent_1,Closed
D-301993,CL-6990,2024-10-21,SKU-201,POS Terminal,Hardware,5,973,4865,4896,NA,Web,Agent_9,Closed
D-301994,CL-6968,2024-10-13,SKU-201,POS Terminal,Hardware,7,1412,9884,9894,APAC,Partner,Agent_7,Won
D-301995,CL-5635,2023-01-03,SKU-201,POS Terminal,Hardware,2,762,1524,1493,APAC,Web,Agent_11,Lost
D-301996,CL-6241,2024-05-03,SKU-101,CRM Pro,Software,4,806,3224,3192,EU,Web,Agent_5,Lost
D-301997,CL-2575,2023-08-18,SKU-201,POS Terminal,Hardware,9,450,4050,4081,EU,Web,Agent_11,Won
D-301998,CL-7435,2023-02-18,SKU-102,Analytics Suite,Software,1,938,938,967,APAC,Web,Agent_11,Lost
D-301999,CL-2149,2023-07-12,SKU-201,POS Terminal,Hardware,4,200,800,784,EU,Partner,Agent_5,Won
D-302000,CL-2152,2023-10-01,SKU-201,POS Terminal,Hardware,9,660,5940,5970,APAC,ColdCall,Agent_10,Closed
D-302001,CL-7849,2023-04-23,SKU-102,Analytics Suite,Software,24,906,21744,21778,APAC,ColdCall,Agent_9,Lost
D-302002,CL-3644,2024-01-19,SKU-102,Analytics Suite,Software,19,1648,31312,31337,EU,Partner,Agent_10,Closed
D-302003,CL-7695,2023-05-08,SKU-102,Analytics Suite,Software,14,1414,19796,19746,APAC,Web,Agent_1,Won
D-302004,CL-6605,2024-09-29,SKU-201,POS Terminal,Hardware,7,440,3080,3121,EU,Web,Agent_1,Closed
D-302005,CL-5350,2024-12-22,SKU-201,POS Terminal,Hardware,17,930,15810,15786,EU,Partner,Agent_5,Closed
D-302006,CL-2374,2024-08-28,SKU-201,POS Terminal,Hardware,7,555,3885,3900,NA,Partner,Agent_3,Lost
D-302007,CL-4723,2024-10-18,SKU-101,CRM Pro,Software,22,513,11286,11311,APAC,Web,Agent_3,Lost
D-302008,CL-6949,2023-11-28,SKU-101,CRM Pro,Software,13,1336,17368,17393,EU,Web,Agent_2,Lost
D-302009,CL-4999,2024-10-22,SKU-101,CRM Pro,Software,22,1276,28072,28116,NA,Partner,Agent_6,Closed
D-302010,CL-3563,2023-02-24,SKU-201,POS Terminal,Hardware,18,455,8190,8201,EU,Partner,Agent_5,Won
D-302011,CL-6438,2024-02-10,SKU-102,Analytics Suite,Software,10,636,6360,6345,APAC,ColdCall,Agent_2,Lost
D-302012,CL-2959,2024-10-10,SKU-201,POS Terminal,Hardware,2,850,1700,1693,APAC,Partner,Agent_2,Won
D-302013,CL-6125,2024-06-13,SKU-101,CRM Pro,Software,10,389,3890,3894,NA,ColdCall,Agent_2,Lost
D-302014,CL-2933,2023-10-27,SKU-101,CRM Pro,Software,9,1545,13905,13878,EU,Web,Agent_11,Won
D-302015,CL-6134,2024-12-24,SKU-201,POS Terminal,Hardware,5,616,3080,3055,EU,Partner,Agent_1,Lost
D-302016,CL-6374,2023-01-25,SKU-102,Analytics Suite,Software,12,368,4416,4438,APAC,ColdCall,Agent_6,Won
D-302017,CL-2561,2023-11-29,SKU-101,CRM Pro,Software,3,574,1722,1746,APAC,Web,Agent_3,Lost
D-302018,CL-6988,2024-04-10,SKU-101,CRM Pro,Software,25,986,24650,24658,EU,Web,Agent_11,Lost
D-302019,CL-3565,2024-01-25,SKU-102,Analytics Suite,Software,4,1084,4336,4347,APAC,Web,Agent_5,Closed
D-302020,CL-7066,2024-01-26,SKU-101,CRM Pro,Software,15,1210,18150,18181,APAC,Web,Agent_7,Closed
D-302021,CL-2035,2023-03-07,SKU-201,POS Terminal,Hardware,12,386,4632,4629,EU,ColdCall,Agent_5,Won
D-302022,CL-3100,2023-03-28,SKU-201,POS Terminal,Hardware,14,643,9002,8957,EU,Web,Agent_3,Won
D-302023,CL-7164,2024-09-07,SKU-101,CRM Pro,Software,13,630,8190,8181,APAC,Partner,Agent_7,Won
D-302024,CL-4042,2023-04-29,SKU-101,CRM Pro,Software,20,1062,21240,21277,EU,Web,Agent_2,Won
D-302025,CL-7197,2024-11-09,SKU-201,POS Terminal,Hardware,3,1525,4575,4570,NA,ColdCall,Agent_11,Lost
D-302026,CL-7159,2023-08-22,SKU-201,POS Terminal,Hardware,15,787,11805,11789,EU,Web,Agent_3,Lost
D-302027,CL-4351,2023-02-22,SKU-102,Analytics Suite,Software,8,1600,12800,12750,NA,ColdCall,Agent_9,Lost
D-302028,CL-2383,2023-07-25,SKU-101,CRM Pro,Software,4,1591,6364,6392,EU,Web,Agent_6,Lost
D-302029,CL-7508,2024-10-23,SKU-101,CRM Pro,Software,6,898,5388,5386,APAC,ColdCall,Agent_3,Won
D-302030,CL-5696,2024-07-22,SKU-201,POS Terminal,Hardware,16,1470,23520,23511,EU,Partner,Agent_1,Closed
D-302031,CL-4910,2024-12-03,SKU-102,Analytics Suite,Software,12,413,4956,4917,APAC,Web,Agent_9,Closed
D-302032,CL-7299,2024-09-17,SKU-101,CRM Pro,Software,23,1048,24104,24132,APAC,Web,Agent_10,Closed
D-302033,CL-2632,2024-04-23,SKU-102,Analytics Suite,Software,2,1181,2362,2344,APAC,Web,Agent_11,Lost
D-302034,CL-4356,2023-07-12,SKU-201,POS Terminal,Hardware,1,570,570,586,APAC,Partner,Agent_2,Lost
D-302035,CL-7876,2023-03-10,SKU-101,CRM Pro,Software,15,526,7890,7866,NA,ColdCall,Agent_6,Closed
D-302036,CL-2252,2024-10-03,SKU-101,CRM Pro,Software,16,1652,26432,26399,APAC,Web,Agent_11,Closed
D-302037,CL-5849,2024-07-22,SKU-201,POS Terminal,Hardware,16,1189,19024,19024,NA,Web,Agent_9,Won
D-302038,CL-4644,2023-06-07,SKU-101,CRM Pro,Software,2,1690,3380,3405,EU,ColdCall,Agent_1,Closed
D-302039,CL-7375,2023-11-10,SKU-102,Analytics Suite,Software,1,870,870,855,EU,Web,Agent_10,Closed
D-302040,CL-4748,2023-03-01,SKU-101,CRM Pro,Software,9,1129,10161,10184,APAC,Web,Agent_10,Won
D-302041,CL-2975,2023-08-10,SKU-201,POS Terminal,Hardware,8,345,2760,2710,EU,Partner,Agent_5,Closed
D-302042,CL-3373,2023-02-18,SKU-102,Analytics Suite,Software,6,795,4770,4766,APAC,Partner,Agent_3,Won
D-302043,CL-3094,2024-03-12,SKU-101,CRM Pro,Software,9,430,3870,3872,NA,ColdCall,Agent_2,Won
D-302044,CL-3548,2024-03-10,SKU-101,CRM Pro,Software,2,366,732,753,NA,Partner,Agent_2,Closed
D-302045,CL-2867,2024-05-07,SKU-201,POS Terminal,Hardware,7,1798,12586,12602,APAC,ColdCall,Agent_1,Closed
D-302046,CL-5271,2024-04-02,SKU-201,POS Terminal,Hardware,18,1762,31716,31686,NA,Partner,Agent_2,Closed
D-302047,CL-5042,2024-04-09,SKU-102,Analytics Suite,Software,11,114,1254,1290,NA,Partner,Agent_6,Lost
D-302048,CL-5602,2023-08-20,SKU-201,POS Terminal,Hardware,1,186,186,152,APAC,Partner,Agent_5,Won
D-302049,CL-7514,2024-11-07,SKU-201,POS Terminal,Hardware,5,266,1330,1330,APAC,Partner,Agent_3,Won
D-302050,CL-5127,2023-06-10,SKU-201,POS Terminal,Hardware,8,484,3872,3832,NA,ColdCall,Agent_9,Won
D-302051,CL-7759,2023-04-30,SKU-102,Analytics Suite,Software,18,492,8856,8881,NA,Web,Agent_7,Lost
D-302052,CL-3201,2024-04-11,SKU-102,Analytics Suite,Software,22,900,19800,19845,APAC,Web,Agent_3,Won
D-302053,CL-2709,2023-11-29,SKU-101,CRM Pro,Software,9,1297,11673,11645,EU,Partner,Agent_4,Closed
D-302054,CL-3669,2023-11-17,SKU-201,POS Terminal,Hardware,6,1085,6510,6556,APAC,Web,Agent_4,Won
D-302055,CL-7565,2024-08-31,SKU-201,POS Terminal,Hardware,19,1723,32737,32689,NA,Partner,Agent_4,Closed
D-302056,CL-6211,2024-07-17,SKU-101,CRM Pro,Software,19,1560,29640,29668,APAC,Partner,Agent_5,Closed
D-302057,CL-2362,2023-02-28,SKU-102,Analytics Suite,Software,7,767,5369,5351,NA,Partner,Agent_4,Lost
D-302058,CL-7534,2023-04-22,SKU-102,Analytics Suite,Software,9,903,8127,8104,NA,ColdCall,Agent_2,Won
D-302059,CL-6773,2023-05-15,SKU-201,POS Terminal,Hardware,10,404,4040,4067,APAC,Web,Agent_7,Lost
D-302060,CL-7728,2023-05-22,SKU-101,CRM Pro,Software,23,695,15985,15944,NA,Partner,Agent_6,Lost
D-302061,CL-3287,2024-03-30,SKU-201,POS Terminal,Hardware,2,1764,3528,3557,EU,ColdCall,Agent_5,Lost
D-302062,CL-6248,2024-06-22,SKU-101,CRM Pro,Software,11,1117,12287,12304,EU,Partner,Agent_7,Closed
D-302063,CL-2095,2024-01-20,SKU-101,CRM Pro,Software,16,1518,24288,24238,APAC,Partner,Agent_5,Won
D-302064,CL-2038,2024-06-09,SKU-101,CRM Pro,Software,16,1135,18160,18185,NA,Web,Agent_9,Closed
D-302065,CL-6863,2024-09-22,SKU-102,Analytics Suite,Software,18,1050,18900,18914,APAC,ColdCall,Agent_5,Lost
D-302066,CL-2510,2023-11-28,SKU-102,Analytics Suite,Software,4,567,2268,2276,APAC,Partner,Agent_5,Won
D-302067,CL-7892,2024-02-08,SKU-101,CRM Pro,Software,6,1631,9786,9797,EU,ColdCall,Agent_7,Closed
D-302068,CL-7607,2024-11-09,SKU-201,POS Terminal,Hardware,1,1237,1237,1201,NA,Web,Agent_6,Closed
D-302069,CL-2168,2023-08-15,SKU-201,POS Terminal,Hardware,16,187,2992,2974,NA,Web,Agent_2,Closed
D-302070,CL-5868,2024-09-25,SKU-102,Analytics Suite,Software,5,888,4440,4464,APAC,Web,Agent_5,Lost
D-302071,CL-7305,2023-10-21,SKU-101,CRM Pro,Software,23,960,22080,22052,APAC,ColdCall,Agent_5,Closed
D-302072,CL-3425,2023-08-06,SKU-101,CRM Pro,Software,1,352,352,327,NA,ColdCall,Agent_6,Lost
D-302073,CL-5193,2023-11-29,SKU-102,Analytics Suite,Software,17,538,9146,9115,APAC,Web,Agent_6,Closed
D-302074,CL-5578,2024-02-15,SKU-101,CRM Pro,Software,1,1424,1424,1399,NA,Partner,Agent_10,Closed
D-302075,CL-5311,2024-03-29,SKU-102,Analytics Suite,Software,22,1439,31658,31689,EU,ColdCall,Agent_2,Won
D-302076,CL-7387,2023-05-31,SKU-201,POS Terminal,Hardware,19,235,4465,4432,NA,Web,Agent_6,Lost
D-302077,CL-4973,2024-03-14,SKU-201,POS Terminal,Hardware,18,726,13068,13035,NA,ColdCall,Agent_4,Lost
D-302078,CL-4299,2024-04-03,SKU-102,Analytics Suite,Software,13,965,12545,12518,EU,Web,Agent_7,Lost
D-302079,CL-6875,2023-12-14,SKU-101,CRM Pro,Software,24,1444,34656,34658,EU,Web,Agent_6,Lost
D-302080,CL-7024,2023-07-24,SKU-201,POS Terminal,Hardware,8,526,4208,4256,NA,Web,Agent_7,Lost
D-302081,CL-6222,2024-08-26,SKU-102,Analytics Suite,Software,21,1084,22764,22768,APAC,ColdCall,Agent_8,Closed
D-302082,CL-4851,2023-01-15,SKU-201,POS Terminal,Hardware,12,111,1332,1344,NA,Partner,Agent_7,Lost
D-302083,CL-6592,2023-02-09,SKU-101,CRM Pro,Software,22,384,8448,8422,APAC,Partner,Agent_3,Closed
D-302084,CL-4252,2023-02-07,SKU-102,Analytics Suite,Software,12,417,5004,5010,APAC,Web,Agent_8,Won
D-302085,CL-7384,2023-09-18,SKU-102,Analytics Suite,Software,21,512,10752,10773,NA,Partner,Agent_10,Lost
D-302086,CL-7853,2024-12-09,SKU-102,Analytics Suite,Software,14,403,5642,5593,EU,Partner,Agent_11,Lost
D-302087,CL-4181,2023-10-04,SKU-102,Analytics Suite,Software,19,1479,28101,28067,NA,Web,Agent_4,Won
D-302088,CL-7572,2023-10-07,SKU-102,Analytics Suite,Software,8,1212,9696,9672,APAC,Partner,Agent_5,Lost
D-302089,CL-3486,2023-07-21,SKU-101,CRM Pro,Software,25,1147,28675,28701,EU,ColdCall,Agent_9,Won
D-302090,CL-4555,2024-09-09,SKU-201,POS Terminal,Hardware,2,1037,2074,2074,APAC,ColdCall,Agent_8,Lost
D-302091,CL-5132,2023-08-02,SKU-201,POS Terminal,Hardware,13,256,3328,3329,EU,ColdCall,Agent_5,Closed
D-302092,CL-3492,2024-06-01,SKU-101,CRM Pro,Software,21,1668,35028,35026,NA,Web,Agent_7,Closed
D-302093,CL-2524,2023-05-12,SKU-102,Analytics Suite,Software,11,1246,13706,13664,EU,ColdCall,Agent_10,Closed
D-302094,CL-3135,2023-04-25,SKU-102,Analytics Suite,Software,22,1106,24332,24298,EU,ColdCall,Agent_5,Won
D-302095,CL-2747,2023-01-15,SKU-201,POS Terminal,Hardware,16,171,2736,2711,EU,ColdCall,Agent_1,Closed
D-302096,CL-3245,2023-07-13,SKU-201,POS Terminal,Hardware,18,1175,21150,21185,APAC,Partner,Agent_3,Lost
D-302097,CL-7656,2024-09-01,SKU-102,Analytics Suite,Software,17,614,10438,10484,APAC,ColdCall,Agent_10,Won
D-302098,CL-4366,2023-03-03,SKU-102,Analytics Suite,Software,21,1455,30555,30520,APAC,Partner,Agent_6,Won
D-302099,CL-7332,2023-01-19,SKU-201,POS Terminal,Hardware,24,457,10968,10990,EU,Web,Agent_7,Closed
D-302100,CL-4743,2023-09-28,SKU-201,POS Terminal,Hardware,21,326,6846,6803,NA,Partner,Agent_1,Closed
D-302101,CL-2081,2024-11-08,SKU-102,Analytics Suite,Software,7,263,1841,1837,EU,Web,Agent_11,Won
D-302102,CL-2568,2023-05-15,SKU-101,CRM Pro,Software,22,1761,38742,38737,NA,ColdCall,Agent_1,Lost
D-302103,CL-4819,2023-10-25,SKU-102,Analytics Suite,Software,2,1021,2042,2078,APAC,Web,Agent_3,Lost
D-302104,CL-7638,2024-05-17,SKU-201,POS Terminal,Hardware,9,283,2547,2504,NA,ColdCall,Agent_5,Lost
D-302105,CL-2571,2024-02-20,SKU-201,POS Terminal,Hardware,12,1411,16932,16913,APAC,Web,Agent_3,Won
D-302106,CL-2491,2023-10-01,SKU-101,CRM Pro,Software,14,952,13328,13289,APAC,Partner,Agent_1,Won
D-302107,CL-2611,2024-09-30,SKU-201,POS Terminal,Hardware,6,491,2946,2979,EU,Partner,Agent_8,Won
D-302108,CL-3004,2024-04-28,SKU-201,POS Terminal,Hardware,6,1106,6636,6651,EU,Web,Agent_6,Closed
D-302109,CL-3664,2023-08-20,SKU-102,Analytics Suite,Software,25,456,11400,11379,EU,Partner,Agent_7,Closed
D-302110,CL-7542,2023-08-20,SKU-201,POS Terminal,Hardware,2,943,1886,1900,APAC,Partner,Agent_11,Won
D-302111,CL-7474,2023-12-06,SKU-102,Analytics Suite,Software,3,1476,4428,4397,NA,ColdCall,Agent_8,Lost
D-302112,CL-5324,2023-09-04,SKU-201,POS Terminal,Hardware,1,1042,1042,1006,APAC,Web,Agent_7,Lost
D-302113,CL-3602,2024-04-09,SKU-201,POS Terminal,Hardware,12,662,7944,7906,EU,Web,Agent_6,Closed
D-302114,CL-2437,2023-05-05,SKU-102,Analytics Suite,Software,7,1622,11354,11361,EU,Web,Agent_10,Lost
D-302115,CL-7825,2023-03-10,SKU-201,POS Terminal,Hardware,21,1183,24843,24847,APAC,ColdCall,Agent_11,Closed
D-302116,CL-2919,2023-01-30,SKU-102,Analytics Suite,Software,22,607,13354,13395,APAC,Web,Agent_1,Closed
D-302117,CL-4942,2023-04-29,SKU-201,POS Terminal,Hardware,8,1221,9768,9794,EU,ColdCall,Agent_9,Lost
D-302118,CL-2715,2024-05-20,SKU-102,Analytics Suite,Software,1,185,185,157,NA,ColdCall,Agent_4,Lost
D-302119,CL-2675,2024-02-24,SKU-201,POS Terminal,Hardware,18,1549,27882,27851,APAC,Web,Agent_4,Won
D-302120,CL-7465,2024-11-11,SKU-201,POS Terminal,Hardware,12,327,3924,3921,NA,ColdCall,Agent_6,Closed
D-302121,CL-6901,2023-07-10,SKU-102,Analytics Suite,Software,17,1025,17425,17403,EU,ColdCall,Agent_2,Closed
D-302122,CL-7580,2023-01-22,SKU-201,POS Terminal,Hardware,16,245,3920,3898,NA,ColdCall,Agent_2,Closed
D-302123,CL-6418,2024-06-28,SKU-101,CRM Pro,Software,5,1739,8695,8714,EU,Partner,Agent_10,Closed
D-302124,CL-7483,2023-11-09,SKU-102,Analytics Suite,Software,14,346,4844,4796,EU,Web,Agent_10,Won
D-302125,CL-6342,2024-11-25,SKU-101,CRM Pro,Software,14,1116,15624,15650,APAC,Partner,Agent_7,Won
D-302126,CL-6286,2023-09-28,SKU-102,Analytics Suite,Software,19,297,5643,5636,EU,Partner,Agent_3,Won
D-302127,CL-4536,2024-04-27,SKU-102,Analytics Suite,Software,6,315,1890,1895,APAC,Partner,Agent_5,Won
D-302128,CL-4481,2024-11-29,SKU-101,CRM Pro,Software,24,802,19248,19276,NA,Web,Agent_4,Lost
D-302129,CL-2625,2024-08-15,SKU-101,CRM Pro,Software,18,1712,30816,30848,APAC,Partner,Agent_9,Closed
D-302130,CL-5385,2023-08-18,SKU-101,CRM Pro,Software,4,1053,4212,4162,NA,Partner,Agent_3,Won
D-302131,CL-4778,2023-05-07,SKU-101,CRM Pro,Software,20,1453,29060,29084,APAC,ColdCall,Agent_10,Won
D-302132,CL-6559,2024-04-22,SKU-101,CRM Pro,Software,19,1418,26942,26907,APAC,Partner,Agent_2,Lost
D-302133,CL-7857,2023-01-10,SKU-201,POS Terminal,Hardware,3,994,2982,3021,APAC,ColdCall,Agent_5,Won
D-302134,CL-2572,2024-11-09,SKU-101,CRM Pro,Software,22,756,16632,16626,EU,Partner,Agent_9,Closed
D-302135,CL-2259,2024-06-04,SKU-201,POS Terminal,Hardware,23,912,20976,20980,EU,Partner,Agent_9,Won
D-302136,CL-5483,2023-02-23,SKU-101,CRM Pro,Software,4,1366,5464,5414,EU,ColdCall,Agent_1,Lost
D-302137,CL-5096,2023-12-19,SKU-201,POS Terminal,Hardware,1,526,526,575,APAC,ColdCall,Agent_11,Lost
D-302138,CL-6219,2023-11-12,SKU-101,CRM Pro,Software,17,1667,28339,28322,EU,ColdCall,Agent_4,Won
D-302139,CL-6507,2023-02-21,SKU-102,Analytics Suite,Software,23,426,9798,9767,NA,ColdCall,Agent_6,Closed
D-302140,CL-6001,2024-05-30,SKU-201,POS Terminal,Hardware,15,399,5985,6017,NA,Partner,Agent_8,Lost
D-302141,CL-6230,2023-12-04,SKU-102,Analytics Suite,Software,20,125,2500,2459,EU,ColdCall,Agent_10,Won
D-302142,CL-6911,2024-04-30,SKU-102,Analytics Suite,Software,20,574,11480,11447,APAC,Partner,Agent_2,Lost
D-302143,CL-6293,2023-05-04,SKU-101,CRM Pro,Software,16,153,2448,2435,EU,Partner,Agent_8,Closed
D-302144,CL-6340,2023-05-26,SKU-201,POS Terminal,Hardware,22,704,15488,15517,EU,ColdCall,Agent_11,Closed
D-302145,CL-6032,2024-06-25,SKU-102,Analytics Suite,Software,1,1089,1089,1105,EU,Partner,Agent_10,Lost
D-302146,CL-5547,2023-07-16,SKU-102,Analytics Suite,Software,17,1656,28152,28150,EU,Web,Agent_2,Closed
D-302147,CL-6745,2023-08-26,SKU-102,Analytics Suite,Software,21,1601,33621,33625,EU,Web,Agent_4,Lost
D-302148,CL-5991,2023-11-18,SKU-102,Analytics Suite,Software,1,298,298,264,EU,ColdCall,Agent_1,Lost
D-302149,CL-4724,2024-05-22,SKU-101,CRM Pro,Software,15,1577,23655,23624,NA,Web,Agent_11,Closed
D-302150,CL-2099,2023-04-01,SKU-102,Analytics Suite,Software,25,941,23525,23524,EU,ColdCall,Agent_8,Lost
D-302151,CL-6972,2024-01-15,SKU-101,CRM Pro,Software,18,1771,31878,31911,NA,ColdCall,Agent_9,Won
D-302152,CL-3926,2023-01-06,SKU-102,Analytics Suite,Software,16,1800,28800,28850,NA,ColdCall,Agent_8,Won
D-302153,CL-6954,2023-01-26,SKU-102,Analytics Suite,Software,14,635,8890,8886,EU,ColdCall,Agent_7,Closed
D-302154,CL-5871,2023-11-10,SKU-102,Analytics Suite,Software,3,1356,4068,4086,APAC,Partner,Agent_1,Lost
D-302155,CL-6579,2024-02-22,SKU-102,Analytics Suite,Software,16,1493,23888,23893,NA,Web,Agent_8,Closed
D-302156,CL-3124,2023-09-30,SKU-102,Analytics Suite,Software,5,512,2560,2519,NA,ColdCall,Agent_2,Closed
D-302157,CL-4820,2024-04-29,SKU-101,CRM Pro,Software,7,1439,10073,10064,APAC,Partner,Agent_1,Lost
D-302158,CL-3063,2024-03-01,SKU-201,POS Terminal,Hardware,1,1261,1261,1293,EU,Partner,Agent_4,Won
D-302159,CL-4902,2023-06-16,SKU-201,POS Terminal,Hardware,4,1669,6676,6713,EU,ColdCall,Agent_4,Won
D-302160,CL-3455,2024-06-15,SKU-102,Analytics Suite,Software,24,1734,41616,41645,APAC,Web,Agent_4,Closed
D-302161,CL-3051,2024-05-29,SKU-201,POS Terminal,Hardware,21,379,7959,7994,EU,ColdCall,Agent_2,Lost
D-302162,CL-4729,2024-09-11,SKU-201,POS Terminal,Hardware,14,1665,23310,23327,EU,Partner,Agent_7,Won
D-302163,CL-4009,2023-07-06,SKU-201,POS Terminal,Hardware,5,245,1225,1270,EU,Partner,Agent_5,Lost
D-302164,CL-2277,2024-08-04,SKU-102,Analytics Suite,Software,17,639,10863,10865,EU,Partner,Agent_10,Closed
D-302165,CL-6465,2024-05-18,SKU-101,CRM Pro,Software,9,608,5472,5493,NA,Partner,Agent_6,Closed
D-302166,CL-7190,2024-01-18,SKU-102,Analytics Suite,Software,17,1427,24259,24225,EU,Web,Agent_7,Won
D-302167,CL-4905,2023-10-01,SKU-201,POS Terminal,Hardware,2,378,756,743,EU,Partner,Agent_9,Won
D-302168,CL-4125,2024-09-22,SKU-101,CRM Pro,Software,5,1049,5245,5264,EU,Partner,Agent_6,Won
D-302169,CL-6024,2024-03-02,SKU-101,CRM Pro,Software,10,521,5210,5188,NA,Web,Agent_8,Closed
D-302170,CL-2203,2024-02-25,SKU-102,Analytics Suite,Software,4,1454,5816,5856,APAC,Web,Agent_9,Lost
D-302171,CL-2431,2023-12-11,SKU-102,Analytics Suite,Software,3,1461,4383,4409,NA,ColdCall,Agent_3,Closed
D-302172,CL-6828,2024-09-02,SKU-101,CRM Pro,Software,23,515,11845,11870,NA,Partner,Agent_11,Won
D-302173,CL-2426,2024-11-04,SKU-201,POS Terminal,Hardware,21,596,12516,12548,EU,Partner,Agent_3,Closed
D-302174,CL-2002,2024-02-20,SKU-102,Analytics Suite,Software,19,1621,30799,30780,NA,Partner,Agent_1,Lost
D-302175,CL-6637,2024-10-31,SKU-201,POS Terminal,Hardware,24,1266,30384,30354,NA,Web,Agent_3,Won
D-302176,CL-4077,2024-07-29,SKU-201,POS Terminal,Hardware,19,978,18582,18590,EU,Partner,Agent_11,Lost
D-302177,CL-6271,2023-01-21,SKU-201,POS Terminal,Hardware,16,471,7536,7511,APAC,ColdCall,Agent_5,Won
D-302178,CL-5457,2023-02-18,SKU-102,Analytics Suite,Software,13,1393,18109,18148,APAC,Partner,Agent_11,Won
D-302179,CL-7280,2023-02-01,SKU-102,Analytics Suite,Software,1,1786,1786,1780,EU,Partner,Agent_8,Won
D-302180,CL-6280,2024-05-16,SKU-201,POS Terminal,Hardware,20,1555,31100,31128,APAC,Partner,Agent_5,Lost
D-302181,CL-6761,2024-06-23,SKU-201,POS Terminal,Hardware,2,109,218,219,APAC,ColdCall,Agent_3,Closed
D-302182,CL-3822,2023-03-28,SKU-102,Analytics Suite,Software,13,1321,17173,17185,APAC,ColdCall,Agent_1,Lost
D-302183,CL-6448,2024-05-25,SKU-201,POS Terminal,Hardware,5,1425,7125,7114,APAC,Web,Agent_6,Won
D-302184,CL-2136,2023-08-07,SKU-101,CRM Pro,Software,24,407,9768,9799,APAC,Web,Agent_6,Lost
D-302185,CL-4635,2024-10-10,SKU-201,POS Terminal,Hardware,13,848,11024,11047,EU,Partner,Agent_1,Closed
D-302186,CL-7957,2024-08-01,SKU-101,CRM Pro,Software,7,987,6909,6867,EU,Web,Agent_11,Lost
D-302187,CL-5445,2023-07-09,SKU-101,CRM Pro,Software,11,1621,17831,17819,EU,Partner,Agent_2,Won
D-302188,CL-5165,2023-04-10,SKU-101,CRM Pro,Software,5,1635,8175,8156,NA,Partner,Agent_2,Lost
D-302189,CL-5838,2024-08-29,SKU-102,Analytics Suite,Software,10,1461,14610,14630,NA,Partner,Agent_5,Lost
D-302190,CL-4123,2023-06-26,SKU-102,Analytics Suite,Software,14,385,5390,5348,EU,Web,Agent_9,Lost
D-302191,CL-7661,2023-07-09,SKU-201,POS Terminal,Hardware,25,1162,29050,29001,APAC,ColdCall,Agent_4,Lost
D-302192,CL-6289,2024-10-19,SKU-102,Analytics Suite,Software,8,935,7480,7502,EU,Web,Agent_5,Lost
D-302193,CL-4019,2024-04-16,SKU-201,POS Terminal,Hardware,10,1491,14910,14922,EU,Partner,Agent_10,Won
D-302194,CL-7782,2024-12-28,SKU-201,POS Terminal,Hardware,6,1732,10392,10358,EU,Partner,Agent_3,Lost
D-302195,CL-4367,2024-05-28,SKU-102,Analytics Suite,Software,9,113,1017,1063,NA,Web,Agent_9,Lost
D-302196,CL-7594,2024-10-12,SKU-101,CRM Pro,Software,4,670,2680,2654,APAC,Partner,Agent_11,Won
D-302197,CL-5854,2024-07-08,SKU-102,Analytics Suite,Software,21,1174,24654,24687,EU,Partner,Agent_5,Won
D-302198,CL-6771,2024-06-15,SKU-102,Analytics Suite,Software,9,1659,14931,14947,APAC,Partner,Agent_10,Won
D-302199,CL-2118,2024-03-25,SKU-201,POS Terminal,Hardware,17,892,15164,15157,NA,Web,Agent_7,Closed
D-302200,CL-6237,2024-03-12,SKU-101,CRM Pro,Software,10,1414,14140,14098,EU,ColdCall,Agent_6,Lost
D-302201,CL-4409,2023-08-14,SKU-101,CRM Pro,Software,6,1776,10656,10657,NA,Partner,Agent_4,Lost
D-302202,CL-7320,2024-10-05,SKU-201,POS Terminal,Hardware,12,789,9468,9476,APAC,Partner,Agent_7,Closed
D-302203,CL-7526,2023-10-07,SKU-101,CRM Pro,Software,20,1523,30460,30430,APAC,ColdCall,Agent_6,Lost
D-302204,CL-5989,2023-01-27,SKU-102,Analytics Suite,Software,13,848,11024,11028,APAC,Web,Agent_2,Lost
D-302205,CL-3892,2024-03-29,SKU-101,CRM Pro,Software,7,182,1274,1289,APAC,Partner,Agent_8,Lost
D-302206,CL-4716,2024-01-04,SKU-102,Analytics Suite,Software,11,225,2475,2524,NA,Partner,Agent_10,Won
D-302207,CL-5387,2024-07-24,SKU-101,CRM Pro,Software,5,1494,7470,7453,EU,ColdCall,Agent_8,Won
D-302208,CL-5266,2024-10-28,SKU-101,CRM Pro,Software,5,1750,8750,8761,EU,ColdCall,Agent_11,Won
D-302209,CL-3928,2023-02-03,SKU-101,CRM Pro,Software,7,1721,12047,12077,NA,Web,Agent_5,Closed
D-302210,CL-5794,2024-05-23,SKU-102,Analytics Suite,Software,16,242,3872,3866,NA,Web,Agent_11,Won
D-302211,CL-5425,2023-12-26,SKU-102,Analytics Suite,Software,18,1197,21546,21560,APAC,ColdCall,Agent_4,Won
D-302212,CL-7774,2023-06-07,SKU-101,CRM Pro,Software,23,1069,24587,24574,EU,Partner,Agent_7,Lost
D-302213,CL-4833,2023-03-09,SKU-102,Analytics Suite,Software,10,464,4640,4595,NA,Web,Agent_4,Lost
D-302214,CL-7237,2024-12-31,SKU-101,CRM Pro,Software,14,1157,16198,16244,EU,ColdCall,Agent_4,Closed
D-302215,CL-4245,2023-08-09,SKU-101,CRM Pro,Software,11,572,6292,6266,EU,ColdCall,Agent_3,Lost
D-302216,CL-7397,2023-02-22,SKU-101,CRM Pro,Software,12,905,10860,10887,EU,Web,Agent_8,Lost
D-302217,CL-2876,2024-03-09,SKU-101,CRM Pro,Software,3,443,1329,1335,APAC,Partner,Agent_9,Won
D-302218,CL-2682,2023-03-18,SKU-201,POS Terminal,Hardware,22,967,21274,21283,EU,Web,Agent_9,Lost
D-302219,CL-2003,2024-10-02,SKU-101,CRM Pro,Software,13,1484,19292,19257,EU,ColdCall,Agent_6,Lost
D-302220,CL-2729,2024-02-29,SKU-101,CRM Pro,Software,6,1180,7080,7121,APAC,Web,Agent_8,Lost
D-302221,CL-5765,2024-12-28,SKU-101,CRM Pro,Software,12,972,11664,11676,NA,Partner,Agent_5,Won
D-302222,CL-6871,2023-01-12,SKU-101,CRM Pro,Software,6,255,1530,1558,EU,ColdCall,Agent_5,Lost
D-302223,CL-5641,2024-08-06,SKU-201,POS Terminal,Hardware,1,672,672,655,EU,Web,Agent_10,Lost
D-302224,CL-2179,2024-05-18,SKU-101,CRM Pro,Software,17,438,7446,7440,NA,Partner,Agent_5,Lost
D-302225,CL-6748,2024-01-10,SKU-201,POS Terminal,Hardware,8,1180,9440,9425,EU,Partner,Agent_4,Won
D-302226,CL-3432,2024-04-14,SKU-102,Analytics Suite,Software,3,1683,5049,5054,APAC,Web,Agent_2,Closed
D-302227,CL-2965,2024-08-08,SKU-102,Analytics Suite,Software,3,1397,4191,4239,APAC,Partner,Agent_3,Closed
D-302228,CL-4963,2023-12-16,SKU-201,POS Terminal,Hardware,25,609,15225,15272,APAC,Partner,Agent_3,Won
D-302229,CL-5646,2023-06-11,SKU-102,Analytics Suite,Software,12,844,10128,10146,APAC,Partner,Agent_10,Lost
D-302230,CL-4994,2024-08-26,SKU-101,CRM Pro,Software,1,280,280,241,NA,Partner,Agent_3,Closed
D-302231,CL-4170,2023-03-15,SKU-101,CRM Pro,Software,2,1701,3402,3409,EU,ColdCall,Agent_11,Closed
D-302232,CL-3009,2023-05-02,SKU-102,Analytics Suite,Software,10,1383,13830,13862,NA,Web,Agent_5,Won
D-302233,CL-2343,2024-01-05,SKU-101,CRM Pro,Software,5,1730,8650,8667,EU,ColdCall,Agent_1,Closed
D-302234,CL-2062,2023-11-02,SKU-101,CRM Pro,Software,18,1734,31212,31233,NA,Web,Agent_11,Lost
D-302235,CL-4947,2024-06-29,SKU-101,CRM Pro,Software,18,150,2700,2679,APAC,Partner,Agent_3,Lost
D-302236,CL-7216,2024-05-28,SKU-201,POS Terminal,Hardware,5,1477,7385,7342,EU,Web,Agent_4,Closed
D-302237,CL-4365,2024-02-17,SKU-101,CRM Pro,Software,20,416,8320,8321,EU,ColdCall,Agent_8,Lost
D-302238,CL-4376,2023-09-23,SKU-101,CRM Pro,Software,12,455,5460,5441,NA,Partner,Agent_4,Won
D-302239,CL-5203,2024-09-03,SKU-102,Analytics Suite,Software,10,1410,14100,14092,NA,ColdCall,Agent_2,Won
D-302240,CL-5527,2024-09-03,SKU-201,POS Terminal,Hardware,8,903,7224,7225,EU,Web,Agent_11,Won
D-302241,CL-4399,2024-06-16,SKU-102,Analytics Suite,Software,2,654,1308,1270,NA,Partner,Agent_10,Closed
D-302242,CL-7002,2024-07-04,SKU-101,CRM Pro,Software,2,1358,2716,2693,EU,Partner,Agent_5,Closed
D-302243,CL-7749,2023-01-09,SKU-101,CRM Pro,Software,8,1386,11088,11116,NA,Web,Agent_4,Closed
D-302244,CL-5715,2024-08-17,SKU-102,Analytics Suite,Software,7,299,2093,2111,EU,Partner,Agent_9,Won
D-302245,CL-5993,2023-03-27,SKU-101,CRM Pro,Software,2,1473,2946,2952,APAC,ColdCall,Agent_4,Closed
D-302246,CL-4239,2024-03-20,SKU-102,Analytics Suite,Software,6,998,5988,6035,NA,ColdCall,Agent_10,Lost
D-302247,CL-2719,2024-12-24,SKU-101,CRM Pro,Software,4,709,2836,2852,APAC,Web,Agent_8,Won
D-302248,CL-6301,2023-03-22,SKU-102,Analytics Suite,Software,17,523,8891,8876,NA,ColdCall,Agent_2,Won
D-302249,CL-5516,2023-08-17,SKU-102,Analytics Suite,Software,5,894,4470,4452,EU,Web,Agent_5,Won
D-302250,CL-3962,2024-08-27,SKU-102,Analytics Suite,Software,25,1395,34875,34913,EU,ColdCall,Agent_11,Closed
D-302251,CL-4956,2023-10-30,SKU-102,Analytics Suite,Software,21,326,6846,6837,EU,Web,Agent_2,Lost
D-302252,CL-3355,2023-12-06,SKU-201,POS Terminal,Hardware,1,977,977,957,APAC,Web,Agent_11,Closed
D-302253,CL-3163,2023-04-12,SKU-102,Analytics Suite,Software,12,308,3696,3665,APAC,ColdCall,Agent_9,Closed
D-302254,CL-3723,2023-07-14,SKU-101,CRM Pro,Software,18,1097,19746,19696,EU,Web,Agent_11,Closed
D-302255,CL-4574,2023-05-29,SKU-201,POS Terminal,Hardware,5,619,3095,3144,EU,ColdCall,Agent_2,Lost
D-302256,CL-5180,2024-12-31,SKU-102,Analytics Suite,Software,10,817,8170,8142,APAC,Web,Agent_4,Lost
D-302257,CL-6719,2023-10-15,SKU-201,POS Terminal,Hardware,20,1226,24520,24514,APAC,Partner,Agent_1,Won
D-302258,CL-6708,2024-05-19,SKU-101,CRM Pro,Software,15,1132,16980,16982,EU,Web,Agent_2,Closed
D-302259,CL-4566,2023-08-26,SKU-102,Analytics Suite,Software,22,718,15796,15769,NA,ColdCall,Agent_7,Lost
D-302260,CL-3537,2024-01-30,SKU-101,CRM Pro,Software,9,180,1620,1650,NA,Web,Agent_7,Lost
D-302261,CL-2615,2024-03-12,SKU-101,CRM Pro,Software,17,1773,30141,30115,EU,ColdCall,Agent_2,Closed
D-302262,CL-6432,2023-09-29,SKU-101,CRM Pro,Software,12,976,11712,11738,NA,Web,Agent_9,Lost
D-302263,CL-4754,2024-06-21,SKU-201,POS Terminal,Hardware,20,1105,22100,22126,NA,ColdCall,Agent_9,Won
D-302264,CL-3836,2024-07-04,SKU-102,Analytics Suite,Software,1,162,162,176,APAC,Partner,Agent_6,Lost
D-302265,CL-7592,2024-05-23,SKU-102,Analytics Suite,Software,9,155,1395,1379,NA,Partner,Agent_4,Won
D-302266,CL-7395,2023-03-04,SKU-102,Analytics Suite,Software,19,510,9690,9705,NA,ColdCall,Agent_6,Closed
D-302267,CL-2376,2023-12-09,SKU-201,POS Terminal,Hardware,2,1266,2532,2556,NA,Web,Agent_3,Won
D-302268,CL-7546,2023-07-02,SKU-101,CRM Pro,Software,6,695,4170,4182,APAC,Web,Agent_7,Lost
D-302269,CL-5838,2024-09-16,SKU-102,Analytics Suite,Software,22,1216,26752,26702,NA,Partner,Agent_8,Lost
D-302270,CL-3897,2023-07-19,SKU-102,Analytics Suite,Software,22,196,4312,4324,EU,Partner,Agent_5,Won
D-302271,CL-7204,2024-11-14,SKU-101,CRM Pro,Software,17,158,2686,2701,NA,ColdCall,Agent_6,Lost
D-302272,CL-3699,2023-07-03,SKU-101,CRM Pro,Software,3,1094,3282,3280,NA,Web,Agent_11,Won
D-302273,CL-3575,2023-04-12,SKU-102,Analytics Suite,Software,23,257,5911,5945,APAC,ColdCall,Agent_4,Lost
D-302274,CL-3484,2023-07-28,SKU-102,Analytics Suite,Software,13,563,7319,7338,APAC,Partner,Agent_8,Won
D-302275,CL-4715,2024-11-01,SKU-101,CRM Pro,Software,6,741,4446,4408,EU,ColdCall,Agent_1,Won
D-302276,CL-5096,2023-02-20,SKU-101,CRM Pro,Software,21,375,7875,7924,NA,Web,Agent_5,Lost
D-302277,CL-7713,2023-08-25,SKU-201,POS Terminal,Hardware,6,1516,9096,9092,NA,Partner,Agent_8,Won
D-302278,CL-7835,2023-07-17,SKU-102,Analytics Suite,Software,24,893,21432,21453,APAC,ColdCall,Agent_2,Closed
D-302279,CL-6005,2023-10-17,SKU-102,Analytics Suite,Software,25,651,16275,16299,NA,Web,Agent_5,Closed
D-302280,CL-2351,2023-10-11,SKU-101,CRM Pro,Software,6,753,4518,4528,NA,Web,Agent_8,Won
D-302281,CL-7892,2023-05-03,SKU-201,POS Terminal,Hardware,21,220,4620,4646,EU,Web,Agent_6,Lost
D-302282,CL-6568,2024-07-04,SKU-102,Analytics Suite,Software,20,856,17120,17131,APAC,Web,Agent_2,Closed
D-302283,CL-4633,2024-02-12,SKU-102,Analytics Suite,Software,11,1416,15576,15568,APAC,Partner,Agent_1,Closed
D-302284,CL-4005,2024-11-13,SKU-201,POS Terminal,Hardware,12,1080,12960,12958,NA,Partner,Agent_8,Lost
D-302285,CL-2973,2024-02-03,SKU-101,CRM Pro,Software,14,1633,22862,22817,NA,Partner,Agent_8,Won
D-302286,CL-7159,2024-02-27,SKU-201,POS Terminal,Hardware,21,424,8904,8863,NA,Partner,Agent_4,Lost
D-302287,CL-4091,2024-06-08,SKU-201,POS Terminal,Hardware,7,1113,7791,7778,NA,Partner,Agent_5,Closed
D-302288,CL-4988,2023-12-21,SKU-101,CRM Pro,Software,6,336,2016,1991,APAC,Partner,Agent_8,Won
D-302289,CL-7687,2023-10-26,SKU-102,Analytics Suite,Software,13,1206,15678,15660,APAC,Web,Agent_1,Closed
D-302290,CL-3715,2023-05-24,SKU-102,Analytics Suite,Software,22,644,14168,14196,APAC,Web,Agent_2,Won
D-302291,CL-5507,2023-07-26,SKU-101,CRM Pro,Software,11,640,7040,7012,EU,ColdCall,Agent_5,Lost
D-302292,CL-2513,2023-05-03,SKU-201,POS Terminal,Hardware,21,259,5439,5411,APAC,Partner,Agent_11,Closed
D-302293,CL-3767,2023-03-21,SKU-102,Analytics Suite,Software,3,1219,3657,3629,EU,Partner,Agent_8,Won
D-302294,CL-4777,2024-09-09,SKU-201,POS Terminal,Hardware,22,870,19140,19093,NA,Web,Agent_1,Won
D-302295,CL-5664,2024-11-10,SKU-201,POS Terminal,Hardware,25,843,21075,21125,APAC,Web,Agent_8,Lost
D-302296,CL-3310,2024-05-04,SKU-101,CRM Pro,Software,21,506,10626,10590,APAC,ColdCall,Agent_2,Lost
D-302297,CL-5852,2023-09-22,SKU-102,Analytics Suite,Software,4,257,1028,1053,APAC,Partner,Agent_4,Closed
D-302298,CL-5268,2024-05-27,SKU-102,Analytics Suite,Software,6,941,5646,5672,EU,Partner,Agent_8,Closed
D-302299,CL-7474,2024-12-09,SKU-101,CRM Pro,Software,19,573,10887,10919,NA,Partner,Agent_6,Lost
D-302300,CL-4288,2024-02-28,SKU-102,Analytics Suite,Software,7,386,2702,2707,NA,Web,Agent_7,Won
D-302301,CL-4036,2023-01-30,SKU-102,Analytics Suite,Software,23,540,12420,12382,NA,Web,Agent_4,Won
D-302302,CL-6185,2024-10-09,SKU-201,POS Terminal,Hardware,19,1699,32281,32233,APAC,Partner,Agent_9,Won
D-302303,CL-2777,2024-03-03,SKU-102,Analytics Suite,Software,13,932,12116,12143,APAC,ColdCall,Agent_3,Closed
D-302304,CL-2697,2024-08-18,SKU-102,Analytics Suite,Software,5,1715,8575,8607,NA,Partner,Agent_6,Closed
D-302305,CL-2644,2024-02-08,SKU-101,CRM Pro,Software,22,318,6996,7019,NA,Partner,Agent_3,Closed
D-302306,CL-4429,2024-09-22,SKU-201,POS Terminal,Hardware,22,217,4774,4768,APAC,Partner,Agent_4,Closed
D-302307,CL-2084,2024-11-02,SKU-102,Analytics Suite,Software,7,1374,9618,9644,EU,Web,Agent_7,Won
D-302308,CL-2951,2023-12-06,SKU-102,Analytics Suite,Software,23,130,2990,3037,EU,Web,Agent_3,Closed
D-302309,CL-4139,2024-08-19,SKU-101,CRM Pro,Software,5,869,4345,4392,NA,Partner,Agent_9,Lost
D-302310,CL-3643,2024-02-09,SKU-101,CRM Pro,Software,16,979,15664,15646,APAC,Partner,Agent_7,Closed
D-302311,CL-5421,2024-01-29,SKU-201,POS Terminal,Hardware,21,205,4305,4260,NA,ColdCall,Agent_2,Won
D-302312,CL-3369,2023-11-30,SKU-102,Analytics Suite,Software,22,1179,25938,25969,NA,Web,Agent_11,Closed
D-302313,CL-2701,2024-05-14,SKU-102,Analytics Suite,Software,2,559,1118,1160,EU,Web,Agent_3,Won
D-302314,CL-6828,2023-05-27,SKU-201,POS Terminal,Hardware,2,1357,2714,2670,NA,Partner,Agent_2,Won
D-302315,CL-3357,2024-04-07,SKU-102,Analytics Suite,Software,6,1551,9306,9302,APAC,Web,Agent_5,Closed
D-302316,CL-3204,2024-09-30,SKU-201,POS Terminal,Hardware,24,1258,30192,30240,APAC,ColdCall,Agent_10,Won
D-302317,CL-6584,2024-03-11,SKU-201,POS Terminal,Hardware,20,993,19860,19863,NA,ColdCall,Agent_5,Lost
D-302318,CL-4036,2023-11-20,SKU-101,CRM Pro,Software,16,1262,20192,20154,NA,Web,Agent_7,Lost
D-302319,CL-3754,2024-03-20,SKU-201,POS Terminal,Hardware,7,887,6209,6246,EU,Web,Agent_10,Closed
D-302320,CL-6162,2023-05-09,SKU-102,Analytics Suite,Software,1,1362,1362,1337,EU,Web,Agent_9,Closed
D-302321,CL-5823,2023-02-12,SKU-201,POS Terminal,Hardware,18,403,7254,7235,EU,ColdCall,Agent_10,Won
D-302322,CL-6822,2024-12-29,SKU-102,Analytics Suite,Software,1,1118,1118,1141,EU,Partner,Agent_2,Closed
D-302323,CL-3915,2023-11-22,SKU-102,Analytics Suite,Software,8,328,2624,2619,APAC,Partner,Agent_9,Won
D-302324,CL-3114,2024-03-01,SKU-201,POS Terminal,Hardware,17,290,4930,4945,APAC,Partner,Agent_10,Closed
D-302325,CL-5544,2024-02-11,SKU-102,Analytics Suite,Software,16,1572,25152,25126,NA,Partner,Agent_7,Won
D-302326,CL-2894,2023-04-20,SKU-101,CRM Pro,Software,2,1396,2792,2799,NA,Web,Agent_6,Closed
D-302327,CL-6779,2024-11-08,SKU-101,CRM Pro,Software,8,241,1928,1899,EU,Partner,Agent_5,Lost
D-302328,CL-3286,2024-03-22,SKU-201,POS Terminal,Hardware,5,724,3620,3574,EU,Partner,Agent_2,Lost
D-302329,CL-5632,2024-09-13,SKU-102,Analytics Suite,Software,5,1128,5640,5592,APAC,Partner,Agent_8,Closed
D-302330,CL-4281,2023-10-22,SKU-101,CRM Pro,Software,18,1464,26352,26312,EU,ColdCall,Agent_5,Lost
D-302331,CL-6303,2024-05-31,SKU-201,POS Terminal,Hardware,2,942,1884,1846,NA,Web,Agent_3,Closed
D-302332,CL-3542,2024-04-01,SKU-101,CRM Pro,Software,12,1470,17640,17664,NA,Web,Agent_9,Lost
D-302333,CL-2180,2024-03-13,SKU-201,POS Terminal,Hardware,7,1185,8295,8313,APAC,Partner,Agent_10,Lost
D-302334,CL-3342,2024-12-06,SKU-101,CRM Pro,Software,17,262,4454,4446,NA,Partner,Agent_9,Closed
D-302335,CL-6898,2024-07-30,SKU-201,POS Terminal,Hardware,1,849,849,876,EU,Web,Agent_10,Lost
D-302336,CL-5037,2024-04-02,SKU-201,POS Terminal,Hardware,4,899,3596,3556,APAC,Partner,Agent_10,Lost
D-302337,CL-6297,2023-08-28,SKU-102,Analytics Suite,Software,24,783,18792,18773,APAC,Partner,Agent_3,Closed
D-302338,CL-6682,2024-08-31,SKU-201,POS Terminal,Hardware,11,1176,12936,12980,NA,Web,Agent_3,Lost
D-302339,CL-4985,2024-11-16,SKU-102,Analytics Suite,Software,20,1760,35200,35209,APAC,Partner,Agent_4,Closed
D-302340,CL-5808,2023-10-04,SKU-102,Analytics Suite,Software,10,1540,15400,15435,EU,ColdCall,Agent_1,Won
D-302341,CL-3680,2024-09-24,SKU-201,POS Terminal,Hardware,1,531,531,570,NA,Web,Agent_2,Closed
D-302342,CL-3044,2024-07-15,SKU-201,POS Terminal,Hardware,8,275,2200,2238,NA,ColdCall,Agent_7,Lost
D-302343,CL-5078,2023-02-07,SKU-102,Analytics Suite,Software,12,1665,19980,19996,EU,ColdCall,Agent_8,Won
D-302344,CL-3472,2023-05-12,SKU-102,Analytics Suite,Software,3,1782,5346,5373,NA,Partner,Agent_3,Closed
D-302345,CL-2047,2023-10-06,SKU-101,CRM Pro,Software,8,742,5936,5954,NA,ColdCall,Agent_9,Lost
D-302346,CL-5362,2023-02-12,SKU-101,CRM Pro,Software,6,762,4572,4621,APAC,ColdCall,Agent_1,Lost
D-302347,CL-5390,2023-10-17,SKU-201,POS Terminal,Hardware,12,889,10668,10681,NA,Partner,Agent_6,Closed
D-302348,CL-7140,2023-12-27,SKU-201,POS Terminal,Hardware,12,547,6564,6609,EU,ColdCall,Agent_2,Won
D-302349,CL-3179,2024-05-03,SKU-201,POS Terminal,Hardware,12,280,3360,3393,EU,Partner,Agent_3,Closed
D-302350,CL-7435,2024-01-07,SKU-101,CRM Pro,Software,1,1315,1315,1364,NA,ColdCall,Agent_9,Lost
D-302351,CL-4706,2024-01-02,SKU-101,CRM Pro,Software,2,1406,2812,2857,APAC,Partner,Agent_8,Lost
D-302352,CL-2462,2023-07-01,SKU-201,POS Terminal,Hardware,22,351,7722,7768,EU,Web,Agent_5,Won
D-302353,CL-7903,2024-12-18,SKU-102,Analytics Suite,Software,14,801,11214,11178,NA,ColdCall,Agent_5,Lost
D-302354,CL-2971,2023-10-02,SKU-201,POS Terminal,Hardware,14,629,8806,8778,EU,Partner,Agent_9,Lost
D-302355,CL-3330,2024-01-25,SKU-102,Analytics Suite,Software,10,518,5180,5190,NA,ColdCall,Agent_5,Won
D-302356,CL-5352,2024-07-10,SKU-101,CRM Pro,Software,3,270,810,798,EU,ColdCall,Agent_9,Closed
D-302357,CL-3812,2023-05-03,SKU-101,CRM Pro,Software,5,896,4480,4484,NA,Partner,Agent_7,Won
D-302358,CL-6826,2024-01-13,SKU-201,POS Terminal,Hardware,2,514,1028,1008,EU,Partner,Agent_7,Won
D-302359,CL-5506,2024-12-08,SKU-101,CRM Pro,Software,20,393,7860,7865,NA,Partner,Agent_10,Lost
D-302360,CL-4041,2024-07-02,SKU-102,Analytics Suite,Software,5,1316,6580,6563,EU,Partner,Agent_2,Closed
D-302361,CL-7114,2024-10-25,SKU-102,Analytics Suite,Software,7,1694,11858,11828,NA,Web,Agent_1,Won
D-302362,CL-3372,2024-03-17,SKU-101,CRM Pro,Software,23,343,7889,7931,NA,ColdCall,Agent_2,Won
D-302363,CL-7683,2023-12-30,SKU-201,POS Terminal,Hardware,12,536,6432,6439,NA,Web,Agent_3,Won
D-302364,CL-2359,2023-08-14,SKU-102,Analytics Suite,Software,16,230,3680,3674,APAC,Web,Agent_7,Closed
D-302365,CL-7640,2023-09-13,SKU-101,CRM Pro,Software,12,650,7800,7754,NA,ColdCall,Agent_8,Won
D-302366,CL-4824,2023-07-13,SKU-102,Analytics Suite,Software,14,1290,18060,18097,APAC,Web,Agent_5,Won
D-302367,CL-5071,2023-06-06,SKU-101,CRM Pro,Software,25,336,8400,8381,EU,Web,Agent_10,Lost
D-302368,CL-5022,2023-01-06,SKU-101,CRM Pro,Software,11,439,4829,4808,APAC,Web,Agent_3,Won
D-302369,CL-5540,2024-09-08,SKU-102,Analytics Suite,Software,20,1034,20680,20729,APAC,Partner,Agent_1,Won
D-302370,CL-3781,2024-04-24,SKU-101,CRM Pro,Software,11,674,7414,7444,EU,ColdCall,Agent_5,Won
D-302371,CL-7712,2023-03-20,SKU-101,CRM Pro,Software,9,913,8217,8261,APAC,ColdCall,Agent_2,Won
D-302372,CL-7503,2024-03-05,SKU-201,POS Terminal,Hardware,21,520,10920,10960,APAC,Web,Agent_4,Won
D-302373,CL-2633,2023-08-16,SKU-102,Analytics Suite,Software,6,1038,6228,6259,EU,ColdCall,Agent_3,Won
D-302374,CL-6346,2024-07-18,SKU-101,CRM Pro,Software,12,816,9792,9743,EU,ColdCall,Agent_2,Won
D-302375,CL-5436,2023-05-15,SKU-101,CRM Pro,Software,3,1430,4290,4285,NA,Partner,Agent_2,Closed
D-302376,CL-6071,2023-10-14,SKU-102,Analytics Suite,Software,2,1778,3556,3540,NA,Partner,Agent_5,Won
D-302377,CL-7144,2023-08-14,SKU-102,Analytics Suite,Software,18,1645,29610,29582,EU,Web,Agent_1,Lost
D-302378,CL-2699,2024-11-26,SKU-101,CRM Pro,Software,1,1371,1371,1324,APAC,Web,Agent_10,Won
D-302379,CL-4002,2024-03-31,SKU-101,CRM Pro,Software,10,1004,10040,10008,NA,Partner,Agent_10,Won
D-302380,CL-7402,2023-11-03,SKU-102,Analytics Suite,Software,10,1398,13980,13955,APAC,Partner,Agent_3,Lost
D-302381,CL-7192,2024-09-05,SKU-102,Analytics Suite,Software,15,622,9330,9380,NA,ColdCall,Agent_10,Won
D-302382,CL-6653,2024-07-07,SKU-101,CRM Pro,Software,9,140,1260,1243,NA,Web,Agent_8,Lost
D-302383,CL-5695,2023-03-24,SKU-201,POS Terminal,Hardware,16,1437,22992,22960,APAC,Partner,Agent_8,Lost
D-302384,CL-4925,2024-06-15,SKU-102,Analytics Suite,Software,18,334,6012,6029,NA,Partner,Agent_7,Lost
D-302385,CL-5732,2024-07-29,SKU-101,CRM Pro,Software,10,403,4030,4019,APAC,Partner,Agent_1,Won
D-302386,CL-2047,2023-07-18,SKU-101,CRM Pro,Software,13,359,4667,4627,APAC,Partner,Agent_8,Lost
D-302387,CL-7575,2024-01-24,SKU-201,POS Terminal,Hardware,4,1215,4860,4859,APAC,Partner,Agent_3,Closed
D-302388,CL-4540,2023-02-01,SKU-101,CRM Pro,Software,10,266,2660,2632,NA,ColdCall,Agent_6,Lost
D-302389,CL-2293,2023-08-15,SKU-102,Analytics Suite,Software,15,234,3510,3484,NA,Partner,Agent_4,Closed
D-302390,CL-3018,2023-07-18,SKU-101,CRM Pro,Software,10,1799,17990,17988,EU,ColdCall,Agent_6,Won
D-302391,CL-7224,2023-03-25,SKU-102,Analytics Suite,Software,16,567,9072,9106,EU,ColdCall,Agent_10,Lost
D-302392,CL-5971,2023-04-04,SKU-201,POS Terminal,Hardware,6,913,5478,5450,EU,Partner,Agent_1,Lost
D-302393,CL-4458,2023-05-31,SKU-101,CRM Pro,Software,10,1131,11310,11265,APAC,Web,Agent_1,Lost
D-302394,CL-5901,2023-05-29,SKU-101,CRM Pro,Software,9,1409,12681,12649,NA,ColdCall,Agent_11,Lost
D-302395,CL-2870,2024-03-06,SKU-102,Analytics Suite,Software,19,216,4104,4077,APAC,ColdCall,Agent_5,Closed
D-302396,CL-4036,2023-10-16,SKU-101,CRM Pro,Software,13,1389,18057,18062,NA,Web,Agent_8,Won
D-302397,CL-4489,2024-02-09,SKU-102,Analytics Suite,Software,25,1286,32150,32197,NA,ColdCall,Agent_11,Closed
D-302398,CL-7530,2024-02-25,SKU-101,CRM Pro,Software,21,1051,22071,22108,EU,Partner,Agent_8,Closed
D-302399,CL-6008,2024-12-28,SKU-101,CRM Pro,Software,14,653,9142,9167,APAC,ColdCall,Agent_1,Won
D-302400,CL-3478,2024-01-26,SKU-102,Analytics Suite,Software,24,347,8328,8285,EU,Partner,Agent_2,Won
D-302401,CL-2963,2024-02-24,SKU-201,POS Terminal,Hardware,16,904,14464,14485,APAC,Web,Agent_6,Closed
D-302402,CL-2904,2023-01-30,SKU-201,POS Terminal,Hardware,20,1393,27860,27899,NA,ColdCall,Agent_6,Won
D-302403,CL-7419,2023-07-10,SKU-102,Analytics Suite,Software,22,1688,37136,37169,NA,Partner,Agent_1,Won
D-302404,CL-5466,2023-04-02,SKU-101,CRM Pro,Software,19,1143,21717,21701,EU,Web,Agent_1,Lost
D-302405,CL-4605,2023-06-16,SKU-101,CRM Pro,Software,5,172,860,863,EU,Web,Agent_2,Closed
D-302406,CL-5197,2023-02-25,SKU-101,CRM Pro,Software,5,949,4745,4785,EU,Web,Agent_2,Lost
D-302407,CL-4662,2024-07-31,SKU-102,Analytics Suite,Software,19,887,16853,16813,EU,ColdCall,Agent_6,Won
D-302408,CL-4188,2024-03-19,SKU-102,Analytics Suite,Software,7,444,3108,3103,EU,ColdCall,Agent_1,Lost
D-302409,CL-7596,2023-12-29,SKU-101,CRM Pro,Software,22,371,8162,8141,NA,Web,Agent_4,Won
D-302410,CL-5760,2023-07-05,SKU-201,POS Terminal,Hardware,11,1579,17369,17414,EU,ColdCall,Agent_10,Closed
D-302411,CL-2014,2023-10-29,SKU-101,CRM Pro,Software,23,1254,28842,28840,NA,Partner,Agent_1,Closed
D-302412,CL-3993,2023-02-12,SKU-101,CRM Pro,Software,15,178,2670,2630,EU,Web,Agent_10,Lost
D-302413,CL-4819,2024-02-22,SKU-101,CRM Pro,Software,3,607,1821,1864,APAC,ColdCall,Agent_9,Won
D-302414,CL-3039,2024-07-11,SKU-201,POS Terminal,Hardware,24,1639,39336,39302,APAC,Partner,Agent_9,Closed
D-302415,CL-6983,2023-02-04,SKU-101,CRM Pro,Software,6,560,3360,3377,APAC,Partner,Agent_10,Closed
D-302416,CL-5940,2024-12-07,SKU-201,POS Terminal,Hardware,18,1592,28656,28644,APAC,Partner,Agent_1,Closed
D-302417,CL-5331,2024-08-08,SKU-102,Analytics Suite,Software,21,132,2772,2739,APAC,Partner,Agent_4,Closed
D-302418,CL-6595,2023-01-26,SKU-201,POS Terminal,Hardware,25,1720,43000,43023,NA,Web,Agent_6,Closed
D-302419,CL-7160,2023-01-04,SKU-102,Analytics Suite,Software,25,259,6475,6456,APAC,ColdCall,Agent_10,Won
D-302420,CL-7556,2024-05-01,SKU-201,POS Terminal,Hardware,21,1775,37275,37318,EU,ColdCall,Agent_11,Closed
D-302421,CL-3034,2024-07-23,SKU-201,POS Terminal,Hardware,13,1609,20917,20935,APAC,Partner,Agent_6,Lost
D-302422,CL-4953,2023-08-14,SKU-101,CRM Pro,Software,13,1352,17576,17605,EU,Partner,Agent_3,Won
D-302423,CL-6058,2023-07-10,SKU-102,Analytics Suite,Software,8,1414,11312,11270,APAC,Web,Agent_5,Closed
D-302424,CL-3813,2024-09-08,SKU-101,CRM Pro,Software,16,1671,26736,26734,APAC,Partner,Agent_1,Won
D-302425,CL-4583,2023-05-09,SKU-201,POS Terminal,Hardware,4,247,988,969,NA,Web,Agent_6,Closed
D-302426,CL-4273,2023-01-28,SKU-201,POS Terminal,Hardware,21,1018,21378,21406,NA,ColdCall,Agent_1,Lost
D-302427,CL-5061,2023-05-09,SKU-201,POS Terminal,Hardware,10,703,7030,7016,APAC,Web,Agent_6,Lost
D-302428,CL-6564,2023-09-23,SKU-101,CRM Pro,Software,25,488,12200,12185,NA,Partner,Agent_9,Won
D-302429,CL-3850,2024-11-22,SKU-201,POS Terminal,Hardware,7,625,4375,4396,EU,Web,Agent_8,Lost
D-302430,CL-4701,2023-06-06,SKU-201,POS Terminal,Hardware,11,525,5775,5755,NA,ColdCall,Agent_2,Lost
D-302431,CL-2934,2023-06-21,SKU-201,POS Terminal,Hardware,5,717,3585,3611,NA,ColdCall,Agent_9,Closed
D-302432,CL-7826,2024-06-29,SKU-102,Analytics Suite,Software,13,1741,22633,22652,NA,Partner,Agent_2,Closed
D-302433,CL-5439,2023-10-18,SKU-201,POS Terminal,Hardware,16,1006,16096,16124,NA,ColdCall,Agent_7,Won
D-302434,CL-7132,2024-02-08,SKU-101,CRM Pro,Software,19,1329,25251,25294,APAC,Partner,Agent_1,Closed
D-302435,CL-7961,2024-05-24,SKU-102,Analytics Suite,Software,11,1148,12628,12580,EU,Partner,Agent_3,Closed
D-302436,CL-7549,2024-09-21,SKU-201,POS Terminal,Hardware,23,254,5842,5825,NA,Partner,Agent_9,Closed
D-302437,CL-3353,2023-05-29,SKU-201,POS Terminal,Hardware,6,1381,8286,8315,APAC,Partner,Agent_5,Lost
D-302438,CL-5770,2024-01-20,SKU-101,CRM Pro,Software,25,1108,27700,27697,APAC,ColdCall,Agent_5,Won
D-302439,CL-6670,2024-02-25,SKU-201,POS Terminal,Hardware,19,1510,28690,28710,APAC,Web,Agent_4,Lost
D-302440,CL-4738,2023-11-15,SKU-201,POS Terminal,Hardware,4,299,1196,1179,EU,Partner,Agent_2,Lost
D-302441,CL-4135,2024-01-15,SKU-102,Analytics Suite,Software,16,962,15392,15387,APAC,Web,Agent_1,Lost
D-302442,CL-6839,2024-03-24,SKU-101,CRM Pro,Software,2,1073,2146,2171,APAC,Partner,Agent_7,Won
D-302443,CL-2244,2023-02-03,SKU-102,Analytics Suite,Software,22,1654,36388,36358,EU,Web,Agent_9,Closed
D-302444,CL-6676,2023-08-01,SKU-102,Analytics Suite,Software,21,1139,23919,23967,EU,Web,Agent_1,Lost
D-302445,CL-2193,2024-01-21,SKU-101,CRM Pro,Software,19,1605,30495,30540,EU,Partner,Agent_10,Lost
D-302446,CL-2276,2023-09-10,SKU-102,Analytics Suite,Software,25,224,5600,5558,APAC,ColdCall,Agent_6,Lost
D-302447,CL-2684,2024-01-22,SKU-102,Analytics Suite,Software,14,1319,18466,18510,APAC,ColdCall,Agent_9,Won
D-302448,CL-4955,2024-05-04,SKU-102,Analytics Suite,Software,1,1575,1575,1557,APAC,Partner,Agent_6,Won
D-302449,CL-6554,2024-04-23,SKU-102,Analytics Suite,Software,1,1284,1284,1289,NA,Partner,Agent_7,Closed
D-302450,CL-5648,2024-12-31,SKU-101,CRM Pro,Software,6,1357,8142,8127,EU,ColdCall,Agent_6,Closed
D-302451,CL-4258,2023-02-07,SKU-102,Analytics Suite,Software,23,1648,37904,37885,APAC,Web,Agent_1,Closed
D-302452,CL-5554,2023-07-19,SKU-101,CRM Pro,Software,10,186,1860,1906,NA,Web,Agent_4,Won
D-302453,CL-6787,2024-12-01,SKU-201,POS Terminal,Hardware,21,255,5355,5405,APAC,Web,Agent_10,Closed
D-302454,CL-4904,2024-01-11,SKU-102,Analytics Suite,Software,8,1199,9592,9612,EU,Partner,Agent_6,Closed
D-302455,CL-5252,2024-01-10,SKU-201,POS Terminal,Hardware,23,590,13570,13550,APAC,Web,Agent_7,Closed
D-302456,CL-3305,2023-03-08,SKU-102,Analytics Suite,Software,21,1412,29652,29609,NA,ColdCall,Agent_3,Won
D-302457,CL-7506,2024-10-28,SKU-101,CRM Pro,Software,12,1406,16872,16855,APAC,ColdCall,Agent_9,Closed
D-302458,CL-6441,2024-11-01,SKU-102,Analytics Suite,Software,4,109,436,434,NA,Web,Agent_7,Won
D-302459,CL-3364,2023-06-14,SKU-102,Analytics Suite,Software,13,464,6032,6076,EU,Partner,Agent_6,Closed
D-302460,CL-4784,2024-08-01,SKU-102,Analytics Suite,Software,12,1116,13392,13409,NA,Web,Agent_3,Lost
D-302461,CL-7623,2023-11-07,SKU-101,CRM Pro,Software,12,931,11172,11140,EU,ColdCall,Agent_8,Closed
D-302462,CL-4480,2023-05-19,SKU-101,CRM Pro,Software,15,1286,19290,19266,APAC,Partner,Agent_4,Closed
D-302463,CL-4786,2023-03-02,SKU-201,POS Terminal,Hardware,11,645,7095,7077,NA,Partner,Agent_6,Won
D-302464,CL-6417,2023-01-25,SKU-201,POS Terminal,Hardware,17,1394,23698,23687,EU,ColdCall,Agent_3,Lost
D-302465,CL-3347,2024-05-02,SKU-101,CRM Pro,Software,2,105,210,178,EU,Web,Agent_6,Closed
D-302466,CL-4590,2023-03-23,SKU-101,CRM Pro,Software,22,381,8382,8406,EU,Web,Agent_11,Lost
D-302467,CL-2620,2024-01-10,SKU-101,CRM Pro,Software,15,1514,22710,22735,NA,Partner,Agent_7,Closed
D-302468,CL-2466,2024-03-18,SKU-102,Analytics Suite,Software,21,1035,21735,21766,APAC,Web,Agent_10,Closed
D-302469,CL-6043,2024-01-08,SKU-201,POS Terminal,Hardware,11,1695,18645,18599,NA,ColdCall,Agent_6,Won
D-302470,CL-2548,2024-01-09,SKU-201,POS Terminal,Hardware,25,1059,26475,26425,APAC,ColdCall,Agent_9,Closed
D-302471,CL-4416,2023-09-11,SKU-102,Analytics Suite,Software,4,407,1628,1604,APAC,Web,Agent_11,Closed
D-302472,CL-6851,2023-05-11,SKU-201,POS Terminal,Hardware,11,888,9768,9720,NA,Partner,Agent_2,Lost
D-302473,CL-4303,2024-09-03,SKU-201,POS Terminal,Hardware,8,305,2440,2425,EU,Web,Agent_2,Won
D-302474,CL-5864,2024-05-11,SKU-101,CRM Pro,Software,20,1048,20960,20955,APAC,Partner,Agent_9,Lost
D-302475,CL-2225,2024-02-27,SKU-201,POS Terminal,Hardware,11,1524,16764,16795,NA,Web,Agent_3,Lost
D-302476,CL-2999,2024-02-07,SKU-102,Analytics Suite,Software,16,966,15456,15493,EU,ColdCall,Agent_11,Lost
D-302477,CL-6276,2024-02-29,SKU-102,Analytics Suite,Software,2,950,1900,1906,APAC,Partner,Agent_2,Closed
D-302478,CL-6866,2023-03-09,SKU-102,Analytics Suite,Software,18,971,17478,17490,APAC,ColdCall,Agent_3,Closed
D-302479,CL-6581,2024-07-03,SKU-201,POS Terminal,Hardware,17,1355,23035,23075,NA,Partner,Agent_5,Won
D-302480,CL-4070,2024-02-14,SKU-201,POS Terminal,Hardware,12,210,2520,2544,EU,Partner,Agent_1,Lost
D-302481,CL-7295,2023-04-14,SKU-201,POS Terminal,Hardware,24,1415,33960,33997,EU,Web,Agent_9,Closed
D-302482,CL-5632,2023-10-10,SKU-101,CRM Pro,Software,23,1092,25116,25132,APAC,Web,Agent_8,Won
D-302483,CL-5227,2023-05-26,SKU-101,CRM Pro,Software,7,454,3178,3141,APAC,Partner,Agent_8,Won
D-302484,CL-7207,2024-06-09,SKU-201,POS Terminal,Hardware,1,1770,1770,1803,EU,Partner,Agent_2,Lost
D-302485,CL-4908,2023-08-18,SKU-102,Analytics Suite,Software,7,520,3640,3655,EU,Web,Agent_4,Won
D-302486,CL-5146,2024-11-09,SKU-101,CRM Pro,Software,23,163,3749,3787,NA,Partner,Agent_11,Closed
D-302487,CL-6760,2023-04-20,SKU-201,POS Terminal,Hardware,14,1385,19390,19414,EU,ColdCall,Agent_7,Closed
D-302488,CL-4694,2023-02-09,SKU-101,CRM Pro,Software,14,412,5768,5767,NA,Web,Agent_3,Closed
D-302489,CL-3145,2024-07-17,SKU-201,POS Terminal,Hardware,19,158,3002,3037,APAC,Partner,Agent_10,Lost
D-302490,CL-7451,2024-07-24,SKU-201,POS Terminal,Hardware,12,673,8076,8072,EU,ColdCall,Agent_6,Won
D-302491,CL-3736,2023-04-28,SKU-101,CRM Pro,Software,5,749,3745,3736,NA,Partner,Agent_4,Lost
D-302492,CL-5708,2024-01-09,SKU-102,Analytics Suite,Software,7,920,6440,6490,NA,Web,Agent_3,Won
D-302493,CL-6907,2023-09-04,SKU-102,Analytics Suite,Software,6,1513,9078,9115,EU,ColdCall,Agent_7,Won
D-302494,CL-7351,2023-04-07,SKU-201,POS Terminal,Hardware,23,625,14375,14330,NA,Web,Agent_6,Lost
D-302495,CL-4291,2024-12-10,SKU-102,Analytics Suite,Software,11,468,5148,5124,NA,Partner,Agent_5,Closed
D-302496,CL-6953,2024-12-08,SKU-101,CRM Pro,Software,22,1748,38456,38487,EU,Web,Agent_9,Won
D-302497,CL-2041,2023-03-17,SKU-101,CRM Pro,Software,2,1481,2962,2977,APAC,ColdCall,Agent_7,Closed
D-302498,CL-6117,2023-08-03,SKU-102,Analytics Suite,Software,9,574,5166,5194,NA,ColdCall,Agent_9,Won
D-302499,CL-6144,2024-05-31,SKU-201,POS Terminal,Hardware,7,488,3416,3426,NA,Partner,Agent_8,Lost
D-302500,CL-6299,2024-11-06,SKU-101,CRM Pro,Software,8,193,1544,1515,APAC,ColdCall,Agent_11,Closed
D-302501,CL-7094,2023-05-24,SKU-102,Analytics Suite,Software,14,1087,15218,15220,APAC,Partner,Agent_6,Closed
D-302502,CL-2403,2023-11-08,SKU-101,CRM Pro,Software,11,1716,18876,18872,NA,Web,Agent_5,Closed
D-302503,CL-5759,2023-12-16,SKU-102,Analytics Suite,Software,24,1690,40560,40554,NA,Partner,Agent_7,Closed
D-302504,CL-6041,2024-09-16,SKU-201,POS Terminal,Hardware,18,507,9126,9120,NA,Web,Agent_3,Won
D-302505,CL-4597,2023-02-15,SKU-101,CRM Pro,Software,4,1421,5684,5689,EU,Web,Agent_1,Lost
D-302506,CL-4493,2023-05-08,SKU-101,CRM Pro,Software,4,1198,4792,4814,EU,Partner,Agent_2,Lost
D-302507,CL-3016,2024-09-09,SKU-102,Analytics Suite,Software,10,512,5120,5094,EU,Partner,Agent_3,Lost
D-302508,CL-4356,2024-10-11,SKU-101,CRM Pro,Software,24,759,18216,18249,NA,ColdCall,Agent_6,Won
D-302509,CL-3683,2024-11-18,SKU-102,Analytics Suite,Software,7,437,3059,3069,APAC,Web,Agent_10,Closed
D-302510,CL-4209,2023-03-09,SKU-102,Analytics Suite,Software,20,1116,22320,22331,NA,Partner,Agent_10,Closed
D-302511,CL-6954,2024-05-27,SKU-101,CRM Pro,Software,18,1237,22266,22256,EU,Partner,Agent_9,Closed
D-302512,CL-4888,2023-01-12,SKU-102,Analytics Suite,Software,18,518,9324,9367,APAC,Partner,Agent_8,Won
D-302513,CL-2003,2023-07-26,SKU-201,POS Terminal,Hardware,17,1225,20825,20818,APAC,Partner,Agent_7,Won
D-302514,CL-2873,2024-07-24,SKU-101,CRM Pro,Software,21,932,19572,19526,APAC,Partner,Agent_2,Closed
D-302515,CL-5717,2023-08-21,SKU-201,POS Terminal,Hardware,10,1332,13320,13295,EU,ColdCall,Agent_9,Closed
D-302516,CL-2173,2024-03-25,SKU-101,CRM Pro,Software,12,1683,20196,20245,EU,Partner,Agent_1,Closed
D-302517,CL-6752,2023-09-11,SKU-201,POS Terminal,Hardware,11,1318,14498,14486,NA,ColdCall,Agent_2,Closed
D-302518,CL-6858,2024-11-22,SKU-201,POS Terminal,Hardware,21,1263,26523,26551,APAC,ColdCall,Agent_9,Won
D-302519,CL-3646,2023-10-03,SKU-201,POS Terminal,Hardware,15,1518,22770,22774,NA,Web,Agent_3,Closed
D-302520,CL-5186,2024-06-27,SKU-201,POS Terminal,Hardware,16,296,4736,4710,NA,ColdCall,Agent_5,Lost
D-302521,CL-3899,2023-08-22,SKU-101,CRM Pro,Software,17,1049,17833,17787,NA,ColdCall,Agent_4,Closed
D-302522,CL-5694,2023-08-19,SKU-101,CRM Pro,Software,22,480,10560,10594,NA,Partner,Agent_11,Won
D-302523,CL-3514,2024-07-03,SKU-101,CRM Pro,Software,15,1274,19110,19140,NA,ColdCall,Agent_3,Lost
D-302524,CL-2586,2023-10-07,SKU-201,POS Terminal,Hardware,3,299,897,903,NA,ColdCall,Agent_7,Lost
D-302525,CL-2027,2023-04-10,SKU-201,POS Terminal,Hardware,5,644,3220,3263,APAC,Web,Agent_6,Closed
D-302526,CL-7808,2024-02-27,SKU-101,CRM Pro,Software,9,143,1287,1321,EU,Partner,Agent_9,Lost
D-302527,CL-3330,2024-06-03,SKU-102,Analytics Suite,Software,8,470,3760,3748,APAC,Partner,Agent_9,Closed
D-302528,CL-5671,2023-01-07,SKU-102,Analytics Suite,Software,17,941,15997,15971,NA,Web,Agent_2,Won
D-302529,CL-6657,2023-12-14,SKU-201,POS Terminal,Hardware,3,990,2970,2934,EU,Partner,Agent_4,Lost
D-302530,CL-7747,2023-05-09,SKU-101,CRM Pro,Software,5,1302,6510,6523,EU,Web,Agent_5,Won
D-302531,CL-2479,2024-06-10,SKU-201,POS Terminal,Hardware,9,1563,14067,14020,EU,ColdCall,Agent_5,Won
D-302532,CL-3186,2024-04-04,SKU-101,CRM Pro,Software,20,161,3220,3200,APAC,Web,Agent_8,Lost
D-302533,CL-4667,2023-04-08,SKU-201,POS Terminal,Hardware,25,668,16700,16743,NA,ColdCall,Agent_8,Lost
D-302534,CL-2297,2024-05-21,SKU-102,Analytics Suite,Software,5,1020,5100,5122,NA,Web,Agent_10,Won
D-302535,CL-7987,2023-11-17,SKU-201,POS Terminal,Hardware,10,308,3080,3070,EU,Web,Agent_9,Lost
D-302536,CL-3466,2024-06-20,SKU-101,CRM Pro,Software,16,741,11856,11888,EU,Web,Agent_10,Lost
D-302537,CL-5649,2023-01-10,SKU-102,Analytics Suite,Software,20,1087,21740,21757,APAC,Web,Agent_6,Won
D-302538,CL-7201,2024-12-05,SKU-102,Analytics Suite,Software,2,435,870,850,APAC,Partner,Agent_7,Closed
D-302539,CL-2166,2023-02-13,SKU-101,CRM Pro,Software,19,114,2166,2179,EU,Partner,Agent_9,Closed
D-302540,CL-4520,2023-02-08,SKU-201,POS Terminal,Hardware,18,960,17280,17237,APAC,Partner,Agent_2,Won
D-302541,CL-3519,2023-05-04,SKU-102,Analytics Suite,Software,5,1488,7440,7437,APAC,Partner,Agent_8,Won
D-302542,CL-4802,2023-02-28,SKU-101,CRM Pro,Software,24,403,9672,9626,APAC,Partner,Agent_5,Closed
D-302543,CL-7895,2024-11-20,SKU-102,Analytics Suite,Software,13,688,8944,8953,EU,Web,Agent_9,Won
D-302544,CL-2601,2023-06-13,SKU-101,CRM Pro,Software,4,1445,5780,5739,NA,ColdCall,Agent_3,Closed
D-302545,CL-7673,2024-11-07,SKU-102,Analytics Suite,Software,8,697,5576,5581,EU,Web,Agent_3,Lost
D-302546,CL-2445,2023-12-06,SKU-101,CRM Pro,Software,2,1534,3068,3064,APAC,Partner,Agent_7,Lost
D-302547,CL-4619,2023-03-29,SKU-101,CRM Pro,Software,16,1217,19472,19517,NA,Partner,Agent_11,Won
D-302548,CL-6527,2023-10-05,SKU-101,CRM Pro,Software,6,1636,9816,9821,APAC,Partner,Agent_5,Lost
D-302549,CL-4344,2023-09-26,SKU-201,POS Terminal,Hardware,13,1659,21567,21608,EU,ColdCall,Agent_6,Won
D-302550,CL-5759,2023-01-07,SKU-201,POS Terminal,Hardware,14,862,12068,12024,EU,Partner,Agent_4,Lost
D-302551,CL-6011,2024-01-05,SKU-102,Analytics Suite,Software,13,1106,14378,14366,EU,Partner,Agent_10,Closed
D-302552,CL-4297,2023-02-16,SKU-102,Analytics Suite,Software,24,228,5472,5472,NA,Partner,Agent_6,Closed
D-302553,CL-5799,2024-04-29,SKU-101,CRM Pro,Software,20,193,3860,3850,EU,ColdCall,Agent_4,Lost
D-302554,CL-5576,2023-11-18,SKU-201,POS Terminal,Hardware,13,1220,15860,15905,APAC,Partner,Agent_4,Won
D-302555,CL-3201,2023-08-30,SKU-201,POS Terminal,Hardware,18,611,10998,10959,NA,Web,Agent_6,Won
D-302556,CL-4775,2023-05-14,SKU-101,CRM Pro,Software,21,246,5166,5175,APAC,Partner,Agent_9,Won
D-302557,CL-2296,2023-07-09,SKU-102,Analytics Suite,Software,3,1165,3495,3475,EU,Web,Agent_5,Lost
D-302558,CL-4963,2024-08-11,SKU-201,POS Terminal,Hardware,6,1693,10158,10187,EU,ColdCall,Agent_1,Won
D-302559,CL-2085,2024-07-20,SKU-201,POS Terminal,Hardware,15,527,7905,7856,APAC,Web,Agent_4,Lost
D-302560,CL-4130,2023-02-04,SKU-201,POS Terminal,Hardware,8,561,4488,4474,APAC,Web,Agent_4,Won
D-302561,CL-7935,2023-08-07,SKU-101,CRM Pro,Software,2,1483,2966,2977,EU,Web,Agent_3,Lost
D-302562,CL-7390,2023-08-11,SKU-201,POS Terminal,Hardware,20,156,3120,3114,APAC,Web,Agent_3,Closed
D-302563,CL-2185,2023-11-11,SKU-201,POS Terminal,Hardware,24,1233,29592,29627,NA,ColdCall,Agent_1,Closed
D-302564,CL-4090,2023-10-27,SKU-102,Analytics Suite,Software,15,1440,21600,21582,NA,Partner,Agent_4,Won
D-302565,CL-4319,2023-02-01,SKU-201,POS Terminal,Hardware,16,1057,16912,16930,EU,Web,Agent_4,Closed
D-302566,CL-2541,2023-02-07,SKU-102,Analytics Suite,Software,12,874,10488,10485,NA,ColdCall,Agent_7,Won
D-302567,CL-4692,2024-08-23,SKU-102,Analytics Suite,Software,12,814,9768,9730,NA,ColdCall,Agent_2,Closed
D-302568,CL-2271,2024-07-30,SKU-201,POS Terminal,Hardware,25,1479,36975,37021,APAC,ColdCall,Agent_11,Closed
D-302569,CL-3238,2024-12-16,SKU-101,CRM Pro,Software,9,1175,10575,10548,EU,Partner,Agent_7,Closed
D-302570,CL-2849,2024-03-19,SKU-101,CRM Pro,Software,2,886,1772,1724,EU,Partner,Agent_3,Lost
D-302571,CL-3960,2024-12-20,SKU-102,Analytics Suite,Software,19,321,6099,6064,APAC,Partner,Agent_4,Won
D-302572,CL-2183,2024-08-18,SKU-102,Analytics Suite,Software,5,1651,8255,8262,APAC,ColdCall,Agent_4,Closed
D-302573,CL-4423,2023-08-28,SKU-101,CRM Pro,Software,5,1045,5225,5251,NA,Partner,Agent_7,Closed
D-302574,CL-5199,2023-06-28,SKU-102,Analytics Suite,Software,4,1740,6960,6947,EU,ColdCall,Agent_10,Closed
D-302575,CL-7407,2023-02-18,SKU-201,POS Terminal,Hardware,22,148,3256,3286,EU,Partner,Agent_6,Lost
D-302576,CL-7849,2024-02-13,SKU-201,POS Terminal,Hardware,9,503,4527,4486,EU,Web,Agent_5,Closed
D-302577,CL-5112,2023-01-16,SKU-201,POS Terminal,Hardware,8,1704,13632,13667,EU,Web,Agent_1,Closed
D-302578,CL-3828,2023-05-14,SKU-101,CRM Pro,Software,14,1471,20594,20598,NA,Web,Agent_11,Won
D-302579,CL-6699,2024-08-08,SKU-201,POS Terminal,Hardware,11,1739,19129,19141,APAC,ColdCall,Agent_5,Lost
D-302580,CL-4991,2024-11-16,SKU-101,CRM Pro,Software,15,706,10590,10604,EU,Web,Agent_2,Lost
D-302581,CL-7243,2023-05-02,SKU-101,CRM Pro,Software,11,439,4829,4839,EU,Partner,Agent_4,Lost
D-302582,CL-7291,2023-07-15,SKU-201,POS Terminal,Hardware,3,1248,3744,3695,APAC,ColdCall,Agent_9,Lost
D-302583,CL-4390,2023-10-03,SKU-101,CRM Pro,Software,23,1276,29348,29342,NA,Web,Agent_2,Closed
D-302584,CL-7759,2023-06-30,SKU-102,Analytics Suite,Software,10,298,2980,2989,APAC,ColdCall,Agent_2,Lost
D-302585,CL-6095,2024-01-07,SKU-102,Analytics Suite,Software,17,1341,22797,22779,EU,Partner,Agent_6,Lost
D-302586,CL-4493,2023-11-11,SKU-102,Analytics Suite,Software,25,1470,36750,36706,NA,Web,Agent_8,Won
D-302587,CL-4761,2023-05-17,SKU-201,POS Terminal,Hardware,22,980,21560,21598,NA,ColdCall,Agent_9,Lost
D-302588,CL-2280,2024-05-24,SKU-101,CRM Pro,Software,4,225,900,937,EU,Web,Agent_11,Lost
D-302589,CL-7067,2023-05-02,SKU-201,POS Terminal,Hardware,12,166,1992,2027,NA,ColdCall,Agent_11,Won
D-302590,CL-5882,2024-10-04,SKU-101,CRM Pro,Software,10,1516,15160,15184,APAC,ColdCall,Agent_3,Won
D-302591,CL-5546,2024-04-12,SKU-201,POS Terminal,Hardware,11,466,5126,5171,NA,Web,Agent_9,Won
D-302592,CL-3921,2024-01-06,SKU-102,Analytics Suite,Software,20,1687,33740,33690,APAC,ColdCall,Agent_11,Won
D-302593,CL-3681,2023-06-12,SKU-201,POS Terminal,Hardware,6,1524,9144,9173,APAC,ColdCall,Agent_11,Lost
D-302594,CL-5479,2023-07-17,SKU-102,Analytics Suite,Software,23,882,20286,20291,NA,Partner,Agent_5,Closed
D-302595,CL-7229,2024-11-15,SKU-101,CRM Pro,Software,15,202,3030,3010,EU,ColdCall,Agent_6,Lost
D-302596,CL-2102,2024-04-10,SKU-102,Analytics Suite,Software,18,1557,28026,28019,NA,ColdCall,Agent_7,Won
D-302597,CL-2011,2024-02-25,SKU-201,POS Terminal,Hardware,20,1694,33880,33885,APAC,ColdCall,Agent_10,Lost
D-302598,CL-7484,2024-01-26,SKU-101,CRM Pro,Software,24,131,3144,3107,NA,ColdCall,Agent_2,Lost
D-302599,CL-7677,2024-09-17,SKU-102,Analytics Suite,Software,13,239,3107,3060,NA,Partner,Agent_1,Lost
D-302600,CL-6035,2024-04-09,SKU-201,POS Terminal,Hardware,25,743,18575,18618,EU,ColdCall,Agent_11,Lost
D-302601,CL-4993,2023-06-05,SKU-101,CRM Pro,Software,4,1445,5780,5807,NA,Partner,Agent_4,Won
D-302602,CL-2389,2024-10-30,SKU-201,POS Terminal,Hardware,22,1148,25256,25251,NA,Partner,Agent_11,Won
D-302603,CL-2997,2024-11-30,SKU-102,Analytics Suite,Software,11,1799,19789,19753,EU,Web,Agent_9,Won
D-302604,CL-4278,2023-08-09,SKU-201,POS Terminal,Hardware,25,1415,35375,35372,EU,ColdCall,Agent_6,Closed
D-302605,CL-6612,2024-04-27,SKU-101,CRM Pro,Software,24,1577,37848,37869,NA,ColdCall,Agent_3,Won
D-302606,CL-6402,2023-10-19,SKU-201,POS Terminal,Hardware,17,1167,19839,19805,APAC,ColdCall,Agent_3,Lost
D-302607,CL-4635,2023-11-08,SKU-101,CRM Pro,Software,24,1036,24864,24904,APAC,Web,Agent_6,Won
D-302608,CL-3493,2024-02-25,SKU-101,CRM Pro,Software,13,1041,13533,13486,APAC,ColdCall,Agent_11,Lost
D-302609,CL-4273,2023-10-31,SKU-101,CRM Pro,Software,24,328,7872,7850,APAC,Partner,Agent_6,Won
D-302610,CL-5560,2023-09-20,SKU-201,POS Terminal,Hardware,18,803,14454,14482,NA,ColdCall,Agent_4,Won
D-302611,CL-2123,2024-06-15,SKU-102,Analytics Suite,Software,1,219,219,179,APAC,Partner,Agent_6,Closed
D-302612,CL-6131,2024-01-18,SKU-101,CRM Pro,Software,3,799,2397,2402,NA,Web,Agent_10,Won
D-302613,CL-4485,2023-09-27,SKU-102,Analytics Suite,Software,13,1213,15769,15737,NA,ColdCall,Agent_6,Closed
D-302614,CL-4390,2024-02-12,SKU-102,Analytics Suite,Software,25,1648,41200,41217,APAC,Web,Agent_4,Won
D-302615,CL-5251,2024-06-24,SKU-201,POS Terminal,Hardware,4,1750,7000,7019,NA,Web,Agent_10,Closed
D-302616,CL-5661,2023-01-26,SKU-101,CRM Pro,Software,8,1539,12312,12317,EU,Partner,Agent_6,Won
D-302617,CL-7494,2023-02-12,SKU-102,Analytics Suite,Software,17,634,10778,10765,APAC,Partner,Agent_10,Won
D-302618,CL-7991,2023-03-26,SKU-201,POS Terminal,Hardware,23,212,4876,4880,APAC,Partner,Agent_9,Won
D-302619,CL-2567,2023-07-15,SKU-101,CRM Pro,Software,4,1639,6556,6536,EU,Partner,Agent_2,Lost
D-302620,CL-3852,2023-10-09,SKU-102,Analytics Suite,Software,2,1124,2248,2198,NA,Web,Agent_3,Won
D-302621,CL-2286,2024-03-02,SKU-201,POS Terminal,Hardware,14,898,12572,12537,EU,Web,Agent_9,Closed
D-302622,CL-2355,2023-01-18,SKU-101,CRM Pro,Software,7,1601,11207,11202,APAC,Web,Agent_4,Won
D-302623,CL-2038,2024-02-25,SKU-201,POS Terminal,Hardware,11,1260,13860,13889,APAC,Web,Agent_8,Won
D-302624,CL-6195,2023-01-27,SKU-101,CRM Pro,Software,11,246,2706,2688,EU,ColdCall,Agent_2,Closed
D-302625,CL-2259,2024-11-29,SKU-102,Analytics Suite,Software,23,750,17250,17269,APAC,Partner,Agent_5,Lost
D-302626,CL-7951,2024-09-29,SKU-101,CRM Pro,Software,16,1097,17552,17578,APAC,Partner,Agent_9,Lost
D-302627,CL-7218,2024-10-07,SKU-201,POS Terminal,Hardware,20,124,2480,2433,APAC,ColdCall,Agent_5,Closed
D-302628,CL-3327,2023-06-18,SKU-102,Analytics Suite,Software,14,739,10346,10325,EU,Partner,Agent_11,Won
D-302629,CL-5343,2023-02-23,SKU-101,CRM Pro,Software,20,1684,33680,33697,NA,Web,Agent_10,Won
D-302630,CL-7461,2023-09-17,SKU-102,Analytics Suite,Software,12,854,10248,10233,NA,Partner,Agent_10,Lost
D-302631,CL-5007,2023-09-23,SKU-102,Analytics Suite,Software,15,951,14265,14257,EU,Web,Agent_8,Won
D-302632,CL-2949,2023-02-09,SKU-102,Analytics Suite,Software,7,1618,11326,11293,NA,ColdCall,Agent_10,Lost
D-302633,CL-5566,2023-06-28,SKU-102,Analytics Suite,Software,22,637,14014,13974,APAC,Web,Agent_10,Won
D-302634,CL-4070,2023-10-21,SKU-102,Analytics Suite,Software,13,441,5733,5729,NA,ColdCall,Agent_1,Lost
D-302635,CL-3873,2023-12-06,SKU-101,CRM Pro,Software,12,1633,19596,19598,NA,ColdCall,Agent_9,Closed
D-302636,CL-3229,2024-05-02,SKU-201,POS Terminal,Hardware,18,293,5274,5292,NA,Web,Agent_11,Lost
D-302637,CL-4585,2024-04-28,SKU-101,CRM Pro,Software,17,1773,30141,30177,NA,ColdCall,Agent_8,Closed
D-302638,CL-6386,2023-11-24,SKU-101,CRM Pro,Software,19,694,13186,13205,NA,ColdCall,Agent_3,Closed
D-302639,CL-4455,2023-09-21,SKU-101,CRM Pro,Software,12,1360,16320,16355,EU,ColdCall,Agent_9,Won
D-302640,CL-5408,2023-12-26,SKU-102,Analytics Suite,Software,19,1323,25137,25097,EU,Web,Agent_1,Won
D-302641,CL-4453,2024-05-28,SKU-201,POS Terminal,Hardware,23,963,22149,22187,EU,Partner,Agent_7,Won
D-302642,CL-6380,2024-05-13,SKU-102,Analytics Suite,Software,16,1498,23968,23934,APAC,ColdCall,Agent_4,Closed
D-302643,CL-4649,2023-01-05,SKU-101,CRM Pro,Software,7,503,3521,3520,EU,ColdCall,Agent_9,Closed
D-302644,CL-4215,2024-07-12,SKU-101,CRM Pro,Software,5,377,1885,1869,EU,Web,Agent_6,Won
D-302645,CL-5145,2024-07-07,SKU-101,CRM Pro,Software,10,876,8760,8790,APAC,Web,Agent_4,Closed
D-302646,CL-2138,2024-05-03,SKU-101,CRM Pro,Software,14,341,4774,4810,EU,ColdCall,Agent_6,Lost
D-302647,CL-4742,2023-05-19,SKU-201,POS Terminal,Hardware,14,1633,22862,22902,APAC,Partner,Agent_10,Closed
D-302648,CL-4832,2024-05-28,SKU-201,POS Terminal,Hardware,16,501,8016,8019,APAC,Partner,Agent_2,Lost
D-302649,CL-2929,2024-09-05,SKU-102,Analytics Suite,Software,16,1111,17776,17809,EU,Partner,Agent_10,Won
D-302650,CL-7056,2024-03-08,SKU-102,Analytics Suite,Software,7,1530,10710,10690,APAC,ColdCall,Agent_10,Closed
D-302651,CL-2997,2024-03-16,SKU-102,Analytics Suite,Software,9,1711,15399,15378,NA,Web,Agent_5,Won
D-302652,CL-5330,2023-03-03,SKU-101,CRM Pro,Software,23,965,22195,22149,APAC,Web,Agent_9,Won
D-302653,CL-3741,2024-11-05,SKU-201,POS Terminal,Hardware,15,184,2760,2783,APAC,Partner,Agent_8,Closed
D-302654,CL-2075,2024-01-14,SKU-102,Analytics Suite,Software,7,171,1197,1172,NA,Partner,Agent_1,Won
D-302655,CL-4680,2024-12-26,SKU-201,POS Terminal,Hardware,6,1292,7752,7760,NA,ColdCall,Agent_6,Lost
D-302656,CL-7605,2023-04-26,SKU-101,CRM Pro,Software,22,1132,24904,24874,NA,Web,Agent_1,Lost
D-302657,CL-4805,2024-02-01,SKU-101,CRM Pro,Software,4,913,3652,3697,APAC,Partner,Agent_3,Closed
D-302658,CL-6364,2024-08-31,SKU-102,Analytics Suite,Software,15,1072,16080,16104,EU,Web,Agent_10,Won
D-302659,CL-5848,2024-07-19,SKU-102,Analytics Suite,Software,10,140,1400,1411,EU,Web,Agent_10,Closed
D-302660,CL-5522,2024-08-18,SKU-201,POS Terminal,Hardware,20,862,17240,17232,APAC,ColdCall,Agent_4,Won
D-302661,CL-2240,2023-10-12,SKU-102,Analytics Suite,Software,25,1476,36900,36893,EU,ColdCall,Agent_4,Lost
D-302662,CL-4268,2023-03-01,SKU-102,Analytics Suite,Software,5,1466,7330,7324,EU,ColdCall,Agent_6,Lost
D-302663,CL-2944,2024-07-29,SKU-201,POS Terminal,Hardware,21,1363,28623,28610,EU,Partner,Agent_3,Won
D-302664,CL-5004,2024-12-03,SKU-201,POS Terminal,Hardware,11,876,9636,9646,EU,Partner,Agent_1,Lost
D-302665,CL-2026,2024-11-06,SKU-101,CRM Pro,Software,25,826,20650,20619,EU,Partner,Agent_6,Closed
D-302666,CL-5851,2024-10-07,SKU-201,POS Terminal,Hardware,2,1015,2030,2025,NA,ColdCall,Agent_8,Closed
D-302667,CL-5700,2023-05-27,SKU-102,Analytics Suite,Software,17,1112,18904,18858,NA,ColdCall,Agent_10,Lost
D-302668,CL-6937,2023-02-18,SKU-102,Analytics Suite,Software,24,1653,39672,39663,EU,Web,Agent_10,Closed
D-302669,CL-4784,2024-05-13,SKU-101,CRM Pro,Software,15,533,7995,7996,EU,Partner,Agent_11,Lost
D-302670,CL-7189,2024-01-22,SKU-101,CRM Pro,Software,5,220,1100,1060,EU,Web,Agent_7,Lost
D-302671,CL-6199,2024-05-03,SKU-102,Analytics Suite,Software,15,1647,24705,24753,EU,Web,Agent_3,Lost
D-302672,CL-6476,2023-10-16,SKU-201,POS Terminal,Hardware,3,1152,3456,3487,EU,ColdCall,Agent_4,Lost
D-302673,CL-5608,2024-05-19,SKU-201,POS Terminal,Hardware,12,1366,16392,16406,NA,ColdCall,Agent_8,Won
D-302674,CL-3148,2024-06-12,SKU-102,Analytics Suite,Software,6,248,1488,1438,APAC,Web,Agent_2,Won
D-302675,CL-2138,2023-09-30,SKU-101,CRM Pro,Software,10,616,6160,6123,EU,ColdCall,Agent_8,Won
D-302676,CL-3771,2024-05-04,SKU-101,CRM Pro,Software,4,212,848,877,NA,ColdCall,Agent_8,Closed
D-302677,CL-6558,2024-02-03,SKU-101,CRM Pro,Software,11,1544,16984,16975,EU,Partner,Agent_5,Won
D-302678,CL-4673,2023-02-17,SKU-201,POS Terminal,Hardware,2,407,814,826,EU,Web,Agent_1,Closed
D-302679,CL-2413,2024-12-01,SKU-102,Analytics Suite,Software,9,1660,14940,14916,EU,ColdCall,Agent_10,Closed
D-302680,CL-6431,2023-06-06,SKU-102,Analytics Suite,Software,5,1304,6520,6518,EU,ColdCall,Agent_8,Lost
D-302681,CL-5368,2023-02-06,SKU-102,Analytics Suite,Software,11,1690,18590,18628,APAC,Web,Agent_6,Lost
D-302682,CL-6269,2024-01-27,SKU-102,Analytics Suite,Software,1,1271,1271,1313,APAC,Web,Agent_6,Won
D-302683,CL-6097,2024-10-03,SKU-101,CRM Pro,Software,8,431,3448,3489,APAC,Web,Agent_7,Closed
D-302684,CL-7249,2023-08-12,SKU-101,CRM Pro,Software,15,539,8085,8068,NA,Web,Agent_6,Won
D-302685,CL-6101,2024-02-24,SKU-201,POS Terminal,Hardware,6,840,5040,5015,EU,ColdCall,Agent_5,Closed
D-302686,CL-6621,2024-02-06,SKU-201,POS Terminal,Hardware,21,1172,24612,24592,APAC,Partner,Agent_8,Won
D-302687,CL-3821,2024-06-14,SKU-102,Analytics Suite,Software,17,543,9231,9186,NA,Partner,Agent_6,Closed
D-302688,CL-6505,2023-11-26,SKU-101,CRM Pro,Software,24,1004,24096,24049,NA,Partner,Agent_2,Won
D-302689,CL-7031,2023-10-18,SKU-101,CRM Pro,Software,22,406,8932,8924,EU,Partner,Agent_4,Lost
D-302690,CL-3511,2023-08-04,SKU-201,POS Terminal,Hardware,17,770,13090,13061,EU,Web,Agent_11,Lost
D-302691,CL-3721,2024-11-14,SKU-101,CRM Pro,Software,17,1730,29410,29361,APAC,Partner,Agent_5,Closed
D-302692,CL-5542,2023-07-28,SKU-101,CRM Pro,Software,12,446,5352,5388,NA,Partner,Agent_1,Won
D-302693,CL-5500,2023-06-28,SKU-101,CRM Pro,Software,16,1643,26288,26266,EU,ColdCall,Agent_11,Closed
D-302694,CL-6911,2023-04-15,SKU-201,POS Terminal,Hardware,17,1358,23086,23116,EU,Partner,Agent_4,Won
D-302695,CL-6039,2023-03-31,SKU-101,CRM Pro,Software,1,1517,1517,1524,EU,ColdCall,Agent_10,Lost
D-302696,CL-5008,2023-12-02,SKU-101,CRM Pro,Software,19,1390,26410,26413,APAC,Partner,Agent_3,Lost
D-302697,CL-3337,2024-03-20,SKU-102,Analytics Suite,Software,24,1292,31008,31035,EU,Web,Agent_10,Lost
D-302698,CL-5676,2023-03-31,SKU-101,CRM Pro,Software,2,149,298,328,EU,Partner,Agent_7,Lost
D-302699,CL-2242,2024-05-03,SKU-101,CRM Pro,Software,16,109,1744,1773,APAC,ColdCall,Agent_9,Won
D-302700,CL-3483,2023-09-28,SKU-102,Analytics Suite,Software,20,1773,35460,35434,APAC,ColdCall,Agent_8,Won
D-302701,CL-7343,2023-03-12,SKU-102,Analytics Suite,Software,7,851,5957,5954,APAC,Partner,Agent_1,Lost
D-302702,CL-2165,2024-03-01,SKU-201,POS Terminal,Hardware,4,1749,6996,6947,APAC,ColdCall,Agent_6,Closed
D-302703,CL-5870,2024-06-08,SKU-102,Analytics Suite,Software,5,247,1235,1202,APAC,ColdCall,Agent_3,Lost
D-302704,CL-7542,2023-01-06,SKU-101,CRM Pro,Software,14,1253,17542,17508,APAC,Web,Agent_9,Lost
D-302705,CL-3810,2024-05-17,SKU-101,CRM Pro,Software,4,250,1000,1047,NA,Partner,Agent_11,Lost
D-302706,CL-3854,2023-05-15,SKU-101,CRM Pro,Software,24,1455,34920,34964,NA,Partner,Agent_8,Lost
D-302707,CL-2977,2024-01-16,SKU-102,Analytics Suite,Software,6,892,5352,5340,EU,ColdCall,Agent_9,Won
D-302708,CL-2006,2024-10-01,SKU-102,Analytics Suite,Software,19,259,4921,4876,NA,ColdCall,Agent_5,Lost
D-302709,CL-7245,2023-10-01,SKU-201,POS Terminal,Hardware,1,1531,1531,1566,APAC,Web,Agent_10,Lost
D-302710,CL-2596,2024-01-28,SKU-201,POS Terminal,Hardware,24,221,5304,5342,APAC,Web,Agent_2,Closed
D-302711,CL-3310,2024-01-12,SKU-101,CRM Pro,Software,13,1171,15223,15210,APAC,Partner,Agent_6,Lost
D-302712,CL-5814,2023-03-11,SKU-101,CRM Pro,Software,20,676,13520,13566,NA,Web,Agent_5,Lost
D-302713,CL-5400,2024-07-09,SKU-102,Analytics Suite,Software,23,1671,38433,38413,APAC,Web,Agent_7,Closed
D-302714,CL-4541,2023-09-01,SKU-102,Analytics Suite,Software,15,544,8160,8145,APAC,Web,Agent_6,Lost
D-302715,CL-2300,2024-05-30,SKU-102,Analytics Suite,Software,10,238,2380,2405,EU,Partner,Agent_3,Won
D-302716,CL-2511,2024-05-17,SKU-101,CRM Pro,Software,16,196,3136,3186,EU,Web,Agent_8,Lost
D-302717,CL-7452,2023-08-19,SKU-201,POS Terminal,Hardware,14,637,8918,8895,EU,Web,Agent_6,Lost
D-302718,CL-7896,2023-11-12,SKU-201,POS Terminal,Hardware,22,1134,24948,24976,APAC,Web,Agent_9,Closed
D-302719,CL-2956,2024-12-15,SKU-201,POS Terminal,Hardware,11,1099,12089,12051,EU,Partner,Agent_4,Won
D-302720,CL-6667,2024-09-15,SKU-102,Analytics Suite,Software,13,1634,21242,21208,APAC,Partner,Agent_11,Lost
D-302721,CL-6556,2023-12-29,SKU-201,POS Terminal,Hardware,7,273,1911,1909,NA,ColdCall,Agent_7,Won
D-302722,CL-5530,2023-04-29,SKU-101,CRM Pro,Software,22,1532,33704,33744,EU,Partner,Agent_7,Closed
D-302723,CL-4817,2023-04-21,SKU-201,POS Terminal,Hardware,10,572,5720,5701,APAC,ColdCall,Agent_3,Closed
D-302724,CL-3405,2024-12-16,SKU-201,POS Terminal,Hardware,25,541,13525,13525,EU,ColdCall,Agent_10,Won
D-302725,CL-3580,2023-07-09,SKU-201,POS Terminal,Hardware,13,573,7449,7449,NA,Web,Agent_11,Won
D-302726,CL-2914,2024-12-13,SKU-102,Analytics Suite,Software,1,555,555,578,APAC,Web,Agent_8,Closed
D-302727,CL-5687,2023-03-28,SKU-102,Analytics Suite,Software,11,1269,13959,13982,APAC,ColdCall,Agent_7,Lost
D-302728,CL-3535,2023-04-18,SKU-101,CRM Pro,Software,5,986,4930,4936,NA,Partner,Agent_4,Lost
D-302729,CL-3350,2024-09-28,SKU-102,Analytics Suite,Software,22,930,20460,20420,APAC,ColdCall,Agent_10,Closed
D-302730,CL-5927,2023-01-21,SKU-102,Analytics Suite,Software,9,886,7974,7969,APAC,Web,Agent_4,Closed
D-302731,CL-7655,2024-06-05,SKU-102,Analytics Suite,Software,21,207,4347,4301,APAC,Web,Agent_6,Closed
D-302732,CL-5800,2024-04-07,SKU-102,Analytics Suite,Software,12,431,5172,5176,APAC,ColdCall,Agent_6,Won
D-302733,CL-5219,2024-06-25,SKU-102,Analytics Suite,Software,6,610,3660,3637,APAC,Partner,Agent_10,Lost
D-302734,CL-6943,2023-10-29,SKU-102,Analytics Suite,Software,13,113,1469,1467,NA,Partner,Agent_11,Lost
D-302735,CL-4510,2024-05-12,SKU-101,CRM Pro,Software,16,353,5648,5672,NA,ColdCall,Agent_11,Closed
D-302736,CL-4011,2024-06-21,SKU-201,POS Terminal,Hardware,2,661,1322,1363,APAC,Web,Agent_11,Won
D-302737,CL-6446,2023-06-02,SKU-201,POS Terminal,Hardware,3,1678,5034,5068,EU,Web,Agent_11,Lost
D-302738,CL-4044,2024-11-20,SKU-201,POS Terminal,Hardware,12,447,5364,5376,APAC,Partner,Agent_5,Lost
D-302739,CL-4105,2023-06-21,SKU-101,CRM Pro,Software,14,1023,14322,14289,APAC,Web,Agent_7,Won
D-302740,CL-3403,2024-11-28,SKU-101,CRM Pro,Software,11,1480,16280,16235,EU,ColdCall,Agent_3,Lost
D-302741,CL-3663,2024-09-23,SKU-101,CRM Pro,Software,1,1282,1282,1273,EU,Partner,Agent_7,Won
D-302742,CL-7665,2024-12-16,SKU-101,CRM Pro,Software,24,1229,29496,29484,EU,ColdCall,Agent_3,Won
D-302743,CL-3318,2024-05-17,SKU-102,Analytics Suite,Software,6,234,1404,1354,NA,Web,Agent_8,Closed
D-302744,CL-7764,2024-02-17,SKU-101,CRM Pro,Software,6,786,4716,4712,NA,Partner,Agent_5,Lost
D-302745,CL-5240,2024-01-16,SKU-101,CRM Pro,Software,8,403,3224,3178,NA,ColdCall,Agent_11,Closed
D-302746,CL-3837,2024-07-28,SKU-201,POS Terminal,Hardware,2,1737,3474,3438,NA,ColdCall,Agent_3,Lost
D-302747,CL-3728,2023-07-11,SKU-101,CRM Pro,Software,21,356,7476,7439,NA,Web,Agent_6,Won
D-302748,CL-5248,2024-05-20,SKU-201,POS Terminal,Hardware,25,1347,33675,33637,NA,Web,Agent_8,Closed
D-302749,CL-5030,2023-03-01,SKU-201,POS Terminal,Hardware,13,1752,22776,22815,EU,Web,Agent_6,Lost
D-302750,CL-6996,2023-06-16,SKU-101,CRM Pro,Software,17,1048,17816,17788,NA,Partner,Agent_3,Closed
D-302751,CL-3425,2024-07-31,SKU-201,POS Terminal,Hardware,9,447,4023,4042,EU,Partner,Agent_7,Lost
D-302752,CL-4389,2023-09-30,SKU-101,CRM Pro,Software,20,1753,35060,35075,NA,Web,Agent_10,Lost
D-302753,CL-6250,2023-09-25,SKU-102,Analytics Suite,Software,8,500,4000,3992,APAC,Partner,Agent_2,Closed
D-302754,CL-7821,2024-08-01,SKU-201,POS Terminal,Hardware,13,320,4160,4141,EU,Partner,Agent_2,Won
D-302755,CL-2435,2023-08-19,SKU-101,CRM Pro,Software,7,533,3731,3689,NA,ColdCall,Agent_7,Lost
D-302756,CL-7447,2024-03-06,SKU-101,CRM Pro,Software,4,122,488,498,NA,Web,Agent_7,Closed
D-302757,CL-7453,2023-11-08,SKU-201,POS Terminal,Hardware,9,1729,15561,15565,APAC,Web,Agent_9,Won
D-302758,CL-2861,2023-04-24,SKU-101,CRM Pro,Software,23,987,22701,22655,EU,ColdCall,Agent_3,Lost
D-302759,CL-6809,2023-12-11,SKU-101,CRM Pro,Software,23,1032,23736,23736,EU,ColdCall,Agent_10,Won
D-302760,CL-3297,2023-01-15,SKU-101,CRM Pro,Software,7,1626,11382,11342,NA,Web,Agent_2,Closed
D-302761,CL-7842,2023-07-26,SKU-101,CRM Pro,Software,22,1018,22396,22399,NA,Partner,Agent_5,Lost
D-302762,CL-3834,2024-07-24,SKU-102,Analytics Suite,Software,4,656,2624,2664,EU,ColdCall,Agent_1,Lost
D-302763,CL-3550,2023-04-14,SKU-101,CRM Pro,Software,22,495,10890,10912,EU,ColdCall,Agent_5,Closed
D-302764,CL-5220,2024-06-13,SKU-101,CRM Pro,Software,9,896,8064,8025,APAC,Web,Agent_8,Closed
D-302765,CL-6789,2023-07-25,SKU-101,CRM Pro,Software,4,1284,5136,5176,APAC,Web,Agent_1,Won
D-302766,CL-5296,2024-04-15,SKU-102,Analytics Suite,Software,3,759,2277,2286,APAC,Web,Agent_8,Lost
D-302767,CL-7124,2023-05-11,SKU-101,CRM Pro,Software,20,1704,34080,34119,EU,ColdCall,Agent_11,Lost
D-302768,CL-2285,2023-08-07,SKU-101,CRM Pro,Software,5,1055,5275,5288,NA,Web,Agent_7,Won
D-302769,CL-6291,2024-06-22,SKU-201,POS Terminal,Hardware,19,1109,21071,21112,EU,Partner,Agent_6,Won
D-302770,CL-6115,2024-04-27,SKU-102,Analytics Suite,Software,7,1254,8778,8810,APAC,ColdCall,Agent_4,Lost
D-302771,CL-6157,2024-09-30,SKU-201,POS Terminal,Hardware,24,1706,40944,40974,APAC,Partner,Agent_4,Closed
D-302772,CL-7739,2023-02-28,SKU-101,CRM Pro,Software,23,1552,35696,35731,NA,Web,Agent_5,Won
D-302773,CL-3596,2024-01-02,SKU-102,Analytics Suite,Software,11,1232,13552,13546,NA,Partner,Agent_8,Won
D-302774,CL-7579,2024-04-12,SKU-101,CRM Pro,Software,15,1474,22110,22137,APAC,ColdCall,Agent_4,Won
D-302775,CL-3198,2024-07-18,SKU-102,Analytics Suite,Software,13,135,1755,1762,EU,Web,Agent_5,Closed
D-302776,CL-4966,2023-07-14,SKU-201,POS Terminal,Hardware,23,886,20378,20330,EU,ColdCall,Agent_11,Closed
D-302777,CL-3698,2023-09-16,SKU-201,POS Terminal,Hardware,19,1048,19912,19882,EU,ColdCall,Agent_7,Closed
D-302778,CL-4980,2024-02-15,SKU-102,Analytics Suite,Software,6,1638,9828,9855,APAC,Web,Agent_3,Closed
D-302779,CL-5227,2023-10-10,SKU-102,Analytics Suite,Software,22,1422,31284,31299,EU,Partner,Agent_4,Closed
D-302780,CL-5443,2023-06-17,SKU-102,Analytics Suite,Software,10,957,9570,9579,NA,ColdCall,Agent_1,Lost
D-302781,CL-2287,2024-01-08,SKU-102,Analytics Suite,Software,15,833,12495,12492,NA,Web,Agent_9,Closed
D-302782,CL-7978,2023-02-18,SKU-201,POS Terminal,Hardware,21,328,6888,6916,APAC,ColdCall,Agent_6,Lost
D-302783,CL-7308,2023-02-21,SKU-101,CRM Pro,Software,25,992,24800,24770,APAC,Partner,Agent_9,Lost
D-302784,CL-6581,2024-08-02,SKU-201,POS Terminal,Hardware,15,1631,24465,24445,APAC,Partner,Agent_4,Won
D-302785,CL-3159,2023-09-14,SKU-102,Analytics Suite,Software,10,887,8870,8851,EU,Web,Agent_8,Closed
D-302786,CL-7061,2023-09-18,SKU-102,Analytics Suite,Software,2,836,1672,1633,NA,ColdCall,Agent_2,Won
D-302787,CL-6854,2023-03-26,SKU-101,CRM Pro,Software,10,850,8500,8519,EU,Partner,Agent_11,Lost
D-302788,CL-4759,2023-01-31,SKU-201,POS Terminal,Hardware,12,420,5040,5012,APAC,Web,Agent_4,Closed
D-302789,CL-2087,2023-03-12,SKU-102,Analytics Suite,Software,13,124,1612,1625,APAC,Partner,Agent_9,Closed
D-302790,CL-5480,2024-12-25,SKU-101,CRM Pro,Software,3,818,2454,2482,NA,ColdCall,Agent_5,Closed
D-302791,CL-7449,2024-03-28,SKU-102,Analytics Suite,Software,3,1283,3849,3840,EU,Partner,Agent_1,Lost
D-302792,CL-7485,2024-06-22,SKU-102,Analytics Suite,Software,9,175,1575,1550,APAC,Partner,Agent_3,Closed
D-302793,CL-4087,2024-06-11,SKU-101,CRM Pro,Software,23,1113,25599,25599,APAC,ColdCall,Agent_5,Won
D-302794,CL-3020,2023-05-16,SKU-102,Analytics Suite,Software,19,1520,28880,28923,APAC,Partner,Agent_7,Lost
D-302795,CL-4129,2023-02-07,SKU-102,Analytics Suite,Software,5,1433,7165,7116,NA,Web,Agent_10,Closed
D-302796,CL-4859,2023-09-10,SKU-201,POS Terminal,Hardware,12,1429,17148,17194,APAC,Web,Agent_5,Won
D-302797,CL-4418,2023-03-05,SKU-102,Analytics Suite,Software,17,697,11849,11805,NA,ColdCall,Agent_7,Lost
D-302798,CL-2992,2024-05-31,SKU-101,CRM Pro,Software,2,617,1234,1282,APAC,ColdCall,Agent_8,Closed
D-302799,CL-4755,2024-06-15,SKU-201,POS Terminal,Hardware,1,301,301,294,NA,Web,Agent_8,Lost
