customer_id,segment,city,region,first_purchase_date
C00001,one_time,Karachi,Sindh,2025-12-15
C00002,price_sensitive,Islamabad,ICT,2025-03-13
C00003,high_return,Lahore,Punjab,2025-04-13
C00004,one_time,Islamabad,ICT,2025-08-03
C00005,loyal,Islamabad,ICT,2025-03-29
C00006,price_sensitive,Lahore,Punjab,2025-12-26
C00007,regular,Islamabad,ICT,2025-05-30
C00008,loyal,Karachi,Sindh,2025-12-10
C00009,regular,Islamabad,ICT,2025-10-21
C00010,loyal,Karachi,Sindh,2025-10-04
C00011,high_return,Karachi,Sindh,2025-11-10
C00012,one_time,Islamabad,ICT,2025-08-24
C00013,loyal,Karachi,Sindh,2025-02-28
C00014,one_time,Lahore,Punjab,2025-07-07
C00015,one_time,Karachi,Sindh,2025-07-09
C00016,loyal,Karachi,Sindh,2025-02-20
C00017,one_time,Karachi,Sindh,2025-09-01
C00018,high_return,Lahore,Punjab,2025-05-11
C00019,regular,Lahore,Punjab,2025-05-15
C00020,price_sensitive,Lahore,Punjab,2025-06-16
C00021,loyal,Islamabad,ICT,2025-03-30
C00022,regular,Lahore,Punjab,2025-08-30
C00023,one_time,Karachi,Sindh,2025-12-12
C00024,loyal,Lahore,Punjab,2025-12-06
C00025,price_sensitive,Lahore,Punjab,2025-09-21
C00026,loyal,Karachi,Sindh,2025-07-25
C00027,one_time,Islamabad,ICT,2025-02-19
C00028,regular,Lahore,Punjab,2025-01-02
C00029,one_time,Islamabad,ICT,2025-02-23
C00030,one_time,Islamabad,ICT,2025-11-06
C00031,loyal,Islamabad,ICT,2025-08-06
C00032,one_time,Karachi,Sindh,2025-07-21
C00033,regular,Islamabad,ICT,2025-09-27
C00034,regular,Islamabad,ICT,2025-09-28
C00035,loyal,Karachi,Sindh,2025-08-03
C00036,one_time,Islamabad,ICT,2025-07-09
C00037,price_sensitive,Islamabad,ICT,2025-07-27
C00038,regular,Karachi,Sindh,2025-02-22
C00039,high_return,Karachi,Sindh,2025-08-05
C00040,price_sensitive,Lahore,Punjab,2025-02-10
C00041,price_sensitive,Lahore,Punjab,2025-10-28
C00042,loyal,Lahore,Punjab,2025-11-23
C00043,one_time,Islamabad,ICT,2025-05-09
C00044,price_sensitive,Islamabad,ICT,2025-03-04
C00045,regular,Islamabad,ICT,2025-03-22
C00046,regular,Karachi,Sindh,2025-10-16
C00047,high_return,Islamabad,ICT,2025-08-19
C00048,high_return,Lahore,Punjab,2025-01-28
C00049,regular,Karachi,Sindh,2025-11-24
C00050,one_time,Karachi,Sindh,2025-02-02
C00051,loyal,Karachi,Sindh,2025-03-03
C00052,price_sensitive,Lahore,Punjab,2025-04-09
C00053,high_return,Lahore,Punjab,2025-08-02
C00054,regular,Lahore,Punjab,2025-08-15
C00055,loyal,Karachi,Sindh,2025-05-11
C00056,regular,Karachi,Sindh,2025-08-06
C00057,price_sensitive,Islamabad,ICT,2025-12-25
C00058,loyal,Islamabad,ICT,2025-07-26
C00059,one_time,Lahore,Punjab,2025-02-11
C00060,one_time,Karachi,Sindh,2025-06-28
C00061,loyal,Islamabad,ICT,2025-08-19
C00062,one_time,Lahore,Punjab,2025-04-06
C00063,regular,Lahore,Punjab,2025-08-19
C00064,one_time,Islamabad,ICT,2025-06-20
C00065,price_sensitive,Lahore,Punjab,2025-01-13
C00066,loyal,Karachi,Sindh,2025-07-06
C00067,regular,Lahore,Punjab,2025-10-11
C00068,regular,Karachi,Sindh,2025-02-14
C00069,price_sensitive,Karachi,Sindh,2025-05-14
C00070,one_time,Islamabad,ICT,2025-04-18
C00071,price_sensitive,Islamabad,ICT,2025-10-13
C00072,regular,Islamabad,ICT,2025-05-08
C00073,regular,Lahore,Punjab,2025-12-14
C00074,one_time,Islamabad,ICT,2025-07-09
C00075,loyal,Islamabad,ICT,2025-10-10
C00076,one_time,Lahore,Punjab,2025-04-26
C00077,one_time,Islamabad,ICT,2025-09-16
C00078,loyal,Lahore,Punjab,2025-05-17
C00079,one_time,Lahore,Punjab,2025-08-13
C00080,loyal,Karachi,Sindh,2025-06-21
C00081,price_sensitive,Karachi,Sindh,2025-11-11
C00082,price_sensitive,Islamabad,ICT,2025-04-06
C00083,one_time,Lahore,Punjab,2025-06-29
C00084,one_time,Karachi,Sindh,2025-02-21
C00085,price_sensitive,Karachi,Sindh,2025-10-22
C00086,one_time,Karachi,Sindh,2025-04-23
C00087,price_sensitive,Karachi,Sindh,2025-03-22
C00088,price_sensitive,Islamabad,ICT,2025-01-02
C00089,one_time,Karachi,Sindh,2025-02-23
C00090,loyal,Islamabad,ICT,2025-08-12
C00091,regular,Lahore,Punjab,2025-05-06
C00092,price_sensitive,Islamabad,ICT,2025-06-21
C00093,one_time,Karachi,Sindh,2025-07-17
C00094,price_sensitive,Lahore,Punjab,2025-11-20
C00095,loyal,Lahore,Punjab,2025-07-03
C00096,price_sensitive,Islamabad,ICT,2025-09-12
C00097,regular,Lahore,Punjab,2025-11-21
C00098,high_return,Islamabad,ICT,2025-07-17
C00099,one_time,Lahore,Punjab,2025-08-28
C00100,regular,Islamabad,ICT,2025-07-20
C00101,price_sensitive,Karachi,Sindh,2025-11-22
C00102,regular,Islamabad,ICT,2025-09-16
C00103,high_return,Islamabad,ICT,2025-12-12
C00104,one_time,Karachi,Sindh,2025-05-27
C00105,one_time,Islamabad,ICT,2025-07-18
C00106,price_sensitive,Islamabad,ICT,2025-05-08
C00107,one_time,Lahore,Punjab,2025-12-26
C00108,loyal,Islamabad,ICT,2025-05-31
C00109,one_time,Lahore,Punjab,2025-10-25
C00110,price_sensitive,Karachi,Sindh,2025-09-09
C00111,price_sensitive,Lahore,Punjab,2025-04-22
C00112,one_time,Lahore,Punjab,2025-03-01
C00113,price_sensitive,Karachi,Sindh,2025-10-31
C00114,regular,Lahore,Punjab,2025-02-06
C00115,regular,Karachi,Sindh,2025-01-09
C00116,price_sensitive,Islamabad,ICT,2025-05-27
C00117,regular,Islamabad,ICT,2025-05-11
C00118,regular,Lahore,Punjab,2025-02-23
C00119,regular,Islamabad,ICT,2025-04-26
C00120,loyal,Karachi,Sindh,2025-04-14
C00121,high_return,Islamabad,ICT,2025-08-15
C00122,one_time,Karachi,Sindh,2025-04-09
C00123,regular,Islamabad,ICT,2025-12-04
C00124,one_time,Lahore,Punjab,2025-06-12
C00125,high_return,Islamabad,ICT,2025-06-18
C00126,price_sensitive,Islamabad,ICT,2025-03-09
C00127,price_sensitive,Islamabad,ICT,2025-10-04
C00128,price_sensitive,Karachi,Sindh,2025-05-15
C00129,regular,Karachi,Sindh,2025-05-08
C00130,high_return,Lahore,Punjab,2025-01-22
C00131,price_sensitive,Karachi,Sindh,2025-02-07
C00132,regular,Islamabad,ICT,2025-02-20
C00133,regular,Islamabad,ICT,2025-10-10
C00134,one_time,Karachi,Sindh,2025-10-04
C00135,one_time,Islamabad,ICT,2025-10-11
C00136,regular,Lahore,Punjab,2025-11-13
C00137,one_time,Lahore,Punjab,2025-01-04
C00138,loyal,Karachi,Sindh,2025-02-18
C00139,loyal,Karachi,Sindh,2025-06-21
C00140,regular,Lahore,Punjab,2025-02-15
C00141,regular,Lahore,Punjab,2025-04-09
C00142,regular,Karachi,Sindh,2025-02-06
C00143,regular,Karachi,Sindh,2025-10-29
C00144,regular,Karachi,Sindh,2025-04-09
C00145,regular,Islamabad,ICT,2025-04-26
C00146,price_sensitive,Karachi,Sindh,2025-06-10
C00147,price_sensitive,Karachi,Sindh,2025-05-08
C00148,one_time,Islamabad,ICT,2025-08-11
C00149,regular,Lahore,Punjab,2025-11-19
C00150,high_return,Karachi,Sindh,2025-10-07
C00151,price_sensitive,Islamabad,ICT,2025-12-08
C00152,one_time,Karachi,Sindh,2025-05-07
C00153,one_time,Karachi,Sindh,2025-09-30
C00154,regular,Islamabad,ICT,2025-10-26
C00155,regular,Lahore,Punjab,2025-02-08
C00156,price_sensitive,Islamabad,ICT,2025-09-04
C00157,one_time,Karachi,Sindh,2025-11-02
C00158,regular,Lahore,Punjab,2025-01-13
C00159,loyal,Islamabad,ICT,2025-11-09
C00160,high_return,Islamabad,ICT,2025-01-20
C00161,high_return,Lahore,Punjab,2025-05-22
C00162,regular,Karachi,Sindh,2025-05-23
C00163,one_time,Islamabad,ICT,2025-11-18
C00164,one_time,Islamabad,ICT,2025-12-08
C00165,price_sensitive,Islamabad,ICT,2025-07-05
C00166,one_time,Karachi,Sindh,2025-05-05
C00167,regular,Islamabad,ICT,2025-02-27
C00168,loyal,Lahore,Punjab,2025-06-29
C00169,loyal,Lahore,Punjab,2025-09-28
C00170,one_time,Islamabad,ICT,2025-04-11
C00171,one_time,Islamabad,ICT,2025-02-22
C00172,price_sensitive,Lahore,Punjab,2025-04-18
C00173,high_return,Lahore,Punjab,2025-07-15
C00174,regular,Islamabad,ICT,2025-12-16
C00175,one_time,Lahore,Punjab,2025-11-07
C00176,loyal,Karachi,Sindh,2025-05-24
C00177,regular,Karachi,Sindh,2025-05-04
C00178,regular,Karachi,Sindh,2025-05-27
C00179,regular,Karachi,Sindh,2025-11-15
C00180,one_time,Lahore,Punjab,2025-02-27
C00181,loyal,Karachi,Sindh,2025-08-17
C00182,price_sensitive,Islamabad,ICT,2025-11-14
C00183,regular,Islamabad,ICT,2025-05-09
C00184,price_sensitive,Karachi,Sindh,2025-01-01
C00185,one_time,Islamabad,ICT,2025-04-06
C00186,one_time,Karachi,Sindh,2025-02-17
C00187,price_sensitive,Karachi,Sindh,2025-08-25
C00188,price_sensitive,Karachi,Sindh,2025-09-29
C00189,one_time,Islamabad,ICT,2025-07-11
C00190,one_time,Islamabad,ICT,2025-10-05
C00191,regular,Karachi,Sindh,2025-03-17
C00192,high_return,Karachi,Sindh,2025-03-27
C00193,loyal,Karachi,Sindh,2025-08-08
C00194,loyal,Karachi,Sindh,2025-04-04
C00195,regular,Lahore,Punjab,2025-07-23
C00196,loyal,Karachi,Sindh,2025-12-07
C00197,one_time,Islamabad,ICT,2025-10-16
C00198,one_time,Karachi,Sindh,2025-12-23
C00199,one_time,Lahore,Punjab,2025-01-10
C00200,regular,Islamabad,ICT,2025-04-10
C00201,loyal,Lahore,Punjab,2025-08-11
C00202,loyal,Karachi,Sindh,2025-05-27
C00203,one_time,Islamabad,ICT,2025-09-14
C00204,one_time,Karachi,Sindh,2025-01-04
C00205,high_return,Islamabad,ICT,2025-12-02
C00206,high_return,Islamabad,ICT,2025-06-09
C00207,regular,Islamabad,ICT,2025-06-01
C00208,regular,Lahore,Punjab,2025-06-12
C00209,high_return,Karachi,Sindh,2025-06-28
C00210,regular,Lahore,Punjab,2025-09-25
C00211,one_time,Lahore,Punjab,2025-06-17
C00212,regular,Karachi,Sindh,2025-02-13
C00213,price_sensitive,Karachi,Sindh,2025-01-12
C00214,loyal,Karachi,Sindh,2025-09-10
C00215,loyal,Islamabad,ICT,2025-02-04
C00216,price_sensitive,Lahore,Punjab,2025-03-31
C00217,price_sensitive,Lahore,Punjab,2025-03-31
C00218,one_time,Lahore,Punjab,2025-04-25
C00219,price_sensitive,Lahore,Punjab,2025-07-15
C00220,regular,Lahore,Punjab,2025-04-24
C00221,high_return,Islamabad,ICT,2025-08-05
C00222,regular,Karachi,Sindh,2025-09-06
C00223,one_time,Islamabad,ICT,2025-12-23
C00224,regular,Islamabad,ICT,2025-07-11
C00225,high_return,Islamabad,ICT,2025-04-09
C00226,one_time,Karachi,Sindh,2025-04-06
C00227,one_time,Karachi,Sindh,2025-07-09
C00228,high_return,Lahore,Punjab,2025-09-25
C00229,one_time,Islamabad,ICT,2025-01-13
C00230,regular,Lahore,Punjab,2025-12-21
C00231,loyal,Karachi,Sindh,2025-09-30
C00232,one_time,Karachi,Sindh,2025-03-25
C00233,regular,Karachi,Sindh,2025-12-08
C00234,price_sensitive,Karachi,Sindh,2025-01-19
C00235,one_time,Islamabad,ICT,2025-08-21
C00236,regular,Lahore,Punjab,2025-09-22
C00237,price_sensitive,Karachi,Sindh,2025-07-25
C00238,regular,Lahore,Punjab,2025-02-21
C00239,high_return,Karachi,Sindh,2025-05-24
C00240,one_time,Lahore,Punjab,2025-04-09
C00241,high_return,Lahore,Punjab,2025-02-22
C00242,regular,Karachi,Sindh,2025-02-26
C00243,loyal,Karachi,Sindh,2025-06-30
C00244,one_time,Lahore,Punjab,2025-08-11
C00245,loyal,Islamabad,ICT,2025-06-12
C00246,regular,Karachi,Sindh,2025-08-23
C00247,regular,Karachi,Sindh,2025-08-27
C00248,price_sensitive,Islamabad,ICT,2025-03-15
C00249,regular,Islamabad,ICT,2025-09-10
C00250,regular,Karachi,Sindh,2025-06-23
C00251,regular,Karachi,Sindh,2025-06-19
C00252,one_time,Karachi,Sindh,2025-10-10
C00253,regular,Karachi,Sindh,2025-01-05
C00254,one_time,Lahore,Punjab,2025-12-05
C00255,high_return,Lahore,Punjab,2025-12-31
C00256,one_time,Lahore,Punjab,2025-05-25
C00257,regular,Karachi,Sindh,2025-08-05
C00258,high_return,Lahore,Punjab,2025-10-19
C00259,one_time,Karachi,Sindh,2025-10-02
C00260,regular,Karachi,Sindh,2025-07-01
C00261,regular,Lahore,Punjab,2025-07-21
C00262,regular,Karachi,Sindh,2025-02-08
C00263,one_time,Lahore,Punjab,2025-06-22
C00264,loyal,Lahore,Punjab,2025-08-08
C00265,high_return,Lahore,Punjab,2025-05-28
C00266,loyal,Lahore,Punjab,2025-11-13
C00267,regular,Lahore,Punjab,2025-01-01
C00268,regular,Islamabad,ICT,2025-12-14
C00269,regular,Islamabad,ICT,2025-07-10
C00270,one_time,Islamabad,ICT,2025-11-08
C00271,one_time,Islamabad,ICT,2025-04-27
C00272,regular,Islamabad,ICT,2025-02-13
C00273,regular,Lahore,Punjab,2025-06-22
C00274,loyal,Karachi,Sindh,2025-05-29
C00275,loyal,Karachi,Sindh,2025-08-01
C00276,regular,Lahore,Punjab,2025-08-17
C00277,price_sensitive,Karachi,Sindh,2025-05-27
C00278,regular,Karachi,Sindh,2025-02-16
C00279,high_return,Islamabad,ICT,2025-01-14
C00280,price_sensitive,Islamabad,ICT,2025-01-01
C00281,high_return,Islamabad,ICT,2025-09-16
C00282,regular,Karachi,Sindh,2025-01-12
C00283,regular,Islamabad,ICT,2025-09-29
C00284,regular,Lahore,Punjab,2025-06-05
C00285,price_sensitive,Karachi,Sindh,2025-05-02
C00286,price_sensitive,Karachi,Sindh,2025-03-31
C00287,one_time,Islamabad,ICT,2025-11-12
C00288,high_return,Lahore,Punjab,2025-08-08
C00289,one_time,Islamabad,ICT,2025-08-16
C00290,regular,Islamabad,ICT,2025-05-25
C00291,price_sensitive,Karachi,Sindh,2025-07-31
C00292,high_return,Karachi,Sindh,2025-08-28
C00293,price_sensitive,Islamabad,ICT,2025-02-15
C00294,loyal,Karachi,Sindh,2025-03-23
C00295,one_time,Karachi,Sindh,2025-07-16
C00296,high_return,Karachi,Sindh,2025-01-10
C00297,regular,Islamabad,ICT,2025-08-30
C00298,one_time,Karachi,Sindh,2025-01-05
C00299,loyal,Islamabad,ICT,2025-10-16
C00300,regular,Karachi,Sindh,2025-05-26
C00301,regular,Lahore,Punjab,2025-06-26
C00302,one_time,Karachi,Sindh,2025-10-09
C00303,one_time,Islamabad,ICT,2025-12-08
C00304,regular,Karachi,Sindh,2025-06-26
C00305,regular,Islamabad,ICT,2025-04-08
C00306,loyal,Islamabad,ICT,2025-11-07
C00307,regular,Karachi,Sindh,2025-07-16
C00308,regular,Islamabad,ICT,2025-12-24
C00309,regular,Karachi,Sindh,2025-01-23
C00310,regular,Lahore,Punjab,2025-06-14
C00311,regular,Islamabad,ICT,2025-03-24
C00312,price_sensitive,Islamabad,ICT,2025-03-19
C00313,price_sensitive,Islamabad,ICT,2025-01-01
C00314,regular,Islamabad,ICT,2025-07-24
C00315,price_sensitive,Lahore,Punjab,2025-10-15
C00316,loyal,Lahore,Punjab,2025-04-05
C00317,loyal,Karachi,Sindh,2025-06-03
C00318,one_time,Islamabad,ICT,2025-04-28
C00319,regular,Islamabad,ICT,2025-11-02
C00320,regular,Lahore,Punjab,2025-02-23
C00321,regular,Karachi,Sindh,2025-08-10
C00322,regular,Lahore,Punjab,2025-04-22
C00323,one_time,Lahore,Punjab,2025-07-26
C00324,regular,Karachi,Sindh,2025-03-07
C00325,regular,Islamabad,ICT,2025-04-13
C00326,loyal,Islamabad,ICT,2025-09-09
C00327,regular,Lahore,Punjab,2025-11-02
C00328,high_return,Lahore,Punjab,2025-10-13
C00329,one_time,Lahore,Punjab,2025-11-04
C00330,one_time,Karachi,Sindh,2025-12-01
C00331,one_time,Karachi,Sindh,2025-09-04
C00332,one_time,Lahore,Punjab,2025-03-22
C00333,regular,Islamabad,ICT,2025-05-18
C00334,regular,Islamabad,ICT,2025-11-26
C00335,regular,Karachi,Sindh,2025-12-06
C00336,one_time,Karachi,Sindh,2025-02-03
C00337,high_return,Islamabad,ICT,2025-07-24
C00338,price_sensitive,Karachi,Sindh,2025-02-12
C00339,price_sensitive,Islamabad,ICT,2025-04-21
C00340,loyal,Lahore,Punjab,2025-07-02
C00341,high_return,Karachi,Sindh,2025-01-08
C00342,price_sensitive,Lahore,Punjab,2025-07-03
C00343,one_time,Karachi,Sindh,2025-12-18
C00344,one_time,Karachi,Sindh,2025-04-03
C00345,regular,Lahore,Punjab,2025-03-02
C00346,price_sensitive,Lahore,Punjab,2025-10-04
C00347,price_sensitive,Karachi,Sindh,2025-04-02
C00348,one_time,Lahore,Punjab,2025-01-22
C00349,loyal,Islamabad,ICT,2025-01-01
C00350,one_time,Islamabad,ICT,2025-01-12
C00351,price_sensitive,Lahore,Punjab,2025-02-03
C00352,loyal,Islamabad,ICT,2025-08-06
C00353,regular,Islamabad,ICT,2025-03-14
C00354,loyal,Islamabad,ICT,2025-02-16
C00355,high_return,Karachi,Sindh,2025-08-27
C00356,one_time,Islamabad,ICT,2025-04-17
C00357,regular,Islamabad,ICT,2025-03-02
C00358,loyal,Lahore,Punjab,2025-10-19
C00359,regular,Islamabad,ICT,2025-04-23
C00360,high_return,Karachi,Sindh,2025-06-29
C00361,price_sensitive,Karachi,Sindh,2025-05-07
C00362,regular,Lahore,Punjab,2025-01-14
C00363,high_return,Karachi,Sindh,2025-03-19
C00364,one_time,Karachi,Sindh,2025-12-31
C00365,loyal,Islamabad,ICT,2025-07-06
C00366,price_sensitive,Islamabad,ICT,2025-01-07
C00367,regular,Karachi,Sindh,2025-08-26
C00368,regular,Lahore,Punjab,2025-10-01
C00369,one_time,Lahore,Punjab,2025-08-15
C00370,one_time,Islamabad,ICT,2025-07-11
C00371,price_sensitive,Karachi,Sindh,2025-01-28
C00372,loyal,Islamabad,ICT,2025-09-30
C00373,price_sensitive,Lahore,Punjab,2025-05-06
C00374,loyal,Karachi,Sindh,2025-05-25
C00375,one_time,Islamabad,ICT,2025-01-25
C00376,regular,Islamabad,ICT,2025-03-08
C00377,high_return,Lahore,Punjab,2025-05-26
C00378,loyal,Islamabad,ICT,2025-04-21
C00379,regular,Lahore,Punjab,2025-04-21
C00380,regular,Lahore,Punjab,2025-08-24
C00381,loyal,Karachi,Sindh,2025-04-11
C00382,one_time,Karachi,Sindh,2025-10-09
C00383,high_return,Islamabad,ICT,2025-11-11
C00384,regular,Lahore,Punjab,2025-08-17
C00385,regular,Lahore,Punjab,2025-05-30
C00386,price_sensitive,Karachi,Sindh,2025-03-11
C00387,price_sensitive,Karachi,Sindh,2025-01-04
C00388,regular,Lahore,Punjab,2025-11-14
C00389,regular,Karachi,Sindh,2025-06-01
C00390,regular,Islamabad,ICT,2025-09-04
C00391,loyal,Lahore,Punjab,2025-01-31
C00392,one_time,Karachi,Sindh,2025-02-05
C00393,regular,Islamabad,ICT,2025-01-06
C00394,one_time,Lahore,Punjab,2025-08-08
C00395,regular,Islamabad,ICT,2025-12-01
C00396,regular,Islamabad,ICT,2025-04-04
C00397,price_sensitive,Lahore,Punjab,2025-03-03
C00398,regular,Islamabad,ICT,2025-12-01
C00399,one_time,Karachi,Sindh,2025-01-26
C00400,price_sensitive,Karachi,Sindh,2025-10-27
C00401,price_sensitive,Karachi,Sindh,2025-04-28
C00402,regular,Islamabad,ICT,2025-07-31
C00403,one_time,Karachi,Sindh,2025-04-23
C00404,one_time,Islamabad,ICT,2025-01-01
C00405,high_return,Karachi,Sindh,2025-11-16
C00406,loyal,Lahore,Punjab,2025-05-19
C00407,regular,Islamabad,ICT,2025-11-29
C00408,one_time,Islamabad,ICT,2025-06-10
C00409,one_time,Karachi,Sindh,2025-01-10
C00410,one_time,Lahore,Punjab,2025-05-18
C00411,regular,Karachi,Sindh,2025-01-13
C00412,regular,Karachi,Sindh,2025-03-25
C00413,price_sensitive,Lahore,Punjab,2025-04-11
C00414,loyal,Lahore,Punjab,2025-09-22
C00415,high_return,Karachi,Sindh,2025-02-07
C00416,one_time,Lahore,Punjab,2025-04-04
C00417,loyal,Karachi,Sindh,2025-03-10
C00418,regular,Islamabad,ICT,2025-08-24
C00419,one_time,Karachi,Sindh,2025-05-17
C00420,price_sensitive,Islamabad,ICT,2025-02-04
C00421,regular,Karachi,Sindh,2025-11-16
C00422,high_return,Lahore,Punjab,2025-11-16
C00423,regular,Islamabad,ICT,2025-09-24
C00424,regular,Lahore,Punjab,2025-09-27
C00425,regular,Islamabad,ICT,2025-10-18
C00426,price_sensitive,Islamabad,ICT,2025-01-05
C00427,price_sensitive,Karachi,Sindh,2025-03-19
C00428,one_time,Karachi,Sindh,2025-05-12
C00429,price_sensitive,Karachi,Sindh,2025-02-11
C00430,one_time,Karachi,Sindh,2025-10-23
C00431,one_time,Lahore,Punjab,2025-04-14
C00432,one_time,Karachi,Sindh,2025-06-28
C00433,high_return,Karachi,Sindh,2025-12-19
C00434,regular,Islamabad,ICT,2025-05-23
C00435,high_return,Lahore,Punjab,2025-05-25
C00436,regular,Lahore,Punjab,2025-11-05
C00437,regular,Islamabad,ICT,2025-02-08
C00438,loyal,Islamabad,ICT,2025-05-14
C00439,price_sensitive,Karachi,Sindh,2025-06-28
C00440,price_sensitive,Lahore,Punjab,2025-01-15
C00441,regular,Karachi,Sindh,2025-10-16
C00442,one_time,Islamabad,ICT,2025-08-19
C00443,high_return,Karachi,Sindh,2025-06-06
C00444,price_sensitive,Lahore,Punjab,2025-04-07
C00445,regular,Karachi,Sindh,2025-10-16
C00446,loyal,Lahore,Punjab,2025-03-27
C00447,regular,Karachi,Sindh,2025-01-05
C00448,regular,Karachi,Sindh,2025-12-19
C00449,loyal,Lahore,Punjab,2025-06-08
C00450,one_time,Lahore,Punjab,2025-12-31
C00451,loyal,Lahore,Punjab,2025-07-03
C00452,one_time,Karachi,Sindh,2025-05-16
C00453,price_sensitive,Karachi,Sindh,2025-02-16
C00454,one_time,Karachi,Sindh,2025-06-22
C00455,regular,Islamabad,ICT,2025-04-05
C00456,high_return,Karachi,Sindh,2025-10-19
C00457,regular,Lahore,Punjab,2025-10-10
C00458,one_time,Lahore,Punjab,2025-01-11
C00459,regular,Lahore,Punjab,2025-12-26
C00460,high_return,Karachi,Sindh,2025-07-19
C00461,one_time,Lahore,Punjab,2025-12-12
C00462,regular,Lahore,Punjab,2025-08-06
C00463,high_return,Islamabad,ICT,2025-07-29
C00464,high_return,Islamabad,ICT,2025-04-21
C00465,regular,Lahore,Punjab,2025-06-20
C00466,regular,Islamabad,ICT,2025-12-22
C00467,regular,Islamabad,ICT,2025-05-13
C00468,regular,Lahore,Punjab,2025-11-24
C00469,high_return,Karachi,Sindh,2025-04-02
C00470,one_time,Karachi,Sindh,2025-02-20
C00471,regular,Lahore,Punjab,2025-10-23
C00472,regular,Karachi,Sindh,2025-09-24
C00473,one_time,Islamabad,ICT,2025-10-29
C00474,price_sensitive,Lahore,Punjab,2025-12-12
C00475,regular,Karachi,Sindh,2025-07-01
C00476,regular,Karachi,Sindh,2025-01-01
C00477,regular,Islamabad,ICT,2025-02-24
C00478,price_sensitive,Lahore,Punjab,2025-05-29
C00479,one_time,Lahore,Punjab,2025-11-05
C00480,price_sensitive,Islamabad,ICT,2025-11-09
C00481,loyal,Lahore,Punjab,2025-10-18
C00482,one_time,Lahore,Punjab,2025-01-25
C00483,regular,Islamabad,ICT,2025-10-21
C00484,one_time,Islamabad,ICT,2025-07-29
C00485,one_time,Karachi,Sindh,2025-12-13
C00486,one_time,Lahore,Punjab,2025-12-30
C00487,regular,Islamabad,ICT,2025-07-01
C00488,price_sensitive,Karachi,Sindh,2025-06-29
C00489,one_time,Lahore,Punjab,2025-12-10
C00490,price_sensitive,Karachi,Sindh,2025-10-12
C00491,high_return,Islamabad,ICT,2025-05-30
C00492,price_sensitive,Lahore,Punjab,2025-02-18
C00493,price_sensitive,Karachi,Sindh,2025-03-25
C00494,one_time,Islamabad,ICT,2025-05-28
C00495,one_time,Islamabad,ICT,2025-03-04
C00496,regular,Islamabad,ICT,2025-02-18
C00497,price_sensitive,Islamabad,ICT,2025-08-12
C00498,loyal,Islamabad,ICT,2025-08-03
C00499,one_time,Islamabad,ICT,2025-07-30
C00500,one_time,Islamabad,ICT,2025-06-07
C00501,price_sensitive,Karachi,Sindh,2025-10-13
C00502,regular,Lahore,Punjab,2025-01-19
C00503,loyal,Lahore,Punjab,2025-03-19
C00504,regular,Karachi,Sindh,2025-07-13
C00505,one_time,Islamabad,ICT,2025-04-23
C00506,one_time,Lahore,Punjab,2025-06-15
C00507,regular,Islamabad,ICT,2025-05-12
C00508,price_sensitive,Lahore,Punjab,2025-02-24
C00509,regular,Islamabad,ICT,2025-10-15
C00510,price_sensitive,Karachi,Sindh,2025-06-11
C00511,one_time,Islamabad,ICT,2025-03-28
C00512,regular,Lahore,Punjab,2025-10-15
C00513,regular,Islamabad,ICT,2025-12-15
C00514,one_time,Lahore,Punjab,2025-11-09
C00515,price_sensitive,Islamabad,ICT,2025-09-12
C00516,loyal,Lahore,Punjab,2025-02-23
C00517,price_sensitive,Lahore,Punjab,2025-08-17
C00518,price_sensitive,Lahore,Punjab,2025-04-07
C00519,one_time,Islamabad,ICT,2025-09-21
C00520,loyal,Lahore,Punjab,2025-04-06
C00521,regular,Islamabad,ICT,2025-10-15
C00522,regular,Karachi,Sindh,2025-06-14
C00523,price_sensitive,Karachi,Sindh,2025-08-11
C00524,price_sensitive,Lahore,Punjab,2025-01-07
C00525,high_return,Islamabad,ICT,2025-06-10
C00526,price_sensitive,Lahore,Punjab,2025-05-27
C00527,loyal,Islamabad,ICT,2025-02-05
C00528,high_return,Islamabad,ICT,2025-03-23
C00529,regular,Karachi,Sindh,2025-10-30
C00530,high_return,Islamabad,ICT,2025-01-11
C00531,price_sensitive,Islamabad,ICT,2025-07-14
C00532,high_return,Lahore,Punjab,2025-01-20
C00533,high_return,Lahore,Punjab,2025-09-13
C00534,one_time,Islamabad,ICT,2025-08-14
C00535,regular,Karachi,Sindh,2025-12-21
C00536,regular,Lahore,Punjab,2025-12-08
C00537,regular,Lahore,Punjab,2025-03-22
C00538,regular,Karachi,Sindh,2025-04-30
C00539,regular,Lahore,Punjab,2025-08-03
C00540,regular,Islamabad,ICT,2025-07-28
C00541,one_time,Islamabad,ICT,2025-07-28
C00542,price_sensitive,Islamabad,ICT,2025-02-09
C00543,regular,Lahore,Punjab,2025-10-08
C00544,price_sensitive,Lahore,Punjab,2025-09-03
C00545,high_return,Lahore,Punjab,2025-01-04
C00546,loyal,Lahore,Punjab,2025-01-29
C00547,price_sensitive,Islamabad,ICT,2025-08-03
C00548,regular,Karachi,Sindh,2025-11-22
C00549,regular,Islamabad,ICT,2025-12-07
C00550,regular,Lahore,Punjab,2025-02-10
C00551,price_sensitive,Islamabad,ICT,2025-01-17
C00552,one_time,Karachi,Sindh,2025-03-17
C00553,price_sensitive,Islamabad,ICT,2025-12-28
C00554,price_sensitive,Karachi,Sindh,2025-01-27
C00555,regular,Lahore,Punjab,2025-05-14
C00556,regular,Islamabad,ICT,2025-04-08
C00557,high_return,Islamabad,ICT,2025-11-05
C00558,price_sensitive,Islamabad,ICT,2025-06-22
C00559,regular,Islamabad,ICT,2025-07-09
C00560,one_time,Lahore,Punjab,2025-03-05
C00561,one_time,Karachi,Sindh,2025-11-06
C00562,regular,Karachi,Sindh,2025-11-03
C00563,loyal,Islamabad,ICT,2025-10-09
C00564,loyal,Lahore,Punjab,2025-09-24
C00565,price_sensitive,Karachi,Sindh,2025-06-13
C00566,regular,Karachi,Sindh,2025-10-22
C00567,high_return,Karachi,Sindh,2025-11-06
C00568,one_time,Karachi,Sindh,2025-04-21
C00569,regular,Karachi,Sindh,2025-03-10
C00570,one_time,Karachi,Sindh,2025-09-07
C00571,loyal,Lahore,Punjab,2025-05-28
C00572,price_sensitive,Islamabad,ICT,2025-09-01
C00573,loyal,Karachi,Sindh,2025-12-31
C00574,price_sensitive,Lahore,Punjab,2025-07-20
C00575,regular,Lahore,Punjab,2025-03-14
C00576,loyal,Islamabad,ICT,2025-01-17
C00577,one_time,Islamabad,ICT,2025-03-02
C00578,regular,Karachi,Sindh,2025-02-11
C00579,one_time,Islamabad,ICT,2025-10-18
C00580,regular,Islamabad,ICT,2025-08-17
C00581,loyal,Lahore,Punjab,2025-04-12
C00582,high_return,Lahore,Punjab,2025-10-02
C00583,price_sensitive,Lahore,Punjab,2025-11-01
C00584,loyal,Karachi,Sindh,2025-11-26
C00585,regular,Karachi,Sindh,2025-10-30
C00586,loyal,Islamabad,ICT,2025-03-21
C00587,regular,Islamabad,ICT,2025-09-21
C00588,high_return,Karachi,Sindh,2025-03-22
C00589,high_return,Karachi,Sindh,2025-07-17
C00590,regular,Lahore,Punjab,2025-03-30
C00591,high_return,Karachi,Sindh,2025-02-28
C00592,regular,Karachi,Sindh,2025-12-31
C00593,regular,Islamabad,ICT,2025-10-15
C00594,regular,Islamabad,ICT,2025-07-18
C00595,regular,Lahore,Punjab,2025-10-09
C00596,high_return,Karachi,Sindh,2025-09-07
C00597,price_sensitive,Islamabad,ICT,2025-12-01
C00598,regular,Karachi,Sindh,2025-05-17
C00599,price_sensitive,Karachi,Sindh,2025-11-24
C00600,regular,Lahore,Punjab,2025-08-03
C00601,regular,Karachi,Sindh,2025-08-11
C00602,regular,Lahore,Punjab,2025-04-13
C00603,loyal,Islamabad,ICT,2025-06-08
C00604,one_time,Islamabad,ICT,2025-04-18
C00605,loyal,Islamabad,ICT,2025-04-08
C00606,regular,Islamabad,ICT,2025-06-20
C00607,price_sensitive,Lahore,Punjab,2025-07-02
C00608,one_time,Lahore,Punjab,2025-02-08
C00609,price_sensitive,Islamabad,ICT,2025-01-04
C00610,regular,Islamabad,ICT,2025-07-29
C00611,one_time,Islamabad,ICT,2025-04-18
C00612,price_sensitive,Lahore,Punjab,2025-11-07
C00613,one_time,Islamabad,ICT,2025-02-03
C00614,loyal,Lahore,Punjab,2025-09-04
C00615,price_sensitive,Karachi,Sindh,2025-10-01
C00616,regular,Islamabad,ICT,2025-08-15
C00617,loyal,Lahore,Punjab,2025-10-29
C00618,one_time,Lahore,Punjab,2025-11-14
C00619,one_time,Lahore,Punjab,2025-07-04
C00620,high_return,Karachi,Sindh,2025-08-24
C00621,regular,Islamabad,ICT,2025-09-23
C00622,loyal,Lahore,Punjab,2025-12-25
C00623,one_time,Islamabad,ICT,2025-03-06
C00624,price_sensitive,Lahore,Punjab,2025-01-03
C00625,one_time,Islamabad,ICT,2025-06-07
C00626,regular,Karachi,Sindh,2025-05-26
C00627,price_sensitive,Lahore,Punjab,2025-06-02
C00628,price_sensitive,Lahore,Punjab,2025-03-14
C00629,loyal,Karachi,Sindh,2025-12-10
C00630,loyal,Islamabad,ICT,2025-07-06
C00631,regular,Lahore,Punjab,2025-03-02
C00632,price_sensitive,Karachi,Sindh,2025-07-17
C00633,regular,Lahore,Punjab,2025-11-15
C00634,regular,Lahore,Punjab,2025-01-11
C00635,regular,Lahore,Punjab,2025-08-14
C00636,price_sensitive,Islamabad,ICT,2025-02-21
C00637,loyal,Karachi,Sindh,2025-03-13
C00638,regular,Karachi,Sindh,2025-03-04
C00639,price_sensitive,Karachi,Sindh,2025-08-31
C00640,one_time,Karachi,Sindh,2025-11-26
C00641,loyal,Lahore,Punjab,2025-11-09
C00642,price_sensitive,Islamabad,ICT,2025-08-29
C00643,regular,Karachi,Sindh,2025-09-19
C00644,regular,Islamabad,ICT,2025-02-23
C00645,regular,Karachi,Sindh,2025-06-26
C00646,one_time,Karachi,Sindh,2025-01-20
C00647,regular,Lahore,Punjab,2025-03-02
C00648,price_sensitive,Lahore,Punjab,2025-06-27
C00649,one_time,Lahore,Punjab,2025-05-25
C00650,price_sensitive,Islamabad,ICT,2025-06-09
C00651,one_time,Lahore,Punjab,2025-09-26
C00652,price_sensitive,Lahore,Punjab,2025-03-30
C00653,high_return,Karachi,Sindh,2025-12-23
C00654,loyal,Karachi,Sindh,2025-04-15
C00655,one_time,Lahore,Punjab,2025-05-03
C00656,loyal,Lahore,Punjab,2025-05-17
C00657,loyal,Islamabad,ICT,2025-08-14
C00658,regular,Islamabad,ICT,2025-01-09
C00659,price_sensitive,Karachi,Sindh,2025-01-25
C00660,one_time,Islamabad,ICT,2025-08-14
C00661,one_time,Lahore,Punjab,2025-02-07
C00662,price_sensitive,Lahore,Punjab,2025-06-25
C00663,one_time,Karachi,Sindh,2025-02-06
C00664,price_sensitive,Lahore,Punjab,2025-10-11
C00665,loyal,Lahore,Punjab,2025-03-22
C00666,loyal,Lahore,Punjab,2025-10-28
C00667,one_time,Lahore,Punjab,2025-12-15
C00668,regular,Islamabad,ICT,2025-11-19
C00669,one_time,Islamabad,ICT,2025-12-20
C00670,one_time,Islamabad,ICT,2025-08-25
C00671,regular,Islamabad,ICT,2025-08-04
C00672,regular,Islamabad,ICT,2025-06-17
C00673,price_sensitive,Karachi,Sindh,2025-02-28
C00674,regular,Lahore,Punjab,2025-06-18
C00675,price_sensitive,Karachi,Sindh,2025-02-14
C00676,regular,Lahore,Punjab,2025-06-19
C00677,loyal,Lahore,Punjab,2025-06-04
C00678,regular,Lahore,Punjab,2025-01-07
C00679,regular,Karachi,Sindh,2025-02-14
C00680,regular,Lahore,Punjab,2025-01-31
C00681,regular,Lahore,Punjab,2025-06-09
C00682,price_sensitive,Islamabad,ICT,2025-06-07
C00683,regular,Islamabad,ICT,2025-03-23
C00684,regular,Lahore,Punjab,2025-07-25
C00685,regular,Islamabad,ICT,2025-01-12
C00686,loyal,Karachi,Sindh,2025-08-12
C00687,loyal,Lahore,Punjab,2025-06-04
C00688,regular,Karachi,Sindh,2025-01-17
C00689,loyal,Islamabad,ICT,2025-12-20
C00690,high_return,Islamabad,ICT,2025-12-10
C00691,regular,Karachi,Sindh,2025-11-22
C00692,price_sensitive,Lahore,Punjab,2025-03-15
C00693,one_time,Islamabad,ICT,2025-11-15
C00694,one_time,Islamabad,ICT,2025-12-01
C00695,regular,Islamabad,ICT,2025-10-05
C00696,regular,Karachi,Sindh,2025-12-18
C00697,regular,Karachi,Sindh,2025-11-20
C00698,price_sensitive,Islamabad,ICT,2025-01-17
C00699,regular,Lahore,Punjab,2025-07-12
C00700,loyal,Karachi,Sindh,2025-04-30
C00701,loyal,Lahore,Punjab,2025-11-02
C00702,regular,Karachi,Sindh,2025-06-24
C00703,regular,Karachi,Sindh,2025-06-13
C00704,high_return,Lahore,Punjab,2025-01-07
C00705,loyal,Lahore,Punjab,2025-02-02
C00706,price_sensitive,Lahore,Punjab,2025-03-20
C00707,regular,Karachi,Sindh,2025-02-27
C00708,loyal,Lahore,Punjab,2025-08-14
C00709,regular,Lahore,Punjab,2025-04-09
C00710,one_time,Lahore,Punjab,2025-02-08
C00711,one_time,Lahore,Punjab,2025-10-12
C00712,regular,Lahore,Punjab,2025-10-15
C00713,loyal,Lahore,Punjab,2025-03-25
C00714,high_return,Lahore,Punjab,2025-01-27
C00715,regular,Karachi,Sindh,2025-08-24
C00716,loyal,Lahore,Punjab,2025-01-21
C00717,regular,Karachi,Sindh,2025-12-23
C00718,high_return,Islamabad,ICT,2025-09-19
C00719,regular,Islamabad,ICT,2025-09-14
C00720,price_sensitive,Karachi,Sindh,2025-01-15
C00721,regular,Lahore,Punjab,2025-06-12
C00722,loyal,Karachi,Sindh,2025-10-08
C00723,regular,Islamabad,ICT,2025-10-01
C00724,regular,Karachi,Sindh,2025-07-27
C00725,one_time,Islamabad,ICT,2025-03-01
C00726,price_sensitive,Karachi,Sindh,2025-05-25
C00727,loyal,Karachi,Sindh,2025-01-08
C00728,regular,Karachi,Sindh,2025-06-23
C00729,one_time,Karachi,Sindh,2025-07-18
C00730,high_return,Karachi,Sindh,2025-06-30
C00731,regular,Islamabad,ICT,2025-02-15
C00732,one_time,Karachi,Sindh,2025-08-10
C00733,loyal,Karachi,Sindh,2025-09-30
C00734,high_return,Karachi,Sindh,2025-12-06
C00735,one_time,Lahore,Punjab,2025-06-15
C00736,price_sensitive,Islamabad,ICT,2025-11-15
C00737,high_return,Karachi,Sindh,2025-04-27
C00738,high_return,Islamabad,ICT,2025-03-13
C00739,price_sensitive,Karachi,Sindh,2025-07-24
C00740,price_sensitive,Lahore,Punjab,2025-10-04
C00741,loyal,Islamabad,ICT,2025-11-16
C00742,one_time,Lahore,Punjab,2025-04-05
C00743,regular,Lahore,Punjab,2025-01-11
C00744,regular,Karachi,Sindh,2025-10-16
C00745,regular,Islamabad,ICT,2025-09-24
C00746,one_time,Islamabad,ICT,2025-03-29
C00747,price_sensitive,Islamabad,ICT,2025-03-17
C00748,regular,Islamabad,ICT,2025-06-09
C00749,loyal,Karachi,Sindh,2025-11-06
C00750,high_return,Karachi,Sindh,2025-05-28
C00751,one_time,Lahore,Punjab,2025-08-30
C00752,price_sensitive,Karachi,Sindh,2025-01-02
C00753,one_time,Islamabad,ICT,2025-08-21
C00754,one_time,Karachi,Sindh,2025-03-18
C00755,loyal,Lahore,Punjab,2025-04-13
C00756,loyal,Islamabad,ICT,2025-12-25
C00757,price_sensitive,Islamabad,ICT,2025-05-02
C00758,regular,Lahore,Punjab,2025-04-16
C00759,price_sensitive,Lahore,Punjab,2025-11-01
C00760,regular,Islamabad,ICT,2025-11-13
C00761,regular,Karachi,Sindh,2025-01-09
C00762,regular,Karachi,Sindh,2025-12-25
C00763,high_return,Islamabad,ICT,2025-02-10
C00764,regular,Islamabad,ICT,2025-09-21
C00765,regular,Islamabad,ICT,2025-12-14
C00766,regular,Karachi,Sindh,2025-11-14
C00767,high_return,Karachi,Sindh,2025-01-07
C00768,regular,Islamabad,ICT,2025-07-27
C00769,one_time,Lahore,Punjab,2025-11-10
C00770,regular,Islamabad,ICT,2025-01-03
C00771,loyal,Islamabad,ICT,2025-07-07
C00772,regular,Karachi,Sindh,2025-01-12
C00773,price_sensitive,Islamabad,ICT,2025-01-25
C00774,regular,Karachi,Sindh,2025-05-02
C00775,price_sensitive,Lahore,Punjab,2025-08-26
C00776,price_sensitive,Islamabad,ICT,2025-08-09
C00777,regular,Lahore,Punjab,2025-07-02
C00778,loyal,Islamabad,ICT,2025-10-27
C00779,one_time,Lahore,Punjab,2025-07-30
C00780,price_sensitive,Karachi,Sindh,2025-12-18
C00781,one_time,Islamabad,ICT,2025-02-28
C00782,high_return,Islamabad,ICT,2025-07-21
C00783,one_time,Lahore,Punjab,2025-04-03
C00784,one_time,Karachi,Sindh,2025-07-26
C00785,price_sensitive,Lahore,Punjab,2025-11-28
C00786,price_sensitive,Lahore,Punjab,2025-08-01
C00787,regular,Karachi,Sindh,2025-01-24
C00788,one_time,Lahore,Punjab,2025-01-04
C00789,regular,Lahore,Punjab,2025-01-20
C00790,one_time,Islamabad,ICT,2025-02-19
C00791,regular,Lahore,Punjab,2025-04-06
C00792,high_return,Islamabad,ICT,2025-09-07
C00793,regular,Karachi,Sindh,2025-08-16
C00794,regular,Lahore,Punjab,2025-09-19
C00795,high_return,Karachi,Sindh,2025-08-31
C00796,high_return,Islamabad,ICT,2025-09-03
C00797,one_time,Islamabad,ICT,2025-05-11
C00798,high_return,Islamabad,ICT,2025-02-09
C00799,regular,Lahore,Punjab,2025-08-13
C00800,loyal,Islamabad,ICT,2025-01-08
C00801,one_time,Islamabad,ICT,2025-03-28
C00802,high_return,Lahore,Punjab,2025-01-14
C00803,regular,Lahore,Punjab,2025-10-20
C00804,regular,Lahore,Punjab,2025-02-10
C00805,price_sensitive,Islamabad,ICT,2025-11-12
C00806,one_time,Islamabad,ICT,2025-01-14
C00807,one_time,Lahore,Punjab,2025-03-25
C00808,high_return,Lahore,Punjab,2025-11-22
C00809,high_return,Karachi,Sindh,2025-12-11
C00810,regular,Karachi,Sindh,2025-03-07
C00811,regular,Lahore,Punjab,2025-09-18
C00812,price_sensitive,Lahore,Punjab,2025-06-13
C00813,regular,Karachi,Sindh,2025-10-30
C00814,price_sensitive,Lahore,Punjab,2025-01-10
C00815,loyal,Islamabad,ICT,2025-09-27
C00816,price_sensitive,Islamabad,ICT,2025-04-03
C00817,price_sensitive,Islamabad,ICT,2025-12-16
C00818,price_sensitive,Lahore,Punjab,2025-05-13
C00819,price_sensitive,Lahore,Punjab,2025-06-20
C00820,regular,Karachi,Sindh,2025-11-09
C00821,price_sensitive,Lahore,Punjab,2025-10-11
C00822,loyal,Lahore,Punjab,2025-06-24
C00823,regular,Karachi,Sindh,2025-06-14
C00824,regular,Lahore,Punjab,2025-04-30
C00825,regular,Karachi,Sindh,2025-06-05
C00826,regular,Lahore,Punjab,2025-04-18
C00827,one_time,Lahore,Punjab,2025-11-30
C00828,loyal,Lahore,Punjab,2025-10-20
C00829,regular,Lahore,Punjab,2025-10-12
C00830,high_return,Islamabad,ICT,2025-02-04
C00831,one_time,Islamabad,ICT,2025-09-02
C00832,loyal,Lahore,Punjab,2025-06-10
C00833,one_time,Islamabad,ICT,2025-07-25
C00834,regular,Karachi,Sindh,2025-10-03
C00835,regular,Islamabad,ICT,2025-08-04
C00836,regular,Karachi,Sindh,2025-05-06
C00837,regular,Karachi,Sindh,2025-11-02
C00838,regular,Karachi,Sindh,2025-02-08
C00839,one_time,Islamabad,ICT,2025-06-27
C00840,one_time,Lahore,Punjab,2025-10-21
C00841,loyal,Lahore,Punjab,2025-05-06
C00842,price_sensitive,Islamabad,ICT,2025-12-02
C00843,regular,Karachi,Sindh,2025-01-08
C00844,regular,Islamabad,ICT,2025-05-09
C00845,regular,Lahore,Punjab,2025-06-06
C00846,one_time,Islamabad,ICT,2025-01-05
C00847,regular,Islamabad,ICT,2025-06-24
C00848,regular,Lahore,Punjab,2025-11-07
C00849,regular,Lahore,Punjab,2025-04-24
C00850,price_sensitive,Karachi,Sindh,2025-01-26
C00851,regular,Karachi,Sindh,2025-08-20
C00852,regular,Lahore,Punjab,2025-11-24
C00853,regular,Karachi,Sindh,2025-10-16
C00854,high_return,Lahore,Punjab,2025-10-14
C00855,high_return,Islamabad,ICT,2025-02-22
C00856,regular,Karachi,Sindh,2025-12-27
C00857,loyal,Lahore,Punjab,2025-08-08
C00858,price_sensitive,Islamabad,ICT,2025-07-11
C00859,loyal,Islamabad,ICT,2025-03-14
C00860,regular,Lahore,Punjab,2025-03-30
C00861,regular,Lahore,Punjab,2025-03-14
C00862,loyal,Islamabad,ICT,2025-06-08
C00863,regular,Islamabad,ICT,2025-11-20
C00864,high_return,Lahore,Punjab,2025-04-12
C00865,price_sensitive,Lahore,Punjab,2025-04-12
C00866,one_time,Islamabad,ICT,2025-03-23
C00867,regular,Islamabad,ICT,2025-10-06
C00868,one_time,Lahore,Punjab,2025-11-27
C00869,one_time,Lahore,Punjab,2025-11-06
C00870,high_return,Islamabad,ICT,2025-08-01
C00871,price_sensitive,Lahore,Punjab,2025-03-17
C00872,high_return,Lahore,Punjab,2025-05-23
C00873,regular,Lahore,Punjab,2025-11-12
C00874,one_time,Lahore,Punjab,2025-11-01
C00875,one_time,Karachi,Sindh,2025-10-18
C00876,price_sensitive,Karachi,Sindh,2025-09-24
C00877,high_return,Islamabad,ICT,2025-04-20
C00878,high_return,Karachi,Sindh,2025-09-22
C00879,one_time,Lahore,Punjab,2025-10-09
C00880,regular,Karachi,Sindh,2025-04-27
C00881,regular,Islamabad,ICT,2025-06-02
C00882,one_time,Islamabad,ICT,2025-10-31
C00883,high_return,Islamabad,ICT,2025-10-27
C00884,one_time,Karachi,Sindh,2025-02-12
C00885,regular,Karachi,Sindh,2025-11-22
C00886,regular,Karachi,Sindh,2025-12-30
C00887,regular,Islamabad,ICT,2025-01-21
C00888,price_sensitive,Lahore,Punjab,2025-12-02
C00889,high_return,Lahore,Punjab,2025-05-04
C00890,regular,Islamabad,ICT,2025-10-19
C00891,regular,Islamabad,ICT,2025-09-28
C00892,price_sensitive,Islamabad,ICT,2025-05-21
C00893,one_time,Islamabad,ICT,2025-10-17
C00894,price_sensitive,Lahore,Punjab,2025-02-21
C00895,regular,Karachi,Sindh,2025-06-06
C00896,regular,Karachi,Sindh,2025-10-18
C00897,high_return,Lahore,Punjab,2025-04-16
C00898,high_return,Karachi,Sindh,2025-05-26
C00899,one_time,Lahore,Punjab,2025-03-18
C00900,one_time,Karachi,Sindh,2025-12-11
C00901,one_time,Lahore,Punjab,2025-09-20
C00902,regular,Karachi,Sindh,2025-03-15
C00903,regular,Islamabad,ICT,2025-06-08
C00904,regular,Islamabad,ICT,2025-11-08
C00905,regular,Karachi,Sindh,2025-10-25
C00906,regular,Lahore,Punjab,2025-03-25
C00907,one_time,Karachi,Sindh,2025-09-20
C00908,regular,Karachi,Sindh,2025-06-21
C00909,loyal,Islamabad,ICT,2025-12-28
C00910,loyal,Lahore,Punjab,2025-05-21
C00911,high_return,Islamabad,ICT,2025-04-28
C00912,one_time,Karachi,Sindh,2025-08-08
C00913,price_sensitive,Islamabad,ICT,2025-01-09
C00914,high_return,Lahore,Punjab,2025-05-01
C00915,regular,Karachi,Sindh,2025-03-13
C00916,regular,Karachi,Sindh,2025-02-18
C00917,price_sensitive,Islamabad,ICT,2025-10-20
C00918,price_sensitive,Lahore,Punjab,2025-06-01
C00919,regular,Lahore,Punjab,2025-03-01
C00920,regular,Lahore,Punjab,2025-12-11
C00921,loyal,Lahore,Punjab,2025-06-13
C00922,price_sensitive,Lahore,Punjab,2025-08-30
C00923,price_sensitive,Karachi,Sindh,2025-02-18
C00924,regular,Karachi,Sindh,2025-08-14
C00925,one_time,Lahore,Punjab,2025-05-29
C00926,loyal,Lahore,Punjab,2025-10-20
C00927,high_return,Karachi,Sindh,2025-06-09
C00928,high_return,Karachi,Sindh,2025-03-19
C00929,high_return,Lahore,Punjab,2025-09-11
C00930,price_sensitive,Lahore,Punjab,2025-11-16
C00931,loyal,Karachi,Sindh,2025-03-26
C00932,regular,Islamabad,ICT,2025-02-11
C00933,one_time,Islamabad,ICT,2025-06-16
C00934,regular,Islamabad,ICT,2025-10-07
C00935,loyal,Karachi,Sindh,2025-01-19
C00936,high_return,Karachi,Sindh,2025-04-12
C00937,high_return,Karachi,Sindh,2025-06-16
C00938,regular,Islamabad,ICT,2025-02-05
C00939,loyal,Lahore,Punjab,2025-12-19
C00940,high_return,Karachi,Sindh,2025-03-14
C00941,price_sensitive,Karachi,Sindh,2025-03-11
C00942,one_time,Karachi,Sindh,2025-07-15
C00943,one_time,Islamabad,ICT,2025-11-12
C00944,loyal,Lahore,Punjab,2025-01-05
C00945,loyal,Islamabad,ICT,2025-06-09
C00946,one_time,Islamabad,ICT,2025-08-18
C00947,high_return,Islamabad,ICT,2025-03-08
C00948,one_time,Karachi,Sindh,2025-02-27
C00949,price_sensitive,Islamabad,ICT,2025-11-22
C00950,loyal,Lahore,Punjab,2025-06-21
C00951,regular,Lahore,Punjab,2025-07-28
C00952,regular,Lahore,Punjab,2025-10-13
C00953,price_sensitive,Lahore,Punjab,2025-05-30
C00954,high_return,Islamabad,ICT,2025-02-05
C00955,regular,Lahore,Punjab,2025-10-14
C00956,regular,Lahore,Punjab,2025-11-07
C00957,one_time,Islamabad,ICT,2025-06-07
C00958,one_time,Islamabad,ICT,2025-01-12
C00959,one_time,Karachi,Sindh,2025-05-16
C00960,regular,Islamabad,ICT,2025-05-24
C00961,one_time,Islamabad,ICT,2025-10-06
C00962,one_time,Karachi,Sindh,2025-04-14
C00963,loyal,Karachi,Sindh,2025-12-26
C00964,regular,Islamabad,ICT,2025-11-17
C00965,regular,Karachi,Sindh,2025-05-29
C00966,loyal,Lahore,Punjab,2025-08-19
C00967,regular,Islamabad,ICT,2025-09-29
C00968,one_time,Karachi,Sindh,2025-08-14
C00969,loyal,Karachi,Sindh,2025-10-19
C00970,price_sensitive,Karachi,Sindh,2025-04-24
C00971,one_time,Karachi,Sindh,2025-12-27
C00972,loyal,Islamabad,ICT,2025-09-06
C00973,one_time,Karachi,Sindh,2025-11-27
C00974,regular,Karachi,Sindh,2025-07-09
C00975,one_time,Karachi,Sindh,2025-07-15
C00976,regular,Lahore,Punjab,2025-09-19
C00977,regular,Lahore,Punjab,2025-05-23
C00978,regular,Islamabad,ICT,2025-04-11
C00979,one_time,Islamabad,ICT,2025-01-12
C00980,regular,Lahore,Punjab,2025-02-11
C00981,one_time,Lahore,Punjab,2025-10-18
C00982,regular,Karachi,Sindh,2025-06-07
C00983,regular,Karachi,Sindh,2025-03-08
C00984,regular,Lahore,Punjab,2025-01-14
C00985,loyal,Islamabad,ICT,2025-06-12
C00986,price_sensitive,Lahore,Punjab,2025-05-10
C00987,price_sensitive,Islamabad,ICT,2025-07-25
C00988,regular,Lahore,Punjab,2025-09-13
C00989,regular,Karachi,Sindh,2025-10-08
C00990,one_time,Islamabad,ICT,2025-10-16
C00991,regular,Karachi,Sindh,2025-09-27
C00992,loyal,Lahore,Punjab,2025-12-02
C00993,regular,Islamabad,ICT,2025-01-25
C00994,regular,Islamabad,ICT,2025-01-25
C00995,price_sensitive,Islamabad,ICT,2025-06-22
C00996,one_time,Karachi,Sindh,2025-10-15
C00997,loyal,Lahore,Punjab,2025-04-02
C00998,price_sensitive,Karachi,Sindh,2025-11-30
C00999,regular,Islamabad,ICT,2025-11-12
C01000,regular,Karachi,Sindh,2025-06-09
C01001,price_sensitive,Islamabad,ICT,2025-09-11
C01002,high_return,Karachi,Sindh,2025-05-31
C01003,price_sensitive,Lahore,Punjab,2025-01-05
C01004,regular,Karachi,Sindh,2025-09-23
C01005,price_sensitive,Karachi,Sindh,2025-09-24
C01006,regular,Karachi,Sindh,2025-02-25
C01007,price_sensitive,Karachi,Sindh,2025-03-24
C01008,price_sensitive,Lahore,Punjab,2025-05-29
C01009,loyal,Islamabad,ICT,2025-07-09
C01010,price_sensitive,Islamabad,ICT,2025-09-20
C01011,regular,Islamabad,ICT,2025-09-09
C01012,high_return,Lahore,Punjab,2025-09-17
C01013,regular,Lahore,Punjab,2025-09-30
C01014,price_sensitive,Karachi,Sindh,2025-11-04
C01015,price_sensitive,Lahore,Punjab,2025-05-04
C01016,regular,Islamabad,ICT,2025-06-27
C01017,loyal,Lahore,Punjab,2025-04-26
C01018,one_time,Islamabad,ICT,2025-09-13
C01019,price_sensitive,Lahore,Punjab,2025-01-07
C01020,one_time,Lahore,Punjab,2025-01-14
C01021,price_sensitive,Islamabad,ICT,2025-03-27
C01022,regular,Islamabad,ICT,2025-07-02
C01023,one_time,Lahore,Punjab,2025-08-07
C01024,one_time,Lahore,Punjab,2025-08-18
C01025,price_sensitive,Karachi,Sindh,2025-05-18
C01026,regular,Islamabad,ICT,2025-03-06
C01027,price_sensitive,Karachi,Sindh,2025-08-30
C01028,high_return,Lahore,Punjab,2025-06-30
C01029,regular,Islamabad,ICT,2025-06-22
C01030,loyal,Lahore,Punjab,2025-07-07
C01031,high_return,Islamabad,ICT,2025-11-04
C01032,price_sensitive,Lahore,Punjab,2025-04-27
C01033,one_time,Karachi,Sindh,2025-07-15
C01034,regular,Karachi,Sindh,2025-04-22
C01035,regular,Karachi,Sindh,2025-08-20
C01036,regular,Islamabad,ICT,2025-08-09
C01037,one_time,Islamabad,ICT,2025-02-11
C01038,regular,Islamabad,ICT,2025-04-23
C01039,regular,Karachi,Sindh,2025-01-17
C01040,high_return,Islamabad,ICT,2025-05-09
C01041,regular,Lahore,Punjab,2025-02-17
C01042,price_sensitive,Islamabad,ICT,2025-01-10
C01043,regular,Karachi,Sindh,2025-08-20
C01044,one_time,Karachi,Sindh,2025-07-22
C01045,one_time,Lahore,Punjab,2025-09-21
C01046,regular,Islamabad,ICT,2025-07-19
C01047,price_sensitive,Islamabad,ICT,2025-12-09
C01048,one_time,Lahore,Punjab,2025-03-10
C01049,regular,Lahore,Punjab,2025-03-28
C01050,regular,Karachi,Sindh,2025-11-29
C01051,loyal,Islamabad,ICT,2025-03-28
C01052,regular,Lahore,Punjab,2025-04-19
C01053,regular,Islamabad,ICT,2025-06-01
C01054,loyal,Lahore,Punjab,2025-05-28
C01055,regular,Karachi,Sindh,2025-11-10
C01056,one_time,Lahore,Punjab,2025-08-16
C01057,one_time,Lahore,Punjab,2025-07-30
C01058,regular,Lahore,Punjab,2025-01-28
C01059,one_time,Lahore,Punjab,2025-09-18
C01060,one_time,Lahore,Punjab,2025-12-18
C01061,loyal,Islamabad,ICT,2025-05-18
C01062,loyal,Karachi,Sindh,2025-08-08
C01063,regular,Karachi,Sindh,2025-05-16
C01064,regular,Lahore,Punjab,2025-11-25
C01065,one_time,Lahore,Punjab,2025-02-18
C01066,price_sensitive,Islamabad,ICT,2025-11-20
C01067,regular,Lahore,Punjab,2025-06-18
C01068,regular,Lahore,Punjab,2025-04-29
C01069,loyal,Islamabad,ICT,2025-09-23
C01070,regular,Lahore,Punjab,2025-05-20
C01071,one_time,Islamabad,ICT,2025-09-15
C01072,high_return,Karachi,Sindh,2025-06-30
C01073,regular,Lahore,Punjab,2025-10-15
C01074,high_return,Karachi,Sindh,2025-08-14
C01075,loyal,Lahore,Punjab,2025-09-28
C01076,loyal,Lahore,Punjab,2025-07-02
C01077,loyal,Lahore,Punjab,2025-11-11
C01078,one_time,Karachi,Sindh,2025-04-24
C01079,regular,Lahore,Punjab,2025-08-01
C01080,regular,Islamabad,ICT,2025-06-23
C01081,loyal,Karachi,Sindh,2025-05-02
C01082,regular,Islamabad,ICT,2025-04-29
C01083,regular,Islamabad,ICT,2025-09-25
C01084,regular,Lahore,Punjab,2025-01-18
C01085,high_return,Lahore,Punjab,2025-05-29
C01086,regular,Karachi,Sindh,2025-10-29
C01087,regular,Karachi,Sindh,2025-05-15
C01088,price_sensitive,Islamabad,ICT,2025-08-12
C01089,price_sensitive,Lahore,Punjab,2025-03-27
C01090,regular,Islamabad,ICT,2025-12-11
C01091,regular,Lahore,Punjab,2025-10-12
C01092,regular,Islamabad,ICT,2025-09-15
C01093,loyal,Lahore,Punjab,2025-10-10
C01094,regular,Karachi,Sindh,2025-03-29
C01095,one_time,Karachi,Sindh,2025-10-05
C01096,one_time,Lahore,Punjab,2025-07-08
C01097,regular,Islamabad,ICT,2025-01-03
C01098,price_sensitive,Karachi,Sindh,2025-01-19
C01099,price_sensitive,Lahore,Punjab,2025-01-30
C01100,regular,Lahore,Punjab,2025-10-08
C01101,regular,Islamabad,ICT,2025-04-21
C01102,price_sensitive,Lahore,Punjab,2025-07-05
C01103,loyal,Karachi,Sindh,2025-05-09
C01104,regular,Karachi,Sindh,2025-01-03
C01105,regular,Islamabad,ICT,2025-04-14
C01106,price_sensitive,Islamabad,ICT,2025-11-16
C01107,regular,Karachi,Sindh,2025-01-10
C01108,regular,Islamabad,ICT,2025-10-29
C01109,high_return,Karachi,Sindh,2025-03-07
C01110,one_time,Lahore,Punjab,2025-01-13
C01111,one_time,Islamabad,ICT,2025-03-27
C01112,regular,Karachi,Sindh,2025-11-10
C01113,loyal,Islamabad,ICT,2025-07-28
C01114,loyal,Lahore,Punjab,2025-05-01
C01115,regular,Karachi,Sindh,2025-01-20
C01116,price_sensitive,Karachi,Sindh,2025-08-31
C01117,regular,Karachi,Sindh,2025-03-11
C01118,regular,Lahore,Punjab,2025-04-11
C01119,loyal,Karachi,Sindh,2025-04-21
C01120,one_time,Islamabad,ICT,2025-01-20
C01121,regular,Karachi,Sindh,2025-08-15
C01122,loyal,Lahore,Punjab,2025-08-18
C01123,one_time,Islamabad,ICT,2025-12-25
C01124,loyal,Lahore,Punjab,2025-02-07
C01125,price_sensitive,Islamabad,ICT,2025-07-07
C01126,regular,Islamabad,ICT,2025-01-20
C01127,one_time,Lahore,Punjab,2025-03-12
C01128,one_time,Lahore,Punjab,2025-01-14
C01129,regular,Lahore,Punjab,2025-08-17
C01130,high_return,Lahore,Punjab,2025-02-24
C01131,regular,Karachi,Sindh,2025-09-11
C01132,one_time,Lahore,Punjab,2025-06-07
C01133,regular,Islamabad,ICT,2025-06-08
C01134,loyal,Karachi,Sindh,2025-11-01
C01135,high_return,Lahore,Punjab,2025-07-30
C01136,loyal,Karachi,Sindh,2025-04-19
C01137,regular,Islamabad,ICT,2025-11-10
C01138,regular,Islamabad,ICT,2025-12-22
C01139,one_time,Islamabad,ICT,2025-06-22
C01140,price_sensitive,Karachi,Sindh,2025-07-02
C01141,regular,Karachi,Sindh,2025-05-26
C01142,one_time,Lahore,Punjab,2025-04-23
C01143,high_return,Lahore,Punjab,2025-09-08
C01144,regular,Lahore,Punjab,2025-11-09
C01145,regular,Islamabad,ICT,2025-10-28
C01146,price_sensitive,Lahore,Punjab,2025-07-17
C01147,high_return,Karachi,Sindh,2025-08-28
C01148,price_sensitive,Lahore,Punjab,2025-07-17
C01149,regular,Islamabad,ICT,2025-05-04
C01150,one_time,Lahore,Punjab,2025-05-17
C01151,regular,Islamabad,ICT,2025-11-21
C01152,price_sensitive,Islamabad,ICT,2025-03-02
C01153,regular,Islamabad,ICT,2025-09-16
C01154,loyal,Lahore,Punjab,2025-04-23
C01155,high_return,Karachi,Sindh,2025-04-28
C01156,price_sensitive,Lahore,Punjab,2025-12-03
C01157,regular,Islamabad,ICT,2025-02-20
C01158,regular,Lahore,Punjab,2025-02-04
C01159,one_time,Lahore,Punjab,2025-03-10
C01160,regular,Lahore,Punjab,2025-02-18
C01161,one_time,Islamabad,ICT,2025-07-11
C01162,one_time,Islamabad,ICT,2025-03-11
C01163,high_return,Lahore,Punjab,2025-05-06
C01164,regular,Lahore,Punjab,2025-05-09
C01165,regular,Lahore,Punjab,2025-04-10
C01166,regular,Karachi,Sindh,2025-07-01
C01167,price_sensitive,Islamabad,ICT,2025-12-30
C01168,loyal,Karachi,Sindh,2025-01-31
C01169,regular,Islamabad,ICT,2025-02-05
C01170,loyal,Lahore,Punjab,2025-12-30
C01171,loyal,Karachi,Sindh,2025-12-08
C01172,price_sensitive,Lahore,Punjab,2025-06-12
C01173,price_sensitive,Karachi,Sindh,2025-09-27
C01174,price_sensitive,Lahore,Punjab,2025-12-02
C01175,one_time,Islamabad,ICT,2025-04-16
C01176,regular,Lahore,Punjab,2025-03-11
C01177,loyal,Islamabad,ICT,2025-10-28
C01178,regular,Lahore,Punjab,2025-04-17
C01179,loyal,Lahore,Punjab,2025-09-07
C01180,high_return,Islamabad,ICT,2025-01-21
C01181,one_time,Islamabad,ICT,2025-01-07
C01182,loyal,Karachi,Sindh,2025-06-09
C01183,regular,Lahore,Punjab,2025-05-28
C01184,loyal,Karachi,Sindh,2025-07-18
C01185,one_time,Karachi,Sindh,2025-06-03
C01186,one_time,Islamabad,ICT,2025-05-22
C01187,regular,Islamabad,ICT,2025-11-10
C01188,regular,Lahore,Punjab,2025-03-10
C01189,high_return,Karachi,Sindh,2025-08-06
C01190,price_sensitive,Lahore,Punjab,2025-11-01
C01191,one_time,Karachi,Sindh,2025-12-11
C01192,regular,Islamabad,ICT,2025-06-10
C01193,price_sensitive,Lahore,Punjab,2025-07-15
C01194,one_time,Karachi,Sindh,2025-11-23
C01195,regular,Islamabad,ICT,2025-10-16
C01196,one_time,Karachi,Sindh,2025-03-02
C01197,price_sensitive,Lahore,Punjab,2025-01-28
C01198,regular,Islamabad,ICT,2025-06-18
C01199,regular,Karachi,Sindh,2025-06-26
C01200,one_time,Karachi,Sindh,2025-07-17
C01201,regular,Lahore,Punjab,2025-11-26
C01202,price_sensitive,Lahore,Punjab,2025-01-02
C01203,regular,Lahore,Punjab,2025-02-26
C01204,regular,Islamabad,ICT,2025-04-08
C01205,regular,Islamabad,ICT,2025-05-05
C01206,regular,Lahore,Punjab,2025-03-17
C01207,loyal,Islamabad,ICT,2025-10-21
C01208,regular,Karachi,Sindh,2025-05-18
C01209,regular,Lahore,Punjab,2025-08-31
C01210,regular,Islamabad,ICT,2025-02-01
C01211,price_sensitive,Islamabad,ICT,2025-01-20
C01212,one_time,Lahore,Punjab,2025-03-09
C01213,regular,Lahore,Punjab,2025-08-02
C01214,loyal,Islamabad,ICT,2025-08-20
C01215,regular,Islamabad,ICT,2025-08-02
C01216,price_sensitive,Lahore,Punjab,2025-09-27
C01217,price_sensitive,Islamabad,ICT,2025-06-17
C01218,regular,Karachi,Sindh,2025-01-26
C01219,one_time,Islamabad,ICT,2025-03-07
C01220,loyal,Karachi,Sindh,2025-09-11
C01221,one_time,Karachi,Sindh,2025-02-13
C01222,one_time,Islamabad,ICT,2025-08-15
C01223,loyal,Islamabad,ICT,2025-10-06
C01224,regular,Lahore,Punjab,2025-06-27
C01225,loyal,Karachi,Sindh,2025-07-16
C01226,regular,Islamabad,ICT,2025-09-25
C01227,one_time,Karachi,Sindh,2025-10-24
C01228,high_return,Lahore,Punjab,2025-03-26
C01229,price_sensitive,Karachi,Sindh,2025-02-16
C01230,price_sensitive,Islamabad,ICT,2025-08-26
C01231,one_time,Islamabad,ICT,2025-02-11
C01232,one_time,Karachi,Sindh,2025-09-25
C01233,price_sensitive,Lahore,Punjab,2025-12-02
C01234,regular,Karachi,Sindh,2025-09-16
C01235,regular,Islamabad,ICT,2025-12-29
C01236,regular,Lahore,Punjab,2025-08-08
C01237,price_sensitive,Karachi,Sindh,2025-01-08
C01238,regular,Karachi,Sindh,2025-06-25
C01239,price_sensitive,Lahore,Punjab,2025-09-17
C01240,regular,Karachi,Sindh,2025-09-03
C01241,regular,Lahore,Punjab,2025-05-17
C01242,regular,Lahore,Punjab,2025-10-29
C01243,price_sensitive,Lahore,Punjab,2025-05-09
C01244,one_time,Lahore,Punjab,2025-01-21
C01245,regular,Karachi,Sindh,2025-06-11
C01246,price_sensitive,Karachi,Sindh,2025-04-12
C01247,regular,Islamabad,ICT,2025-02-28
C01248,price_sensitive,Lahore,Punjab,2025-10-10
C01249,regular,Islamabad,ICT,2025-05-11
C01250,one_time,Islamabad,ICT,2025-10-08
C01251,regular,Karachi,Sindh,2025-06-03
C01252,loyal,Karachi,Sindh,2025-05-13
C01253,regular,Karachi,Sindh,2025-09-22
C01254,regular,Karachi,Sindh,2025-05-14
C01255,regular,Islamabad,ICT,2025-12-30
C01256,one_time,Lahore,Punjab,2025-08-01
C01257,price_sensitive,Islamabad,ICT,2025-05-11
C01258,regular,Islamabad,ICT,2025-10-13
C01259,price_sensitive,Karachi,Sindh,2025-10-04
C01260,loyal,Lahore,Punjab,2025-08-06
C01261,loyal,Islamabad,ICT,2025-06-12
C01262,price_sensitive,Karachi,Sindh,2025-02-10
C01263,regular,Karachi,Sindh,2025-12-04
C01264,regular,Lahore,Punjab,2025-10-06
C01265,high_return,Islamabad,ICT,2025-05-30
C01266,regular,Lahore,Punjab,2025-04-18
C01267,one_time,Lahore,Punjab,2025-09-28
C01268,price_sensitive,Lahore,Punjab,2025-10-16
C01269,loyal,Islamabad,ICT,2025-09-29
C01270,loyal,Karachi,Sindh,2025-09-05
C01271,loyal,Lahore,Punjab,2025-07-20
C01272,high_return,Lahore,Punjab,2025-01-01
C01273,regular,Islamabad,ICT,2025-12-09
C01274,loyal,Islamabad,ICT,2025-03-08
C01275,regular,Karachi,Sindh,2025-10-30
C01276,price_sensitive,Karachi,Sindh,2025-07-10
C01277,loyal,Lahore,Punjab,2025-11-09
C01278,price_sensitive,Lahore,Punjab,2025-10-29
C01279,regular,Islamabad,ICT,2025-02-08
C01280,regular,Lahore,Punjab,2025-09-09
C01281,regular,Islamabad,ICT,2025-07-29
C01282,high_return,Lahore,Punjab,2025-05-14
C01283,regular,Islamabad,ICT,2025-04-01
C01284,one_time,Lahore,Punjab,2025-02-15
C01285,one_time,Lahore,Punjab,2025-04-10
C01286,one_time,Lahore,Punjab,2025-07-09
C01287,one_time,Karachi,Sindh,2025-01-30
C01288,regular,Lahore,Punjab,2025-03-25
C01289,loyal,Lahore,Punjab,2025-12-10
C01290,loyal,Karachi,Sindh,2025-04-12
C01291,price_sensitive,Karachi,Sindh,2025-03-24
C01292,regular,Lahore,Punjab,2025-10-02
C01293,regular,Islamabad,ICT,2025-06-22
C01294,regular,Lahore,Punjab,2025-03-04
C01295,one_time,Islamabad,ICT,2025-05-04
C01296,regular,Lahore,Punjab,2025-10-02
C01297,regular,Islamabad,ICT,2025-04-30
C01298,regular,Lahore,Punjab,2025-11-13
C01299,loyal,Karachi,Sindh,2025-10-13
C01300,loyal,Islamabad,ICT,2025-06-10
C01301,one_time,Lahore,Punjab,2025-03-30
C01302,regular,Lahore,Punjab,2025-11-05
C01303,price_sensitive,Karachi,Sindh,2025-11-30
C01304,regular,Islamabad,ICT,2025-07-15
C01305,loyal,Islamabad,ICT,2025-09-21
C01306,regular,Islamabad,ICT,2025-05-05
C01307,high_return,Karachi,Sindh,2025-04-30
C01308,price_sensitive,Islamabad,ICT,2025-07-02
C01309,one_time,Islamabad,ICT,2025-03-03
C01310,regular,Lahore,Punjab,2025-06-07
C01311,one_time,Lahore,Punjab,2025-09-24
C01312,regular,Karachi,Sindh,2025-02-19
C01313,high_return,Islamabad,ICT,2025-05-29
C01314,loyal,Lahore,Punjab,2025-10-03
C01315,price_sensitive,Karachi,Sindh,2025-06-21
C01316,loyal,Islamabad,ICT,2025-07-20
C01317,regular,Karachi,Sindh,2025-11-20
C01318,regular,Islamabad,ICT,2025-08-04
C01319,regular,Lahore,Punjab,2025-01-08
C01320,one_time,Islamabad,ICT,2025-11-28
C01321,regular,Islamabad,ICT,2025-06-23
C01322,regular,Islamabad,ICT,2025-12-27
C01323,one_time,Islamabad,ICT,2025-11-04
C01324,one_time,Karachi,Sindh,2025-08-20
C01325,regular,Islamabad,ICT,2025-02-07
C01326,high_return,Karachi,Sindh,2025-06-06
C01327,high_return,Islamabad,ICT,2025-11-07
C01328,one_time,Islamabad,ICT,2025-01-28
C01329,price_sensitive,Karachi,Sindh,2025-03-17
C01330,one_time,Lahore,Punjab,2025-12-08
C01331,price_sensitive,Lahore,Punjab,2025-06-11
C01332,one_time,Karachi,Sindh,2025-12-27
C01333,one_time,Islamabad,ICT,2025-03-28
C01334,one_time,Lahore,Punjab,2025-08-02
C01335,price_sensitive,Islamabad,ICT,2025-03-02
C01336,one_time,Karachi,Sindh,2025-08-06
C01337,regular,Karachi,Sindh,2025-12-28
C01338,regular,Lahore,Punjab,2025-04-03
C01339,one_time,Lahore,Punjab,2025-12-21
C01340,price_sensitive,Islamabad,ICT,2025-10-18
C01341,one_time,Lahore,Punjab,2025-12-06
C01342,price_sensitive,Karachi,Sindh,2025-05-21
C01343,one_time,Karachi,Sindh,2025-02-18
C01344,loyal,Karachi,Sindh,2025-07-09
C01345,regular,Islamabad,ICT,2025-12-19
C01346,price_sensitive,Lahore,Punjab,2025-12-07
C01347,one_time,Islamabad,ICT,2025-07-11
C01348,one_time,Islamabad,ICT,2025-12-29
C01349,loyal,Lahore,Punjab,2025-08-21
C01350,one_time,Karachi,Sindh,2025-02-06
C01351,price_sensitive,Lahore,Punjab,2025-01-17
C01352,loyal,Lahore,Punjab,2025-11-03
C01353,regular,Lahore,Punjab,2025-07-02
C01354,regular,Islamabad,ICT,2025-07-11
C01355,regular,Lahore,Punjab,2025-05-27
C01356,one_time,Karachi,Sindh,2025-05-07
C01357,price_sensitive,Lahore,Punjab,2025-01-01
C01358,one_time,Karachi,Sindh,2025-01-19
C01359,one_time,Karachi,Sindh,2025-04-19
C01360,high_return,Karachi,Sindh,2025-08-28
C01361,price_sensitive,Islamabad,ICT,2025-03-31
C01362,regular,Islamabad,ICT,2025-09-07
C01363,regular,Islamabad,ICT,2025-06-02
C01364,high_return,Lahore,Punjab,2025-12-09
C01365,regular,Islamabad,ICT,2025-08-03
C01366,loyal,Lahore,Punjab,2025-12-06
C01367,regular,Karachi,Sindh,2025-11-20
C01368,one_time,Lahore,Punjab,2025-05-07
C01369,regular,Karachi,Sindh,2025-05-27
C01370,high_return,Lahore,Punjab,2025-03-25
C01371,regular,Islamabad,ICT,2025-11-28
C01372,loyal,Karachi,Sindh,2025-05-23
C01373,regular,Lahore,Punjab,2025-09-15
C01374,regular,Lahore,Punjab,2025-04-15
C01375,high_return,Islamabad,ICT,2025-11-03
C01376,high_return,Islamabad,ICT,2025-09-23
C01377,one_time,Islamabad,ICT,2025-02-20
C01378,regular,Lahore,Punjab,2025-02-08
C01379,regular,Islamabad,ICT,2025-03-25
C01380,high_return,Lahore,Punjab,2025-04-27
C01381,regular,Islamabad,ICT,2025-06-15
C01382,regular,Lahore,Punjab,2025-12-16
C01383,price_sensitive,Karachi,Sindh,2025-03-22
C01384,regular,Islamabad,ICT,2025-09-25
C01385,price_sensitive,Karachi,Sindh,2025-11-17
C01386,loyal,Lahore,Punjab,2025-12-23
C01387,loyal,Karachi,Sindh,2025-02-18
C01388,price_sensitive,Islamabad,ICT,2025-10-06
C01389,regular,Islamabad,ICT,2025-10-21
C01390,regular,Lahore,Punjab,2025-04-17
C01391,one_time,Islamabad,ICT,2025-04-09
C01392,loyal,Karachi,Sindh,2025-03-14
C01393,price_sensitive,Islamabad,ICT,2025-05-02
C01394,high_return,Karachi,Sindh,2025-12-30
C01395,regular,Islamabad,ICT,2025-07-14
C01396,regular,Lahore,Punjab,2025-12-01
C01397,regular,Islamabad,ICT,2025-01-23
C01398,price_sensitive,Lahore,Punjab,2025-02-17
C01399,loyal,Islamabad,ICT,2025-11-09
C01400,loyal,Lahore,Punjab,2025-06-16
C01401,one_time,Karachi,Sindh,2025-06-05
C01402,one_time,Karachi,Sindh,2025-07-15
C01403,loyal,Karachi,Sindh,2025-11-17
C01404,one_time,Karachi,Sindh,2025-05-28
C01405,price_sensitive,Lahore,Punjab,2025-07-21
C01406,high_return,Lahore,Punjab,2025-05-06
C01407,high_return,Karachi,Sindh,2025-10-21
C01408,regular,Karachi,Sindh,2025-06-25
C01409,price_sensitive,Karachi,Sindh,2025-07-23
C01410,one_time,Islamabad,ICT,2025-01-31
C01411,regular,Karachi,Sindh,2025-12-31
C01412,regular,Lahore,Punjab,2025-12-10
C01413,one_time,Lahore,Punjab,2025-03-16
C01414,loyal,Lahore,Punjab,2025-06-03
C01415,loyal,Islamabad,ICT,2025-12-29
C01416,one_time,Islamabad,ICT,2025-08-22
C01417,one_time,Islamabad,ICT,2025-09-19
C01418,regular,Islamabad,ICT,2025-09-02
C01419,price_sensitive,Lahore,Punjab,2025-05-02
C01420,loyal,Islamabad,ICT,2025-06-19
C01421,one_time,Islamabad,ICT,2025-02-04
C01422,regular,Islamabad,ICT,2025-07-15
C01423,regular,Karachi,Sindh,2025-07-20
C01424,regular,Lahore,Punjab,2025-03-18
C01425,high_return,Islamabad,ICT,2025-05-06
C01426,one_time,Karachi,Sindh,2025-04-19
C01427,regular,Lahore,Punjab,2025-10-05
C01428,one_time,Islamabad,ICT,2025-06-14
C01429,one_time,Lahore,Punjab,2025-06-11
C01430,price_sensitive,Lahore,Punjab,2025-11-05
C01431,regular,Karachi,Sindh,2025-02-11
C01432,regular,Islamabad,ICT,2025-04-19
C01433,price_sensitive,Lahore,Punjab,2025-12-07
C01434,one_time,Karachi,Sindh,2025-01-21
C01435,regular,Lahore,Punjab,2025-12-25
C01436,one_time,Lahore,Punjab,2025-04-02
C01437,high_return,Karachi,Sindh,2025-05-05
C01438,one_time,Lahore,Punjab,2025-04-21
C01439,regular,Karachi,Sindh,2025-09-30
C01440,regular,Islamabad,ICT,2025-12-04
C01441,high_return,Lahore,Punjab,2025-09-06
C01442,regular,Islamabad,ICT,2025-10-02
C01443,price_sensitive,Islamabad,ICT,2025-12-07
C01444,price_sensitive,Lahore,Punjab,2025-01-05
C01445,one_time,Karachi,Sindh,2025-06-13
C01446,regular,Lahore,Punjab,2025-03-05
C01447,high_return,Lahore,Punjab,2025-12-20
C01448,regular,Karachi,Sindh,2025-06-22
C01449,one_time,Karachi,Sindh,2025-09-03
C01450,loyal,Lahore,Punjab,2025-01-05
C01451,regular,Karachi,Sindh,2025-01-20
C01452,one_time,Islamabad,ICT,2025-01-12
C01453,regular,Karachi,Sindh,2025-05-27
C01454,one_time,Islamabad,ICT,2025-04-18
C01455,one_time,Islamabad,ICT,2025-12-18
C01456,one_time,Islamabad,ICT,2025-07-02
C01457,one_time,Karachi,Sindh,2025-04-12
C01458,one_time,Karachi,Sindh,2025-08-04
C01459,one_time,Lahore,Punjab,2025-07-22
C01460,regular,Karachi,Sindh,2025-08-30
C01461,regular,Karachi,Sindh,2025-08-07
C01462,one_time,Islamabad,ICT,2025-06-24
C01463,regular,Karachi,Sindh,2025-09-17
C01464,regular,Karachi,Sindh,2025-06-12
C01465,price_sensitive,Islamabad,ICT,2025-11-25
C01466,loyal,Karachi,Sindh,2025-12-03
C01467,high_return,Islamabad,ICT,2025-08-13
C01468,regular,Karachi,Sindh,2025-05-27
C01469,price_sensitive,Karachi,Sindh,2025-11-19
C01470,one_time,Lahore,Punjab,2025-01-13
C01471,regular,Karachi,Sindh,2025-07-08
C01472,regular,Islamabad,ICT,2025-07-27
C01473,regular,Karachi,Sindh,2025-01-22
C01474,regular,Lahore,Punjab,2025-06-20
C01475,regular,Karachi,Sindh,2025-10-25
C01476,high_return,Karachi,Sindh,2025-10-04
C01477,one_time,Islamabad,ICT,2025-07-13
C01478,price_sensitive,Lahore,Punjab,2025-02-04
C01479,price_sensitive,Karachi,Sindh,2025-02-26
C01480,regular,Karachi,Sindh,2025-06-12
C01481,regular,Islamabad,ICT,2025-09-21
C01482,regular,Karachi,Sindh,2025-11-23
C01483,loyal,Karachi,Sindh,2025-03-08
C01484,regular,Karachi,Sindh,2025-01-25
C01485,high_return,Lahore,Punjab,2025-02-06
C01486,loyal,Karachi,Sindh,2025-05-16
C01487,regular,Islamabad,ICT,2025-05-08
C01488,regular,Lahore,Punjab,2025-09-14
C01489,regular,Karachi,Sindh,2025-07-13
C01490,loyal,Karachi,Sindh,2025-01-23
C01491,one_time,Lahore,Punjab,2025-09-17
C01492,one_time,Karachi,Sindh,2025-12-24
C01493,price_sensitive,Karachi,Sindh,2025-03-13
C01494,loyal,Islamabad,ICT,2025-07-07
C01495,high_return,Lahore,Punjab,2025-10-17
C01496,loyal,Islamabad,ICT,2025-03-24
C01497,one_time,Karachi,Sindh,2025-01-16
C01498,regular,Islamabad,ICT,2025-05-25
C01499,one_time,Karachi,Sindh,2025-08-22
C01500,price_sensitive,Lahore,Punjab,2025-12-24
C01501,loyal,Lahore,Punjab,2025-01-13
C01502,regular,Lahore,Punjab,2025-10-17
C01503,price_sensitive,Islamabad,ICT,2025-08-03
C01504,regular,Islamabad,ICT,2025-02-24
C01505,regular,Karachi,Sindh,2025-08-09
C01506,high_return,Lahore,Punjab,2025-10-22
C01507,price_sensitive,Islamabad,ICT,2025-08-21
C01508,price_sensitive,Karachi,Sindh,2025-09-26
C01509,high_return,Islamabad,ICT,2025-02-22
C01510,one_time,Karachi,Sindh,2025-10-08
C01511,loyal,Islamabad,ICT,2025-12-03
C01512,regular,Islamabad,ICT,2025-02-01
C01513,one_time,Islamabad,ICT,2025-01-10
C01514,regular,Lahore,Punjab,2025-02-23
C01515,loyal,Lahore,Punjab,2025-06-09
C01516,one_time,Islamabad,ICT,2025-06-27
C01517,regular,Karachi,Sindh,2025-02-22
C01518,regular,Karachi,Sindh,2025-01-22
C01519,high_return,Lahore,Punjab,2025-09-17
C01520,price_sensitive,Lahore,Punjab,2025-09-21
C01521,price_sensitive,Lahore,Punjab,2025-04-29
C01522,price_sensitive,Islamabad,ICT,2025-10-17
C01523,loyal,Karachi,Sindh,2025-12-20
C01524,regular,Lahore,Punjab,2025-12-27
C01525,regular,Islamabad,ICT,2025-03-20
C01526,loyal,Lahore,Punjab,2025-08-29
C01527,one_time,Karachi,Sindh,2025-06-03
C01528,regular,Karachi,Sindh,2025-08-02
C01529,regular,Lahore,Punjab,2025-12-09
C01530,high_return,Islamabad,ICT,2025-09-21
C01531,loyal,Karachi,Sindh,2025-11-21
C01532,regular,Karachi,Sindh,2025-11-16
C01533,price_sensitive,Karachi,Sindh,2025-05-19
C01534,regular,Lahore,Punjab,2025-04-17
C01535,price_sensitive,Islamabad,ICT,2025-06-11
C01536,price_sensitive,Islamabad,ICT,2025-04-10
C01537,regular,Islamabad,ICT,2025-11-03
C01538,one_time,Islamabad,ICT,2025-06-26
C01539,one_time,Islamabad,ICT,2025-02-25
C01540,regular,Lahore,Punjab,2025-07-05
C01541,loyal,Lahore,Punjab,2025-11-12
C01542,high_return,Islamabad,ICT,2025-04-30
C01543,regular,Islamabad,ICT,2025-06-24
C01544,price_sensitive,Lahore,Punjab,2025-08-23
C01545,regular,Lahore,Punjab,2025-01-24
C01546,regular,Islamabad,ICT,2025-09-30
C01547,regular,Islamabad,ICT,2025-10-08
C01548,price_sensitive,Lahore,Punjab,2025-01-21
C01549,one_time,Karachi,Sindh,2025-07-30
C01550,high_return,Islamabad,ICT,2025-10-25
C01551,loyal,Karachi,Sindh,2025-10-31
C01552,one_time,Islamabad,ICT,2025-02-10
C01553,one_time,Islamabad,ICT,2025-05-26
C01554,high_return,Islamabad,ICT,2025-08-15
C01555,one_time,Islamabad,ICT,2025-01-13
C01556,one_time,Karachi,Sindh,2025-04-10
C01557,regular,Lahore,Punjab,2025-01-16
C01558,one_time,Lahore,Punjab,2025-06-15
C01559,one_time,Karachi,Sindh,2025-04-10
C01560,regular,Lahore,Punjab,2025-06-22
C01561,loyal,Lahore,Punjab,2025-08-04
C01562,regular,Lahore,Punjab,2025-10-19
C01563,regular,Lahore,Punjab,2025-01-28
C01564,regular,Lahore,Punjab,2025-05-29
C01565,regular,Islamabad,ICT,2025-11-06
C01566,price_sensitive,Karachi,Sindh,2025-12-22
C01567,loyal,Lahore,Punjab,2025-08-23
C01568,one_time,Lahore,Punjab,2025-11-09
C01569,regular,Lahore,Punjab,2025-02-23
C01570,one_time,Islamabad,ICT,2025-02-13
C01571,loyal,Lahore,Punjab,2025-03-15
C01572,loyal,Lahore,Punjab,2025-06-14
C01573,regular,Karachi,Sindh,2025-09-15
C01574,loyal,Islamabad,ICT,2025-12-22
C01575,regular,Lahore,Punjab,2025-06-12
C01576,one_time,Karachi,Sindh,2025-04-21
C01577,price_sensitive,Karachi,Sindh,2025-09-25
C01578,high_return,Karachi,Sindh,2025-01-24
C01579,regular,Karachi,Sindh,2025-08-16
C01580,loyal,Lahore,Punjab,2025-12-12
C01581,regular,Karachi,Sindh,2025-12-06
C01582,one_time,Islamabad,ICT,2025-09-29
C01583,regular,Islamabad,ICT,2025-04-14
C01584,loyal,Lahore,Punjab,2025-10-10
C01585,high_return,Karachi,Sindh,2025-06-19
C01586,regular,Islamabad,ICT,2025-08-10
C01587,one_time,Karachi,Sindh,2025-05-14
C01588,one_time,Islamabad,ICT,2025-08-12
C01589,price_sensitive,Islamabad,ICT,2025-02-02
C01590,regular,Islamabad,ICT,2025-01-07
C01591,one_time,Lahore,Punjab,2025-05-06
C01592,high_return,Islamabad,ICT,2025-07-27
C01593,price_sensitive,Karachi,Sindh,2025-05-15
C01594,regular,Lahore,Punjab,2025-11-03
C01595,loyal,Lahore,Punjab,2025-11-27
C01596,regular,Islamabad,ICT,2025-08-05
C01597,price_sensitive,Lahore,Punjab,2025-02-14
C01598,one_time,Islamabad,ICT,2025-05-12
C01599,regular,Karachi,Sindh,2025-06-06
C01600,price_sensitive,Lahore,Punjab,2025-07-24
C01601,regular,Islamabad,ICT,2025-08-06
C01602,high_return,Lahore,Punjab,2025-04-14
C01603,regular,Lahore,Punjab,2025-05-13
C01604,one_time,Karachi,Sindh,2025-11-27
C01605,regular,Islamabad,ICT,2025-01-28
C01606,regular,Islamabad,ICT,2025-01-17
C01607,price_sensitive,Karachi,Sindh,2025-07-18
C01608,price_sensitive,Karachi,Sindh,2025-01-26
C01609,regular,Islamabad,ICT,2025-10-28
C01610,price_sensitive,Lahore,Punjab,2025-06-30
C01611,one_time,Karachi,Sindh,2025-03-09
C01612,one_time,Karachi,Sindh,2025-11-17
C01613,one_time,Lahore,Punjab,2025-02-21
C01614,price_sensitive,Islamabad,ICT,2025-07-07
C01615,one_time,Lahore,Punjab,2025-06-08
C01616,regular,Karachi,Sindh,2025-08-30
C01617,regular,Lahore,Punjab,2025-01-05
C01618,one_time,Islamabad,ICT,2025-12-27
C01619,one_time,Karachi,Sindh,2025-02-23
C01620,one_time,Lahore,Punjab,2025-08-14
C01621,price_sensitive,Islamabad,ICT,2025-03-02
C01622,regular,Islamabad,ICT,2025-02-15
C01623,loyal,Islamabad,ICT,2025-10-21
C01624,regular,Islamabad,ICT,2025-07-29
C01625,one_time,Islamabad,ICT,2025-10-29
C01626,one_time,Islamabad,ICT,2025-08-10
C01627,high_return,Karachi,Sindh,2025-01-06
C01628,one_time,Islamabad,ICT,2025-08-23
C01629,regular,Islamabad,ICT,2025-07-28
C01630,regular,Islamabad,ICT,2025-11-29
C01631,one_time,Lahore,Punjab,2025-12-17
C01632,price_sensitive,Karachi,Sindh,2025-03-11
C01633,loyal,Karachi,Sindh,2025-03-09
C01634,regular,Lahore,Punjab,2025-02-17
C01635,one_time,Islamabad,ICT,2025-07-06
C01636,regular,Lahore,Punjab,2025-11-28
C01637,price_sensitive,Lahore,Punjab,2025-03-30
C01638,regular,Lahore,Punjab,2025-11-07
C01639,price_sensitive,Karachi,Sindh,2025-06-03
C01640,loyal,Karachi,Sindh,2025-04-18
C01641,regular,Karachi,Sindh,2025-02-28
C01642,one_time,Islamabad,ICT,2025-09-30
C01643,regular,Islamabad,ICT,2025-09-02
C01644,regular,Lahore,Punjab,2025-09-04
C01645,one_time,Karachi,Sindh,2025-12-28
C01646,one_time,Karachi,Sindh,2025-12-18
C01647,price_sensitive,Islamabad,ICT,2025-04-04
C01648,high_return,Islamabad,ICT,2025-02-08
C01649,regular,Karachi,Sindh,2025-03-25
C01650,high_return,Karachi,Sindh,2025-12-08
C01651,regular,Islamabad,ICT,2025-02-13
C01652,loyal,Islamabad,ICT,2025-03-15
C01653,regular,Karachi,Sindh,2025-06-05
C01654,price_sensitive,Lahore,Punjab,2025-06-20
C01655,loyal,Lahore,Punjab,2025-06-19
C01656,price_sensitive,Lahore,Punjab,2025-11-18
C01657,one_time,Lahore,Punjab,2025-04-01
C01658,price_sensitive,Karachi,Sindh,2025-06-04
C01659,loyal,Lahore,Punjab,2025-12-30
C01660,regular,Lahore,Punjab,2025-01-10
C01661,regular,Islamabad,ICT,2025-09-05
C01662,regular,Lahore,Punjab,2025-02-03
C01663,regular,Islamabad,ICT,2025-06-09
C01664,one_time,Islamabad,ICT,2025-11-23
C01665,one_time,Karachi,Sindh,2025-04-27
C01666,loyal,Karachi,Sindh,2025-04-09
C01667,regular,Karachi,Sindh,2025-04-01
C01668,price_sensitive,Karachi,Sindh,2025-01-17
C01669,regular,Islamabad,ICT,2025-04-26
C01670,one_time,Karachi,Sindh,2025-06-30
C01671,one_time,Islamabad,ICT,2025-11-20
C01672,regular,Karachi,Sindh,2025-09-14
C01673,price_sensitive,Lahore,Punjab,2025-12-31
C01674,regular,Lahore,Punjab,2025-12-09
C01675,one_time,Islamabad,ICT,2025-07-22
C01676,regular,Lahore,Punjab,2025-07-12
C01677,price_sensitive,Lahore,Punjab,2025-12-20
C01678,regular,Islamabad,ICT,2025-08-09
C01679,one_time,Lahore,Punjab,2025-09-13
C01680,one_time,Lahore,Punjab,2025-05-29
C01681,one_time,Lahore,Punjab,2025-10-09
C01682,regular,Karachi,Sindh,2025-04-19
C01683,one_time,Islamabad,ICT,2025-10-30
C01684,regular,Karachi,Sindh,2025-06-03
C01685,regular,Lahore,Punjab,2025-05-12
C01686,regular,Lahore,Punjab,2025-03-25
C01687,one_time,Karachi,Sindh,2025-04-26
C01688,price_sensitive,Lahore,Punjab,2025-02-10
C01689,price_sensitive,Islamabad,ICT,2025-04-22
C01690,regular,Islamabad,ICT,2025-11-20
C01691,price_sensitive,Islamabad,ICT,2025-07-14
C01692,loyal,Lahore,Punjab,2025-10-10
C01693,regular,Islamabad,ICT,2025-07-08
C01694,regular,Islamabad,ICT,2025-01-24
C01695,one_time,Lahore,Punjab,2025-01-04
C01696,price_sensitive,Karachi,Sindh,2025-06-30
C01697,price_sensitive,Karachi,Sindh,2025-10-06
C01698,regular,Lahore,Punjab,2025-12-17
C01699,loyal,Islamabad,ICT,2025-11-14
C01700,one_time,Karachi,Sindh,2025-09-06
C01701,loyal,Karachi,Sindh,2025-11-22
C01702,loyal,Karachi,Sindh,2025-05-18
C01703,price_sensitive,Lahore,Punjab,2025-04-13
C01704,price_sensitive,Karachi,Sindh,2025-11-13
C01705,one_time,Karachi,Sindh,2025-06-28
C01706,loyal,Lahore,Punjab,2025-11-28
C01707,price_sensitive,Lahore,Punjab,2025-08-27
C01708,one_time,Lahore,Punjab,2025-12-09
C01709,high_return,Karachi,Sindh,2025-01-30
C01710,price_sensitive,Karachi,Sindh,2025-01-25
C01711,price_sensitive,Lahore,Punjab,2025-07-25
C01712,loyal,Islamabad,ICT,2025-02-16
C01713,regular,Lahore,Punjab,2025-02-08
C01714,price_sensitive,Karachi,Sindh,2025-01-22
C01715,one_time,Karachi,Sindh,2025-05-29
C01716,price_sensitive,Lahore,Punjab,2025-09-29
C01717,loyal,Islamabad,ICT,2025-10-14
C01718,regular,Islamabad,ICT,2025-02-01
C01719,price_sensitive,Karachi,Sindh,2025-09-12
C01720,one_time,Islamabad,ICT,2025-05-19
C01721,high_return,Islamabad,ICT,2025-08-02
C01722,price_sensitive,Islamabad,ICT,2025-11-20
C01723,regular,Lahore,Punjab,2025-04-21
C01724,regular,Karachi,Sindh,2025-12-23
C01725,loyal,Lahore,Punjab,2025-11-17
C01726,regular,Islamabad,ICT,2025-02-20
C01727,one_time,Karachi,Sindh,2025-03-29
C01728,price_sensitive,Lahore,Punjab,2025-09-28
C01729,regular,Karachi,Sindh,2025-07-17
C01730,regular,Lahore,Punjab,2025-06-16
C01731,regular,Karachi,Sindh,2025-11-09
C01732,price_sensitive,Lahore,Punjab,2025-09-08
C01733,loyal,Islamabad,ICT,2025-03-14
C01734,one_time,Lahore,Punjab,2025-09-19
C01735,regular,Islamabad,ICT,2025-09-02
C01736,regular,Lahore,Punjab,2025-03-04
C01737,regular,Islamabad,ICT,2025-06-24
C01738,one_time,Islamabad,ICT,2025-07-11
C01739,one_time,Lahore,Punjab,2025-09-28
C01740,one_time,Lahore,Punjab,2025-12-18
C01741,regular,Karachi,Sindh,2025-12-05
C01742,regular,Lahore,Punjab,2025-03-19
C01743,regular,Karachi,Sindh,2025-09-27
C01744,regular,Lahore,Punjab,2025-09-04
C01745,price_sensitive,Karachi,Sindh,2025-11-11
C01746,one_time,Islamabad,ICT,2025-06-17
C01747,loyal,Lahore,Punjab,2025-07-12
C01748,price_sensitive,Islamabad,ICT,2025-12-02
C01749,regular,Lahore,Punjab,2025-01-13
C01750,regular,Karachi,Sindh,2025-05-27
C01751,one_time,Lahore,Punjab,2025-02-12
C01752,regular,Karachi,Sindh,2025-05-28
C01753,regular,Karachi,Sindh,2025-05-31
C01754,price_sensitive,Lahore,Punjab,2025-01-22
C01755,regular,Islamabad,ICT,2025-11-24
C01756,price_sensitive,Lahore,Punjab,2025-04-24
C01757,regular,Islamabad,ICT,2025-03-24
C01758,high_return,Karachi,Sindh,2025-11-24
C01759,loyal,Lahore,Punjab,2025-04-23
C01760,loyal,Lahore,Punjab,2025-02-22
C01761,price_sensitive,Islamabad,ICT,2025-10-10
C01762,one_time,Lahore,Punjab,2025-04-07
C01763,one_time,Karachi,Sindh,2025-11-30
C01764,high_return,Lahore,Punjab,2025-02-28
C01765,one_time,Karachi,Sindh,2025-02-19
C01766,one_time,Karachi,Sindh,2025-01-19
C01767,regular,Islamabad,ICT,2025-02-16
C01768,one_time,Islamabad,ICT,2025-10-16
C01769,high_return,Karachi,Sindh,2025-07-01
C01770,regular,Islamabad,ICT,2025-08-03
C01771,price_sensitive,Islamabad,ICT,2025-05-08
C01772,regular,Karachi,Sindh,2025-09-05
C01773,regular,Lahore,Punjab,2025-10-07
C01774,price_sensitive,Lahore,Punjab,2025-07-21
C01775,regular,Islamabad,ICT,2025-08-06
C01776,one_time,Islamabad,ICT,2025-07-21
C01777,price_sensitive,Karachi,Sindh,2025-01-06
C01778,one_time,Karachi,Sindh,2025-11-14
C01779,one_time,Karachi,Sindh,2025-03-23
C01780,regular,Karachi,Sindh,2025-08-07
C01781,one_time,Lahore,Punjab,2025-03-12
C01782,price_sensitive,Karachi,Sindh,2025-09-23
C01783,one_time,Karachi,Sindh,2025-10-18
C01784,price_sensitive,Islamabad,ICT,2025-05-04
C01785,one_time,Karachi,Sindh,2025-06-15
C01786,regular,Islamabad,ICT,2025-10-22
C01787,price_sensitive,Karachi,Sindh,2025-08-18
C01788,loyal,Karachi,Sindh,2025-02-10
C01789,loyal,Islamabad,ICT,2025-04-18
C01790,one_time,Lahore,Punjab,2025-11-18
C01791,price_sensitive,Lahore,Punjab,2025-10-17
C01792,regular,Islamabad,ICT,2025-05-14
C01793,price_sensitive,Islamabad,ICT,2025-09-23
C01794,one_time,Lahore,Punjab,2025-12-18
C01795,high_return,Islamabad,ICT,2025-08-21
C01796,one_time,Islamabad,ICT,2025-02-28
C01797,high_return,Islamabad,ICT,2025-03-06
C01798,loyal,Islamabad,ICT,2025-09-23
C01799,high_return,Islamabad,ICT,2025-11-11
C01800,regular,Lahore,Punjab,2025-02-17
C01801,loyal,Islamabad,ICT,2025-09-05
C01802,high_return,Lahore,Punjab,2025-04-08
C01803,one_time,Karachi,Sindh,2025-10-11
C01804,high_return,Lahore,Punjab,2025-10-28
C01805,high_return,Karachi,Sindh,2025-11-01
C01806,one_time,Lahore,Punjab,2025-03-24
C01807,regular,Lahore,Punjab,2025-03-14
C01808,regular,Islamabad,ICT,2025-04-16
C01809,regular,Lahore,Punjab,2025-09-19
C01810,regular,Lahore,Punjab,2025-05-25
C01811,one_time,Islamabad,ICT,2025-10-10
C01812,one_time,Karachi,Sindh,2025-09-01
C01813,regular,Lahore,Punjab,2025-05-07
C01814,regular,Islamabad,ICT,2025-09-28
C01815,regular,Karachi,Sindh,2025-03-14
C01816,one_time,Lahore,Punjab,2025-09-05
C01817,price_sensitive,Lahore,Punjab,2025-02-12
C01818,high_return,Lahore,Punjab,2025-06-19
C01819,regular,Karachi,Sindh,2025-06-17
C01820,high_return,Karachi,Sindh,2025-09-02
C01821,regular,Lahore,Punjab,2025-02-16
C01822,loyal,Lahore,Punjab,2025-08-13
C01823,price_sensitive,Karachi,Sindh,2025-03-10
C01824,loyal,Islamabad,ICT,2025-10-17
C01825,loyal,Karachi,Sindh,2025-03-02
C01826,one_time,Islamabad,ICT,2025-11-14
C01827,high_return,Islamabad,ICT,2025-11-27
C01828,high_return,Islamabad,ICT,2025-04-04
C01829,regular,Lahore,Punjab,2025-05-18
C01830,regular,Lahore,Punjab,2025-05-07
C01831,regular,Islamabad,ICT,2025-11-15
C01832,one_time,Islamabad,ICT,2025-06-23
C01833,one_time,Islamabad,ICT,2025-12-24
C01834,regular,Karachi,Sindh,2025-04-01
C01835,one_time,Lahore,Punjab,2025-06-28
C01836,regular,Islamabad,ICT,2025-07-28
C01837,regular,Islamabad,ICT,2025-04-17
C01838,one_time,Karachi,Sindh,2025-10-11
C01839,regular,Lahore,Punjab,2025-02-06
C01840,regular,Islamabad,ICT,2025-02-25
C01841,regular,Lahore,Punjab,2025-09-15
C01842,high_return,Islamabad,ICT,2025-12-29
C01843,high_return,Karachi,Sindh,2025-08-18
C01844,one_time,Karachi,Sindh,2025-04-24
C01845,high_return,Lahore,Punjab,2025-02-06
C01846,regular,Karachi,Sindh,2025-01-18
C01847,regular,Lahore,Punjab,2025-05-30
C01848,regular,Islamabad,ICT,2025-07-05
C01849,loyal,Karachi,Sindh,2025-09-17
C01850,high_return,Islamabad,ICT,2025-05-15
C01851,loyal,Islamabad,ICT,2025-11-06
C01852,loyal,Karachi,Sindh,2025-07-26
C01853,price_sensitive,Karachi,Sindh,2025-01-03
C01854,one_time,Karachi,Sindh,2025-08-30
C01855,one_time,Islamabad,ICT,2025-04-12
C01856,price_sensitive,Lahore,Punjab,2025-05-13
C01857,regular,Lahore,Punjab,2025-12-14
C01858,regular,Islamabad,ICT,2025-04-19
C01859,regular,Islamabad,ICT,2025-03-24
C01860,loyal,Islamabad,ICT,2025-03-10
C01861,loyal,Karachi,Sindh,2025-05-20
C01862,price_sensitive,Lahore,Punjab,2025-11-08
C01863,one_time,Lahore,Punjab,2025-06-02
C01864,one_time,Lahore,Punjab,2025-11-15
C01865,loyal,Lahore,Punjab,2025-12-10
C01866,regular,Lahore,Punjab,2025-11-07
C01867,price_sensitive,Lahore,Punjab,2025-02-24
C01868,regular,Islamabad,ICT,2025-02-05
C01869,high_return,Islamabad,ICT,2025-06-26
C01870,one_time,Karachi,Sindh,2025-10-22
C01871,price_sensitive,Islamabad,ICT,2025-08-01
C01872,regular,Islamabad,ICT,2025-01-06
C01873,one_time,Lahore,Punjab,2025-02-04
C01874,one_time,Karachi,Sindh,2025-04-28
C01875,regular,Lahore,Punjab,2025-03-28
C01876,regular,Karachi,Sindh,2025-11-09
C01877,loyal,Islamabad,ICT,2025-10-12
C01878,one_time,Islamabad,ICT,2025-03-28
C01879,price_sensitive,Lahore,Punjab,2025-02-15
C01880,one_time,Lahore,Punjab,2025-04-22
C01881,loyal,Lahore,Punjab,2025-09-04
C01882,loyal,Islamabad,ICT,2025-05-14
C01883,regular,Islamabad,ICT,2025-04-04
C01884,price_sensitive,Islamabad,ICT,2025-10-16
C01885,one_time,Karachi,Sindh,2025-05-06
C01886,price_sensitive,Lahore,Punjab,2025-05-02
C01887,one_time,Karachi,Sindh,2025-04-25
C01888,price_sensitive,Islamabad,ICT,2025-07-20
C01889,price_sensitive,Islamabad,ICT,2025-01-11
C01890,price_sensitive,Karachi,Sindh,2025-09-04
C01891,price_sensitive,Lahore,Punjab,2025-05-07
C01892,price_sensitive,Lahore,Punjab,2025-06-01
C01893,high_return,Islamabad,ICT,2025-05-17
C01894,one_time,Islamabad,ICT,2025-01-19
C01895,regular,Islamabad,ICT,2025-06-24
C01896,regular,Lahore,Punjab,2025-12-20
C01897,one_time,Karachi,Sindh,2025-09-03
C01898,high_return,Islamabad,ICT,2025-04-03
C01899,one_time,Islamabad,ICT,2025-07-24
C01900,regular,Karachi,Sindh,2025-09-02
C01901,loyal,Lahore,Punjab,2025-10-22
C01902,price_sensitive,Islamabad,ICT,2025-10-09
C01903,one_time,Lahore,Punjab,2025-09-26
C01904,one_time,Islamabad,ICT,2025-11-01
C01905,regular,Lahore,Punjab,2025-11-10
C01906,one_time,Karachi,Sindh,2025-11-05
C01907,regular,Islamabad,ICT,2025-03-03
C01908,regular,Islamabad,ICT,2025-01-25
C01909,regular,Islamabad,ICT,2025-07-26
C01910,regular,Islamabad,ICT,2025-10-09
C01911,price_sensitive,Islamabad,ICT,2025-01-25
C01912,regular,Karachi,Sindh,2025-03-14
C01913,one_time,Islamabad,ICT,2025-11-17
C01914,one_time,Islamabad,ICT,2025-03-27
C01915,regular,Lahore,Punjab,2025-12-30
C01916,price_sensitive,Islamabad,ICT,2025-08-21
C01917,one_time,Lahore,Punjab,2025-12-05
C01918,regular,Karachi,Sindh,2025-09-28
C01919,one_time,Lahore,Punjab,2025-06-30
C01920,one_time,Lahore,Punjab,2025-02-26
C01921,regular,Karachi,Sindh,2025-02-17
C01922,price_sensitive,Karachi,Sindh,2025-05-16
C01923,regular,Lahore,Punjab,2025-07-23
C01924,price_sensitive,Lahore,Punjab,2025-12-26
C01925,regular,Karachi,Sindh,2025-08-08
C01926,one_time,Karachi,Sindh,2025-02-18
C01927,loyal,Karachi,Sindh,2025-11-18
C01928,one_time,Karachi,Sindh,2025-12-01
C01929,price_sensitive,Karachi,Sindh,2025-08-09
C01930,one_time,Lahore,Punjab,2025-08-09
C01931,one_time,Karachi,Sindh,2025-01-03
C01932,one_time,Islamabad,ICT,2025-11-16
C01933,high_return,Islamabad,ICT,2025-03-03
C01934,one_time,Islamabad,ICT,2025-03-01
C01935,regular,Islamabad,ICT,2025-05-02
C01936,one_time,Karachi,Sindh,2025-04-06
C01937,loyal,Islamabad,ICT,2025-08-23
C01938,regular,Lahore,Punjab,2025-09-13
C01939,one_time,Islamabad,ICT,2025-12-14
C01940,high_return,Karachi,Sindh,2025-11-13
C01941,loyal,Islamabad,ICT,2025-02-17
C01942,loyal,Lahore,Punjab,2025-05-16
C01943,one_time,Karachi,Sindh,2025-11-10
C01944,regular,Karachi,Sindh,2025-11-14
C01945,regular,Karachi,Sindh,2025-11-10
C01946,regular,Islamabad,ICT,2025-12-21
C01947,regular,Islamabad,ICT,2025-07-11
C01948,regular,Karachi,Sindh,2025-02-28
C01949,price_sensitive,Islamabad,ICT,2025-09-22
C01950,one_time,Lahore,Punjab,2025-08-03
C01951,high_return,Karachi,Sindh,2025-10-04
C01952,high_return,Lahore,Punjab,2025-10-19
C01953,regular,Lahore,Punjab,2025-09-02
C01954,high_return,Islamabad,ICT,2025-11-28
C01955,one_time,Islamabad,ICT,2025-09-26
C01956,regular,Karachi,Sindh,2025-01-16
C01957,price_sensitive,Lahore,Punjab,2025-02-28
C01958,price_sensitive,Islamabad,ICT,2025-08-25
C01959,price_sensitive,Lahore,Punjab,2025-04-04
C01960,regular,Islamabad,ICT,2025-05-18
C01961,one_time,Lahore,Punjab,2025-07-26
C01962,one_time,Karachi,Sindh,2025-08-06
C01963,regular,Islamabad,ICT,2025-12-12
C01964,one_time,Karachi,Sindh,2025-11-14
C01965,regular,Lahore,Punjab,2025-03-03
C01966,regular,Lahore,Punjab,2025-08-27
C01967,high_return,Karachi,Sindh,2025-08-10
C01968,price_sensitive,Lahore,Punjab,2025-06-22
C01969,regular,Islamabad,ICT,2025-04-20
C01970,price_sensitive,Islamabad,ICT,2025-12-22
C01971,regular,Lahore,Punjab,2025-03-15
C01972,regular,Lahore,Punjab,2025-07-26
C01973,regular,Lahore,Punjab,2025-10-06
C01974,regular,Lahore,Punjab,2025-12-06
C01975,regular,Islamabad,ICT,2025-12-06
C01976,one_time,Islamabad,ICT,2025-01-28
C01977,price_sensitive,Lahore,Punjab,2025-06-14
C01978,price_sensitive,Karachi,Sindh,2025-03-11
C01979,one_time,Karachi,Sindh,2025-04-06
C01980,price_sensitive,Islamabad,ICT,2025-01-05
C01981,high_return,Karachi,Sindh,2025-10-29
C01982,regular,Lahore,Punjab,2025-08-05
C01983,regular,Karachi,Sindh,2025-07-06
C01984,one_time,Islamabad,ICT,2025-09-12
C01985,regular,Lahore,Punjab,2025-04-14
C01986,regular,Lahore,Punjab,2025-09-15
C01987,regular,Islamabad,ICT,2025-07-01
C01988,regular,Karachi,Sindh,2025-02-07
C01989,loyal,Islamabad,ICT,2025-10-03
C01990,regular,Islamabad,ICT,2025-10-14
C01991,regular,Karachi,Sindh,2025-03-02
C01992,regular,Lahore,Punjab,2025-12-31
C01993,one_time,Karachi,Sindh,2025-12-17
C01994,loyal,Karachi,Sindh,2025-09-10
C01995,price_sensitive,Lahore,Punjab,2025-10-18
C01996,loyal,Lahore,Punjab,2025-07-06
C01997,regular,Islamabad,ICT,2025-10-31
C01998,price_sensitive,Karachi,Sindh,2025-03-27
C01999,loyal,Lahore,Punjab,2025-04-24
C02000,regular,Karachi,Sindh,2025-12-22
C02001,loyal,Karachi,Sindh,2025-07-26
C02002,one_time,Lahore,Punjab,2025-12-21
C02003,regular,Lahore,Punjab,2025-07-16
C02004,regular,Karachi,Sindh,2025-05-18
C02005,one_time,Lahore,Punjab,2025-03-09
C02006,regular,Karachi,Sindh,2025-01-19
C02007,one_time,Lahore,Punjab,2025-03-15
C02008,loyal,Islamabad,ICT,2025-06-02
C02009,price_sensitive,Lahore,Punjab,2025-07-30
C02010,regular,Karachi,Sindh,2025-05-19
C02011,regular,Lahore,Punjab,2025-07-02
C02012,high_return,Karachi,Sindh,2025-07-10
C02013,price_sensitive,Lahore,Punjab,2025-02-20
C02014,one_time,Karachi,Sindh,2025-02-19
C02015,high_return,Karachi,Sindh,2025-04-23
C02016,one_time,Lahore,Punjab,2025-06-15
C02017,high_return,Karachi,Sindh,2025-07-22
C02018,regular,Islamabad,ICT,2025-07-08
C02019,regular,Islamabad,ICT,2025-02-24
C02020,regular,Lahore,Punjab,2025-03-16
C02021,price_sensitive,Karachi,Sindh,2025-05-13
C02022,loyal,Karachi,Sindh,2025-02-28
C02023,regular,Karachi,Sindh,2025-07-01
C02024,price_sensitive,Lahore,Punjab,2025-12-05
C02025,regular,Lahore,Punjab,2025-11-23
C02026,high_return,Islamabad,ICT,2025-05-23
C02027,price_sensitive,Karachi,Sindh,2025-08-02
C02028,high_return,Islamabad,ICT,2025-07-28
C02029,regular,Lahore,Punjab,2025-05-22
C02030,loyal,Lahore,Punjab,2025-04-22
C02031,loyal,Islamabad,ICT,2025-02-28
C02032,regular,Karachi,Sindh,2025-09-25
C02033,one_time,Karachi,Sindh,2025-01-20
C02034,regular,Karachi,Sindh,2025-05-11
C02035,high_return,Lahore,Punjab,2025-03-31
C02036,one_time,Karachi,Sindh,2025-11-18
C02037,high_return,Karachi,Sindh,2025-08-18
C02038,high_return,Islamabad,ICT,2025-01-26
C02039,regular,Islamabad,ICT,2025-12-30
C02040,one_time,Islamabad,ICT,2025-05-30
C02041,regular,Islamabad,ICT,2025-01-29
C02042,one_time,Lahore,Punjab,2025-07-28
C02043,high_return,Karachi,Sindh,2025-04-26
C02044,price_sensitive,Lahore,Punjab,2025-11-14
C02045,high_return,Karachi,Sindh,2025-02-14
C02046,regular,Lahore,Punjab,2025-06-04
C02047,regular,Karachi,Sindh,2025-03-29
C02048,regular,Karachi,Sindh,2025-03-14
C02049,regular,Karachi,Sindh,2025-07-31
C02050,price_sensitive,Lahore,Punjab,2025-08-27
C02051,high_return,Islamabad,ICT,2025-11-09
C02052,one_time,Islamabad,ICT,2025-04-05
C02053,regular,Lahore,Punjab,2025-10-03
C02054,one_time,Karachi,Sindh,2025-11-05
C02055,regular,Karachi,Sindh,2025-09-30
C02056,regular,Lahore,Punjab,2025-12-16
C02057,price_sensitive,Islamabad,ICT,2025-01-11
C02058,regular,Islamabad,ICT,2025-03-12
C02059,price_sensitive,Karachi,Sindh,2025-10-17
C02060,one_time,Islamabad,ICT,2025-02-19
C02061,price_sensitive,Islamabad,ICT,2025-02-21
C02062,one_time,Islamabad,ICT,2025-03-25
C02063,regular,Karachi,Sindh,2025-05-06
C02064,price_sensitive,Islamabad,ICT,2025-03-13
C02065,one_time,Karachi,Sindh,2025-02-25
C02066,price_sensitive,Lahore,Punjab,2025-04-20
C02067,high_return,Lahore,Punjab,2025-04-03
C02068,price_sensitive,Karachi,Sindh,2025-03-01
C02069,regular,Islamabad,ICT,2025-01-28
C02070,one_time,Lahore,Punjab,2025-05-05
C02071,price_sensitive,Karachi,Sindh,2025-02-05
C02072,price_sensitive,Islamabad,ICT,2025-03-27
C02073,regular,Lahore,Punjab,2025-12-04
C02074,one_time,Karachi,Sindh,2025-12-10
C02075,price_sensitive,Islamabad,ICT,2025-10-05
C02076,one_time,Islamabad,ICT,2025-01-11
C02077,high_return,Karachi,Sindh,2025-04-06
C02078,price_sensitive,Islamabad,ICT,2025-07-11
C02079,high_return,Lahore,Punjab,2025-05-08
C02080,price_sensitive,Karachi,Sindh,2025-12-21
C02081,loyal,Islamabad,ICT,2025-11-12
C02082,one_time,Islamabad,ICT,2025-05-25
C02083,one_time,Islamabad,ICT,2025-08-11
C02084,price_sensitive,Islamabad,ICT,2025-11-09
C02085,regular,Islamabad,ICT,2025-06-30
C02086,one_time,Karachi,Sindh,2025-09-22
C02087,price_sensitive,Lahore,Punjab,2025-03-30
C02088,high_return,Lahore,Punjab,2025-04-16
C02089,price_sensitive,Karachi,Sindh,2025-11-15
C02090,loyal,Islamabad,ICT,2025-01-13
C02091,regular,Lahore,Punjab,2025-02-09
C02092,one_time,Lahore,Punjab,2025-08-07
C02093,one_time,Lahore,Punjab,2025-11-29
C02094,regular,Islamabad,ICT,2025-11-28
C02095,one_time,Karachi,Sindh,2025-07-30
C02096,high_return,Lahore,Punjab,2025-09-06
C02097,regular,Karachi,Sindh,2025-01-18
C02098,loyal,Lahore,Punjab,2025-10-22
C02099,one_time,Karachi,Sindh,2025-12-11
C02100,one_time,Islamabad,ICT,2025-12-31
C02101,regular,Islamabad,ICT,2025-08-17
C02102,one_time,Islamabad,ICT,2025-03-18
C02103,high_return,Karachi,Sindh,2025-12-12
C02104,regular,Islamabad,ICT,2025-11-06
C02105,price_sensitive,Islamabad,ICT,2025-02-08
C02106,regular,Lahore,Punjab,2025-11-29
C02107,regular,Karachi,Sindh,2025-07-10
C02108,high_return,Karachi,Sindh,2025-08-08
C02109,price_sensitive,Lahore,Punjab,2025-05-11
C02110,price_sensitive,Islamabad,ICT,2025-08-14
C02111,regular,Lahore,Punjab,2025-04-06
C02112,regular,Islamabad,ICT,2025-07-19
C02113,one_time,Karachi,Sindh,2025-11-14
C02114,price_sensitive,Islamabad,ICT,2025-07-25
C02115,price_sensitive,Lahore,Punjab,2025-09-13
C02116,loyal,Islamabad,ICT,2025-06-26
C02117,regular,Lahore,Punjab,2025-12-15
C02118,regular,Islamabad,ICT,2025-07-09
C02119,regular,Karachi,Sindh,2025-05-07
C02120,price_sensitive,Karachi,Sindh,2025-09-11
C02121,one_time,Karachi,Sindh,2025-03-25
C02122,price_sensitive,Islamabad,ICT,2025-01-13
C02123,high_return,Lahore,Punjab,2025-04-24
C02124,loyal,Karachi,Sindh,2025-07-24
C02125,price_sensitive,Lahore,Punjab,2025-09-30
C02126,price_sensitive,Karachi,Sindh,2025-11-24
C02127,regular,Karachi,Sindh,2025-04-19
C02128,regular,Karachi,Sindh,2025-11-24
C02129,price_sensitive,Karachi,Sindh,2025-04-21
C02130,regular,Lahore,Punjab,2025-08-17
C02131,one_time,Lahore,Punjab,2025-07-08
C02132,price_sensitive,Islamabad,ICT,2025-01-02
C02133,regular,Lahore,Punjab,2025-10-13
C02134,regular,Islamabad,ICT,2025-04-06
C02135,one_time,Lahore,Punjab,2025-08-26
C02136,regular,Lahore,Punjab,2025-09-26
C02137,regular,Karachi,Sindh,2025-04-04
C02138,price_sensitive,Islamabad,ICT,2025-02-24
C02139,high_return,Karachi,Sindh,2025-04-26
C02140,regular,Lahore,Punjab,2025-06-29
C02141,one_time,Lahore,Punjab,2025-02-22
C02142,loyal,Karachi,Sindh,2025-06-29
C02143,price_sensitive,Islamabad,ICT,2025-11-09
C02144,one_time,Lahore,Punjab,2025-07-01
C02145,regular,Lahore,Punjab,2025-02-13
C02146,loyal,Karachi,Sindh,2025-04-08
C02147,price_sensitive,Lahore,Punjab,2025-10-15
C02148,loyal,Lahore,Punjab,2025-08-25
C02149,loyal,Lahore,Punjab,2025-03-13
C02150,regular,Islamabad,ICT,2025-09-25
C02151,one_time,Lahore,Punjab,2025-08-20
C02152,price_sensitive,Lahore,Punjab,2025-05-19
C02153,high_return,Lahore,Punjab,2025-12-17
C02154,regular,Karachi,Sindh,2025-08-09
C02155,regular,Lahore,Punjab,2025-02-25
C02156,one_time,Islamabad,ICT,2025-04-12
C02157,loyal,Lahore,Punjab,2025-07-11
C02158,one_time,Lahore,Punjab,2025-07-19
C02159,regular,Islamabad,ICT,2025-08-15
C02160,one_time,Lahore,Punjab,2025-12-10
C02161,loyal,Karachi,Sindh,2025-04-25
C02162,price_sensitive,Islamabad,ICT,2025-04-14
C02163,regular,Lahore,Punjab,2025-06-05
C02164,high_return,Karachi,Sindh,2025-01-06
C02165,regular,Lahore,Punjab,2025-01-28
C02166,regular,Islamabad,ICT,2025-04-29
C02167,high_return,Karachi,Sindh,2025-09-01
C02168,regular,Islamabad,ICT,2025-08-06
C02169,regular,Lahore,Punjab,2025-06-13
C02170,regular,Lahore,Punjab,2025-11-04
C02171,regular,Karachi,Sindh,2025-04-15
C02172,one_time,Karachi,Sindh,2025-07-07
C02173,regular,Lahore,Punjab,2025-07-05
C02174,price_sensitive,Islamabad,ICT,2025-08-26
C02175,loyal,Lahore,Punjab,2025-10-11
C02176,price_sensitive,Lahore,Punjab,2025-07-29
C02177,regular,Lahore,Punjab,2025-04-07
C02178,regular,Islamabad,ICT,2025-07-27
C02179,one_time,Islamabad,ICT,2025-05-17
C02180,price_sensitive,Lahore,Punjab,2025-07-03
C02181,high_return,Karachi,Sindh,2025-05-22
C02182,one_time,Islamabad,ICT,2025-10-17
C02183,price_sensitive,Lahore,Punjab,2025-04-28
C02184,regular,Lahore,Punjab,2025-10-09
C02185,high_return,Lahore,Punjab,2025-12-26
C02186,high_return,Karachi,Sindh,2025-11-19
C02187,price_sensitive,Islamabad,ICT,2025-07-14
C02188,regular,Lahore,Punjab,2025-04-23
C02189,loyal,Islamabad,ICT,2025-04-15
C02190,regular,Lahore,Punjab,2025-10-09
C02191,regular,Lahore,Punjab,2025-12-17
C02192,one_time,Islamabad,ICT,2025-05-20
C02193,regular,Karachi,Sindh,2025-03-28
C02194,price_sensitive,Karachi,Sindh,2025-05-09
C02195,one_time,Islamabad,ICT,2025-03-07
C02196,price_sensitive,Islamabad,ICT,2025-05-29
C02197,one_time,Lahore,Punjab,2025-04-26
C02198,loyal,Lahore,Punjab,2025-10-21
C02199,regular,Islamabad,ICT,2025-09-07
C02200,loyal,Islamabad,ICT,2025-10-29
C02201,high_return,Islamabad,ICT,2025-03-11
C02202,regular,Karachi,Sindh,2025-04-22
C02203,price_sensitive,Karachi,Sindh,2025-04-01
C02204,regular,Karachi,Sindh,2025-08-15
C02205,high_return,Islamabad,ICT,2025-05-31
C02206,regular,Islamabad,ICT,2025-02-09
C02207,one_time,Lahore,Punjab,2025-12-11
C02208,regular,Karachi,Sindh,2025-07-19
C02209,regular,Karachi,Sindh,2025-03-02
C02210,regular,Karachi,Sindh,2025-08-25
C02211,loyal,Karachi,Sindh,2025-02-06
C02212,loyal,Islamabad,ICT,2025-08-25
C02213,high_return,Lahore,Punjab,2025-07-16
C02214,loyal,Lahore,Punjab,2025-08-28
C02215,regular,Lahore,Punjab,2025-12-26
C02216,loyal,Islamabad,ICT,2025-01-30
C02217,regular,Karachi,Sindh,2025-04-18
C02218,loyal,Islamabad,ICT,2025-03-31
C02219,regular,Karachi,Sindh,2025-08-08
C02220,regular,Islamabad,ICT,2025-04-13
C02221,regular,Lahore,Punjab,2025-07-03
C02222,one_time,Lahore,Punjab,2025-09-04
C02223,loyal,Lahore,Punjab,2025-12-11
C02224,regular,Lahore,Punjab,2025-10-05
C02225,price_sensitive,Karachi,Sindh,2025-04-21
C02226,high_return,Islamabad,ICT,2025-09-06
C02227,high_return,Karachi,Sindh,2025-07-01
C02228,regular,Islamabad,ICT,2025-12-01
C02229,regular,Lahore,Punjab,2025-06-15
C02230,regular,Lahore,Punjab,2025-07-27
C02231,one_time,Lahore,Punjab,2025-06-24
C02232,loyal,Islamabad,ICT,2025-03-31
C02233,price_sensitive,Lahore,Punjab,2025-06-15
C02234,one_time,Karachi,Sindh,2025-03-19
C02235,regular,Karachi,Sindh,2025-06-12
C02236,price_sensitive,Karachi,Sindh,2025-08-27
C02237,loyal,Islamabad,ICT,2025-05-23
C02238,regular,Karachi,Sindh,2025-10-10
C02239,regular,Lahore,Punjab,2025-09-02
C02240,price_sensitive,Islamabad,ICT,2025-03-01
C02241,loyal,Lahore,Punjab,2025-02-27
C02242,regular,Islamabad,ICT,2025-08-05
C02243,high_return,Karachi,Sindh,2025-10-30
C02244,one_time,Lahore,Punjab,2025-01-20
C02245,price_sensitive,Lahore,Punjab,2025-02-28
C02246,high_return,Islamabad,ICT,2025-05-26
C02247,price_sensitive,Lahore,Punjab,2025-09-06
C02248,regular,Karachi,Sindh,2025-01-13
C02249,price_sensitive,Islamabad,ICT,2025-02-13
C02250,loyal,Lahore,Punjab,2025-01-19
C02251,regular,Islamabad,ICT,2025-08-27
C02252,regular,Lahore,Punjab,2025-12-03
C02253,high_return,Karachi,Sindh,2025-04-10
C02254,regular,Karachi,Sindh,2025-05-02
C02255,regular,Karachi,Sindh,2025-12-26
C02256,price_sensitive,Karachi,Sindh,2025-05-25
C02257,regular,Lahore,Punjab,2025-02-19
C02258,loyal,Karachi,Sindh,2025-10-15
C02259,regular,Islamabad,ICT,2025-11-10
C02260,one_time,Lahore,Punjab,2025-08-27
C02261,price_sensitive,Karachi,Sindh,2025-10-23
C02262,price_sensitive,Islamabad,ICT,2025-08-08
C02263,regular,Lahore,Punjab,2025-12-12
C02264,price_sensitive,Islamabad,ICT,2025-08-25
C02265,regular,Lahore,Punjab,2025-09-16
C02266,price_sensitive,Islamabad,ICT,2025-10-07
C02267,regular,Karachi,Sindh,2025-06-08
C02268,regular,Islamabad,ICT,2025-02-14
C02269,regular,Islamabad,ICT,2025-03-12
C02270,regular,Lahore,Punjab,2025-04-13
C02271,high_return,Lahore,Punjab,2025-11-09
C02272,price_sensitive,Karachi,Sindh,2025-10-13
C02273,regular,Islamabad,ICT,2025-05-26
C02274,loyal,Islamabad,ICT,2025-08-09
C02275,one_time,Islamabad,ICT,2025-04-08
C02276,regular,Islamabad,ICT,2025-06-22
C02277,high_return,Karachi,Sindh,2025-12-16
C02278,one_time,Lahore,Punjab,2025-05-02
C02279,price_sensitive,Islamabad,ICT,2025-04-18
C02280,one_time,Karachi,Sindh,2025-01-06
C02281,price_sensitive,Karachi,Sindh,2025-05-26
C02282,price_sensitive,Karachi,Sindh,2025-04-06
C02283,price_sensitive,Karachi,Sindh,2025-07-21
C02284,high_return,Karachi,Sindh,2025-04-22
C02285,regular,Lahore,Punjab,2025-11-19
C02286,regular,Karachi,Sindh,2025-10-26
C02287,regular,Lahore,Punjab,2025-12-03
C02288,regular,Islamabad,ICT,2025-08-02
C02289,regular,Islamabad,ICT,2025-10-18
C02290,regular,Lahore,Punjab,2025-05-30
C02291,regular,Lahore,Punjab,2025-09-24
C02292,one_time,Islamabad,ICT,2025-01-03
C02293,regular,Karachi,Sindh,2025-03-17
C02294,high_return,Islamabad,ICT,2025-08-13
C02295,one_time,Karachi,Sindh,2025-09-08
C02296,regular,Karachi,Sindh,2025-10-06
C02297,loyal,Lahore,Punjab,2025-05-05
C02298,price_sensitive,Lahore,Punjab,2025-02-16
C02299,one_time,Islamabad,ICT,2025-08-03
C02300,one_time,Islamabad,ICT,2025-08-25
C02301,high_return,Lahore,Punjab,2025-01-25
C02302,regular,Islamabad,ICT,2025-11-10
C02303,one_time,Lahore,Punjab,2025-05-07
C02304,loyal,Lahore,Punjab,2025-11-30
C02305,price_sensitive,Islamabad,ICT,2025-02-17
C02306,price_sensitive,Karachi,Sindh,2025-04-09
C02307,price_sensitive,Karachi,Sindh,2025-03-26
C02308,regular,Lahore,Punjab,2025-06-22
C02309,price_sensitive,Islamabad,ICT,2025-07-28
C02310,price_sensitive,Karachi,Sindh,2025-03-05
C02311,price_sensitive,Lahore,Punjab,2025-05-01
C02312,one_time,Lahore,Punjab,2025-02-23
C02313,price_sensitive,Islamabad,ICT,2025-09-29
C02314,high_return,Islamabad,ICT,2025-01-18
C02315,regular,Lahore,Punjab,2025-07-06
C02316,high_return,Karachi,Sindh,2025-09-19
C02317,regular,Islamabad,ICT,2025-08-27
C02318,loyal,Islamabad,ICT,2025-03-17
C02319,one_time,Islamabad,ICT,2025-09-03
C02320,one_time,Karachi,Sindh,2025-11-11
C02321,one_time,Karachi,Sindh,2025-03-20
C02322,price_sensitive,Lahore,Punjab,2025-09-20
C02323,loyal,Islamabad,ICT,2025-03-04
C02324,loyal,Karachi,Sindh,2025-01-12
C02325,one_time,Karachi,Sindh,2025-02-12
C02326,regular,Islamabad,ICT,2025-09-10
C02327,price_sensitive,Karachi,Sindh,2025-10-19
C02328,regular,Lahore,Punjab,2025-11-21
C02329,loyal,Karachi,Sindh,2025-10-19
C02330,one_time,Karachi,Sindh,2025-12-15
C02331,high_return,Lahore,Punjab,2025-04-11
C02332,loyal,Islamabad,ICT,2025-09-27
C02333,regular,Karachi,Sindh,2025-06-29
C02334,one_time,Lahore,Punjab,2025-10-20
C02335,regular,Islamabad,ICT,2025-08-16
C02336,regular,Lahore,Punjab,2025-10-02
C02337,price_sensitive,Karachi,Sindh,2025-01-21
C02338,regular,Lahore,Punjab,2025-01-27
C02339,regular,Karachi,Sindh,2025-10-12
C02340,price_sensitive,Islamabad,ICT,2025-11-22
C02341,one_time,Islamabad,ICT,2025-08-12
C02342,regular,Lahore,Punjab,2025-12-22
C02343,high_return,Karachi,Sindh,2025-10-02
C02344,regular,Islamabad,ICT,2025-05-21
C02345,price_sensitive,Lahore,Punjab,2025-08-09
C02346,one_time,Islamabad,ICT,2025-06-29
C02347,regular,Islamabad,ICT,2025-11-25
C02348,price_sensitive,Karachi,Sindh,2025-02-07
C02349,price_sensitive,Islamabad,ICT,2025-08-27
C02350,regular,Islamabad,ICT,2025-05-28
C02351,regular,Karachi,Sindh,2025-02-19
C02352,one_time,Islamabad,ICT,2025-12-09
C02353,regular,Islamabad,ICT,2025-06-14
C02354,loyal,Karachi,Sindh,2025-11-20
C02355,price_sensitive,Karachi,Sindh,2025-10-17
C02356,loyal,Islamabad,ICT,2025-05-17
C02357,price_sensitive,Islamabad,ICT,2025-05-15
C02358,loyal,Islamabad,ICT,2025-06-08
C02359,high_return,Islamabad,ICT,2025-12-07
C02360,regular,Lahore,Punjab,2025-12-05
C02361,regular,Islamabad,ICT,2025-10-15
C02362,high_return,Karachi,Sindh,2025-05-18
C02363,one_time,Karachi,Sindh,2025-11-12
C02364,regular,Karachi,Sindh,2025-12-18
C02365,regular,Karachi,Sindh,2025-10-29
C02366,loyal,Islamabad,ICT,2025-04-17
C02367,price_sensitive,Islamabad,ICT,2025-12-07
C02368,regular,Lahore,Punjab,2025-11-02
C02369,price_sensitive,Islamabad,ICT,2025-07-28
C02370,regular,Karachi,Sindh,2025-12-14
C02371,price_sensitive,Islamabad,ICT,2025-02-16
C02372,price_sensitive,Lahore,Punjab,2025-04-16
C02373,regular,Islamabad,ICT,2025-04-16
C02374,regular,Islamabad,ICT,2025-04-18
C02375,loyal,Karachi,Sindh,2025-10-23
C02376,loyal,Lahore,Punjab,2025-11-27
C02377,regular,Islamabad,ICT,2025-01-12
C02378,price_sensitive,Islamabad,ICT,2025-10-10
C02379,high_return,Lahore,Punjab,2025-11-01
C02380,regular,Islamabad,ICT,2025-11-12
C02381,loyal,Lahore,Punjab,2025-03-25
C02382,price_sensitive,Lahore,Punjab,2025-10-08
C02383,loyal,Karachi,Sindh,2025-09-23
C02384,regular,Islamabad,ICT,2025-10-23
C02385,price_sensitive,Lahore,Punjab,2025-12-27
C02386,high_return,Lahore,Punjab,2025-10-30
C02387,loyal,Lahore,Punjab,2025-07-27
C02388,price_sensitive,Karachi,Sindh,2025-07-04
C02389,regular,Islamabad,ICT,2025-12-29
C02390,loyal,Karachi,Sindh,2025-12-02
C02391,one_time,Karachi,Sindh,2025-03-30
C02392,regular,Lahore,Punjab,2025-03-14
C02393,one_time,Lahore,Punjab,2025-07-20
C02394,high_return,Lahore,Punjab,2025-08-14
C02395,regular,Lahore,Punjab,2025-02-08
C02396,high_return,Karachi,Sindh,2025-11-17
C02397,regular,Lahore,Punjab,2025-06-13
C02398,price_sensitive,Islamabad,ICT,2025-06-08
C02399,regular,Karachi,Sindh,2025-07-13
C02400,loyal,Lahore,Punjab,2025-01-12
C02401,high_return,Islamabad,ICT,2025-12-06
C02402,high_return,Lahore,Punjab,2025-10-07
C02403,one_time,Islamabad,ICT,2025-04-20
C02404,loyal,Lahore,Punjab,2025-05-26
C02405,loyal,Lahore,Punjab,2025-06-11
C02406,regular,Karachi,Sindh,2025-11-28
C02407,price_sensitive,Lahore,Punjab,2025-02-05
C02408,regular,Islamabad,ICT,2025-01-22
C02409,one_time,Islamabad,ICT,2025-12-02
C02410,regular,Karachi,Sindh,2025-08-05
C02411,price_sensitive,Lahore,Punjab,2025-06-13
C02412,high_return,Karachi,Sindh,2025-10-21
C02413,price_sensitive,Lahore,Punjab,2025-12-31
C02414,price_sensitive,Karachi,Sindh,2025-07-06
C02415,regular,Lahore,Punjab,2025-05-29
C02416,high_return,Lahore,Punjab,2025-08-19
C02417,loyal,Karachi,Sindh,2025-07-17
C02418,regular,Karachi,Sindh,2025-12-03
C02419,regular,Karachi,Sindh,2025-05-22
C02420,loyal,Karachi,Sindh,2025-02-15
C02421,loyal,Lahore,Punjab,2025-02-13
C02422,regular,Lahore,Punjab,2025-11-06
C02423,regular,Islamabad,ICT,2025-04-08
C02424,price_sensitive,Lahore,Punjab,2025-10-10
C02425,one_time,Karachi,Sindh,2025-04-14
C02426,price_sensitive,Karachi,Sindh,2025-07-25
C02427,loyal,Lahore,Punjab,2025-12-19
C02428,loyal,Islamabad,ICT,2025-12-21
C02429,one_time,Islamabad,ICT,2025-03-24
C02430,price_sensitive,Lahore,Punjab,2025-07-09
C02431,one_time,Karachi,Sindh,2025-09-08
C02432,regular,Karachi,Sindh,2025-05-13
C02433,one_time,Lahore,Punjab,2025-11-22
C02434,regular,Islamabad,ICT,2025-04-05
C02435,one_time,Lahore,Punjab,2025-11-21
C02436,one_time,Lahore,Punjab,2025-03-30
C02437,one_time,Lahore,Punjab,2025-05-09
C02438,price_sensitive,Lahore,Punjab,2025-12-09
C02439,loyal,Karachi,Sindh,2025-02-23
C02440,one_time,Karachi,Sindh,2025-02-23
C02441,regular,Lahore,Punjab,2025-04-09
C02442,regular,Islamabad,ICT,2025-07-12
C02443,price_sensitive,Lahore,Punjab,2025-04-21
C02444,price_sensitive,Karachi,Sindh,2025-07-13
C02445,regular,Karachi,Sindh,2025-11-22
C02446,high_return,Islamabad,ICT,2025-04-22
C02447,loyal,Lahore,Punjab,2025-05-11
C02448,regular,Karachi,Sindh,2025-07-16
C02449,high_return,Karachi,Sindh,2025-07-23
C02450,high_return,Lahore,Punjab,2025-10-03
C02451,regular,Lahore,Punjab,2025-09-17
C02452,one_time,Islamabad,ICT,2025-10-02
C02453,regular,Islamabad,ICT,2025-06-22
C02454,regular,Islamabad,ICT,2025-07-07
C02455,regular,Lahore,Punjab,2025-02-21
C02456,one_time,Lahore,Punjab,2025-12-31
C02457,regular,Islamabad,ICT,2025-07-30
C02458,price_sensitive,Karachi,Sindh,2025-07-19
C02459,regular,Karachi,Sindh,2025-08-28
C02460,price_sensitive,Lahore,Punjab,2025-10-26
C02461,price_sensitive,Karachi,Sindh,2025-05-17
C02462,loyal,Lahore,Punjab,2025-07-30
C02463,regular,Islamabad,ICT,2025-09-25
C02464,one_time,Lahore,Punjab,2025-09-24
C02465,high_return,Lahore,Punjab,2025-01-11
C02466,loyal,Lahore,Punjab,2025-10-02
C02467,regular,Karachi,Sindh,2025-08-18
C02468,high_return,Lahore,Punjab,2025-08-08
C02469,regular,Karachi,Sindh,2025-08-20
C02470,one_time,Islamabad,ICT,2025-02-21
C02471,regular,Islamabad,ICT,2025-09-20
C02472,high_return,Karachi,Sindh,2025-11-13
C02473,regular,Lahore,Punjab,2025-06-03
C02474,regular,Islamabad,ICT,2025-05-20
C02475,one_time,Lahore,Punjab,2025-04-27
C02476,one_time,Karachi,Sindh,2025-11-05
C02477,price_sensitive,Lahore,Punjab,2025-09-26
C02478,regular,Islamabad,ICT,2025-04-28
C02479,price_sensitive,Lahore,Punjab,2025-04-26
C02480,regular,Islamabad,ICT,2025-03-16
C02481,regular,Lahore,Punjab,2025-01-07
C02482,one_time,Islamabad,ICT,2025-01-11
C02483,one_time,Islamabad,ICT,2025-08-03
C02484,regular,Islamabad,ICT,2025-01-28
C02485,high_return,Karachi,Sindh,2025-11-09
C02486,one_time,Karachi,Sindh,2025-02-23
C02487,one_time,Karachi,Sindh,2025-12-19
C02488,one_time,Lahore,Punjab,2025-11-30
C02489,loyal,Lahore,Punjab,2025-12-14
C02490,regular,Lahore,Punjab,2025-07-27
C02491,loyal,Islamabad,ICT,2025-04-03
C02492,regular,Lahore,Punjab,2025-04-20
C02493,regular,Karachi,Sindh,2025-12-24
C02494,one_time,Karachi,Sindh,2025-02-16
C02495,high_return,Islamabad,ICT,2025-09-03
C02496,high_return,Islamabad,ICT,2025-11-16
C02497,regular,Lahore,Punjab,2025-01-07
C02498,high_return,Islamabad,ICT,2025-07-29
C02499,price_sensitive,Karachi,Sindh,2025-11-26
C02500,one_time,Karachi,Sindh,2025-11-02
