transaction_id,transaction_ts,channel_type,store_id,customer_id,salesperson_id,payment_method,total_amount
T0000001,2025-01-20T15:59:00,online,,C02074,,cod,39111.65
T0000003,2025-01-23T22:14:00,online,,C01224,,cod,26075.66
T0000004,2025-01-15T22:05:00,online,,C01088,,wallet,44980.37
T0000009,2025-01-28T04:02:00,online,,C00584,,cod,4389.15
T0000011,2025-01-30T02:40:00,online,,C00260,,card,20954.66
T0000013,2025-01-18T17:24:00,online,,C00551,,wallet,5744.24
T0000015,2025-01-16T03:30:00,online,,C02155,,card,7329.76
T0000016,2025-01-10T00:08:00,online,,C00677,,wallet,10735.17
T0000018,2025-01-18T01:01:00,online,,C00437,,wallet,7801.48
T0000019,2025-01-27T18:35:00,online,,C00594,,wallet,17108.65
T0000020,2025-01-03T09:38:00,online,,C00249,,card,11496.61
T0000021,2025-01-07T15:04:00,online,,C00849,,card,288054.83999999997
T0000024,2025-01-05T08:10:00,online,,C01841,,wallet,19475.51
T0000027,2025-01-11T08:43:00,online,,C00872,,cod,40564.92
T0000028,2025-01-12T00:17:00,online,,C00517,,wallet,54877.46000000001
T0000029,2025-01-09T23:12:00,online,,C02185,,wallet,18355.11
T0000030,2025-01-26T07:25:00,online,,C00616,,card,17838.74
T0000031,2025-01-31T10:52:00,online,,C01136,,cod,36177.75
T0000032,2025-01-22T13:57:00,online,,C00893,,card,67139.62
T0000033,2025-01-07T02:18:00,online,,C01707,,cod,11534.49
T0000034,2025-01-22T13:47:00,online,,C00523,,wallet,58468.509999999995
T0000035,2025-01-13T22:07:00,online,,C00108,,cod,31716.67
T0000036,2025-01-17T10:38:00,online,,C01717,,wallet,12366.79
T0000037,2025-01-20T01:08:00,online,,C00716,,wallet,33869.29
T0000038,2025-01-14T12:18:00,online,,C00120,,wallet,51649.49
T0000040,2025-01-24T15:20:00,online,,C00207,,cod,36325.39
T0000042,2025-01-25T13:50:00,online,,C00683,,wallet,17345.39
T0000043,2025-01-21T07:53:00,online,,C01747,,card,6651.49
T0000044,2025-01-09T13:07:00,online,,C01451,,card,7855.94
T0000045,2025-01-18T18:16:00,online,,C00826,,card,13526.39
T0000046,2025-01-02T14:01:00,online,,C00599,,cod,8778.35
T0000047,2025-01-22T08:43:00,online,,C00738,,wallet,234860.68
T0000048,2025-01-17T18:09:00,online,,C00191,,wallet,14839.44
T0000049,2025-01-24T13:32:00,online,,C01854,,wallet,2460.09
T0000050,2025-01-09T20:05:00,online,,C00460,,wallet,198315.66
T0000051,2025-01-02T20:10:00,online,,C02316,,card,10940.42
T0000052,2025-01-29T00:52:00,online,,C00275,,card,17394.54
T0000053,2025-01-06T23:07:00,online,,C00042,,wallet,279749.26
T0000054,2025-01-08T00:58:00,online,,C02011,,card,15918.099999999999
T0000057,2025-01-24T16:07:00,online,,C01555,,card,37017.81
T0000058,2025-01-24T03:33:00,online,,C00023,,cod,33141.28
T0000059,2025-01-29T23:59:00,online,,C01979,,cod,15364.75
T0000060,2025-01-04T22:16:00,online,,C02388,,card,11752.27
T0000062,2025-01-15T22:08:00,online,,C00666,,cod,22052.41
T0000063,2025-01-08T11:07:00,online,,C00009,,cod,29518.370000000003
T0000064,2025-01-15T06:42:00,online,,C01851,,cod,19467.56
T0000066,2025-01-31T12:28:00,online,,C01394,,cod,35546.52
T0000067,2025-01-08T21:44:00,online,,C00726,,card,13154.38
T0000068,2025-01-27T19:44:00,online,,C01297,,card,93132.98
T0000069,2025-01-01T14:12:00,online,,C00209,,card,26475.9
T0000070,2025-01-19T02:43:00,online,,C01261,,card,107960.74
T0000071,2025-01-12T00:55:00,online,,C01907,,cod,29424.97
T0000072,2025-01-10T18:36:00,online,,C02498,,card,3811.85
T0000074,2025-01-26T03:42:00,online,,C01249,,cod,6256.95
T0000076,2025-01-29T01:38:00,online,,C02237,,cod,29908.73
T0000077,2025-01-31T19:19:00,online,,C01093,,card,133178.24
T0000080,2025-01-31T17:57:00,online,,C01501,,cod,55859.12
T0000081,2025-01-06T00:44:00,online,,C01331,,card,79975.16
T0000082,2025-01-22T14:29:00,online,,C01999,,cod,52283.409999999996
T0000083,2025-01-13T22:23:00,online,,C00023,,cod,203039.21000000002
T0000084,2025-01-19T11:28:00,online,,C00689,,wallet,28409.0
T0000085,2025-01-06T10:38:00,online,,C01297,,card,362816.46
T0000086,2025-01-02T23:02:00,online,,C02448,,wallet,4590.28
T0000087,2025-01-16T11:45:00,online,,C02400,,wallet,260519.15
T0000088,2025-01-11T19:10:00,online,,C01675,,card,3627.16
T0000089,2025-01-18T07:28:00,online,,C01290,,wallet,257545.0
T0000091,2025-01-10T08:39:00,online,,C01409,,wallet,16080.43
T0000092,2025-01-21T16:34:00,online,,C00678,,wallet,19895.620000000003
T0000093,2025-01-13T00:56:00,online,,C02366,,wallet,2304.02
T0000094,2025-01-29T05:55:00,online,,C02349,,wallet,13662.369999999999
T0000096,2025-01-04T16:05:00,online,,C01203,,card,22945.5
T0000097,2025-01-14T19:24:00,online,,C01298,,card,36993.37
T0000100,2025-01-05T13:58:00,online,,C00794,,wallet,1506.12
T0000101,2025-01-07T12:48:00,online,,C02028,,wallet,39879.64
T0000102,2025-01-28T20:31:00,online,,C01574,,wallet,82171.60999999999
T0000103,2025-01-04T15:46:00,online,,C00041,,card,36786.149999999994
T0000104,2025-01-30T19:21:00,online,,C01985,,cod,2428.94
T0000105,2025-01-29T23:14:00,online,,C00893,,wallet,4972.65
T0000107,2025-01-09T14:56:00,online,,C02225,,cod,23603.12
T0000108,2025-01-21T20:24:00,online,,C01412,,cod,20963.550000000003
T0000109,2025-01-26T11:39:00,online,,C00410,,wallet,1657.58
T0000110,2025-01-05T17:31:00,online,,C02024,,card,191556.78999999998
T0000111,2025-01-08T12:48:00,online,,C01193,,wallet,11493.84
T0000112,2025-01-17T05:16:00,online,,C00825,,card,11704.33
T0000113,2025-01-12T13:02:00,online,,C00708,,wallet,53347.49
T0000114,2025-01-24T02:02:00,online,,C01980,,wallet,48375.19
T0000115,2025-01-31T00:00:00,online,,C01007,,card,25774.539999999997
T0000119,2025-01-20T00:22:00,online,,C01787,,cod,4716.96
T0000120,2025-01-11T06:55:00,online,,C00843,,cod,215768.09
T0000121,2025-01-11T14:02:00,online,,C02349,,wallet,23249.31
T0000122,2025-01-09T22:34:00,online,,C01142,,cod,245391.08000000002
T0000123,2025-01-22T19:22:00,online,,C02324,,cod,27034.87
T0000124,2025-01-25T08:27:00,online,,C01529,,card,189233.12
T0000125,2025-01-12T01:16:00,online,,C01802,,card,9768.27
T0000128,2025-01-29T15:54:00,online,,C02339,,card,209201.62
T0000129,2025-01-02T15:39:00,online,,C01082,,wallet,260907.06
T0000130,2025-01-21T21:55:00,online,,C01439,,wallet,30232.149999999998
T0000132,2025-01-08T23:45:00,online,,C02400,,wallet,262645.54
T0000133,2025-01-20T06:41:00,online,,C02491,,wallet,15133.29
T0000135,2025-01-07T13:56:00,online,,C01303,,cod,235807.51
T0000136,2025-01-02T04:29:00,online,,C01574,,wallet,35931.69
T0000137,2025-01-09T18:46:00,online,,C00832,,cod,140118.82
T0000140,2025-01-23T04:58:00,online,,C00481,,cod,34030.04
T0000143,2025-01-12T10:58:00,online,,C01281,,card,33984.91
T0000144,2025-01-31T21:16:00,online,,C01197,,wallet,63434.89
T0000145,2025-01-09T02:02:00,online,,C01933,,cod,12074.98
T0000147,2025-01-06T22:37:00,online,,C02296,,cod,92934.16
T0000150,2025-01-23T17:16:00,online,,C00328,,cod,235653.13
T0000151,2025-01-12T13:01:00,online,,C01650,,wallet,28434.61
T0000152,2025-01-03T12:26:00,online,,C00661,,cod,16659.239999999998
T0000153,2025-01-13T03:24:00,online,,C00811,,card,42184.58
T0000157,2025-01-23T20:01:00,online,,C00377,,wallet,37142.38
T0000158,2025-01-18T08:58:00,online,,C01857,,cod,12627.429999999998
T0000161,2025-01-16T07:40:00,online,,C01273,,wallet,8375.39
T0000165,2025-01-07T13:45:00,online,,C00824,,cod,2893.25
T0000166,2025-01-05T09:16:00,online,,C00635,,wallet,212701.08000000002
T0000167,2025-01-19T00:27:00,online,,C01032,,wallet,233055.64
T0000168,2025-01-26T02:08:00,online,,C01140,,card,7297.509999999999
T0000169,2025-01-25T03:08:00,online,,C02286,,wallet,98263.41
T0000170,2025-01-28T09:00:00,online,,C02497,,cod,382602.92000000004
T0000171,2025-01-26T14:50:00,online,,C00918,,cod,101723.37
T0000172,2025-01-11T13:16:00,online,,C00832,,cod,10310.8
T0000173,2025-01-23T09:23:00,online,,C00347,,card,216361.84999999998
T0000174,2025-01-10T11:42:00,online,,C00988,,card,16299.779999999999
T0000175,2025-01-13T15:28:00,online,,C00687,,card,11668.11
T0000176,2025-01-02T21:11:00,online,,C00282,,cod,116616.87
T0000177,2025-01-18T14:05:00,online,,C01982,,cod,18268.84
T0000178,2025-01-06T13:34:00,online,,C00372,,wallet,7900.43
T0000179,2025-01-12T04:34:00,online,,C01471,,cod,5988.96
T0000180,2025-01-01T19:37:00,online,,C01241,,wallet,16059.880000000001
T0000181,2025-01-31T17:34:00,online,,C01241,,wallet,14384.220000000001
T0000182,2025-01-17T18:02:00,online,,C01759,,card,9576.76
T0000184,2025-01-27T22:41:00,online,,C01974,,cod,4431.66
T0000185,2025-01-03T12:26:00,online,,C00731,,cod,236752.51
T0000186,2025-01-30T06:32:00,online,,C01093,,card,85608.25
T0000187,2025-01-20T20:01:00,online,,C00368,,cod,4297.86
T0000189,2025-01-05T09:01:00,online,,C00889,,card,2415.54
T0000192,2025-01-02T12:26:00,online,,C01030,,card,277684.26
T0000193,2025-01-16T14:59:00,online,,C01187,,wallet,10871.18
T0000195,2025-01-06T17:25:00,online,,C01403,,wallet,57487.70999999999
T0000196,2025-01-18T18:15:00,online,,C00195,,cod,10957.23
T0000197,2025-01-24T13:29:00,online,,C01652,,cod,9455.42
T0000199,2025-01-08T05:02:00,online,,C00840,,card,58231.47
T0000200,2025-01-22T03:47:00,online,,C02211,,cod,52638.060000000005
T0000201,2025-01-31T23:24:00,online,,C00554,,wallet,14062.35
T0000204,2025-01-21T22:56:00,online,,C01627,,wallet,2716.43
T0000206,2025-01-30T14:59:00,online,,C00084,,card,16532.21
T0000209,2025-01-07T10:38:00,online,,C00736,,card,66860.0
T0000210,2025-01-06T08:02:00,online,,C00264,,wallet,40746.71
T0000211,2025-01-31T12:38:00,online,,C00187,,cod,25120.550000000003
T0000212,2025-01-06T09:59:00,online,,C00722,,cod,207003.63
T0000213,2025-01-19T10:46:00,online,,C00006,,card,3515.46
T0000215,2025-01-20T15:15:00,online,,C00780,,card,45055.88
T0000217,2025-01-23T11:24:00,online,,C01551,,wallet,113162.62999999999
T0000218,2025-01-16T07:57:00,online,,C00612,,cod,91896.86
T0000219,2025-01-21T05:19:00,online,,C01961,,cod,12666.04
T0000220,2025-01-14T08:01:00,online,,C01561,,wallet,54593.07
T0000221,2025-01-18T11:04:00,online,,C01799,,wallet,40550.770000000004
T0000222,2025-01-19T16:44:00,online,,C00230,,card,121892.32
T0000223,2025-01-15T02:07:00,online,,C01937,,cod,6167.57
T0000224,2025-01-23T05:07:00,online,,C01861,,card,9061.8
T0000228,2025-01-17T22:43:00,online,,C01414,,card,38436.979999999996
T0000229,2025-01-06T14:06:00,online,,C01316,,cod,40452.11
T0000230,2025-01-12T20:44:00,online,,C02438,,wallet,17630.32
T0000231,2025-01-06T16:57:00,online,,C00499,,wallet,230393.35
T0000232,2025-01-29T23:57:00,online,,C00317,,wallet,18733.510000000002
T0000234,2025-01-22T18:56:00,online,,C01768,,cod,43124.72
T0000238,2025-01-25T21:36:00,online,,C01732,,wallet,11699.27
T0000239,2025-01-16T11:51:00,online,,C01691,,wallet,180719.78
T0000240,2025-01-06T15:01:00,online,,C00008,,card,32537.989999999998
T0000241,2025-01-22T04:41:00,online,,C01395,,card,28912.28
T0000242,2025-01-01T12:18:00,online,,C01444,,wallet,37852.46
T0000243,2025-01-16T06:38:00,online,,C01667,,wallet,4742.14
T0000244,2025-01-12T23:55:00,online,,C02443,,cod,1633.68
T0000245,2025-01-22T19:37:00,online,,C00260,,card,2336.77
T0000246,2025-01-18T10:51:00,online,,C00051,,wallet,27471.15
T0000247,2025-01-18T01:34:00,online,,C00354,,cod,24912.68
T0000248,2025-01-07T18:28:00,online,,C02421,,wallet,7941.74
T0000249,2025-01-18T02:16:00,online,,C01271,,cod,16213.99
T0000251,2025-01-25T09:34:00,online,,C01226,,wallet,110669.37
T0000252,2025-01-21T23:09:00,online,,C01776,,wallet,7002.28
T0000253,2025-01-14T00:39:00,online,,C01153,,cod,556425.6100000001
T0000254,2025-01-13T12:10:00,online,,C00061,,wallet,206000.91
T0000255,2025-01-06T21:35:00,online,,C00120,,cod,100796.57
T0000257,2025-01-27T04:02:00,online,,C01274,,wallet,15085.79
T0000258,2025-01-18T19:18:00,online,,C01920,,cod,14308.89
T0000260,2025-01-10T22:11:00,online,,C02227,,wallet,17398.59
T0000262,2025-01-18T05:47:00,online,,C01034,,wallet,3333.74
T0000264,2025-01-05T03:51:00,online,,C01801,,card,159376.43
T0000266,2025-01-12T20:01:00,online,,C01121,,wallet,20124.690000000002
T0000267,2025-01-09T09:08:00,online,,C01062,,cod,32146.78
T0000268,2025-01-07T15:15:00,online,,C01682,,cod,223156.24
T0000269,2025-01-09T21:40:00,store,S006,C00417,P0024,cash,12786.6
T0000271,2025-01-01T10:44:00,store,S002,C01113,P0001,cash,68199.71
T0000273,2025-01-26T12:02:00,store,S005,C00362,P0025,card,23960.190000000002
T0000274,2025-01-19T05:27:00,store,S003,C01119,P0019,card,24025.940000000002
T0000275,2025-01-18T16:28:00,store,S002,C00857,P0010,card,38482.79
T0000276,2025-01-24T13:22:00,store,S005,C02030,P0008,cash,10916.130000000001
T0000279,2025-01-08T04:02:00,store,S004,C01374,P0005,cash,56826.3
T0000280,2025-01-29T19:18:00,store,S004,C00426,P0026,cash,175757.55
T0000281,2025-01-17T07:46:00,store,S001,C00779,P0002,cash,1886.22
T0000284,2025-01-29T11:43:00,store,S001,C01249,P0002,card,24687.8
T0000285,2025-01-30T14:08:00,store,S005,C01702,P0014,card,243058.39
T0000287,2025-01-27T08:21:00,store,S006,C01948,P0016,cash,213119.82
T0000288,2025-01-08T20:58:00,store,S005,C02018,P0012,cash,6001.59
T0000289,2025-01-27T17:09:00,store,S006,C00316,P0003,card,22009.34
T0000290,2025-01-27T17:22:00,store,S001,C01122,P0009,card,219992.19
T0000291,2025-01-02T03:05:00,store,S001,C02246,P0006,cash,5618.7
T0000292,2025-01-11T10:31:00,store,S004,C00344,P0005,cash,5725.97
T0000293,2025-01-10T20:55:00,store,S001,C00841,P0021,cash,30685.519999999997
T0000294,2025-01-16T16:52:00,store,S003,C01898,P0019,cash,20413.93
T0000296,2025-01-12T23:26:00,store,S002,C01660,P0018,card,248102.45
T0000297,2025-01-20T19:52:00,store,S006,C01420,P0011,cash,12721.61
T0000298,2025-01-05T00:45:00,store,S003,C02487,P0022,cash,28912.2
T0000299,2025-01-17T09:56:00,store,S004,C01040,P0026,cash,108560.81
T0000300,2025-01-09T13:20:00,store,S004,C02293,P0005,card,8289.65
T0000301,2025-01-28T06:57:00,store,S006,C00438,P0024,cash,11291.71
T0000304,2025-01-18T19:24:00,store,S001,C00573,P0006,cash,264560.17
T0000305,2025-01-19T13:49:00,store,S001,C02071,P0004,cash,11728.4
T0000306,2025-01-05T14:14:00,store,S002,C01970,P0018,cash,219718.22999999998
T0000308,2025-01-24T14:51:00,store,S006,C01750,P0016,cash,23767.050000000003
T0000309,2025-01-20T20:03:00,store,S006,C02336,P0011,card,24450.65
T0000310,2025-01-06T11:57:00,store,S005,C01136,P0025,cash,21661.25
T0000311,2025-01-15T16:18:00,store,S003,C01279,P0019,card,118331.76
T0000312,2025-01-20T18:49:00,store,S001,C01798,P0020,cash,12567.32
T0000313,2025-01-17T05:55:00,store,S006,C02478,P0024,card,16685.17
T0000314,2025-01-14T23:03:00,store,S002,C01152,P0010,card,12938.05
T0000315,2025-01-03T04:49:00,store,S005,C01968,P0008,cash,8478.68
T0000316,2025-01-23T13:45:00,store,S005,C01833,P0012,cash,560159.04
T0000317,2025-01-17T15:18:00,store,S005,C01285,P0025,cash,253161.47
T0000319,2025-01-01T22:06:00,store,S004,C02231,P0026,card,14823.93
T0000320,2025-01-01T05:07:00,store,S004,C00630,P0005,cash,18379.16
T0000321,2025-01-06T18:11:00,store,S001,C00422,P0004,cash,424223.56
T0000322,2025-01-10T17:27:00,store,S001,C00075,P0006,cash,9640.57
T0000323,2025-01-10T05:06:00,store,S001,C02344,P0009,cash,8771.75
T0000324,2025-01-04T10:48:00,store,S005,C01800,P0008,card,5589.79
T0000325,2025-01-19T05:50:00,store,S001,C02204,P0015,cash,20876.59
T0000326,2025-01-29T06:36:00,store,S005,C00009,P0012,cash,12348.16
T0000327,2025-01-20T08:09:00,store,S004,C01467,P0026,cash,3562.26
T0000328,2025-01-07T17:06:00,store,S002,C01892,P0010,card,9230.0
T0000329,2025-01-25T13:07:00,store,S004,C00250,P0005,cash,11710.5
T0000331,2025-01-16T04:38:00,store,S002,C00622,P0007,cash,182557.59000000003
T0000333,2025-01-27T01:08:00,store,S002,C01895,P0001,cash,9893.32
T0000334,2025-01-28T22:21:00,store,S006,C00217,P0016,card,33505.69
T0000335,2025-01-30T01:35:00,store,S004,C01916,P0005,card,213648.91
T0000336,2025-01-27T22:40:00,store,S003,C02374,P0019,cash,1407.48
T0000337,2025-01-01T17:08:00,store,S001,C01067,P0006,cash,48560.2
T0000338,2025-01-11T14:57:00,store,S003,C01732,P0019,card,141238.17
T0000340,2025-01-05T15:22:00,store,S004,C00283,P0026,cash,13360.5
T0000344,2025-01-05T22:12:00,store,S001,C01486,P0021,card,10981.05
T0000345,2025-01-15T13:32:00,store,S002,C00019,P0013,cash,17301.33
T0000347,2025-01-27T12:43:00,store,S005,C00003,P0008,card,9422.85
T0000348,2025-01-14T04:38:00,store,S001,C02427,P0004,card,11910.79
T0000349,2025-01-19T04:12:00,store,S003,C00639,P0022,card,284896.81
T0000350,2025-01-04T15:55:00,store,S006,C02304,P0024,card,40782.91
T0000351,2025-01-11T13:26:00,store,S001,C00529,P0009,cash,10871.8
T0000352,2025-01-22T18:20:00,store,S002,C00355,P0007,card,8042.16
T0000354,2025-01-01T20:38:00,store,S004,C01035,P0005,card,284262.74
T0000355,2025-01-06T08:36:00,store,S001,C02079,P0009,cash,32305.92
T0000356,2025-01-16T01:53:00,store,S001,C02192,P0020,card,29188.47
T0000357,2025-01-23T21:49:00,store,S002,C00123,P0018,card,11607.34
T0000358,2025-01-13T03:32:00,store,S003,C00381,P0022,card,71177.98999999999
T0000361,2025-01-16T06:18:00,store,S006,C02486,P0024,cash,212971.19
T0000362,2025-01-23T04:55:00,store,S001,C00798,P0015,cash,200361.64
T0000364,2025-01-30T07:33:00,store,S003,C01740,P0019,cash,1789.24
T0000367,2025-01-13T23:19:00,store,S003,C02008,P0023,card,9576.19
T0000368,2025-01-31T10:48:00,store,S003,C01609,P0017,card,18580.7
T0000369,2025-01-09T06:34:00,store,S001,C01992,P0021,card,51198.189999999995
T0000370,2025-01-22T18:18:00,store,S004,C01868,P0005,card,260479.28000000003
T0000371,2025-01-20T20:27:00,store,S001,C00620,P0020,cash,231709.15
T0000372,2025-01-03T18:02:00,store,S006,C00366,P0011,card,14331.25
T0000373,2025-01-21T19:30:00,store,S004,C01317,P0026,card,3992.96
T0000374,2025-01-25T05:47:00,store,S005,C00238,P0008,card,10786.470000000001
T0000376,2025-01-05T03:36:00,store,S005,C01388,P0025,cash,283457.97
T0000377,2025-01-17T06:42:00,store,S006,C02447,P0024,card,17088.03
T0000378,2025-01-04T10:11:00,store,S006,C00035,P0016,cash,41287.68
T0000379,2025-01-25T18:24:00,store,S005,C00210,P0014,cash,16021.94
T0000380,2025-01-04T00:45:00,store,S004,C02170,P0026,cash,3625.28
T0000381,2025-01-01T16:05:00,store,S003,C00995,P0019,cash,43343.93
T0000382,2025-01-02T12:11:00,store,S005,C00927,P0014,cash,24642.489999999998
T0000384,2025-01-04T07:43:00,store,S004,C00242,P0005,cash,15932.960000000001
T0000386,2025-01-26T03:59:00,store,S006,C01871,P0024,card,6855.65
T0000388,2025-01-20T13:11:00,store,S004,C01219,P0005,cash,48007.19
T0000389,2025-01-15T13:18:00,store,S001,C01530,P0021,cash,31127.32
T0000390,2025-01-02T18:46:00,store,S003,C01117,P0017,cash,17506.239999999998
T0000394,2025-01-07T09:14:00,store,S002,C01538,P0010,cash,7227.360000000001
T0000395,2025-01-15T21:53:00,store,S001,C00845,P0009,cash,412185.05000000005
T0000397,2025-01-02T04:47:00,store,S006,C00926,P0024,card,11346.01
T0000398,2025-01-31T18:48:00,store,S005,C01686,P0012,card,23612.05
T0000399,2025-01-25T12:01:00,store,S005,C00584,P0012,cash,282861.77
T0000400,2025-01-17T02:15:00,store,S003,C02318,P0017,cash,459826.04
T0000401,2025-01-13T23:44:00,store,S004,C00327,P0026,card,276097.33
T0000402,2025-01-24T11:29:00,store,S004,C01718,P0005,cash,11033.380000000001
T0000403,2025-01-17T00:38:00,store,S006,C01225,P0003,cash,18650.829999999998
T0000404,2025-01-29T09:56:00,store,S002,C01661,P0013,cash,17189.16
T0000408,2025-01-06T19:42:00,store,S005,C00324,P0014,cash,6658.29
T0000409,2025-01-04T22:03:00,store,S006,C01001,P0003,cash,30603.11
T0000410,2025-01-12T16:32:00,store,S006,C01782,P0011,card,5483.78
T0000411,2025-01-04T10:05:00,store,S003,C00953,P0017,card,19899.25
T0000412,2025-01-10T16:57:00,store,S004,C02492,P0026,cash,210028.9
T0000414,2025-01-18T13:11:00,store,S002,C01182,P0013,cash,57741.25
T0000415,2025-01-30T05:45:00,store,S002,C02038,P0010,card,10639.03
T0000416,2025-01-03T05:13:00,store,S001,C01400,P0004,card,17231.97
T0000417,2025-01-19T19:51:00,store,S003,C01168,P0017,cash,364610.55
T0000419,2025-01-16T15:29:00,store,S006,C00984,P0003,card,203060.72
T0000421,2025-01-29T17:41:00,store,S005,C00858,P0012,cash,60732.71
T0000422,2025-01-18T22:15:00,store,S005,C00665,P0014,cash,241170.24
T0000423,2025-01-11T10:48:00,store,S004,C01057,P0005,cash,2204.03
T0000425,2025-01-24T13:14:00,store,S005,C02397,P0008,card,360982.39
T0000426,2025-01-25T21:37:00,store,S001,C00617,P0009,cash,223241.2
T0000427,2025-01-26T12:07:00,store,S006,C01797,P0003,card,10247.17
T0000428,2025-01-12T00:08:00,store,S005,C01349,P0014,cash,22245.989999999998
T0000429,2025-01-07T15:13:00,store,S004,C00132,P0026,card,11857.74
T0000430,2025-01-17T20:26:00,store,S001,C00165,P0004,card,8412.53
T0000431,2025-01-25T13:42:00,store,S003,C01081,P0022,card,13834.36
T0000432,2025-01-22T01:18:00,store,S002,C00973,P0013,card,3433.37
T0000433,2025-01-07T10:09:00,store,S006,C00880,P0003,cash,108434.3
T0000434,2025-01-13T04:21:00,store,S004,C01395,P0026,card,24173.95
T0000435,2025-01-23T11:44:00,store,S003,C02284,P0022,card,55603.22
T0000436,2025-01-16T09:18:00,store,S005,C00756,P0014,card,38295.62
T0000438,2025-01-30T17:50:00,store,S003,C00419,P0017,card,10023.77
T0000439,2025-01-29T16:58:00,store,S006,C02349,P0011,card,24747.07
T0000440,2025-01-22T08:41:00,store,S004,C01824,P0026,card,53194.36
T0000441,2025-01-02T03:59:00,store,S005,C00640,P0008,card,11784.85
T0000444,2025-01-29T06:05:00,store,S005,C01331,P0025,cash,203927.03
T0000445,2025-01-22T20:12:00,store,S002,C02491,P0010,card,30228.71
T0000446,2025-01-31T13:00:00,store,S004,C01945,P0005,cash,35810.68
T0000447,2025-01-17T05:39:00,store,S005,C00107,P0025,card,385739.27
T0000448,2025-01-07T00:41:00,store,S004,C01507,P0026,cash,11844.49
T0000450,2025-01-24T20:12:00,store,S005,C01871,P0008,cash,4680.51
T0000451,2025-01-22T17:12:00,store,S005,C01761,P0014,card,21511.81
T0000452,2025-01-06T13:56:00,store,S005,C01762,P0014,card,10115.2
T0000453,2025-01-21T19:43:00,store,S006,C00166,P0003,card,8761.8
T0000454,2025-01-22T11:14:00,store,S005,C02096,P0012,card,212995.06
T0000456,2025-01-26T22:00:00,store,S001,C02155,P0006,card,11145.73
T0000457,2025-01-04T21:41:00,store,S003,C02377,P0019,card,3005.63
T0000458,2025-01-28T16:56:00,store,S002,C00497,P0018,cash,9479.93
T0000461,2025-01-10T18:58:00,store,S001,C00192,P0004,card,49448.28
T0000462,2025-01-27T07:03:00,store,S003,C01942,P0022,cash,243859.25
T0000463,2025-01-12T09:58:00,store,S003,C00793,P0023,cash,15952.36
T0000464,2025-01-21T16:09:00,store,S006,C01012,P0011,card,6871.09
T0000465,2025-01-19T04:47:00,store,S004,C00373,P0005,card,18254.47
T0000466,2025-01-16T19:05:00,store,S006,C01113,P0011,cash,64146.86
T0000468,2025-01-17T19:29:00,store,S004,C00888,P0026,card,39152.240000000005
T0000469,2025-01-28T22:44:00,store,S006,C00080,P0011,cash,9305.31
T0000470,2025-01-10T05:32:00,store,S004,C02368,P0026,card,5200.97
T0000471,2025-01-21T20:12:00,store,S003,C01779,P0023,card,14539.16
T0000472,2025-01-22T20:33:00,store,S004,C00331,P0005,cash,275668.62
T0000473,2025-01-24T21:34:00,store,S001,C00078,P0021,cash,9271.45
T0000474,2025-01-31T07:31:00,store,S006,C02414,P0003,card,39326.95
T0000475,2025-01-02T15:02:00,store,S001,C01995,P0004,card,38561.9
T0000477,2025-01-11T08:02:00,store,S005,C00261,P0025,card,32171.3
T0000478,2025-01-16T16:31:00,store,S001,C02378,P0002,card,19041.420000000002
T0000479,2025-01-06T01:29:00,store,S006,C01714,P0016,cash,24607.15
T0000480,2025-01-08T10:25:00,store,S004,C00601,P0026,card,46539.049999999996
T0000481,2025-01-27T17:54:00,store,S001,C01205,P0020,card,195508.48
T0000484,2025-01-29T11:51:00,store,S002,C00676,P0013,card,61955.09
T0000485,2025-01-20T05:00:00,store,S004,C00469,P0005,cash,17255.16
T0000486,2025-01-03T04:12:00,store,S006,C00785,P0016,cash,9687.87
T0000487,2025-01-10T21:58:00,store,S006,C00815,P0011,cash,7920.01
T0000488,2025-01-17T09:40:00,store,S006,C00080,P0003,card,195442.96000000002
T0000490,2025-01-03T18:57:00,store,S006,C00615,P0024,card,218502.5
T0000491,2025-01-20T07:02:00,store,S001,C01528,P0021,card,13817.98
T0000492,2025-01-28T22:23:00,store,S006,C00757,P0003,card,25657.53
T0000493,2025-01-31T09:58:00,store,S004,C00272,P0026,cash,363862.51
T0000494,2025-01-21T11:29:00,store,S001,C01149,P0021,card,53413.19
T0000495,2025-01-15T01:30:00,store,S001,C02005,P0015,card,2730.25
T0000496,2025-01-02T16:29:00,store,S003,C00088,P0022,card,3898.77
T0000497,2025-01-24T00:37:00,store,S006,C01044,P0016,card,19377.65
T0000498,2025-01-19T21:48:00,store,S006,C01765,P0016,cash,21199.37
T0000499,2025-01-31T12:45:00,store,S003,C02472,P0022,card,8319.58
T0000500,2025-01-08T12:35:00,store,S005,C00316,P0012,cash,268487.64
T0000501,2025-01-24T04:54:00,store,S006,C01122,P0024,card,274380.32
T0000502,2025-01-16T01:17:00,store,S003,C00245,P0019,cash,14659.63
T0000504,2025-01-11T07:27:00,store,S006,C01228,P0016,cash,374863.91000000003
T0000506,2025-01-04T14:43:00,store,S003,C01382,P0019,card,30574.61
T0000507,2025-01-24T10:45:00,store,S001,C02156,P0021,cash,5214.1
T0000508,2025-01-04T14:36:00,store,S005,C02466,P0012,cash,19252.09
T0000509,2025-01-25T19:15:00,store,S003,C01001,P0023,card,24627.620000000003
T0000510,2025-01-17T04:37:00,store,S002,C02498,P0010,card,224755.63
T0000511,2025-01-02T16:50:00,store,S001,C00987,P0009,card,220457.5
T0000512,2025-01-12T07:06:00,store,S004,C02110,P0005,card,86587.73
T0000514,2025-01-17T03:27:00,store,S001,C00102,P0015,cash,16430.58
T0000516,2025-01-25T21:11:00,store,S001,C00913,P0020,cash,230990.86
T0000517,2025-01-26T11:18:00,store,S005,C01787,P0012,cash,272010.71
T0000518,2025-01-08T14:40:00,store,S005,C02035,P0008,card,4446.98
T0000519,2025-01-05T05:25:00,store,S003,C01635,P0023,card,36274.06
T0000520,2025-01-19T15:58:00,store,S001,C02303,P0009,cash,48567.58
T0000521,2025-01-17T17:21:00,store,S001,C00700,P0004,cash,10428.84
T0000525,2025-01-29T06:17:00,store,S001,C01889,P0006,card,256779.38
T0000528,2025-01-04T15:58:00,store,S006,C00488,P0003,cash,199381.35
T0000529,2025-01-25T00:20:00,store,S002,C02021,P0013,card,36455.03
T0000531,2025-01-05T06:49:00,store,S002,C00953,P0007,cash,7403.08
T0000532,2025-01-20T15:15:00,store,S003,C01436,P0022,card,11375.46
T0000533,2025-01-13T22:53:00,store,S005,C00690,P0008,card,54245.469999999994
T0000534,2025-01-18T13:53:00,store,S003,C00562,P0023,cash,20783.88
T0000535,2025-01-18T08:53:00,store,S004,C00100,P0005,card,256449.23
T0000536,2025-01-06T07:42:00,store,S003,C01985,P0017,card,89670.51999999999
T0000539,2025-01-01T21:26:00,store,S001,C00305,P0015,card,45560.68
T0000541,2025-01-25T03:41:00,store,S006,C00732,P0003,card,2422.61
T0000543,2025-01-27T22:28:00,store,S003,C01990,P0022,cash,3712.11
T0000544,2025-01-29T08:20:00,store,S003,C01877,P0019,cash,24720.7
T0000545,2025-01-22T05:07:00,store,S003,C01758,P0019,cash,13051.03
T0000547,2025-01-22T14:35:00,store,S001,C00997,P0020,card,89560.51000000001
T0000548,2025-01-19T09:48:00,store,S003,C02400,P0017,card,36765.51
T0000549,2025-01-27T12:50:00,store,S001,C01663,P0006,card,16996.84
T0000550,2025-01-17T21:53:00,store,S004,C01595,P0005,cash,15689.09
T0000551,2025-01-13T13:54:00,store,S005,C01619,P0014,card,18409.52
T0000552,2025-01-28T14:09:00,store,S003,C00169,P0017,card,17847.26
T0000554,2025-01-05T02:28:00,store,S002,C01093,P0018,cash,236229.94
T0000555,2025-01-05T16:31:00,store,S005,C00277,P0025,cash,4578.4400000000005
T0000556,2025-01-28T19:06:00,store,S002,C02206,P0001,card,206429.31
T0000559,2025-01-26T04:42:00,store,S003,C00544,P0023,card,57328.37
T0000562,2025-01-30T09:21:00,store,S005,C00011,P0012,cash,197169.81
T0000563,2025-01-19T00:16:00,store,S003,C01204,P0019,cash,1760.05
T0000564,2025-01-21T01:39:00,store,S001,C00800,P0021,cash,37037.08
T0000565,2025-01-29T02:08:00,store,S002,C00263,P0018,card,500731.29
T0000566,2025-01-26T15:47:00,store,S001,C01108,P0015,cash,6322.88
T0000567,2025-01-13T21:41:00,store,S001,C02318,P0004,card,51634.33
T0000568,2025-01-15T01:38:00,store,S003,C02227,P0023,cash,10747.11
T0000569,2025-01-12T07:07:00,store,S004,C00683,P0005,cash,8788.91
T0000571,2025-01-01T10:05:00,store,S005,C01434,P0014,cash,54931.979999999996
T0000574,2025-01-22T05:30:00,store,S005,C00836,P0014,card,4323.97
T0000577,2025-01-04T05:16:00,store,S005,C01316,P0012,cash,216123.05
T0000578,2025-01-04T14:03:00,store,S001,C00357,P0004,card,4161.39
T0000579,2025-01-31T11:40:00,store,S004,C02442,P0005,card,6244.13
T0000580,2025-01-19T17:13:00,store,S004,C01137,P0026,card,6840.39
T0000583,2025-01-30T19:06:00,store,S005,C02472,P0012,card,21761.649999999998
T0000585,2025-01-24T00:54:00,store,S006,C01258,P0024,card,32618.339999999997
T0000586,2025-01-03T02:32:00,store,S005,C01344,P0008,cash,11845.21
T0000587,2025-01-22T14:53:00,store,S003,C02173,P0017,cash,6075.280000000001
T0000589,2025-01-30T11:24:00,store,S005,C01650,P0012,cash,6372.52
T0000590,2025-01-01T05:49:00,store,S005,C01031,P0014,cash,247201.13
T0000591,2025-01-17T16:40:00,store,S002,C01970,P0001,card,243565.22999999998
T0000592,2025-01-04T04:45:00,store,S001,C01811,P0004,card,6610.57
T0000593,2025-01-01T02:16:00,store,S006,C00947,P0024,card,6182.42
T0000595,2025-01-04T17:06:00,store,S003,C01168,P0022,card,37169.46
T0000596,2025-01-15T03:03:00,store,S002,C00510,P0013,cash,1807.78
T0000597,2025-01-08T16:08:00,store,S002,C00195,P0001,card,98224.74
T0000599,2025-01-24T12:14:00,store,S005,C01336,P0014,cash,6113.59
T0000600,2025-01-23T12:15:00,store,S006,C01323,P0011,cash,3402.34
T0000602,2025-01-26T17:35:00,store,S005,C01534,P0012,card,1374.89
T0000603,2025-01-24T16:41:00,store,S006,C01274,P0011,cash,63579.369999999995
T0000604,2025-01-14T06:54:00,store,S006,C00230,P0011,card,38565.700000000004
T0000605,2025-01-20T01:08:00,store,S006,C02265,P0011,cash,33342.83
T0000606,2025-01-05T03:54:00,store,S001,C00013,P0004,cash,57971.4
T0000608,2025-01-30T10:56:00,store,S006,C00402,P0024,card,66419.8
T0000609,2025-01-08T13:37:00,store,S002,C00894,P0018,card,12247.279999999999
T0000610,2025-01-29T18:40:00,store,S005,C00141,P0008,cash,4425.38
T0000612,2025-01-04T23:37:00,store,S004,C00366,P0026,card,5553.05
T0000614,2025-01-24T01:06:00,store,S005,C00539,P0025,cash,39085.89
T0000616,2025-01-16T15:17:00,store,S006,C02335,P0003,cash,17199.489999999998
T0000617,2025-01-04T00:26:00,store,S003,C02215,P0019,card,7792.41
T0000618,2025-01-30T03:31:00,store,S004,C01659,P0026,card,3974.53
T0000619,2025-01-27T07:42:00,store,S001,C01211,P0004,card,106607.41
T0000621,2025-01-25T15:47:00,store,S006,C00025,P0011,cash,11360.56
T0000622,2025-01-01T03:53:00,store,S005,C02039,P0014,card,46513.420000000006
T0000623,2025-01-05T17:26:00,store,S003,C01523,P0017,card,25224.379999999997
T0000624,2025-01-07T18:02:00,store,S001,C01544,P0004,cash,92600.72
T0000625,2025-01-16T11:32:00,store,S006,C00064,P0003,cash,7069.73
T0000626,2025-01-21T17:00:00,store,S006,C02217,P0016,card,3740.66
T0000627,2025-01-26T08:21:00,store,S001,C00154,P0004,cash,3159.15
T0000628,2025-01-03T17:23:00,store,S004,C00161,P0026,card,22955.34
T0000629,2025-01-02T00:13:00,store,S001,C01281,P0015,card,8488.85
T0000634,2025-01-27T02:25:00,store,S006,C01575,P0011,card,205140.39
T0000637,2025-01-07T22:06:00,store,S005,C02050,P0012,card,19784.75
T0000638,2025-01-16T05:33:00,store,S006,C02436,P0011,cash,36295.21
T0000640,2025-01-16T09:37:00,store,S004,C02285,P0005,cash,6279.42
T0000641,2025-01-23T02:41:00,store,S005,C01023,P0025,card,12947.09
T0000642,2025-01-21T16:14:00,store,S002,C02049,P0001,cash,45584.37
T0000643,2025-01-19T00:06:00,store,S004,C00520,P0005,cash,28443.82
T0000644,2025-01-17T18:20:00,store,S001,C02402,P0021,card,3643.18
T0000645,2025-01-20T10:53:00,store,S006,C02398,P0011,cash,202947.47
T0000648,2025-01-09T09:13:00,store,S002,C00274,P0007,card,9233.0
T0000649,2025-01-27T17:12:00,store,S003,C00524,P0019,card,19725.940000000002
T0000650,2025-01-21T21:24:00,store,S003,C01683,P0017,cash,9590.130000000001
T0000651,2025-01-13T12:26:00,store,S002,C00726,P0007,cash,921.24
T0000652,2025-01-06T15:51:00,store,S001,C00321,P0015,card,4623.37
T0000653,2025-01-20T13:33:00,store,S001,C02167,P0002,card,6669.5
T0000654,2025-01-16T15:31:00,store,S006,C00358,P0011,card,107529.46
T0000655,2025-01-02T23:08:00,store,S006,C02392,P0016,card,246305.22
T0000656,2025-01-31T18:55:00,store,S005,C01530,P0012,cash,334544.80000000005
T0000657,2025-01-28T14:39:00,store,S002,C01704,P0001,cash,24736.43
T0000658,2025-01-20T18:49:00,store,S003,C02170,P0019,cash,324375.8
T0000659,2025-01-20T17:22:00,store,S002,C00730,P0013,card,18418.44
T0000663,2025-01-18T22:40:00,store,S001,C02216,P0021,cash,48019.29000000001
T0000665,2025-01-18T20:21:00,store,S005,C00019,P0025,cash,14220.76
T0000666,2025-01-08T07:03:00,store,S001,C01482,P0002,card,233934.06
T0000669,2025-01-13T21:18:00,store,S002,C00695,P0001,cash,19038.59
T0000671,2025-01-29T01:37:00,store,S006,C02354,P0003,card,17214.05
T0000673,2025-01-24T19:04:00,store,S001,C00667,P0021,cash,110446.58
T0000674,2025-01-31T01:56:00,store,S003,C01380,P0019,card,9391.16
T0000676,2025-01-30T18:21:00,store,S001,C00730,P0009,card,248117.47
T0000677,2025-01-02T14:20:00,store,S002,C00468,P0018,cash,59214.1
T0000678,2025-01-06T10:55:00,store,S005,C00737,P0025,card,50041.16
T0000679,2025-01-02T08:28:00,store,S004,C01879,P0005,cash,28997.46
T0000680,2025-01-20T09:20:00,store,S004,C01701,P0026,card,117356.82
T0000681,2025-01-27T13:35:00,store,S006,C00790,P0003,cash,28451.53
T0000682,2025-01-09T14:17:00,store,S006,C00929,P0011,card,16563.3
T0000683,2025-01-03T01:50:00,store,S006,C01207,P0024,cash,13819.330000000002
T0000684,2025-01-29T21:56:00,store,S006,C00322,P0011,card,21555.1
T0000685,2025-01-04T11:09:00,store,S002,C00306,P0018,cash,62790.84
T0000691,2025-01-20T07:47:00,store,S001,C02484,P0004,cash,54412.14
T0000692,2025-01-16T23:11:00,store,S004,C02413,P0026,cash,238274.90000000002
T0000693,2025-01-05T07:35:00,store,S004,C02277,P0026,cash,42946.45
T0000694,2025-01-16T11:38:00,store,S001,C00183,P0009,card,27728.65
T0000695,2025-01-27T19:04:00,store,S006,C00066,P0011,cash,31052.42
T0000697,2025-01-28T11:56:00,store,S002,C01963,P0018,card,46458.77
T0000701,2025-01-02T10:37:00,store,S006,C00942,P0003,cash,6952.87
T0000702,2025-01-13T02:22:00,store,S004,C00358,P0026,card,79824.62
T0000703,2025-01-14T10:33:00,store,S002,C01619,P0007,card,16177.449999999999
T0000705,2025-01-12T10:31:00,store,S004,C00681,P0026,card,5622.030000000001
T0000706,2025-01-18T03:39:00,store,S003,C02254,P0017,cash,264591.82
T0000707,2025-01-12T06:22:00,store,S001,C00881,P0021,card,11512.28
T0000709,2025-01-06T09:32:00,store,S001,C01271,P0015,card,204883.11
T0000710,2025-01-23T15:37:00,store,S005,C00380,P0025,card,28949.21
T0000711,2025-01-04T04:37:00,store,S004,C02131,P0026,card,48070.52
T0000712,2025-01-21T02:09:00,store,S001,C01510,P0004,cash,12164.04
T0000713,2025-01-15T09:36:00,store,S006,C02008,P0016,card,24480.11
T0000714,2025-01-29T15:24:00,store,S001,C01424,P0020,cash,5412.06
T0000715,2025-01-23T15:35:00,store,S005,C01730,P0008,card,302566.07
T0000716,2025-01-14T20:05:00,store,S001,C02354,P0004,card,31905.97
T0000719,2025-01-22T18:01:00,store,S005,C00423,P0014,cash,23405.77
T0000721,2025-01-01T12:29:00,store,S002,C01345,P0013,cash,7189.4
T0000722,2025-01-02T08:30:00,store,S005,C02040,P0012,cash,30952.13
T0000723,2025-01-27T09:05:00,store,S001,C00021,P0021,card,9546.04
T0000724,2025-01-17T21:02:00,store,S004,C01906,P0026,card,5919.54
T0000725,2025-01-20T02:55:00,store,S002,C02215,P0007,card,3565.88
T0000726,2025-01-21T18:05:00,store,S006,C01060,P0016,cash,92573.05
T0000730,2025-01-19T03:21:00,store,S005,C02222,P0025,cash,31820.64
T0000731,2025-01-04T10:56:00,store,S003,C01020,P0023,cash,92573.27
T0000732,2025-01-31T08:37:00,store,S004,C01971,P0026,cash,20539.97
T0000733,2025-01-03T12:19:00,store,S001,C00108,P0015,card,46766.25000000001
T0000734,2025-01-24T03:23:00,store,S006,C02203,P0024,cash,166327.33000000002
T0000735,2025-01-10T04:22:00,store,S003,C00522,P0022,card,29975.149999999998
T0000736,2025-01-22T09:33:00,store,S005,C00156,P0025,cash,16795.4
T0000737,2025-01-20T08:19:00,store,S004,C01515,P0005,cash,238328.9
T0000738,2025-01-08T20:36:00,store,S001,C00459,P0002,card,139661.55
T0000739,2025-01-23T23:14:00,store,S001,C01563,P0015,card,5977.21
T0000740,2025-01-30T11:04:00,store,S006,C02017,P0011,card,1618.84
T0000741,2025-01-31T15:49:00,store,S006,C00995,P0024,card,7492.93
T0000742,2025-01-14T09:56:00,store,S004,C01020,P0026,card,12592.77
T0000743,2025-01-21T07:51:00,store,S006,C00214,P0003,card,136402.22
T0000744,2025-01-13T16:49:00,store,S005,C00117,P0008,card,21923.95
T0000745,2025-01-15T08:03:00,store,S004,C00858,P0026,cash,92092.03
T0000746,2025-01-14T23:10:00,store,S005,C02342,P0014,card,31805.71
T0000747,2025-01-04T10:27:00,store,S005,C00028,P0008,card,23754.91
T0000748,2025-01-19T18:35:00,store,S004,C02078,P0005,cash,16413.190000000002
T0000749,2025-01-09T13:34:00,store,S001,C01489,P0006,card,2249.87
T0000750,2025-01-20T10:47:00,store,S002,C01630,P0001,cash,34538.81
T0000751,2025-01-02T15:43:00,store,S003,C00290,P0017,cash,61032.799999999996
T0000752,2025-01-26T11:39:00,store,S005,C02218,P0008,card,118225.71999999999
T0000753,2025-01-19T02:18:00,store,S006,C01590,P0024,card,214711.49
T0000754,2025-01-11T06:14:00,store,S004,C01379,P0026,cash,304281.18
T0000755,2025-01-28T19:23:00,store,S006,C00166,P0003,cash,11282.33
T0000756,2025-01-25T13:19:00,store,S005,C00483,P0025,cash,211086.03
T0000757,2025-01-06T04:04:00,store,S005,C01925,P0014,card,10976.17
T0000758,2025-01-21T16:44:00,store,S005,C02104,P0025,card,9403.8
T0000759,2025-01-02T15:28:00,store,S005,C01372,P0012,cash,14827.0
T0000760,2025-01-23T04:54:00,store,S001,C01005,P0020,cash,11869.33
T0000762,2025-01-06T04:59:00,store,S003,C00138,P0022,card,2107.96
T0000763,2025-01-11T11:13:00,store,S004,C02467,P0005,cash,2262.84
T0000764,2025-01-28T21:13:00,store,S004,C00926,P0005,card,6115.82
T0000765,2025-01-27T17:26:00,store,S006,C02332,P0003,cash,206741.15000000002
T0000766,2025-01-10T02:15:00,store,S001,C01293,P0021,card,20905.2
T0000767,2025-01-22T13:03:00,store,S003,C02022,P0023,card,9829.21
T0000773,2025-01-10T16:23:00,store,S002,C01384,P0001,cash,23203.91
T0000774,2025-01-02T22:43:00,store,S004,C01195,P0026,cash,202672.54
T0000775,2025-01-05T16:35:00,store,S004,C01749,P0005,card,7234.370000000001
T0000777,2025-01-18T17:13:00,store,S001,C01828,P0004,card,4744.54
T0000778,2025-01-26T12:40:00,store,S006,C00285,P0024,card,1376.32
T0000780,2025-01-25T10:38:00,store,S004,C00699,P0005,card,1793.08
T0000783,2025-01-31T19:26:00,store,S005,C00617,P0025,cash,35414.58
T0000784,2025-01-04T08:27:00,store,S001,C01076,P0009,card,33367.44
T0000787,2025-01-15T07:13:00,store,S005,C01248,P0025,card,11621.04
T0000788,2025-01-22T07:06:00,store,S002,C02120,P0018,cash,40099.11
T0000789,2025-01-13T20:26:00,store,S005,C01927,P0008,card,30068.46
T0000790,2025-01-19T05:55:00,store,S005,C01097,P0014,cash,19114.71
T0000791,2025-01-16T08:18:00,store,S001,C00662,P0020,cash,1825.44
T0000793,2025-01-04T12:13:00,store,S002,C01605,P0001,cash,19963.13
T0000795,2025-01-03T19:43:00,store,S004,C00067,P0026,cash,1337.87
T0000796,2025-01-16T14:07:00,store,S002,C00871,P0018,cash,4498.4
T0000797,2025-01-15T14:39:00,store,S002,C02326,P0013,cash,210896.05
T0000798,2025-01-16T15:01:00,store,S003,C01134,P0019,card,13917.54
T0000799,2025-01-28T23:30:00,store,S001,C01300,P0004,card,14050.650000000001
T0000800,2025-01-18T16:33:00,store,S006,C00547,P0003,cash,210419.82
T0000801,2025-01-05T23:12:00,store,S006,C01595,P0011,cash,106124.69
T0000802,2025-01-08T14:24:00,store,S006,C02460,P0024,cash,6322.59
T0000803,2025-01-12T21:40:00,store,S003,C01003,P0017,cash,20161.68
T0000804,2025-01-21T12:44:00,store,S004,C00532,P0026,cash,44921.3
T0000806,2025-01-11T13:23:00,store,S001,C01387,P0009,cash,4211.2
T0000808,2025-01-02T23:24:00,store,S006,C01970,P0016,card,10888.45
T0000809,2025-01-22T19:02:00,store,S001,C01910,P0002,card,6146.53
T0000810,2025-01-29T04:00:00,store,S004,C00142,P0005,card,43316.09
T0000811,2025-01-14T17:56:00,store,S006,C00967,P0024,card,40615.54
T0000812,2025-01-27T00:04:00,store,S004,C02092,P0005,cash,63473.96
T0000813,2025-01-02T08:41:00,store,S004,C00729,P0026,card,7831.17
T0000814,2025-01-19T01:26:00,store,S003,C02431,P0019,cash,241199.41
T0000816,2025-01-13T20:48:00,store,S001,C01742,P0009,cash,18368.17
T0000817,2025-01-10T03:42:00,store,S006,C02220,P0016,card,1466.36
T0000818,2025-01-09T08:17:00,store,S001,C01210,P0020,card,135008.27000000002
T0000819,2025-01-02T01:42:00,store,S006,C00417,P0016,cash,79652.25
T0000820,2025-01-26T18:00:00,store,S006,C00790,P0016,cash,2759.81
T0000821,2025-01-05T21:01:00,store,S001,C01963,P0021,card,18078.18
T0000822,2025-01-02T07:59:00,store,S006,C00031,P0011,cash,62326.82
T0000827,2025-01-02T04:25:00,store,S004,C01222,P0026,card,171545.34
T0000829,2025-01-12T14:40:00,store,S005,C00203,P0008,card,36788.38
T0000830,2025-01-30T19:20:00,store,S004,C00819,P0005,card,249524.13
T0000832,2025-01-30T02:45:00,store,S002,C01305,P0013,cash,35792.36
T0000834,2025-01-14T10:31:00,store,S003,C01485,P0022,cash,56441.549999999996
T0000835,2025-01-19T12:12:00,store,S005,C00730,P0014,card,199994.62
T0000836,2025-01-10T20:18:00,store,S001,C00798,P0009,cash,56504.79
T0000837,2025-01-27T07:33:00,store,S005,C00992,P0012,cash,22416.53
T0000838,2025-01-01T21:38:00,store,S005,C01480,P0008,cash,24131.08
T0000839,2025-01-15T16:55:00,store,S004,C01639,P0026,cash,24149.91
T0000840,2025-01-06T11:54:00,store,S005,C00834,P0014,card,258647.85
T0000841,2025-01-04T13:29:00,store,S006,C01006,P0016,cash,4753.85
T0000842,2025-01-31T10:26:00,store,S006,C02030,P0003,card,93794.51000000001
T0000843,2025-01-27T15:00:00,store,S005,C02422,P0012,cash,55770.44
T0000844,2025-01-18T13:17:00,store,S004,C00360,P0005,cash,22734.4
T0000845,2025-01-16T22:29:00,store,S005,C01903,P0025,card,5959.41
T0000848,2025-01-02T01:10:00,store,S005,C01186,P0014,card,8139.860000000001
T0000849,2025-01-18T10:25:00,store,S002,C00906,P0007,cash,218160.91
T0000850,2025-01-31T13:01:00,store,S001,C01522,P0020,cash,26434.96
T0000851,2025-01-17T02:49:00,store,S001,C01369,P0004,card,1808.55
T0000853,2025-01-28T07:34:00,store,S005,C00973,P0008,cash,242024.03999999998
T0000857,2025-01-15T03:13:00,store,S006,C00392,P0016,card,1072.35
T0000858,2025-01-05T08:55:00,store,S003,C02489,P0017,card,264843.83999999997
T0000859,2025-01-14T13:32:00,store,S001,C00564,P0006,card,246619.15
T0000860,2025-01-11T12:20:00,store,S005,C01849,P0012,card,53291.55
T0000862,2025-01-05T20:46:00,store,S003,C02104,P0023,card,12262.26
T0000863,2025-01-12T05:56:00,store,S006,C00713,P0011,card,9423.17
T0000865,2025-01-07T14:37:00,store,S001,C00122,P0004,cash,228257.12
T0000866,2025-01-21T06:25:00,store,S002,C01420,P0018,card,4027.3199999999997
T0000867,2025-01-10T18:41:00,store,S003,C01450,P0022,cash,5939.73
T0000869,2025-01-19T04:52:00,store,S006,C00603,P0003,cash,23019.43
T0000870,2025-01-07T21:12:00,store,S006,C01861,P0003,cash,28109.74
T0000871,2025-01-14T06:14:00,store,S002,C02472,P0013,cash,444419.07
T0000872,2025-01-31T18:31:00,store,S005,C02190,P0014,cash,707344.9600000001
T0000873,2025-01-20T23:03:00,store,S005,C02116,P0012,card,14002.65
T0000874,2025-01-30T03:17:00,store,S004,C00641,P0005,card,54567.08
T0000876,2025-01-02T02:39:00,store,S006,C02381,P0016,cash,34402.58
T0000878,2025-01-17T11:39:00,store,S001,C02031,P0002,card,24556.170000000002
T0000880,2025-01-27T22:58:00,store,S002,C01121,P0001,cash,222811.57
T0000881,2025-01-12T00:03:00,store,S003,C00378,P0023,card,35789.17
T0000882,2025-01-05T16:44:00,store,S004,C02466,P0026,card,11784.82
T0000884,2025-01-12T05:02:00,store,S003,C02096,P0022,card,8242.34
T0000885,2025-01-03T08:00:00,store,S001,C01772,P0015,card,21206.84
T0000886,2025-01-22T08:08:00,store,S006,C02019,P0003,card,11167.3
T0000887,2025-01-11T00:03:00,store,S002,C01798,P0010,card,14711.89
T0000888,2025-01-19T00:04:00,store,S006,C01970,P0024,card,24964.68
T0000889,2025-01-22T11:00:00,store,S002,C00242,P0013,cash,1870.25
T0000890,2025-01-14T10:06:00,store,S005,C01716,P0025,cash,26062.68
T0000891,2025-01-22T22:22:00,store,S001,C01984,P0006,cash,23068.21
T0000894,2025-01-22T09:35:00,store,S002,C00085,P0013,card,10651.31
T0000896,2025-01-11T14:08:00,store,S005,C01156,P0025,cash,13303.44
T0000897,2025-01-13T02:42:00,store,S004,C02398,P0005,card,2807.96
T0000898,2025-01-11T00:45:00,store,S003,C02371,P0019,cash,28642.17
T0000899,2025-01-10T20:33:00,store,S004,C00306,P0026,card,28741.550000000003
T0000901,2025-01-24T11:33:00,store,S002,C02413,P0013,card,29326.95
T0000902,2025-01-11T11:37:00,store,S005,C01766,P0014,card,13401.9
T0000903,2025-01-12T16:48:00,store,S001,C01019,P0020,cash,7016.3
T0000904,2025-01-24T17:08:00,store,S005,C01788,P0012,card,2780.11
T0000905,2025-01-08T23:49:00,store,S005,C01756,P0025,card,4853.700000000001
T0000907,2025-01-26T09:22:00,store,S006,C00103,P0011,card,213476.35
T0000908,2025-01-09T21:34:00,store,S002,C01823,P0007,card,180022.41
T0000909,2025-01-01T07:30:00,store,S006,C01433,P0024,card,152475.68999999997
T0000910,2025-01-20T10:06:00,store,S006,C01441,P0016,cash,263935.52
T0000912,2025-01-02T17:41:00,store,S004,C00648,P0005,card,52776.59
T0000913,2025-01-06T07:17:00,store,S005,C01090,P0014,cash,4494.75
T0000915,2025-01-19T12:39:00,store,S005,C01353,P0014,cash,33216.34
T0000916,2025-01-22T06:31:00,store,S001,C01001,P0020,card,5417.54
T0000917,2025-01-25T23:52:00,store,S005,C02451,P0025,cash,14933.46
T0000920,2025-01-06T15:06:00,store,S004,C02379,P0026,cash,212021.91999999998
T0000922,2025-01-31T14:52:00,store,S001,C00808,P0006,cash,285822.65
T0000926,2025-01-07T09:35:00,store,S006,C00208,P0016,card,10113.0
T0000927,2025-01-25T15:06:00,store,S004,C01351,P0005,card,8401.369999999999
T0000928,2025-01-10T23:20:00,store,S006,C00142,P0003,card,2378.94
T0000931,2025-01-16T08:27:00,store,S004,C01982,P0005,card,46542.93
T0000932,2025-01-17T23:42:00,store,S003,C01993,P0023,card,13802.34
T0000933,2025-01-07T20:21:00,store,S002,C01521,P0007,cash,53317.85
T0000935,2025-01-19T18:13:00,store,S004,C00905,P0005,card,50283.11
T0000938,2025-01-04T06:58:00,store,S002,C02051,P0013,card,4896.75
T0000939,2025-01-19T14:07:00,store,S001,C01939,P0002,cash,23803.61
T0000940,2025-01-19T13:42:00,store,S002,C00233,P0018,card,130587.86
T0000941,2025-01-31T21:04:00,store,S005,C01125,P0014,cash,230288.75
T0000942,2025-01-15T03:26:00,store,S004,C02146,P0026,cash,11286.08
T0000943,2025-01-25T20:54:00,store,S004,C01909,P0026,cash,5480.81
T0000945,2025-01-26T08:28:00,store,S004,C00390,P0026,card,9897.220000000001
T0000946,2025-01-15T23:02:00,store,S002,C01917,P0010,cash,73811.06
T0000948,2025-01-09T10:23:00,store,S004,C02059,P0005,card,117745.81
T0000950,2025-01-14T11:11:00,store,S004,C01256,P0005,card,189629.80000000002
T0000953,2025-01-22T12:33:00,store,S006,C00343,P0016,cash,12116.04
T0000958,2025-01-11T17:14:00,store,S002,C02404,P0018,cash,200966.43
T0000959,2025-01-07T19:16:00,store,S004,C02063,P0005,cash,13676.99
T0000961,2025-01-09T17:43:00,store,S002,C01866,P0007,cash,34234.66
T0000962,2025-01-13T07:47:00,store,S004,C00014,P0005,cash,20451.17
T0000963,2025-01-17T22:54:00,store,S002,C00686,P0001,cash,269267.98
T0000965,2025-01-29T22:39:00,store,S002,C00363,P0013,cash,239666.24
T0000966,2025-01-23T20:33:00,store,S006,C02296,P0024,cash,35076.19
T0000968,2025-01-01T03:56:00,store,S001,C00947,P0009,cash,240574.81
T0000970,2025-01-05T03:13:00,store,S004,C00225,P0026,cash,299043.2
T0000971,2025-01-23T09:14:00,store,S002,C00501,P0013,cash,179968.58000000002
T0000972,2025-01-12T02:57:00,store,S001,C02253,P0020,card,1442.62
T0000974,2025-01-06T08:23:00,store,S002,C00275,P0013,card,8534.810000000001
T0000976,2025-01-09T05:51:00,store,S001,C02046,P0006,card,373597.58
T0000977,2025-01-25T01:46:00,store,S005,C00423,P0014,cash,5184.41
T0000978,2025-01-05T00:06:00,store,S005,C02356,P0008,card,7006.55
T0000979,2025-01-17T10:09:00,store,S005,C01252,P0012,cash,11090.74
T0000980,2025-01-20T02:23:00,store,S002,C01793,P0007,card,1276.42
T0000982,2025-01-31T15:27:00,store,S001,C01789,P0009,cash,155865.26
T0000983,2025-01-05T06:03:00,store,S005,C01179,P0025,card,37537.48
T0000984,2025-01-08T14:39:00,store,S003,C02451,P0022,cash,14106.12
T0000986,2025-01-20T06:41:00,store,S002,C00447,P0013,cash,28713.309999999998
T0000991,2025-01-26T23:31:00,store,S005,C01067,P0025,card,12208.96
T0000992,2025-01-01T12:16:00,store,S004,C01503,P0026,card,4781.8
T0000993,2025-01-31T17:15:00,store,S006,C00433,P0011,card,7975.17
T0000994,2025-01-25T17:08:00,store,S004,C00694,P0005,card,21295.63
T0000995,2025-01-11T18:14:00,store,S004,C00464,P0026,cash,190794.53
T0000997,2025-01-30T20:28:00,store,S002,C02311,P0018,cash,206327.29
T0000998,2025-01-07T17:08:00,store,S004,C02362,P0005,cash,11033.25
T0000999,2025-01-18T10:11:00,store,S006,C02324,P0016,cash,79278.17
T0001000,2025-01-09T23:17:00,store,S004,C01624,P0005,cash,6170.0599999999995
T0001002,2025-01-14T00:17:00,store,S002,C01970,P0007,card,391260.41
T0001003,2025-01-14T10:02:00,store,S001,C02380,P0006,card,7091.38
T0001004,2025-01-03T00:38:00,store,S005,C00657,P0012,card,322846.06
T0001005,2025-01-27T19:21:00,store,S006,C01211,P0011,card,7725.29
T0001006,2025-01-16T23:16:00,store,S006,C02396,P0024,cash,16711.68
T0001007,2025-01-16T17:21:00,store,S004,C00595,P0005,cash,6997.030000000001
T0001009,2025-01-05T21:22:00,store,S005,C01259,P0014,cash,219635.93
T0001010,2025-01-24T04:12:00,store,S001,C00457,P0004,cash,226613.7
T0001011,2025-01-27T16:31:00,store,S005,C00313,P0012,card,219675.66
T0001012,2025-01-10T07:41:00,store,S002,C01081,P0010,cash,21440.39
T0001015,2025-01-21T07:41:00,store,S001,C01032,P0015,card,6378.5
T0001018,2025-01-26T19:06:00,store,S003,C01405,P0022,cash,1673.31
T0001019,2025-01-29T06:43:00,store,S004,C00563,P0005,card,9879.65
T0001021,2025-01-26T16:31:00,store,S006,C02041,P0003,card,13347.029999999999
T0001023,2025-01-13T21:53:00,store,S003,C00911,P0023,card,6665.24
T0001024,2025-01-16T18:19:00,store,S001,C02164,P0021,cash,44766.880000000005
T0001025,2025-01-10T12:09:00,store,S001,C00722,P0009,cash,206840.7
T0001026,2025-01-08T19:48:00,store,S005,C01959,P0014,cash,10296.5
T0001027,2025-01-27T03:35:00,store,S006,C01313,P0016,card,46146.48
T0001028,2025-01-29T11:13:00,store,S003,C00834,P0023,card,15923.18
T0001030,2025-01-03T00:18:00,store,S001,C00068,P0020,card,21555.46
T0001031,2025-01-10T16:35:00,store,S003,C00168,P0022,cash,37489.56
T0001032,2025-01-02T18:35:00,store,S001,C00371,P0009,cash,10281.32
T0001033,2025-01-24T17:53:00,store,S001,C00108,P0004,card,229226.63
T0001034,2025-01-02T12:18:00,store,S004,C00042,P0005,cash,19527.64
T0001035,2025-01-15T01:16:00,store,S001,C00888,P0002,card,47222.87
T0001036,2025-01-02T01:33:00,store,S004,C02202,P0005,card,13775.009999999998
T0001037,2025-01-04T08:50:00,store,S006,C02335,P0011,cash,131346.8
T0001039,2025-01-18T18:36:00,store,S005,C01383,P0014,cash,5219.59
T0001040,2025-01-13T15:45:00,store,S004,C02495,P0026,cash,20460.05
T0001042,2025-01-19T22:09:00,store,S001,C00346,P0004,card,83609.59
T0001043,2025-01-12T05:14:00,store,S001,C00211,P0020,card,6932.13
T0001044,2025-01-10T18:48:00,store,S004,C00194,P0026,card,11398.57
T0001045,2025-01-24T10:17:00,store,S003,C01226,P0019,cash,14983.259999999998
T0001047,2025-01-27T22:08:00,store,S003,C00031,P0017,card,37687.840000000004
T0001048,2025-01-09T07:43:00,store,S001,C01271,P0020,cash,7558.280000000001
T0001050,2025-01-12T17:53:00,store,S005,C01665,P0014,card,264247.13
T0001052,2025-01-02T23:40:00,store,S006,C00878,P0011,card,10777.59
T0001053,2025-01-22T16:27:00,store,S005,C00168,P0008,card,28902.730000000003
T0001054,2025-01-14T09:13:00,store,S001,C01596,P0020,card,384692.51
T0001056,2025-01-08T00:34:00,store,S006,C02431,P0003,cash,9751.21
T0001057,2025-01-25T21:19:00,store,S004,C00850,P0005,cash,196456.86000000002
T0001058,2025-01-15T16:09:00,store,S005,C01044,P0014,card,50848.18
T0001062,2025-01-03T07:04:00,store,S006,C00756,P0024,cash,262000.04
T0001065,2025-01-25T09:11:00,store,S002,C02220,P0013,cash,22373.94
T0001068,2025-01-10T10:27:00,store,S001,C01532,P0004,card,18886.49
T0001069,2025-01-22T03:27:00,store,S001,C01908,P0015,cash,207587.69
T0001071,2025-01-23T05:53:00,store,S003,C02417,P0019,card,12564.26
T0001072,2025-01-19T23:36:00,store,S003,C00543,P0022,cash,403983.19999999995
T0001074,2025-01-13T22:43:00,store,S006,C02125,P0011,card,139154.71
T0001075,2025-01-02T20:04:00,store,S004,C01149,P0026,card,10666.11
T0001076,2025-01-11T18:50:00,store,S005,C02343,P0012,cash,65081.48
T0001077,2025-01-08T10:20:00,store,S004,C01624,P0026,cash,1927.57
T0001079,2025-01-09T20:10:00,store,S005,C00467,P0025,card,448934.04000000004
T0001080,2025-01-11T07:48:00,store,S004,C00821,P0026,cash,167891.33
T0001083,2025-01-02T23:58:00,store,S006,C02094,P0011,card,47385.44
T0001084,2025-01-16T03:56:00,store,S001,C01006,P0002,cash,392060.21
T0001085,2025-01-12T16:42:00,store,S002,C02143,P0018,cash,361870.7
T0001086,2025-01-09T22:30:00,store,S006,C00989,P0016,card,8193.45
T0001087,2025-01-20T15:21:00,store,S005,C00832,P0025,card,29884.61
T0001088,2025-01-27T15:58:00,store,S005,C01103,P0014,card,99737.32
T0001091,2025-01-06T00:28:00,store,S005,C01461,P0008,card,3037.62
T0001092,2025-01-12T04:37:00,store,S006,C00666,P0003,cash,41998.57
T0001093,2025-01-26T20:42:00,store,S005,C02223,P0008,card,32386.760000000002
T0001094,2025-01-05T23:45:00,store,S002,C00481,P0007,cash,6568.139999999999
T0001095,2025-01-02T06:34:00,store,S001,C00639,P0020,cash,48815.81
T0001096,2025-01-08T18:36:00,store,S003,C01140,P0023,card,206507.52
T0001097,2025-01-18T11:39:00,store,S002,C01323,P0013,card,39062.49
T0001098,2025-01-18T04:35:00,store,S005,C00677,P0012,card,268041.88
T0001100,2025-01-28T20:05:00,store,S001,C02357,P0021,cash,33440.6
T0001102,2025-01-12T12:21:00,store,S004,C01729,P0026,cash,52988.82
T0001104,2025-01-27T22:03:00,store,S005,C00733,P0012,card,56433.83
T0001105,2025-01-14T21:17:00,store,S001,C01023,P0020,card,1296.23
T0001106,2025-01-01T18:27:00,store,S005,C02468,P0025,cash,18861.940000000002
T0001107,2025-01-02T08:05:00,store,S006,C00002,P0016,cash,15920.8
T0001108,2025-01-15T13:19:00,store,S001,C01189,P0002,card,3215.58
T0001109,2025-01-26T06:22:00,store,S003,C00647,P0017,cash,18886.19
T0001110,2025-01-31T12:52:00,store,S001,C02462,P0021,cash,229165.87999999998
T0001111,2025-01-11T19:43:00,store,S002,C01691,P0018,cash,9917.26
T0001112,2025-01-01T14:52:00,store,S005,C02375,P0014,card,15945.33
T0001113,2025-01-29T12:33:00,store,S004,C00094,P0026,cash,15726.64
T0001114,2025-01-03T04:49:00,store,S005,C00679,P0012,card,31696.17
T0001115,2025-01-01T08:38:00,store,S001,C02351,P0006,cash,9660.84
T0001116,2025-01-26T02:05:00,store,S005,C02318,P0012,card,12171.31
T0001117,2025-01-21T16:20:00,store,S002,C00708,P0018,cash,20334.56
T0001118,2025-01-25T06:35:00,store,S006,C00446,P0024,cash,45276.44
T0001119,2025-01-12T11:29:00,store,S004,C02084,P0026,cash,23934.54
T0001120,2025-01-14T14:05:00,store,S006,C00024,P0003,card,31886.26
T0001122,2025-01-17T04:46:00,store,S004,C00176,P0026,cash,4049.74
T0001124,2025-01-30T04:25:00,store,S002,C01743,P0010,card,52098.03
T0001127,2025-01-15T01:28:00,store,S005,C02478,P0014,card,9691.2
T0001128,2025-01-30T16:01:00,store,S006,C01784,P0016,card,498069.88
T0001129,2025-01-07T22:08:00,store,S004,C00041,P0026,cash,52969.380000000005
T0001130,2025-01-01T02:26:00,store,S003,C00587,P0017,card,603927.62
T0001132,2025-01-04T08:41:00,store,S005,C00654,P0012,card,200870.99000000002
T0001133,2025-01-10T01:23:00,store,S006,C00400,P0024,card,11691.449999999999
T0001134,2025-01-15T21:07:00,store,S001,C00962,P0004,card,230978.96
T0001135,2025-01-07T13:17:00,store,S004,C00608,P0026,cash,15403.599999999999
T0001136,2025-01-23T22:15:00,store,S005,C01449,P0025,card,17180.19
T0001140,2025-01-28T15:48:00,store,S005,C01780,P0012,cash,1614.31
T0001143,2025-01-25T06:51:00,store,S004,C01942,P0026,cash,17113.84
T0001144,2025-01-29T13:43:00,store,S005,C00563,P0008,card,26264.67
T0001145,2025-01-23T17:56:00,store,S001,C02177,P0004,card,11793.26
T0001146,2025-01-13T07:53:00,store,S004,C00862,P0026,cash,195121.68
T0001147,2025-01-07T06:09:00,store,S001,C02495,P0002,cash,2438.16
T0001148,2025-01-20T20:43:00,store,S005,C01634,P0025,cash,32367.11
T0001150,2025-01-16T15:11:00,store,S004,C01568,P0026,cash,2935.25
T0001152,2025-01-03T00:31:00,store,S006,C00092,P0016,cash,235681.41
T0001153,2025-01-07T15:34:00,store,S004,C01886,P0026,cash,29767.86
T0001154,2025-01-12T09:14:00,store,S003,C02382,P0022,cash,57700.729999999996
T0001156,2025-01-21T00:45:00,store,S001,C01274,P0006,card,267492.58
T0001157,2025-01-30T20:07:00,store,S004,C00671,P0005,card,10813.08
T0001158,2025-01-30T02:48:00,store,S004,C00406,P0005,card,179695.06
T0001159,2025-01-09T08:47:00,store,S005,C01400,P0014,cash,298637.43
T0001161,2025-01-14T21:06:00,store,S003,C01760,P0023,cash,5418.2
T0001162,2025-01-25T12:53:00,store,S001,C01179,P0006,cash,11405.46
T0001163,2025-01-14T09:09:00,store,S003,C00717,P0023,card,14471.35
T0001164,2025-01-13T14:39:00,store,S004,C00651,P0026,cash,248960.34000000003
T0001165,2025-01-29T12:07:00,store,S004,C00637,P0005,card,50130.22
T0001167,2025-01-16T11:27:00,store,S004,C01239,P0005,card,13914.58
T0001169,2025-01-15T21:24:00,store,S003,C02457,P0019,cash,32786.56
T0001171,2025-01-30T11:26:00,store,S006,C01709,P0016,cash,38431.17
T0001173,2025-01-31T10:56:00,store,S002,C01486,P0018,card,38757.36
T0001174,2025-01-14T08:59:00,store,S005,C02242,P0008,cash,266254.29
T0001175,2025-01-17T21:19:00,store,S002,C02363,P0007,card,5007.58
T0001176,2025-01-17T22:26:00,store,S005,C01408,P0025,card,121239.33
T0001177,2025-01-30T10:40:00,store,S005,C01352,P0012,card,13356.69
T0001179,2025-01-21T14:52:00,store,S001,C00484,P0021,cash,15537.36
T0001181,2025-01-21T14:53:00,store,S001,C02294,P0004,card,10999.74
T0001182,2025-01-07T14:42:00,store,S002,C00832,P0007,cash,2349.49
T0001183,2025-01-03T15:34:00,store,S001,C01927,P0004,card,22611.73
T0001184,2025-01-25T06:31:00,store,S005,C01550,P0025,card,44956.53
T0001187,2025-01-04T15:28:00,store,S006,C02258,P0024,cash,24982.829999999998
T0001188,2025-01-27T23:31:00,store,S002,C02109,P0013,card,4837.88
T0001189,2025-01-07T03:54:00,store,S005,C01569,P0008,card,10754.119999999999
T0001190,2025-01-11T10:50:00,store,S004,C02427,P0026,card,361567.23
T0001191,2025-01-08T20:56:00,store,S002,C00052,P0010,cash,4321.62
T0001193,2025-01-10T21:59:00,store,S004,C00495,P0026,cash,17488.3
T0001194,2025-01-28T21:16:00,store,S006,C02245,P0003,cash,30466.44
T0001195,2025-01-03T11:40:00,store,S005,C01392,P0012,card,74503.81
T0001196,2025-01-30T03:18:00,store,S001,C01998,P0002,cash,9917.42
T0001197,2025-01-05T13:29:00,store,S001,C02375,P0002,cash,51770.24
T0001198,2025-01-21T09:01:00,store,S004,C01403,P0005,cash,21564.61
T0001200,2025-01-13T16:16:00,store,S005,C02138,P0025,card,22572.31
T0001201,2025-01-04T09:06:00,store,S005,C00586,P0025,cash,24398.45
T0001202,2025-01-02T14:12:00,store,S005,C01732,P0012,cash,54950.630000000005
T0001204,2025-01-07T05:32:00,store,S002,C01232,P0013,card,7930.15
T0001205,2025-01-14T05:56:00,store,S004,C00125,P0005,card,210195.75999999998
T0001207,2025-01-16T06:01:00,store,S003,C02096,P0019,cash,135105.29
T0001209,2025-01-01T06:23:00,store,S006,C00295,P0003,cash,6924.07
T0001210,2025-01-25T09:43:00,store,S001,C01312,P0020,cash,202146.43
T0001211,2025-01-21T09:25:00,store,S003,C02071,P0023,card,35536.83
T0001212,2025-01-07T01:29:00,store,S006,C01479,P0011,card,48282.76
T0001213,2025-01-04T16:47:00,store,S006,C00580,P0024,cash,21709.690000000002
T0001214,2025-01-14T01:24:00,store,S004,C02042,P0005,cash,9170.39
T0001216,2025-01-26T14:40:00,store,S001,C01744,P0015,card,16579.29
T0001217,2025-01-27T12:29:00,store,S004,C00815,P0005,cash,230956.43
T0001218,2025-01-09T14:53:00,store,S003,C00702,P0019,cash,4306.65
T0001220,2025-02-04T04:21:00,online,,C01678,,wallet,27010.77
T0001221,2025-02-27T06:23:00,online,,C02152,,card,52440.46
T0001222,2025-02-06T12:29:00,online,,C01617,,wallet,102961.04999999999
T0001223,2025-02-27T15:27:00,online,,C00294,,cod,51881.76
T0001224,2025-02-06T06:16:00,online,,C01807,,card,151789.53999999998
T0001225,2025-02-10T01:43:00,online,,C01369,,card,7358.17
T0001226,2025-02-26T04:08:00,online,,C01414,,wallet,6596.74
T0001227,2025-02-19T13:59:00,online,,C00701,,card,3576.85
T0001231,2025-02-03T14:07:00,online,,C01872,,card,91517.18000000001
T0001232,2025-02-26T15:02:00,online,,C02057,,wallet,2316.89
T0001233,2025-02-11T04:15:00,online,,C01045,,cod,3309.68
T0001234,2025-02-21T11:58:00,online,,C00826,,card,2879.76
T0001235,2025-02-18T10:29:00,online,,C00913,,wallet,187852.57
T0001236,2025-02-16T05:14:00,online,,C00080,,card,30120.019999999997
T0001237,2025-02-01T15:39:00,online,,C00842,,card,114231.68000000001
T0001238,2025-02-08T09:12:00,online,,C01140,,card,7823.02
T0001243,2025-02-01T22:34:00,online,,C01249,,wallet,7008.5
T0001244,2025-02-08T14:04:00,online,,C00828,,card,14107.060000000001
T0001245,2025-02-05T11:40:00,online,,C00931,,wallet,11436.17
T0001246,2025-02-24T14:05:00,online,,C00431,,cod,16041.710000000001
T0001248,2025-02-03T17:45:00,online,,C00614,,cod,8292.38
T0001251,2025-02-24T19:34:00,online,,C00005,,wallet,31770.640000000003
T0001252,2025-02-02T20:10:00,online,,C01114,,wallet,58696.3
T0001254,2025-02-15T09:34:00,online,,C02285,,card,18287.02
T0001255,2025-02-16T15:53:00,online,,C01615,,cod,65153.55
T0001256,2025-02-03T06:59:00,online,,C02241,,wallet,10863.53
T0001258,2025-02-28T05:10:00,online,,C02190,,card,10289.18
T0001259,2025-02-01T18:45:00,online,,C02342,,cod,16933.15
T0001260,2025-02-01T14:29:00,online,,C00247,,cod,3725.67
T0001261,2025-02-23T14:59:00,online,,C01184,,cod,27915.24
T0001262,2025-02-22T05:38:00,online,,C01513,,card,45346.549999999996
T0001263,2025-02-03T05:28:00,online,,C01627,,cod,9413.88
T0001264,2025-02-21T11:29:00,online,,C02387,,card,11905.779999999999
T0001265,2025-02-19T07:19:00,online,,C02335,,card,29723.949999999997
T0001269,2025-02-25T06:17:00,online,,C02222,,card,20256.03
T0001270,2025-02-13T03:53:00,online,,C01229,,wallet,28362.17
T0001271,2025-02-12T07:13:00,online,,C01258,,cod,18117.67
T0001272,2025-02-21T19:22:00,online,,C02434,,card,423100.33
T0001273,2025-02-15T13:50:00,online,,C02417,,cod,10506.1
T0001274,2025-02-05T20:02:00,online,,C01395,,card,5467.34
T0001276,2025-02-17T05:56:00,online,,C02152,,wallet,248716.84
T0001278,2025-02-23T09:20:00,online,,C00088,,wallet,195879.16999999998
T0001279,2025-02-21T23:42:00,online,,C00481,,cod,48904.64
T0001281,2025-02-19T18:03:00,online,,C01418,,card,383598.5
T0001282,2025-02-04T09:56:00,online,,C00026,,card,84938.58
T0001283,2025-02-14T23:02:00,online,,C00755,,card,21817.190000000002
T0001285,2025-02-05T02:35:00,online,,C00340,,cod,28056.37
T0001286,2025-02-23T11:06:00,online,,C01534,,cod,3861.9
T0001288,2025-02-22T10:54:00,online,,C02427,,card,32202.59
T0001289,2025-02-05T05:08:00,online,,C01063,,wallet,215692.33
T0001290,2025-02-18T02:00:00,online,,C01546,,card,3489.72
T0001293,2025-02-17T08:43:00,online,,C00026,,card,27438.58
T0001294,2025-02-03T03:14:00,online,,C00479,,wallet,165845.27
T0001295,2025-02-28T06:51:00,online,,C02198,,cod,4062.11
T0001296,2025-02-05T05:48:00,online,,C02031,,card,11339.16
T0001298,2025-02-05T11:54:00,online,,C00607,,cod,4338.3
T0001299,2025-02-28T06:10:00,online,,C01237,,cod,39561.94
T0001300,2025-02-01T00:33:00,online,,C01877,,card,9918.43
T0001303,2025-02-11T02:20:00,online,,C02024,,wallet,2607.19
T0001304,2025-02-13T04:47:00,online,,C00698,,wallet,8807.46
T0001306,2025-02-22T08:14:00,online,,C00981,,cod,1005.79
T0001310,2025-02-08T23:01:00,online,,C02496,,wallet,203388.84
T0001311,2025-02-14T07:09:00,online,,C00194,,card,60114.03
T0001312,2025-02-23T12:18:00,online,,C01288,,wallet,2783.55
T0001314,2025-02-05T06:52:00,online,,C01825,,cod,18647.699999999997
T0001315,2025-02-25T06:29:00,online,,C01898,,cod,19118.65
T0001316,2025-02-03T15:24:00,online,,C01203,,wallet,22455.79
T0001318,2025-02-28T16:53:00,online,,C00742,,card,5739.24
T0001319,2025-02-20T12:37:00,online,,C02090,,wallet,11891.04
T0001320,2025-02-21T02:46:00,online,,C00727,,wallet,290275.4
T0001321,2025-02-03T13:04:00,online,,C00501,,cod,6485.07
T0001322,2025-02-13T13:56:00,online,,C02132,,cod,3775.31
T0001323,2025-02-06T02:05:00,online,,C01668,,wallet,139164.8
T0001324,2025-02-20T15:37:00,online,,C00778,,card,2726.56
T0001327,2025-02-28T23:31:00,online,,C02008,,card,235509.73
T0001328,2025-02-22T19:00:00,online,,C01929,,wallet,195091.12
T0001329,2025-02-17T19:01:00,online,,C01533,,cod,9778.97
T0001330,2025-02-10T21:55:00,online,,C01847,,card,175471.16
T0001331,2025-02-28T16:55:00,online,,C01515,,wallet,18163.36
T0001333,2025-02-23T01:44:00,online,,C01414,,card,16049.829999999998
T0001335,2025-02-11T17:59:00,online,,C00553,,card,37062.08
T0001336,2025-02-10T00:13:00,online,,C02218,,card,13916.52
T0001337,2025-02-20T05:11:00,online,,C00400,,wallet,12694.24
T0001338,2025-02-26T16:47:00,online,,C02293,,wallet,5372.9
T0001339,2025-02-03T05:17:00,online,,C01943,,wallet,4828.52
T0001340,2025-02-07T23:23:00,online,,C01187,,card,7022.16
T0001341,2025-02-27T12:08:00,online,,C02405,,wallet,94994.98
T0001345,2025-02-17T17:36:00,online,,C02421,,wallet,13637.77
T0001346,2025-02-11T08:32:00,online,,C02458,,wallet,38077.21
T0001347,2025-02-18T14:11:00,online,,C01180,,cod,9222.17
T0001348,2025-02-09T20:01:00,online,,C02493,,cod,48328.9
T0001350,2025-02-14T15:15:00,online,,C01471,,card,29650.82
T0001351,2025-02-03T23:49:00,online,,C01659,,wallet,202811.34
T0001352,2025-02-02T15:21:00,online,,C00776,,card,4259.44
T0001353,2025-02-22T02:44:00,online,,C01511,,wallet,21014.91
T0001355,2025-02-23T16:15:00,online,,C01036,,card,18713.71
T0001356,2025-02-24T10:05:00,online,,C00277,,cod,9013.09
T0001358,2025-02-07T12:48:00,online,,C00456,,card,20088.1
T0001359,2025-02-26T04:27:00,online,,C00059,,wallet,2938.8
T0001360,2025-02-18T15:24:00,online,,C00451,,cod,4972.57
T0001361,2025-02-03T12:46:00,online,,C01106,,cod,9042.3
T0001362,2025-02-28T14:14:00,online,,C01743,,card,18682.23
T0001363,2025-02-26T15:44:00,online,,C01997,,card,429260.94
T0001364,2025-02-11T02:22:00,online,,C01921,,cod,2259.82
T0001365,2025-02-20T00:28:00,online,,C01529,,wallet,7570.93
T0001367,2025-02-23T15:51:00,online,,C00405,,wallet,252869.93
T0001369,2025-02-24T00:27:00,online,,C00590,,wallet,55916.97000000001
T0001370,2025-02-03T09:34:00,online,,C01240,,card,15558.23
T0001371,2025-02-16T06:02:00,online,,C00677,,card,11434.02
T0001372,2025-02-26T07:26:00,online,,C02184,,cod,12173.82
T0001373,2025-02-16T06:34:00,online,,C02235,,cod,11433.03
T0001374,2025-02-28T23:23:00,online,,C02297,,wallet,42533.350000000006
T0001375,2025-02-22T06:19:00,online,,C00940,,cod,12342.64
T0001376,2025-02-13T11:00:00,online,,C01981,,card,224028.85
T0001380,2025-02-16T20:27:00,online,,C02457,,card,30655.43
T0001384,2025-02-22T17:32:00,online,,C00759,,card,1675.58
T0001385,2025-02-05T00:20:00,online,,C01289,,cod,9588.060000000001
T0001386,2025-02-13T08:57:00,online,,C01184,,card,18711.37
T0001392,2025-02-01T21:33:00,online,,C01901,,wallet,13402.38
T0001393,2025-02-08T14:36:00,online,,C02051,,wallet,14435.130000000001
T0001394,2025-02-03T04:28:00,online,,C00066,,card,12789.529999999999
T0001396,2025-02-23T22:11:00,online,,C01652,,cod,34899.29
T0001397,2025-02-21T04:27:00,online,,C01014,,wallet,7767.3099999999995
T0001398,2025-02-22T07:09:00,online,,C01209,,card,27107.16
T0001399,2025-02-15T16:13:00,online,,C01992,,card,238835.55
T0001400,2025-02-01T04:36:00,online,,C01545,,card,41541.91
T0001401,2025-02-15T16:38:00,online,,C00518,,cod,17056.41
T0001403,2025-02-11T06:18:00,online,,C02294,,card,34844.0
T0001405,2025-02-28T10:16:00,online,,C00701,,cod,4444.93
T0001406,2025-02-09T17:14:00,online,,C02047,,card,6325.51
T0001407,2025-02-11T05:38:00,online,,C01136,,wallet,242608.58999999997
T0001408,2025-02-14T02:17:00,online,,C02438,,cod,219738.77
T0001409,2025-02-28T14:05:00,online,,C00565,,card,17145.23
T0001411,2025-02-03T00:32:00,online,,C01124,,wallet,6666.11
T0001412,2025-02-08T05:56:00,online,,C01530,,card,199866.59
T0001413,2025-02-09T22:19:00,online,,C00954,,cod,267804.31
T0001414,2025-02-03T19:51:00,online,,C02331,,cod,45719.4
T0001415,2025-02-24T23:37:00,online,,C01072,,wallet,7671.6
T0001416,2025-02-02T06:51:00,online,,C00668,,cod,51258.75
T0001417,2025-02-23T02:51:00,online,,C01051,,card,36512.84
T0001418,2025-02-20T05:19:00,online,,C00635,,wallet,4488.72
T0001419,2025-02-28T04:47:00,online,,C01187,,card,17102.63
T0001420,2025-02-03T04:34:00,online,,C00530,,cod,4055.84
T0001421,2025-02-01T07:54:00,online,,C01462,,cod,106568.54
T0001422,2025-02-20T23:26:00,online,,C01063,,card,5783.77
T0001423,2025-02-03T00:24:00,online,,C01244,,cod,85805.01
T0001424,2025-02-27T17:40:00,online,,C02317,,wallet,61947.4
T0001425,2025-02-12T01:00:00,online,,C02375,,wallet,21225.8
T0001426,2025-02-27T11:03:00,online,,C00094,,cod,20445.0
T0001427,2025-02-09T21:11:00,online,,C01659,,cod,32835.11
T0001428,2025-02-21T20:40:00,online,,C00681,,card,5323.66
T0001430,2025-02-02T00:48:00,online,,C01725,,cod,12499.150000000001
T0001431,2025-02-08T03:42:00,online,,C01261,,wallet,193351.58000000002
T0001433,2025-02-05T18:47:00,online,,C00750,,wallet,8754.05
T0001434,2025-02-19T19:50:00,online,,C00290,,card,56281.670000000006
T0001435,2025-02-13T12:23:00,online,,C01476,,wallet,16963.06
T0001437,2025-02-27T22:59:00,online,,C00158,,card,16118.1
T0001438,2025-02-12T14:04:00,online,,C01433,,card,17860.5
T0001439,2025-02-01T04:37:00,online,,C00816,,wallet,46210.770000000004
T0001442,2025-02-16T04:14:00,online,,C02269,,cod,267995.3
T0001444,2025-02-01T19:38:00,online,,C00235,,card,376122.02999999997
T0001445,2025-02-27T02:06:00,online,,C01122,,cod,123538.16
T0001446,2025-02-13T15:58:00,online,,C00102,,wallet,364398.18
T0001447,2025-02-19T20:02:00,online,,C01221,,cod,4918.01
T0001449,2025-02-06T21:40:00,online,,C01276,,wallet,7572.07
T0001451,2025-02-18T10:39:00,online,,C01032,,card,64555.33
T0001452,2025-02-12T13:40:00,online,,C01943,,cod,25361.97
T0001453,2025-02-17T01:59:00,online,,C00300,,cod,31787.82
T0001454,2025-02-11T17:45:00,online,,C01018,,wallet,38530.56
T0001455,2025-02-07T06:45:00,online,,C02180,,wallet,9401.03
T0001457,2025-02-02T12:09:00,online,,C00544,,card,45916.659999999996
T0001458,2025-02-01T01:45:00,online,,C02175,,wallet,7130.47
T0001459,2025-02-16T14:35:00,online,,C01006,,cod,171597.52000000002
T0001460,2025-02-03T08:42:00,online,,C01610,,wallet,7593.56
T0001463,2025-02-26T02:16:00,online,,C01383,,card,310769.46
T0001464,2025-02-16T02:48:00,online,,C00187,,cod,38234.4
T0001465,2025-02-09T03:41:00,online,,C00605,,wallet,46766.08
T0001466,2025-02-12T07:22:00,online,,C01002,,cod,140490.53000000003
T0001468,2025-02-07T13:43:00,online,,C01572,,wallet,22757.41
T0001469,2025-02-22T02:43:00,online,,C00074,,cod,82047.83
T0001470,2025-02-21T04:39:00,online,,C02082,,wallet,18192.410000000003
T0001471,2025-02-12T23:55:00,online,,C00895,,card,207269.12
T0001472,2025-02-20T22:11:00,online,,C02318,,wallet,101324.92
T0001473,2025-02-26T11:55:00,online,,C02424,,card,4957.549999999999
T0001474,2025-02-11T01:23:00,online,,C00299,,wallet,56984.17
T0001476,2025-02-21T05:19:00,online,,C01140,,card,56434.15
T0001477,2025-02-05T07:30:00,online,,C00165,,cod,15244.08
T0001478,2025-02-14T09:12:00,online,,C00286,,cod,4219.53
T0001480,2025-02-05T19:03:00,online,,C01217,,card,85204.43
T0001481,2025-02-28T09:25:00,online,,C00010,,cod,324174.42
T0001483,2025-02-22T23:05:00,online,,C01019,,cod,25493.059999999998
T0001484,2025-02-23T10:53:00,online,,C01201,,card,3149.69
T0001486,2025-02-15T12:33:00,online,,C02260,,cod,11232.47
T0001487,2025-02-28T14:24:00,online,,C00625,,card,22827.449999999997
T0001488,2025-02-12T01:15:00,online,,C00640,,card,20357.16
T0001489,2025-02-26T01:04:00,online,,C01192,,card,376851.43
T0001490,2025-02-11T10:09:00,store,S006,C00033,P0016,cash,13024.039999999999
T0001491,2025-02-06T16:00:00,store,S001,C02029,P0002,card,2987.06
T0001492,2025-02-15T11:42:00,store,S004,C00275,P0005,card,21480.56
T0001494,2025-02-13T08:44:00,store,S006,C00005,P0016,card,46474.1
T0001495,2025-02-13T04:00:00,store,S001,C02469,P0015,cash,255904.75
T0001497,2025-02-20T21:14:00,store,S006,C01639,P0011,cash,8692.36
T0001499,2025-02-26T03:51:00,store,S001,C01303,P0009,cash,18606.05
T0001500,2025-02-13T18:53:00,store,S001,C01846,P0015,card,17292.92
T0001502,2025-02-15T14:29:00,store,S004,C00339,P0005,card,114964.29000000001
T0001503,2025-02-14T12:29:00,store,S003,C02366,P0019,cash,44320.92
T0001504,2025-02-13T06:52:00,store,S006,C02059,P0011,card,46931.69
T0001505,2025-02-28T03:07:00,store,S005,C01905,P0025,cash,43558.8
T0001506,2025-02-18T10:26:00,store,S001,C02325,P0021,cash,59463.11
T0001507,2025-02-01T16:56:00,store,S005,C00818,P0012,cash,92180.52
T0001508,2025-02-19T04:10:00,store,S004,C01077,P0005,card,33727.13
T0001509,2025-02-28T11:32:00,store,S005,C00969,P0025,cash,51779.880000000005
T0001510,2025-02-17T08:08:00,store,S002,C02125,P0007,cash,8486.68
T0001511,2025-02-25T22:04:00,store,S004,C01881,P0005,card,73932.89
T0001512,2025-02-25T02:24:00,store,S002,C00238,P0007,card,7336.8
T0001513,2025-02-18T14:59:00,store,S003,C01791,P0023,cash,4299.17
T0001514,2025-02-23T18:23:00,store,S005,C01176,P0014,card,227249.55000000002
T0001515,2025-02-26T08:11:00,store,S005,C00865,P0014,card,25983.74
T0001516,2025-02-07T17:44:00,store,S001,C00482,P0015,card,234049.44999999998
T0001517,2025-02-04T13:49:00,store,S005,C00404,P0008,cash,106225.48
T0001519,2025-02-22T23:53:00,store,S005,C00933,P0025,card,19470.14
T0001521,2025-02-06T04:59:00,store,S005,C00839,P0025,cash,8970.5
T0001523,2025-02-18T08:36:00,store,S001,C01261,P0002,cash,57096.32
T0001524,2025-02-02T12:06:00,store,S004,C02176,P0005,cash,200342.01
T0001527,2025-02-22T08:57:00,store,S001,C00756,P0015,card,13056.29
T0001528,2025-02-19T01:25:00,store,S003,C01747,P0017,cash,14758.039999999999
T0001531,2025-02-01T15:01:00,store,S004,C00969,P0005,cash,7235.72
T0001533,2025-02-10T21:57:00,store,S002,C01461,P0010,cash,83383.02
T0001534,2025-02-25T03:36:00,store,S001,C00992,P0015,cash,5335.52
T0001535,2025-02-04T09:12:00,store,S001,C00539,P0002,card,30277.67
T0001536,2025-02-15T17:00:00,store,S001,C01742,P0006,cash,616118.8
T0001537,2025-02-03T09:34:00,store,S003,C01703,P0019,cash,27115.97
T0001539,2025-02-01T04:55:00,store,S004,C00017,P0026,cash,1073.87
T0001540,2025-02-18T09:09:00,store,S003,C00049,P0017,card,230575.21
T0001542,2025-02-11T05:10:00,store,S006,C01737,P0003,cash,314152.98
T0001544,2025-02-19T17:39:00,store,S006,C02278,P0024,cash,142904.04
T0001545,2025-02-17T22:55:00,store,S002,C00763,P0007,cash,12074.990000000002
T0001546,2025-02-20T22:41:00,store,S005,C01901,P0014,cash,40425.65
T0001547,2025-02-24T15:43:00,store,S001,C02055,P0021,cash,295442.62
T0001548,2025-02-22T19:27:00,store,S003,C01535,P0019,cash,12543.69
T0001551,2025-02-15T13:07:00,store,S004,C02362,P0026,cash,37291.200000000004
T0001552,2025-02-24T22:35:00,store,S001,C01551,P0002,cash,228449.49000000002
T0001553,2025-02-13T20:59:00,store,S002,C00657,P0007,card,33254.49
T0001554,2025-02-14T17:55:00,store,S002,C00657,P0013,card,116341.12
T0001555,2025-02-02T12:28:00,store,S001,C02180,P0006,card,7046.14
T0001558,2025-02-21T17:13:00,store,S005,C01399,P0014,cash,14261.38
T0001559,2025-02-22T02:00:00,store,S005,C02104,P0008,cash,38401.82
T0001560,2025-02-13T23:35:00,store,S006,C00939,P0016,card,9346.09
T0001562,2025-02-03T18:35:00,store,S004,C01843,P0026,card,54016.72
T0001563,2025-02-23T02:00:00,store,S003,C00045,P0022,card,4955.29
T0001564,2025-02-24T20:50:00,store,S002,C01119,P0010,card,13607.599999999999
T0001565,2025-02-13T15:25:00,store,S005,C01666,P0025,card,9279.86
T0001566,2025-02-06T09:39:00,store,S005,C02050,P0014,cash,6505.29
T0001567,2025-02-27T15:42:00,store,S004,C01357,P0026,card,12604.17
T0001568,2025-02-13T21:59:00,store,S006,C00503,P0024,cash,12949.71
T0001569,2025-02-09T12:27:00,store,S004,C01069,P0005,cash,70303.83
T0001570,2025-02-16T19:39:00,store,S001,C01511,P0015,card,25137.980000000003
T0001571,2025-02-07T21:07:00,store,S006,C01942,P0016,card,208212.36
T0001573,2025-02-16T18:55:00,store,S002,C01310,P0007,card,16187.35
T0001574,2025-02-24T05:19:00,store,S003,C00703,P0019,card,117220.92
T0001575,2025-02-01T04:44:00,store,S005,C01944,P0008,cash,222595.83
T0001576,2025-02-12T00:03:00,store,S005,C00239,P0014,cash,208435.68
T0001577,2025-02-07T12:07:00,store,S006,C01319,P0003,cash,36895.0
T0001579,2025-02-06T17:33:00,store,S005,C01883,P0008,card,121648.0
T0001580,2025-02-26T01:14:00,store,S001,C01636,P0021,cash,4651.11
T0001581,2025-02-14T01:31:00,store,S005,C02178,P0025,card,6412.35
T0001583,2025-02-13T16:29:00,store,S005,C00457,P0008,cash,7885.540000000001
T0001584,2025-02-16T02:16:00,store,S005,C01023,P0025,cash,110126.64
T0001585,2025-02-23T17:27:00,store,S001,C01450,P0004,cash,59111.33
T0001587,2025-02-21T09:38:00,store,S001,C00877,P0021,card,28488.08
T0001588,2025-02-13T16:41:00,store,S004,C02177,P0026,card,10925.86
T0001591,2025-02-03T01:14:00,store,S005,C00444,P0025,cash,51593.950000000004
T0001593,2025-02-09T00:57:00,store,S004,C00913,P0005,cash,268765.57
T0001594,2025-02-23T03:52:00,store,S001,C01225,P0009,cash,84713.56
T0001595,2025-02-16T16:34:00,store,S002,C01170,P0007,cash,19409.98
T0001596,2025-02-15T10:17:00,store,S001,C01064,P0006,card,270981.33999999997
T0001597,2025-02-08T20:20:00,store,S001,C00954,P0021,cash,227709.91
T0001598,2025-02-03T19:02:00,store,S006,C00467,P0024,card,14981.39
T0001599,2025-02-06T08:24:00,store,S003,C02473,P0019,cash,5332.63
T0001600,2025-02-12T11:47:00,store,S003,C02203,P0017,card,9262.43
T0001601,2025-02-26T15:03:00,store,S004,C00068,P0026,card,25862.39
T0001602,2025-02-15T22:31:00,store,S006,C01103,P0024,card,19461.25
T0001603,2025-02-11T14:57:00,store,S005,C00351,P0012,card,153311.71
T0001604,2025-02-14T10:17:00,store,S004,C02427,P0005,card,8708.68
T0001607,2025-02-09T06:42:00,store,S001,C02187,P0015,card,127350.3
T0001609,2025-02-20T12:30:00,store,S004,C01566,P0026,card,377490.94999999995
T0001610,2025-02-01T12:31:00,store,S006,C00576,P0024,card,23318.21
T0001611,2025-02-19T23:40:00,store,S004,C01953,P0005,card,13655.71
T0001612,2025-02-24T09:27:00,store,S002,C01437,P0018,cash,8351.26
T0001613,2025-02-24T10:11:00,store,S001,C00878,P0021,card,40542.45
T0001614,2025-02-11T06:28:00,store,S003,C01733,P0023,card,9698.1
T0001615,2025-02-01T23:57:00,store,S004,C01918,P0026,cash,442863.14
T0001616,2025-02-08T17:17:00,store,S005,C02081,P0014,card,41900.14
T0001617,2025-02-17T04:55:00,store,S001,C02077,P0020,cash,54661.59
T0001618,2025-02-02T19:14:00,store,S002,C01655,P0018,cash,286247.78
T0001619,2025-02-19T16:22:00,store,S001,C00390,P0021,card,13604.34
T0001621,2025-02-02T15:33:00,store,S001,C01511,P0004,card,206284.06000000003
T0001622,2025-02-14T18:32:00,store,S004,C00634,P0026,cash,4958.93
T0001624,2025-02-08T22:07:00,store,S006,C00281,P0011,cash,3135.1
T0001625,2025-02-22T13:26:00,store,S001,C01586,P0009,card,14526.11
T0001627,2025-02-27T03:37:00,store,S005,C01508,P0025,cash,26422.89
T0001630,2025-02-09T03:45:00,store,S001,C00498,P0002,card,222782.21000000002
T0001631,2025-02-25T00:10:00,store,S002,C01102,P0018,cash,8052.469999999999
T0001632,2025-02-21T16:50:00,store,S004,C01997,P0005,cash,9351.82
T0001633,2025-02-03T02:05:00,store,S004,C00640,P0005,card,15687.25
T0001635,2025-02-10T03:43:00,store,S005,C00504,P0008,card,103497.97
T0001638,2025-02-24T21:10:00,store,S005,C01602,P0008,card,39127.880000000005
T0001642,2025-02-25T11:46:00,store,S005,C01119,P0025,cash,21141.170000000002
T0001643,2025-02-06T23:21:00,store,S005,C02471,P0008,card,14187.57
T0001644,2025-02-21T05:46:00,store,S004,C00308,P0005,cash,1916.55
T0001645,2025-02-06T22:14:00,store,S005,C00487,P0008,card,8339.07
T0001648,2025-02-16T06:28:00,store,S006,C01936,P0024,card,260938.34
T0001650,2025-02-07T10:56:00,store,S002,C00200,P0007,cash,252373.78000000003
T0001651,2025-02-03T08:44:00,store,S001,C00694,P0009,card,3474.48
T0001653,2025-02-04T14:33:00,store,S002,C02050,P0018,cash,17260.21
T0001655,2025-02-28T21:30:00,store,S001,C01428,P0002,cash,5408.57
T0001656,2025-02-09T13:43:00,store,S001,C02154,P0004,card,373353.07
T0001657,2025-02-18T00:55:00,store,S001,C01759,P0020,cash,208797.11
T0001658,2025-02-02T09:20:00,store,S003,C02361,P0023,cash,9111.119999999999
T0001659,2025-02-28T04:36:00,store,S005,C00716,P0012,card,8445.2
T0001660,2025-02-27T17:17:00,store,S004,C02081,P0026,card,16745.329999999998
T0001661,2025-02-18T22:07:00,store,S002,C01109,P0010,cash,31819.47
T0001662,2025-02-23T18:03:00,store,S004,C02150,P0005,card,14492.62
T0001663,2025-02-25T19:15:00,store,S003,C01030,P0017,card,41692.520000000004
T0001666,2025-02-19T12:28:00,store,S006,C00629,P0011,cash,9503.75
T0001667,2025-02-23T09:54:00,store,S006,C02445,P0024,card,23735.22
T0001670,2025-02-15T00:17:00,store,S005,C01052,P0014,card,235544.90000000002
T0001671,2025-02-10T01:51:00,store,S002,C02231,P0013,card,213574.06
T0001672,2025-02-15T08:42:00,store,S001,C01066,P0004,cash,10146.9
T0001673,2025-02-13T03:03:00,store,S001,C00116,P0006,card,323490.82
T0001676,2025-02-18T01:32:00,store,S002,C01176,P0018,cash,6930.06
T0001677,2025-02-20T21:00:00,store,S001,C02239,P0015,card,89884.47
T0001678,2025-02-24T17:43:00,store,S002,C00220,P0013,cash,283307.58999999997
T0001681,2025-02-18T23:27:00,store,S006,C02039,P0024,card,18414.25
T0001682,2025-02-25T09:54:00,store,S001,C01676,P0004,cash,38508.23
T0001684,2025-02-21T22:00:00,store,S004,C01158,P0026,card,9112.2
T0001685,2025-02-26T06:51:00,store,S006,C00736,P0016,card,197519.46000000002
T0001689,2025-02-11T02:25:00,store,S004,C00755,P0005,cash,24111.3
T0001691,2025-02-09T06:38:00,store,S003,C00023,P0023,card,410999.64999999997
T0001692,2025-02-04T15:34:00,store,S006,C00081,P0024,card,187404.03
T0001693,2025-02-10T14:33:00,store,S001,C02397,P0021,cash,34289.59
T0001695,2025-02-17T05:26:00,store,S002,C00832,P0018,card,78020.8
T0001696,2025-02-04T15:44:00,store,S002,C00517,P0013,cash,28449.67
T0001697,2025-02-07T14:35:00,store,S004,C01205,P0026,card,9988.1
T0001698,2025-02-07T20:19:00,store,S004,C02196,P0026,card,8808.47
T0001699,2025-02-19T08:05:00,store,S004,C00987,P0005,card,2146.64
T0001700,2025-02-19T02:16:00,store,S004,C00707,P0005,cash,21108.19
T0001701,2025-02-22T11:48:00,store,S002,C01062,P0018,card,13114.6
T0001702,2025-02-20T09:06:00,store,S003,C02012,P0023,cash,16878.68
T0001703,2025-02-24T05:35:00,store,S003,C00806,P0017,cash,21716.14
T0001704,2025-02-18T15:23:00,store,S003,C02191,P0019,card,43310.58
T0001706,2025-02-18T09:04:00,store,S001,C01697,P0002,cash,106045.65
T0001707,2025-02-24T12:15:00,store,S006,C00880,P0011,card,246214.52000000002
T0001711,2025-02-07T05:20:00,store,S006,C01091,P0024,card,13954.72
T0001712,2025-02-25T19:38:00,store,S006,C00247,P0024,card,5864.69
T0001714,2025-02-28T09:27:00,store,S004,C00880,P0026,cash,2609.38
T0001715,2025-02-11T22:28:00,store,S003,C02324,P0023,cash,45306.340000000004
T0001717,2025-02-11T12:10:00,store,S005,C00598,P0012,card,8351.310000000001
T0001718,2025-02-20T07:39:00,store,S004,C00984,P0026,card,5855.31
T0001719,2025-02-09T06:53:00,store,S005,C00486,P0008,cash,213524.91
T0001720,2025-02-16T14:19:00,store,S006,C00198,P0024,cash,16039.33
T0001721,2025-02-09T16:16:00,store,S001,C00214,P0020,cash,4978.53
T0001722,2025-02-01T19:10:00,store,S001,C00762,P0015,cash,23103.72
T0001723,2025-02-17T11:22:00,store,S001,C01828,P0015,cash,233180.51
T0001724,2025-02-18T16:04:00,store,S005,C02343,P0025,cash,23332.22
T0001726,2025-02-17T03:06:00,store,S006,C02432,P0011,cash,32006.89
T0001727,2025-02-04T18:32:00,store,S001,C01184,P0006,card,15114.24
T0001729,2025-02-24T14:41:00,store,S005,C02401,P0014,cash,27652.95
T0001730,2025-02-07T13:21:00,store,S006,C00449,P0011,cash,451869.1
T0001731,2025-02-21T12:24:00,store,S001,C00412,P0004,card,2948.96
T0001732,2025-02-01T06:49:00,store,S004,C01494,P0026,cash,18159.36
T0001733,2025-02-10T18:11:00,store,S002,C01780,P0007,cash,28316.6
T0001737,2025-02-19T15:35:00,store,S003,C00909,P0017,card,263834.94
T0001738,2025-02-24T05:26:00,store,S004,C00337,P0026,card,41551.38
T0001739,2025-02-03T06:22:00,store,S002,C01399,P0013,cash,1724.55
T0001740,2025-02-05T08:43:00,store,S004,C01751,P0005,card,7951.5
T0001741,2025-02-24T09:16:00,store,S004,C01804,P0005,card,32534.97
T0001742,2025-02-21T23:30:00,store,S002,C00803,P0010,card,3249.4
T0001744,2025-02-22T13:11:00,store,S002,C02140,P0007,card,14193.09
T0001745,2025-02-02T23:38:00,store,S002,C01014,P0007,cash,4648.78
T0001746,2025-02-06T20:22:00,store,S001,C02342,P0021,card,18186.94
T0001747,2025-02-14T23:49:00,store,S005,C00342,P0025,cash,9056.9
T0001748,2025-02-03T21:02:00,store,S006,C01599,P0003,cash,21090.67
T0001749,2025-02-13T12:29:00,store,S004,C02126,P0005,cash,39391.83
T0001753,2025-02-04T09:35:00,store,S002,C02316,P0010,cash,13009.220000000001
T0001755,2025-02-24T09:28:00,store,S004,C02278,P0005,cash,189198.37
T0001756,2025-02-18T16:44:00,store,S004,C01030,P0026,card,13047.78
T0001757,2025-02-04T03:00:00,store,S004,C01136,P0005,card,8847.37
T0001759,2025-02-14T05:13:00,store,S001,C01458,P0009,cash,149158.73
T0001761,2025-02-03T21:08:00,store,S001,C00720,P0009,cash,46407.77
T0001765,2025-02-01T00:13:00,store,S002,C01641,P0010,card,10247.36
T0001766,2025-02-14T05:32:00,store,S004,C01666,P0026,card,325413.39999999997
T0001767,2025-02-01T21:27:00,store,S001,C01517,P0002,cash,26271.35
T0001768,2025-02-14T15:11:00,store,S005,C00945,P0008,cash,16856.03
T0001769,2025-02-06T22:08:00,store,S005,C00811,P0025,card,9798.92
T0001770,2025-02-28T16:24:00,store,S005,C00938,P0012,card,29428.829999999998
T0001771,2025-02-03T17:45:00,store,S003,C01637,P0019,card,12094.73
T0001774,2025-02-26T07:48:00,store,S001,C01186,P0004,cash,163523.9
T0001776,2025-02-17T14:20:00,store,S002,C01995,P0007,card,21874.84
T0001777,2025-02-28T13:31:00,store,S005,C00888,P0012,card,161044.43
T0001778,2025-02-01T14:06:00,store,S001,C00830,P0006,card,221741.25
T0001780,2025-02-08T15:47:00,store,S004,C01120,P0026,cash,12162.79
T0001781,2025-02-20T05:42:00,store,S005,C00201,P0025,card,14800.83
T0001782,2025-02-04T04:17:00,store,S005,C00787,P0025,cash,5218.93
T0001783,2025-02-25T13:36:00,store,S005,C01411,P0025,card,99942.68999999999
T0001784,2025-02-27T20:20:00,store,S003,C00168,P0022,cash,259693.2
T0001785,2025-02-01T12:08:00,store,S002,C00417,P0013,cash,4457.72
T0001786,2025-02-16T15:30:00,store,S001,C01547,P0004,card,215661.61
T0001787,2025-02-04T00:15:00,store,S005,C00739,P0025,card,30347.06
T0001789,2025-02-17T23:08:00,store,S001,C01607,P0002,cash,67761.54
T0001790,2025-02-27T21:11:00,store,S006,C00061,P0003,card,19523.64
T0001791,2025-02-28T09:28:00,store,S004,C01207,P0026,cash,59840.700000000004
T0001792,2025-02-05T17:02:00,store,S002,C00385,P0013,cash,123483.06000000001
T0001794,2025-02-01T14:10:00,store,S006,C02319,P0003,cash,1039.09
T0001795,2025-02-27T17:55:00,store,S006,C00054,P0003,card,5449.36
T0001796,2025-02-12T05:41:00,store,S006,C00642,P0024,card,33313.56
T0001798,2025-02-17T21:33:00,store,S001,C01248,P0002,cash,2278.27
T0001800,2025-02-25T04:45:00,store,S004,C00136,P0026,cash,3395.34
T0001802,2025-02-22T22:34:00,store,S001,C01736,P0020,cash,3997.42
T0001804,2025-02-06T14:50:00,store,S004,C00509,P0026,card,52097.310000000005
T0001806,2025-02-16T05:01:00,store,S001,C00176,P0002,card,95278.87999999999
T0001807,2025-02-27T08:33:00,store,S004,C02332,P0026,cash,188393.30000000002
T0001808,2025-02-09T14:46:00,store,S006,C01504,P0003,cash,8443.92
T0001809,2025-02-16T21:20:00,store,S005,C01947,P0012,card,8577.43
T0001812,2025-02-12T21:15:00,store,S006,C02281,P0024,cash,20381.03
T0001813,2025-02-18T10:20:00,store,S006,C01882,P0016,card,11835.9
T0001814,2025-02-01T17:32:00,store,S001,C01809,P0004,cash,221879.79
T0001815,2025-02-04T04:25:00,store,S002,C00168,P0010,cash,13740.609999999999
T0001818,2025-02-26T04:08:00,store,S006,C00964,P0024,card,54864.6
T0001819,2025-02-20T02:24:00,store,S001,C00705,P0020,cash,257990.94
T0001821,2025-02-27T04:37:00,store,S003,C02115,P0019,card,10921.39
T0001822,2025-02-12T22:27:00,store,S001,C01692,P0004,card,10071.69
T0001823,2025-02-10T18:28:00,store,S006,C01495,P0003,cash,58824.37
T0001825,2025-02-27T05:32:00,store,S001,C02061,P0004,card,202128.97
T0001826,2025-02-07T03:51:00,store,S001,C00277,P0004,cash,15305.279999999999
T0001831,2025-02-09T09:58:00,store,S002,C00069,P0001,cash,223350.94999999998
T0001832,2025-02-13T06:32:00,store,S004,C01940,P0005,card,348493.01
T0001833,2025-02-23T12:00:00,store,S003,C02438,P0017,card,25423.43
T0001834,2025-02-02T18:11:00,store,S005,C01747,P0012,cash,197432.02000000002
T0001835,2025-02-02T01:38:00,store,S006,C01745,P0024,card,3211.28
T0001836,2025-02-15T19:45:00,store,S005,C02191,P0012,card,15609.06
T0001837,2025-02-25T19:12:00,store,S005,C01039,P0025,cash,3601.85
T0001838,2025-02-08T06:21:00,store,S003,C02398,P0019,card,12078.1
T0001840,2025-02-17T17:50:00,store,S001,C01769,P0004,card,204409.82
T0001841,2025-02-05T13:39:00,store,S005,C02466,P0025,card,19602.64
T0001845,2025-02-02T11:46:00,store,S001,C01357,P0004,card,21369.0
T0001846,2025-02-06T07:24:00,store,S003,C01895,P0017,cash,216654.16
T0001848,2025-02-02T17:26:00,store,S002,C01226,P0013,card,5892.889999999999
T0001849,2025-02-13T05:43:00,store,S003,C00898,P0017,card,214674.52
T0001850,2025-02-28T14:05:00,store,S005,C00585,P0012,card,1836.5
T0001851,2025-02-19T20:46:00,store,S005,C00230,P0014,cash,44850.04
T0001852,2025-02-21T01:11:00,store,S006,C01449,P0016,cash,8993.61
T0001856,2025-02-08T21:48:00,store,S005,C02230,P0025,card,230959.11000000002
T0001858,2025-02-28T17:42:00,store,S003,C00262,P0022,cash,11234.329999999998
T0001859,2025-02-01T12:50:00,store,S001,C02244,P0021,cash,30652.08
T0001860,2025-02-09T23:19:00,store,S006,C00202,P0024,card,49284.94
T0001861,2025-02-15T22:52:00,store,S001,C01863,P0002,card,16483.23
T0001862,2025-02-14T12:04:00,store,S004,C02232,P0026,cash,281518.76999999996
T0001863,2025-02-02T14:08:00,store,S005,C00181,P0012,cash,32915.11
T0001865,2025-02-19T22:13:00,store,S004,C02333,P0005,cash,36669.44
T0001867,2025-02-13T20:33:00,store,S002,C01425,P0013,card,40424.31
T0001868,2025-02-13T10:22:00,store,S003,C01177,P0017,cash,49690.84
T0001870,2025-02-22T16:26:00,store,S006,C00657,P0003,cash,431679.21
T0001871,2025-02-18T15:51:00,store,S004,C01980,P0005,cash,1546.91
T0001872,2025-02-08T20:31:00,store,S005,C00234,P0025,cash,452086.57
T0001873,2025-02-03T12:45:00,store,S004,C00755,P0005,cash,143445.44
T0001874,2025-02-09T22:33:00,store,S002,C00683,P0007,cash,137870.1
T0001875,2025-02-26T00:04:00,store,S004,C01541,P0005,cash,29430.0
T0001877,2025-02-25T21:56:00,store,S003,C02492,P0017,cash,18791.89
T0001878,2025-02-28T14:12:00,store,S004,C00760,P0005,cash,11210.23
T0001879,2025-02-14T07:14:00,store,S005,C02161,P0012,card,210602.87
T0001880,2025-02-03T23:36:00,store,S002,C02117,P0001,cash,113408.45
T0001881,2025-02-26T09:23:00,store,S006,C01684,P0024,cash,14193.740000000002
T0001882,2025-02-08T00:02:00,store,S002,C01283,P0018,card,231030.4
T0001883,2025-02-07T00:14:00,store,S002,C00284,P0010,card,205501.11
T0001884,2025-02-03T23:46:00,store,S004,C01069,P0005,card,107844.85
T0001886,2025-02-01T18:03:00,store,S004,C02061,P0005,cash,54029.420000000006
T0001887,2025-02-25T16:48:00,store,S006,C00831,P0024,card,8645.99
T0001889,2025-02-28T09:56:00,store,S006,C00785,P0024,cash,2389.52
T0001890,2025-02-12T16:27:00,store,S001,C01589,P0021,cash,19529.17
T0001891,2025-02-05T21:57:00,store,S004,C00343,P0005,card,3445.95
T0001892,2025-02-20T03:08:00,store,S002,C01370,P0018,card,17589.67
T0001893,2025-02-28T02:12:00,store,S002,C00824,P0007,cash,125903.98
T0001894,2025-02-14T19:50:00,store,S005,C01845,P0025,cash,230726.34999999998
T0001895,2025-02-17T22:00:00,store,S004,C00317,P0026,cash,24863.72
T0001897,2025-02-05T08:06:00,store,S005,C01014,P0025,card,17466.94
T0001898,2025-02-20T14:03:00,store,S005,C01725,P0008,card,1715.4
T0001902,2025-02-16T20:53:00,store,S001,C00214,P0009,cash,93477.44
T0001903,2025-02-21T03:35:00,store,S004,C01817,P0026,cash,10050.11
T0001904,2025-02-12T02:14:00,store,S006,C00278,P0011,card,212221.36000000002
T0001905,2025-02-19T02:43:00,store,S004,C00862,P0026,cash,13046.720000000001
T0001906,2025-02-16T00:25:00,store,S006,C00876,P0016,card,41529.56
T0001908,2025-02-15T14:37:00,store,S001,C00214,P0002,card,381157.75999999995
T0001910,2025-02-03T01:43:00,store,S002,C02305,P0018,card,17411.23
T0001911,2025-02-03T17:24:00,store,S004,C00257,P0026,card,221097.31000000003
T0001912,2025-02-20T07:08:00,store,S004,C02131,P0005,cash,5912.83
T0001913,2025-02-11T02:06:00,store,S005,C01667,P0025,card,87716.67
T0001915,2025-02-06T13:19:00,store,S003,C02371,P0017,card,6215.44
T0001916,2025-02-25T18:11:00,store,S006,C00127,P0011,card,195219.12
T0001917,2025-02-22T06:52:00,store,S005,C00078,P0014,cash,7227.33
T0001919,2025-02-27T04:37:00,store,S005,C02110,P0025,cash,9137.74
T0001920,2025-02-20T20:10:00,store,S005,C00509,P0008,card,16201.96
T0001921,2025-02-11T21:15:00,store,S002,C02022,P0007,cash,36122.03
T0001922,2025-02-20T16:32:00,store,S004,C00566,P0026,cash,127540.51
T0001923,2025-02-22T10:21:00,store,S006,C01551,P0011,card,39572.42
T0001924,2025-02-14T03:01:00,store,S006,C00555,P0011,card,5410.44
T0001925,2025-02-01T10:54:00,store,S003,C00916,P0022,cash,21336.72
T0001927,2025-02-14T06:43:00,store,S004,C01986,P0026,cash,56852.58
T0001929,2025-02-25T00:06:00,store,S006,C01812,P0016,cash,8423.039999999999
T0001935,2025-02-26T01:39:00,store,S006,C00573,P0024,cash,80848.04
T0001936,2025-02-12T18:21:00,store,S001,C02444,P0015,cash,10400.67
T0001938,2025-02-19T04:33:00,store,S006,C01641,P0003,cash,6866.05
T0001941,2025-02-11T19:52:00,store,S003,C02210,P0023,card,204758.56999999998
T0001942,2025-02-14T07:40:00,store,S005,C00589,P0014,cash,15273.1
T0001943,2025-02-20T20:01:00,store,S001,C00601,P0009,card,620088.65
T0001944,2025-02-26T01:35:00,store,S004,C00663,P0005,cash,205263.80000000002
T0001945,2025-02-27T09:58:00,store,S001,C01973,P0004,card,80783.78
T0001946,2025-02-05T12:43:00,store,S005,C02462,P0014,cash,36287.68
T0001948,2025-02-22T03:44:00,store,S004,C00446,P0005,card,25703.27
T0001951,2025-02-10T15:38:00,store,S005,C01114,P0025,card,18279.36
T0001952,2025-02-03T03:03:00,store,S001,C02479,P0020,card,291480.12
T0001953,2025-02-25T12:19:00,store,S004,C01628,P0026,card,20939.63
T0001954,2025-02-23T13:18:00,store,S005,C02156,P0025,card,57618.42
T0001955,2025-02-10T18:00:00,store,S004,C01865,P0026,card,11541.880000000001
T0001956,2025-02-20T11:06:00,store,S005,C01901,P0008,cash,324826.44
T0001957,2025-02-13T19:27:00,store,S006,C02203,P0003,cash,40010.340000000004
T0001958,2025-02-22T02:11:00,store,S004,C00466,P0005,cash,214804.24000000002
T0001962,2025-02-19T08:57:00,store,S006,C01152,P0016,card,1665.15
T0001963,2025-02-20T15:20:00,store,S006,C01392,P0016,cash,19451.37
T0001964,2025-02-26T22:58:00,store,S001,C01319,P0002,card,27479.84
T0001965,2025-02-14T12:06:00,store,S002,C02089,P0010,card,37515.53
T0001966,2025-02-11T16:27:00,store,S003,C02258,P0023,card,11691.64
T0001967,2025-02-16T20:44:00,store,S003,C00146,P0022,card,21882.86
T0001972,2025-02-15T07:04:00,store,S004,C00737,P0005,card,39650.44
T0001973,2025-02-25T12:03:00,store,S001,C02170,P0021,cash,10105.36
T0001974,2025-02-19T00:14:00,store,S003,C00031,P0023,card,22302.18
T0001976,2025-02-12T23:23:00,store,S006,C00532,P0024,cash,239883.08
T0001978,2025-02-14T01:35:00,store,S004,C02214,P0005,cash,14061.130000000001
T0001979,2025-02-07T14:44:00,store,S006,C02356,P0016,card,128019.54
T0001980,2025-02-04T07:04:00,store,S005,C00465,P0014,cash,4306.13
T0001982,2025-02-14T22:12:00,store,S004,C02211,P0005,card,9544.1
T0001983,2025-02-06T01:29:00,store,S005,C01631,P0025,cash,14217.61
T0001984,2025-02-22T10:21:00,store,S006,C02271,P0003,card,6426.38
T0001985,2025-02-05T20:21:00,store,S002,C01775,P0010,cash,39455.87
T0001986,2025-02-05T10:07:00,store,S001,C02198,P0004,cash,21609.13
T0001988,2025-02-15T16:13:00,store,S005,C02219,P0014,cash,8888.619999999999
T0001989,2025-02-20T12:38:00,store,S005,C01270,P0008,card,263231.52999999997
T0001990,2025-02-06T12:17:00,store,S002,C00617,P0013,card,34615.96
T0001992,2025-02-23T13:38:00,store,S005,C00766,P0008,card,251876.99
T0001993,2025-02-23T13:00:00,store,S003,C01901,P0023,card,219869.09
T0001994,2025-02-20T12:10:00,store,S004,C01487,P0026,card,23191.36
T0001996,2025-02-25T03:07:00,store,S003,C00245,P0022,cash,36159.62
T0001997,2025-02-10T22:59:00,store,S005,C01584,P0025,card,57622.27
T0002002,2025-02-08T02:03:00,store,S004,C00113,P0005,cash,4136.87
T0002003,2025-02-05T23:56:00,store,S005,C00439,P0008,cash,8113.43
T0002004,2025-02-03T11:19:00,store,S006,C02417,P0024,card,100704.98
T0002005,2025-02-26T14:21:00,store,S002,C01354,P0013,card,3239.54
T0002007,2025-02-16T14:06:00,store,S001,C01740,P0006,card,95299.5
T0002009,2025-02-10T19:35:00,store,S004,C02258,P0005,card,199202.25999999998
T0002010,2025-02-18T13:50:00,store,S001,C01403,P0009,card,4246.35
T0002013,2025-02-07T05:35:00,store,S005,C01278,P0025,card,21605.87
T0002014,2025-02-07T20:33:00,store,S004,C00311,P0005,card,3824.24
T0002016,2025-02-25T19:37:00,store,S005,C00542,P0014,card,331471.23
T0002018,2025-02-24T17:45:00,store,S001,C00606,P0021,card,32946.23
T0002019,2025-02-25T21:57:00,store,S005,C01054,P0014,cash,17496.510000000002
T0002020,2025-02-24T21:57:00,store,S001,C00832,P0020,card,15482.7
T0002021,2025-02-19T17:49:00,store,S006,C00584,P0016,card,8146.82
T0002022,2025-02-14T15:24:00,store,S003,C00363,P0017,card,16260.509999999998
T0002023,2025-02-07T08:00:00,store,S006,C01207,P0003,cash,12753.890000000001
T0002025,2025-02-11T03:33:00,store,S001,C00701,P0021,cash,17891.350000000002
T0002026,2025-02-08T11:54:00,store,S001,C00888,P0021,cash,50889.23
T0002029,2025-02-13T03:53:00,store,S002,C01717,P0013,cash,38589.380000000005
T0002030,2025-02-04T13:40:00,store,S006,C01269,P0003,card,17087.739999999998
T0002031,2025-02-04T08:51:00,store,S003,C01352,P0019,card,198123.45
T0002032,2025-02-26T20:25:00,store,S001,C00059,P0006,card,218723.02000000002
T0002035,2025-02-06T00:31:00,store,S005,C00075,P0025,card,291020.86
T0002036,2025-02-25T05:12:00,store,S003,C00997,P0023,card,72658.27
T0002037,2025-02-05T03:03:00,store,S001,C00470,P0006,cash,8792.86
T0002038,2025-02-10T02:49:00,store,S002,C02428,P0001,card,439190.23
T0002039,2025-02-26T16:23:00,store,S006,C02163,P0003,cash,8832.14
T0002040,2025-02-20T06:17:00,store,S006,C00120,P0003,cash,3159.6
T0002041,2025-02-04T11:32:00,store,S006,C02176,P0024,cash,63042.97
T0002042,2025-02-13T05:39:00,store,S006,C00645,P0003,cash,11907.39
T0002043,2025-02-04T20:21:00,store,S004,C00636,P0026,cash,3847.39
T0002046,2025-02-24T04:22:00,store,S004,C01935,P0005,cash,13682.189999999999
T0002047,2025-02-24T05:15:00,store,S005,C01438,P0014,cash,8925.52
T0002053,2025-02-03T06:31:00,store,S005,C00818,P0008,cash,5452.06
T0002054,2025-02-02T15:00:00,store,S002,C00622,P0010,cash,237447.41
T0002055,2025-02-20T18:00:00,store,S003,C00192,P0017,cash,9557.42
T0002056,2025-02-07T21:20:00,store,S002,C00641,P0010,card,126950.31999999999
T0002058,2025-02-05T16:46:00,store,S002,C01259,P0010,card,39028.23
T0002059,2025-02-10T01:25:00,store,S002,C00266,P0010,cash,82291.07999999999
T0002060,2025-02-21T11:31:00,store,S006,C02317,P0024,cash,136182.47
T0002062,2025-02-11T00:31:00,store,S006,C01798,P0011,cash,1595.65
T0002064,2025-02-10T13:51:00,store,S003,C00024,P0019,card,1093.56
T0002068,2025-02-05T10:10:00,store,S003,C01937,P0017,card,230292.88999999998
T0002069,2025-02-28T04:50:00,store,S005,C01686,P0012,cash,25188.25
T0002070,2025-02-18T22:54:00,store,S003,C00766,P0022,cash,4264.8
T0002073,2025-02-02T14:37:00,store,S001,C01965,P0015,cash,11784.130000000001
T0002074,2025-02-28T22:09:00,store,S005,C02269,P0014,cash,9341.37
T0002076,2025-02-16T15:32:00,store,S002,C00586,P0018,card,150862.75
T0002077,2025-02-27T00:20:00,store,S001,C01135,P0006,card,5840.9
T0002078,2025-02-01T06:09:00,store,S004,C00473,P0026,card,24639.519999999997
T0002079,2025-02-03T06:40:00,store,S004,C02000,P0005,card,6391.1900000000005
T0002081,2025-02-18T08:22:00,store,S003,C01483,P0017,card,258543.62
T0002082,2025-02-10T08:04:00,store,S006,C01699,P0016,cash,203482.03000000003
T0002084,2025-02-15T07:10:00,store,S005,C00918,P0012,card,5060.84
T0002085,2025-02-11T03:20:00,store,S003,C01869,P0022,card,21317.87
T0002086,2025-02-16T16:17:00,store,S006,C01341,P0024,card,2906.6
T0002087,2025-02-02T20:58:00,store,S004,C01378,P0005,card,192723.46
T0002088,2025-02-28T20:33:00,store,S004,C02395,P0005,cash,16675.67
T0002089,2025-02-04T08:18:00,store,S005,C01235,P0025,card,34570.5
T0002090,2025-02-28T04:11:00,store,S002,C01705,P0001,cash,19663.05
T0002092,2025-02-04T02:55:00,store,S006,C01706,P0011,card,14884.83
T0002094,2025-02-26T08:33:00,store,S006,C00945,P0011,card,27823.579999999998
T0002095,2025-02-26T08:08:00,store,S004,C01650,P0005,card,7870.67
T0002096,2025-02-20T06:00:00,store,S002,C01801,P0010,card,7965.39
T0002099,2025-02-05T12:22:00,store,S001,C01134,P0004,card,31026.870000000003
T0002100,2025-02-08T00:30:00,store,S004,C01852,P0005,card,248878.97
T0002102,2025-02-15T20:01:00,store,S006,C02146,P0016,cash,10788.46
T0002103,2025-02-09T22:50:00,store,S001,C01733,P0009,card,13840.91
T0002104,2025-02-04T21:36:00,store,S005,C01879,P0025,card,31744.65
T0002105,2025-02-15T13:29:00,store,S003,C02479,P0019,card,1700.36
T0002108,2025-02-09T20:51:00,store,S003,C00585,P0023,card,4577.84
T0002109,2025-02-27T14:27:00,store,S006,C00467,P0016,cash,2505.6
T0002110,2025-02-11T22:42:00,store,S002,C01970,P0001,cash,24391.9
T0002111,2025-02-25T13:07:00,store,S005,C02121,P0012,cash,278966.59
T0002112,2025-02-23T13:58:00,store,S006,C00621,P0003,card,3087.31
T0002113,2025-02-28T17:20:00,store,S001,C00449,P0004,card,11163.609999999999
T0002115,2025-02-02T03:46:00,store,S002,C00910,P0013,cash,7221.33
T0002116,2025-02-15T22:25:00,store,S004,C00637,P0005,card,100179.54
T0002118,2025-02-02T22:01:00,store,S004,C02048,P0026,cash,220081.88999999998
T0002119,2025-02-01T01:12:00,store,S006,C00159,P0011,cash,5983.25
T0002120,2025-02-23T20:56:00,store,S003,C00167,P0019,card,101203.14
T0002122,2025-02-28T12:49:00,store,S005,C01520,P0008,cash,4989.66
T0002123,2025-02-26T02:39:00,store,S001,C02127,P0015,cash,33473.92
T0002124,2025-02-10T01:34:00,store,S001,C02210,P0006,card,26077.6
T0002125,2025-02-11T18:38:00,store,S006,C00165,P0003,cash,33541.26
T0002127,2025-02-22T13:48:00,store,S004,C00021,P0005,card,35951.6
T0002128,2025-02-19T13:20:00,store,S005,C00067,P0012,cash,29591.72
T0002129,2025-02-12T00:29:00,store,S006,C00380,P0024,cash,17280.48
T0002130,2025-02-10T02:21:00,store,S003,C00742,P0019,card,2986.92
T0002132,2025-02-28T22:25:00,store,S005,C01844,P0012,cash,9770.9
T0002133,2025-02-15T16:59:00,store,S004,C02383,P0005,cash,8208.82
T0002134,2025-02-06T01:18:00,store,S005,C00947,P0014,card,2469.98
T0002135,2025-02-08T15:24:00,store,S003,C02490,P0017,card,25390.22
T0002136,2025-02-24T09:06:00,store,S004,C00546,P0005,cash,27505.28
T0002139,2025-02-22T04:12:00,store,S003,C02397,P0023,card,55801.59
T0002141,2025-02-25T04:06:00,store,S001,C02045,P0006,card,11174.56
T0002143,2025-02-19T01:09:00,store,S004,C00656,P0005,card,6839.24
T0002145,2025-02-14T00:03:00,store,S005,C01737,P0008,cash,2542.41
T0002146,2025-02-11T20:27:00,store,S001,C01361,P0015,cash,13061.17
T0002147,2025-02-03T15:16:00,store,S004,C02004,P0005,card,15717.49
T0002148,2025-02-17T12:41:00,store,S001,C00202,P0009,cash,16895.079999999998
T0002149,2025-02-16T22:32:00,store,S001,C00544,P0020,cash,3121.02
T0002150,2025-02-25T01:49:00,store,S003,C02404,P0019,card,9771.15
T0002151,2025-02-10T01:36:00,store,S006,C02129,P0003,cash,30732.760000000002
T0002153,2025-02-24T20:37:00,store,S006,C01555,P0003,cash,61497.899999999994
T0002154,2025-02-02T03:20:00,store,S006,C01946,P0003,cash,222190.6
T0002155,2025-02-26T21:15:00,store,S004,C01588,P0026,card,192901.13
T0002156,2025-02-20T14:29:00,store,S005,C01706,P0012,cash,42744.99
T0002158,2025-02-28T19:37:00,store,S004,C00779,P0026,cash,21863.78
T0002162,2025-02-06T13:04:00,store,S004,C02475,P0026,card,17474.8
T0002164,2025-02-11T21:23:00,store,S004,C01812,P0026,cash,6456.780000000001
T0002165,2025-02-18T20:04:00,store,S001,C00040,P0006,card,197818.45
T0002166,2025-02-15T00:03:00,store,S004,C00969,P0005,card,245030.17
T0002167,2025-02-27T23:32:00,store,S002,C01171,P0010,cash,15295.0
T0002168,2025-02-09T17:24:00,store,S006,C00828,P0016,card,20767.33
T0002169,2025-02-12T18:08:00,store,S001,C00513,P0020,cash,36449.53
T0002171,2025-02-12T16:06:00,store,S001,C02462,P0004,card,20035.45
T0002174,2025-02-12T04:35:00,store,S004,C00205,P0005,card,9389.6
T0002175,2025-02-25T04:06:00,store,S005,C01526,P0014,card,33342.9
T0002176,2025-02-16T00:36:00,store,S005,C01357,P0012,card,150185.56
T0002177,2025-02-24T04:49:00,store,S004,C02218,P0005,cash,75359.59
T0002178,2025-02-10T16:45:00,store,S003,C00776,P0022,cash,17568.71
T0002179,2025-02-20T02:15:00,store,S003,C02069,P0022,card,205856.62
T0002182,2025-02-15T11:21:00,store,S001,C00769,P0004,card,4601.85
T0002183,2025-02-09T04:18:00,store,S003,C01116,P0022,cash,25511.5
T0002184,2025-02-04T10:21:00,store,S002,C00580,P0010,cash,42748.06
T0002185,2025-02-07T03:47:00,store,S003,C00805,P0022,cash,12033.66
T0002186,2025-02-27T04:24:00,store,S005,C02090,P0012,cash,191454.04
T0002187,2025-02-13T19:36:00,store,S001,C01654,P0006,cash,41798.52
T0002188,2025-02-12T04:29:00,store,S001,C01716,P0002,cash,47004.33
T0002189,2025-02-09T17:58:00,store,S003,C00102,P0023,cash,11614.720000000001
T0002190,2025-02-10T21:10:00,store,S004,C00877,P0026,cash,22736.989999999998
T0002192,2025-02-25T01:03:00,store,S001,C02161,P0009,cash,32848.07
T0002195,2025-02-17T16:02:00,store,S001,C01733,P0015,cash,7319.38
T0002196,2025-02-22T22:28:00,store,S002,C00274,P0010,cash,2419.47
T0002198,2025-02-04T22:04:00,store,S005,C00663,P0012,card,14488.72
T0002200,2025-02-28T11:19:00,store,S001,C01659,P0004,cash,15047.72
T0002202,2025-02-26T17:51:00,store,S006,C01402,P0003,card,7975.9
T0002203,2025-02-08T22:49:00,store,S005,C02035,P0012,card,9776.5
T0002207,2025-02-12T00:38:00,store,S003,C02415,P0017,card,49498.94
T0002209,2025-02-08T04:21:00,store,S002,C01239,P0018,cash,96059.39000000001
T0002210,2025-02-05T02:21:00,store,S003,C00002,P0017,cash,17457.0
T0002211,2025-02-17T15:25:00,store,S004,C01124,P0005,cash,22612.0
T0002212,2025-02-24T21:08:00,store,S001,C02450,P0009,card,375491.88
T0002213,2025-02-16T11:24:00,store,S001,C02233,P0004,card,10556.23
T0002214,2025-02-01T10:45:00,store,S001,C01005,P0009,card,132605.73
T0002215,2025-02-03T23:31:00,store,S001,C00780,P0021,card,27206.769999999997
T0002216,2025-02-20T18:06:00,store,S006,C02012,P0024,card,5893.68
T0002217,2025-02-27T06:55:00,store,S002,C02417,P0001,cash,7010.05
T0002218,2025-02-23T18:02:00,store,S005,C00518,P0025,card,19499.440000000002
T0002219,2025-02-08T08:20:00,store,S004,C01787,P0005,cash,21601.739999999998
T0002221,2025-02-10T07:37:00,store,S002,C02268,P0007,card,14931.920000000002
T0002222,2025-02-14T05:03:00,store,S004,C02063,P0026,card,5286.97
T0002224,2025-02-18T13:38:00,store,S004,C01276,P0005,cash,50393.92
T0002226,2025-02-15T01:56:00,store,S004,C01721,P0005,card,24985.8
T0002227,2025-02-17T18:23:00,store,S003,C02124,P0022,cash,26654.87
T0002228,2025-02-11T23:16:00,store,S003,C01349,P0019,card,7690.62
T0002229,2025-02-12T17:54:00,store,S005,C01861,P0008,cash,970.59
T0002230,2025-02-16T01:24:00,store,S002,C02116,P0007,card,283053.89
T0002231,2025-02-12T17:11:00,store,S006,C00584,P0016,card,12287.07
T0002232,2025-02-18T10:03:00,store,S004,C01973,P0005,cash,3031.43
T0002233,2025-02-06T13:14:00,store,S001,C02458,P0020,cash,5689.11
T0002234,2025-02-16T01:21:00,store,S006,C01179,P0003,cash,13891.720000000001
T0002235,2025-02-04T05:07:00,store,S003,C02236,P0019,cash,1403.28
T0002237,2025-02-12T19:28:00,store,S002,C02159,P0018,cash,220091.73
T0002238,2025-02-05T07:27:00,store,S004,C01659,P0026,cash,11070.77
T0002239,2025-02-23T20:32:00,store,S001,C01009,P0020,cash,113268.62
T0002240,2025-02-04T12:47:00,store,S005,C01047,P0012,card,18571.26
T0002241,2025-02-09T10:36:00,store,S001,C01592,P0006,card,29348.57
T0002242,2025-02-24T18:38:00,store,S004,C01269,P0026,card,368414.57
T0002245,2025-02-23T06:57:00,store,S006,C01912,P0016,card,214728.41999999998
T0002246,2025-02-04T20:12:00,store,S001,C01738,P0020,cash,21078.120000000003
T0002247,2025-02-10T07:06:00,store,S004,C00331,P0005,cash,7492.09
T0002249,2025-02-01T18:08:00,store,S001,C00156,P0020,cash,28888.67
T0002250,2025-02-09T15:16:00,store,S003,C00580,P0017,cash,8611.82
T0002251,2025-02-07T12:09:00,store,S001,C00481,P0009,cash,250646.07
T0002252,2025-02-13T07:50:00,store,S001,C00642,P0006,card,254065.32
T0002253,2025-02-14T09:10:00,store,S006,C01122,P0024,cash,46793.73
T0002254,2025-02-18T01:31:00,store,S005,C01151,P0012,card,11719.01
T0002255,2025-02-10T21:29:00,store,S001,C00732,P0002,card,16338.15
T0002257,2025-02-14T17:27:00,store,S005,C00593,P0014,card,51504.01
T0002259,2025-02-20T20:15:00,store,S004,C00511,P0026,cash,5504.2
T0002260,2025-02-16T18:02:00,store,S001,C01888,P0009,card,21478.89
T0002261,2025-02-15T02:03:00,store,S004,C01372,P0005,card,181957.0
T0002263,2025-02-07T16:55:00,store,S002,C01156,P0018,card,10672.84
T0002264,2025-02-14T19:00:00,store,S004,C01069,P0026,cash,10288.21
T0002265,2025-02-22T19:49:00,store,S006,C00001,P0016,cash,12036.57
T0002267,2025-02-14T14:52:00,store,S004,C02244,P0005,cash,8265.46
T0002268,2025-02-26T17:07:00,store,S001,C00607,P0009,card,207336.45
T0002269,2025-02-17T17:59:00,store,S006,C01630,P0003,card,25086.08
T0002270,2025-02-19T05:29:00,store,S006,C00853,P0011,card,8640.32
T0002271,2025-02-08T08:35:00,store,S001,C01076,P0002,cash,1536.29
T0002272,2025-02-15T13:40:00,store,S004,C01492,P0026,cash,875.39
T0002273,2025-02-10T16:05:00,store,S001,C00513,P0020,card,8867.85
T0002274,2025-02-25T05:30:00,store,S005,C00156,P0025,card,11448.89
T0002276,2025-02-27T02:15:00,store,S006,C02267,P0003,card,5654.59
T0002277,2025-02-06T02:41:00,store,S004,C01701,P0026,card,209124.93
T0002278,2025-02-25T19:46:00,store,S006,C01073,P0016,cash,171439.62
T0002281,2025-02-20T12:18:00,store,S001,C00782,P0015,card,347497.5
T0002282,2025-02-12T18:23:00,store,S003,C02173,P0023,card,11158.02
T0002284,2025-02-02T16:39:00,store,S006,C00081,P0011,card,62179.450000000004
T0002285,2025-02-03T08:29:00,store,S003,C01652,P0017,card,24278.620000000003
T0002287,2025-02-22T13:33:00,store,S006,C01489,P0003,cash,55345.299999999996
T0002288,2025-02-23T00:23:00,store,S001,C00685,P0015,card,29160.72
T0002289,2025-02-01T00:49:00,store,S004,C02388,P0005,card,206070.6
T0002291,2025-02-13T23:45:00,store,S002,C01320,P0001,card,21107.15
T0002292,2025-02-15T22:08:00,store,S002,C00349,P0010,cash,62460.25
T0002293,2025-02-26T13:32:00,store,S004,C02098,P0026,card,223438.88999999998
T0002295,2025-02-22T18:58:00,store,S001,C01357,P0004,card,6137.1
T0002296,2025-02-25T03:56:00,store,S001,C02468,P0006,card,1512.53
T0002297,2025-02-21T02:22:00,store,S004,C00213,P0005,card,26896.7
T0002299,2025-02-13T22:55:00,store,S003,C02302,P0023,cash,6878.81
T0002300,2025-02-28T03:03:00,store,S002,C02031,P0001,cash,388797.42
T0002301,2025-02-07T08:57:00,store,S003,C01773,P0022,cash,13733.4
T0002302,2025-02-25T02:50:00,store,S002,C00349,P0001,cash,12356.460000000001
T0002303,2025-02-10T12:29:00,store,S002,C00641,P0001,cash,46307.53
T0002304,2025-02-01T13:28:00,store,S002,C01792,P0013,cash,5035.16
T0002305,2025-02-02T01:56:00,store,S006,C01869,P0024,card,3816.8
T0002306,2025-02-11T01:37:00,store,S004,C00288,P0026,cash,11636.93
T0002307,2025-02-02T16:19:00,store,S001,C00398,P0009,card,2159.98
T0002309,2025-02-09T21:55:00,store,S004,C00843,P0005,card,17145.71
T0002311,2025-02-19T15:26:00,store,S004,C00158,P0005,card,16370.6
T0002312,2025-02-05T23:31:00,store,S004,C00317,P0005,cash,228999.00999999998
T0002313,2025-02-23T20:31:00,store,S003,C00862,P0017,cash,27683.78
T0002314,2025-02-01T15:34:00,store,S002,C01341,P0013,card,13315.9
T0002315,2025-02-23T04:09:00,store,S004,C02482,P0026,card,38941.28
T0002316,2025-02-02T04:43:00,store,S005,C00302,P0008,card,24751.18
T0002317,2025-02-20T02:11:00,store,S005,C01399,P0012,cash,19952.32
T0002318,2025-02-03T02:53:00,store,S004,C00844,P0005,card,353212.70999999996
T0002319,2025-02-03T21:05:00,store,S003,C02212,P0017,card,28025.15
T0002320,2025-02-19T08:57:00,store,S005,C02299,P0008,card,6501.99
T0002321,2025-02-15T20:24:00,store,S006,C00864,P0011,card,4396.59
T0002322,2025-02-16T06:27:00,store,S001,C02337,P0004,card,182816.51
T0002324,2025-02-06T06:04:00,store,S003,C02239,P0022,cash,245801.13
T0002326,2025-02-14T09:38:00,store,S001,C02344,P0015,card,4116.63
T0002329,2025-02-17T03:31:00,store,S001,C02136,P0020,cash,7211.0599999999995
T0002330,2025-02-17T13:49:00,store,S002,C00767,P0013,card,248197.21
T0002331,2025-02-25T23:14:00,store,S004,C01275,P0005,card,80015.26
T0002332,2025-02-08T03:01:00,store,S004,C00301,P0026,cash,3939.22
T0002333,2025-02-25T11:52:00,store,S002,C02025,P0013,card,3192.42
T0002334,2025-02-17T17:31:00,store,S003,C00570,P0023,cash,13962.170000000002
T0002335,2025-02-17T10:02:00,store,S002,C00513,P0007,cash,3137.08
T0002336,2025-02-27T16:31:00,store,S003,C00829,P0017,cash,233955.88999999998
T0002338,2025-02-14T19:06:00,store,S005,C01903,P0008,cash,239955.34
T0002339,2025-02-13T06:05:00,store,S004,C02272,P0026,cash,41860.53
T0002340,2025-02-13T13:08:00,store,S004,C02257,P0005,card,3741.88
T0002341,2025-02-27T10:51:00,store,S004,C01882,P0026,cash,72225.31
T0002342,2025-02-15T17:47:00,store,S006,C00720,P0011,card,20394.35
T0002343,2025-02-21T17:26:00,store,S005,C02200,P0012,cash,14948.37
T0002345,2025-02-19T01:39:00,store,S005,C01262,P0008,cash,10840.960000000001
T0002346,2025-02-10T00:08:00,store,S005,C00904,P0008,card,237812.83
T0002347,2025-02-25T10:11:00,store,S006,C00913,P0011,card,14269.960000000001
T0002348,2025-02-14T06:53:00,store,S003,C00176,P0022,cash,9105.59
T0002349,2025-02-21T17:44:00,store,S005,C01215,P0014,card,4010.06
T0002351,2025-02-16T06:24:00,store,S004,C00503,P0026,card,70289.0
T0002352,2025-03-11T19:42:00,online,,C00339,,card,109451.36
T0002355,2025-03-04T08:30:00,online,,C00081,,cod,6269.25
T0002358,2025-03-16T01:09:00,online,,C00786,,card,21730.17
T0002359,2025-03-25T12:01:00,online,,C00921,,card,6784.26
T0002361,2025-03-04T01:32:00,online,,C02382,,wallet,93211.95999999999
T0002363,2025-03-11T08:01:00,online,,C01732,,cod,56426.92
T0002364,2025-03-22T05:29:00,online,,C01410,,cod,129272.53
T0002365,2025-03-09T14:37:00,online,,C01305,,card,3853.66
T0002367,2025-03-25T08:13:00,online,,C00984,,cod,3718.2
T0002368,2025-03-14T04:20:00,online,,C00410,,wallet,9613.53
T0002370,2025-03-14T01:03:00,online,,C01195,,card,24032.01
T0002371,2025-03-31T04:31:00,online,,C01247,,wallet,58722.130000000005
T0002373,2025-03-11T01:49:00,online,,C01471,,card,6554.02
T0002374,2025-03-31T20:48:00,online,,C00083,,wallet,63499.880000000005
T0002375,2025-03-05T18:01:00,online,,C00350,,cod,12507.0
T0002376,2025-03-14T05:42:00,online,,C01874,,card,18494.86
T0002378,2025-03-21T16:12:00,online,,C01028,,cod,5248.01
T0002379,2025-03-21T11:57:00,online,,C02298,,cod,2599.17
T0002380,2025-03-28T14:07:00,online,,C01618,,card,152631.93
T0002381,2025-03-12T23:22:00,online,,C02153,,card,9205.19
T0002382,2025-03-26T12:26:00,online,,C02313,,wallet,10071.81
T0002387,2025-03-09T06:06:00,online,,C01071,,cod,24369.36
T0002388,2025-03-08T03:36:00,online,,C02038,,card,7413.14
T0002389,2025-03-06T01:27:00,online,,C02310,,wallet,20964.52
T0002390,2025-03-30T09:11:00,online,,C02052,,cod,18360.26
T0002391,2025-03-14T01:45:00,online,,C01417,,wallet,6130.58
T0002392,2025-03-13T22:09:00,online,,C01245,,cod,10912.26
T0002393,2025-03-21T13:38:00,online,,C00189,,cod,7490.15
T0002396,2025-03-26T17:34:00,online,,C02036,,card,207152.24000000002
T0002398,2025-03-02T05:23:00,online,,C02175,,wallet,109696.44
T0002399,2025-03-04T05:08:00,online,,C00879,,cod,250724.76
T0002400,2025-03-29T14:37:00,online,,C01077,,card,73223.85
T0002401,2025-03-14T09:45:00,online,,C01262,,card,222137.19
T0002402,2025-03-28T20:04:00,online,,C01342,,card,42929.45
T0002403,2025-03-22T07:14:00,online,,C00005,,card,60409.44
T0002405,2025-03-12T22:10:00,online,,C01128,,card,3979.08
T0002406,2025-03-30T17:50:00,online,,C01506,,card,9178.26
T0002407,2025-03-02T12:22:00,online,,C00648,,card,7733.88
T0002408,2025-03-29T01:36:00,online,,C00573,,wallet,13815.619999999999
T0002410,2025-03-28T06:45:00,online,,C01666,,cod,11097.14
T0002411,2025-03-30T21:05:00,online,,C01741,,cod,64478.63
T0002412,2025-03-25T15:25:00,online,,C00469,,cod,10321.76
T0002413,2025-03-26T20:26:00,online,,C00213,,wallet,8057.380000000001
T0002414,2025-03-28T02:31:00,online,,C01385,,wallet,6850.93
T0002415,2025-03-29T06:15:00,online,,C02494,,cod,5361.01
T0002416,2025-03-28T02:01:00,online,,C01847,,card,40259.93
T0002418,2025-03-04T17:16:00,online,,C01180,,cod,8508.34
T0002419,2025-03-16T13:48:00,online,,C00481,,card,41323.770000000004
T0002421,2025-03-13T10:10:00,online,,C00706,,wallet,10630.720000000001
T0002423,2025-03-20T00:28:00,online,,C01273,,wallet,3654.78
T0002424,2025-03-15T02:57:00,online,,C02177,,wallet,62949.91
T0002425,2025-03-03T08:09:00,online,,C02342,,card,60722.56
T0002426,2025-03-14T22:52:00,online,,C00503,,card,57740.020000000004
T0002430,2025-03-21T05:26:00,online,,C01076,,card,52615.29
T0002432,2025-03-26T04:52:00,online,,C02387,,wallet,15260.68
T0002433,2025-03-15T08:04:00,online,,C00882,,cod,20844.53
T0002435,2025-03-13T02:18:00,online,,C01699,,cod,190487.95
T0002436,2025-03-26T20:20:00,online,,C00996,,cod,251812.43
T0002437,2025-03-26T02:12:00,online,,C00225,,cod,46017.18
T0002439,2025-03-08T05:39:00,online,,C02462,,wallet,21581.719999999998
T0002440,2025-03-22T06:31:00,online,,C01636,,card,7117.69
T0002441,2025-03-24T10:51:00,online,,C01936,,card,66114.98
T0002442,2025-03-13T00:30:00,online,,C01881,,card,25965.4
T0002443,2025-03-28T22:54:00,online,,C00964,,card,56218.85999999999
T0002445,2025-03-19T15:03:00,online,,C00379,,card,18687.66
T0002446,2025-03-23T18:53:00,online,,C00728,,wallet,41087.05
T0002447,2025-03-04T00:29:00,online,,C02346,,card,113660.56999999999
T0002448,2025-03-20T00:20:00,online,,C00355,,cod,232469.37999999998
T0002449,2025-03-24T17:53:00,online,,C01386,,wallet,17804.5
T0002450,2025-03-28T03:12:00,online,,C02369,,cod,3635.53
T0002451,2025-03-06T20:31:00,online,,C02198,,card,17350.14
T0002452,2025-03-20T16:18:00,online,,C02372,,wallet,214234.75
T0002453,2025-03-11T02:01:00,online,,C01237,,wallet,14090.08
T0002454,2025-03-06T23:49:00,online,,C01073,,card,205002.84
T0002456,2025-03-16T08:05:00,online,,C00356,,cod,2367.19
T0002457,2025-03-10T11:03:00,online,,C00741,,wallet,96255.56000000001
T0002458,2025-03-22T12:10:00,online,,C02193,,card,95020.64
T0002459,2025-03-18T21:45:00,online,,C02218,,wallet,3622.54
T0002460,2025-03-21T00:41:00,online,,C02411,,wallet,97495.05
T0002463,2025-03-13T01:05:00,online,,C02362,,card,15051.759999999998
T0002464,2025-03-29T01:29:00,online,,C00358,,wallet,34467.68
T0002465,2025-03-06T06:03:00,online,,C02217,,cod,2071.72
T0002466,2025-03-25T12:43:00,online,,C02061,,card,12449.36
T0002468,2025-03-02T15:09:00,online,,C00493,,wallet,41204.66
T0002469,2025-03-17T12:38:00,online,,C01295,,cod,1714.6
T0002471,2025-03-16T01:13:00,online,,C01777,,wallet,25324.49
T0002472,2025-03-08T00:43:00,online,,C01699,,card,197653.92
T0002474,2025-03-11T02:17:00,online,,C00035,,wallet,12976.33
T0002475,2025-03-08T07:17:00,online,,C00844,,cod,7933.16
T0002477,2025-03-01T05:42:00,online,,C01103,,card,22718.550000000003
T0002478,2025-03-11T11:49:00,online,,C01528,,card,14125.03
T0002479,2025-03-16T01:35:00,online,,C01935,,cod,9896.66
T0002481,2025-03-05T19:39:00,online,,C01036,,cod,61560.92
T0002482,2025-03-24T20:49:00,online,,C01607,,wallet,18280.940000000002
T0002484,2025-03-12T07:14:00,online,,C00929,,cod,36697.95
T0002485,2025-03-05T07:40:00,online,,C01076,,wallet,7157.53
T0002486,2025-03-04T12:38:00,online,,C00642,,cod,21863.02
T0002487,2025-03-29T23:23:00,online,,C00736,,cod,35457.93
T0002488,2025-03-26T00:22:00,online,,C00059,,wallet,15902.080000000002
T0002489,2025-03-07T23:50:00,online,,C01942,,wallet,10567.11
T0002493,2025-03-24T08:58:00,online,,C00469,,wallet,1451.26
T0002496,2025-03-27T08:25:00,online,,C01191,,card,15870.150000000001
T0002499,2025-03-09T03:39:00,online,,C01109,,wallet,2328.48
T0002500,2025-03-13T13:37:00,online,,C01234,,card,47742.94
T0002501,2025-03-10T06:41:00,online,,C00380,,card,10282.2
T0002502,2025-03-10T17:42:00,online,,C01041,,cod,5024.65
T0002504,2025-03-27T14:17:00,online,,C01758,,wallet,19393.03
T0002506,2025-03-05T00:14:00,online,,C01199,,wallet,9075.0
T0002507,2025-03-11T21:30:00,online,,C02104,,wallet,5591.42
T0002508,2025-03-19T06:17:00,online,,C00113,,cod,464351.98
T0002509,2025-03-28T20:10:00,online,,C00372,,wallet,4105.16
T0002510,2025-03-07T21:04:00,online,,C01113,,card,32557.85
T0002511,2025-03-20T06:07:00,online,,C00916,,wallet,307184.68
T0002513,2025-03-02T20:18:00,online,,C01213,,wallet,24950.07
T0002514,2025-03-02T13:04:00,online,,C01932,,cod,5716.09
T0002515,2025-03-19T07:21:00,online,,C00371,,card,290759.84
T0002516,2025-03-14T13:53:00,online,,C01168,,card,6078.07
T0002517,2025-03-07T22:52:00,online,,C02324,,cod,6510.23
T0002518,2025-03-02T05:27:00,online,,C01429,,cod,14325.349999999999
T0002519,2025-03-26T04:39:00,online,,C00637,,wallet,6071.4
T0002520,2025-03-23T12:48:00,online,,C00700,,card,6240.55
T0002522,2025-03-02T15:31:00,online,,C02276,,card,4611.81
T0002523,2025-03-30T09:34:00,online,,C01988,,wallet,36017.32
T0002524,2025-03-01T12:07:00,online,,C00714,,cod,13653.11
T0002526,2025-03-10T02:53:00,online,,C01051,,card,3722.41
T0002527,2025-03-10T20:56:00,online,,C01280,,wallet,212128.06
T0002528,2025-03-01T10:34:00,online,,C00555,,cod,70626.84
T0002529,2025-03-15T18:49:00,online,,C00948,,cod,5141.12
T0002532,2025-03-16T17:01:00,online,,C01907,,card,12101.47
T0002533,2025-03-08T11:43:00,online,,C02417,,cod,243434.35
T0002534,2025-03-08T15:11:00,online,,C00317,,card,262186.82
T0002535,2025-03-31T16:06:00,online,,C02027,,card,70037.38
T0002536,2025-03-27T17:48:00,online,,C00266,,card,29910.510000000002
T0002537,2025-03-11T01:56:00,online,,C02049,,cod,10106.04
T0002538,2025-03-13T10:00:00,online,,C00586,,cod,4363.43
T0002541,2025-03-31T05:48:00,online,,C02431,,cod,76472.94
T0002543,2025-03-08T23:52:00,online,,C00552,,cod,2643.02
T0002544,2025-03-24T18:26:00,online,,C00003,,card,7954.08
T0002545,2025-03-16T00:11:00,online,,C01400,,card,30926.26
T0002546,2025-03-29T13:31:00,online,,C00056,,wallet,363233.75
T0002547,2025-03-07T07:54:00,online,,C00614,,wallet,96686.96
T0002549,2025-03-16T15:53:00,online,,C00610,,wallet,3769.19
T0002550,2025-03-30T12:16:00,online,,C01584,,card,21095.120000000003
T0002551,2025-03-14T17:30:00,online,,C01959,,card,87562.18000000001
T0002553,2025-03-01T17:21:00,online,,C00357,,card,86704.89
T0002554,2025-03-27T14:58:00,online,,C02222,,cod,23247.36
T0002555,2025-03-21T12:58:00,online,,C00589,,card,28213.32
T0002557,2025-03-13T04:03:00,online,,C01864,,card,50828.829999999994
T0002560,2025-03-20T22:57:00,online,,C00406,,cod,21319.71
T0002562,2025-03-16T07:00:00,online,,C01755,,cod,5433.87
T0002563,2025-03-04T23:54:00,online,,C01600,,wallet,6989.9
T0002565,2025-03-03T07:44:00,online,,C01077,,card,24609.24
T0002566,2025-03-13T21:15:00,online,,C00118,,card,7887.69
T0002570,2025-03-11T09:38:00,online,,C01385,,cod,1906.38
T0002571,2025-03-26T11:52:00,online,,C01147,,cod,10545.92
T0002572,2025-03-19T02:33:00,online,,C00763,,wallet,18723.239999999998
T0002573,2025-03-06T12:28:00,online,,C00954,,card,12042.65
T0002575,2025-03-03T15:08:00,online,,C00099,,card,14949.56
T0002576,2025-03-27T18:29:00,online,,C02223,,cod,667539.8200000001
T0002577,2025-03-16T13:04:00,online,,C00561,,card,20886.22
T0002578,2025-03-29T22:30:00,online,,C00713,,card,7415.28
T0002579,2025-03-11T18:38:00,online,,C02105,,wallet,15752.23
T0002580,2025-03-12T11:35:00,online,,C00901,,cod,228474.77000000002
T0002581,2025-03-19T02:59:00,online,,C00992,,wallet,7046.5
T0002582,2025-03-31T20:22:00,online,,C01808,,cod,6906.4
T0002583,2025-03-15T08:04:00,online,,C00121,,card,6329.27
T0002584,2025-03-07T05:48:00,online,,C00358,,cod,236641.62
T0002585,2025-03-09T07:02:00,online,,C00277,,card,208023.75
T0002586,2025-03-26T10:26:00,online,,C01125,,card,194417.7
T0002587,2025-03-06T22:38:00,online,,C02493,,card,64379.47
T0002589,2025-03-03T16:58:00,online,,C00945,,wallet,10386.01
T0002590,2025-03-03T04:17:00,online,,C01747,,card,17914.9
T0002593,2025-03-01T15:22:00,online,,C00125,,wallet,16492.89
T0002595,2025-03-01T01:18:00,online,,C00758,,card,4525.01
T0002596,2025-03-04T03:58:00,online,,C00607,,cod,4362.24
T0002597,2025-03-16T02:22:00,online,,C00381,,card,18078.58
T0002599,2025-03-01T12:04:00,online,,C00575,,wallet,4180.87
T0002601,2025-03-21T13:43:00,online,,C00066,,card,322084.61
T0002602,2025-03-22T15:27:00,online,,C02149,,cod,27508.71
T0002603,2025-03-12T06:53:00,online,,C01315,,wallet,11477.83
T0002604,2025-03-11T11:09:00,online,,C02237,,card,473083.98
T0002606,2025-03-09T05:35:00,online,,C01627,,card,7175.3
T0002608,2025-03-05T04:07:00,online,,C01640,,card,279569.02999999997
T0002609,2025-03-15T03:43:00,online,,C01665,,wallet,31913.72
T0002610,2025-03-14T07:00:00,online,,C00123,,cod,22860.87
T0002612,2025-03-22T10:00:00,online,,C01822,,card,3099.88
T0002614,2025-03-22T03:52:00,online,,C00160,,card,38718.270000000004
T0002615,2025-03-24T11:09:00,online,,C01791,,cod,7260.8
T0002616,2025-03-20T20:55:00,online,,C00223,,wallet,25604.41
T0002617,2025-03-23T14:20:00,online,,C00212,,wallet,22272.15
T0002618,2025-03-22T20:35:00,online,,C01535,,wallet,10306.07
T0002619,2025-03-19T04:23:00,online,,C01093,,cod,312114.24
T0002620,2025-03-28T22:41:00,online,,C01081,,wallet,142438.65000000002
T0002621,2025-03-09T18:47:00,online,,C01766,,card,16661.18
T0002622,2025-03-13T21:58:00,online,,C00492,,card,428863.94
T0002623,2025-03-23T06:26:00,online,,C00684,,cod,12691.14
T0002624,2025-03-17T14:04:00,online,,C00487,,wallet,22944.420000000002
T0002626,2025-03-22T06:11:00,online,,C01658,,wallet,102565.39
T0002627,2025-03-27T00:14:00,online,,C00306,,card,11600.11
T0002628,2025-03-26T13:17:00,online,,C01720,,card,111260.23999999999
T0002629,2025-03-21T12:04:00,online,,C02305,,cod,235739.94
T0002630,2025-03-01T18:23:00,online,,C01098,,cod,4253.88
T0002631,2025-03-20T14:09:00,online,,C00772,,card,3784.61
T0002632,2025-03-24T14:14:00,online,,C00400,,wallet,16357.560000000001
T0002634,2025-03-16T10:06:00,online,,C01478,,cod,2643.14
T0002637,2025-03-30T10:27:00,online,,C01112,,card,29345.46
T0002638,2025-03-18T10:50:00,online,,C00745,,card,47285.32
T0002639,2025-03-18T17:48:00,online,,C00434,,wallet,10825.99
T0002640,2025-03-12T05:33:00,online,,C01564,,wallet,232539.51
T0002641,2025-03-11T20:32:00,online,,C01262,,card,36869.03
T0002642,2025-03-08T18:34:00,online,,C00414,,cod,4480.77
T0002643,2025-03-02T19:21:00,online,,C01537,,wallet,14170.16
T0002645,2025-03-04T23:03:00,online,,C02466,,card,35274.9
T0002647,2025-03-16T01:39:00,online,,C02104,,card,113865.18000000001
T0002648,2025-03-22T10:31:00,online,,C01230,,card,8396.24
T0002649,2025-03-24T02:14:00,online,,C00305,,wallet,218590.22999999998
T0002651,2025-03-11T01:24:00,online,,C00780,,cod,4317.93
T0002652,2025-03-18T23:07:00,online,,C00547,,card,348131.19
T0002653,2025-03-13T15:25:00,online,,C01717,,card,56638.25
T0002654,2025-03-19T01:43:00,online,,C01571,,cod,4859.78
T0002655,2025-03-11T18:01:00,online,,C01886,,card,6426.42
T0002656,2025-03-28T07:43:00,online,,C00713,,wallet,32809.38
T0002657,2025-03-06T16:55:00,online,,C00053,,wallet,3109.59
T0002658,2025-03-23T01:17:00,online,,C01958,,cod,2560.85
T0002663,2025-03-24T05:56:00,online,,C00052,,wallet,24771.86
T0002664,2025-03-17T13:02:00,online,,C00868,,wallet,336392.95999999996
T0002665,2025-03-16T05:40:00,online,,C01134,,card,2360.15
T0002667,2025-03-26T23:18:00,online,,C02301,,cod,1407.23
T0002669,2025-03-30T00:59:00,online,,C01450,,card,45451.83
T0002670,2025-03-12T11:00:00,online,,C00630,,cod,224618.94
T0002671,2025-03-24T23:30:00,online,,C02417,,card,90675.36
T0002672,2025-03-04T02:31:00,online,,C02405,,wallet,25431.190000000002
T0002674,2025-03-20T10:39:00,online,,C00304,,wallet,61866.57
T0002676,2025-03-09T12:15:00,online,,C01101,,card,18345.29
T0002677,2025-03-26T22:38:00,online,,C01813,,card,31772.309999999998
T0002678,2025-03-26T21:10:00,online,,C00749,,cod,141884.49
T0002679,2025-03-22T10:22:00,online,,C00469,,wallet,9830.15
T0002681,2025-03-13T10:34:00,online,,C00078,,card,216158.03
T0002683,2025-03-09T17:39:00,online,,C01015,,card,189527.18
T0002684,2025-03-06T08:11:00,online,,C01253,,card,12168.77
T0002685,2025-03-04T18:40:00,online,,C01725,,wallet,19663.58
T0002686,2025-03-22T19:50:00,online,,C00852,,cod,22110.26
T0002687,2025-03-30T11:26:00,online,,C01222,,wallet,20703.550000000003
T0002688,2025-03-31T11:14:00,online,,C00838,,cod,15581.91
T0002689,2025-03-28T14:13:00,online,,C01177,,card,7614.139999999999
T0002690,2025-03-26T17:16:00,online,,C01183,,wallet,253642.87
T0002691,2025-03-13T23:26:00,online,,C01561,,card,26408.29
T0002692,2025-03-15T00:44:00,online,,C02324,,cod,14783.220000000001
T0002693,2025-03-06T18:44:00,online,,C02450,,cod,4556.12
T0002695,2025-03-31T21:01:00,online,,C00173,,cod,18177.48
T0002697,2025-03-22T10:19:00,online,,C01711,,cod,39779.33
T0002698,2025-03-04T07:19:00,online,,C01504,,card,8324.17
T0002699,2025-03-26T03:07:00,online,,C00212,,card,132087.64
T0002700,2025-03-31T12:21:00,online,,C01767,,card,15917.349999999999
T0002701,2025-03-13T11:44:00,online,,C01089,,card,25275.29
T0002702,2025-03-26T14:55:00,online,,C01223,,card,10714.27
T0002705,2025-03-23T09:21:00,online,,C02021,,wallet,2158.4
T0002706,2025-03-13T01:16:00,online,,C02017,,cod,21162.84
T0002707,2025-03-05T19:13:00,online,,C01307,,card,124181.52
T0002708,2025-03-11T09:54:00,online,,C01346,,cod,379390.18
T0002710,2025-03-29T04:51:00,online,,C02000,,cod,3738.6499999999996
T0002711,2025-03-06T11:00:00,online,,C00709,,wallet,31599.129999999997
T0002715,2025-03-03T20:48:00,online,,C02198,,wallet,41254.45
T0002716,2025-03-21T18:25:00,online,,C02435,,wallet,17723.9
T0002717,2025-03-08T10:20:00,online,,C01196,,cod,4515.99
T0002719,2025-03-19T16:35:00,online,,C01563,,wallet,35523.17
T0002722,2025-03-29T03:13:00,online,,C00822,,cod,2473.24
T0002723,2025-03-18T03:02:00,store,S004,C01633,P0005,card,13348.53
T0002725,2025-03-30T21:35:00,store,S004,C01522,P0026,cash,3473.22
T0002726,2025-03-19T20:53:00,store,S003,C00336,P0022,card,25272.97
T0002727,2025-03-03T17:48:00,store,S004,C00697,P0005,card,248517.84
T0002728,2025-03-02T00:35:00,store,S004,C02001,P0026,card,14804.2
T0002729,2025-03-09T04:37:00,store,S004,C01003,P0005,card,9735.96
T0002730,2025-03-13T23:31:00,store,S002,C02197,P0010,card,8141.0
T0002731,2025-03-20T04:04:00,store,S005,C01959,P0014,card,110508.59999999999
T0002733,2025-03-26T08:29:00,store,S002,C00925,P0001,cash,308186.74000000005
T0002736,2025-03-23T10:00:00,store,S003,C01467,P0019,cash,66373.69
T0002738,2025-03-19T23:29:00,store,S001,C01279,P0015,card,11941.79
T0002742,2025-03-06T23:47:00,store,S004,C00676,P0005,cash,594786.23
T0002743,2025-03-17T05:09:00,store,S002,C00892,P0001,cash,8312.210000000001
T0002744,2025-03-22T00:57:00,store,S003,C02189,P0017,cash,15649.12
T0002747,2025-03-11T20:52:00,store,S006,C01465,P0003,card,31720.84
T0002749,2025-03-16T03:36:00,store,S005,C00966,P0025,cash,62314.740000000005
T0002750,2025-03-01T20:48:00,store,S006,C00716,P0011,cash,27315.129999999997
T0002751,2025-03-09T05:44:00,store,S006,C01733,P0024,cash,79002.04000000001
T0002752,2025-03-25T16:09:00,store,S003,C01254,P0019,card,5541.79
T0002754,2025-03-08T20:29:00,store,S006,C01399,P0011,card,60577.2
T0002755,2025-03-10T07:51:00,store,S006,C01030,P0011,card,14717.67
T0002756,2025-03-06T01:28:00,store,S006,C00334,P0011,cash,1563.47
T0002757,2025-03-22T02:48:00,store,S006,C00200,P0016,cash,50428.72
T0002759,2025-03-18T04:29:00,store,S006,C02251,P0011,cash,12195.1
T0002760,2025-03-02T03:43:00,store,S003,C02419,P0022,card,16584.25
T0002761,2025-03-08T17:41:00,store,S006,C00722,P0024,cash,16921.58
T0002762,2025-03-19T10:05:00,store,S003,C01234,P0023,cash,13416.6
T0002763,2025-03-24T19:19:00,store,S004,C00678,P0026,card,7433.28
T0002764,2025-03-29T00:15:00,store,S003,C00444,P0017,cash,20102.36
T0002765,2025-03-29T05:32:00,store,S006,C01805,P0024,cash,57269.520000000004
T0002766,2025-03-26T19:08:00,store,S004,C01418,P0026,cash,7089.13
T0002767,2025-03-08T04:00:00,store,S006,C02110,P0024,cash,32812.57
T0002770,2025-03-26T02:20:00,store,S002,C00226,P0018,cash,37905.61
T0002771,2025-03-18T04:59:00,store,S005,C02424,P0014,card,43683.479999999996
T0002772,2025-03-26T21:24:00,store,S004,C01357,P0026,card,315585.97000000003
T0002774,2025-03-16T02:58:00,store,S004,C02155,P0026,cash,6545.18
T0002775,2025-03-30T02:09:00,store,S006,C01271,P0003,card,12347.01
T0002776,2025-03-19T18:33:00,store,S006,C01073,P0011,cash,14665.0
T0002777,2025-03-14T17:02:00,store,S004,C02284,P0026,cash,5714.83
T0002778,2025-03-15T15:04:00,store,S003,C01852,P0017,card,6009.95
T0002779,2025-03-15T07:19:00,store,S003,C01685,P0023,card,50581.37
T0002782,2025-03-18T07:04:00,store,S002,C00048,P0001,card,15393.52
T0002784,2025-03-03T02:20:00,store,S004,C00151,P0005,cash,17269.95
T0002785,2025-03-15T14:01:00,store,S005,C00734,P0014,card,40994.42
T0002788,2025-03-14T21:38:00,store,S006,C00931,P0003,card,19016.07
T0002789,2025-03-10T10:50:00,store,S006,C01377,P0024,cash,23651.46
T0002790,2025-03-24T22:18:00,store,S002,C02409,P0013,card,20801.45
T0002792,2025-03-29T02:20:00,store,S001,C00747,P0015,card,13165.8
T0002794,2025-03-15T23:16:00,store,S005,C02432,P0012,cash,18528.38
T0002795,2025-03-19T09:57:00,store,S005,C00945,P0014,cash,232846.84
T0002796,2025-03-12T21:55:00,store,S001,C01845,P0004,cash,7945.48
T0002797,2025-03-25T16:27:00,store,S006,C00075,P0016,card,26416.86
T0002799,2025-03-02T13:28:00,store,S002,C01748,P0010,cash,120371.03
T0002800,2025-03-05T01:47:00,store,S004,C02386,P0026,cash,10402.119999999999
T0002802,2025-03-27T07:02:00,store,S003,C01707,P0017,cash,17873.52
T0002803,2025-03-21T16:16:00,store,S004,C02061,P0005,cash,7475.94
T0002805,2025-03-16T19:03:00,store,S006,C02148,P0024,card,7277.55
T0002806,2025-03-10T03:55:00,store,S005,C01393,P0014,cash,14352.43
T0002808,2025-03-17T21:05:00,store,S005,C00128,P0012,card,102054.48000000001
T0002810,2025-03-26T22:55:00,store,S002,C00477,P0010,card,58002.94
T0002813,2025-03-04T14:59:00,store,S001,C02047,P0006,card,16210.599999999999
T0002814,2025-03-08T06:35:00,store,S006,C01268,P0016,card,11874.130000000001
T0002816,2025-03-26T10:37:00,store,S001,C02039,P0009,cash,41200.270000000004
T0002817,2025-03-10T10:34:00,store,S005,C01017,P0025,card,21728.29
T0002819,2025-03-30T09:47:00,store,S003,C00280,P0023,cash,4874.72
T0002821,2025-03-27T02:18:00,store,S001,C02193,P0006,cash,2807.94
T0002822,2025-03-18T23:45:00,store,S006,C00787,P0024,cash,313290.79000000004
T0002824,2025-03-18T04:06:00,store,S001,C00935,P0015,cash,26171.95
T0002826,2025-03-26T06:27:00,store,S002,C00229,P0018,card,8738.06
T0002827,2025-03-20T20:40:00,store,S003,C02336,P0022,cash,163760.29
T0002828,2025-03-18T13:57:00,store,S006,C01018,P0003,card,1690.6
T0002830,2025-03-25T13:31:00,store,S001,C01385,P0004,cash,408316.08999999997
T0002831,2025-03-21T01:14:00,store,S005,C00876,P0008,cash,9171.51
T0002832,2025-03-23T00:04:00,store,S004,C01580,P0026,card,188724.46000000002
T0002834,2025-03-20T01:16:00,store,S006,C01220,P0003,cash,9308.42
T0002836,2025-03-03T05:14:00,store,S001,C01851,P0009,card,55573.46
T0002837,2025-03-30T13:20:00,store,S004,C01261,P0005,card,22396.699999999997
T0002838,2025-03-31T18:24:00,store,S005,C00736,P0014,card,23228.64
T0002841,2025-03-16T06:32:00,store,S003,C02358,P0017,cash,31370.88
T0002843,2025-03-02T08:02:00,store,S005,C00691,P0025,cash,599514.77
T0002844,2025-03-13T05:36:00,store,S005,C01682,P0008,card,17098.02
T0002846,2025-03-19T23:55:00,store,S002,C00730,P0010,cash,16933.22
T0002847,2025-03-26T03:58:00,store,S004,C01652,P0026,cash,18280.8
T0002848,2025-03-21T10:45:00,store,S005,C01418,P0008,card,267685.52999999997
T0002849,2025-03-13T04:16:00,store,S005,C00361,P0025,card,16367.66
T0002851,2025-03-13T16:52:00,store,S003,C02437,P0017,card,652285.11
T0002852,2025-03-16T08:09:00,store,S001,C02128,P0020,card,10421.93
T0002854,2025-03-11T00:44:00,store,S005,C00297,P0014,cash,12352.8
T0002855,2025-03-08T10:57:00,store,S001,C02335,P0006,cash,5145.55
T0002856,2025-03-17T19:50:00,store,S006,C02309,P0016,cash,5040.29
T0002857,2025-03-08T10:57:00,store,S003,C00335,P0019,card,15251.24
T0002858,2025-03-29T08:01:00,store,S005,C02443,P0012,cash,262857.21
T0002859,2025-03-05T13:13:00,store,S005,C01149,P0014,cash,5241.92
T0002860,2025-03-20T03:20:00,store,S005,C01536,P0008,card,99688.21999999999
T0002861,2025-03-20T07:31:00,store,S005,C00747,P0025,card,8545.49
T0002862,2025-03-10T09:58:00,store,S005,C00730,P0012,card,13591.09
T0002863,2025-03-11T11:15:00,store,S002,C02385,P0001,cash,39914.03
T0002865,2025-03-18T23:57:00,store,S003,C01178,P0023,cash,34045.07
T0002866,2025-03-22T07:08:00,store,S002,C00126,P0007,cash,5116.39
T0002868,2025-03-08T21:46:00,store,S006,C01414,P0003,card,14465.84
T0002869,2025-03-30T14:37:00,store,S003,C02128,P0022,cash,3342.41
T0002871,2025-03-27T22:11:00,store,S005,C01992,P0012,cash,49941.55
T0002874,2025-03-05T02:01:00,store,S002,C01554,P0013,card,242317.86
T0002875,2025-03-29T02:30:00,store,S005,C00621,P0025,cash,16012.64
T0002877,2025-03-31T06:51:00,store,S002,C00137,P0013,cash,19367.879999999997
T0002878,2025-03-28T14:01:00,store,S002,C01653,P0007,card,8348.76
T0002880,2025-03-01T17:22:00,store,S006,C01397,P0016,card,218792.44
T0002881,2025-03-19T03:37:00,store,S006,C00451,P0011,card,10538.26
T0002882,2025-03-02T11:38:00,store,S006,C02443,P0016,card,5757.08
T0002883,2025-03-17T19:29:00,store,S003,C00268,P0022,card,7465.360000000001
T0002884,2025-03-12T02:56:00,store,S005,C02353,P0008,cash,2301.24
T0002885,2025-03-24T08:12:00,store,S002,C01622,P0007,cash,11584.369999999999
T0002886,2025-03-26T11:04:00,store,S004,C00965,P0026,card,37830.37
T0002887,2025-03-23T14:33:00,store,S001,C01207,P0006,card,10226.31
T0002888,2025-03-19T21:54:00,store,S006,C02097,P0011,card,9745.32
T0002889,2025-03-06T15:41:00,store,S001,C01940,P0009,card,8136.530000000001
T0002890,2025-03-26T03:14:00,store,S003,C00051,P0023,card,421633.31
T0002891,2025-03-26T22:31:00,store,S006,C02062,P0024,card,227337.79
T0002893,2025-03-10T03:50:00,store,S005,C01883,P0012,cash,8557.88
T0002894,2025-03-19T17:06:00,store,S003,C00215,P0017,cash,493781.31999999995
T0002895,2025-03-29T03:18:00,store,S002,C01274,P0013,card,255632.83000000002
T0002896,2025-03-22T03:26:00,store,S004,C01154,P0026,card,26047.6
T0002898,2025-03-04T13:34:00,store,S006,C01150,P0003,card,502078.23000000004
T0002900,2025-03-02T20:18:00,store,S004,C01209,P0026,cash,55434.170000000006
T0002901,2025-03-06T12:42:00,store,S001,C01051,P0009,card,22818.23
T0002902,2025-03-20T10:48:00,store,S001,C00410,P0006,card,74546.26
T0002903,2025-03-21T09:00:00,store,S006,C01439,P0003,cash,52868.65
T0002904,2025-03-09T18:23:00,store,S004,C01261,P0026,card,11745.439999999999
T0002905,2025-03-18T06:43:00,store,S006,C01022,P0016,cash,221243.97
T0002906,2025-03-09T04:25:00,store,S003,C02031,P0017,cash,73653.58
T0002907,2025-03-23T06:10:00,store,S005,C02080,P0014,cash,14016.9
T0002908,2025-03-28T13:36:00,store,S001,C00177,P0015,card,25972.75
T0002909,2025-03-07T07:01:00,store,S006,C00681,P0011,card,570244.12
T0002910,2025-03-27T20:44:00,store,S003,C01287,P0017,card,53005.6
T0002911,2025-03-21T05:51:00,store,S004,C00174,P0026,cash,1513.18
T0002913,2025-03-17T11:36:00,store,S005,C01348,P0012,card,30565.92
T0002914,2025-03-01T09:39:00,store,S001,C00986,P0020,cash,214242.86
T0002916,2025-03-31T06:03:00,store,S001,C00610,P0006,card,18846.03
T0002917,2025-03-17T18:29:00,store,S002,C01937,P0001,card,55322.520000000004
T0002918,2025-03-15T20:52:00,store,S006,C01431,P0011,card,355942.45
T0002919,2025-03-17T04:53:00,store,S005,C02405,P0012,card,11027.1
T0002920,2025-03-09T22:06:00,store,S001,C01614,P0015,cash,10267.74
T0002922,2025-03-09T11:39:00,store,S002,C01648,P0010,cash,327809.04
T0002923,2025-03-14T03:36:00,store,S004,C00610,P0005,cash,33277.32000000001
T0002925,2025-03-09T07:49:00,store,S005,C01799,P0008,cash,75851.33
T0002926,2025-03-23T00:24:00,store,S006,C01718,P0024,card,463272.59
T0002927,2025-03-10T15:38:00,store,S002,C00932,P0013,card,242889.41
T0002928,2025-03-11T20:07:00,store,S001,C02252,P0004,cash,4089.71
T0002929,2025-03-25T09:49:00,store,S004,C00820,P0005,cash,10281.64
T0002930,2025-03-21T03:09:00,store,S006,C00949,P0024,cash,190517.08
T0002931,2025-03-11T03:07:00,store,S001,C00107,P0006,card,15608.86
T0002933,2025-03-19T02:47:00,store,S004,C01758,P0005,card,24490.86
T0002934,2025-03-30T18:58:00,store,S001,C01122,P0006,cash,36906.65
T0002935,2025-03-17T21:08:00,store,S001,C01004,P0021,card,19502.4
T0002936,2025-03-10T03:59:00,store,S004,C01417,P0026,card,5925.53
T0002937,2025-03-28T12:58:00,store,S004,C00459,P0005,card,21063.23
T0002938,2025-03-08T16:52:00,store,S002,C01666,P0013,card,13177.58
T0002939,2025-03-20T13:28:00,store,S004,C01808,P0026,card,1412.11
T0002940,2025-03-09T20:30:00,store,S002,C01684,P0001,cash,23590.239999999998
T0002941,2025-03-11T04:18:00,store,S006,C00322,P0003,cash,46054.64
T0002942,2025-03-26T05:38:00,store,S002,C01181,P0007,card,11418.32
T0002943,2025-03-27T04:01:00,store,S005,C01029,P0014,cash,12524.310000000001
T0002944,2025-03-18T21:06:00,store,S006,C01643,P0011,cash,221892.50999999998
T0002945,2025-03-18T01:42:00,store,S006,C02358,P0011,cash,44890.1
T0002946,2025-03-19T00:02:00,store,S005,C00691,P0008,cash,202984.08
T0002948,2025-03-29T00:35:00,store,S004,C02394,P0005,card,23210.39
T0002949,2025-03-19T13:51:00,store,S004,C01328,P0026,cash,23791.170000000002
T0002950,2025-03-07T14:57:00,store,S003,C01251,P0019,cash,12712.04
T0002953,2025-03-15T07:24:00,store,S006,C01162,P0024,card,13863.43
T0002955,2025-03-25T14:12:00,store,S002,C01066,P0007,card,37154.299999999996
T0002956,2025-03-17T07:17:00,store,S004,C01426,P0005,card,19158.51
T0002957,2025-03-19T19:01:00,store,S001,C00968,P0004,cash,1459.43
T0002958,2025-03-10T11:51:00,store,S004,C01362,P0026,card,9627.19
T0002960,2025-03-14T04:55:00,store,S005,C01914,P0008,cash,6718.06
T0002961,2025-03-29T10:48:00,store,S006,C01631,P0011,cash,4526.45
T0002963,2025-03-02T17:51:00,store,S006,C02059,P0024,card,4019.7200000000003
T0002964,2025-03-16T20:34:00,store,S005,C01961,P0012,card,190443.86000000002
T0002966,2025-03-02T03:11:00,store,S006,C00921,P0016,card,149155.72
T0002967,2025-03-09T23:58:00,store,S002,C00596,P0013,card,216436.90000000002
T0002969,2025-03-11T22:36:00,store,S005,C01509,P0008,card,30091.239999999998
T0002971,2025-03-05T03:03:00,store,S005,C02417,P0012,cash,18717.739999999998
T0002972,2025-03-02T19:02:00,store,S005,C02318,P0014,card,6064.75
T0002973,2025-03-12T00:53:00,store,S002,C02386,P0018,card,5598.94
T0002974,2025-03-01T10:20:00,store,S004,C00239,P0005,cash,15946.84
T0002975,2025-03-24T19:50:00,store,S005,C00603,P0014,card,18811.18
T0002978,2025-03-31T00:11:00,store,S005,C01076,P0014,card,33499.92
T0002981,2025-03-26T18:23:00,store,S004,C00423,P0005,card,32340.48
T0002982,2025-03-28T12:56:00,store,S005,C01468,P0025,cash,44078.840000000004
T0002983,2025-03-17T11:26:00,store,S004,C01369,P0026,cash,28837.72
T0002985,2025-03-08T19:37:00,store,S002,C00290,P0013,card,26123.64
T0002986,2025-03-07T15:54:00,store,S001,C00689,P0009,card,28105.34
T0002987,2025-03-09T02:02:00,store,S005,C00632,P0025,card,215681.13
T0002988,2025-03-17T16:44:00,store,S006,C00331,P0003,card,8902.33
T0002989,2025-03-31T14:48:00,store,S003,C00579,P0019,card,41600.47
T0002992,2025-03-12T02:55:00,store,S004,C00442,P0026,cash,24055.02
T0002993,2025-03-16T20:41:00,store,S005,C02221,P0014,cash,16017.810000000001
T0002994,2025-03-22T08:44:00,store,S005,C01995,P0025,cash,13602.67
T0002995,2025-03-19T21:48:00,store,S005,C01681,P0008,card,217521.44999999998
T0002996,2025-03-22T19:41:00,store,S005,C00797,P0025,cash,2896.89
T0002997,2025-03-19T15:52:00,store,S003,C01733,P0023,card,30885.59
T0002998,2025-03-16T10:33:00,store,S006,C01297,P0024,card,5878.54
T0002999,2025-03-13T17:18:00,store,S001,C01640,P0020,cash,246914.08000000002
T0003000,2025-03-07T00:48:00,store,S001,C00856,P0006,card,6664.54
T0003001,2025-03-26T19:37:00,store,S002,C01375,P0010,card,101605.25
T0003002,2025-03-07T01:00:00,store,S001,C00264,P0006,card,5838.0
T0003003,2025-03-31T03:46:00,store,S006,C00440,P0016,card,12117.779999999999
T0003004,2025-03-07T11:08:00,store,S004,C00124,P0005,cash,200853.66999999998
T0003007,2025-03-27T18:22:00,store,S004,C00460,P0026,card,12782.1
T0003008,2025-03-04T09:37:00,store,S006,C00917,P0011,cash,149259.19999999998
T0003009,2025-03-15T09:05:00,store,S002,C01600,P0007,card,63450.72
T0003011,2025-03-11T16:23:00,store,S001,C01296,P0006,cash,218962.43
T0003012,2025-03-12T06:11:00,store,S006,C00295,P0011,cash,14076.71
T0003013,2025-03-28T16:53:00,store,S003,C00738,P0019,card,453401.72000000003
T0003014,2025-03-14T03:49:00,store,S001,C00877,P0004,card,55575.3
T0003015,2025-03-11T00:29:00,store,S004,C00918,P0005,cash,25076.87
T0003016,2025-03-04T15:33:00,store,S004,C01639,P0005,card,1359.94
T0003017,2025-03-31T18:47:00,store,S003,C00448,P0017,cash,11753.109999999999
T0003018,2025-03-04T18:16:00,store,S004,C01342,P0005,card,16954.670000000002
T0003019,2025-03-27T03:52:00,store,S006,C00281,P0024,cash,30079.14
T0003020,2025-03-23T04:12:00,store,S002,C01257,P0007,cash,15915.490000000002
T0003022,2025-03-02T18:27:00,store,S001,C00549,P0009,cash,211870.44
T0003023,2025-03-03T19:44:00,store,S006,C00183,P0011,card,11863.02
T0003024,2025-03-03T20:39:00,store,S006,C01371,P0024,cash,4021.55
T0003025,2025-03-17T04:06:00,store,S006,C00159,P0016,cash,28672.620000000003
T0003026,2025-03-14T02:51:00,store,S004,C00085,P0026,card,80007.18
T0003027,2025-03-23T17:15:00,store,S006,C01013,P0016,cash,250325.84
T0003028,2025-03-06T01:30:00,store,S001,C01951,P0015,card,36933.64
T0003030,2025-03-01T09:54:00,store,S005,C00194,P0008,card,10835.89
T0003032,2025-03-31T00:03:00,store,S005,C00306,P0008,cash,6224.18
T0003033,2025-03-31T05:27:00,store,S003,C02227,P0022,cash,371019.92000000004
T0003034,2025-03-04T08:21:00,store,S006,C02177,P0011,cash,20834.46
T0003035,2025-03-06T02:00:00,store,S003,C00771,P0022,card,9154.939999999999
T0003036,2025-03-13T12:53:00,store,S006,C00682,P0024,cash,253702.68000000002
T0003038,2025-03-14T05:29:00,store,S002,C01260,P0013,card,6211.68
T0003039,2025-03-16T08:43:00,store,S001,C00406,P0021,card,21183.239999999998
T0003040,2025-03-01T02:36:00,store,S004,C02447,P0026,cash,6200.35
T0003044,2025-03-24T05:03:00,store,S003,C00843,P0017,cash,37738.189999999995
T0003045,2025-03-24T12:15:00,store,S001,C01138,P0009,card,224941.49000000002
T0003046,2025-03-28T02:33:00,store,S005,C00966,P0008,card,456735.0
T0003047,2025-03-14T17:48:00,store,S002,C01942,P0013,card,42034.53
T0003048,2025-03-29T18:50:00,store,S006,C00593,P0016,card,8497.86
T0003049,2025-03-20T19:31:00,store,S001,C02308,P0002,card,25638.93
T0003050,2025-03-04T14:30:00,store,S002,C00324,P0001,card,16872.510000000002
T0003051,2025-03-28T22:45:00,store,S001,C00994,P0006,card,21399.870000000003
T0003054,2025-03-24T09:00:00,store,S005,C00502,P0014,cash,9624.41
T0003056,2025-03-19T21:27:00,store,S005,C02381,P0014,card,29419.489999999998
T0003058,2025-03-17T02:42:00,store,S004,C01556,P0026,card,22291.97
T0003059,2025-03-01T16:27:00,store,S001,C02465,P0006,card,1702.66
T0003060,2025-03-07T04:48:00,store,S006,C00507,P0011,card,20328.3
T0003061,2025-03-27T09:05:00,store,S001,C00513,P0009,card,20430.440000000002
T0003062,2025-03-19T06:19:00,store,S004,C01411,P0026,card,20720.45
T0003064,2025-03-29T02:26:00,store,S001,C01041,P0021,cash,41091.979999999996
T0003065,2025-03-17T01:41:00,store,S005,C01890,P0025,cash,2985.22
T0003066,2025-03-19T11:18:00,store,S006,C00507,P0011,cash,13084.7
T0003067,2025-03-19T20:42:00,store,S006,C01718,P0016,card,21956.48
T0003069,2025-03-26T15:51:00,store,S005,C00696,P0014,card,8504.939999999999
T0003070,2025-03-12T10:39:00,store,S005,C01331,P0014,cash,42159.0
T0003071,2025-03-15T16:18:00,store,S004,C01663,P0005,card,18913.53
T0003072,2025-03-22T11:15:00,store,S006,C01440,P0016,card,56290.97
T0003075,2025-03-04T22:51:00,store,S006,C01040,P0011,cash,28607.11
T0003076,2025-03-29T03:28:00,store,S006,C00592,P0016,card,11504.73
T0003077,2025-03-17T05:55:00,store,S005,C01168,P0025,cash,63566.78
T0003078,2025-03-22T20:39:00,store,S004,C01453,P0026,cash,7285.04
T0003079,2025-03-13T16:36:00,store,S006,C00845,P0024,cash,101740.38
T0003080,2025-03-02T08:34:00,store,S004,C02249,P0026,card,20255.61
T0003081,2025-03-17T16:17:00,store,S004,C01903,P0005,cash,12378.769999999999
T0003083,2025-03-26T19:00:00,store,S005,C01066,P0008,card,20033.79
T0003085,2025-03-05T18:28:00,store,S004,C01761,P0026,cash,31204.67
T0003086,2025-03-03T12:15:00,store,S003,C00117,P0022,card,4721.9
T0003088,2025-03-18T22:18:00,store,S005,C01370,P0014,cash,11911.81
T0003089,2025-03-21T08:25:00,store,S005,C02215,P0014,cash,7703.83
T0003090,2025-03-17T10:22:00,store,S006,C00317,P0003,cash,19007.72
T0003091,2025-03-11T15:04:00,store,S006,C00767,P0003,card,277473.82
T0003092,2025-03-12T22:31:00,store,S003,C01224,P0022,card,8660.43
T0003093,2025-03-16T23:15:00,store,S005,C01294,P0025,cash,94024.13
T0003095,2025-03-26T22:12:00,store,S006,C01357,P0016,cash,52475.149999999994
T0003096,2025-03-29T01:23:00,store,S006,C01385,P0016,card,5747.41
T0003097,2025-03-20T12:44:00,store,S003,C00857,P0023,card,246817.97
T0003099,2025-03-07T03:22:00,store,S004,C00976,P0005,card,367016.86
T0003101,2025-03-11T22:33:00,store,S006,C01725,P0016,cash,228533.71
T0003102,2025-03-06T08:16:00,store,S003,C01196,P0023,cash,51118.13
T0003103,2025-03-15T15:09:00,store,S001,C02118,P0020,cash,6565.96
T0003104,2025-03-31T12:22:00,store,S004,C02114,P0005,card,12307.019999999999
T0003106,2025-03-06T17:48:00,store,S006,C00220,P0024,cash,27175.66
T0003107,2025-03-20T23:33:00,store,S001,C01554,P0004,cash,654707.22
T0003108,2025-03-15T08:00:00,store,S006,C00125,P0024,card,13127.73
T0003110,2025-03-20T06:48:00,store,S005,C02078,P0025,cash,25506.84
T0003111,2025-03-31T17:28:00,store,S005,C02462,P0025,cash,6804.360000000001
T0003112,2025-03-01T22:12:00,store,S006,C01023,P0011,cash,11201.880000000001
T0003114,2025-03-10T23:19:00,store,S006,C02202,P0016,card,16287.130000000001
T0003115,2025-03-20T01:10:00,store,S004,C01923,P0005,cash,30039.6
T0003116,2025-03-06T10:08:00,store,S001,C00817,P0004,card,215168.88
T0003117,2025-03-04T09:34:00,store,S001,C01781,P0009,card,21240.33
T0003119,2025-03-15T09:04:00,store,S002,C00815,P0018,card,1284.46
T0003121,2025-03-10T09:06:00,store,S001,C00602,P0006,card,12126.130000000001
T0003122,2025-03-22T05:06:00,store,S005,C01165,P0025,card,30878.64
T0003123,2025-03-22T20:45:00,store,S004,C02442,P0026,card,4865.95
T0003124,2025-03-14T11:21:00,store,S002,C02398,P0013,card,10297.34
T0003126,2025-03-21T12:14:00,store,S001,C00328,P0021,card,8515.970000000001
T0003127,2025-03-21T12:56:00,store,S004,C01420,P0026,cash,11335.26
T0003128,2025-03-05T17:17:00,store,S006,C01828,P0016,card,27856.38
T0003129,2025-03-02T13:17:00,store,S006,C01520,P0024,card,15427.689999999999
T0003130,2025-03-13T18:50:00,store,S004,C02071,P0005,cash,41946.78
T0003131,2025-03-06T02:21:00,store,S001,C01313,P0009,cash,26938.8
T0003132,2025-03-03T15:50:00,store,S003,C01353,P0019,card,2375.83
T0003133,2025-03-22T12:06:00,store,S001,C00417,P0015,cash,199621.11
T0003134,2025-03-19T14:35:00,store,S002,C00687,P0018,card,197344.15
T0003136,2025-03-19T01:19:00,store,S005,C02327,P0014,cash,17387.699999999997
T0003137,2025-03-26T23:23:00,store,S006,C02407,P0011,cash,11224.29
T0003140,2025-03-10T05:52:00,store,S004,C01043,P0005,card,99100.29000000001
T0003141,2025-03-08T05:10:00,store,S004,C02245,P0005,cash,22648.79
T0003143,2025-03-14T01:08:00,store,S004,C01204,P0005,card,4009.04
T0003144,2025-03-22T13:57:00,store,S001,C02495,P0009,card,4823.29
T0003146,2025-03-30T02:07:00,store,S005,C01208,P0012,cash,12949.18
T0003147,2025-03-14T07:48:00,store,S002,C02343,P0001,cash,5191.76
T0003149,2025-03-08T01:32:00,store,S005,C01536,P0012,cash,14735.76
T0003150,2025-03-30T23:00:00,store,S001,C01798,P0002,card,7193.13
T0003151,2025-03-17T04:11:00,store,S001,C00463,P0015,card,2729.55
T0003152,2025-03-05T21:13:00,store,S006,C02268,P0016,card,15321.4
T0003154,2025-03-30T17:30:00,store,S005,C01278,P0025,card,227889.9
T0003155,2025-03-04T20:22:00,store,S001,C00189,P0015,card,32117.149999999998
T0003157,2025-03-17T01:58:00,store,S005,C00317,P0014,cash,8535.13
T0003159,2025-03-28T00:20:00,store,S005,C01528,P0012,cash,26191.58
T0003160,2025-03-24T17:31:00,store,S003,C02272,P0022,card,13722.59
T0003161,2025-03-14T14:47:00,store,S001,C01012,P0004,cash,32108.26
T0003162,2025-03-11T20:07:00,store,S001,C00709,P0006,cash,203847.46
T0003164,2025-03-12T05:12:00,store,S005,C00087,P0008,cash,5027.88
T0003165,2025-03-28T15:10:00,store,S001,C02360,P0015,cash,35866.07
T0003166,2025-03-30T13:58:00,store,S001,C01050,P0015,cash,13806.189999999999
T0003167,2025-03-31T22:33:00,store,S004,C00321,P0005,card,12972.55
T0003169,2025-03-14T19:37:00,store,S006,C01372,P0003,cash,200495.96
T0003170,2025-03-15T18:06:00,store,S006,C00159,P0003,cash,29595.2
T0003172,2025-03-26T06:15:00,store,S002,C02226,P0013,cash,3196.88
T0003173,2025-03-27T17:10:00,store,S002,C00467,P0007,cash,4743.61
T0003177,2025-03-19T11:19:00,store,S001,C00541,P0002,card,308965.83
T0003181,2025-03-31T09:05:00,store,S004,C01162,P0026,card,117923.86000000002
T0003182,2025-03-24T00:31:00,store,S004,C00236,P0005,card,18857.96
T0003183,2025-03-13T12:49:00,store,S005,C01663,P0025,cash,260895.33
T0003184,2025-03-17T19:39:00,store,S006,C02282,P0016,card,237441.57
T0003185,2025-03-30T10:51:00,store,S001,C00801,P0015,cash,8692.94
T0003186,2025-03-08T14:11:00,store,S002,C00634,P0013,cash,15611.2
T0003188,2025-03-07T23:37:00,store,S001,C02446,P0006,cash,6629.05
T0003189,2025-03-20T21:59:00,store,S006,C02452,P0016,card,9990.369999999999
T0003190,2025-03-22T05:52:00,store,S005,C01867,P0014,cash,23084.14
T0003191,2025-03-13T09:39:00,store,S005,C02200,P0025,card,59821.03
T0003194,2025-03-07T15:30:00,store,S003,C01366,P0019,card,12464.46
T0003195,2025-03-02T23:34:00,store,S005,C00230,P0025,card,50749.42
T0003196,2025-03-20T02:48:00,store,S001,C00612,P0006,card,34062.23
T0003197,2025-03-03T21:47:00,store,S003,C00389,P0023,cash,41680.25
T0003198,2025-03-04T21:58:00,store,S006,C00021,P0024,cash,12857.14
T0003200,2025-03-20T20:01:00,store,S002,C00414,P0018,cash,31513.32
T0003202,2025-03-06T15:07:00,store,S001,C01143,P0002,card,17610.11
T0003203,2025-03-16T17:42:00,store,S005,C01476,P0012,card,3064.31
T0003204,2025-03-29T06:44:00,store,S005,C00950,P0012,cash,195016.94
T0003205,2025-03-31T08:29:00,store,S004,C01507,P0005,card,48495.64
T0003206,2025-03-02T06:02:00,store,S004,C01500,P0026,cash,25330.62
T0003207,2025-03-21T09:04:00,store,S002,C00501,P0001,cash,36879.52
T0003208,2025-03-18T22:33:00,store,S006,C02464,P0011,card,6628.81
T0003209,2025-03-05T17:37:00,store,S004,C00293,P0005,card,68178.36
T0003210,2025-03-13T05:42:00,store,S001,C00706,P0009,card,13245.5
T0003211,2025-03-26T08:23:00,store,S003,C02329,P0023,card,29949.309999999998
T0003213,2025-03-03T19:03:00,store,S006,C02496,P0024,cash,206011.09
T0003214,2025-03-20T04:26:00,store,S006,C00271,P0016,cash,16438.64
T0003215,2025-03-17T13:53:00,store,S002,C02294,P0010,card,6389.46
T0003216,2025-03-14T18:14:00,store,S006,C00801,P0024,card,408056.94000000006
T0003218,2025-03-24T18:34:00,store,S006,C00977,P0011,cash,21715.85
T0003219,2025-03-07T16:48:00,store,S001,C01537,P0021,card,42372.67
T0003220,2025-03-10T04:25:00,store,S001,C01131,P0002,card,23046.54
T0003222,2025-03-28T12:17:00,store,S002,C01659,P0013,cash,8799.04
T0003223,2025-03-06T21:47:00,store,S006,C00063,P0016,cash,225180.53999999998
T0003227,2025-03-31T08:06:00,store,S006,C00035,P0011,cash,18186.38
T0003230,2025-03-01T06:54:00,store,S003,C00831,P0019,card,20724.55
T0003232,2025-03-05T12:06:00,store,S004,C00291,P0005,card,41200.369999999995
T0003233,2025-03-16T09:50:00,store,S006,C00239,P0011,cash,11838.220000000001
T0003234,2025-03-21T05:06:00,store,S006,C00873,P0011,cash,5275.0
T0003235,2025-03-04T02:28:00,store,S001,C01042,P0006,cash,37782.630000000005
T0003236,2025-03-14T02:54:00,store,S005,C02490,P0012,card,10141.61
T0003239,2025-03-17T11:31:00,store,S001,C01052,P0002,cash,232054.62
T0003241,2025-03-21T20:06:00,store,S004,C01551,P0005,card,5484.0
T0003245,2025-03-06T13:13:00,store,S004,C00614,P0026,cash,9138.03
T0003246,2025-03-18T12:04:00,store,S003,C01269,P0023,cash,48292.82
T0003247,2025-03-18T20:12:00,store,S005,C00826,P0025,card,9267.2
T0003248,2025-03-15T15:00:00,store,S005,C00995,P0014,card,54833.590000000004
T0003249,2025-03-03T17:28:00,store,S002,C02245,P0010,card,12827.9
T0003251,2025-03-27T22:30:00,store,S005,C00391,P0012,cash,12089.27
T0003252,2025-03-19T08:58:00,store,S004,C00940,P0005,cash,9127.1
T0003253,2025-03-11T01:26:00,store,S005,C00936,P0025,card,360651.62
T0003255,2025-03-06T18:26:00,store,S006,C02241,P0011,card,33191.97
T0003256,2025-03-02T09:30:00,store,S004,C00130,P0026,cash,30388.920000000002
T0003257,2025-03-02T18:10:00,store,S002,C01277,P0013,card,5458.99
T0003258,2025-03-15T07:40:00,store,S004,C00724,P0005,card,25623.65
T0003259,2025-03-11T09:52:00,store,S003,C01536,P0017,cash,83413.28
T0003261,2025-03-11T22:58:00,store,S006,C01793,P0011,cash,5106.92
T0003262,2025-03-05T03:08:00,store,S001,C01136,P0002,cash,21159.61
T0003263,2025-03-23T06:56:00,store,S005,C02447,P0008,cash,202531.0
T0003264,2025-03-11T21:42:00,store,S005,C00946,P0012,card,52575.03
T0003265,2025-03-16T03:54:00,store,S001,C01203,P0004,card,2738.41
T0003266,2025-03-29T23:37:00,store,S006,C01101,P0016,card,13918.859999999999
T0003269,2025-03-02T06:25:00,store,S001,C02126,P0020,cash,27739.089999999997
T0003270,2025-03-24T12:32:00,store,S005,C00969,P0012,card,6739.11
T0003271,2025-03-24T03:38:00,store,S004,C02018,P0026,card,14845.869999999999
T0003273,2025-03-02T15:02:00,store,S002,C01754,P0007,card,5354.52
T0003275,2025-03-22T01:52:00,store,S006,C01559,P0003,cash,2733.88
T0003276,2025-03-15T21:10:00,store,S003,C01470,P0017,cash,14300.45
T0003278,2025-03-05T23:12:00,store,S005,C01624,P0025,card,40832.76
T0003279,2025-03-17T17:42:00,store,S001,C02051,P0015,cash,239949.74
T0003280,2025-03-19T15:00:00,store,S005,C01178,P0014,card,22592.06
T0003281,2025-03-23T14:52:00,store,S005,C01547,P0014,card,73900.55
T0003282,2025-03-31T03:00:00,store,S004,C00985,P0026,card,20528.05
T0003283,2025-03-26T00:36:00,store,S005,C00919,P0008,card,11730.14
T0003284,2025-03-04T11:25:00,store,S005,C00169,P0014,cash,106879.45000000001
T0003285,2025-03-29T05:41:00,store,S004,C02387,P0005,card,191588.17
T0003286,2025-03-15T05:56:00,store,S001,C00557,P0009,cash,21893.78
T0003287,2025-03-10T05:34:00,store,S006,C00292,P0003,card,14653.52
T0003288,2025-03-16T06:00:00,store,S005,C00721,P0014,cash,283465.82
T0003289,2025-03-25T04:17:00,store,S003,C01188,P0023,cash,13178.2
T0003290,2025-03-14T11:00:00,store,S006,C01673,P0024,card,56643.86
T0003291,2025-03-03T09:42:00,store,S001,C02318,P0021,card,16356.7
T0003294,2025-03-10T20:34:00,store,S005,C01495,P0025,cash,102076.35
T0003296,2025-03-27T13:40:00,store,S006,C02107,P0003,cash,42217.22
T0003297,2025-03-13T06:24:00,store,S005,C01831,P0012,card,49517.08
T0003298,2025-03-22T09:50:00,store,S001,C01799,P0020,cash,14128.52
T0003299,2025-03-14T11:56:00,store,S001,C00080,P0004,cash,32578.019999999997
T0003300,2025-03-24T21:17:00,store,S006,C00595,P0011,card,20314.36
T0003302,2025-03-08T09:07:00,store,S003,C01031,P0017,cash,29755.22
T0003304,2025-03-08T15:29:00,store,S003,C01535,P0023,card,380182.14
T0003306,2025-03-07T22:17:00,store,S006,C01937,P0016,card,5647.969999999999
T0003307,2025-03-05T14:23:00,store,S004,C00455,P0026,card,6731.21
T0003308,2025-03-26T04:48:00,store,S004,C02391,P0005,card,24907.809999999998
T0003309,2025-03-10T19:54:00,store,S005,C02079,P0008,cash,28708.829999999998
T0003310,2025-03-30T14:58:00,store,S001,C00476,P0002,card,28008.95
T0003313,2025-03-14T23:37:00,store,S001,C00021,P0021,cash,11673.85
T0003314,2025-03-23T01:15:00,store,S004,C02052,P0026,cash,10003.67
T0003315,2025-03-07T20:10:00,store,S002,C01244,P0018,cash,10909.54
T0003316,2025-03-13T11:15:00,store,S005,C02249,P0008,card,55435.990000000005
T0003317,2025-03-02T01:36:00,store,S003,C01305,P0023,cash,22568.36
T0003318,2025-03-13T05:14:00,store,S006,C00224,P0024,card,10765.53
T0003319,2025-03-08T02:50:00,store,S005,C02463,P0014,cash,113819.87000000001
T0003320,2025-03-27T19:13:00,store,S001,C02264,P0021,cash,31974.72
T0003321,2025-03-24T22:42:00,store,S002,C01080,P0010,cash,16136.4
T0003323,2025-03-04T14:47:00,store,S006,C00372,P0011,card,34818.07000000001
T0003324,2025-03-10T10:11:00,store,S004,C01801,P0005,cash,15607.13
T0003326,2025-03-21T06:59:00,store,S001,C01452,P0006,card,46124.850000000006
T0003327,2025-03-04T04:02:00,store,S002,C00520,P0018,cash,66562.02
T0003329,2025-03-20T18:37:00,store,S006,C01521,P0003,card,40514.55
T0003330,2025-03-13T19:14:00,store,S005,C00630,P0025,card,404044.83999999997
T0003333,2025-03-14T04:45:00,store,S002,C02051,P0001,cash,38723.770000000004
T0003334,2025-03-05T10:35:00,store,S001,C00052,P0015,cash,187061.26
T0003335,2025-03-27T04:52:00,store,S005,C01691,P0008,cash,6282.16
T0003337,2025-03-04T09:56:00,store,S006,C01646,P0016,cash,18206.28
T0003338,2025-03-11T19:13:00,store,S002,C00633,P0007,card,229702.1
T0003339,2025-03-31T04:56:00,store,S006,C00982,P0003,cash,286617.93
T0003340,2025-03-14T14:31:00,store,S005,C01918,P0014,cash,425819.49
T0003341,2025-03-17T06:48:00,store,S006,C01009,P0024,cash,29884.489999999998
T0003342,2025-03-20T04:24:00,store,S001,C01070,P0006,card,25572.98
T0003345,2025-03-16T04:28:00,store,S002,C00266,P0013,card,10176.55
T0003347,2025-03-30T20:22:00,store,S004,C00385,P0005,cash,221212.31
T0003348,2025-03-25T18:34:00,store,S004,C01961,P0005,card,56772.17
T0003350,2025-03-11T03:02:00,store,S001,C01357,P0015,cash,94150.62
T0003351,2025-03-29T12:04:00,store,S006,C01277,P0011,card,15199.55
T0003352,2025-03-25T06:05:00,store,S001,C01965,P0015,card,130860.45
T0003353,2025-03-10T11:06:00,store,S006,C00574,P0011,cash,9170.07
T0003354,2025-03-07T09:43:00,store,S005,C00028,P0008,card,11512.64
T0003356,2025-03-17T16:51:00,store,S002,C00316,P0001,cash,188629.28
T0003358,2025-03-13T10:23:00,store,S005,C01966,P0012,card,22284.78
T0003359,2025-03-02T07:46:00,store,S006,C00491,P0003,card,20160.83
T0003360,2025-03-22T19:08:00,store,S005,C02390,P0014,card,73380.9
T0003361,2025-03-30T04:00:00,store,S001,C00910,P0002,cash,12124.02
T0003363,2025-03-06T06:09:00,store,S004,C02360,P0005,cash,39643.21000000001
T0003365,2025-03-06T22:33:00,store,S003,C00654,P0019,card,59594.04
T0003366,2025-03-04T17:34:00,store,S001,C00456,P0021,card,35989.62
T0003367,2025-03-20T13:58:00,store,S001,C00159,P0006,card,23420.73
T0003368,2025-03-27T17:33:00,store,S003,C00477,P0019,cash,12813.689999999999
T0003370,2025-03-07T11:20:00,store,S002,C00051,P0007,cash,31865.62
T0003371,2025-03-02T17:09:00,store,S004,C00545,P0026,card,142783.18
T0003372,2025-03-11T11:51:00,store,S004,C02176,P0005,cash,2835.92
T0003373,2025-03-20T08:37:00,store,S003,C00620,P0017,cash,44562.16
T0003376,2025-03-17T07:08:00,store,S006,C01346,P0024,cash,67796.68
T0003378,2025-03-09T03:07:00,store,S002,C02470,P0001,cash,16485.809999999998
T0003379,2025-03-12T05:25:00,store,S005,C02358,P0012,card,44252.53999999999
T0003380,2025-03-13T09:17:00,store,S004,C01540,P0026,card,3803.76
T0003382,2025-03-21T21:07:00,store,S001,C00493,P0015,card,3373.56
T0003383,2025-03-29T21:33:00,store,S004,C00282,P0026,card,16127.900000000001
T0003384,2025-03-02T08:21:00,store,S006,C01474,P0016,cash,12776.05
T0003387,2025-03-27T12:07:00,store,S006,C01156,P0024,cash,98079.01
T0003388,2025-03-09T15:11:00,store,S006,C01873,P0003,cash,29600.08
T0003389,2025-03-17T15:05:00,store,S004,C01276,P0005,card,8766.66
T0003393,2025-03-15T20:19:00,store,S004,C02379,P0005,cash,3604.85
T0003394,2025-03-25T18:33:00,store,S003,C01300,P0017,card,23803.53
T0003396,2025-03-07T15:04:00,store,S004,C01522,P0026,card,26193.0
T0003397,2025-03-18T06:11:00,store,S001,C01702,P0020,card,6438.32
T0003398,2025-03-15T23:53:00,store,S001,C01240,P0006,cash,2365.65
T0003399,2025-03-02T19:13:00,store,S005,C00581,P0025,card,15405.960000000001
T0003400,2025-03-19T00:54:00,store,S006,C00991,P0024,cash,25555.07
T0003401,2025-03-11T05:03:00,store,S003,C02262,P0022,cash,11742.800000000001
T0003402,2025-03-16T02:48:00,store,S002,C01551,P0001,card,8555.38
T0003403,2025-03-15T07:41:00,store,S006,C01958,P0003,cash,102424.53
T0003404,2025-03-23T07:38:00,store,S002,C00859,P0001,card,100785.23
T0003405,2025-03-23T15:38:00,store,S004,C01941,P0026,card,20073.100000000002
T0003406,2025-03-06T18:46:00,store,S006,C01812,P0024,cash,1303.98
T0003407,2025-03-13T14:26:00,store,S005,C00877,P0012,card,9782.11
T0003408,2025-03-27T21:14:00,store,S004,C01329,P0026,card,42947.07
T0003409,2025-03-27T17:39:00,store,S003,C01261,P0019,cash,26781.11
T0003410,2025-03-13T06:08:00,store,S003,C00569,P0023,card,19172.81
T0003411,2025-03-19T07:09:00,store,S001,C00086,P0006,cash,483754.01
T0003412,2025-03-08T02:39:00,store,S005,C01501,P0008,card,14518.519999999999
T0003413,2025-03-30T11:28:00,store,S006,C01564,P0024,cash,5382.44
T0003414,2025-03-14T21:17:00,store,S005,C01737,P0008,card,8070.72
T0003415,2025-03-16T11:17:00,store,S004,C00584,P0005,card,55409.7
T0003417,2025-03-08T05:09:00,store,S001,C01798,P0006,card,11894.81
T0003419,2025-03-19T10:02:00,store,S001,C00075,P0006,card,30864.059999999998
T0003422,2025-03-31T16:08:00,store,S001,C00842,P0020,card,5479.32
T0003423,2025-03-18T18:49:00,store,S006,C02303,P0003,cash,247586.72
T0003424,2025-03-11T06:23:00,store,S005,C02469,P0008,cash,14658.44
T0003425,2025-03-04T10:38:00,store,S005,C00904,P0008,card,5779.8099999999995
T0003426,2025-03-02T04:57:00,store,S006,C00259,P0011,card,249725.4
T0003429,2025-03-17T05:17:00,store,S005,C00125,P0014,card,199412.12
T0003430,2025-03-28T11:40:00,store,S004,C00685,P0005,cash,9609.71
T0003432,2025-03-02T01:36:00,store,S006,C01580,P0024,card,264622.54
T0003434,2025-03-18T10:19:00,store,S003,C01151,P0023,card,243357.65
T0003435,2025-03-17T03:14:00,store,S005,C00771,P0014,card,14766.300000000001
T0003436,2025-03-20T22:11:00,store,S006,C01164,P0024,cash,47001.81
T0003438,2025-03-21T07:18:00,store,S003,C01181,P0023,cash,249978.09
T0003439,2025-03-12T05:52:00,store,S002,C00457,P0001,card,129827.25
T0003440,2025-03-20T11:37:00,store,S006,C02069,P0003,cash,3185.22
T0003442,2025-03-24T03:58:00,store,S004,C01218,P0026,cash,266088.42
T0003443,2025-03-01T08:46:00,store,S006,C01484,P0011,cash,7766.07
T0003444,2025-03-13T10:58:00,store,S002,C01388,P0001,card,3683.59
T0003446,2025-03-31T16:20:00,store,S006,C01723,P0011,cash,14399.79
T0003448,2025-03-06T04:45:00,store,S001,C00373,P0002,card,5773.07
T0003449,2025-03-02T23:36:00,store,S004,C00641,P0005,card,50854.01
T0003450,2025-03-10T21:32:00,store,S002,C01917,P0007,cash,9010.91
T0003451,2025-03-17T06:36:00,store,S006,C00459,P0016,cash,21582.12
T0003455,2025-03-23T12:50:00,store,S005,C02200,P0014,card,20130.85
T0003456,2025-03-19T20:06:00,store,S005,C00241,P0025,card,6678.56
T0003458,2025-03-01T07:27:00,store,S006,C00724,P0003,card,37956.61
T0003459,2025-03-19T22:53:00,store,S001,C00294,P0006,card,35625.05
T0003460,2025-03-09T06:04:00,store,S005,C00128,P0012,card,35882.939999999995
T0003461,2025-03-10T05:45:00,store,S005,C00253,P0012,cash,71418.85
T0003462,2025-03-28T22:09:00,store,S003,C01344,P0022,card,10538.560000000001
T0003464,2025-03-19T20:50:00,store,S005,C01611,P0025,cash,50572.88
T0003465,2025-03-20T16:30:00,store,S003,C00239,P0017,card,9216.42
T0003466,2025-03-27T13:24:00,store,S001,C01072,P0020,cash,2338.78
T0003468,2025-03-26T16:51:00,store,S002,C00810,P0007,card,23361.34
T0003469,2025-03-23T23:27:00,store,S003,C01352,P0019,card,121971.42000000001
T0003470,2025-03-18T15:47:00,store,S002,C01265,P0001,card,385130.81
T0003471,2025-03-09T06:38:00,store,S004,C00535,P0026,cash,238103.5
T0003474,2025-03-22T22:00:00,store,S001,C02081,P0002,cash,52943.47
T0003475,2025-03-22T22:57:00,store,S006,C00834,P0011,card,52759.869999999995
T0003476,2025-03-12T03:20:00,store,S004,C01580,P0026,cash,32915.47
T0003478,2025-03-07T13:02:00,store,S004,C00870,P0005,card,4379.46
T0003479,2025-03-06T01:16:00,store,S005,C01551,P0008,cash,293896.2
T0003480,2025-03-26T20:56:00,store,S006,C00789,P0024,cash,136108.08
T0003481,2025-03-16T16:00:00,store,S004,C00192,P0005,cash,366638.75
T0003482,2025-03-31T06:56:00,store,S002,C01443,P0007,card,10283.4
T0003483,2025-03-10T09:54:00,store,S006,C02241,P0024,card,1634.31
T0003485,2025-03-30T10:23:00,store,S005,C01264,P0008,card,227993.5
T0003486,2025-03-27T07:03:00,store,S001,C00700,P0006,cash,284055.0
T0003488,2025-03-09T15:13:00,store,S003,C01802,P0023,card,40048.95
T0003489,2025-03-11T11:28:00,store,S005,C01632,P0012,card,3378.94
T0003492,2025-03-01T19:46:00,store,S003,C01761,P0022,card,13401.029999999999
T0003493,2025-03-03T20:42:00,store,S004,C00847,P0026,card,1418.41
T0003495,2025-03-24T02:35:00,store,S005,C02318,P0012,card,4071.32
T0003496,2025-03-26T10:26:00,store,S006,C00527,P0016,cash,10934.6
T0003498,2025-03-06T22:57:00,store,S002,C00664,P0010,cash,6548.27
T0003499,2025-03-03T04:22:00,store,S004,C01550,P0005,card,103759.08000000002
T0003500,2025-03-06T12:28:00,store,S006,C01193,P0003,card,18343.74
T0003502,2025-03-11T18:55:00,store,S001,C01787,P0020,cash,3038.15
T0003503,2025-03-10T14:34:00,store,S002,C00430,P0013,cash,13058.72
T0003504,2025-03-07T22:11:00,store,S001,C01238,P0015,cash,22191.910000000003
T0003505,2025-03-29T18:07:00,store,S006,C01597,P0016,cash,22646.36
T0003506,2025-03-24T14:07:00,store,S006,C00545,P0003,cash,13888.710000000001
T0003509,2025-03-24T08:51:00,store,S003,C00914,P0017,cash,335297.76
T0003510,2025-03-10T06:47:00,store,S005,C00520,P0025,card,70482.03
T0003513,2025-03-14T20:43:00,store,S003,C02410,P0023,card,12696.6
T0003514,2025-03-13T01:48:00,store,S005,C02177,P0012,cash,7923.3
T0003515,2025-03-31T12:52:00,store,S001,C01731,P0015,card,264583.71
T0003516,2025-03-01T12:57:00,store,S002,C00393,P0013,cash,211239.19
T0003519,2025-03-26T04:25:00,store,S006,C00529,P0003,cash,19567.309999999998
T0003520,2025-03-11T20:21:00,store,S002,C01043,P0018,card,401224.8
T0003521,2025-03-21T05:09:00,store,S003,C00560,P0019,cash,7309.89
T0003522,2025-03-01T10:23:00,store,S001,C00152,P0021,card,5715.05
T0003523,2025-03-19T12:52:00,store,S004,C00087,P0005,cash,16204.02
T0003524,2025-03-14T17:13:00,store,S005,C02404,P0008,cash,24331.620000000003
T0003525,2025-03-26T05:49:00,store,S004,C00539,P0026,card,89820.45999999999
T0003527,2025-03-22T04:15:00,store,S002,C01840,P0018,card,116679.20999999999
T0003528,2025-03-11T16:00:00,store,S006,C01610,P0003,card,10786.43
T0003529,2025-03-16T08:29:00,store,S002,C02192,P0001,cash,17825.95
T0003530,2025-03-01T09:59:00,store,S002,C01607,P0007,cash,130566.85999999999
T0003533,2025-03-19T17:31:00,store,S002,C01701,P0010,card,370769.11
T0003534,2025-03-02T06:09:00,store,S003,C00316,P0017,cash,14915.029999999999
T0003535,2025-03-04T16:13:00,store,S005,C01611,P0025,card,25279.16
T0003536,2025-03-24T06:17:00,store,S005,C02457,P0014,cash,22363.9
T0003539,2025-03-04T12:43:00,store,S002,C00075,P0007,cash,17283.38
T0003540,2025-03-04T06:04:00,store,S005,C01403,P0014,card,51217.14
T0003541,2025-03-11T21:51:00,store,S005,C01822,P0008,card,194516.55
T0003542,2025-03-17T02:15:00,store,S005,C01154,P0012,cash,21852.16
T0003543,2025-03-26T04:41:00,store,S006,C01421,P0011,cash,12645.71
T0003544,2025-03-08T20:45:00,store,S002,C00727,P0007,card,18021.46
T0003545,2025-03-11T19:28:00,store,S003,C00262,P0017,card,262307.03
T0003546,2025-03-26T20:32:00,store,S006,C01981,P0003,card,1587.19
T0003547,2025-03-06T21:06:00,store,S005,C02391,P0025,cash,63144.07
T0003548,2025-03-25T14:46:00,store,S006,C01431,P0011,cash,30429.59
T0003549,2025-03-18T05:44:00,store,S004,C01590,P0005,cash,106731.34
T0003551,2025-03-08T22:57:00,store,S006,C01496,P0016,cash,4457.44
T0003552,2025-03-19T02:46:00,store,S001,C02415,P0009,cash,31807.129999999997
T0003553,2025-03-14T07:22:00,store,S006,C00202,P0003,cash,15591.869999999999
T0003555,2025-03-05T20:01:00,store,S003,C00489,P0022,cash,30732.690000000002
T0003556,2025-03-02T06:09:00,store,S002,C01617,P0018,cash,21416.83
T0003558,2025-03-21T01:12:00,store,S006,C00600,P0016,card,4673.59
T0003559,2025-03-30T19:31:00,store,S005,C01983,P0014,cash,44647.509999999995
T0003560,2025-03-02T11:10:00,store,S005,C00558,P0025,cash,32755.229999999996
T0003561,2025-03-24T07:44:00,store,S005,C00966,P0025,card,10519.650000000001
T0003563,2025-03-29T19:35:00,store,S003,C01732,P0022,card,204142.12
T0003564,2025-03-09T14:31:00,store,S001,C00744,P0002,card,53570.0
T0003566,2025-03-15T05:29:00,store,S005,C02203,P0008,card,6233.79
T0003567,2025-03-07T14:24:00,store,S005,C02110,P0025,card,3679.13
T0003568,2025-03-30T18:55:00,store,S001,C00936,P0006,cash,42725.99
T0003570,2025-03-09T16:58:00,store,S001,C02120,P0002,cash,13625.98
T0003571,2025-03-01T05:23:00,store,S001,C00236,P0021,card,1843.52
T0003572,2025-03-02T09:51:00,store,S006,C02125,P0011,card,12603.91
T0003574,2025-03-23T12:22:00,store,S003,C00619,P0023,card,37776.36
T0003575,2025-03-29T01:42:00,store,S004,C02213,P0005,cash,37552.270000000004
T0003576,2025-03-12T04:55:00,store,S006,C02420,P0003,cash,16254.95
T0003577,2025-03-26T17:30:00,store,S006,C02418,P0024,card,7110.6900000000005
T0003578,2025-03-10T02:42:00,store,S004,C01192,P0005,card,31650.02
T0003579,2025-03-22T16:59:00,store,S004,C01975,P0026,card,49449.58
T0003581,2025-03-09T17:39:00,store,S005,C02323,P0012,cash,239915.24
T0003583,2025-03-10T17:11:00,store,S002,C01817,P0010,cash,25503.19
T0003584,2025-03-13T03:55:00,store,S003,C00856,P0017,cash,229881.81
T0003586,2025-03-31T18:55:00,store,S001,C02189,P0004,card,26204.949999999997
T0003588,2025-03-03T13:47:00,store,S001,C01898,P0002,card,22290.64
T0003589,2025-03-10T15:33:00,store,S005,C00213,P0025,cash,3106.24
T0003590,2025-03-29T23:38:00,store,S006,C00782,P0016,card,10057.2
T0003591,2025-03-30T15:44:00,store,S004,C00641,P0026,cash,29277.87
T0003593,2025-03-01T14:07:00,store,S001,C02227,P0009,cash,39754.09
T0003594,2025-03-25T23:12:00,store,S001,C01259,P0020,card,7700.5
T0003596,2025-03-27T06:19:00,store,S004,C01711,P0026,card,61195.7
T0003598,2025-03-02T16:19:00,store,S005,C01927,P0014,card,28739.39
T0003600,2025-03-05T21:41:00,store,S001,C01948,P0009,cash,30804.43
T0003602,2025-03-21T07:38:00,store,S006,C00859,P0024,card,12782.71
T0003603,2025-03-07T23:00:00,store,S001,C01251,P0002,card,22931.12
T0003604,2025-03-29T18:15:00,store,S001,C00655,P0015,card,5620.87
T0003606,2025-03-15T02:11:00,store,S001,C01211,P0020,card,4899.23
T0003607,2025-03-21T00:03:00,store,S003,C01410,P0023,cash,4981.84
T0003609,2025-03-05T02:39:00,store,S001,C02161,P0006,card,238078.72999999998
T0003610,2025-03-12T20:25:00,store,S006,C00929,P0024,card,15820.86
T0003612,2025-03-05T20:33:00,store,S003,C02367,P0019,cash,27652.710000000003
T0003613,2025-03-25T04:44:00,store,S004,C00753,P0005,card,5271.12
T0003614,2025-03-06T11:06:00,store,S004,C01012,P0005,card,23352.98
T0003615,2025-03-11T15:03:00,store,S006,C02405,P0024,card,197432.4
T0003616,2025-03-15T05:31:00,store,S004,C00143,P0005,cash,28757.11
T0003617,2025-03-07T03:14:00,store,S003,C01152,P0023,cash,993.56
T0003618,2025-03-30T21:46:00,store,S001,C01517,P0009,card,34922.9
T0003619,2025-03-29T08:08:00,store,S004,C02082,P0005,card,8058.91
T0003620,2025-03-10T10:45:00,store,S006,C00440,P0016,card,8149.06
T0003621,2025-03-29T20:45:00,store,S005,C00219,P0008,cash,11285.44
T0003622,2025-03-04T07:17:00,store,S001,C00168,P0020,card,310092.37
T0003623,2025-03-18T12:30:00,store,S001,C00322,P0021,card,18093.33
T0003624,2025-03-25T06:25:00,store,S001,C01613,P0006,cash,8337.07
T0003625,2025-03-13T14:44:00,store,S002,C00963,P0013,cash,16571.27
T0003626,2025-03-04T06:21:00,store,S003,C01602,P0022,cash,16002.89
T0003627,2025-03-20T19:24:00,store,S005,C01991,P0008,cash,20994.8
T0003633,2025-03-24T07:13:00,store,S001,C01791,P0020,card,34362.2
T0003635,2025-03-22T12:35:00,store,S002,C00972,P0010,card,427264.06
T0003636,2025-03-20T18:04:00,store,S006,C00992,P0011,cash,14223.220000000001
T0003640,2025-03-10T19:37:00,store,S002,C01349,P0018,card,20990.84
T0003642,2025-03-06T22:47:00,store,S001,C00583,P0020,card,28362.25
T0003643,2025-03-11T21:54:00,store,S005,C01747,P0008,card,12593.2
T0003644,2025-03-24T18:37:00,store,S001,C00949,P0020,cash,42014.22
T0003646,2025-03-31T07:41:00,store,S003,C01865,P0019,cash,30043.56
T0003647,2025-03-09T07:24:00,store,S002,C01906,P0010,card,30897.03
T0003648,2025-03-11T05:36:00,store,S001,C01922,P0015,card,24599.54
T0003650,2025-03-16T21:33:00,store,S002,C00519,P0013,card,28818.440000000002
T0003651,2025-03-28T04:19:00,store,S004,C01769,P0005,card,27478.730000000003
T0003652,2025-03-20T06:06:00,store,S006,C01547,P0003,card,15576.1
T0003653,2025-03-19T21:20:00,store,S005,C00002,P0012,card,3527.29
T0003654,2025-03-28T15:28:00,store,S004,C01576,P0005,card,14989.85
T0003657,2025-03-29T00:56:00,store,S001,C00922,P0015,card,13232.0
T0003658,2025-03-18T01:37:00,store,S004,C00300,P0026,card,3230.63
T0003659,2025-03-27T06:42:00,store,S006,C02405,P0024,cash,220770.64
T0003660,2025-03-22T05:31:00,store,S001,C02427,P0009,card,20217.05
T0003661,2025-03-02T08:32:00,store,S005,C00928,P0014,card,19087.49
T0003662,2025-03-01T23:34:00,store,S006,C01726,P0011,cash,4468.47
T0003663,2025-03-26T16:02:00,store,S005,C01521,P0012,card,14164.61
T0003664,2025-03-16T17:13:00,store,S006,C00041,P0024,card,6595.63
T0003665,2025-03-22T15:48:00,store,S005,C00769,P0014,card,354090.29
T0003667,2025-03-02T03:37:00,store,S003,C00196,P0023,card,17938.15
T0003668,2025-03-19T02:26:00,store,S001,C01006,P0002,cash,25221.48
T0003669,2025-03-09T20:52:00,store,S004,C01699,P0026,card,26396.440000000002
T0003670,2025-03-18T23:21:00,store,S002,C02079,P0013,card,207012.05
T0003672,2025-03-28T08:24:00,store,S003,C01704,P0022,card,408324.24
T0003674,2025-03-13T18:37:00,store,S003,C00013,P0019,cash,17113.989999999998
T0003678,2025-03-20T11:04:00,store,S004,C01483,P0026,card,1588.72
T0003679,2025-03-11T02:49:00,store,S006,C01004,P0024,cash,22186.309999999998
T0003680,2025-03-19T15:59:00,store,S001,C01075,P0002,cash,22949.510000000002
T0003681,2025-03-10T12:41:00,store,S004,C02109,P0026,cash,3671.59
T0003682,2025-03-12T06:50:00,store,S005,C00040,P0012,card,2294.77
T0003683,2025-03-12T13:24:00,store,S002,C00039,P0013,cash,19274.760000000002
T0003685,2025-03-31T01:14:00,store,S002,C00960,P0001,cash,28309.18
T0003686,2025-03-03T08:50:00,store,S004,C00360,P0005,cash,46909.729999999996
T0003687,2025-03-29T10:14:00,store,S001,C01049,P0006,cash,7647.85
T0003689,2025-03-03T09:18:00,store,S005,C01493,P0008,cash,2155.68
T0003690,2025-03-11T08:39:00,store,S004,C01463,P0005,card,255830.52
T0003692,2025-03-14T22:59:00,store,S002,C01225,P0001,cash,20874.22
T0003693,2025-03-22T04:04:00,store,S004,C02004,P0026,cash,11538.13
T0003694,2025-03-26T23:48:00,store,S006,C02346,P0003,cash,11632.05
T0003695,2025-03-19T00:42:00,store,S005,C01113,P0025,card,45039.33
T0003698,2025-03-15T17:09:00,store,S004,C00455,P0005,cash,15079.05
T0003699,2025-03-18T03:11:00,store,S002,C01504,P0001,cash,12244.99
T0003701,2025-03-09T02:11:00,store,S004,C00391,P0005,card,56197.26
T0003703,2025-03-14T02:20:00,store,S001,C00511,P0009,cash,464788.11
T0003704,2025-03-10T00:36:00,store,S001,C01373,P0015,card,45553.86
T0003705,2025-03-07T00:03:00,store,S001,C00601,P0009,cash,2911.33
T0003706,2025-03-29T16:34:00,store,S006,C02090,P0003,card,228835.94
T0003707,2025-03-28T17:57:00,store,S003,C01077,P0017,card,229870.09
T0003708,2025-03-04T13:51:00,store,S002,C00359,P0001,card,3765.4300000000003
T0003709,2025-03-28T05:30:00,store,S003,C00554,P0019,card,50029.56
T0003711,2025-03-19T15:45:00,store,S003,C01981,P0023,cash,240954.85
T0003716,2025-03-23T21:55:00,store,S005,C00598,P0012,card,276967.57
T0003718,2025-03-01T10:12:00,store,S004,C01092,P0026,card,7413.71
T0003721,2025-03-01T17:16:00,store,S001,C00429,P0020,card,31288.64
T0003722,2025-03-29T14:40:00,store,S004,C02449,P0005,card,29566.0
T0003723,2025-03-08T21:06:00,store,S002,C00101,P0007,card,14065.05
T0003724,2025-03-03T19:43:00,store,S002,C02063,P0010,card,26667.239999999998
T0003725,2025-03-16T22:39:00,store,S003,C02165,P0022,card,17123.36
T0003729,2025-03-27T02:23:00,store,S003,C02190,P0019,cash,2319.91
T0003730,2025-03-28T22:32:00,store,S002,C01521,P0007,card,3138.16
T0003732,2025-03-18T04:26:00,store,S002,C02096,P0001,card,9205.23
T0003733,2025-03-31T02:16:00,store,S003,C00940,P0023,card,6308.11
T0003734,2025-03-23T03:02:00,store,S001,C00200,P0015,card,20762.87
T0003735,2025-03-04T12:54:00,store,S003,C02270,P0022,cash,1900.8
T0003738,2025-03-20T22:01:00,store,S006,C02183,P0011,card,141297.24
T0003740,2025-03-25T08:15:00,store,S006,C02086,P0011,card,16078.08
T0003743,2025-03-13T06:08:00,store,S004,C00883,P0026,cash,194405.94
T0003744,2025-03-11T14:32:00,store,S006,C01727,P0003,card,45258.229999999996
T0003746,2025-03-02T22:43:00,store,S006,C00786,P0016,card,30283.010000000002
T0003747,2025-03-24T18:13:00,store,S005,C01613,P0012,card,291324.77
T0003750,2025-03-03T23:31:00,store,S001,C01422,P0006,card,42137.340000000004
T0003752,2025-03-02T21:43:00,store,S004,C00880,P0026,card,17982.49
T0003753,2025-03-01T23:10:00,store,S005,C01160,P0008,card,5398.65
T0003754,2025-03-20T22:09:00,store,S002,C00242,P0018,card,219563.9
T0003756,2025-03-08T15:50:00,store,S003,C01947,P0019,cash,117295.12999999999
T0003758,2025-03-06T02:51:00,store,S002,C01445,P0018,cash,3996.79
T0003759,2025-03-08T06:25:00,store,S001,C01296,P0006,cash,2799.99
T0003760,2025-03-18T15:50:00,store,S005,C00361,P0014,cash,1292.23
T0003762,2025-03-19T02:39:00,store,S004,C02246,P0026,cash,963.52
T0003766,2025-03-22T20:55:00,store,S005,C00445,P0012,card,1647.84
T0003768,2025-03-03T16:50:00,store,S001,C02232,P0021,card,129459.25
T0003769,2025-03-27T20:11:00,store,S005,C00127,P0014,card,1691.72
T0003771,2025-03-07T06:10:00,store,S006,C00751,P0024,card,4696.0
T0003772,2025-03-19T23:02:00,store,S004,C02171,P0005,card,9323.21
T0003773,2025-03-26T18:13:00,store,S004,C02351,P0005,card,23246.88
T0003774,2025-03-22T21:39:00,store,S002,C01449,P0007,card,38764.61
T0003775,2025-03-10T12:19:00,store,S003,C00734,P0019,card,400328.6
T0003777,2025-03-06T10:30:00,store,S004,C01518,P0005,card,14641.060000000001
T0003778,2025-03-20T06:20:00,store,S005,C01654,P0025,cash,28308.18
T0003780,2025-03-20T17:56:00,store,S006,C00069,P0016,card,5632.45
T0003781,2025-03-28T22:03:00,store,S004,C00176,P0026,cash,25769.81
T0003782,2025-03-22T05:30:00,store,S005,C00862,P0008,card,40901.590000000004
T0003783,2025-03-06T03:09:00,store,S006,C01113,P0016,cash,12669.960000000001
T0003784,2025-03-16T13:06:00,store,S004,C01658,P0005,cash,10677.130000000001
T0003785,2025-03-16T15:58:00,store,S006,C01611,P0024,cash,92446.79999999999
T0003786,2025-03-13T16:18:00,store,S004,C00790,P0005,card,14992.029999999999
T0003787,2025-03-17T02:52:00,store,S002,C00622,P0007,card,40395.37
T0003788,2025-03-11T15:51:00,store,S005,C02334,P0012,card,49403.86
T0003790,2025-03-17T04:43:00,store,S002,C00229,P0013,card,20659.480000000003
T0003791,2025-03-02T06:11:00,store,S004,C00683,P0005,cash,36756.7
T0003792,2025-03-20T15:08:00,store,S005,C00650,P0012,card,14481.68
T0003793,2025-03-13T19:09:00,store,S004,C00708,P0005,card,34678.63
T0003794,2025-03-20T02:13:00,store,S001,C00908,P0004,card,43317.27
T0003795,2025-03-07T13:07:00,store,S006,C02020,P0016,card,26777.56
T0003796,2025-03-08T11:55:00,store,S003,C00010,P0023,cash,7464.459999999999
T0003799,2025-04-09T09:50:00,online,,C01728,,wallet,31790.1
T0003800,2025-04-23T12:16:00,online,,C01691,,cod,12161.7
T0003801,2025-04-05T05:26:00,online,,C00580,,wallet,374228.81
T0003802,2025-04-17T10:37:00,online,,C00470,,wallet,50578.2
T0003804,2025-04-15T21:55:00,online,,C02410,,wallet,2027.08
T0003805,2025-04-06T00:25:00,online,,C00707,,cod,7210.08
T0003806,2025-04-17T07:39:00,online,,C00095,,card,244466.41999999998
T0003807,2025-04-08T18:51:00,online,,C02423,,card,8443.24
T0003810,2025-04-30T06:32:00,online,,C00307,,wallet,10592.58
T0003812,2025-04-06T20:46:00,online,,C02451,,cod,34627.7
T0003814,2025-04-15T06:02:00,online,,C02211,,cod,9616.08
T0003816,2025-04-10T18:39:00,online,,C00379,,card,40997.18
T0003817,2025-04-22T15:06:00,online,,C01076,,card,7715.59
T0003818,2025-04-16T15:25:00,online,,C00008,,cod,23227.61
T0003820,2025-04-20T12:34:00,online,,C01725,,card,274974.04
T0003821,2025-04-16T00:27:00,online,,C00579,,cod,4971.93
T0003822,2025-04-21T03:26:00,online,,C00095,,cod,38639.45
T0003823,2025-04-20T13:34:00,online,,C02202,,card,21890.72
T0003824,2025-04-27T11:15:00,online,,C01732,,wallet,31541.410000000003
T0003825,2025-04-16T17:19:00,online,,C00317,,wallet,208949.0
T0003827,2025-04-11T01:59:00,online,,C00548,,wallet,37224.61
T0003828,2025-04-28T15:33:00,online,,C01716,,cod,5341.4
T0003830,2025-04-14T19:10:00,online,,C01663,,card,45802.14
T0003833,2025-04-23T17:27:00,online,,C01228,,cod,5679.85
T0003834,2025-04-06T12:22:00,online,,C01509,,card,107190.67
T0003835,2025-04-03T21:55:00,online,,C02387,,cod,204693.91
T0003837,2025-04-12T11:58:00,online,,C00042,,card,8375.85
T0003838,2025-04-20T15:24:00,online,,C00557,,card,11638.6
T0003839,2025-04-27T01:05:00,online,,C00106,,card,2928.17
T0003843,2025-04-02T21:09:00,online,,C00921,,cod,24923.78
T0003845,2025-04-21T06:01:00,online,,C00342,,cod,121503.96999999999
T0003847,2025-04-15T22:16:00,online,,C01583,,card,9870.08
T0003848,2025-04-21T00:50:00,online,,C02066,,wallet,57786.43
T0003849,2025-04-18T02:24:00,online,,C02317,,cod,21318.59
T0003850,2025-04-28T11:02:00,online,,C00288,,cod,194131.48
T0003852,2025-04-24T12:49:00,online,,C02040,,wallet,4526.84
T0003853,2025-04-26T13:15:00,online,,C00264,,wallet,9994.619999999999
T0003854,2025-04-05T12:10:00,online,,C00839,,wallet,9473.880000000001
T0003856,2025-04-02T23:45:00,online,,C01503,,cod,310165.64
T0003857,2025-04-28T22:22:00,online,,C01145,,wallet,85834.22
T0003858,2025-04-05T20:22:00,online,,C00841,,card,110802.9
T0003859,2025-04-14T11:44:00,online,,C00385,,wallet,27623.58
T0003860,2025-04-11T00:51:00,online,,C02438,,cod,345614.25
T0003861,2025-04-19T19:46:00,online,,C01220,,wallet,388662.8
T0003862,2025-04-17T10:35:00,online,,C01119,,card,34603.56
T0003863,2025-04-17T13:15:00,online,,C00393,,cod,5584.46
T0003866,2025-04-23T02:38:00,online,,C00536,,card,2788.35
T0003870,2025-04-29T18:45:00,online,,C01791,,wallet,10566.46
T0003871,2025-04-12T16:45:00,online,,C01154,,card,21624.22
T0003872,2025-04-03T23:08:00,online,,C00892,,cod,9657.6
T0003873,2025-04-08T17:48:00,online,,C02175,,cod,10420.28
T0003874,2025-04-26T06:26:00,online,,C02304,,card,29615.929999999997
T0003876,2025-04-08T18:41:00,online,,C00675,,card,16421.97
T0003878,2025-04-29T22:33:00,online,,C01443,,wallet,335662.04000000004
T0003879,2025-04-03T08:09:00,online,,C01006,,wallet,12422.060000000001
T0003880,2025-04-21T11:12:00,online,,C00283,,card,224567.16
T0003881,2025-04-14T20:31:00,online,,C01907,,card,71808.56999999999
T0003882,2025-04-03T14:36:00,online,,C01792,,wallet,18944.73
T0003883,2025-04-22T12:07:00,online,,C01158,,card,3836.68
T0003884,2025-04-22T03:13:00,online,,C01648,,cod,11567.34
T0003885,2025-04-27T01:59:00,online,,C01539,,cod,52410.74
T0003886,2025-04-11T15:25:00,online,,C02142,,wallet,11291.6
T0003887,2025-04-17T16:03:00,online,,C01286,,wallet,251472.27
T0003888,2025-04-13T17:03:00,online,,C01511,,card,147308.93
T0003889,2025-04-27T13:37:00,online,,C00569,,wallet,36914.81
T0003890,2025-04-22T21:48:00,online,,C00259,,wallet,109217.77
T0003892,2025-04-18T20:15:00,online,,C00716,,cod,72945.01
T0003893,2025-04-15T10:53:00,online,,C01398,,wallet,6024.25
T0003895,2025-04-20T03:39:00,online,,C01392,,cod,292352.04
T0003896,2025-04-08T20:29:00,online,,C00727,,cod,10173.64
T0003897,2025-04-16T23:17:00,online,,C01643,,wallet,15003.869999999999
T0003899,2025-04-10T14:01:00,online,,C01628,,wallet,5742.02
T0003900,2025-04-05T07:29:00,online,,C01213,,card,41851.62
T0003902,2025-04-02T18:40:00,online,,C00633,,card,13167.84
T0003903,2025-04-11T17:32:00,online,,C01235,,cod,72398.90000000001
T0003904,2025-04-01T03:54:00,online,,C01056,,wallet,120576.15
T0003905,2025-04-12T19:37:00,online,,C00798,,cod,75297.61
T0003906,2025-04-25T17:35:00,online,,C02147,,wallet,225086.97
T0003908,2025-04-27T05:59:00,online,,C00722,,wallet,6721.9400000000005
T0003909,2025-04-29T11:45:00,online,,C02394,,card,13625.0
T0003910,2025-04-29T06:01:00,online,,C00584,,cod,16483.98
T0003911,2025-04-06T13:08:00,online,,C00609,,wallet,15399.25
T0003913,2025-04-11T13:14:00,online,,C01017,,cod,211842.59
T0003915,2025-04-26T14:31:00,online,,C02146,,card,18042.55
T0003916,2025-04-26T11:12:00,online,,C01789,,cod,20960.85
T0003917,2025-04-23T09:07:00,online,,C01587,,cod,33874.74
T0003918,2025-04-15T20:13:00,online,,C00563,,wallet,10502.44
T0003919,2025-04-15T17:43:00,online,,C02001,,card,3506.94
T0003920,2025-04-04T01:34:00,online,,C00857,,cod,9365.07
T0003922,2025-04-08T09:46:00,online,,C01441,,cod,5333.97
T0003923,2025-04-20T20:42:00,online,,C02308,,card,49474.509999999995
T0003925,2025-04-17T11:39:00,online,,C01954,,cod,252072.46999999997
T0003928,2025-04-22T17:37:00,online,,C02241,,wallet,14926.029999999999
T0003929,2025-04-07T11:22:00,online,,C02261,,card,42488.63
T0003930,2025-04-14T08:22:00,online,,C00134,,card,45969.9
T0003932,2025-04-09T12:14:00,online,,C01256,,wallet,47126.0
T0003933,2025-04-29T03:44:00,online,,C01697,,cod,265206.85
T0003934,2025-04-18T08:22:00,online,,C01141,,cod,40494.51
T0003935,2025-04-17T04:54:00,online,,C01439,,cod,57992.49
T0003937,2025-04-18T20:55:00,online,,C01925,,wallet,11761.06
T0003938,2025-04-07T21:05:00,online,,C01092,,wallet,9985.76
T0003939,2025-04-27T18:39:00,online,,C01933,,cod,2380.41
T0003940,2025-04-03T21:36:00,online,,C01113,,card,264521.95
T0003941,2025-04-21T07:58:00,online,,C01965,,card,1458.56
T0003942,2025-04-09T11:23:00,online,,C00055,,wallet,24695.51
T0003943,2025-04-04T03:01:00,online,,C01371,,wallet,1866.71
T0003945,2025-04-25T21:50:00,online,,C00271,,wallet,4805.66
T0003946,2025-04-29T01:48:00,online,,C01381,,card,21234.22
T0003947,2025-04-07T04:35:00,online,,C01217,,wallet,15611.57
T0003948,2025-04-03T12:14:00,online,,C02001,,card,12345.85
T0003949,2025-04-14T06:56:00,online,,C02246,,card,201222.37
T0003950,2025-04-11T15:36:00,online,,C01862,,card,24171.219999999998
T0003951,2025-04-21T23:57:00,online,,C01414,,card,234795.69999999998
T0003952,2025-04-26T22:52:00,online,,C00125,,card,31727.260000000002
T0003953,2025-04-27T14:39:00,online,,C00051,,wallet,65089.149999999994
T0003955,2025-04-16T20:05:00,online,,C01568,,wallet,151637.34
T0003956,2025-04-23T08:45:00,online,,C01373,,card,396535.99
T0003957,2025-04-10T18:52:00,online,,C00414,,cod,20246.71
T0003958,2025-04-03T10:03:00,online,,C01003,,card,2973.51
T0003959,2025-04-26T14:23:00,online,,C01231,,cod,42230.11
T0003961,2025-04-23T06:40:00,online,,C00622,,wallet,37294.68
T0003962,2025-04-03T02:27:00,online,,C01530,,cod,47089.5
T0003963,2025-04-16T08:14:00,online,,C01011,,wallet,1834.36
T0003964,2025-04-11T10:58:00,online,,C01272,,wallet,18405.01
T0003965,2025-04-19T19:53:00,online,,C00375,,wallet,282869.17000000004
T0003967,2025-04-26T22:55:00,online,,C01543,,wallet,277556.48
T0003969,2025-04-09T23:44:00,online,,C01282,,cod,8148.73
T0003970,2025-04-24T19:23:00,online,,C00598,,card,15491.53
T0003972,2025-04-26T03:11:00,online,,C01494,,cod,235209.19
T0003974,2025-04-12T09:07:00,online,,C01559,,card,1741.82
T0003976,2025-04-30T11:51:00,online,,C01068,,wallet,14848.98
T0003978,2025-04-04T11:55:00,online,,C01788,,wallet,119425.72
T0003979,2025-04-29T18:07:00,online,,C01811,,card,280559.48
T0003980,2025-04-06T21:22:00,online,,C01352,,cod,88468.94
T0003981,2025-04-26T05:55:00,online,,C00593,,wallet,451203.36
T0003982,2025-04-07T19:23:00,online,,C01223,,cod,7912.74
T0003983,2025-04-19T10:34:00,online,,C00659,,cod,7831.59
T0003985,2025-04-08T18:20:00,online,,C00187,,wallet,124681.68000000001
T0003986,2025-04-06T06:10:00,online,,C02413,,cod,21982.15
T0003987,2025-04-21T22:32:00,online,,C00842,,wallet,205242.23
T0003989,2025-04-02T18:54:00,online,,C01835,,cod,46219.64
T0003990,2025-04-26T20:13:00,online,,C00113,,cod,7116.389999999999
T0003991,2025-04-12T10:08:00,online,,C02043,,card,37203.37
T0003992,2025-04-09T10:50:00,online,,C01813,,card,53695.28
T0003993,2025-04-10T02:10:00,online,,C01732,,cod,25156.02
T0003995,2025-04-08T15:18:00,online,,C01947,,cod,9162.49
T0003996,2025-04-17T04:33:00,online,,C01954,,cod,221074.29
T0003997,2025-04-10T04:48:00,online,,C02463,,card,6866.66
T0003998,2025-04-24T11:20:00,online,,C00026,,card,53456.119999999995
T0004000,2025-04-02T02:31:00,online,,C00221,,wallet,1765.55
T0004002,2025-04-18T13:58:00,online,,C02402,,cod,17805.54
T0004003,2025-04-04T18:24:00,online,,C02338,,cod,9704.98
T0004004,2025-04-16T06:08:00,online,,C00920,,cod,4062.17
T0004005,2025-04-21T20:39:00,online,,C00800,,card,429319.62
T0004007,2025-04-25T18:13:00,online,,C01388,,cod,25704.83
T0004008,2025-04-07T14:51:00,online,,C00451,,wallet,257658.41999999998
T0004011,2025-04-11T10:38:00,online,,C02466,,card,308798.27
T0004012,2025-04-30T20:20:00,online,,C01383,,wallet,4102.28
T0004013,2025-04-08T19:20:00,online,,C00998,,cod,59870.86
T0004014,2025-04-02T20:31:00,online,,C02318,,card,29798.33
T0004016,2025-04-03T00:40:00,online,,C01945,,cod,6160.41
T0004017,2025-04-08T00:46:00,online,,C01356,,wallet,17219.829999999998
T0004018,2025-04-11T02:56:00,online,,C00771,,wallet,230632.6
T0004020,2025-04-05T07:19:00,online,,C02359,,cod,19255.85
T0004023,2025-04-21T04:30:00,online,,C01983,,wallet,18147.969999999998
T0004024,2025-04-26T04:45:00,online,,C02400,,cod,17685.17
T0004025,2025-04-10T01:26:00,online,,C02126,,card,184451.53
T0004027,2025-04-28T09:40:00,online,,C02099,,wallet,319979.98
T0004028,2025-04-12T01:59:00,online,,C01856,,card,35934.07
T0004029,2025-04-20T05:43:00,online,,C01156,,card,46863.630000000005
T0004030,2025-04-04T17:53:00,online,,C00572,,cod,8236.91
T0004031,2025-04-26T19:40:00,online,,C01497,,cod,32888.22
T0004032,2025-04-25T20:37:00,online,,C00965,,cod,15762.04
T0004033,2025-04-01T19:31:00,online,,C02322,,cod,201362.90999999997
T0004035,2025-04-12T00:37:00,online,,C02372,,cod,100900.36
T0004036,2025-04-10T20:32:00,online,,C00072,,wallet,94560.37
T0004039,2025-04-21T17:23:00,online,,C00152,,wallet,57133.380000000005
T0004040,2025-04-11T12:17:00,online,,C00980,,wallet,5616.75
T0004041,2025-04-21T12:12:00,online,,C00429,,cod,25903.379999999997
T0004042,2025-04-26T07:44:00,online,,C02307,,card,1239.41
T0004043,2025-04-16T05:00:00,online,,C00678,,wallet,59987.909999999996
T0004044,2025-04-10T22:28:00,online,,C00673,,wallet,93388.0
T0004045,2025-04-16T06:20:00,online,,C01666,,wallet,106314.07999999999
T0004046,2025-04-01T04:46:00,online,,C00439,,cod,70153.22
T0004047,2025-04-22T16:36:00,online,,C01927,,card,66122.95
T0004048,2025-04-29T04:19:00,online,,C02196,,wallet,18786.59
T0004049,2025-04-23T11:05:00,online,,C02489,,card,17346.559999999998
T0004050,2025-04-22T10:06:00,online,,C00183,,card,34942.700000000004
T0004051,2025-04-30T08:01:00,online,,C00748,,cod,11790.93
T0004052,2025-04-23T11:30:00,online,,C01504,,card,9931.67
T0004053,2025-04-18T13:34:00,online,,C01596,,cod,39403.29
T0004054,2025-04-04T23:35:00,online,,C01145,,card,8319.65
T0004055,2025-04-14T16:08:00,online,,C00024,,card,34373.06
T0004056,2025-04-02T03:44:00,online,,C02271,,cod,16982.33
T0004057,2025-04-04T04:26:00,online,,C00470,,cod,26361.510000000002
T0004058,2025-04-28T19:22:00,online,,C00055,,wallet,27679.0
T0004059,2025-04-15T21:19:00,online,,C00181,,wallet,34341.33
T0004060,2025-04-21T06:48:00,online,,C02059,,cod,131250.65
T0004061,2025-04-03T03:38:00,online,,C01699,,wallet,3178.52
T0004063,2025-04-01T08:59:00,online,,C00021,,card,42461.4
T0004065,2025-04-25T00:52:00,online,,C00504,,card,307969.95999999996
T0004066,2025-04-27T04:27:00,online,,C00207,,wallet,6710.98
T0004067,2025-04-17T02:22:00,online,,C00498,,card,10548.22
T0004068,2025-04-30T10:36:00,online,,C01013,,cod,2376.67
T0004069,2025-04-21T23:41:00,online,,C00215,,wallet,44041.06
T0004070,2025-04-29T23:17:00,online,,C01107,,cod,79262.36
T0004072,2025-04-11T08:49:00,online,,C00168,,card,20170.6
T0004074,2025-04-14T05:33:00,online,,C00620,,wallet,5679.85
T0004075,2025-04-10T18:53:00,online,,C01201,,wallet,44580.92
T0004076,2025-04-08T20:39:00,online,,C00808,,card,28943.86
T0004077,2025-04-04T06:08:00,online,,C00022,,cod,231069.31
T0004078,2025-04-12T02:13:00,online,,C01580,,wallet,135557.79
T0004079,2025-04-23T08:06:00,online,,C01900,,cod,24452.8
T0004081,2025-04-22T18:36:00,online,,C00243,,cod,15841.119999999999
T0004082,2025-04-27T17:06:00,online,,C00853,,wallet,218244.52
T0004084,2025-04-30T15:54:00,online,,C01262,,cod,1572.81
T0004085,2025-04-09T13:48:00,online,,C01375,,cod,11784.800000000001
T0004086,2025-04-16T16:25:00,online,,C00115,,cod,1728.79
T0004087,2025-04-08T07:47:00,online,,C01791,,cod,25252.52
T0004088,2025-04-02T03:59:00,online,,C00597,,card,7494.9800000000005
T0004090,2025-04-09T13:13:00,online,,C00294,,wallet,51461.61
T0004092,2025-04-21T19:12:00,online,,C01650,,wallet,4435.78
T0004093,2025-04-23T21:19:00,online,,C00217,,wallet,9200.68
T0004094,2025-04-17T12:38:00,online,,C00909,,wallet,12443.11
T0004095,2025-04-18T02:05:00,online,,C01457,,card,227725.7
T0004096,2025-04-30T14:36:00,online,,C01780,,wallet,18728.47
T0004097,2025-04-28T17:52:00,online,,C00690,,cod,10182.07
T0004098,2025-04-10T18:12:00,online,,C02082,,wallet,5801.860000000001
T0004099,2025-04-28T02:52:00,online,,C00515,,cod,178302.71000000002
T0004100,2025-04-08T02:53:00,online,,C00371,,card,11017.71
T0004101,2025-04-03T22:17:00,online,,C02377,,wallet,8213.349999999999
T0004102,2025-04-17T12:46:00,online,,C01453,,cod,280188.86
T0004103,2025-04-30T22:15:00,online,,C01455,,cod,49571.41
T0004104,2025-04-21T08:19:00,online,,C01621,,wallet,13292.849999999999
T0004105,2025-04-11T03:55:00,online,,C01137,,wallet,9900.16
T0004106,2025-04-09T03:53:00,online,,C00615,,cod,3937.13
T0004107,2025-04-17T20:10:00,online,,C01372,,wallet,19408.46
T0004109,2025-04-07T22:12:00,online,,C00409,,card,10338.94
T0004111,2025-04-25T01:57:00,online,,C00639,,wallet,27922.989999999998
T0004112,2025-04-23T12:03:00,online,,C01822,,cod,35149.73
T0004113,2025-04-23T07:02:00,online,,C00139,,card,109499.69
T0004114,2025-04-11T10:17:00,online,,C01337,,cod,128187.29
T0004116,2025-04-20T20:06:00,online,,C01368,,cod,7934.780000000001
T0004119,2025-04-11T09:10:00,online,,C02445,,card,28975.52
T0004120,2025-04-19T14:36:00,online,,C01516,,wallet,47430.41
T0004121,2025-04-06T21:50:00,online,,C02205,,wallet,631443.85
T0004122,2025-04-30T08:13:00,online,,C02337,,wallet,86216.22
T0004123,2025-04-21T03:23:00,online,,C00352,,cod,216399.22
T0004124,2025-04-13T15:43:00,online,,C02130,,card,14551.36
T0004126,2025-04-16T14:30:00,online,,C01998,,wallet,12785.490000000002
T0004127,2025-04-22T00:46:00,online,,C02236,,cod,26482.16
T0004128,2025-04-09T19:48:00,online,,C02085,,card,377657.77999999997
T0004129,2025-04-09T02:10:00,online,,C02491,,card,46095.35
T0004130,2025-04-02T16:23:00,online,,C01490,,cod,418825.6
T0004131,2025-04-10T20:25:00,online,,C00713,,wallet,37867.0
T0004132,2025-04-18T04:08:00,online,,C00546,,wallet,27561.66
T0004133,2025-04-05T08:08:00,online,,C00548,,wallet,15428.619999999999
T0004135,2025-04-11T08:47:00,online,,C00924,,card,168280.76
T0004137,2025-04-21T15:00:00,online,,C01288,,wallet,12523.16
T0004138,2025-04-05T13:25:00,online,,C01389,,wallet,616748.0
T0004139,2025-04-22T00:33:00,online,,C00736,,wallet,6513.5
T0004140,2025-04-20T15:43:00,online,,C00167,,cod,261710.87
T0004141,2025-04-13T00:01:00,online,,C00055,,wallet,10895.84
T0004142,2025-04-09T13:02:00,online,,C00293,,cod,1388.59
T0004145,2025-04-10T04:16:00,online,,C00609,,card,26516.4
T0004146,2025-04-20T15:34:00,online,,C00452,,wallet,231088.93
T0004148,2025-04-21T06:30:00,online,,C01749,,cod,215927.1
T0004149,2025-04-11T09:43:00,online,,C00654,,wallet,39591.64
T0004150,2025-04-23T11:55:00,online,,C00385,,wallet,239537.25
T0004152,2025-04-11T15:53:00,online,,C02137,,card,78231.75
T0004154,2025-04-06T08:15:00,online,,C02081,,card,404060.26
T0004156,2025-04-15T14:03:00,online,,C00681,,wallet,6142.54
T0004157,2025-04-20T19:57:00,online,,C02240,,card,12870.07
T0004158,2025-04-05T11:25:00,online,,C00644,,card,17584.71
T0004160,2025-04-03T05:39:00,online,,C00244,,card,44223.57000000001
T0004161,2025-04-11T09:00:00,online,,C01296,,wallet,77080.66
T0004162,2025-04-07T09:04:00,online,,C01831,,wallet,52967.41
T0004163,2025-04-02T01:05:00,online,,C02376,,card,58771.11
T0004164,2025-04-03T09:45:00,online,,C01104,,cod,91112.69
T0004166,2025-04-11T09:14:00,store,S003,C00158,P0022,cash,21283.46
T0004167,2025-04-10T20:33:00,store,S005,C01107,P0025,card,1242.98
T0004169,2025-04-14T17:15:00,store,S001,C01025,P0020,card,195333.48
T0004170,2025-04-28T06:16:00,store,S004,C01759,P0026,cash,218976.68
T0004171,2025-04-28T14:03:00,store,S006,C00462,P0003,cash,81080.9
T0004173,2025-04-10T22:29:00,store,S005,C00232,P0012,cash,24135.879999999997
T0004174,2025-04-11T21:32:00,store,S001,C02152,P0002,cash,204455.96
T0004175,2025-04-04T03:21:00,store,S001,C02074,P0020,card,222202.15999999997
T0004177,2025-04-20T12:23:00,store,S001,C00884,P0002,card,26446.670000000002
T0004181,2025-04-30T13:35:00,store,S002,C01402,P0001,card,388831.94
T0004182,2025-04-17T06:46:00,store,S004,C01061,P0005,cash,6222.59
T0004183,2025-04-12T12:20:00,store,S003,C01472,P0019,card,80318.46
T0004185,2025-04-12T23:06:00,store,S002,C02103,P0018,cash,231085.53
T0004186,2025-04-16T14:20:00,store,S001,C02124,P0002,card,372043.22
T0004188,2025-04-13T18:32:00,store,S004,C01977,P0005,card,190001.34
T0004190,2025-04-29T14:51:00,store,S001,C00139,P0020,card,91929.87
T0004191,2025-04-19T10:53:00,store,S002,C01665,P0013,cash,5950.870000000001
T0004192,2025-04-27T05:10:00,store,S006,C02094,P0016,card,22447.93
T0004193,2025-04-10T16:46:00,store,S005,C01914,P0008,card,22035.04
T0004194,2025-04-27T19:43:00,store,S006,C00324,P0016,card,21784.23
T0004195,2025-04-18T00:42:00,store,S006,C01518,P0011,cash,14194.58
T0004196,2025-04-06T01:16:00,store,S001,C01326,P0006,card,19875.79
T0004197,2025-04-15T17:09:00,store,S002,C02318,P0013,card,46157.56
T0004199,2025-04-13T11:56:00,store,S003,C02047,P0022,cash,13028.68
T0004202,2025-04-17T11:06:00,store,S003,C02362,P0023,card,24544.44
T0004203,2025-04-21T13:40:00,store,S005,C02173,P0008,card,14068.32
T0004205,2025-04-04T14:28:00,store,S005,C00268,P0014,card,27490.71
T0004206,2025-04-13T08:03:00,store,S005,C00474,P0008,card,8709.880000000001
T0004208,2025-04-10T11:43:00,store,S002,C02023,P0010,cash,399228.22
T0004210,2025-04-22T23:26:00,store,S001,C02241,P0002,card,43498.719999999994
T0004211,2025-04-25T07:50:00,store,S006,C01651,P0003,cash,13963.36
T0004216,2025-04-20T09:28:00,store,S002,C01666,P0018,cash,23033.980000000003
T0004217,2025-04-17T09:39:00,store,S003,C00963,P0019,cash,237423.33000000002
T0004218,2025-04-13T23:39:00,store,S005,C00627,P0008,card,5015.4800000000005
T0004220,2025-04-14T07:15:00,store,S003,C01250,P0017,cash,19187.7
T0004221,2025-04-16T18:21:00,store,S001,C02079,P0009,card,20622.42
T0004222,2025-04-13T19:53:00,store,S001,C01392,P0020,cash,15142.11
T0004223,2025-04-30T12:07:00,store,S003,C01472,P0017,card,23405.01
T0004225,2025-04-19T18:18:00,store,S004,C00159,P0005,cash,1585.06
T0004227,2025-04-09T10:20:00,store,S001,C00045,P0015,card,16966.44
T0004229,2025-04-21T23:00:00,store,S004,C01880,P0005,cash,198555.12
T0004230,2025-04-13T05:20:00,store,S004,C01886,P0005,card,197797.96
T0004231,2025-04-12T20:08:00,store,S002,C00332,P0007,card,27610.73
T0004232,2025-04-05T19:33:00,store,S002,C02037,P0013,cash,14524.4
T0004234,2025-04-28T07:26:00,store,S005,C02027,P0012,card,32191.58
T0004236,2025-04-09T17:20:00,store,S006,C01289,P0011,cash,46312.95
T0004238,2025-04-05T14:55:00,store,S002,C01265,P0013,card,16285.869999999999
T0004239,2025-04-24T11:53:00,store,S001,C02266,P0006,card,46558.53
T0004240,2025-04-29T13:45:00,store,S002,C02310,P0010,card,22742.76
T0004241,2025-04-09T03:18:00,store,S006,C01165,P0016,card,20004.25
T0004242,2025-04-03T21:38:00,store,S004,C01638,P0026,card,30994.11
T0004245,2025-04-07T17:14:00,store,S006,C00142,P0016,cash,1559.6
T0004246,2025-04-04T15:28:00,store,S003,C01560,P0023,card,44006.38
T0004247,2025-04-06T15:15:00,store,S001,C01860,P0020,card,38838.380000000005
T0004248,2025-04-09T22:35:00,store,S001,C00812,P0020,cash,29719.059999999998
T0004249,2025-04-13T01:19:00,store,S001,C02427,P0015,cash,26485.4
T0004251,2025-04-23T05:22:00,store,S002,C00036,P0018,card,15530.68
T0004252,2025-04-03T12:17:00,store,S006,C02413,P0011,card,2074.67
T0004253,2025-04-12T21:58:00,store,S006,C01842,P0016,card,370394.7
T0004254,2025-04-21T03:32:00,store,S003,C02008,P0023,cash,29432.3
T0004255,2025-04-26T18:54:00,store,S006,C02191,P0003,card,20474.54
T0004257,2025-04-13T15:07:00,store,S005,C01462,P0008,card,23693.510000000002
T0004258,2025-04-03T06:35:00,store,S005,C00534,P0014,card,46690.31
T0004263,2025-04-16T16:09:00,store,S005,C00314,P0014,card,8913.75
T0004265,2025-04-08T02:40:00,store,S004,C00997,P0026,card,14611.64
T0004266,2025-04-29T22:38:00,store,S001,C00378,P0006,cash,33572.53999999999
T0004267,2025-04-21T00:28:00,store,S001,C00051,P0009,card,12730.46
T0004268,2025-04-29T18:25:00,store,S004,C00426,P0005,card,437339.42
T0004270,2025-04-18T06:26:00,store,S006,C00760,P0003,card,4661.45
T0004271,2025-04-23T23:33:00,store,S001,C01682,P0020,card,589853.54
T0004272,2025-04-13T14:28:00,store,S006,C02274,P0011,card,193343.93
T0004273,2025-04-04T13:42:00,store,S004,C00716,P0005,card,17822.69
T0004274,2025-04-01T07:31:00,store,S005,C02364,P0012,card,29217.42
T0004275,2025-04-10T07:29:00,store,S004,C01248,P0026,card,12282.220000000001
T0004276,2025-04-15T09:43:00,store,S001,C00612,P0002,card,26017.83
T0004277,2025-04-05T06:20:00,store,S006,C01054,P0003,card,16158.560000000001
T0004278,2025-04-10T22:34:00,store,S004,C01318,P0026,cash,88094.94
T0004280,2025-04-21T01:49:00,store,S001,C00081,P0009,card,8711.48
T0004281,2025-04-11T01:10:00,store,S003,C00682,P0019,card,7029.88
T0004282,2025-04-01T12:26:00,store,S004,C00617,P0005,cash,6615.22
T0004285,2025-04-11T08:09:00,store,S001,C00221,P0006,cash,242478.25999999998
T0004288,2025-04-21T18:07:00,store,S005,C02328,P0008,cash,9473.03
T0004289,2025-04-27T10:37:00,store,S006,C00722,P0011,card,9579.36
T0004291,2025-04-07T13:15:00,store,S004,C01081,P0005,cash,54603.149999999994
T0004292,2025-04-02T20:44:00,store,S001,C00476,P0004,card,10303.45
T0004293,2025-04-28T04:11:00,store,S002,C01401,P0013,card,18871.420000000002
T0004295,2025-04-04T09:48:00,store,S001,C01093,P0006,cash,223013.08000000002
T0004296,2025-04-20T13:49:00,store,S003,C00562,P0017,card,215242.85
T0004297,2025-04-07T12:14:00,store,S006,C01651,P0024,cash,6928.54
T0004299,2025-04-02T23:21:00,store,S005,C01288,P0008,cash,35431.99
T0004300,2025-04-10T03:58:00,store,S005,C01759,P0008,card,13660.34
T0004302,2025-04-04T10:18:00,store,S001,C01298,P0002,cash,54326.850000000006
T0004303,2025-04-23T04:59:00,store,S003,C02411,P0023,card,110036.63
T0004304,2025-04-20T07:20:00,store,S005,C00293,P0014,cash,13891.55
T0004305,2025-04-26T07:00:00,store,S004,C01258,P0005,cash,14335.39
T0004306,2025-04-19T14:37:00,store,S002,C02025,P0010,card,17830.03
T0004307,2025-04-18T06:57:00,store,S006,C00390,P0003,card,16418.58
T0004308,2025-04-04T11:50:00,store,S004,C02027,P0026,cash,345840.13
T0004309,2025-04-22T18:02:00,store,S004,C01666,P0005,cash,27134.160000000003
T0004310,2025-04-10T03:12:00,store,S005,C01705,P0014,card,10005.98
T0004311,2025-04-23T06:17:00,store,S002,C02174,P0018,cash,10606.65
T0004314,2025-04-23T19:39:00,store,S006,C02164,P0016,cash,9898.09
T0004315,2025-04-23T01:41:00,store,S006,C00570,P0003,card,113349.32
T0004316,2025-04-21T09:27:00,store,S004,C01745,P0026,card,167925.6
T0004317,2025-04-10T00:15:00,store,S005,C01856,P0025,cash,13259.16
T0004318,2025-04-28T02:43:00,store,S004,C01394,P0005,cash,18021.949999999997
T0004320,2025-04-03T11:00:00,store,S006,C01743,P0016,card,50982.57
T0004321,2025-04-04T18:14:00,store,S002,C02244,P0013,card,3744.5
T0004322,2025-04-25T22:14:00,store,S003,C02160,P0023,cash,194574.86
T0004323,2025-04-01T14:33:00,store,S006,C01093,P0011,card,221907.67
T0004324,2025-04-04T17:27:00,store,S001,C02407,P0004,cash,25520.300000000003
T0004326,2025-04-22T13:16:00,store,S002,C00782,P0001,cash,39157.31
T0004327,2025-04-24T10:38:00,store,S004,C01820,P0026,card,31685.86
T0004328,2025-04-22T10:41:00,store,S004,C02384,P0026,card,23752.59
T0004329,2025-04-06T10:58:00,store,S001,C02030,P0020,cash,3078.65
T0004330,2025-04-02T09:40:00,store,S001,C01594,P0009,cash,57410.7
T0004332,2025-04-10T16:04:00,store,S001,C00959,P0004,card,6853.33
T0004333,2025-04-20T00:03:00,store,S006,C02034,P0024,card,1672.07
T0004334,2025-04-19T02:07:00,store,S005,C01531,P0025,card,55715.9
T0004335,2025-04-11T11:34:00,store,S006,C00248,P0016,cash,36024.979999999996
T0004336,2025-04-12T03:00:00,store,S003,C01459,P0023,cash,9412.5
T0004337,2025-04-16T03:12:00,store,S005,C01189,P0014,cash,228505.24
T0004338,2025-04-02T16:54:00,store,S001,C01929,P0006,cash,24478.32
T0004339,2025-04-18T02:41:00,store,S006,C00962,P0003,cash,3153.8199999999997
T0004340,2025-04-10T04:30:00,store,S002,C00209,P0013,card,7487.72
T0004342,2025-04-11T17:28:00,store,S006,C01378,P0016,card,43624.63
T0004343,2025-04-26T08:31:00,store,S004,C00862,P0005,card,5295.87
T0004344,2025-04-27T23:34:00,store,S001,C01684,P0006,card,50924.479999999996
T0004345,2025-04-16T21:11:00,store,S006,C01951,P0011,card,88011.48
T0004346,2025-04-13T10:02:00,store,S002,C00196,P0013,cash,5252.14
T0004348,2025-04-05T09:14:00,store,S006,C01038,P0024,cash,27266.07
T0004349,2025-04-26T05:51:00,store,S003,C00760,P0019,card,26643.61
T0004351,2025-04-11T16:12:00,store,S003,C00584,P0023,cash,39070.71
T0004352,2025-04-11T20:18:00,store,S004,C01937,P0026,cash,16319.99
T0004353,2025-04-26T18:46:00,store,S006,C00233,P0024,cash,44826.29
T0004354,2025-04-26T18:45:00,store,S002,C01565,P0007,cash,24827.15
T0004355,2025-04-02T09:56:00,store,S003,C01525,P0023,card,28599.71
T0004356,2025-04-06T04:35:00,store,S002,C01358,P0007,card,15680.53
T0004358,2025-04-22T19:16:00,store,S004,C00487,P0026,cash,9764.21
T0004360,2025-04-05T02:00:00,store,S006,C01278,P0011,cash,10009.04
T0004363,2025-04-05T09:59:00,store,S001,C00629,P0002,cash,11349.23
T0004366,2025-04-29T03:36:00,store,S002,C00837,P0001,card,255259.32
T0004367,2025-04-13T19:46:00,store,S005,C00397,P0014,cash,52411.090000000004
T0004368,2025-04-11T00:11:00,store,S005,C00770,P0025,cash,42328.0
T0004369,2025-04-10T18:02:00,store,S004,C01419,P0005,card,207877.53999999998
T0004370,2025-04-16T19:50:00,store,S005,C00866,P0025,cash,38310.22
T0004371,2025-04-10T10:21:00,store,S005,C01284,P0008,cash,10472.04
T0004372,2025-04-21T06:57:00,store,S005,C01643,P0008,cash,20454.71
T0004373,2025-04-01T09:26:00,store,S001,C00451,P0006,card,26219.63
T0004374,2025-04-26T06:07:00,store,S004,C01640,P0005,card,19999.2
T0004375,2025-04-27T10:51:00,store,S001,C01252,P0009,card,270655.89
T0004376,2025-04-14T17:51:00,store,S001,C01568,P0002,cash,2369.51
T0004377,2025-04-20T12:57:00,store,S006,C02496,P0003,card,19985.13
T0004378,2025-04-27T10:26:00,store,S001,C02495,P0004,cash,11214.33
T0004380,2025-04-02T07:14:00,store,S004,C00945,P0005,card,24093.079999999998
T0004382,2025-04-29T10:54:00,store,S004,C02454,P0005,cash,8316.35
T0004383,2025-04-03T02:14:00,store,S001,C01277,P0015,cash,20991.010000000002
T0004384,2025-04-23T04:48:00,store,S003,C01502,P0022,card,113846.0
T0004385,2025-04-21T10:28:00,store,S006,C02085,P0016,card,17649.33
T0004386,2025-04-13T18:41:00,store,S001,C00421,P0002,card,249451.02000000002
T0004387,2025-04-22T22:50:00,store,S002,C00142,P0001,card,6410.09
T0004388,2025-04-20T14:59:00,store,S005,C00527,P0008,card,4684.81
T0004391,2025-04-11T16:45:00,store,S006,C00701,P0003,cash,40354.36
T0004392,2025-04-03T15:28:00,store,S001,C00871,P0020,cash,38279.229999999996
T0004393,2025-04-09T23:03:00,store,S005,C02112,P0025,card,40985.51
T0004394,2025-04-19T13:23:00,store,S001,C01741,P0020,card,214850.17
T0004395,2025-04-12T10:33:00,store,S001,C01901,P0009,cash,117114.20999999999
T0004396,2025-04-14T14:00:00,store,S001,C00480,P0020,cash,2681.92
T0004397,2025-04-04T16:57:00,store,S004,C01671,P0026,card,10502.56
T0004398,2025-04-09T21:56:00,store,S001,C02140,P0004,cash,7226.45
T0004399,2025-04-13T04:38:00,store,S001,C02183,P0009,card,6782.4
T0004401,2025-04-05T12:40:00,store,S001,C00855,P0015,cash,9877.46
T0004402,2025-04-25T10:28:00,store,S006,C02344,P0003,card,373150.46
T0004404,2025-04-29T03:01:00,store,S003,C00547,P0017,card,25445.59
T0004405,2025-04-24T06:38:00,store,S003,C00125,P0022,card,14296.980000000001
T0004406,2025-04-14T06:31:00,store,S003,C01947,P0017,card,18240.62
T0004408,2025-04-10T23:33:00,store,S001,C00020,P0004,cash,33585.16
T0004409,2025-04-28T17:37:00,store,S006,C01898,P0024,cash,35278.19
T0004410,2025-04-05T23:55:00,store,S004,C00288,P0026,card,147720.21
T0004411,2025-04-07T04:05:00,store,S004,C02120,P0026,cash,205413.31
T0004412,2025-04-08T15:45:00,store,S004,C00601,P0005,card,3069.79
T0004413,2025-04-21T16:51:00,store,S005,C00136,P0014,card,6017.79
T0004415,2025-04-02T04:20:00,store,S005,C00985,P0025,card,41331.35
T0004416,2025-04-27T20:31:00,store,S002,C01788,P0007,card,44393.34
T0004417,2025-04-23T14:47:00,store,S001,C00565,P0020,card,2379.57
T0004418,2025-04-01T09:04:00,store,S005,C00650,P0025,cash,59780.149999999994
T0004419,2025-04-12T17:00:00,store,S001,C02196,P0002,cash,18244.89
T0004420,2025-04-02T07:07:00,store,S002,C00446,P0010,cash,11570.150000000001
T0004421,2025-04-09T09:16:00,store,S004,C02122,P0026,cash,7224.33
T0004422,2025-04-07T21:21:00,store,S002,C00821,P0007,card,329327.55
T0004424,2025-04-25T07:08:00,store,S003,C01871,P0022,cash,38287.25
T0004428,2025-04-18T18:26:00,store,S002,C01788,P0018,card,135708.07
T0004429,2025-04-11T16:37:00,store,S005,C02404,P0012,card,312767.36
T0004430,2025-04-06T21:50:00,store,S005,C02221,P0014,card,27961.35
T0004435,2025-04-18T15:33:00,store,S006,C00995,P0016,card,12055.84
T0004437,2025-04-21T14:34:00,store,S001,C00156,P0009,cash,19651.87
T0004439,2025-04-02T06:12:00,store,S005,C02428,P0012,cash,46528.91
T0004440,2025-04-14T05:39:00,store,S002,C02071,P0007,card,220608.88
T0004442,2025-04-18T03:53:00,store,S006,C00365,P0011,card,265962.74
T0004443,2025-04-28T03:50:00,store,S003,C01973,P0017,cash,16309.789999999999
T0004445,2025-04-19T08:17:00,store,S004,C01047,P0026,card,13129.93
T0004447,2025-04-28T09:14:00,store,S001,C00383,P0021,card,10098.97
T0004448,2025-04-09T20:31:00,store,S003,C00605,P0023,card,39569.44
T0004449,2025-04-21T05:30:00,store,S006,C02103,P0024,cash,13704.99
T0004450,2025-04-14T09:45:00,store,S004,C00237,P0005,cash,10141.720000000001
T0004451,2025-04-09T18:47:00,store,S005,C01761,P0025,cash,4974.11
T0004454,2025-04-22T19:23:00,store,S004,C01093,P0026,card,221211.38
T0004455,2025-04-22T03:10:00,store,S005,C00662,P0008,cash,98941.76
T0004456,2025-04-21T17:36:00,store,S005,C01686,P0014,cash,63031.84
T0004457,2025-04-29T01:57:00,store,S004,C01610,P0005,cash,22668.53
T0004458,2025-04-29T07:55:00,store,S003,C00508,P0017,card,4928.7
T0004460,2025-04-22T22:11:00,store,S002,C02314,P0013,cash,8331.46
T0004461,2025-04-27T10:56:00,store,S003,C01097,P0022,card,107647.69
T0004462,2025-04-25T20:20:00,store,S006,C01363,P0016,cash,53343.659999999996
T0004463,2025-04-29T11:28:00,store,S001,C00301,P0004,card,3219.59
T0004464,2025-04-19T20:35:00,store,S004,C00139,P0026,cash,19022.27
T0004465,2025-04-20T18:52:00,store,S006,C01877,P0016,card,8466.79
T0004467,2025-04-07T17:57:00,store,S004,C01394,P0005,cash,47942.560000000005
T0004468,2025-04-28T04:08:00,store,S004,C01750,P0005,card,11846.400000000001
T0004470,2025-04-08T06:44:00,store,S001,C02223,P0020,cash,220654.77
T0004472,2025-04-28T19:01:00,store,S006,C01074,P0016,card,28488.91
T0004473,2025-04-26T22:03:00,store,S003,C00806,P0022,cash,229767.64
T0004475,2025-04-28T00:57:00,store,S004,C00720,P0005,cash,23525.21
T0004476,2025-04-27T14:08:00,store,S004,C01119,P0026,cash,10428.68
T0004477,2025-04-08T14:41:00,store,S005,C01990,P0012,cash,31968.48
T0004478,2025-04-28T21:56:00,store,S006,C02073,P0011,card,1487.68
T0004479,2025-04-10T05:41:00,store,S004,C01505,P0026,card,3441.78
T0004480,2025-04-02T09:59:00,store,S006,C00713,P0024,card,33928.94
T0004481,2025-04-27T09:41:00,store,S002,C01238,P0007,card,16685.550000000003
T0004483,2025-04-01T07:40:00,store,S005,C01388,P0012,card,7576.79
T0004484,2025-04-12T20:24:00,store,S004,C01027,P0026,card,12401.16
T0004485,2025-04-12T19:42:00,store,S003,C00963,P0023,card,17945.92
T0004486,2025-04-14T07:51:00,store,S004,C02337,P0026,cash,11518.75
T0004487,2025-04-17T10:15:00,store,S004,C00120,P0026,cash,19920.14
T0004488,2025-04-20T17:49:00,store,S002,C01202,P0001,card,7167.89
T0004490,2025-04-11T20:23:00,store,S003,C00680,P0017,card,356578.69
T0004491,2025-04-02T02:04:00,store,S005,C00481,P0025,card,47580.58
T0004499,2025-04-17T20:29:00,store,S002,C02374,P0007,card,34752.840000000004
T0004501,2025-04-09T18:27:00,store,S006,C01972,P0016,cash,44131.62
T0004502,2025-04-30T07:27:00,store,S001,C01299,P0021,cash,36530.479999999996
T0004503,2025-04-15T23:16:00,store,S005,C01734,P0025,cash,33984.18
T0004504,2025-04-14T14:03:00,store,S002,C01212,P0018,cash,14424.48
T0004505,2025-04-18T17:17:00,store,S005,C02049,P0014,cash,6745.56
T0004506,2025-04-18T10:58:00,store,S002,C00187,P0010,cash,49189.68
T0004507,2025-04-03T03:05:00,store,S004,C00793,P0005,cash,41258.2
T0004508,2025-04-18T06:50:00,store,S006,C00243,P0011,card,199162.4
T0004509,2025-04-11T00:01:00,store,S001,C02173,P0021,cash,25410.59
T0004510,2025-04-07T08:47:00,store,S004,C01444,P0026,card,3750.56
T0004511,2025-04-30T09:30:00,store,S004,C00159,P0005,card,4201.35
T0004512,2025-04-05T14:31:00,store,S003,C00042,P0019,card,13614.35
T0004513,2025-04-11T09:43:00,store,S005,C01178,P0012,card,89999.29
T0004514,2025-04-12T23:57:00,store,S005,C00704,P0025,card,226401.09999999998
T0004515,2025-04-09T00:02:00,store,S003,C00172,P0019,card,198457.01
T0004516,2025-04-27T11:06:00,store,S004,C02469,P0005,cash,38546.73
T0004517,2025-04-15T11:58:00,store,S001,C01977,P0006,card,717086.31
T0004519,2025-04-02T15:58:00,store,S001,C00780,P0021,card,211520.05
T0004520,2025-04-25T16:21:00,store,S002,C00087,P0018,card,22718.25
T0004521,2025-04-29T03:45:00,store,S005,C00188,P0012,cash,71152.68
T0004522,2025-04-04T15:21:00,store,S004,C00563,P0005,card,102008.04
T0004523,2025-04-22T06:13:00,store,S004,C00201,P0005,card,4207.66
T0004526,2025-04-16T15:12:00,store,S005,C00789,P0012,card,18671.440000000002
T0004527,2025-04-20T04:44:00,store,S005,C01258,P0025,card,15406.41
T0004528,2025-04-13T03:42:00,store,S001,C00400,P0002,cash,27273.61
T0004529,2025-04-05T16:39:00,store,S004,C02410,P0005,cash,5440.57
T0004530,2025-04-20T07:21:00,store,S002,C00527,P0001,card,256310.35
T0004533,2025-04-05T13:59:00,store,S006,C00644,P0016,cash,3623.72
T0004534,2025-04-30T17:22:00,store,S003,C00990,P0022,card,9140.84
T0004535,2025-04-05T23:58:00,store,S006,C02329,P0003,card,3532.5699999999997
T0004536,2025-04-02T03:06:00,store,S001,C00778,P0004,card,46963.92
T0004537,2025-04-12T07:09:00,store,S003,C01493,P0022,cash,30216.85
T0004538,2025-04-08T23:49:00,store,S001,C01081,P0002,cash,19302.66
T0004539,2025-04-05T19:57:00,store,S003,C02012,P0017,card,20125.59
T0004540,2025-04-17T22:08:00,store,S006,C02245,P0011,card,1421.24
T0004541,2025-04-30T18:27:00,store,S005,C02108,P0012,card,5002.75
T0004542,2025-04-08T08:12:00,store,S001,C01498,P0002,card,95628.06999999999
T0004543,2025-04-10T22:36:00,store,S004,C00312,P0005,card,93738.97
T0004546,2025-04-17T20:27:00,store,S004,C00569,P0005,cash,3434.89
T0004547,2025-04-26T10:04:00,store,S002,C01879,P0013,cash,7238.49
T0004550,2025-04-07T04:57:00,store,S001,C00181,P0004,card,28482.9
T0004551,2025-04-17T16:29:00,store,S002,C01338,P0007,card,222319.09
T0004552,2025-04-25T04:50:00,store,S004,C01402,P0026,cash,35000.18
T0004554,2025-04-17T15:59:00,store,S004,C00248,P0005,cash,23599.04
T0004555,2025-04-29T13:39:00,store,S003,C01475,P0023,cash,48339.009999999995
T0004557,2025-04-19T08:08:00,store,S003,C01124,P0022,card,383351.0
T0004558,2025-04-08T01:31:00,store,S005,C01889,P0008,cash,16388.57
T0004560,2025-04-29T10:47:00,store,S006,C00829,P0003,cash,3520.6400000000003
T0004561,2025-04-14T19:38:00,store,S005,C01235,P0025,card,249882.17
T0004562,2025-04-19T03:40:00,store,S001,C00892,P0009,cash,6576.09
T0004563,2025-04-06T01:46:00,store,S006,C01290,P0016,cash,105106.51000000001
T0004564,2025-04-27T19:07:00,store,S005,C01666,P0025,card,34301.81
T0004565,2025-04-28T04:06:00,store,S005,C01004,P0012,card,22887.199999999997
T0004566,2025-04-13T21:07:00,store,S006,C02381,P0011,card,28010.329999999998
T0004568,2025-04-14T01:49:00,store,S006,C01788,P0011,card,44333.32
T0004569,2025-04-30T22:08:00,store,S005,C01269,P0008,cash,219315.8
T0004571,2025-04-05T00:06:00,store,S003,C01966,P0023,card,31114.92
T0004572,2025-04-13T09:11:00,store,S004,C02032,P0026,card,40473.5
T0004573,2025-04-07T06:21:00,store,S004,C00196,P0005,cash,27116.92
T0004574,2025-04-22T02:06:00,store,S001,C02315,P0006,card,242019.35
T0004575,2025-04-13T21:27:00,store,S002,C02171,P0001,card,50163.88
T0004576,2025-04-10T14:56:00,store,S005,C00741,P0012,card,54797.77
T0004581,2025-04-09T10:41:00,store,S003,C02392,P0023,card,110801.95
T0004582,2025-04-07T09:27:00,store,S001,C00581,P0006,cash,50375.14
T0004583,2025-04-17T04:15:00,store,S003,C00951,P0023,cash,3168.59
T0004585,2025-04-28T15:20:00,store,S005,C00560,P0008,cash,26021.219999999998
T0004587,2025-04-05T19:40:00,store,S005,C01625,P0014,cash,4779.96
T0004588,2025-04-04T06:18:00,store,S002,C00944,P0013,card,14171.400000000001
T0004589,2025-04-19T14:40:00,store,S005,C00972,P0012,card,58304.6
T0004590,2025-04-04T12:57:00,store,S003,C01415,P0023,cash,17857.14
T0004591,2025-04-14T11:46:00,store,S005,C01837,P0012,card,14047.58
T0004592,2025-04-15T14:47:00,store,S006,C01822,P0016,cash,11695.25
T0004594,2025-04-29T18:17:00,store,S006,C01819,P0016,cash,20642.550000000003
T0004595,2025-04-07T23:24:00,store,S004,C00444,P0026,card,16368.44
T0004596,2025-04-09T08:06:00,store,S003,C00201,P0022,cash,13371.630000000001
T0004598,2025-04-14T17:41:00,store,S006,C01638,P0024,cash,31695.29
T0004599,2025-04-08T21:14:00,store,S003,C02243,P0019,cash,5507.29
T0004601,2025-04-17T20:06:00,store,S004,C02145,P0005,cash,39243.0
T0004602,2025-04-07T15:59:00,store,S004,C02194,P0005,card,22705.39
T0004603,2025-04-12T05:20:00,store,S001,C00267,P0002,card,155499.47
T0004604,2025-04-17T06:46:00,store,S004,C02047,P0026,card,7101.35
T0004605,2025-04-29T12:28:00,store,S005,C02223,P0014,card,20670.08
T0004606,2025-04-30T07:17:00,store,S005,C02139,P0012,cash,187495.62
T0004607,2025-04-28T17:55:00,store,S006,C00358,P0011,card,52886.450000000004
T0004608,2025-04-05T02:03:00,store,S005,C00815,P0008,card,28889.39
T0004609,2025-04-15T09:11:00,store,S006,C01716,P0024,card,16489.27
T0004610,2025-04-21T19:22:00,store,S003,C01852,P0023,card,35068.08
T0004611,2025-04-14T11:15:00,store,S002,C00643,P0018,card,9616.19
T0004614,2025-04-09T08:41:00,store,S004,C00098,P0005,cash,37083.28
T0004615,2025-04-03T16:31:00,store,S005,C02255,P0014,card,2305.49
T0004618,2025-04-29T20:33:00,store,S006,C02267,P0016,card,19103.05
T0004619,2025-04-01T14:34:00,store,S004,C02041,P0026,card,119994.85
T0004620,2025-04-21T00:55:00,store,S006,C01542,P0016,card,15608.54
T0004621,2025-04-25T08:03:00,store,S004,C01882,P0026,card,22189.86
T0004623,2025-04-16T18:47:00,store,S002,C02102,P0013,cash,144170.88
T0004624,2025-04-21T23:13:00,store,S004,C01754,P0026,card,21059.67
T0004626,2025-04-11T22:06:00,store,S002,C00864,P0018,card,253577.58000000002
T0004627,2025-04-23T14:34:00,store,S005,C01881,P0014,card,12870.93
T0004628,2025-04-16T22:09:00,store,S005,C02162,P0014,cash,14332.74
T0004630,2025-04-09T06:01:00,store,S005,C00739,P0008,card,9595.63
T0004631,2025-04-12T11:56:00,store,S005,C01571,P0025,cash,24834.879999999997
T0004632,2025-04-21T03:07:00,store,S004,C01270,P0026,cash,7907.98
T0004634,2025-04-27T08:28:00,store,S001,C00806,P0009,card,36070.78
T0004635,2025-04-04T03:04:00,store,S006,C01730,P0024,cash,2884.42
T0004636,2025-04-16T14:56:00,store,S002,C00696,P0018,cash,33910.04
T0004639,2025-04-14T08:47:00,store,S005,C00984,P0025,card,22402.85
T0004640,2025-04-29T23:58:00,store,S001,C01621,P0015,card,1226.75
T0004641,2025-04-09T10:27:00,store,S006,C00201,P0003,cash,10112.039999999999
T0004642,2025-04-09T13:59:00,store,S003,C00913,P0023,card,8501.42
T0004644,2025-04-12T08:14:00,store,S004,C00319,P0026,card,8591.32
T0004646,2025-04-27T17:28:00,store,S004,C01907,P0005,card,13782.3
T0004648,2025-04-17T11:18:00,store,S006,C00012,P0024,card,218564.3
T0004650,2025-04-02T14:40:00,store,S005,C01799,P0025,card,24050.64
T0004652,2025-04-28T17:07:00,store,S001,C00918,P0021,card,4609.21
T0004654,2025-04-29T06:28:00,store,S005,C01712,P0008,cash,32968.95
T0004656,2025-04-06T04:43:00,store,S004,C01379,P0005,card,1941.15
T0004657,2025-04-03T19:42:00,store,S004,C00233,P0005,cash,178558.22
T0004658,2025-04-13T12:27:00,store,S001,C02450,P0015,card,10018.87
T0004660,2025-04-20T04:55:00,store,S003,C02050,P0022,cash,11657.73
T0004661,2025-04-17T17:23:00,store,S001,C02475,P0021,cash,235276.86
T0004662,2025-04-15T06:47:00,store,S003,C00001,P0019,cash,230673.88
T0004664,2025-04-05T16:00:00,store,S002,C01361,P0018,cash,211255.82
T0004665,2025-04-17T21:45:00,store,S001,C02416,P0006,cash,8911.87
T0004666,2025-04-24T07:30:00,store,S001,C02316,P0002,card,218489.64
T0004668,2025-04-20T00:16:00,store,S001,C02236,P0021,cash,22266.61
T0004669,2025-04-12T06:02:00,store,S002,C00429,P0010,cash,1577.27
T0004672,2025-04-13T15:41:00,store,S004,C02325,P0026,card,23297.98
T0004673,2025-04-07T06:17:00,store,S002,C00872,P0013,cash,40227.840000000004
T0004675,2025-04-19T15:32:00,store,S001,C01499,P0002,cash,13660.9
T0004677,2025-04-09T15:07:00,store,S003,C01515,P0022,cash,2116.64
T0004678,2025-04-07T00:31:00,store,S001,C01355,P0006,card,210495.31
T0004679,2025-04-21T00:51:00,store,S006,C00060,P0011,card,4242.43
T0004680,2025-04-14T14:24:00,store,S002,C00117,P0018,card,22661.38
T0004681,2025-04-23T16:07:00,store,S006,C02085,P0011,cash,3791.38
T0004682,2025-04-30T12:53:00,store,S006,C01729,P0003,cash,26742.58
T0004683,2025-04-16T23:46:00,store,S001,C00338,P0009,cash,87536.54000000001
T0004684,2025-04-25T11:13:00,store,S002,C02232,P0001,card,16302.869999999999
T0004685,2025-04-30T13:01:00,store,S001,C00760,P0006,card,2869.24
T0004686,2025-04-14T17:37:00,store,S001,C01530,P0015,card,36166.08
T0004687,2025-04-30T17:05:00,store,S002,C02372,P0013,card,5082.15
T0004688,2025-04-20T13:26:00,store,S001,C00248,P0015,cash,12680.390000000001
T0004689,2025-04-27T12:42:00,store,S001,C00565,P0009,cash,8675.66
T0004690,2025-04-17T10:09:00,store,S004,C00632,P0026,card,17838.050000000003
T0004691,2025-04-22T20:48:00,store,S001,C00705,P0006,cash,12107.35
T0004692,2025-04-04T04:18:00,store,S001,C01297,P0021,card,12865.72
T0004693,2025-04-27T15:29:00,store,S005,C00086,P0012,cash,16207.35
T0004694,2025-04-30T09:40:00,store,S006,C02035,P0016,cash,41430.450000000004
T0004695,2025-04-17T18:17:00,store,S001,C02023,P0009,card,14478.11
T0004696,2025-04-11T18:17:00,store,S002,C02484,P0013,card,13866.54
T0004697,2025-04-09T05:30:00,store,S002,C00340,P0007,cash,97525.28
T0004699,2025-04-08T09:12:00,store,S006,C01366,P0016,card,223680.62999999998
T0004701,2025-04-29T09:12:00,store,S001,C00386,P0015,cash,4480.42
T0004702,2025-04-21T03:47:00,store,S003,C00238,P0023,cash,11172.140000000001
T0004703,2025-04-22T00:20:00,store,S004,C01616,P0026,card,207369.87
T0004705,2025-04-23T14:53:00,store,S006,C02122,P0011,card,15147.19
T0004706,2025-04-11T11:20:00,store,S003,C02223,P0017,card,107137.46
T0004707,2025-04-02T05:20:00,store,S006,C01305,P0003,cash,24579.690000000002
T0004708,2025-04-20T23:49:00,store,S006,C00703,P0016,card,121915.05
T0004709,2025-04-27T13:22:00,store,S001,C01250,P0004,cash,20775.559999999998
T0004710,2025-04-27T21:28:00,store,S006,C01182,P0016,cash,286538.7
T0004711,2025-04-20T08:51:00,store,S002,C01192,P0018,card,71362.06
T0004712,2025-04-26T19:30:00,store,S003,C02165,P0017,cash,51289.729999999996
T0004713,2025-04-30T23:28:00,store,S004,C00378,P0026,cash,20431.989999999998
T0004715,2025-04-19T23:55:00,store,S003,C01330,P0019,card,152136.7
T0004716,2025-04-06T14:38:00,store,S005,C02196,P0014,cash,48290.77
T0004717,2025-04-28T03:43:00,store,S001,C01501,P0021,card,192152.12
T0004718,2025-04-14T18:51:00,store,S006,C01761,P0016,cash,75854.92
T0004719,2025-04-17T12:35:00,store,S006,C00562,P0024,cash,42129.25
T0004721,2025-04-10T00:58:00,store,S004,C00586,P0026,cash,7335.33
T0004722,2025-04-05T11:44:00,store,S004,C01291,P0026,card,208947.91
T0004723,2025-04-26T15:45:00,store,S001,C00242,P0009,card,293422.56
T0004724,2025-04-11T12:42:00,store,S003,C00340,P0023,cash,272941.62
T0004725,2025-04-06T11:09:00,store,S001,C01392,P0002,cash,3933.23
T0004726,2025-04-06T18:33:00,store,S006,C01688,P0003,card,14086.65
T0004727,2025-04-04T20:19:00,store,S005,C00360,P0014,cash,53185.130000000005
T0004731,2025-04-20T16:33:00,store,S001,C00549,P0020,card,64070.74
T0004732,2025-04-06T09:04:00,store,S004,C02115,P0005,card,25579.97
T0004734,2025-04-19T10:38:00,store,S001,C02031,P0009,cash,8970.14
T0004735,2025-04-21T03:59:00,store,S005,C02003,P0014,card,123828.04
T0004739,2025-04-02T23:36:00,store,S005,C00693,P0012,card,4493.3
T0004740,2025-04-30T14:51:00,store,S005,C00920,P0014,card,182972.22999999998
T0004741,2025-04-07T17:58:00,store,S002,C02171,P0001,cash,35112.3
T0004743,2025-04-28T00:49:00,store,S002,C00938,P0018,cash,72214.35
T0004744,2025-04-22T22:25:00,store,S001,C00249,P0006,cash,31879.73
T0004745,2025-04-26T21:59:00,store,S002,C00696,P0013,card,31589.73
T0004746,2025-04-23T23:08:00,store,S003,C01133,P0019,card,210866.64
T0004747,2025-04-10T12:17:00,store,S003,C01225,P0019,card,49300.58
T0004748,2025-04-11T04:30:00,store,S006,C02117,P0011,card,20646.93
T0004750,2025-04-01T08:57:00,store,S005,C02146,P0025,card,80575.82
T0004751,2025-04-25T00:26:00,store,S003,C00794,P0022,cash,5198.62
T0004752,2025-04-22T14:31:00,store,S005,C01914,P0008,cash,13548.77
T0004754,2025-04-14T11:04:00,store,S004,C01623,P0005,card,7267.83
T0004755,2025-04-29T14:32:00,store,S004,C02103,P0005,card,32586.1
T0004756,2025-04-07T19:29:00,store,S005,C01062,P0025,card,47041.159999999996
T0004757,2025-04-28T19:13:00,store,S005,C01357,P0025,cash,41545.270000000004
T0004759,2025-04-05T13:32:00,store,S004,C00250,P0026,cash,32235.12
T0004760,2025-04-30T06:11:00,store,S001,C00310,P0021,card,2357.03
T0004763,2025-04-14T16:32:00,store,S005,C00103,P0025,cash,304740.79
T0004764,2025-04-01T06:25:00,store,S003,C00195,P0023,card,14816.73
T0004765,2025-04-03T14:20:00,store,S005,C00809,P0014,cash,228145.37
T0004766,2025-04-29T15:15:00,store,S004,C01801,P0005,cash,78068.61
T0004767,2025-04-17T08:44:00,store,S005,C00026,P0014,cash,86767.56
T0004768,2025-04-05T01:07:00,store,S006,C00686,P0003,cash,29656.48
T0004769,2025-04-08T05:38:00,store,S005,C00749,P0012,card,8361.2
T0004770,2025-04-18T16:46:00,store,S006,C01774,P0024,card,4143.86
T0004771,2025-04-13T19:20:00,store,S003,C01868,P0023,card,240487.72
T0004772,2025-04-11T10:38:00,store,S001,C00021,P0002,card,140234.13
T0004773,2025-04-20T17:22:00,store,S006,C00871,P0003,cash,10599.46
T0004774,2025-04-03T12:11:00,store,S006,C01865,P0011,cash,50292.56
T0004775,2025-04-25T21:27:00,store,S004,C01469,P0005,card,46416.83
T0004776,2025-04-10T23:16:00,store,S001,C01508,P0006,card,50007.17
T0004777,2025-04-21T11:50:00,store,S005,C00926,P0014,cash,40471.119999999995
T0004780,2025-04-12T09:10:00,store,S006,C01542,P0011,cash,5419.18
T0004782,2025-04-27T08:54:00,store,S004,C02330,P0005,cash,46474.42999999999
T0004783,2025-04-07T07:01:00,store,S001,C01393,P0021,card,5400.2
T0004784,2025-04-17T15:58:00,store,S001,C01164,P0004,cash,8983.85
T0004786,2025-04-13T16:48:00,store,S006,C00481,P0011,card,135126.08
T0004787,2025-04-03T17:56:00,store,S003,C01333,P0017,card,5003.99
T0004788,2025-04-24T00:54:00,store,S005,C01679,P0008,card,10959.970000000001
T0004790,2025-04-10T22:45:00,store,S006,C01143,P0011,card,2637.48
T0004792,2025-04-20T15:37:00,store,S006,C01313,P0011,cash,13651.72
T0004793,2025-04-02T05:48:00,store,S001,C01307,P0004,card,12292.37
T0004794,2025-04-04T10:10:00,store,S001,C00220,P0009,card,267563.11
T0004795,2025-04-10T12:48:00,store,S006,C01476,P0003,cash,132706.57
T0004798,2025-04-19T18:43:00,store,S002,C00390,P0010,cash,20317.78
T0004801,2025-04-11T08:01:00,store,S005,C00374,P0025,cash,14427.23
T0004802,2025-04-12T08:08:00,store,S003,C01652,P0023,card,49042.88
T0004803,2025-04-23T01:15:00,store,S002,C01706,P0007,cash,20640.77
T0004804,2025-04-25T04:31:00,store,S005,C01780,P0008,cash,16640.940000000002
T0004808,2025-04-17T14:54:00,store,S004,C01860,P0005,card,19794.170000000002
T0004809,2025-04-16T21:07:00,store,S005,C01828,P0008,card,4670.09
T0004811,2025-04-09T22:51:00,store,S005,C00664,P0025,cash,101087.09000000001
T0004813,2025-04-18T13:06:00,store,S001,C00425,P0002,cash,13572.28
T0004814,2025-04-08T16:24:00,store,S006,C00542,P0003,cash,6461.85
T0004815,2025-04-06T16:27:00,store,S003,C01659,P0017,card,277102.2
T0004817,2025-04-22T03:12:00,store,S001,C02125,P0015,cash,18346.260000000002
T0004818,2025-04-27T14:06:00,store,S002,C00994,P0001,card,281790.72
T0004819,2025-04-23T14:28:00,store,S005,C00381,P0012,card,252305.65000000002
T0004820,2025-04-15T00:38:00,store,S001,C00675,P0002,card,7081.21
T0004822,2025-04-27T20:55:00,store,S003,C00398,P0023,cash,5632.64
T0004823,2025-04-16T15:21:00,store,S006,C01077,P0016,cash,206775.32
T0004824,2025-04-27T16:24:00,store,S003,C00024,P0019,card,16107.829999999998
T0004825,2025-04-23T22:40:00,store,S005,C02407,P0025,cash,16899.89
T0004826,2025-04-16T10:56:00,store,S006,C00857,P0024,card,21675.5
T0004827,2025-04-17T10:08:00,store,S003,C01248,P0022,card,349289.66
T0004828,2025-04-15T07:46:00,store,S003,C01585,P0022,card,11445.36
T0004829,2025-04-27T11:41:00,store,S004,C02124,P0026,card,153889.85
T0004830,2025-04-04T06:17:00,store,S006,C01078,P0003,card,21187.84
T0004831,2025-04-22T12:00:00,store,S006,C01622,P0024,card,22192.86
T0004833,2025-04-22T18:38:00,store,S005,C00776,P0025,card,13595.82
T0004834,2025-04-03T19:58:00,store,S002,C02055,P0013,card,3284.47
T0004835,2025-04-28T19:07:00,store,S006,C02370,P0016,cash,31959.269999999997
T0004837,2025-04-30T08:52:00,store,S006,C00026,P0016,card,97658.79999999999
T0004839,2025-04-29T21:30:00,store,S004,C00614,P0026,cash,29269.47
T0004841,2025-04-17T15:44:00,store,S004,C01166,P0005,cash,26408.65
T0004843,2025-04-22T20:02:00,store,S002,C00436,P0001,cash,40889.46
T0004844,2025-04-12T14:09:00,store,S006,C00402,P0003,cash,20163.32
T0004845,2025-04-19T07:53:00,store,S001,C01415,P0021,cash,49636.299999999996
T0004846,2025-04-21T03:40:00,store,S003,C01118,P0019,card,1822.04
T0004848,2025-04-30T18:38:00,store,S006,C00637,P0024,card,210073.75
T0004849,2025-04-13T06:18:00,store,S005,C01689,P0012,cash,1300.85
T0004851,2025-04-05T20:55:00,store,S005,C00906,P0012,cash,9273.47
T0004852,2025-04-21T12:31:00,store,S004,C02337,P0026,cash,7269.01
T0004853,2025-04-27T14:09:00,store,S001,C01263,P0002,card,247285.68
T0004856,2025-04-09T07:10:00,store,S006,C01371,P0016,card,15087.0
T0004857,2025-04-08T07:42:00,store,S004,C01134,P0026,card,499918.79
T0004861,2025-04-08T06:09:00,store,S001,C02046,P0021,card,4517.97
T0004862,2025-04-22T09:21:00,store,S006,C00522,P0003,card,7247.09
T0004863,2025-04-29T03:27:00,store,S001,C00066,P0004,cash,7136.07
T0004864,2025-04-26T21:12:00,store,S003,C00784,P0017,card,1257.05
T0004865,2025-04-17T04:19:00,store,S006,C01176,P0024,cash,20763.1
T0004866,2025-04-06T19:02:00,store,S006,C02090,P0003,cash,3826.38
T0004867,2025-04-30T01:47:00,store,S005,C02449,P0008,card,9781.2
T0004868,2025-04-24T02:45:00,store,S003,C02247,P0017,cash,45517.4
T0004869,2025-04-03T03:14:00,store,S002,C02356,P0001,cash,56670.51
T0004871,2025-04-10T23:01:00,store,S004,C01385,P0026,cash,3054.41
T0004872,2025-04-07T00:50:00,store,S005,C00238,P0008,card,16379.21
T0004873,2025-04-02T01:40:00,store,S006,C01524,P0011,card,8562.31
T0004875,2025-04-23T11:51:00,store,S001,C01524,P0020,card,24139.489999999998
T0004878,2025-04-15T10:23:00,store,S006,C00985,P0016,cash,45545.35
T0004879,2025-04-14T04:06:00,store,S002,C00509,P0007,cash,138499.05
T0004880,2025-04-16T17:52:00,store,S003,C00697,P0023,card,3242.55
T0004881,2025-04-27T10:40:00,store,S004,C02376,P0026,cash,43888.71
T0004882,2025-04-19T10:58:00,store,S004,C01360,P0005,cash,20207.59
T0004884,2025-04-07T13:58:00,store,S004,C01851,P0005,card,336837.77
T0004885,2025-04-30T06:27:00,store,S004,C01203,P0026,card,48132.21
T0004886,2025-04-10T04:30:00,store,S004,C00517,P0005,cash,1541.17
T0004887,2025-04-13T14:06:00,store,S004,C01476,P0026,cash,252943.61000000002
T0004890,2025-04-01T16:23:00,store,S002,C00704,P0018,cash,42023.9
T0004891,2025-04-11T18:55:00,store,S006,C00167,P0024,cash,5476.64
T0004892,2025-04-01T12:23:00,store,S005,C02048,P0025,cash,19921.559999999998
T0004895,2025-04-22T09:03:00,store,S005,C02245,P0025,card,170901.24
T0004897,2025-04-07T17:01:00,store,S005,C01812,P0014,cash,51244.86
T0004899,2025-04-27T09:03:00,store,S005,C00214,P0008,cash,27913.170000000002
T0004900,2025-04-18T14:40:00,store,S003,C01410,P0017,card,3432.9700000000003
T0004901,2025-04-10T14:41:00,store,S006,C00789,P0016,cash,36093.5
T0004902,2025-04-13T12:56:00,store,S005,C01189,P0014,cash,14263.18
T0004903,2025-04-29T02:05:00,store,S003,C02372,P0019,card,9049.16
T0004904,2025-04-03T00:29:00,store,S001,C02251,P0004,cash,3412.59
T0004906,2025-04-30T23:21:00,store,S005,C00101,P0014,card,24393.87
T0004907,2025-04-11T05:44:00,store,S004,C00131,P0026,card,12621.18
T0004908,2025-04-25T14:56:00,store,S001,C01877,P0009,card,124359.87000000001
T0004909,2025-04-16T02:01:00,store,S005,C01079,P0025,card,23169.96
T0004914,2025-04-04T16:34:00,store,S004,C02182,P0005,card,234880.99
T0004915,2025-04-13T06:24:00,store,S003,C02417,P0019,card,13078.72
T0004916,2025-04-06T12:21:00,store,S005,C00160,P0014,cash,13657.99
T0004919,2025-04-05T10:57:00,store,S006,C00475,P0011,cash,7952.69
T0004920,2025-04-07T07:58:00,store,S002,C00447,P0010,card,15612.89
T0004921,2025-04-26T08:07:00,store,S005,C01882,P0012,cash,195306.91
T0004922,2025-04-23T03:00:00,store,S003,C02120,P0019,card,3361.22
T0004923,2025-04-01T00:24:00,store,S001,C00335,P0002,cash,10533.1
T0004924,2025-04-03T23:02:00,store,S002,C02220,P0018,card,7831.85
T0004925,2025-04-21T11:59:00,store,S006,C00094,P0024,cash,6101.4400000000005
T0004926,2025-04-09T17:30:00,store,S003,C01468,P0017,card,15538.9
T0004928,2025-04-09T16:27:00,store,S001,C01076,P0002,card,6416.29
T0004930,2025-04-17T17:50:00,store,S004,C00643,P0026,cash,113464.45999999999
T0004931,2025-04-30T12:45:00,store,S004,C02045,P0005,card,77992.78
T0004933,2025-04-06T17:54:00,store,S001,C02092,P0021,card,153683.17
T0004934,2025-04-03T10:55:00,store,S005,C02000,P0025,cash,27815.879999999997
T0004935,2025-04-15T21:17:00,store,S003,C02117,P0019,cash,14899.990000000002
T0004936,2025-04-04T13:02:00,store,S003,C01935,P0022,cash,90340.51
T0004937,2025-04-03T07:53:00,store,S004,C02162,P0005,card,10211.529999999999
T0004938,2025-04-07T00:51:00,store,S001,C02142,P0015,card,10497.099999999999
T0004939,2025-04-05T19:32:00,store,S004,C01205,P0005,card,16406.06
T0004940,2025-04-07T09:45:00,store,S002,C01651,P0013,card,11460.92
T0004943,2025-04-23T06:24:00,store,S003,C00782,P0022,card,9299.22
T0004948,2025-04-10T20:00:00,store,S001,C02059,P0015,cash,12311.16
T0004949,2025-04-01T04:30:00,store,S005,C01125,P0014,cash,47925.64
T0004950,2025-04-21T07:01:00,store,S003,C01617,P0022,card,5439.13
T0004951,2025-04-19T18:07:00,store,S005,C00154,P0008,cash,4047.64
T0004952,2025-04-19T05:07:00,store,S002,C01536,P0001,cash,247233.19
T0004953,2025-04-28T16:47:00,store,S005,C01712,P0014,cash,9842.86
T0004954,2025-04-20T23:28:00,store,S002,C00841,P0010,cash,13112.26
T0004955,2025-04-28T21:44:00,store,S004,C01989,P0026,card,196591.03000000003
T0004956,2025-04-18T01:55:00,store,S002,C00527,P0018,cash,14941.42
T0004957,2025-04-17T04:41:00,store,S004,C00470,P0026,cash,25771.0
T0004958,2025-04-27T07:14:00,store,S005,C02131,P0025,card,131494.45
T0004959,2025-04-19T12:50:00,store,S004,C01845,P0026,cash,224633.19
T0004960,2025-04-19T05:35:00,store,S005,C01246,P0014,cash,200850.77000000002
T0004961,2025-04-22T04:18:00,store,S005,C00070,P0025,cash,342322.33999999997
T0004962,2025-04-08T08:55:00,store,S002,C00594,P0010,cash,15100.869999999999
T0004963,2025-04-24T19:23:00,store,S002,C02485,P0018,card,10933.28
T0004964,2025-04-18T01:22:00,store,S005,C01127,P0025,cash,109638.8
T0004966,2025-04-18T05:51:00,store,S001,C01763,P0004,card,18147.67
T0004968,2025-04-28T03:24:00,store,S004,C02252,P0005,card,19594.550000000003
T0004970,2025-04-20T23:45:00,store,S006,C00989,P0011,card,26326.27
T0004971,2025-04-10T17:45:00,store,S005,C00144,P0008,cash,46607.259999999995
T0004973,2025-04-26T03:21:00,store,S005,C01526,P0014,card,10809.27
T0004975,2025-04-17T04:39:00,store,S003,C01225,P0017,card,20214.56
T0004976,2025-04-23T23:26:00,store,S003,C00259,P0019,cash,208347.16999999998
T0004978,2025-04-21T10:23:00,store,S001,C00908,P0020,cash,24554.800000000003
T0004979,2025-04-18T16:51:00,store,S004,C01486,P0005,cash,12324.41
T0004982,2025-04-30T13:22:00,store,S004,C01061,P0026,cash,41426.21
T0004983,2025-04-26T17:44:00,store,S001,C01716,P0020,card,19587.050000000003
T0004984,2025-04-16T15:58:00,store,S004,C00952,P0026,cash,21566.42
T0004985,2025-04-08T00:31:00,store,S004,C01082,P0005,cash,19663.64
T0004986,2025-04-02T03:59:00,store,S006,C01249,P0024,card,1881.82
T0004987,2025-04-02T15:17:00,store,S005,C02242,P0025,card,5491.8
T0004989,2025-04-06T09:08:00,store,S005,C02315,P0025,cash,114445.96
T0004990,2025-04-28T19:20:00,store,S006,C00106,P0011,card,207020.14
T0004991,2025-04-25T17:49:00,store,S004,C01406,P0026,cash,180321.02000000002
T0004992,2025-04-24T10:34:00,store,S002,C02390,P0018,cash,91065.17
T0004993,2025-04-08T23:26:00,store,S003,C01861,P0023,cash,69905.16
T0004994,2025-04-25T08:25:00,store,S003,C02086,P0017,card,5916.3099999999995
T0004995,2025-04-09T00:37:00,store,S001,C02073,P0021,card,1793.48
T0004996,2025-04-04T12:51:00,store,S001,C01171,P0004,card,395758.37
T0004997,2025-04-21T18:28:00,store,S005,C00641,P0014,card,35612.68
T0004998,2025-04-07T19:12:00,store,S002,C00984,P0013,cash,4986.2
T0005000,2025-04-26T13:36:00,store,S005,C01879,P0012,cash,10066.650000000001
T0005002,2025-04-06T18:13:00,store,S001,C00003,P0002,cash,10303.98
T0005004,2025-04-14T19:49:00,store,S003,C01303,P0022,cash,73960.98
T0005007,2025-04-07T09:41:00,store,S001,C01749,P0009,card,246938.9
T0005008,2025-04-30T17:34:00,store,S004,C00168,P0005,card,34086.04
T0005009,2025-04-26T11:49:00,store,S004,C01585,P0026,cash,121581.49
T0005010,2025-04-09T22:58:00,store,S003,C00067,P0017,cash,36702.52
T0005012,2025-04-10T05:37:00,store,S006,C00282,P0016,cash,4834.219999999999
T0005013,2025-04-09T05:10:00,store,S001,C00058,P0004,cash,16856.05
T0005014,2025-04-13T16:24:00,store,S004,C01286,P0026,card,11176.67
T0005015,2025-04-05T09:21:00,store,S004,C01354,P0026,cash,20192.07
T0005016,2025-04-26T04:48:00,store,S001,C00565,P0009,card,371199.11
T0005019,2025-04-13T10:39:00,store,S002,C00804,P0018,card,97208.0
T0005020,2025-04-17T14:32:00,store,S001,C01427,P0006,cash,20724.27
T0005021,2025-04-29T19:22:00,store,S006,C02424,P0011,card,10503.83
T0005022,2025-04-27T12:05:00,store,S004,C02048,P0026,card,5868.35
T0005023,2025-04-21T23:37:00,store,S003,C01699,P0017,cash,26574.58
T0005024,2025-04-26T23:16:00,store,S003,C02178,P0022,cash,34014.439999999995
T0005025,2025-04-20T03:22:00,store,S002,C02373,P0007,cash,30375.15
T0005026,2025-04-23T00:19:00,store,S001,C01619,P0002,card,6351.320000000001
T0005027,2025-04-19T07:32:00,store,S006,C00641,P0024,card,303553.29000000004
T0005028,2025-04-15T21:59:00,store,S001,C00205,P0006,cash,39435.68
T0005029,2025-04-28T03:18:00,store,S005,C02146,P0014,cash,27991.48
T0005031,2025-04-24T15:40:00,store,S004,C01247,P0026,card,12078.68
T0005033,2025-04-29T20:12:00,store,S003,C01941,P0022,card,7017.92
T0005034,2025-04-12T12:22:00,store,S002,C01759,P0010,card,22866.43
T0005035,2025-04-18T11:25:00,store,S004,C02400,P0026,card,2064.8
T0005036,2025-04-17T17:59:00,store,S006,C01075,P0003,cash,16337.259999999998
T0005039,2025-04-10T11:01:00,store,S003,C01122,P0017,cash,35759.97
T0005040,2025-04-25T15:46:00,store,S006,C01959,P0003,cash,263913.99
T0005041,2025-04-22T18:26:00,store,S002,C00676,P0018,card,214704.68000000002
T0005042,2025-04-27T04:27:00,store,S003,C01862,P0019,card,8489.85
T0005043,2025-04-10T22:55:00,store,S001,C01542,P0020,cash,8281.15
T0005045,2025-04-05T10:08:00,store,S001,C01177,P0009,card,9159.1
T0005046,2025-04-14T07:15:00,store,S001,C00520,P0020,cash,69958.36
T0005047,2025-04-23T13:30:00,store,S003,C02263,P0017,card,15569.51
T0005049,2025-04-26T05:48:00,store,S003,C02245,P0022,cash,208786.37999999998
T0005050,2025-04-03T21:12:00,store,S001,C02006,P0004,card,2041.39
T0005051,2025-04-24T05:33:00,store,S005,C00174,P0008,card,213260.11
T0005054,2025-04-14T03:00:00,store,S001,C02062,P0015,card,60895.78
T0005058,2025-04-30T23:40:00,store,S006,C01395,P0011,card,13483.39
T0005059,2025-04-20T00:45:00,store,S006,C00950,P0016,card,118527.29
T0005060,2025-04-01T16:26:00,store,S001,C01195,P0021,cash,2299.98
T0005061,2025-04-08T00:22:00,store,S006,C01692,P0011,cash,238077.95
T0005062,2025-04-21T15:33:00,store,S006,C02476,P0016,cash,19860.87
T0005063,2025-04-13T18:06:00,store,S005,C00863,P0008,cash,19780.08
T0005065,2025-04-18T00:01:00,store,S003,C02143,P0022,cash,11455.02
T0005066,2025-04-07T08:14:00,store,S006,C02400,P0011,card,20043.85
T0005067,2025-04-07T07:52:00,store,S001,C02211,P0004,cash,12330.29
T0005068,2025-04-03T21:27:00,store,S004,C00829,P0026,card,4282.65
T0005070,2025-04-22T00:55:00,store,S004,C01964,P0026,card,207934.77
T0005071,2025-04-02T09:12:00,store,S006,C00594,P0024,card,390580.23000000004
T0005072,2025-04-14T18:34:00,store,S004,C01828,P0026,card,4671.73
T0005073,2025-04-15T04:22:00,store,S005,C00896,P0025,card,202047.88
T0005075,2025-04-13T07:58:00,store,S003,C00044,P0017,card,39294.25
T0005077,2025-04-04T21:52:00,store,S003,C00340,P0023,card,28622.72
T0005078,2025-04-15T12:18:00,store,S004,C01888,P0026,cash,8807.08
T0005080,2025-04-22T12:11:00,store,S003,C00944,P0017,cash,313621.41000000003
T0005081,2025-04-07T22:29:00,store,S001,C01985,P0002,cash,19236.17
T0005082,2025-04-08T08:07:00,store,S005,C00778,P0008,cash,356300.87
T0005083,2025-04-19T21:33:00,store,S003,C00340,P0023,cash,16642.66
T0005088,2025-04-17T11:49:00,store,S006,C01561,P0016,cash,25815.29
T0005090,2025-04-23T06:07:00,store,S003,C00605,P0022,card,10854.95
T0005091,2025-04-15T05:54:00,store,S005,C00105,P0025,card,234897.38
T0005092,2025-04-30T06:14:00,store,S005,C00025,P0014,card,258144.97
T0005093,2025-04-06T18:53:00,store,S003,C01301,P0019,cash,14446.73
T0005095,2025-04-29T17:40:00,store,S004,C01187,P0005,cash,272584.04
T0005096,2025-04-07T08:31:00,store,S002,C01379,P0007,card,3470.81
T0005097,2025-04-28T08:13:00,store,S005,C00713,P0014,card,68126.76999999999
T0005098,2025-04-27T20:16:00,store,S001,C00537,P0020,card,299784.85
T0005099,2025-04-05T12:41:00,store,S005,C00326,P0008,cash,2989.33
T0005100,2025-04-13T15:46:00,store,S004,C00747,P0005,cash,209611.46
T0005101,2025-04-19T12:49:00,store,S004,C01112,P0005,cash,16226.300000000001
T0005104,2025-04-06T08:46:00,store,S001,C01905,P0015,card,2255.98
T0005107,2025-04-12T19:38:00,store,S002,C00183,P0001,cash,123535.29
T0005108,2025-04-27T17:03:00,store,S002,C00417,P0010,card,157492.86000000002
T0005112,2025-04-29T09:44:00,store,S004,C01334,P0026,card,30680.79
T0005113,2025-04-15T04:22:00,store,S005,C02151,P0012,card,3440.1
T0005114,2025-04-19T16:15:00,store,S001,C00937,P0002,cash,23379.03
T0005115,2025-04-06T09:16:00,store,S001,C02000,P0009,cash,704089.39
T0005118,2025-04-21T02:08:00,store,S003,C00168,P0022,cash,410798.15
T0005119,2025-04-12T07:43:00,store,S003,C02358,P0017,cash,32015.25
T0005120,2025-04-09T06:35:00,store,S003,C01917,P0023,cash,240281.75
T0005121,2025-04-22T20:38:00,store,S005,C01962,P0014,cash,1701.51
T0005122,2025-04-09T14:03:00,store,S003,C00249,P0023,card,136980.0
T0005124,2025-04-14T02:50:00,store,S001,C00697,P0020,card,218626.87
T0005126,2025-04-15T22:44:00,store,S004,C02426,P0026,card,13647.51
T0005128,2025-04-28T16:02:00,store,S004,C00877,P0026,cash,257146.9
T0005129,2025-04-24T07:03:00,store,S001,C00082,P0021,cash,465035.88
T0005130,2025-04-07T20:01:00,store,S006,C01198,P0011,card,12467.71
T0005131,2025-04-28T14:39:00,store,S004,C01525,P0026,card,16594.05
T0005132,2025-04-09T22:56:00,store,S005,C01952,P0025,cash,220970.18000000002
T0005134,2025-04-13T02:08:00,store,S004,C01517,P0005,card,42348.509999999995
T0005136,2025-04-03T16:48:00,store,S003,C00891,P0023,card,16918.76
T0005138,2025-05-04T14:07:00,online,,C00184,,card,2631.21
T0005139,2025-05-18T22:25:00,online,,C02029,,wallet,6356.17
T0005140,2025-05-01T09:11:00,online,,C00378,,card,121077.32
T0005141,2025-05-27T03:45:00,online,,C01238,,card,24854.32
T0005142,2025-05-13T20:06:00,online,,C00781,,card,587721.44
T0005144,2025-05-15T09:47:00,online,,C00951,,cod,1394.05
T0005145,2025-05-10T12:39:00,online,,C02175,,wallet,46764.68
T0005146,2025-05-21T09:08:00,online,,C00083,,wallet,8141.740000000001
T0005147,2025-05-30T08:19:00,online,,C00531,,cod,50460.79
T0005148,2025-05-31T11:38:00,online,,C00774,,card,15950.3
T0005149,2025-05-11T22:44:00,online,,C00467,,wallet,44385.28
T0005150,2025-05-22T10:50:00,online,,C00817,,card,86591.08
T0005152,2025-05-01T06:35:00,online,,C00002,,cod,252911.79
T0005153,2025-05-05T22:01:00,online,,C02124,,cod,372917.51
T0005154,2025-05-17T21:17:00,online,,C00690,,cod,2971.07
T0005156,2025-05-20T05:14:00,online,,C00668,,wallet,13078.96
T0005157,2025-05-21T14:43:00,online,,C00008,,cod,2269.4
T0005158,2025-05-07T00:25:00,online,,C00193,,card,118136.84
T0005159,2025-05-16T00:46:00,online,,C00212,,wallet,29260.33
T0005160,2025-05-29T02:30:00,online,,C01520,,card,25630.89
T0005163,2025-05-28T00:51:00,online,,C00351,,card,19119.52
T0005164,2025-05-02T22:00:00,online,,C02321,,cod,40607.96
T0005165,2025-05-09T18:47:00,online,,C00512,,card,16266.0
T0005166,2025-05-02T12:42:00,online,,C00357,,wallet,35714.75
T0005167,2025-05-02T01:12:00,online,,C00759,,cod,50429.64
T0005168,2025-05-17T05:48:00,online,,C02116,,wallet,11463.66
T0005169,2025-05-17T04:51:00,online,,C02081,,card,7681.13
T0005170,2025-05-16T05:41:00,online,,C00583,,wallet,12213.779999999999
T0005171,2025-05-05T20:33:00,online,,C02379,,card,364400.41
T0005172,2025-05-28T15:08:00,online,,C01510,,cod,19959.52
T0005174,2025-05-24T04:28:00,online,,C02484,,cod,15446.810000000001
T0005175,2025-05-13T18:10:00,online,,C01235,,card,1789.52
T0005177,2025-05-31T01:43:00,online,,C00266,,wallet,5639.13
T0005181,2025-05-28T09:44:00,online,,C02399,,cod,7867.21
T0005182,2025-05-11T18:46:00,online,,C01239,,wallet,6541.700000000001
T0005184,2025-05-29T18:30:00,online,,C01042,,card,33176.24
T0005187,2025-05-25T08:46:00,online,,C02239,,card,15693.97
T0005188,2025-05-05T20:55:00,online,,C02457,,card,5551.03
T0005191,2025-05-26T00:17:00,online,,C01794,,cod,7024.65
T0005193,2025-05-21T19:57:00,online,,C01942,,wallet,233150.22
T0005194,2025-05-21T06:38:00,online,,C01864,,wallet,13940.25
T0005195,2025-05-12T16:28:00,online,,C01290,,card,20458.129999999997
T0005196,2025-05-19T14:28:00,online,,C01254,,wallet,30146.68
T0005197,2025-05-15T19:51:00,online,,C00597,,wallet,9754.2
T0005198,2025-05-09T12:33:00,online,,C01135,,card,3688.67
T0005199,2025-05-03T11:51:00,online,,C02335,,wallet,9569.75
T0005200,2025-05-01T01:21:00,online,,C00575,,wallet,111936.56
T0005201,2025-05-17T19:14:00,online,,C00144,,wallet,8714.24
T0005202,2025-05-24T09:55:00,online,,C01054,,wallet,11059.32
T0005203,2025-05-25T11:07:00,online,,C02472,,card,8342.07
T0005205,2025-05-19T12:09:00,online,,C01842,,cod,14366.82
T0005206,2025-05-07T12:57:00,online,,C02030,,cod,12518.2
T0005207,2025-05-12T11:26:00,online,,C01179,,cod,8520.09
T0005210,2025-05-28T11:05:00,online,,C00819,,card,1668.88
T0005211,2025-05-15T17:03:00,online,,C00101,,card,4141.15
T0005212,2025-05-07T11:15:00,online,,C02056,,card,5798.83
T0005213,2025-05-08T16:38:00,online,,C00968,,wallet,202202.82
T0005214,2025-05-06T16:44:00,online,,C01169,,card,41115.29
T0005215,2025-05-24T00:33:00,online,,C00545,,card,5267.89
T0005216,2025-05-07T03:59:00,online,,C02356,,card,82003.39
T0005217,2025-05-18T23:59:00,online,,C00555,,card,6489.66
T0005218,2025-05-14T19:37:00,online,,C01576,,cod,426101.37
T0005219,2025-05-23T10:06:00,online,,C01699,,card,386005.05
T0005220,2025-05-20T03:35:00,online,,C01355,,card,8482.66
T0005221,2025-05-18T07:17:00,online,,C02371,,cod,7470.08
T0005222,2025-05-22T12:48:00,online,,C01170,,card,4431.97
T0005225,2025-05-19T01:00:00,online,,C00832,,cod,102452.25
T0005226,2025-05-16T06:42:00,online,,C01661,,wallet,2442.18
T0005227,2025-05-16T20:25:00,online,,C02084,,card,42737.27
T0005228,2025-05-17T16:17:00,online,,C00168,,card,453748.62
T0005229,2025-05-16T06:22:00,online,,C00825,,wallet,29305.18
T0005230,2025-05-03T14:29:00,online,,C00917,,wallet,13818.73
T0005231,2025-05-26T23:26:00,online,,C02421,,card,20151.53
T0005232,2025-05-26T06:41:00,online,,C00832,,card,469806.19
T0005235,2025-05-22T03:40:00,online,,C01864,,cod,2960.95
T0005236,2025-05-16T10:37:00,online,,C00719,,cod,246185.4
T0005237,2025-05-04T12:06:00,online,,C02041,,cod,167543.95
T0005240,2025-05-27T08:31:00,online,,C00305,,card,50689.33
T0005242,2025-05-19T02:40:00,online,,C02249,,card,47163.2
T0005245,2025-05-22T00:15:00,online,,C02488,,card,60593.56999999999
T0005246,2025-05-22T20:35:00,online,,C00449,,wallet,231431.45
T0005247,2025-05-22T21:42:00,online,,C00116,,card,52345.26
T0005248,2025-05-13T03:38:00,online,,C00035,,card,40778.35
T0005251,2025-05-16T09:22:00,online,,C00015,,wallet,209892.5
T0005254,2025-05-25T09:27:00,online,,C00485,,wallet,219192.05
T0005255,2025-05-30T07:49:00,online,,C02307,,cod,32587.86
T0005256,2025-05-24T12:05:00,online,,C02261,,cod,3027.18
T0005258,2025-05-15T08:43:00,online,,C02029,,card,33353.35
T0005260,2025-05-18T17:07:00,online,,C00277,,wallet,232232.52
T0005261,2025-05-06T11:12:00,online,,C01338,,cod,1848.62
T0005262,2025-05-31T08:11:00,online,,C00723,,cod,35833.84
T0005263,2025-05-16T14:34:00,online,,C00066,,cod,19834.99
T0005264,2025-05-16T05:58:00,online,,C00659,,cod,96244.69
T0005265,2025-05-20T02:29:00,online,,C00447,,wallet,20250.36
T0005266,2025-05-29T17:44:00,online,,C00609,,wallet,217924.80000000002
T0005267,2025-05-31T22:27:00,online,,C00245,,cod,48832.44
T0005268,2025-05-08T03:02:00,online,,C00809,,card,7220.11
T0005269,2025-05-31T10:11:00,online,,C00542,,cod,15353.34
T0005270,2025-05-07T16:54:00,online,,C02165,,card,9177.26
T0005271,2025-05-22T11:23:00,online,,C01289,,cod,75869.76000000001
T0005272,2025-05-06T01:51:00,online,,C01118,,cod,8573.73
T0005273,2025-05-23T07:17:00,online,,C01236,,cod,12900.27
T0005274,2025-05-17T04:33:00,online,,C02115,,card,15811.73
T0005275,2025-05-29T05:32:00,online,,C01108,,cod,6463.9
T0005276,2025-05-15T17:29:00,online,,C01269,,cod,16344.39
T0005278,2025-05-05T15:05:00,online,,C01482,,cod,4550.56
T0005279,2025-05-09T00:13:00,online,,C01175,,cod,6358.59
T0005280,2025-05-07T06:25:00,online,,C01614,,card,9085.53
T0005282,2025-05-10T18:42:00,online,,C02401,,wallet,1847.04
T0005283,2025-05-05T18:04:00,online,,C00497,,cod,127241.58
T0005284,2025-05-29T18:41:00,online,,C00546,,cod,37522.850000000006
T0005285,2025-05-14T15:18:00,online,,C01081,,card,214880.27
T0005286,2025-05-06T21:37:00,online,,C02271,,card,290247.06
T0005287,2025-05-01T13:29:00,online,,C01974,,card,17901.17
T0005289,2025-05-29T07:40:00,online,,C02376,,wallet,231608.13
T0005290,2025-05-09T23:23:00,online,,C01805,,card,8403.75
T0005291,2025-05-17T00:59:00,online,,C02107,,wallet,64401.68
T0005293,2025-05-18T06:37:00,online,,C01870,,wallet,8645.5
T0005295,2025-05-01T00:24:00,online,,C01130,,wallet,6972.23
T0005297,2025-05-02T09:13:00,online,,C00799,,card,210734.69
T0005298,2025-05-09T13:47:00,online,,C00013,,card,7819.68
T0005299,2025-05-23T23:29:00,online,,C00217,,cod,180166.55
T0005301,2025-05-07T05:13:00,online,,C01836,,card,26420.31
T0005303,2025-05-20T11:01:00,online,,C01820,,cod,9583.65
T0005304,2025-05-28T21:07:00,online,,C01475,,cod,30214.870000000003
T0005305,2025-05-23T23:45:00,online,,C02167,,cod,4727.25
T0005307,2025-05-29T18:31:00,online,,C00231,,cod,14246.97
T0005308,2025-05-09T04:15:00,online,,C01735,,cod,9677.43
T0005309,2025-05-12T21:19:00,online,,C00038,,cod,90772.03
T0005310,2025-05-06T11:53:00,online,,C01410,,card,259564.05
T0005311,2025-05-21T01:13:00,online,,C01007,,card,41585.72
T0005313,2025-05-28T15:03:00,online,,C02376,,wallet,1661.43
T0005314,2025-05-11T21:38:00,online,,C02206,,card,18282.28
T0005315,2025-05-09T04:45:00,online,,C02362,,card,24904.29
T0005317,2025-05-11T04:01:00,online,,C00265,,cod,6605.89
T0005318,2025-05-02T18:33:00,online,,C01893,,wallet,19249.59
T0005319,2025-05-21T00:50:00,online,,C00756,,card,25835.53
T0005322,2025-05-09T23:47:00,online,,C02226,,cod,247199.0
T0005323,2025-05-12T17:20:00,online,,C02439,,wallet,5369.74
T0005324,2025-05-01T03:19:00,online,,C01009,,card,9189.05
T0005325,2025-05-01T22:41:00,online,,C01349,,cod,34293.83
T0005326,2025-05-30T05:24:00,online,,C00351,,cod,195019.87
T0005327,2025-05-16T06:48:00,online,,C00326,,card,21997.739999999998
T0005328,2025-05-26T02:17:00,online,,C00092,,card,208100.4
T0005329,2025-05-16T10:06:00,online,,C01459,,wallet,7291.0
T0005330,2025-05-30T14:22:00,online,,C02459,,card,13551.130000000001
T0005332,2025-05-17T13:30:00,online,,C00491,,cod,95665.26000000001
T0005333,2025-05-17T00:39:00,online,,C02263,,card,11244.56
T0005334,2025-05-10T18:47:00,online,,C00845,,card,22308.84
T0005336,2025-05-25T10:22:00,online,,C01474,,card,7993.63
T0005337,2025-05-16T16:50:00,online,,C01209,,cod,5749.43
T0005338,2025-05-06T22:16:00,online,,C02239,,card,4584.85
T0005339,2025-05-08T14:39:00,online,,C02361,,cod,16959.48
T0005340,2025-05-09T05:23:00,online,,C01869,,card,199933.84
T0005341,2025-05-09T13:22:00,online,,C00281,,wallet,9635.4
T0005345,2025-05-06T00:14:00,online,,C00546,,cod,20364.129999999997
T0005350,2025-05-20T00:57:00,online,,C00997,,card,14749.49
T0005351,2025-05-28T05:55:00,online,,C02348,,card,6007.08
T0005352,2025-05-04T23:27:00,online,,C00124,,wallet,227934.87
T0005354,2025-05-07T18:22:00,online,,C01376,,wallet,13359.11
T0005355,2025-05-16T06:52:00,online,,C00109,,cod,37251.52
T0005357,2025-05-19T03:09:00,online,,C02297,,wallet,76636.95999999999
T0005358,2025-05-26T18:56:00,online,,C02444,,wallet,38776.97
T0005359,2025-05-02T15:51:00,online,,C01017,,wallet,32172.39
T0005360,2025-05-26T03:22:00,online,,C02078,,card,12203.62
T0005361,2025-05-15T19:51:00,online,,C02397,,cod,3932.11
T0005362,2025-05-15T10:50:00,online,,C02134,,card,207171.58
T0005363,2025-05-02T19:37:00,online,,C02110,,card,3214.84
T0005364,2025-05-07T20:03:00,online,,C01063,,wallet,293135.82
T0005365,2025-05-25T19:39:00,online,,C01644,,card,13600.16
T0005366,2025-05-31T04:29:00,online,,C00860,,card,1048.3
T0005367,2025-05-13T21:44:00,online,,C00165,,card,178402.81
T0005368,2025-05-11T02:01:00,online,,C00885,,cod,16274.9
T0005369,2025-05-21T07:29:00,online,,C01125,,cod,64153.64
T0005370,2025-05-30T11:32:00,online,,C01595,,cod,5447.389999999999
T0005372,2025-05-16T14:59:00,online,,C00692,,wallet,4277.63
T0005373,2025-05-13T07:09:00,online,,C02119,,wallet,16568.83
T0005376,2025-05-01T22:07:00,online,,C02188,,wallet,12066.86
T0005377,2025-05-16T09:04:00,online,,C00910,,cod,67446.12
T0005378,2025-05-06T19:58:00,online,,C00081,,card,19972.74
T0005379,2025-05-30T16:40:00,online,,C02057,,card,2773.11
T0005380,2025-05-22T11:34:00,online,,C00919,,wallet,53251.84
T0005381,2025-05-14T02:21:00,online,,C01240,,cod,71804.98
T0005382,2025-05-22T16:40:00,online,,C00806,,card,209942.9
T0005383,2025-05-06T21:28:00,online,,C00139,,wallet,199690.9
T0005385,2025-05-31T15:45:00,online,,C00172,,wallet,38826.909999999996
T0005386,2025-05-01T23:51:00,online,,C01813,,card,360798.72000000003
T0005387,2025-05-14T03:12:00,online,,C00316,,cod,45228.15
T0005389,2025-05-08T12:57:00,online,,C01942,,cod,21729.36
T0005390,2025-05-13T00:23:00,online,,C00575,,cod,13778.46
T0005392,2025-05-01T17:34:00,online,,C01567,,cod,312452.7
T0005396,2025-05-30T13:04:00,online,,C00161,,card,34859.93
T0005397,2025-05-02T15:03:00,online,,C02247,,card,93248.76000000001
T0005398,2025-05-28T22:47:00,online,,C02203,,wallet,28175.370000000003
T0005399,2025-05-22T14:05:00,online,,C02280,,card,78081.01
T0005400,2025-05-18T12:23:00,online,,C00756,,card,15213.54
T0005401,2025-05-16T22:52:00,online,,C00879,,card,11721.29
T0005403,2025-05-16T20:59:00,online,,C01318,,wallet,31352.86
T0005404,2025-05-23T02:52:00,online,,C00926,,wallet,60486.47
T0005405,2025-05-01T07:27:00,online,,C02228,,card,4980.26
T0005406,2025-05-06T15:40:00,online,,C00328,,cod,4628.91
T0005407,2025-05-21T15:08:00,online,,C00819,,card,6622.09
T0005408,2025-05-27T16:21:00,online,,C01122,,cod,31558.43
T0005412,2025-05-11T10:58:00,online,,C01464,,card,41675.57
T0005413,2025-05-15T12:46:00,online,,C00611,,wallet,2252.3
T0005415,2025-05-25T12:50:00,online,,C02128,,wallet,8886.7
T0005418,2025-05-27T08:27:00,online,,C02457,,card,35368.619999999995
T0005419,2025-05-19T08:52:00,online,,C00295,,card,32834.58
T0005420,2025-05-09T02:46:00,online,,C00016,,cod,9275.220000000001
T0005422,2025-05-19T01:57:00,online,,C00231,,cod,23130.35
T0005423,2025-05-08T03:34:00,online,,C01448,,wallet,16687.38
T0005425,2025-05-20T21:04:00,online,,C00540,,wallet,15749.69
T0005426,2025-05-18T19:04:00,online,,C02143,,cod,34910.33
T0005427,2025-05-03T09:06:00,online,,C02109,,wallet,22290.97
T0005428,2025-05-09T11:26:00,online,,C01560,,wallet,15830.56
T0005429,2025-05-02T04:42:00,online,,C00614,,cod,7913.55
T0005431,2025-05-16T09:30:00,online,,C01977,,cod,5867.51
T0005432,2025-05-19T15:33:00,online,,C02150,,wallet,6199.36
T0005435,2025-05-17T14:35:00,online,,C00231,,wallet,7579.53
T0005437,2025-05-08T05:01:00,online,,C01132,,wallet,3149.32
T0005438,2025-05-26T22:05:00,online,,C00208,,wallet,9130.02
T0005439,2025-05-10T05:11:00,online,,C01314,,card,5398.4400000000005
T0005441,2025-05-05T14:14:00,online,,C00246,,cod,11918.119999999999
T0005442,2025-05-25T16:10:00,online,,C01030,,wallet,9824.8
T0005445,2025-05-21T09:23:00,online,,C00465,,wallet,7905.210000000001
T0005447,2025-05-09T14:31:00,online,,C00690,,wallet,12160.2
T0005448,2025-05-10T16:43:00,online,,C02287,,card,7945.9
T0005452,2025-05-26T12:09:00,online,,C00698,,card,5890.87
T0005453,2025-05-09T11:39:00,online,,C00932,,wallet,64926.57
T0005454,2025-05-17T23:12:00,online,,C02148,,cod,8775.06
T0005455,2025-05-19T20:26:00,online,,C01119,,card,18429.19
T0005456,2025-05-23T05:00:00,online,,C00958,,cod,37609.54
T0005457,2025-05-10T14:08:00,online,,C01515,,cod,112609.0
T0005458,2025-05-14T15:04:00,online,,C01385,,cod,49702.04
T0005459,2025-05-28T14:45:00,online,,C00255,,wallet,146821.50999999998
T0005460,2025-05-02T06:15:00,online,,C00045,,card,51789.21000000001
T0005461,2025-05-14T12:46:00,online,,C00931,,wallet,22143.32
T0005462,2025-05-15T16:36:00,online,,C01061,,card,22967.56
T0005463,2025-05-07T21:29:00,online,,C00459,,wallet,203910.11000000002
T0005465,2025-05-10T17:35:00,online,,C02327,,cod,35364.909999999996
T0005466,2025-05-26T16:33:00,online,,C01124,,cod,46142.270000000004
T0005467,2025-05-28T16:28:00,online,,C01701,,card,287454.21
T0005468,2025-05-15T20:40:00,online,,C01019,,card,68232.53
T0005471,2025-05-14T03:04:00,online,,C00949,,cod,15593.73
T0005472,2025-05-25T01:51:00,online,,C01291,,wallet,8018.210000000001
T0005474,2025-05-01T02:22:00,online,,C00605,,wallet,259012.3
T0005475,2025-05-23T17:23:00,online,,C00144,,cod,21513.629999999997
T0005478,2025-05-26T20:05:00,online,,C01221,,wallet,24544.53
T0005479,2025-05-01T13:40:00,online,,C01449,,cod,39865.240000000005
T0005480,2025-05-21T16:32:00,online,,C01314,,card,12834.42
T0005481,2025-05-12T11:41:00,online,,C01195,,card,105547.26999999999
T0005482,2025-05-18T12:41:00,online,,C01073,,cod,204995.16
T0005484,2025-05-04T06:14:00,online,,C01902,,cod,26776.13
T0005485,2025-05-25T15:27:00,online,,C00210,,cod,24869.68
T0005486,2025-05-21T02:34:00,online,,C01820,,card,234631.58000000002
T0005488,2025-05-18T06:04:00,online,,C02238,,wallet,5630.22
T0005489,2025-05-24T03:50:00,online,,C01415,,card,283168.72000000003
T0005490,2025-05-13T15:29:00,online,,C01624,,cod,5412.63
T0005492,2025-05-16T09:08:00,online,,C00147,,cod,5254.45
T0005493,2025-05-24T05:05:00,online,,C01880,,cod,4959.47
T0005494,2025-05-23T15:57:00,online,,C02149,,cod,30458.11
T0005495,2025-05-13T01:26:00,online,,C01383,,cod,6983.42
T0005497,2025-05-26T08:49:00,online,,C02061,,wallet,123806.08
T0005498,2025-05-29T18:44:00,online,,C01239,,wallet,5597.43
T0005500,2025-05-21T23:08:00,online,,C01523,,card,25631.32
T0005501,2025-05-13T20:57:00,online,,C00340,,wallet,241161.59
T0005502,2025-05-13T07:36:00,online,,C01812,,card,6084.1
T0005503,2025-05-22T12:51:00,online,,C00340,,wallet,9854.8
T0005504,2025-05-04T07:39:00,online,,C01388,,card,7914.27
T0005505,2025-05-05T03:51:00,online,,C00096,,card,2195.11
T0005506,2025-05-14T18:46:00,online,,C00080,,cod,10814.3
T0005507,2025-05-26T03:06:00,online,,C00516,,wallet,216205.15
T0005508,2025-05-31T05:03:00,online,,C02427,,wallet,122175.47
T0005509,2025-05-06T00:55:00,online,,C01132,,wallet,41834.97
T0005510,2025-05-10T06:46:00,online,,C02495,,card,12959.15
T0005512,2025-05-17T21:38:00,online,,C02465,,card,207515.54
T0005513,2025-05-13T20:14:00,online,,C01189,,card,232622.9
T0005514,2025-05-03T04:15:00,online,,C01242,,wallet,7252.51
T0005515,2025-05-31T15:24:00,online,,C00081,,cod,22752.55
T0005516,2025-05-16T03:06:00,online,,C01196,,card,4050.1000000000004
T0005517,2025-05-04T01:04:00,online,,C00309,,card,3933.89
T0005518,2025-05-08T21:43:00,online,,C01617,,cod,230138.72
T0005519,2025-05-20T01:17:00,online,,C00800,,cod,67148.66
T0005520,2025-05-25T19:06:00,online,,C00627,,card,206147.52
T0005521,2025-05-22T11:22:00,online,,C00522,,card,2414.33
T0005522,2025-05-23T01:18:00,online,,C02169,,card,212946.84
T0005523,2025-05-20T10:50:00,store,S001,C00073,P0015,card,3590.5
T0005524,2025-05-17T19:38:00,store,S006,C01791,P0003,cash,373208.89
T0005525,2025-05-15T20:33:00,store,S002,C01172,P0010,cash,36220.15
T0005527,2025-05-23T12:11:00,store,S004,C01025,P0026,cash,72373.3
T0005528,2025-05-03T20:04:00,store,S001,C01114,P0009,cash,38154.61
T0005529,2025-05-03T20:29:00,store,S004,C00809,P0026,cash,1114.05
T0005530,2025-05-25T19:49:00,store,S005,C01257,P0025,cash,3253.16
T0005532,2025-05-21T19:34:00,store,S002,C01298,P0007,card,6824.92
T0005533,2025-05-26T10:42:00,store,S005,C01427,P0014,cash,10851.81
T0005534,2025-05-19T13:57:00,store,S001,C01579,P0020,card,30029.48
T0005538,2025-05-31T17:13:00,store,S006,C00246,P0003,cash,3202.14
T0005539,2025-05-31T00:06:00,store,S005,C02243,P0014,cash,3910.88
T0005541,2025-05-01T09:08:00,store,S003,C01454,P0022,cash,34700.71
T0005545,2025-05-23T09:23:00,store,S001,C00612,P0015,card,6832.08
T0005546,2025-05-17T20:06:00,store,S004,C00038,P0026,card,16562.69
T0005548,2025-05-07T07:48:00,store,S005,C01497,P0014,card,124036.61
T0005550,2025-05-17T07:25:00,store,S001,C02395,P0015,cash,994.51
T0005551,2025-05-29T23:57:00,store,S001,C01722,P0015,card,14796.49
T0005552,2025-05-10T13:46:00,store,S005,C00782,P0025,card,195329.62
T0005553,2025-05-04T05:46:00,store,S004,C00551,P0026,cash,24079.96
T0005554,2025-05-30T19:22:00,store,S001,C01574,P0020,cash,260581.92
T0005555,2025-05-03T17:45:00,store,S005,C01181,P0014,card,302072.86
T0005556,2025-05-13T14:05:00,store,S005,C00683,P0025,card,68829.55
T0005557,2025-05-30T23:47:00,store,S001,C02054,P0020,card,10930.79
T0005558,2025-05-11T20:12:00,store,S004,C01710,P0005,card,15765.73
T0005559,2025-05-07T09:28:00,store,S004,C01705,P0005,cash,34339.49
T0005560,2025-05-20T11:12:00,store,S006,C00925,P0024,cash,19774.43
T0005562,2025-05-24T03:10:00,store,S001,C00576,P0004,card,47805.32
T0005563,2025-05-19T23:22:00,store,S001,C01214,P0020,cash,20292.72
T0005564,2025-05-03T22:30:00,store,S003,C01904,P0017,card,484247.05
T0005565,2025-05-21T23:14:00,store,S001,C01801,P0020,cash,40644.31
T0005567,2025-05-17T03:23:00,store,S001,C01072,P0021,card,21071.48
T0005569,2025-05-16T17:23:00,store,S004,C02331,P0005,cash,40130.07
T0005571,2025-05-13T05:05:00,store,S005,C02127,P0014,card,141679.65
T0005573,2025-05-21T03:39:00,store,S006,C00320,P0011,card,18667.09
T0005574,2025-05-01T06:34:00,store,S001,C01533,P0002,card,234664.24999999997
T0005577,2025-05-18T07:35:00,store,S004,C01097,P0026,cash,333971.89
T0005578,2025-05-05T14:11:00,store,S006,C00294,P0024,card,40104.33
T0005580,2025-05-01T18:51:00,store,S003,C00421,P0022,card,8833.48
T0005581,2025-05-29T18:46:00,store,S004,C00142,P0026,cash,16176.05
T0005582,2025-05-03T19:12:00,store,S004,C01373,P0026,card,66792.69
T0005583,2025-05-02T10:04:00,store,S005,C00460,P0014,cash,6711.99
T0005584,2025-05-28T00:13:00,store,S005,C00166,P0008,card,36541.9
T0005585,2025-05-31T15:23:00,store,S006,C01513,P0024,cash,19851.36
T0005587,2025-05-30T23:24:00,store,S004,C02147,P0005,card,9130.7
T0005588,2025-05-08T08:13:00,store,S004,C00944,P0026,card,14255.38
T0005590,2025-05-11T15:04:00,store,S002,C00358,P0010,cash,7293.92
T0005594,2025-05-04T16:16:00,store,S004,C01205,P0026,cash,14733.71
T0005595,2025-05-19T15:08:00,store,S001,C00370,P0015,card,10999.77
T0005596,2025-05-21T13:19:00,store,S002,C00196,P0018,cash,32286.260000000002
T0005598,2025-05-26T19:54:00,store,S005,C00793,P0012,cash,289205.86000000004
T0005599,2025-05-31T20:18:00,store,S003,C01831,P0017,card,607112.74
T0005600,2025-05-23T06:29:00,store,S006,C01270,P0024,cash,219781.78
T0005602,2025-05-12T11:11:00,store,S001,C00573,P0006,cash,99130.56
T0005603,2025-05-17T07:06:00,store,S006,C02307,P0016,card,51369.5
T0005604,2025-05-01T09:29:00,store,S004,C01687,P0005,cash,5223.18
T0005606,2025-05-12T09:49:00,store,S001,C02203,P0006,cash,104106.8
T0005607,2025-05-25T14:32:00,store,S006,C01214,P0003,card,66626.62
T0005609,2025-05-09T09:18:00,store,S004,C01765,P0026,card,83257.03
T0005610,2025-05-03T02:44:00,store,S001,C02200,P0015,cash,13949.12
T0005611,2025-05-15T11:37:00,store,S001,C00921,P0009,cash,29401.260000000002
T0005612,2025-05-17T03:22:00,store,S005,C02116,P0014,card,29417.739999999998
T0005613,2025-05-21T17:07:00,store,S001,C02262,P0009,card,578655.88
T0005614,2025-05-12T18:05:00,store,S002,C02420,P0010,card,8356.380000000001
T0005615,2025-05-02T21:52:00,store,S005,C02317,P0012,card,288545.12
T0005616,2025-05-10T06:11:00,store,S001,C00341,P0015,card,135374.62
T0005617,2025-05-19T08:15:00,store,S005,C01587,P0008,cash,14590.89
T0005618,2025-05-18T06:46:00,store,S005,C01942,P0008,cash,16095.400000000001
T0005621,2025-05-02T22:31:00,store,S006,C01550,P0024,card,19641.809999999998
T0005624,2025-05-12T09:33:00,store,S004,C01927,P0026,card,104222.81
T0005628,2025-05-23T06:50:00,store,S006,C00177,P0003,card,45209.39
T0005629,2025-05-11T06:29:00,store,S006,C00838,P0003,card,20269.670000000002
T0005630,2025-05-23T18:25:00,store,S006,C00066,P0003,card,18453.83
T0005631,2025-05-26T16:53:00,store,S006,C00504,P0016,cash,24710.41
T0005633,2025-05-18T16:41:00,store,S003,C02250,P0017,card,481598.08999999997
T0005634,2025-05-28T21:41:00,store,S001,C00910,P0009,card,76080.98999999999
T0005635,2025-05-18T14:25:00,store,S005,C01789,P0012,card,211368.09
T0005636,2025-05-10T08:46:00,store,S005,C00893,P0014,cash,9264.84
T0005637,2025-05-15T00:42:00,store,S001,C02053,P0021,card,13674.64
T0005638,2025-05-31T22:02:00,store,S001,C00384,P0021,cash,7549.59
T0005639,2025-05-24T21:38:00,store,S001,C01187,P0009,card,11114.07
T0005640,2025-05-07T09:29:00,store,S003,C01891,P0023,card,13002.730000000001
T0005641,2025-05-23T08:57:00,store,S006,C02068,P0024,card,218153.69
T0005642,2025-05-12T18:05:00,store,S001,C00973,P0006,card,44796.54
T0005643,2025-05-16T01:14:00,store,S005,C00903,P0014,cash,3303.84
T0005644,2025-05-13T12:25:00,store,S004,C01140,P0005,card,12439.419999999998
T0005647,2025-05-30T03:51:00,store,S006,C02250,P0011,card,14971.220000000001
T0005649,2025-05-26T16:26:00,store,S005,C02433,P0012,cash,103125.47
T0005650,2025-05-24T06:20:00,store,S006,C00091,P0016,cash,236092.77
T0005651,2025-05-31T13:11:00,store,S005,C01443,P0008,card,2537.38
T0005652,2025-05-27T12:21:00,store,S003,C01878,P0019,card,38706.37
T0005653,2025-05-04T15:52:00,store,S005,C00918,P0025,card,30938.86
T0005654,2025-05-31T01:15:00,store,S005,C01408,P0025,card,52899.47
T0005655,2025-05-26T11:26:00,store,S006,C00146,P0003,cash,33268.98
T0005658,2025-05-06T23:32:00,store,S005,C02140,P0008,cash,6349.79
T0005660,2025-05-09T07:54:00,store,S001,C01860,P0006,card,2993.0299999999997
T0005661,2025-05-10T12:54:00,store,S004,C01965,P0005,card,38412.05
T0005663,2025-05-24T08:22:00,store,S004,C01954,P0026,card,39969.07
T0005664,2025-05-03T18:08:00,store,S006,C02044,P0016,cash,17690.27
T0005665,2025-05-31T07:45:00,store,S003,C01093,P0023,cash,39504.18
T0005666,2025-05-10T19:20:00,store,S005,C01954,P0012,cash,7440.650000000001
T0005667,2025-05-22T12:17:00,store,S003,C01403,P0019,card,27560.69
T0005668,2025-05-09T04:42:00,store,S006,C01940,P0003,card,295402.42
T0005670,2025-05-30T02:12:00,store,S005,C02216,P0008,card,6290.32
T0005674,2025-05-25T23:25:00,store,S005,C01379,P0012,cash,253541.77000000002
T0005675,2025-05-07T16:27:00,store,S001,C00535,P0015,cash,6126.23
T0005677,2025-05-14T06:26:00,store,S004,C00745,P0026,card,191701.25
T0005678,2025-05-26T23:46:00,store,S003,C01862,P0017,card,68421.8
T0005679,2025-05-13T15:21:00,store,S004,C00095,P0026,cash,45168.95
T0005680,2025-05-07T18:42:00,store,S006,C00516,P0011,cash,225817.16
T0005681,2025-05-11T23:44:00,store,S006,C01866,P0003,card,19066.65
T0005682,2025-05-18T09:27:00,store,S005,C01169,P0025,card,7845.03
T0005683,2025-05-04T21:28:00,store,S004,C01948,P0026,cash,15827.17
T0005684,2025-05-07T19:43:00,store,S001,C01876,P0021,card,47331.229999999996
T0005685,2025-05-13T10:19:00,store,S004,C01387,P0005,card,13646.47
T0005686,2025-05-05T12:21:00,store,S005,C02387,P0008,cash,34758.71
T0005688,2025-05-11T19:49:00,store,S006,C00574,P0016,card,11076.09
T0005689,2025-05-03T00:30:00,store,S005,C01685,P0012,card,9023.82
T0005690,2025-05-02T20:23:00,store,S005,C01399,P0008,card,12219.279999999999
T0005693,2025-05-06T01:05:00,store,S001,C01883,P0009,cash,2316.01
T0005695,2025-05-30T04:39:00,store,S002,C00084,P0001,cash,13536.460000000001
T0005696,2025-05-09T09:56:00,store,S001,C00572,P0021,cash,50052.8
T0005697,2025-05-26T01:58:00,store,S005,C00839,P0012,card,85848.78
T0005698,2025-05-08T12:35:00,store,S002,C01211,P0018,card,14348.6
T0005699,2025-05-30T13:07:00,store,S004,C01271,P0026,card,296628.4
T0005701,2025-05-31T23:04:00,store,S006,C00321,P0003,cash,17314.08
T0005702,2025-05-13T13:16:00,store,S005,C00664,P0014,card,14583.31
T0005703,2025-05-15T12:10:00,store,S006,C01662,P0003,cash,12003.89
T0005704,2025-05-17T21:02:00,store,S002,C00496,P0010,cash,476278.59
T0005706,2025-05-10T05:44:00,store,S002,C01171,P0013,card,33768.740000000005
T0005707,2025-05-15T04:40:00,store,S004,C02151,P0005,card,31678.19
T0005708,2025-05-24T12:37:00,store,S004,C00355,P0005,card,3073.5
T0005709,2025-05-25T09:30:00,store,S006,C02211,P0011,card,18400.06
T0005710,2025-05-03T01:02:00,store,S006,C01386,P0024,card,220673.69999999998
T0005711,2025-05-12T13:46:00,store,S006,C00381,P0011,card,9810.01
T0005712,2025-05-26T07:33:00,store,S004,C01163,P0026,card,8069.03
T0005713,2025-05-19T11:02:00,store,S003,C00442,P0017,cash,23266.74
T0005715,2025-05-16T13:44:00,store,S004,C01190,P0026,card,15793.61
T0005716,2025-05-23T02:18:00,store,S001,C01635,P0009,card,31617.67
T0005717,2025-05-31T16:15:00,store,S005,C02104,P0025,card,26564.949999999997
T0005719,2025-05-24T04:09:00,store,S001,C00940,P0002,card,3340.53
T0005720,2025-05-02T07:41:00,store,S002,C01253,P0001,cash,390740.88999999996
T0005721,2025-05-16T20:46:00,store,S002,C02172,P0001,card,6711.8
T0005722,2025-05-01T00:01:00,store,S005,C02369,P0008,card,7669.87
T0005723,2025-05-31T14:05:00,store,S004,C02315,P0026,card,68418.81999999999
T0005724,2025-05-26T18:24:00,store,S006,C00972,P0011,cash,15906.39
T0005726,2025-05-21T09:30:00,store,S004,C00290,P0005,cash,17540.48
T0005728,2025-05-29T14:32:00,store,S005,C00830,P0008,cash,13035.44
T0005729,2025-05-02T00:08:00,store,S006,C01434,P0024,card,21143.78
T0005730,2025-05-15T03:18:00,store,S003,C01922,P0019,cash,47488.8
T0005731,2025-05-30T07:55:00,store,S003,C01415,P0022,card,96150.47
T0005732,2025-05-12T01:08:00,store,S002,C01040,P0018,card,15790.490000000002
T0005734,2025-05-29T03:30:00,store,S006,C01551,P0003,cash,4600.46
T0005736,2025-05-20T06:35:00,store,S004,C00941,P0005,card,3319.17
T0005737,2025-05-17T08:20:00,store,S002,C01196,P0010,cash,5756.75
T0005738,2025-05-26T15:52:00,store,S003,C00048,P0019,card,14727.560000000001
T0005740,2025-05-04T15:16:00,store,S005,C01640,P0012,card,12989.509999999998
T0005741,2025-05-27T01:12:00,store,S004,C02155,P0005,card,17933.93
T0005742,2025-05-22T21:53:00,store,S001,C00236,P0021,cash,4558.24
T0005744,2025-05-18T23:38:00,store,S005,C01629,P0025,cash,23572.11
T0005747,2025-05-04T22:43:00,store,S006,C00822,P0003,card,134623.72
T0005748,2025-05-23T21:38:00,store,S003,C01593,P0022,card,194724.91
T0005749,2025-05-05T11:52:00,store,S005,C02127,P0012,cash,11887.720000000001
T0005750,2025-05-30T05:27:00,store,S001,C02331,P0006,card,7142.21
T0005752,2025-05-27T22:51:00,store,S001,C00097,P0009,card,20538.04
T0005754,2025-05-06T15:44:00,store,S002,C02172,P0018,card,99001.29000000001
T0005755,2025-05-24T16:44:00,store,S002,C00346,P0010,card,14054.08
T0005756,2025-05-17T09:49:00,store,S005,C01703,P0014,cash,22039.19
T0005757,2025-05-03T17:23:00,store,S004,C01571,P0005,cash,23522.05
T0005759,2025-05-29T21:42:00,store,S003,C00763,P0017,card,405735.41000000003
T0005762,2025-05-11T03:12:00,store,S003,C02258,P0023,cash,130483.24
T0005763,2025-05-15T04:25:00,store,S002,C01589,P0007,card,33029.770000000004
T0005764,2025-05-20T03:04:00,store,S006,C02019,P0024,card,30079.620000000003
T0005765,2025-05-03T05:48:00,store,S002,C00997,P0010,card,2385.05
T0005767,2025-05-31T01:04:00,store,S006,C01895,P0003,cash,213026.35
T0005768,2025-05-16T00:55:00,store,S004,C01896,P0005,cash,14838.07
T0005769,2025-05-05T16:40:00,store,S003,C01317,P0017,card,5825.52
T0005770,2025-05-03T19:58:00,store,S005,C00636,P0012,card,5670.78
T0005771,2025-05-03T02:24:00,store,S003,C02159,P0019,cash,16931.72
T0005772,2025-05-24T00:01:00,store,S003,C02007,P0019,cash,4663.54
T0005774,2025-05-19T13:46:00,store,S002,C01460,P0018,card,4798.52
T0005776,2025-05-10T02:02:00,store,S001,C00778,P0021,cash,28391.06
T0005779,2025-05-26T16:53:00,store,S002,C01597,P0007,card,224563.72
T0005781,2025-05-01T13:51:00,store,S004,C02221,P0026,card,135860.69
T0005782,2025-05-01T01:16:00,store,S004,C00656,P0026,card,13497.93
T0005784,2025-05-24T09:20:00,store,S005,C01337,P0012,card,26874.38
T0005786,2025-05-17T15:02:00,store,S001,C01441,P0009,card,14905.100000000002
T0005787,2025-05-27T11:25:00,store,S002,C00864,P0001,cash,246582.97
T0005788,2025-05-07T12:10:00,store,S004,C00452,P0026,cash,181423.99
T0005791,2025-05-09T07:44:00,store,S002,C00339,P0018,card,33805.43
T0005793,2025-05-25T06:48:00,store,S001,C01344,P0021,cash,463111.59
T0005795,2025-05-06T00:35:00,store,S002,C02243,P0013,card,2375.36
T0005796,2025-05-02T06:18:00,store,S004,C01572,P0005,card,11839.84
T0005799,2025-05-10T01:01:00,store,S001,C00586,P0015,cash,47962.0
T0005800,2025-05-07T08:44:00,store,S004,C01580,P0026,cash,208102.55
T0005801,2025-05-14T19:08:00,store,S004,C01977,P0026,card,20359.5
T0005803,2025-05-22T05:28:00,store,S006,C02375,P0011,card,44918.560000000005
T0005804,2025-05-22T08:59:00,store,S006,C00608,P0024,card,141407.29
T0005805,2025-05-01T21:26:00,store,S002,C00313,P0007,cash,9888.87
T0005806,2025-05-04T07:04:00,store,S003,C01133,P0022,card,25298.08
T0005808,2025-05-13T23:28:00,store,S001,C02176,P0004,card,2235.53
T0005810,2025-05-15T16:38:00,store,S002,C00087,P0001,cash,106857.83
T0005811,2025-05-23T08:40:00,store,S002,C00176,P0007,card,10651.08
T0005813,2025-05-07T15:06:00,store,S001,C01701,P0002,cash,2452.45
T0005814,2025-05-08T05:46:00,store,S006,C01834,P0011,card,12667.119999999999
T0005815,2025-05-12T14:44:00,store,S005,C00176,P0014,card,45473.61
T0005816,2025-05-07T02:27:00,store,S001,C00573,P0004,card,30743.14
T0005817,2025-05-24T21:14:00,store,S001,C02183,P0015,cash,1900.65
T0005818,2025-05-26T00:40:00,store,S003,C00385,P0017,card,6819.02
T0005820,2025-05-30T08:33:00,store,S006,C00642,P0024,cash,237142.75
T0005821,2025-05-13T09:41:00,store,S001,C00966,P0020,cash,6492.71
T0005822,2025-05-23T19:24:00,store,S006,C02246,P0024,cash,28338.530000000002
T0005823,2025-05-31T19:42:00,store,S001,C02208,P0020,cash,18772.64
T0005825,2025-05-30T04:37:00,store,S005,C00005,P0014,cash,218014.79
T0005826,2025-05-01T01:38:00,store,S005,C00052,P0008,cash,36624.04
T0005827,2025-05-10T10:32:00,store,S006,C00775,P0011,card,216499.90000000002
T0005829,2025-05-08T14:28:00,store,S004,C01729,P0026,card,26645.23
T0005830,2025-05-06T04:09:00,store,S001,C02326,P0004,cash,34701.99
T0005831,2025-05-15T07:10:00,store,S001,C02129,P0015,cash,57580.03
T0005832,2025-05-11T15:13:00,store,S003,C00146,P0022,cash,4242.02
T0005834,2025-05-02T16:01:00,store,S003,C02468,P0022,card,12139.66
T0005835,2025-05-09T11:25:00,store,S004,C00184,P0005,cash,15820.919999999998
T0005836,2025-05-12T02:35:00,store,S006,C02072,P0003,cash,16636.75
T0005837,2025-05-24T05:32:00,store,S005,C00719,P0008,card,34451.29
T0005838,2025-05-04T01:07:00,store,S004,C01434,P0026,card,53487.22
T0005839,2025-05-11T01:02:00,store,S005,C01688,P0025,cash,30267.32
T0005840,2025-05-19T01:04:00,store,S001,C02395,P0009,cash,15369.859999999999
T0005841,2025-05-09T11:44:00,store,S006,C01075,P0011,card,202927.1
T0005842,2025-05-22T10:44:00,store,S002,C00716,P0018,cash,10013.77
T0005844,2025-05-20T01:24:00,store,S003,C01331,P0023,card,45274.0
T0005845,2025-05-20T08:44:00,store,S001,C00990,P0020,card,18078.16
T0005847,2025-05-05T04:29:00,store,S005,C02332,P0014,cash,31736.07
T0005848,2025-05-18T23:41:00,store,S001,C00446,P0021,cash,23481.56
T0005849,2025-05-02T13:43:00,store,S001,C02217,P0006,cash,67498.41
T0005850,2025-05-24T10:35:00,store,S006,C00245,P0011,card,23868.02
T0005851,2025-05-21T05:16:00,store,S005,C01544,P0012,card,49673.57000000001
T0005852,2025-05-27T08:27:00,store,S005,C01916,P0025,card,94362.11
T0005853,2025-05-21T07:20:00,store,S005,C02474,P0012,cash,4686.22
T0005854,2025-05-02T09:59:00,store,S004,C00090,P0005,card,28449.37
T0005857,2025-05-09T12:49:00,store,S002,C01865,P0018,cash,83790.56999999999
T0005858,2025-05-22T09:48:00,store,S006,C00094,P0024,card,3686.74
T0005859,2025-05-01T17:49:00,store,S006,C00194,P0016,card,16742.25
T0005860,2025-05-23T02:04:00,store,S006,C01217,P0016,cash,7347.17
T0005861,2025-05-01T03:08:00,store,S004,C01940,P0026,cash,214619.5
T0005862,2025-05-28T15:15:00,store,S005,C00478,P0014,card,10058.99
T0005863,2025-05-08T09:48:00,store,S005,C02272,P0025,cash,2669.69
T0005864,2025-05-19T20:18:00,store,S005,C01474,P0008,cash,5651.8
T0005866,2025-05-26T23:28:00,store,S005,C02418,P0025,cash,17254.82
T0005867,2025-05-12T21:49:00,store,S005,C00232,P0014,cash,3199.46
T0005869,2025-05-19T03:03:00,store,S004,C01424,P0026,cash,23065.96
T0005870,2025-05-07T18:13:00,store,S006,C01752,P0011,cash,41491.11
T0005872,2025-05-13T19:43:00,store,S005,C01012,P0008,card,11319.54
T0005873,2025-05-26T06:34:00,store,S005,C00687,P0008,cash,70387.67
T0005874,2025-05-24T11:32:00,store,S001,C00690,P0006,cash,6457.12
T0005875,2025-05-13T18:53:00,store,S004,C02368,P0005,card,35013.520000000004
T0005876,2025-05-26T07:28:00,store,S006,C00769,P0024,cash,16487.19
T0005877,2025-05-31T15:25:00,store,S001,C01375,P0020,card,16678.75
T0005881,2025-05-27T15:25:00,store,S005,C00637,P0012,card,17894.29
T0005883,2025-05-28T03:53:00,store,S002,C00719,P0010,card,28181.1
T0005884,2025-05-02T16:28:00,store,S001,C02142,P0021,card,63243.06
T0005885,2025-05-10T11:29:00,store,S006,C00049,P0016,cash,16633.91
T0005886,2025-05-30T15:21:00,store,S006,C00437,P0003,card,3930.23
T0005887,2025-05-12T10:30:00,store,S006,C02270,P0016,cash,245730.28
T0005889,2025-05-11T07:59:00,store,S006,C02342,P0016,card,59135.55
T0005891,2025-05-05T02:46:00,store,S005,C00130,P0025,card,265897.79
T0005894,2025-05-08T05:13:00,store,S005,C00421,P0025,card,16838.81
T0005895,2025-05-08T03:25:00,store,S004,C01086,P0026,cash,3280.62
T0005897,2025-05-16T21:38:00,store,S001,C00800,P0006,card,5888.5
T0005899,2025-05-25T11:28:00,store,S003,C01233,P0019,cash,201344.78
T0005900,2025-05-25T10:19:00,store,S006,C01177,P0024,card,5143.969999999999
T0005901,2025-05-26T04:33:00,store,S004,C01016,P0005,card,2651.55
T0005903,2025-05-07T09:15:00,store,S002,C01405,P0001,card,35653.05
T0005904,2025-05-24T18:02:00,store,S005,C00230,P0014,cash,5419.83
T0005906,2025-05-03T18:06:00,store,S002,C00612,P0001,card,6404.75
T0005909,2025-05-08T13:47:00,store,S001,C02376,P0015,card,11221.0
T0005910,2025-05-09T19:34:00,store,S001,C01566,P0004,cash,237747.69999999998
T0005911,2025-05-09T05:23:00,store,S005,C00306,P0012,card,5720.15
T0005912,2025-05-19T03:49:00,store,S005,C02107,P0014,cash,43674.270000000004
T0005913,2025-05-31T16:11:00,store,S004,C00142,P0005,card,224844.16
T0005915,2025-05-11T20:26:00,store,S006,C00753,P0016,cash,411793.41000000003
T0005917,2025-05-22T10:02:00,store,S003,C00689,P0017,card,44134.32000000001
T0005919,2025-05-23T10:41:00,store,S006,C01061,P0003,card,11836.96
T0005921,2025-05-01T06:09:00,store,S006,C00140,P0016,card,18804.8
T0005922,2025-05-30T00:30:00,store,S001,C01702,P0002,card,39332.479999999996
T0005923,2025-05-15T17:56:00,store,S005,C00269,P0012,cash,10861.8
T0005924,2025-05-09T03:08:00,store,S006,C01421,P0016,card,1482.69
T0005925,2025-05-16T23:00:00,store,S003,C01051,P0022,cash,8987.26
T0005928,2025-05-23T21:16:00,store,S003,C00731,P0023,card,134178.77
T0005929,2025-05-31T03:34:00,store,S006,C01494,P0003,cash,124414.0
T0005931,2025-05-25T08:24:00,store,S006,C02063,P0016,card,48111.68
T0005932,2025-05-10T01:50:00,store,S004,C02048,P0005,card,23108.420000000002
T0005933,2025-05-12T10:33:00,store,S005,C00427,P0014,card,6385.73
T0005934,2025-05-14T20:54:00,store,S005,C00463,P0008,cash,8156.39
T0005935,2025-05-26T02:56:00,store,S004,C02459,P0005,card,29735.989999999998
T0005936,2025-05-10T08:58:00,store,S003,C02345,P0022,card,12458.0
T0005937,2025-05-08T03:42:00,store,S006,C01441,P0016,cash,1065.98
T0005938,2025-05-03T14:44:00,store,S006,C01789,P0016,card,309703.8
T0005939,2025-05-06T00:57:00,store,S001,C02162,P0002,cash,2335.9
T0005940,2025-05-04T15:50:00,store,S006,C02260,P0003,card,5916.21
T0005941,2025-05-05T14:27:00,store,S003,C01815,P0017,cash,57795.54
T0005943,2025-05-03T19:48:00,store,S003,C00329,P0017,card,28346.35
T0005944,2025-05-16T04:40:00,store,S005,C01440,P0014,card,13954.37
T0005945,2025-05-25T13:18:00,store,S002,C02001,P0001,cash,22645.04
T0005946,2025-05-17T12:08:00,store,S006,C00085,P0024,cash,248425.95
T0005949,2025-05-23T05:54:00,store,S005,C00643,P0008,card,207786.63
T0005951,2025-05-05T10:11:00,store,S004,C01570,P0026,cash,217730.34
T0005953,2025-05-13T08:27:00,store,S006,C01098,P0011,card,22601.469999999998
T0005954,2025-05-19T00:08:00,store,S003,C01114,P0017,cash,13424.66
T0005956,2025-05-07T09:36:00,store,S006,C01715,P0003,card,558100.8700000001
T0005957,2025-05-11T17:09:00,store,S004,C01394,P0026,card,18249.62
T0005958,2025-05-12T23:47:00,store,S002,C01393,P0007,card,2892.63
T0005959,2025-05-27T13:15:00,store,S002,C01190,P0018,card,10304.73
T0005961,2025-05-16T01:56:00,store,S006,C02075,P0016,card,14988.59
T0005962,2025-05-11T09:58:00,store,S001,C00040,P0009,cash,6918.31
T0005964,2025-05-06T08:24:00,store,S005,C01372,P0012,cash,19517.11
T0005965,2025-05-12T04:07:00,store,S005,C00662,P0014,card,202787.21000000002
T0005966,2025-05-31T00:24:00,store,S006,C00985,P0024,card,33073.36
T0005968,2025-05-01T22:17:00,store,S001,C01021,P0006,card,1676.64
T0005969,2025-05-19T07:04:00,store,S001,C02196,P0006,cash,297844.92
T0005970,2025-05-21T15:43:00,store,S005,C01594,P0014,cash,2217.92
T0005971,2025-05-24T04:00:00,store,S002,C00828,P0010,cash,5674.78
T0005973,2025-05-17T21:15:00,store,S001,C01177,P0015,card,20648.02
T0005974,2025-05-05T05:17:00,store,S006,C01473,P0024,cash,349565.41
T0005975,2025-05-02T23:08:00,store,S006,C00950,P0024,cash,389463.29
T0005980,2025-05-12T17:19:00,store,S005,C00306,P0025,cash,6853.98
T0005981,2025-05-02T17:02:00,store,S005,C01557,P0008,card,9929.7
T0005982,2025-05-02T02:41:00,store,S002,C02016,P0001,card,16972.9
T0005983,2025-05-12T04:57:00,store,S001,C00870,P0004,cash,30496.34
T0005984,2025-05-23T21:16:00,store,S004,C02176,P0005,cash,29890.98
T0005986,2025-05-02T17:56:00,store,S001,C01544,P0021,card,217505.14
T0005988,2025-05-20T01:53:00,store,S006,C01904,P0003,cash,8154.85
T0005991,2025-05-27T05:19:00,store,S003,C00213,P0019,cash,16416.41
T0005992,2025-05-25T16:02:00,store,S004,C01714,P0005,card,95937.33
T0005993,2025-05-26T10:04:00,store,S004,C00273,P0005,card,49584.89
T0005994,2025-05-02T04:17:00,store,S006,C02124,P0016,card,10113.380000000001
T0005995,2025-05-16T19:38:00,store,S006,C00354,P0003,card,5693.03
T0005997,2025-05-08T14:20:00,store,S004,C01102,P0026,cash,19193.23
T0005999,2025-05-04T20:00:00,store,S006,C01912,P0016,cash,22881.879999999997
T0006000,2025-05-20T08:56:00,store,S001,C01122,P0006,cash,298175.14
T0006001,2025-05-30T15:27:00,store,S002,C01240,P0018,cash,202464.67
T0006002,2025-05-19T11:51:00,store,S005,C01468,P0012,card,12153.23
T0006004,2025-05-31T16:41:00,store,S002,C01119,P0013,card,6192.67
T0006005,2025-05-22T14:42:00,store,S003,C01236,P0019,card,25110.440000000002
T0006006,2025-05-05T20:08:00,store,S006,C01519,P0016,cash,35944.95
T0006007,2025-05-14T20:38:00,store,S006,C00538,P0024,card,36656.04
T0006009,2025-05-31T13:51:00,store,S003,C01548,P0017,cash,23296.63
T0006010,2025-05-01T17:20:00,store,S001,C00900,P0006,cash,26391.94
T0006011,2025-05-11T07:19:00,store,S004,C00259,P0005,card,44616.57
T0006012,2025-05-15T10:23:00,store,S006,C02390,P0016,card,5211.65
T0006014,2025-05-05T01:36:00,store,S006,C01585,P0003,cash,1039.84
T0006015,2025-05-13T00:19:00,store,S003,C00720,P0019,card,245459.6
T0006018,2025-05-11T13:11:00,store,S001,C01314,P0021,card,6444.24
T0006019,2025-05-14T17:44:00,store,S003,C02082,P0017,cash,11822.400000000001
T0006021,2025-05-18T04:17:00,store,S006,C00644,P0016,card,23120.370000000003
T0006022,2025-05-18T11:06:00,store,S006,C01226,P0011,card,6353.72
T0006023,2025-05-02T23:46:00,store,S001,C01406,P0004,cash,27343.370000000003
T0006024,2025-05-15T09:58:00,store,S005,C01200,P0025,cash,11765.220000000001
T0006026,2025-05-20T00:27:00,store,S002,C01179,P0018,card,23126.18
T0006027,2025-05-16T02:58:00,store,S002,C00713,P0013,cash,253923.81000000003
T0006028,2025-05-04T11:23:00,store,S004,C01025,P0026,cash,168788.62000000002
T0006030,2025-05-27T09:51:00,store,S002,C01759,P0013,card,29879.89
T0006031,2025-05-12T11:53:00,store,S005,C00489,P0025,cash,101942.12
T0006033,2025-05-25T01:52:00,store,S002,C01311,P0001,card,11298.150000000001
T0006034,2025-05-20T00:13:00,store,S004,C01403,P0005,card,25612.86
T0006035,2025-05-11T15:56:00,store,S005,C00172,P0014,cash,19518.14
T0006038,2025-05-16T03:42:00,store,S001,C01141,P0002,cash,6553.42
T0006040,2025-05-23T06:31:00,store,S004,C01208,P0026,cash,9109.45
T0006042,2025-05-03T12:18:00,store,S006,C01207,P0003,card,58772.25
T0006044,2025-05-11T17:44:00,store,S001,C01490,P0015,cash,24152.52
T0006045,2025-05-12T01:54:00,store,S005,C01113,P0014,cash,22890.0
T0006046,2025-05-16T18:52:00,store,S001,C02388,P0015,cash,32673.8
T0006051,2025-05-27T10:28:00,store,S006,C02324,P0024,cash,15236.24
T0006052,2025-05-10T07:35:00,store,S004,C01533,P0005,cash,40636.64
T0006054,2025-05-20T08:33:00,store,S004,C00939,P0005,card,2323.45
T0006055,2025-05-11T09:10:00,store,S006,C00066,P0016,card,5837.44
T0006056,2025-05-05T19:23:00,store,S001,C00138,P0021,cash,281520.37
T0006058,2025-05-12T01:33:00,store,S004,C00420,P0026,card,24622.25
T0006059,2025-05-20T08:20:00,store,S002,C01419,P0007,card,14334.05
T0006061,2025-05-30T09:14:00,store,S004,C02068,P0005,cash,25921.68
T0006062,2025-05-05T20:57:00,store,S004,C02249,P0005,card,6307.280000000001
T0006063,2025-05-06T00:58:00,store,S003,C01176,P0019,card,218617.62
T0006065,2025-05-01T16:39:00,store,S004,C02384,P0026,card,14030.39
T0006066,2025-05-17T19:54:00,store,S001,C01936,P0021,cash,4571.73
T0006067,2025-05-19T06:20:00,store,S006,C00011,P0011,cash,180174.82
T0006068,2025-05-03T02:36:00,store,S005,C01507,P0008,cash,11056.630000000001
T0006070,2025-05-23T15:59:00,store,S004,C01960,P0026,card,234103.0
T0006071,2025-05-29T10:24:00,store,S003,C01996,P0017,card,22037.53
T0006072,2025-05-01T02:35:00,store,S006,C00471,P0003,cash,19816.58
T0006073,2025-05-27T02:49:00,store,S004,C00431,P0026,cash,214419.03999999998
T0006074,2025-05-28T08:31:00,store,S002,C00532,P0010,cash,11212.349999999999
T0006075,2025-05-20T02:02:00,store,S002,C00628,P0013,cash,26433.84
T0006076,2025-05-03T06:42:00,store,S006,C02490,P0011,card,112614.5
T0006077,2025-05-10T08:05:00,store,S006,C01245,P0024,card,1758.48
T0006078,2025-05-22T07:38:00,store,S006,C01741,P0024,cash,32004.22
T0006080,2025-05-06T08:54:00,store,S004,C00299,P0026,card,23260.96
T0006081,2025-05-09T19:45:00,store,S001,C01541,P0015,cash,34823.49
T0006082,2025-05-14T23:29:00,store,S001,C01809,P0020,cash,17763.25
T0006084,2025-05-04T20:22:00,store,S006,C01406,P0011,cash,252407.31
T0006085,2025-05-06T14:18:00,store,S006,C01508,P0011,cash,47576.55
T0006086,2025-05-05T16:26:00,store,S004,C00355,P0026,card,18261.72
T0006087,2025-05-04T14:59:00,store,S001,C00052,P0020,cash,22391.28
T0006088,2025-05-04T07:06:00,store,S005,C01014,P0008,cash,17262.76
T0006089,2025-05-04T04:18:00,store,S004,C01135,P0026,card,18798.86
T0006093,2025-05-06T05:57:00,store,S001,C00524,P0020,card,22757.02
T0006095,2025-05-26T18:33:00,store,S001,C00510,P0009,card,36317.36
T0006096,2025-05-15T02:32:00,store,S004,C01882,P0005,cash,31380.49
T0006097,2025-05-27T15:24:00,store,S004,C01190,P0005,card,13867.26
T0006099,2025-05-11T11:47:00,store,S002,C01392,P0001,cash,28608.15
T0006101,2025-05-02T09:34:00,store,S002,C01836,P0013,cash,70321.71
T0006102,2025-05-29T04:01:00,store,S005,C00510,P0014,cash,14645.119999999999
T0006104,2025-05-20T00:59:00,store,S004,C00287,P0026,card,13905.25
T0006105,2025-05-11T16:37:00,store,S002,C00953,P0010,cash,42668.729999999996
T0006106,2025-05-09T07:46:00,store,S003,C00285,P0022,card,124269.67
T0006107,2025-05-21T13:52:00,store,S006,C00261,P0011,cash,8570.300000000001
T0006108,2025-05-20T00:10:00,store,S006,C01757,P0016,cash,214780.3
T0006109,2025-05-08T07:01:00,store,S006,C02094,P0024,cash,167297.91
T0006110,2025-05-30T00:03:00,store,S001,C02197,P0009,cash,12910.54
T0006111,2025-05-09T07:05:00,store,S001,C01108,P0020,card,118409.63
T0006112,2025-05-27T04:42:00,store,S001,C01015,P0006,card,8684.22
T0006113,2025-05-04T19:08:00,store,S006,C00138,P0016,card,36062.130000000005
T0006114,2025-05-15T14:53:00,store,S006,C00234,P0003,cash,39557.07
T0006115,2025-05-29T02:21:00,store,S002,C01580,P0013,cash,9137.92
T0006118,2025-05-03T01:34:00,store,S001,C00449,P0009,card,9602.710000000001
T0006119,2025-05-06T21:57:00,store,S005,C01182,P0012,card,28323.93
T0006120,2025-05-31T07:42:00,store,S001,C02449,P0002,card,38446.49
T0006121,2025-05-04T00:15:00,store,S002,C00612,P0001,cash,52368.689999999995
T0006122,2025-05-13T23:43:00,store,S001,C00699,P0020,card,53360.61
T0006124,2025-05-04T21:51:00,store,S006,C00352,P0011,cash,27676.83
T0006125,2025-05-12T22:36:00,store,S003,C02024,P0022,cash,16746.0
T0006126,2025-05-03T16:11:00,store,S002,C01341,P0007,cash,1327.99
T0006127,2025-05-19T04:44:00,store,S001,C00275,P0006,card,11527.85
T0006128,2025-05-12T16:57:00,store,S003,C00893,P0017,card,204958.29
T0006129,2025-05-07T03:02:00,store,S002,C00762,P0001,card,2912.16
T0006130,2025-05-06T15:04:00,store,S002,C02491,P0013,cash,231127.75
T0006131,2025-05-19T10:06:00,store,S001,C01206,P0004,cash,33301.350000000006
T0006132,2025-05-18T03:22:00,store,S005,C01510,P0008,card,231609.27
T0006134,2025-05-14T17:27:00,store,S006,C01350,P0024,cash,91093.72
T0006135,2025-05-03T12:37:00,store,S002,C00954,P0013,card,6713.07
T0006136,2025-05-09T21:23:00,store,S004,C00610,P0005,card,95734.34999999999
T0006138,2025-05-13T13:45:00,store,S004,C01655,P0005,cash,12921.45
T0006139,2025-05-19T23:51:00,store,S006,C02489,P0011,card,36830.64
T0006142,2025-05-21T01:09:00,store,S004,C01303,P0026,cash,11687.470000000001
T0006144,2025-05-04T10:02:00,store,S001,C02440,P0004,cash,15428.16
T0006146,2025-05-22T06:32:00,store,S002,C01372,P0010,cash,42071.36
T0006147,2025-05-08T08:24:00,store,S006,C01202,P0024,card,2548.45
T0006148,2025-05-03T05:39:00,store,S001,C02079,P0020,cash,6988.92
T0006149,2025-05-14T00:14:00,store,S006,C01218,P0011,card,281842.54000000004
T0006150,2025-05-31T20:09:00,store,S001,C00080,P0006,card,17286.35
T0006152,2025-05-16T11:45:00,store,S006,C02256,P0016,card,18200.230000000003
T0006153,2025-05-12T02:33:00,store,S004,C01567,P0005,cash,236613.37
T0006154,2025-05-14T14:59:00,store,S003,C01062,P0022,cash,7400.99
T0006157,2025-05-19T15:52:00,store,S006,C02024,P0003,card,17204.11
T0006158,2025-05-27T09:38:00,store,S006,C01581,P0016,cash,213949.91
T0006159,2025-05-04T05:07:00,store,S002,C01032,P0001,cash,12432.720000000001
T0006160,2025-05-03T05:34:00,store,S006,C02463,P0024,card,3299.83
T0006161,2025-05-21T08:14:00,store,S001,C01666,P0015,card,14399.56
T0006162,2025-05-15T18:12:00,store,S001,C01360,P0015,cash,47485.35
T0006163,2025-05-17T06:35:00,store,S003,C01822,P0022,card,23369.489999999998
T0006164,2025-05-24T04:56:00,store,S001,C00676,P0009,card,17833.47
T0006166,2025-05-10T23:17:00,store,S006,C01992,P0024,cash,388897.74
T0006168,2025-05-03T22:48:00,store,S004,C00440,P0026,cash,9803.43
T0006170,2025-05-26T09:58:00,store,S006,C01085,P0003,card,8283.08
T0006171,2025-05-04T18:35:00,store,S004,C02324,P0026,cash,36694.49
T0006174,2025-05-08T11:58:00,store,S005,C00953,P0008,card,106207.95
T0006175,2025-05-30T10:33:00,store,S001,C02017,P0020,cash,7429.74
T0006176,2025-05-24T21:34:00,store,S005,C01419,P0025,card,17625.11
T0006177,2025-05-25T03:35:00,store,S005,C01567,P0025,cash,218546.25
T0006178,2025-05-07T02:13:00,store,S003,C00138,P0023,cash,25018.52
T0006179,2025-05-13T10:14:00,store,S006,C00427,P0003,card,433294.37
T0006180,2025-05-16T12:06:00,store,S003,C00353,P0022,cash,8253.94
T0006181,2025-05-16T04:39:00,store,S006,C02218,P0024,card,13617.740000000002
T0006182,2025-05-03T04:19:00,store,S003,C00799,P0022,card,200191.19
T0006183,2025-05-08T11:21:00,store,S005,C00822,P0014,card,8260.9
T0006187,2025-05-22T21:57:00,store,S005,C00077,P0008,cash,21489.47
T0006188,2025-05-08T01:19:00,store,S001,C00761,P0009,card,25554.14
T0006189,2025-05-18T02:09:00,store,S005,C01548,P0014,card,217483.66
T0006190,2025-05-25T05:00:00,store,S005,C01175,P0008,card,19414.89
T0006192,2025-05-11T18:23:00,store,S003,C00922,P0022,cash,12465.939999999999
T0006193,2025-05-18T06:07:00,store,S003,C01562,P0017,cash,2950.7
T0006194,2025-05-28T21:40:00,store,S001,C02415,P0006,card,330345.14
T0006195,2025-05-21T16:09:00,store,S002,C00272,P0007,cash,22398.06
T0006196,2025-05-28T23:31:00,store,S005,C02461,P0014,cash,87216.73
T0006197,2025-05-18T01:49:00,store,S006,C00377,P0024,cash,8700.960000000001
T0006200,2025-05-14T19:11:00,store,S004,C00353,P0005,card,300283.32
T0006201,2025-05-03T03:34:00,store,S003,C00508,P0019,card,5296.45
T0006202,2025-05-08T20:34:00,store,S003,C00235,P0022,cash,62258.0
T0006203,2025-05-18T03:26:00,store,S005,C01510,P0014,card,319956.29
T0006204,2025-05-21T16:06:00,store,S002,C00941,P0007,card,15693.95
T0006205,2025-05-24T14:02:00,store,S006,C00927,P0011,cash,56343.659999999996
T0006206,2025-05-29T12:27:00,store,S002,C00391,P0001,card,65742.0
T0006207,2025-05-30T20:01:00,store,S004,C01656,P0026,cash,6763.06
T0006209,2025-05-04T12:32:00,store,S006,C00611,P0003,cash,91957.08
T0006210,2025-05-11T12:25:00,store,S006,C00682,P0016,card,5874.98
T0006211,2025-05-11T21:45:00,store,S006,C00201,P0011,cash,6489.66
T0006212,2025-05-17T11:34:00,store,S002,C00747,P0010,cash,4481.99
T0006214,2025-05-06T09:23:00,store,S002,C00285,P0018,cash,266107.25
T0006215,2025-05-25T19:08:00,store,S002,C00886,P0001,card,243011.74
T0006216,2025-05-03T04:11:00,store,S005,C00448,P0014,cash,5477.79
T0006217,2025-05-10T22:45:00,store,S002,C02232,P0013,card,310019.64
T0006218,2025-05-23T20:43:00,store,S003,C00219,P0017,cash,3663.84
T0006220,2025-05-05T07:31:00,store,S003,C02351,P0022,cash,34343.63
T0006221,2025-05-28T05:56:00,store,S006,C00021,P0011,card,7925.82
T0006222,2025-05-24T00:06:00,store,S001,C00467,P0002,cash,27707.0
T0006223,2025-05-19T20:09:00,store,S001,C01146,P0015,cash,180309.83
T0006224,2025-05-11T08:38:00,store,S004,C01124,P0026,cash,212730.03
T0006225,2025-05-21T02:44:00,store,S002,C01197,P0013,cash,12692.44
T0006226,2025-05-19T17:26:00,store,S001,C01682,P0015,card,202143.82
T0006227,2025-05-14T03:29:00,store,S001,C00339,P0006,card,40381.71
T0006228,2025-05-31T07:02:00,store,S005,C01784,P0014,cash,10679.45
T0006232,2025-05-24T11:09:00,store,S003,C01641,P0019,card,7708.26
T0006233,2025-05-12T19:44:00,store,S004,C01344,P0005,card,194194.66000000003
T0006235,2025-05-02T13:14:00,store,S005,C02258,P0025,card,34292.08
T0006238,2025-05-05T00:38:00,store,S004,C02021,P0026,cash,11668.98
T0006240,2025-05-05T20:09:00,store,S006,C00043,P0003,cash,272934.52
T0006241,2025-05-22T04:08:00,store,S006,C00561,P0011,card,112712.74
T0006243,2025-05-21T06:51:00,store,S004,C00427,P0026,cash,25217.46
T0006244,2025-05-14T03:47:00,store,S004,C00003,P0026,cash,183339.4
T0006245,2025-05-11T00:31:00,store,S006,C00964,P0011,card,276473.5
T0006246,2025-05-10T23:48:00,store,S005,C02199,P0014,card,5464.6900000000005
T0006248,2025-05-28T04:33:00,store,S004,C01523,P0005,card,88321.24
T0006249,2025-05-11T10:29:00,store,S006,C01669,P0011,cash,96540.17
T0006250,2025-05-27T03:47:00,store,S002,C00747,P0007,card,8859.0
T0006251,2025-05-30T04:52:00,store,S001,C00889,P0021,card,20510.34
T0006253,2025-05-04T15:53:00,store,S004,C00786,P0005,card,61540.71000000001
T0006254,2025-05-08T16:27:00,store,S002,C01054,P0018,cash,9416.41
T0006256,2025-05-13T20:08:00,store,S003,C01433,P0022,card,135297.49
T0006259,2025-05-06T11:37:00,store,S005,C01117,P0025,card,17261.5
T0006260,2025-05-05T13:30:00,store,S006,C01267,P0016,card,265850.31
T0006261,2025-05-30T22:22:00,store,S002,C01730,P0018,cash,244622.77000000002
T0006262,2025-05-29T16:28:00,store,S001,C00778,P0002,cash,243184.76
T0006264,2025-05-18T07:29:00,store,S006,C00562,P0003,card,8439.810000000001
T0006265,2025-05-24T17:04:00,store,S004,C01242,P0026,card,5815.81
T0006267,2025-05-30T01:41:00,store,S004,C00530,P0005,cash,6724.59
T0006271,2025-05-30T00:41:00,store,S006,C02170,P0016,cash,8409.85
T0006272,2025-05-02T00:43:00,store,S001,C00898,P0015,card,3159.19
T0006274,2025-05-17T20:43:00,store,S002,C00194,P0007,card,85657.32
T0006276,2025-05-30T03:55:00,store,S006,C02024,P0024,card,15122.619999999999
T0006278,2025-05-03T01:15:00,store,S006,C00622,P0011,card,25632.22
T0006281,2025-05-18T14:52:00,store,S002,C01276,P0018,card,11893.45
T0006282,2025-05-20T22:01:00,store,S006,C02428,P0003,cash,51804.57
T0006283,2025-05-02T09:07:00,store,S004,C00898,P0005,cash,1602.74
T0006287,2025-05-02T07:31:00,store,S001,C02288,P0009,card,280354.96
T0006290,2025-05-13T21:56:00,store,S004,C02081,P0005,cash,4672.31
T0006291,2025-05-24T22:28:00,store,S005,C01099,P0008,card,21051.620000000003
T0006292,2025-05-27T09:37:00,store,S006,C01420,P0011,cash,26903.23
T0006293,2025-05-24T07:08:00,store,S001,C02322,P0009,cash,12014.029999999999
T0006297,2025-05-26T06:11:00,store,S002,C01771,P0010,card,12771.9
T0006298,2025-05-08T13:17:00,store,S001,C01123,P0021,cash,38244.76
T0006299,2025-05-26T18:28:00,store,S005,C02211,P0012,card,34104.84
T0006301,2025-05-12T08:57:00,store,S004,C00299,P0026,card,6589.86
T0006302,2025-05-01T12:29:00,store,S004,C01289,P0005,cash,12974.689999999999
T0006303,2025-05-02T23:05:00,store,S001,C02259,P0015,card,344764.72
T0006307,2025-05-26T05:16:00,store,S001,C00995,P0015,card,2087.89
T0006308,2025-05-01T17:13:00,store,S003,C01479,P0019,card,224760.43
T0006309,2025-05-07T16:08:00,store,S005,C01996,P0008,cash,6787.29
T0006310,2025-05-04T08:42:00,store,S006,C00532,P0016,cash,5750.88
T0006311,2025-05-02T17:59:00,store,S004,C01418,P0005,cash,233181.94999999998
T0006312,2025-05-20T11:21:00,store,S005,C00446,P0025,cash,45154.19
T0006313,2025-05-28T06:44:00,store,S004,C01114,P0026,card,12773.33
T0006315,2025-05-28T19:53:00,store,S006,C02020,P0016,cash,9718.720000000001
T0006316,2025-05-29T16:16:00,store,S004,C02444,P0005,cash,249699.47999999998
T0006320,2025-05-05T17:05:00,store,S004,C00478,P0026,card,23110.2
T0006322,2025-05-24T07:26:00,store,S003,C02444,P0022,card,13132.6
T0006323,2025-05-28T13:49:00,store,S002,C01158,P0001,card,35275.65
T0006324,2025-05-18T07:10:00,store,S005,C01930,P0012,card,4283.37
T0006325,2025-05-16T09:55:00,store,S004,C00595,P0005,cash,232242.51
T0006326,2025-05-19T22:07:00,store,S001,C01080,P0020,cash,188864.77
T0006327,2025-05-09T22:37:00,store,S006,C00016,P0016,cash,14293.619999999999
T0006329,2025-05-26T11:26:00,store,S004,C00879,P0005,card,26206.98
T0006330,2025-05-05T00:15:00,store,S005,C01147,P0012,cash,35509.990000000005
T0006331,2025-05-08T02:53:00,store,S005,C01918,P0012,cash,4153.110000000001
T0006333,2025-05-12T00:21:00,store,S001,C00529,P0006,cash,3059.24
T0006334,2025-05-28T23:09:00,store,S006,C01983,P0011,card,15124.52
T0006335,2025-05-26T06:04:00,store,S001,C01744,P0015,cash,16198.029999999999
T0006336,2025-05-29T08:46:00,store,S001,C00618,P0020,cash,9287.05
T0006337,2025-05-17T15:57:00,store,S001,C00201,P0002,card,52496.53
T0006339,2025-05-16T09:47:00,store,S005,C01123,P0008,cash,259023.88
T0006340,2025-05-16T16:07:00,store,S005,C00343,P0008,card,27906.75
T0006341,2025-05-31T02:42:00,store,S001,C02089,P0006,card,9897.54
T0006342,2025-05-29T10:29:00,store,S005,C02087,P0012,card,15057.06
T0006344,2025-05-04T19:34:00,store,S006,C00042,P0016,cash,51595.4
T0006346,2025-05-17T07:13:00,store,S006,C00214,P0003,cash,8707.07
T0006347,2025-05-10T05:07:00,store,S005,C01252,P0014,card,26091.54
T0006348,2025-05-20T22:08:00,store,S001,C00571,P0015,card,85024.47
T0006349,2025-05-14T08:34:00,store,S004,C00982,P0026,cash,2981.4
T0006350,2025-05-21T16:48:00,store,S005,C01361,P0008,cash,39819.35
T0006351,2025-05-27T12:46:00,store,S001,C01110,P0002,card,40262.36
T0006352,2025-05-13T04:28:00,store,S004,C00657,P0026,cash,8232.63
T0006356,2025-05-09T03:56:00,store,S005,C00632,P0008,card,8246.34
T0006358,2025-05-22T21:54:00,store,S005,C01062,P0025,card,234539.6
T0006359,2025-05-31T03:39:00,store,S005,C02209,P0014,cash,371090.04
T0006361,2025-05-05T17:38:00,store,S001,C01495,P0020,card,97895.98999999999
T0006364,2025-05-23T07:15:00,store,S004,C00045,P0005,cash,15038.2
T0006365,2025-05-08T05:59:00,store,S004,C01757,P0026,card,13217.92
T0006366,2025-05-21T22:13:00,store,S004,C00098,P0026,cash,15303.07
T0006367,2025-05-07T01:13:00,store,S003,C01458,P0019,cash,21739.23
T0006368,2025-05-04T05:46:00,store,S006,C00982,P0024,cash,12936.53
T0006370,2025-05-15T11:17:00,store,S001,C02020,P0020,cash,439402.9199999999
T0006373,2025-05-13T23:15:00,store,S006,C01268,P0011,cash,19224.82
T0006374,2025-05-18T09:43:00,store,S002,C01963,P0018,card,14442.82
T0006376,2025-05-14T05:50:00,store,S001,C01179,P0015,cash,13536.529999999999
T0006378,2025-05-26T08:19:00,store,S006,C01304,P0024,card,8278.1
T0006379,2025-05-07T18:13:00,store,S005,C01194,P0012,card,67604.68000000001
T0006380,2025-05-04T11:37:00,store,S005,C00581,P0014,card,38617.79
T0006381,2025-05-09T08:12:00,store,S002,C00483,P0007,cash,35056.41
T0006383,2025-05-10T00:42:00,store,S001,C00004,P0006,cash,208475.19
T0006384,2025-05-03T10:57:00,store,S002,C02164,P0018,card,16896.559999999998
T0006385,2025-05-11T17:18:00,store,S004,C00126,P0026,cash,10918.119999999999
T0006386,2025-05-02T16:36:00,store,S003,C01484,P0019,card,15328.609999999999
T0006387,2025-05-26T16:55:00,store,S006,C02152,P0011,card,1859.92
T0006388,2025-05-12T15:02:00,store,S005,C02347,P0025,card,53406.32
T0006389,2025-05-19T14:48:00,store,S002,C00010,P0013,card,36146.44
T0006390,2025-05-25T07:34:00,store,S003,C01318,P0023,cash,17695.23
T0006391,2025-05-03T12:57:00,store,S005,C00043,P0008,cash,8776.98
T0006392,2025-05-21T00:45:00,store,S005,C01994,P0012,card,9419.41
T0006393,2025-05-07T14:13:00,store,S005,C00110,P0012,cash,10450.44
T0006394,2025-05-28T20:53:00,store,S005,C01405,P0008,card,5771.41
T0006395,2025-05-03T14:09:00,store,S005,C00378,P0014,card,28950.16
T0006396,2025-05-04T14:15:00,store,S005,C01095,P0014,card,5674.75
T0006399,2025-05-10T03:42:00,store,S004,C01407,P0026,cash,2391.89
T0006400,2025-05-02T07:01:00,store,S005,C00830,P0025,cash,28825.82
T0006401,2025-05-27T11:43:00,store,S004,C01386,P0005,cash,229457.66999999998
T0006404,2025-05-17T17:29:00,store,S001,C00749,P0004,card,38917.86
T0006406,2025-05-03T08:32:00,store,S004,C01269,P0026,card,3923.08
T0006408,2025-05-19T19:34:00,store,S001,C01367,P0006,card,29039.47
T0006409,2025-05-09T16:17:00,store,S001,C01978,P0002,cash,5940.2
T0006410,2025-05-18T07:07:00,store,S004,C01488,P0005,card,397588.87999999995
T0006413,2025-05-10T19:33:00,store,S006,C02004,P0003,cash,25143.75
T0006415,2025-05-05T00:34:00,store,S004,C02355,P0026,cash,50561.67
T0006416,2025-05-31T23:59:00,store,S006,C00859,P0003,card,4055.09
T0006418,2025-05-31T03:08:00,store,S005,C01131,P0008,card,6454.78
T0006419,2025-05-03T20:39:00,store,S001,C00733,P0002,cash,14137.49
T0006420,2025-05-22T16:24:00,store,S006,C00372,P0003,card,221552.52
T0006422,2025-05-19T11:09:00,store,S005,C01927,P0008,cash,55130.84
T0006423,2025-05-01T21:04:00,store,S001,C02017,P0004,cash,273316.77
T0006424,2025-05-23T00:29:00,store,S005,C01793,P0012,card,11049.83
T0006425,2025-05-29T07:45:00,store,S002,C00966,P0018,card,1512.67
T0006426,2025-05-06T14:32:00,store,S006,C00310,P0011,cash,377826.86
T0006427,2025-05-15T11:20:00,store,S003,C00249,P0017,cash,23938.98
T0006428,2025-05-30T16:36:00,store,S004,C01852,P0005,card,35470.67
T0006429,2025-05-22T10:17:00,store,S005,C00162,P0008,card,256889.97999999998
T0006430,2025-05-27T22:59:00,store,S002,C01800,P0010,card,8070.54
T0006432,2025-05-21T18:58:00,store,S004,C00733,P0005,card,33925.380000000005
T0006433,2025-05-01T23:18:00,store,S004,C01628,P0026,cash,12993.03
T0006434,2025-05-29T16:49:00,store,S006,C01069,P0011,cash,260006.03
T0006435,2025-05-12T16:19:00,store,S001,C00160,P0004,card,21783.88
T0006436,2025-05-31T18:45:00,store,S006,C01400,P0003,card,241079.89
T0006437,2025-05-05T22:03:00,store,S006,C01633,P0024,cash,44838.49
T0006438,2025-05-10T07:31:00,store,S004,C00373,P0005,card,85642.9
T0006439,2025-05-29T02:35:00,store,S004,C01392,P0026,cash,5286.58
T0006441,2025-05-29T21:12:00,store,S006,C00082,P0003,cash,25706.82
T0006443,2025-05-19T17:11:00,store,S004,C01910,P0005,card,9696.3
T0006444,2025-05-19T16:11:00,store,S006,C01237,P0024,card,179765.57
T0006445,2025-05-03T22:16:00,store,S005,C01154,P0025,cash,50059.68
T0006448,2025-05-18T01:21:00,store,S004,C00051,P0005,card,13841.4
T0006449,2025-05-15T01:53:00,store,S005,C00855,P0025,card,102542.16
T0006450,2025-05-06T07:25:00,store,S005,C02304,P0008,card,14207.49
T0006452,2025-05-12T09:30:00,store,S001,C00108,P0015,cash,44167.69
T0006453,2025-05-19T14:31:00,store,S003,C02133,P0022,cash,43622.03999999999
T0006454,2025-06-25T06:37:00,online,,C00238,,wallet,384198.63999999996
T0006455,2025-06-16T23:32:00,online,,C00471,,card,104385.75
T0006456,2025-06-27T12:05:00,online,,C01573,,wallet,294236.72000000003
T0006459,2025-06-25T08:34:00,online,,C01296,,wallet,222587.61
T0006460,2025-06-01T01:09:00,online,,C02124,,wallet,6497.01
T0006461,2025-06-22T02:57:00,online,,C00736,,card,11170.5
T0006462,2025-06-19T01:17:00,online,,C02049,,wallet,6694.67
T0006463,2025-06-23T04:54:00,online,,C00404,,card,36256.79
T0006464,2025-06-28T00:31:00,online,,C00972,,cod,240565.97999999998
T0006465,2025-06-23T02:15:00,online,,C01010,,wallet,5237.29
T0006467,2025-06-26T18:23:00,online,,C01911,,card,8675.130000000001
T0006471,2025-06-15T18:14:00,online,,C01646,,cod,4131.03
T0006473,2025-06-28T11:50:00,online,,C01040,,wallet,258610.8
T0006474,2025-06-28T21:44:00,online,,C01124,,card,8236.720000000001
T0006475,2025-06-25T17:20:00,online,,C00295,,card,277300.19
T0006476,2025-06-16T07:45:00,online,,C00822,,card,7419.879999999999
T0006477,2025-06-09T13:25:00,online,,C00421,,wallet,251918.34
T0006479,2025-06-28T01:20:00,online,,C02205,,card,13751.45
T0006480,2025-06-12T11:51:00,online,,C00042,,cod,16034.1
T0006481,2025-06-02T02:05:00,online,,C00333,,card,17065.33
T0006482,2025-06-19T06:14:00,online,,C00654,,cod,40981.16
T0006483,2025-06-28T17:36:00,online,,C00632,,cod,2752.76
T0006484,2025-06-18T11:00:00,online,,C02329,,card,22442.21
T0006486,2025-06-04T18:42:00,online,,C01550,,wallet,6622.91
T0006487,2025-06-22T19:03:00,online,,C02032,,cod,5744.45
T0006488,2025-06-28T08:02:00,online,,C01623,,cod,52157.09
T0006490,2025-06-19T19:30:00,online,,C01134,,cod,36895.28
T0006492,2025-06-29T18:33:00,online,,C00003,,cod,121761.26
T0006493,2025-06-28T13:57:00,online,,C00778,,wallet,247158.09
T0006495,2025-06-22T00:30:00,online,,C01740,,wallet,20491.39
T0006496,2025-06-21T14:36:00,online,,C01824,,card,238347.13
T0006497,2025-06-02T06:54:00,online,,C00727,,wallet,239579.51
T0006498,2025-06-05T05:28:00,online,,C00632,,wallet,5339.2
T0006499,2025-06-18T20:25:00,online,,C01977,,card,56885.69
T0006500,2025-06-24T15:59:00,online,,C00533,,card,5898.23
T0006501,2025-06-25T09:30:00,online,,C02497,,wallet,4748.57
T0006502,2025-06-04T09:34:00,online,,C02148,,card,8600.65
T0006503,2025-06-24T06:53:00,online,,C00728,,cod,40780.53
T0006504,2025-06-10T04:55:00,online,,C01498,,wallet,18343.05
T0006505,2025-06-08T16:17:00,online,,C00475,,cod,4278.94
T0006506,2025-06-21T23:20:00,online,,C01707,,wallet,21962.41
T0006508,2025-06-05T15:42:00,online,,C01816,,wallet,99836.43
T0006509,2025-06-12T16:49:00,online,,C01016,,card,59045.36
T0006511,2025-06-21T05:42:00,online,,C00445,,cod,215749.45
T0006513,2025-06-24T23:29:00,online,,C02116,,wallet,19092.92
T0006514,2025-06-15T18:40:00,online,,C01372,,cod,482793.33999999997
T0006516,2025-06-15T08:51:00,online,,C01411,,cod,6947.43
T0006518,2025-06-02T14:15:00,online,,C00179,,wallet,46469.32
T0006519,2025-06-03T12:06:00,online,,C00520,,cod,39448.24
T0006521,2025-06-22T21:48:00,online,,C02001,,wallet,26669.910000000003
T0006522,2025-06-16T03:30:00,online,,C02480,,wallet,44737.07
T0006523,2025-06-15T13:22:00,online,,C00546,,cod,8056.58
T0006524,2025-06-08T12:46:00,online,,C01072,,cod,26155.57
T0006525,2025-06-25T20:45:00,online,,C02486,,cod,120017.72
T0006527,2025-06-10T00:24:00,online,,C01655,,cod,21787.25
T0006530,2025-06-15T02:26:00,online,,C01431,,card,18636.29
T0006532,2025-06-11T22:15:00,online,,C02237,,cod,6427.01
T0006533,2025-06-03T13:24:00,online,,C01522,,card,10093.16
T0006534,2025-06-04T18:42:00,online,,C00639,,card,21643.48
T0006535,2025-06-10T21:24:00,online,,C01683,,cod,3890.63
T0006536,2025-06-23T23:42:00,online,,C01137,,card,5441.22
T0006537,2025-06-21T02:18:00,online,,C00078,,cod,37516.72
T0006538,2025-06-23T20:32:00,online,,C01941,,card,224923.25999999998
T0006540,2025-06-12T22:19:00,online,,C01978,,cod,5662.51
T0006544,2025-06-01T22:05:00,online,,C01580,,card,120341.34
T0006546,2025-06-23T07:58:00,online,,C01980,,card,20765.64
T0006548,2025-06-29T22:27:00,online,,C02030,,wallet,11758.77
T0006551,2025-06-21T07:17:00,online,,C00935,,card,16716.75
T0006552,2025-06-21T09:14:00,online,,C01123,,cod,36596.97
T0006553,2025-06-10T10:13:00,online,,C01372,,card,7156.51
T0006554,2025-06-07T15:51:00,online,,C00497,,wallet,23543.15
T0006555,2025-06-24T12:30:00,online,,C02454,,cod,5979.71
T0006557,2025-06-01T11:41:00,online,,C02377,,wallet,22892.77
T0006558,2025-06-10T00:43:00,online,,C02446,,wallet,6228.1
T0006559,2025-06-22T16:25:00,online,,C01882,,card,291402.85
T0006560,2025-06-07T11:02:00,online,,C00614,,card,31304.72
T0006561,2025-06-25T23:50:00,online,,C00590,,card,32412.75
T0006562,2025-06-28T06:09:00,online,,C01064,,card,13672.77
T0006563,2025-06-26T22:04:00,online,,C00257,,card,7469.35
T0006568,2025-06-22T17:56:00,online,,C00128,,wallet,8086.86
T0006569,2025-06-10T07:12:00,online,,C02460,,cod,11070.07
T0006570,2025-06-10T10:07:00,online,,C01867,,wallet,240202.02000000002
T0006572,2025-06-01T15:36:00,online,,C01222,,wallet,21045.86
T0006573,2025-06-20T15:06:00,online,,C01478,,card,19014.730000000003
T0006576,2025-06-01T05:15:00,online,,C01217,,cod,3165.9300000000003
T0006577,2025-06-06T19:47:00,online,,C00255,,wallet,38815.8
T0006578,2025-06-18T22:01:00,online,,C00800,,wallet,12991.93
T0006579,2025-06-03T07:02:00,online,,C00041,,cod,366939.3
T0006581,2025-06-04T06:47:00,online,,C02411,,card,6007.36
T0006583,2025-06-12T04:13:00,online,,C01259,,card,195584.44
T0006585,2025-06-29T15:34:00,online,,C00264,,wallet,11586.25
T0006587,2025-06-30T06:21:00,online,,C01574,,wallet,411422.58
T0006588,2025-06-06T05:05:00,online,,C00357,,cod,47831.33
T0006590,2025-06-06T18:55:00,online,,C01086,,wallet,17732.22
T0006591,2025-06-26T20:49:00,online,,C00687,,cod,24592.440000000002
T0006593,2025-06-08T17:16:00,online,,C01487,,wallet,49561.95
T0006594,2025-06-24T22:45:00,online,,C01351,,cod,3487.03
T0006595,2025-06-22T10:09:00,online,,C00455,,cod,16411.96
T0006596,2025-06-02T11:56:00,online,,C01814,,card,130379.13
T0006597,2025-06-12T22:43:00,online,,C02350,,card,227614.32
T0006598,2025-06-21T17:26:00,online,,C00668,,cod,5489.93
T0006599,2025-06-03T23:54:00,online,,C00382,,card,14441.03
T0006602,2025-06-17T13:42:00,online,,C00155,,wallet,228098.87
T0006604,2025-06-08T17:24:00,online,,C00354,,card,5786.35
T0006605,2025-06-25T20:47:00,online,,C02107,,wallet,3966.49
T0006606,2025-06-23T10:16:00,online,,C01249,,wallet,11948.75
T0006607,2025-06-27T01:43:00,online,,C00952,,wallet,7617.29
T0006608,2025-06-24T23:42:00,online,,C01263,,card,8583.46
T0006609,2025-06-08T07:08:00,online,,C00742,,wallet,6178.3
T0006612,2025-06-22T09:03:00,online,,C01861,,cod,21105.86
T0006614,2025-06-19T01:35:00,online,,C00170,,cod,7023.24
T0006616,2025-06-27T20:13:00,online,,C00786,,wallet,45086.74
T0006619,2025-06-08T20:47:00,online,,C00855,,wallet,5068.16
T0006621,2025-06-12T14:41:00,online,,C00816,,wallet,80002.77
T0006622,2025-06-10T17:26:00,online,,C00133,,cod,16200.46
T0006623,2025-06-03T17:19:00,online,,C01187,,cod,46344.15
T0006624,2025-06-17T16:08:00,online,,C02273,,card,121417.97
T0006625,2025-06-18T05:02:00,online,,C00681,,wallet,239790.46
T0006626,2025-06-19T05:19:00,online,,C01418,,card,10168.21
T0006628,2025-06-26T11:52:00,online,,C01278,,card,51654.69
T0006631,2025-06-27T12:00:00,online,,C01271,,wallet,290737.92000000004
T0006632,2025-06-04T19:26:00,online,,C01741,,card,21113.82
T0006633,2025-06-25T17:12:00,online,,C01439,,cod,6142.5
T0006635,2025-06-07T02:31:00,online,,C01232,,wallet,11654.0
T0006637,2025-06-11T18:31:00,online,,C00268,,wallet,122699.26
T0006638,2025-06-07T14:34:00,online,,C01776,,cod,35595.450000000004
T0006640,2025-06-20T07:30:00,online,,C00637,,card,3668.26
T0006642,2025-06-20T11:13:00,online,,C00582,,wallet,116495.24
T0006647,2025-06-23T13:59:00,online,,C00387,,wallet,12068.54
T0006648,2025-06-01T08:33:00,online,,C01866,,wallet,6979.55
T0006649,2025-06-05T19:42:00,online,,C01384,,wallet,15569.42
T0006650,2025-06-24T00:01:00,online,,C01069,,cod,12368.23
T0006651,2025-06-21T20:07:00,online,,C01313,,wallet,15853.699999999999
T0006652,2025-06-07T15:49:00,online,,C01092,,wallet,15982.95
T0006654,2025-06-01T09:46:00,online,,C01953,,cod,38555.42
T0006655,2025-06-29T23:22:00,online,,C02212,,card,46194.82
T0006658,2025-06-28T22:53:00,online,,C02420,,cod,2381.43
T0006659,2025-06-07T20:32:00,online,,C01802,,cod,4360.12
T0006661,2025-06-19T09:57:00,online,,C01550,,cod,16632.18
T0006662,2025-06-01T14:22:00,online,,C01982,,wallet,19414.379999999997
T0006663,2025-06-17T07:03:00,online,,C01280,,wallet,34459.13
T0006664,2025-06-27T02:44:00,online,,C02276,,wallet,26679.04
T0006665,2025-06-27T09:45:00,online,,C00042,,cod,248503.05000000002
T0006667,2025-06-05T01:50:00,online,,C00498,,cod,14297.27
T0006670,2025-06-06T12:55:00,online,,C02188,,wallet,224582.32
T0006671,2025-06-29T05:48:00,online,,C02415,,wallet,35407.91
T0006672,2025-06-12T00:54:00,online,,C00417,,cod,19656.940000000002
T0006673,2025-06-22T06:37:00,online,,C00841,,cod,199978.09
T0006674,2025-06-14T11:52:00,online,,C01214,,cod,21049.27
T0006677,2025-06-18T19:28:00,online,,C01686,,wallet,9811.83
T0006679,2025-06-05T05:27:00,online,,C00931,,wallet,26905.32
T0006680,2025-06-10T06:31:00,online,,C02460,,card,107229.38
T0006681,2025-06-14T17:01:00,online,,C02481,,cod,10115.650000000001
T0006682,2025-06-14T21:08:00,online,,C01129,,cod,40264.55
T0006683,2025-06-30T05:46:00,online,,C01861,,card,15175.76
T0006685,2025-06-26T03:07:00,online,,C01923,,card,274675.71
T0006686,2025-06-20T11:32:00,online,,C00575,,wallet,230714.03
T0006687,2025-06-10T14:50:00,online,,C01908,,wallet,10464.46
T0006689,2025-06-21T01:42:00,online,,C00727,,wallet,12704.119999999999
T0006690,2025-06-23T20:16:00,online,,C01350,,wallet,24721.440000000002
T0006691,2025-06-24T20:44:00,online,,C00737,,cod,7616.57
T0006692,2025-06-26T12:06:00,online,,C01016,,card,251207.68
T0006693,2025-06-24T14:12:00,online,,C01549,,cod,251332.84999999998
T0006694,2025-06-13T05:02:00,online,,C02187,,cod,19137.12
T0006696,2025-06-21T11:40:00,online,,C00371,,cod,17978.940000000002
T0006697,2025-06-24T09:28:00,online,,C00828,,card,12356.95
T0006698,2025-06-11T21:04:00,online,,C01240,,wallet,254040.41999999998
T0006699,2025-06-02T22:05:00,online,,C00187,,card,11176.89
T0006700,2025-06-05T11:10:00,online,,C00383,,cod,214070.41
T0006701,2025-06-10T13:06:00,online,,C00592,,card,4271.23
T0006703,2025-06-13T13:31:00,online,,C01163,,card,1378.18
T0006704,2025-06-04T23:02:00,online,,C02317,,card,9056.35
T0006706,2025-06-19T16:37:00,online,,C02048,,cod,27157.52
T0006707,2025-06-16T20:55:00,online,,C01314,,card,38525.08
T0006712,2025-06-28T03:55:00,online,,C02492,,card,20290.76
T0006713,2025-06-28T03:44:00,online,,C01670,,wallet,7095.719999999999
T0006714,2025-06-15T11:40:00,online,,C01466,,cod,22522.62
T0006715,2025-06-25T20:30:00,online,,C01479,,wallet,7868.82
T0006716,2025-06-10T16:53:00,online,,C01223,,wallet,91175.22
T0006718,2025-06-12T20:40:00,online,,C02254,,wallet,151268.01
T0006719,2025-06-04T15:23:00,online,,C01924,,card,21049.11
T0006720,2025-06-01T06:30:00,online,,C01548,,card,7933.88
T0006721,2025-06-25T20:34:00,online,,C02030,,card,18841.75
T0006724,2025-06-04T03:04:00,online,,C00054,,cod,4624.81
T0006725,2025-06-02T03:44:00,online,,C00261,,card,29811.54
T0006726,2025-06-23T09:06:00,online,,C00654,,wallet,4312.2
T0006727,2025-06-13T14:05:00,online,,C00733,,cod,267027.82
T0006728,2025-06-25T07:32:00,online,,C02439,,wallet,50361.05
T0006729,2025-06-03T23:44:00,online,,C00449,,cod,15930.13
T0006730,2025-06-29T20:27:00,online,,C01569,,card,8042.05
T0006731,2025-06-20T23:59:00,online,,C01761,,card,229917.22
T0006734,2025-06-10T00:33:00,online,,C00851,,wallet,9416.400000000001
T0006735,2025-06-29T16:03:00,online,,C02338,,wallet,25315.78
T0006736,2025-06-18T20:07:00,online,,C00181,,card,20858.53
T0006740,2025-06-07T12:25:00,online,,C02296,,card,6643.37
T0006741,2025-06-17T22:52:00,online,,C01483,,card,28119.660000000003
T0006742,2025-06-04T15:02:00,online,,C01967,,card,1481.57
T0006743,2025-06-27T00:41:00,online,,C00685,,card,46368.380000000005
T0006744,2025-06-12T10:01:00,online,,C00179,,card,15182.74
T0006746,2025-06-25T12:49:00,online,,C01729,,card,12370.449999999999
T0006747,2025-06-20T02:52:00,online,,C02496,,cod,11157.09
T0006748,2025-06-03T08:19:00,online,,C00166,,wallet,7936.95
T0006750,2025-06-18T16:40:00,online,,C02135,,wallet,225454.75
T0006751,2025-06-06T12:25:00,online,,C02098,,card,8565.47
T0006752,2025-06-19T13:39:00,online,,C01826,,cod,9742.96
T0006753,2025-06-25T01:06:00,online,,C01956,,card,30139.91
T0006754,2025-06-23T22:26:00,online,,C02434,,card,8168.35
T0006755,2025-06-08T12:40:00,online,,C00949,,wallet,54364.479999999996
T0006756,2025-06-01T16:06:00,online,,C01997,,wallet,17221.51
T0006757,2025-06-05T20:12:00,online,,C01860,,wallet,11993.060000000001
T0006758,2025-06-25T04:21:00,online,,C02141,,wallet,74310.71
T0006759,2025-06-16T01:12:00,online,,C01528,,cod,12046.39
T0006760,2025-06-09T23:25:00,online,,C01749,,card,11478.33
T0006761,2025-06-13T07:02:00,online,,C00260,,cod,10577.380000000001
T0006762,2025-06-10T10:09:00,online,,C00859,,cod,9402.5
T0006763,2025-06-10T17:28:00,online,,C01825,,wallet,31974.98
T0006766,2025-06-03T19:18:00,online,,C01392,,wallet,23841.69
T0006769,2025-06-17T06:26:00,online,,C01032,,wallet,9311.16
T0006770,2025-06-05T08:25:00,online,,C01758,,wallet,6203.36
T0006772,2025-06-09T12:27:00,online,,C01328,,card,16810.18
T0006773,2025-06-03T18:33:00,online,,C00775,,card,34540.380000000005
T0006774,2025-06-04T22:34:00,online,,C02019,,cod,67661.56
T0006775,2025-06-28T16:46:00,online,,C01005,,cod,10386.57
T0006776,2025-06-09T11:42:00,online,,C00216,,wallet,40159.65
T0006779,2025-06-07T21:55:00,online,,C01909,,wallet,3839.88
T0006780,2025-06-30T00:04:00,online,,C01326,,wallet,5138.09
T0006782,2025-06-24T01:38:00,online,,C00778,,card,38084.409999999996
T0006783,2025-06-10T02:26:00,online,,C00233,,wallet,15527.349999999999
T0006785,2025-06-08T05:01:00,online,,C01758,,cod,13104.990000000002
T0006786,2025-06-09T09:53:00,online,,C01130,,cod,54096.18
T0006787,2025-06-21T06:05:00,online,,C00677,,wallet,22261.47
T0006791,2025-06-30T00:28:00,online,,C02396,,cod,40393.81
T0006792,2025-06-14T21:36:00,online,,C00755,,card,7063.22
T0006793,2025-06-14T03:07:00,online,,C01041,,cod,12019.07
T0006795,2025-06-02T20:49:00,online,,C01124,,wallet,17856.29
T0006796,2025-06-01T23:05:00,online,,C02364,,card,2807.86
T0006798,2025-06-27T07:39:00,online,,C00786,,wallet,131756.13999999998
T0006799,2025-06-19T15:19:00,online,,C01094,,cod,5994.8
T0006801,2025-06-14T19:40:00,online,,C00531,,cod,14021.33
T0006803,2025-06-04T21:30:00,online,,C02038,,wallet,13753.7
T0006804,2025-06-01T14:27:00,online,,C02414,,cod,11856.55
T0006805,2025-06-03T07:26:00,online,,C02375,,card,35690.66
T0006806,2025-06-17T22:55:00,online,,C01817,,card,13967.779999999999
T0006809,2025-06-21T12:26:00,online,,C02039,,wallet,23912.03
T0006811,2025-06-19T19:24:00,online,,C00614,,card,29825.980000000003
T0006812,2025-06-18T02:19:00,online,,C02216,,wallet,584711.25
T0006815,2025-06-12T22:25:00,online,,C00128,,card,30380.02
T0006816,2025-06-08T01:37:00,online,,C01417,,card,11208.54
T0006818,2025-06-03T12:52:00,online,,C02301,,card,12153.4
T0006819,2025-06-08T09:42:00,online,,C00931,,wallet,38470.33
T0006821,2025-06-16T20:04:00,online,,C00766,,card,5038.22
T0006822,2025-06-02T03:53:00,online,,C01964,,cod,46026.97
T0006823,2025-06-24T00:36:00,online,,C02180,,wallet,210025.01
T0006825,2025-06-20T23:08:00,online,,C00127,,cod,9464.46
T0006826,2025-06-24T01:58:00,online,,C01988,,card,216497.81999999998
T0006827,2025-06-30T07:41:00,online,,C02146,,cod,14226.27
T0006828,2025-06-08T05:10:00,online,,C00321,,cod,4625.68
T0006829,2025-06-10T00:54:00,online,,C02151,,cod,13313.279999999999
T0006830,2025-06-07T21:27:00,online,,C02420,,cod,19802.18
T0006831,2025-06-04T11:03:00,online,,C02325,,card,16496.72
T0006832,2025-06-27T00:57:00,online,,C00667,,cod,42785.04
T0006833,2025-06-17T20:58:00,online,,C01933,,cod,236710.56
T0006835,2025-06-03T14:58:00,online,,C00702,,cod,39185.61
T0006836,2025-06-11T07:00:00,online,,C00532,,wallet,229831.28999999998
T0006837,2025-06-13T18:15:00,online,,C00385,,card,16351.58
T0006838,2025-06-20T14:34:00,online,,C01847,,cod,4379.14
T0006839,2025-06-17T05:46:00,online,,C02455,,card,50611.66
T0006840,2025-06-24T03:10:00,online,,C00582,,cod,4263.38
T0006841,2025-06-25T23:52:00,online,,C00543,,card,42208.97
T0006843,2025-06-09T08:17:00,online,,C00221,,wallet,26334.11
T0006844,2025-06-22T20:14:00,online,,C01707,,card,33928.87
T0006845,2025-06-16T13:54:00,online,,C01911,,wallet,421661.19
T0006846,2025-06-09T20:03:00,online,,C00352,,cod,113499.67
T0006848,2025-06-26T19:13:00,online,,C01256,,cod,112722.67
T0006849,2025-06-10T09:04:00,online,,C00809,,wallet,24667.260000000002
T0006850,2025-06-16T16:37:00,online,,C00548,,cod,31547.27
T0006851,2025-06-26T07:43:00,online,,C00813,,cod,212932.53
T0006852,2025-06-27T15:23:00,online,,C01777,,cod,17101.07
T0006854,2025-06-08T08:40:00,store,S002,C02260,P0013,cash,35303.22
T0006855,2025-06-19T22:45:00,store,S005,C01755,P0025,cash,88197.61000000002
T0006856,2025-06-20T20:13:00,store,S001,C00607,P0009,cash,5153.36
T0006857,2025-06-26T14:44:00,store,S001,C01495,P0020,cash,18333.96
T0006858,2025-06-11T23:05:00,store,S005,C00188,P0025,cash,14435.08
T0006859,2025-06-22T07:57:00,store,S006,C01900,P0016,cash,5932.610000000001
T0006860,2025-06-06T20:07:00,store,S002,C02274,P0018,card,109192.7
T0006861,2025-06-17T11:00:00,store,S006,C01632,P0011,card,121918.95
T0006862,2025-06-08T21:48:00,store,S003,C01515,P0019,card,66264.04999999999
T0006863,2025-06-13T11:04:00,store,S003,C02012,P0019,cash,9094.72
T0006865,2025-06-23T10:03:00,store,S002,C00096,P0007,cash,48952.25
T0006866,2025-06-16T09:30:00,store,S003,C01066,P0019,cash,35970.82
T0006867,2025-06-01T23:03:00,store,S006,C01785,P0011,card,8152.52
T0006868,2025-06-08T11:40:00,store,S002,C01860,P0010,card,21922.82
T0006871,2025-06-29T12:25:00,store,S004,C02149,P0005,card,19287.16
T0006872,2025-06-10T19:25:00,store,S003,C00790,P0019,card,17308.13
T0006873,2025-06-20T00:59:00,store,S005,C00686,P0025,cash,56825.04
T0006875,2025-06-02T12:50:00,store,S004,C02306,P0005,card,10111.0
T0006876,2025-06-19T21:54:00,store,S001,C01810,P0009,card,6579.429999999999
T0006877,2025-06-18T07:03:00,store,S001,C02030,P0021,cash,45867.979999999996
T0006878,2025-06-26T05:31:00,store,S005,C00605,P0025,card,7850.82
T0006879,2025-06-17T09:13:00,store,S002,C02022,P0001,cash,122573.1
T0006880,2025-06-23T12:54:00,store,S005,C02285,P0012,card,20625.48
T0006881,2025-06-01T15:53:00,store,S006,C00132,P0003,card,6827.58
T0006884,2025-06-02T19:51:00,store,S005,C01112,P0014,cash,99045.70000000001
T0006885,2025-06-29T21:13:00,store,S001,C01736,P0015,cash,19000.39
T0006886,2025-06-27T11:03:00,store,S004,C00605,P0026,cash,13967.67
T0006887,2025-06-06T02:01:00,store,S002,C01344,P0007,cash,22129.35
T0006888,2025-06-10T16:14:00,store,S001,C00082,P0020,cash,5724.52
T0006889,2025-06-29T10:31:00,store,S003,C00215,P0023,card,35080.84
T0006890,2025-06-05T01:45:00,store,S004,C00969,P0005,card,4501.73
T0006891,2025-06-14T19:35:00,store,S004,C00369,P0005,cash,6162.63
T0006897,2025-06-17T13:46:00,store,S005,C01524,P0014,cash,229849.24000000002
T0006898,2025-06-01T03:39:00,store,S005,C00822,P0014,card,53711.969999999994
T0006900,2025-06-26T05:37:00,store,S002,C01074,P0010,card,35347.45
T0006902,2025-06-12T15:18:00,store,S005,C00921,P0025,cash,235371.37
T0006903,2025-06-13T23:26:00,store,S004,C01899,P0005,card,46026.1
T0006904,2025-06-20T20:31:00,store,S004,C01636,P0026,card,4056.78
T0006905,2025-06-03T06:40:00,store,S005,C00058,P0014,card,30849.449999999997
T0006907,2025-06-09T10:14:00,store,S001,C01658,P0006,card,7576.4
T0006909,2025-06-13T23:41:00,store,S002,C02293,P0001,cash,21823.23
T0006910,2025-06-05T02:02:00,store,S001,C02241,P0015,card,5154.18
T0006912,2025-06-15T22:19:00,store,S003,C00080,P0017,cash,21318.53
T0006913,2025-06-24T07:12:00,store,S004,C01956,P0026,card,7279.09
T0006914,2025-06-16T03:20:00,store,S005,C01817,P0014,cash,11479.84
T0006915,2025-06-22T17:18:00,store,S001,C00493,P0015,card,150389.23
T0006916,2025-06-14T15:35:00,store,S004,C01950,P0005,cash,207633.69999999998
T0006917,2025-06-25T23:41:00,store,S001,C02358,P0021,cash,33025.59
T0006919,2025-06-14T23:30:00,store,S003,C01401,P0022,cash,3350.09
T0006921,2025-06-17T01:04:00,store,S002,C00935,P0018,cash,17735.8
T0006922,2025-06-01T00:40:00,store,S002,C02161,P0010,card,25436.95
T0006923,2025-06-02T02:46:00,store,S006,C01455,P0024,card,39355.57
T0006924,2025-06-09T16:56:00,store,S004,C00253,P0005,cash,5922.49
T0006926,2025-06-06T05:26:00,store,S005,C01016,P0025,card,76047.47
T0006927,2025-06-09T17:21:00,store,S003,C02194,P0019,card,9385.15
T0006928,2025-06-29T03:02:00,store,S004,C00823,P0005,cash,4215.12
T0006930,2025-06-02T06:18:00,store,S001,C02434,P0004,cash,63472.16
T0006931,2025-06-20T07:57:00,store,S002,C02209,P0010,card,3885.41
T0006932,2025-06-10T01:38:00,store,S001,C01911,P0002,cash,10735.83
T0006933,2025-06-27T04:38:00,store,S003,C00657,P0022,card,8553.92
T0006934,2025-06-18T09:43:00,store,S004,C01396,P0026,card,51188.61
T0006935,2025-06-04T11:01:00,store,S001,C02104,P0020,card,5621.29
T0006936,2025-06-27T17:52:00,store,S004,C00196,P0026,card,58512.729999999996
T0006940,2025-06-22T20:53:00,store,S003,C00326,P0017,cash,47743.65
T0006941,2025-06-27T12:04:00,store,S006,C02358,P0011,card,11812.6
T0006943,2025-06-19T20:04:00,store,S003,C02302,P0019,cash,19305.67
T0006946,2025-06-30T03:11:00,store,S001,C01595,P0015,card,42127.8
T0006947,2025-06-17T21:01:00,store,S006,C01177,P0011,cash,236369.43
T0006948,2025-06-14T08:59:00,store,S005,C01855,P0025,card,388259.49
T0006949,2025-06-08T08:47:00,store,S002,C00576,P0010,cash,39739.96
T0006951,2025-06-21T12:51:00,store,S001,C01415,P0015,card,45119.91
T0006952,2025-06-26T21:51:00,store,S002,C01269,P0001,cash,38630.04
T0006953,2025-06-03T05:56:00,store,S002,C00581,P0018,cash,7170.59
T0006954,2025-06-29T12:57:00,store,S005,C00498,P0008,card,22789.239999999998
T0006955,2025-06-15T06:33:00,store,S005,C00587,P0008,cash,12721.97
T0006956,2025-06-10T13:12:00,store,S004,C01810,P0026,card,1627.85
T0006957,2025-06-15T12:16:00,store,S002,C01302,P0010,cash,17611.59
T0006958,2025-06-11T02:26:00,store,S001,C02439,P0015,card,198250.51
T0006959,2025-06-03T08:11:00,store,S001,C01699,P0015,cash,9958.88
T0006960,2025-06-10T06:58:00,store,S005,C00532,P0012,cash,15974.19
T0006962,2025-06-02T01:41:00,store,S006,C02117,P0003,cash,25341.83
T0006963,2025-06-04T21:45:00,store,S005,C01026,P0025,card,17690.49
T0006965,2025-06-29T15:49:00,store,S003,C00975,P0019,cash,8981.64
T0006966,2025-06-16T19:27:00,store,S003,C02363,P0019,cash,6134.26
T0006968,2025-06-18T20:13:00,store,S006,C02303,P0011,card,2320.06
T0006969,2025-06-02T08:52:00,store,S001,C00406,P0020,card,17748.76
T0006970,2025-06-29T14:13:00,store,S006,C02466,P0016,cash,213969.05
T0006973,2025-06-12T12:01:00,store,S006,C01053,P0003,card,34230.91
T0006974,2025-06-19T11:16:00,store,S002,C01012,P0010,cash,6100.97
T0006975,2025-06-29T06:41:00,store,S004,C01208,P0026,card,8817.57
T0006976,2025-06-17T15:48:00,store,S004,C01274,P0026,card,24460.3
T0006977,2025-06-19T20:05:00,store,S005,C00254,P0012,card,30286.42
T0006978,2025-06-12T13:46:00,store,S002,C01104,P0013,card,19625.84
T0006979,2025-06-30T02:00:00,store,S005,C00452,P0008,cash,17624.36
T0006983,2025-06-18T09:14:00,store,S005,C01852,P0014,cash,2154.05
T0006984,2025-06-27T05:25:00,store,S004,C00139,P0005,card,58855.28
T0006985,2025-06-09T22:00:00,store,S005,C01225,P0025,card,12329.54
T0006988,2025-06-10T10:08:00,store,S004,C02347,P0005,card,292220.28
T0006990,2025-06-08T11:48:00,store,S003,C02051,P0019,card,22910.92
T0006992,2025-06-26T01:35:00,store,S006,C01154,P0016,card,39466.04
T0006993,2025-06-13T01:30:00,store,S004,C01820,P0005,card,34219.51
T0006995,2025-06-08T17:16:00,store,S005,C00992,P0025,card,14633.369999999999
T0006996,2025-06-06T02:17:00,store,S001,C02018,P0006,card,2849.16
T0006998,2025-06-22T12:25:00,store,S005,C00378,P0025,card,13014.31
T0006999,2025-06-28T07:08:00,store,S004,C00658,P0005,cash,206408.37
T0007002,2025-06-14T17:14:00,store,S001,C02442,P0004,cash,3508.16
T0007008,2025-06-06T04:44:00,store,S005,C01121,P0014,card,107288.53
T0007009,2025-06-16T23:28:00,store,S004,C01317,P0005,cash,24150.29
T0007013,2025-06-03T23:41:00,store,S002,C00966,P0010,cash,10273.75
T0007014,2025-06-10T14:16:00,store,S004,C00582,P0005,cash,4224.87
T0007016,2025-06-04T20:52:00,store,S001,C01569,P0015,card,44205.92
T0007018,2025-06-16T19:59:00,store,S003,C02000,P0022,cash,265028.41000000003
T0007019,2025-06-05T15:39:00,store,S004,C00647,P0026,card,182580.44
T0007020,2025-06-19T07:51:00,store,S001,C00656,P0002,card,2340.95
T0007021,2025-06-08T14:51:00,store,S001,C02436,P0020,cash,11774.72
T0007022,2025-06-21T01:09:00,store,S005,C00945,P0014,card,57618.60999999999
T0007024,2025-06-23T21:00:00,store,S005,C02293,P0025,card,62910.48999999999
T0007025,2025-06-21T20:53:00,store,S004,C00524,P0005,card,4969.13
T0007026,2025-06-22T00:35:00,store,S004,C01860,P0026,card,137226.57
T0007029,2025-06-27T08:31:00,store,S004,C02419,P0026,cash,171967.81
T0007031,2025-06-18T01:24:00,store,S006,C00526,P0011,cash,6024.3099999999995
T0007033,2025-06-19T20:21:00,store,S006,C00537,P0024,cash,13456.42
T0007034,2025-06-21T01:17:00,store,S005,C01749,P0014,card,11006.99
T0007035,2025-06-16T03:38:00,store,S004,C02457,P0026,card,11587.16
T0007037,2025-06-21T16:55:00,store,S004,C01566,P0026,cash,37124.14
T0007038,2025-06-04T19:53:00,store,S001,C00953,P0021,cash,23897.17
T0007039,2025-06-23T18:54:00,store,S003,C00444,P0023,card,18046.79
T0007040,2025-06-24T15:48:00,store,S003,C00231,P0017,card,19546.39
T0007041,2025-06-04T21:22:00,store,S003,C01941,P0023,card,7747.22
T0007043,2025-06-23T03:57:00,store,S004,C00676,P0026,cash,177828.75
T0007045,2025-06-05T22:52:00,store,S002,C00282,P0001,card,13970.95
T0007047,2025-06-28T13:27:00,store,S005,C00205,P0012,cash,23621.23
T0007048,2025-06-25T23:24:00,store,S001,C00108,P0004,cash,2360.21
T0007049,2025-06-29T21:32:00,store,S005,C00142,P0014,cash,26015.78
T0007050,2025-06-12T22:10:00,store,S005,C01495,P0008,cash,22743.1
T0007051,2025-06-03T07:48:00,store,S006,C02372,P0016,cash,317559.26
T0007052,2025-06-03T08:00:00,store,S003,C02274,P0019,cash,226373.0
T0007054,2025-06-06T05:55:00,store,S006,C00822,P0011,card,31699.57
T0007055,2025-06-13T03:59:00,store,S002,C00586,P0010,cash,107389.2
T0007056,2025-06-20T14:19:00,store,S003,C01518,P0022,cash,41492.67
T0007059,2025-06-09T22:28:00,store,S001,C01089,P0015,card,304526.85
T0007061,2025-06-18T00:02:00,store,S002,C00995,P0001,card,46200.0
T0007062,2025-06-25T09:59:00,store,S003,C00037,P0017,cash,11424.11
T0007064,2025-06-27T17:37:00,store,S001,C00343,P0009,cash,37768.7
T0007066,2025-06-21T11:41:00,store,S004,C00192,P0005,cash,35982.119999999995
T0007067,2025-06-17T22:46:00,store,S001,C00216,P0002,card,6867.41
T0007068,2025-06-14T11:30:00,store,S001,C01224,P0002,cash,50715.45
T0007069,2025-06-30T12:48:00,store,S002,C01127,P0018,cash,2442.48
T0007071,2025-06-16T15:16:00,store,S004,C01457,P0026,card,7236.61
T0007072,2025-06-10T05:01:00,store,S006,C00717,P0016,cash,244267.24999999997
T0007073,2025-06-07T16:11:00,store,S001,C01575,P0015,cash,9599.39
T0007074,2025-06-03T13:32:00,store,S006,C01884,P0003,card,90197.76
T0007075,2025-06-20T10:57:00,store,S005,C00861,P0025,card,7435.46
T0007076,2025-06-26T04:21:00,store,S005,C00207,P0025,card,9789.21
T0007077,2025-06-18T01:15:00,store,S001,C01693,P0020,cash,24989.6
T0007078,2025-06-16T06:50:00,store,S001,C01242,P0004,cash,47079.04
T0007079,2025-06-10T00:34:00,store,S004,C01026,P0005,cash,1799.38
T0007081,2025-06-16T22:24:00,store,S005,C00275,P0014,card,17084.6
T0007082,2025-06-29T15:53:00,store,S001,C01483,P0009,cash,9178.03
T0007083,2025-06-06T22:58:00,store,S001,C00595,P0020,cash,2321.02
T0007086,2025-06-17T06:41:00,store,S005,C02463,P0014,card,237949.59
T0007087,2025-06-13T06:13:00,store,S001,C01268,P0004,cash,21728.690000000002
T0007088,2025-06-02T16:50:00,store,S001,C00776,P0002,card,14747.55
T0007090,2025-06-16T21:29:00,store,S001,C01300,P0004,card,240171.79
T0007091,2025-06-24T20:59:00,store,S002,C00247,P0013,cash,7117.969999999999
T0007092,2025-06-03T10:27:00,store,S004,C00986,P0026,card,23598.420000000002
T0007093,2025-06-18T06:03:00,store,S001,C02497,P0015,cash,368647.77999999997
T0007094,2025-06-30T20:25:00,store,S001,C01784,P0020,cash,89050.36
T0007096,2025-06-13T20:59:00,store,S001,C01745,P0020,cash,13254.43
T0007101,2025-06-14T07:39:00,store,S005,C00307,P0025,cash,19054.85
T0007104,2025-06-28T23:36:00,store,S004,C02180,P0005,cash,56013.87
T0007105,2025-06-12T19:15:00,store,S006,C01571,P0003,card,53185.439999999995
T0007106,2025-06-01T01:47:00,store,S004,C00527,P0026,cash,10859.19
T0007107,2025-06-06T22:30:00,store,S001,C01712,P0020,cash,15286.16
T0007108,2025-06-03T23:03:00,store,S003,C02173,P0023,card,23419.5
T0007109,2025-06-15T17:32:00,store,S002,C01675,P0007,card,9692.220000000001
T0007110,2025-06-10T11:20:00,store,S004,C01822,P0026,cash,10864.5
T0007111,2025-06-09T21:18:00,store,S002,C00141,P0013,cash,8445.07
T0007112,2025-06-11T03:05:00,store,S005,C00138,P0012,card,230536.87999999998
T0007114,2025-06-07T20:36:00,store,S005,C01898,P0012,cash,11588.400000000001
T0007117,2025-06-19T00:50:00,store,S004,C02145,P0005,card,19309.300000000003
T0007119,2025-06-14T16:51:00,store,S004,C01196,P0026,card,28903.98
T0007121,2025-06-09T00:13:00,store,S006,C00542,P0016,cash,8141.7300000000005
T0007128,2025-06-18T00:20:00,store,S001,C01994,P0004,card,111719.1
T0007130,2025-06-10T05:11:00,store,S004,C00078,P0026,cash,84538.23000000001
T0007131,2025-06-09T15:48:00,store,S001,C02128,P0015,cash,7109.01
T0007132,2025-06-11T22:43:00,store,S002,C00546,P0010,card,160191.78999999998
T0007133,2025-06-12T22:18:00,store,S001,C00755,P0004,cash,58921.74
T0007135,2025-06-12T13:52:00,store,S001,C02079,P0021,cash,2824.1
T0007136,2025-06-12T23:13:00,store,S002,C01250,P0007,cash,11096.24
T0007137,2025-06-21T03:29:00,store,S004,C02334,P0026,card,37961.18
T0007140,2025-06-28T00:23:00,store,S005,C02309,P0014,cash,29853.300000000003
T0007143,2025-06-29T13:41:00,store,S005,C02034,P0014,card,274759.99000000005
T0007144,2025-06-03T13:51:00,store,S001,C02303,P0006,cash,11161.74
T0007145,2025-06-08T18:01:00,store,S002,C00435,P0013,card,17075.18
T0007146,2025-06-09T02:57:00,store,S003,C00997,P0019,card,35139.97
T0007147,2025-06-27T08:31:00,store,S004,C00182,P0005,cash,16857.82
T0007149,2025-06-27T14:09:00,store,S003,C02141,P0019,cash,14425.89
T0007150,2025-06-25T21:40:00,store,S002,C02235,P0007,card,8280.869999999999
T0007151,2025-06-03T04:54:00,store,S004,C00456,P0026,cash,190120.94999999998
T0007153,2025-06-14T01:43:00,store,S005,C01077,P0012,cash,13361.03
T0007154,2025-06-05T01:08:00,store,S004,C00274,P0026,cash,28424.64
T0007158,2025-06-18T16:43:00,store,S002,C00680,P0001,cash,231102.47
T0007160,2025-06-15T23:41:00,store,S006,C01610,P0016,card,204030.28
T0007161,2025-06-05T13:04:00,store,S006,C00849,P0003,card,17413.71
T0007163,2025-06-13T17:31:00,store,S004,C00639,P0005,card,16406.88
T0007164,2025-06-13T16:13:00,store,S005,C01758,P0008,cash,41172.47
T0007169,2025-06-20T05:31:00,store,S004,C02007,P0005,cash,6528.0599999999995
T0007170,2025-06-08T21:46:00,store,S001,C00094,P0002,cash,10640.079999999998
T0007172,2025-06-28T17:50:00,store,S001,C02485,P0021,cash,10431.22
T0007173,2025-06-03T16:14:00,store,S006,C02330,P0003,card,25154.94
T0007174,2025-06-09T22:10:00,store,S006,C00871,P0003,cash,28698.54
T0007175,2025-06-16T23:36:00,store,S003,C00708,P0022,cash,16308.5
T0007177,2025-06-10T09:38:00,store,S004,C02292,P0005,cash,4406.11
T0007179,2025-06-13T03:21:00,store,S004,C02225,P0005,cash,38934.869999999995
T0007181,2025-06-26T13:55:00,store,S001,C01711,P0009,card,41378.119999999995
T0007182,2025-06-14T19:26:00,store,S005,C00931,P0025,card,26373.839999999997
T0007183,2025-06-27T01:16:00,store,S004,C01801,P0005,cash,5146.8099999999995
T0007186,2025-06-16T01:29:00,store,S002,C02217,P0013,card,45401.21
T0007188,2025-06-10T10:54:00,store,S002,C00239,P0013,cash,18178.78
T0007189,2025-06-28T16:24:00,store,S005,C02175,P0025,cash,10635.11
T0007190,2025-06-06T01:42:00,store,S002,C01396,P0007,cash,6076.41
T0007192,2025-06-14T23:22:00,store,S003,C02118,P0022,cash,454886.93999999994
T0007195,2025-06-04T04:11:00,store,S001,C01989,P0006,card,88192.64
T0007196,2025-06-19T13:24:00,store,S004,C01675,P0005,card,4264.41
T0007198,2025-06-20T11:56:00,store,S004,C00584,P0005,cash,135713.75
T0007199,2025-06-27T21:48:00,store,S002,C01580,P0018,card,9977.93
T0007200,2025-06-30T07:06:00,store,S006,C01538,P0016,cash,12908.34
T0007201,2025-06-29T22:28:00,store,S001,C01147,P0021,card,26579.010000000002
T0007202,2025-06-23T09:32:00,store,S006,C01938,P0024,card,5850.74
T0007203,2025-06-08T00:06:00,store,S002,C00498,P0018,cash,20389.809999999998
T0007204,2025-06-29T04:04:00,store,S005,C00125,P0025,cash,16759.25
T0007205,2025-06-15T16:35:00,store,S001,C00129,P0020,card,34921.06
T0007206,2025-06-12T01:46:00,store,S006,C01759,P0003,card,12010.2
T0007208,2025-06-22T00:31:00,store,S005,C01801,P0025,cash,240243.89
T0007210,2025-06-19T03:31:00,store,S006,C02162,P0011,cash,39228.15
T0007211,2025-06-19T11:50:00,store,S004,C01591,P0026,card,18492.16
T0007212,2025-06-04T14:28:00,store,S001,C00899,P0006,card,52966.56
T0007213,2025-06-24T07:23:00,store,S002,C00705,P0013,card,11755.75
T0007214,2025-06-02T17:53:00,store,S001,C01735,P0004,cash,6780.86
T0007217,2025-06-01T00:59:00,store,S002,C02410,P0018,cash,26656.120000000003
T0007218,2025-06-10T12:30:00,store,S006,C02375,P0016,card,25171.0
T0007220,2025-06-29T14:19:00,store,S001,C01119,P0021,cash,13715.98
T0007221,2025-06-01T04:13:00,store,S005,C00201,P0012,cash,42903.79
T0007223,2025-06-10T16:32:00,store,S005,C00277,P0025,cash,25801.04
T0007224,2025-06-07T17:41:00,store,S004,C01757,P0026,card,15028.35
T0007225,2025-06-12T05:10:00,store,S004,C00641,P0026,cash,23731.84
T0007226,2025-06-08T05:06:00,store,S001,C00279,P0004,cash,305419.19
T0007229,2025-06-17T16:12:00,store,S004,C00698,P0026,card,10906.31
T0007230,2025-06-03T11:37:00,store,S005,C01372,P0012,cash,244516.35
T0007232,2025-06-04T06:49:00,store,S001,C00179,P0002,cash,6525.75
T0007234,2025-06-22T02:04:00,store,S006,C01808,P0016,cash,99698.38
T0007235,2025-06-28T07:15:00,store,S003,C02081,P0023,card,32821.409999999996
T0007236,2025-06-19T05:57:00,store,S001,C01140,P0015,card,11176.400000000001
T0007237,2025-06-24T22:43:00,store,S003,C02330,P0019,card,45715.13
T0007238,2025-06-20T23:03:00,store,S006,C01357,P0024,cash,5733.51
T0007239,2025-06-23T18:23:00,store,S005,C02362,P0025,card,12876.81
T0007243,2025-06-03T18:49:00,store,S003,C00654,P0017,cash,44835.01
T0007244,2025-06-27T13:13:00,store,S002,C01340,P0018,card,18722.93
T0007245,2025-06-15T23:24:00,store,S001,C02142,P0021,cash,123444.03
T0007247,2025-06-30T18:56:00,store,S004,C01593,P0005,cash,2933.41
T0007248,2025-06-11T14:25:00,store,S002,C01843,P0001,card,220242.09
T0007249,2025-06-26T11:34:00,store,S006,C00563,P0003,cash,61978.92999999999
T0007250,2025-06-18T12:25:00,store,S006,C00338,P0011,cash,33892.96000000001
T0007251,2025-06-09T18:26:00,store,S001,C00241,P0002,cash,16466.69
T0007252,2025-06-06T06:03:00,store,S004,C01851,P0005,card,9115.37
T0007253,2025-06-15T03:05:00,store,S005,C00363,P0014,card,7133.6
T0007255,2025-06-07T11:45:00,store,S005,C00586,P0025,cash,63421.64
T0007256,2025-06-19T19:23:00,store,S004,C00707,P0005,cash,11501.58
T0007257,2025-06-08T08:24:00,store,S006,C02441,P0024,card,224351.82
T0007258,2025-06-15T01:04:00,store,S001,C02472,P0021,card,5981.71
T0007259,2025-06-06T04:11:00,store,S005,C00527,P0012,card,200735.25
T0007260,2025-06-22T03:40:00,store,S003,C00666,P0019,cash,92606.07999999999
T0007261,2025-06-14T07:42:00,store,S006,C01248,P0011,card,2116.59
T0007262,2025-06-22T06:28:00,store,S001,C00424,P0002,card,10392.59
T0007263,2025-06-06T02:21:00,store,S004,C01358,P0026,card,238921.03999999998
T0007264,2025-06-21T16:26:00,store,S005,C01282,P0014,cash,35189.23
T0007266,2025-06-03T15:28:00,store,S003,C01919,P0017,card,70790.81
T0007268,2025-06-14T01:29:00,store,S003,C02417,P0023,cash,9632.560000000001
T0007269,2025-06-14T15:56:00,store,S005,C01298,P0008,cash,27109.82
T0007272,2025-06-01T04:48:00,store,S006,C02273,P0016,cash,296070.92000000004
T0007273,2025-06-25T00:46:00,store,S004,C00046,P0026,cash,182029.81000000003
T0007274,2025-06-29T05:57:00,store,S001,C01706,P0015,cash,12933.189999999999
T0007276,2025-06-02T22:51:00,store,S005,C01630,P0012,cash,23086.28
T0007277,2025-06-30T15:17:00,store,S004,C01230,P0026,card,21262.59
T0007278,2025-06-06T16:21:00,store,S005,C01877,P0014,cash,19232.14
T0007279,2025-06-29T06:10:00,store,S005,C01697,P0025,card,467280.41
T0007280,2025-06-22T15:21:00,store,S004,C01505,P0026,cash,226215.68000000002
T0007282,2025-06-15T03:28:00,store,S005,C02499,P0012,cash,10239.06
T0007283,2025-06-25T19:17:00,store,S005,C00144,P0012,card,9121.54
T0007284,2025-06-10T18:56:00,store,S001,C00507,P0002,cash,9759.14
T0007285,2025-06-12T08:30:00,store,S005,C01098,P0014,card,5395.0
T0007287,2025-06-02T23:41:00,store,S001,C01840,P0004,card,14403.75
T0007289,2025-06-30T01:04:00,store,S002,C00266,P0010,card,36024.15
T0007290,2025-06-08T01:28:00,store,S006,C02496,P0016,card,18860.03
T0007291,2025-06-13T08:38:00,store,S004,C01511,P0026,card,12767.480000000001
T0007293,2025-06-27T23:18:00,store,S002,C01167,P0018,card,16905.93
T0007294,2025-06-02T01:26:00,store,S004,C01760,P0026,cash,341114.67
T0007297,2025-06-28T10:46:00,store,S003,C01968,P0017,cash,384542.69
T0007298,2025-06-17T21:13:00,store,S001,C00353,P0006,card,13991.79
T0007299,2025-06-27T17:53:00,store,S004,C02122,P0026,cash,47296.96000000001
T0007300,2025-06-13T12:26:00,store,S004,C00985,P0026,cash,46250.19
T0007301,2025-06-03T00:50:00,store,S004,C01907,P0026,card,6220.37
T0007302,2025-06-22T18:45:00,store,S004,C01662,P0026,card,4175.21
T0007303,2025-06-04T02:02:00,store,S005,C01867,P0012,card,1293.9
T0007304,2025-06-27T20:30:00,store,S002,C00723,P0001,cash,41654.51
T0007305,2025-06-23T02:02:00,store,S001,C00378,P0006,card,18577.54
T0007306,2025-06-10T01:50:00,store,S005,C02272,P0025,cash,7217.48
T0007307,2025-06-14T12:21:00,store,S001,C02046,P0021,cash,13001.699999999999
T0007308,2025-06-20T16:42:00,store,S001,C01062,P0015,card,249868.14
T0007309,2025-06-30T08:33:00,store,S001,C02254,P0021,cash,262049.03
T0007310,2025-06-30T15:06:00,store,S006,C00011,P0024,card,19469.93
T0007311,2025-06-27T00:48:00,store,S006,C01883,P0016,card,278578.35000000003
T0007314,2025-06-28T15:39:00,store,S003,C00664,P0019,cash,6818.47
T0007316,2025-06-25T16:56:00,store,S001,C01694,P0002,card,15630.009999999998
T0007317,2025-06-06T14:28:00,store,S006,C01994,P0024,cash,17020.28
T0007318,2025-06-03T20:12:00,store,S002,C02262,P0001,card,48818.28
T0007319,2025-06-27T01:25:00,store,S004,C00553,P0005,card,7920.33
T0007320,2025-06-29T06:28:00,store,S002,C02028,P0010,card,47118.68
T0007321,2025-06-24T17:38:00,store,S002,C00995,P0013,card,35123.259999999995
T0007323,2025-06-21T20:55:00,store,S001,C01455,P0004,card,36683.06
T0007324,2025-06-30T23:19:00,store,S001,C00880,P0006,cash,23385.949999999997
T0007325,2025-06-06T13:53:00,store,S006,C02370,P0003,card,401703.02
T0007326,2025-06-01T22:26:00,store,S006,C01453,P0003,cash,6100.87
T0007329,2025-06-10T02:16:00,store,S003,C01650,P0019,cash,111802.63
T0007332,2025-06-21T16:09:00,store,S003,C01566,P0017,card,3346.17
T0007333,2025-06-27T13:11:00,store,S006,C00701,P0024,card,34718.54
T0007334,2025-06-14T08:51:00,store,S001,C02202,P0002,cash,8578.58
T0007335,2025-06-09T05:40:00,store,S004,C00388,P0026,cash,42342.44
T0007336,2025-06-16T13:31:00,store,S002,C00248,P0018,card,232313.39
T0007337,2025-06-30T07:48:00,store,S005,C02119,P0008,card,11386.17
T0007338,2025-06-24T11:04:00,store,S002,C01318,P0018,card,106341.88
T0007339,2025-06-03T04:01:00,store,S001,C02361,P0002,card,8206.07
T0007342,2025-06-24T00:47:00,store,S001,C01599,P0021,card,6969.81
T0007343,2025-06-09T02:35:00,store,S004,C00415,P0026,card,35973.91
T0007345,2025-06-14T02:26:00,store,S004,C02023,P0005,card,80311.0
T0007347,2025-06-01T22:04:00,store,S001,C01517,P0006,card,1800.64
T0007348,2025-06-12T06:02:00,store,S004,C01856,P0005,cash,220228.0
T0007349,2025-06-09T17:23:00,store,S006,C02086,P0016,cash,20603.92
T0007350,2025-06-18T07:41:00,store,S006,C01402,P0011,cash,11974.74
T0007353,2025-06-04T14:51:00,store,S002,C02149,P0001,cash,7376.209999999999
T0007355,2025-06-01T08:52:00,store,S004,C02314,P0005,cash,11235.93
T0007357,2025-06-29T23:54:00,store,S004,C00057,P0026,card,31857.37
T0007360,2025-06-13T04:19:00,store,S004,C00434,P0005,cash,8863.8
T0007361,2025-06-24T08:17:00,store,S004,C00110,P0005,card,32900.37
T0007362,2025-06-05T22:58:00,store,S001,C02292,P0006,card,11325.91
T0007363,2025-06-08T11:56:00,store,S002,C00474,P0010,cash,197667.47
T0007364,2025-06-27T13:33:00,store,S004,C01232,P0026,cash,44424.770000000004
T0007365,2025-06-25T21:24:00,store,S003,C00101,P0022,card,214245.63
T0007366,2025-06-09T14:31:00,store,S006,C00975,P0003,cash,2912.28
T0007367,2025-06-29T12:43:00,store,S003,C00823,P0019,cash,18788.38
T0007368,2025-06-24T18:56:00,store,S002,C00471,P0013,card,60734.55
T0007370,2025-06-28T17:43:00,store,S003,C00656,P0017,card,273623.62
T0007371,2025-06-12T07:37:00,store,S006,C00630,P0024,card,40493.91
T0007372,2025-06-01T05:20:00,store,S001,C02327,P0021,cash,3407.5
T0007373,2025-06-13T12:30:00,store,S002,C00832,P0013,cash,1450.26
T0007376,2025-06-28T01:05:00,store,S004,C01572,P0026,cash,174565.97
T0007377,2025-06-20T06:41:00,store,S003,C02340,P0019,card,1431.27
T0007378,2025-06-27T17:34:00,store,S005,C02447,P0008,card,59664.18
T0007380,2025-06-06T20:27:00,store,S006,C01788,P0011,card,33498.56
T0007382,2025-06-16T01:56:00,store,S004,C00949,P0026,cash,160546.0
T0007383,2025-06-05T10:49:00,store,S003,C00814,P0023,card,5725.929999999999
T0007384,2025-06-18T02:23:00,store,S005,C00320,P0025,cash,4795.24
T0007385,2025-06-11T00:47:00,store,S005,C02265,P0008,card,16823.550000000003
T0007387,2025-06-19T17:23:00,store,S002,C01110,P0010,cash,23471.99
T0007388,2025-06-29T05:48:00,store,S003,C02468,P0019,card,53426.31
T0007389,2025-06-26T05:55:00,store,S002,C00316,P0018,cash,10911.16
T0007390,2025-06-24T13:26:00,store,S002,C00315,P0018,card,4388.58
T0007392,2025-06-08T20:19:00,store,S004,C00876,P0005,cash,14666.52
T0007394,2025-06-14T13:05:00,store,S001,C00386,P0015,cash,6470.78
T0007397,2025-06-19T19:29:00,store,S003,C01655,P0023,card,95419.84999999999
T0007400,2025-06-22T00:54:00,store,S005,C02360,P0014,cash,5998.1
T0007402,2025-06-21T21:16:00,store,S001,C02438,P0015,card,35998.54
T0007403,2025-06-27T01:33:00,store,S003,C01839,P0023,card,2110.21
T0007404,2025-06-08T20:01:00,store,S002,C01562,P0018,cash,90957.87
T0007406,2025-06-04T08:17:00,store,S005,C00228,P0025,cash,7386.25
T0007407,2025-06-12T02:16:00,store,S001,C01392,P0009,card,11894.369999999999
T0007408,2025-06-15T23:04:00,store,S005,C00779,P0008,cash,20740.03
T0007411,2025-06-21T12:36:00,store,S005,C00531,P0025,cash,356064.94
T0007412,2025-06-03T05:14:00,store,S005,C00073,P0025,card,107467.18000000001
T0007413,2025-06-28T05:46:00,store,S001,C02312,P0004,card,35557.19
T0007414,2025-06-29T21:32:00,store,S006,C00522,P0024,card,11259.86
T0007415,2025-06-07T21:21:00,store,S001,C01903,P0020,cash,33968.56
T0007416,2025-06-15T21:54:00,store,S001,C01975,P0004,cash,211233.31
T0007417,2025-06-14T12:48:00,store,S005,C02190,P0014,cash,5939.76
T0007418,2025-06-12T04:53:00,store,S005,C01995,P0014,card,206085.18
T0007421,2025-06-16T06:03:00,store,S001,C01312,P0020,card,2734.34
T0007423,2025-06-04T17:54:00,store,S002,C02472,P0018,card,2194.41
T0007424,2025-06-03T03:17:00,store,S004,C00042,P0026,card,931.93
T0007426,2025-06-02T09:11:00,store,S002,C02327,P0010,cash,15601.93
T0007429,2025-06-11T20:25:00,store,S005,C00390,P0014,cash,231228.28
T0007432,2025-06-13T17:01:00,store,S005,C01640,P0025,cash,627502.3300000001
T0007433,2025-06-20T04:33:00,store,S003,C00815,P0019,card,25279.370000000003
T0007434,2025-06-15T18:39:00,store,S005,C00270,P0025,cash,24704.89
T0007435,2025-06-16T14:52:00,store,S006,C01208,P0024,cash,30691.129999999997
T0007436,2025-06-23T01:02:00,store,S006,C02196,P0016,card,33630.369999999995
T0007437,2025-06-10T17:40:00,store,S001,C00456,P0020,card,219781.07
T0007439,2025-06-23T16:48:00,store,S005,C01919,P0008,cash,22582.07
T0007440,2025-06-10T03:40:00,store,S005,C00740,P0025,cash,52854.84
T0007441,2025-06-08T12:07:00,store,S005,C01446,P0008,cash,23355.43
T0007442,2025-06-05T16:13:00,store,S001,C00239,P0015,card,5703.29
T0007443,2025-06-26T15:06:00,store,S002,C00935,P0001,cash,46433.13
T0007444,2025-06-05T04:22:00,store,S003,C01388,P0023,cash,60698.17999999999
T0007445,2025-06-13T19:38:00,store,S004,C00857,P0026,card,30472.52
T0007446,2025-06-23T06:33:00,store,S005,C02251,P0014,cash,86774.34
T0007448,2025-06-16T00:35:00,store,S001,C00373,P0006,cash,15681.009999999998
T0007449,2025-06-14T13:29:00,store,S006,C00564,P0016,cash,54152.42
T0007451,2025-06-26T14:07:00,store,S002,C01709,P0013,cash,202938.69
T0007453,2025-06-24T08:07:00,store,S006,C00800,P0016,cash,6431.9400000000005
T0007454,2025-06-14T15:22:00,store,S004,C01296,P0026,card,3852.02
T0007455,2025-06-19T17:59:00,store,S001,C02015,P0009,cash,52214.65
T0007457,2025-06-01T21:14:00,store,S006,C02153,P0024,cash,17860.87
T0007458,2025-06-03T21:53:00,store,S006,C02069,P0011,cash,13872.890000000001
T0007459,2025-06-20T12:13:00,store,S005,C00402,P0014,card,1657.35
T0007460,2025-06-12T12:16:00,store,S001,C02005,P0002,card,27096.53
T0007461,2025-06-02T07:41:00,store,S005,C01892,P0012,card,80051.74
T0007464,2025-06-29T22:45:00,store,S004,C00317,P0005,cash,18581.9
T0007465,2025-06-27T18:04:00,store,S006,C01997,P0003,card,293391.31
T0007466,2025-06-28T23:43:00,store,S001,C01502,P0015,card,16582.19
T0007467,2025-06-28T16:21:00,store,S001,C01656,P0021,card,25079.23
T0007468,2025-06-01T03:38:00,store,S002,C02067,P0010,cash,134654.51
T0007470,2025-06-18T12:49:00,store,S003,C00242,P0017,cash,2484.01
T0007472,2025-06-10T17:26:00,store,S001,C00695,P0002,cash,6683.26
T0007473,2025-06-11T03:09:00,store,S004,C01936,P0026,card,230075.65
T0007475,2025-06-17T00:36:00,store,S002,C00800,P0013,card,150953.22
T0007476,2025-06-22T11:44:00,store,S006,C02186,P0011,cash,9469.85
T0007477,2025-06-26T23:50:00,store,S004,C00095,P0005,card,42164.06
T0007478,2025-06-23T09:46:00,store,S005,C02434,P0014,cash,335476.86
T0007479,2025-06-16T16:54:00,store,S004,C02116,P0005,card,9750.1
T0007482,2025-06-16T13:48:00,store,S001,C00326,P0009,cash,16143.77
T0007483,2025-06-05T14:59:00,store,S005,C01244,P0014,cash,20376.05
T0007485,2025-06-14T08:02:00,store,S004,C01124,P0005,cash,224866.57
T0007486,2025-06-24T03:30:00,store,S006,C02066,P0011,card,38878.4
T0007488,2025-06-25T21:23:00,store,S004,C01299,P0026,card,14020.81
T0007489,2025-06-02T03:07:00,store,S002,C01194,P0007,card,119751.04
T0007493,2025-06-03T03:45:00,store,S003,C00294,P0022,cash,11159.27
T0007494,2025-06-26T06:02:00,store,S001,C02011,P0009,cash,232697.41999999998
T0007496,2025-06-20T19:22:00,store,S001,C00597,P0004,card,7491.200000000001
T0007497,2025-06-04T22:30:00,store,S006,C02302,P0016,cash,109474.47
T0007498,2025-06-03T22:53:00,store,S006,C02152,P0024,card,12959.220000000001
T0007499,2025-06-16T14:56:00,store,S005,C02053,P0008,card,7760.61
T0007500,2025-06-12T20:52:00,store,S004,C00085,P0005,card,160494.08
T0007501,2025-06-19T17:25:00,store,S003,C00079,P0019,cash,2755.33
T0007502,2025-06-11T21:42:00,store,S004,C02407,P0005,cash,15859.5
T0007503,2025-06-17T12:33:00,store,S006,C01484,P0016,cash,10669.81
T0007504,2025-06-02T01:58:00,store,S001,C02254,P0021,card,16216.67
T0007506,2025-06-18T06:28:00,store,S005,C00322,P0012,card,23550.87
T0007507,2025-06-21T21:37:00,store,S005,C00492,P0012,card,25138.16
T0007508,2025-06-19T11:25:00,store,S006,C00316,P0011,card,133019.09999999998
T0007509,2025-06-26T17:36:00,store,S003,C00939,P0022,card,4628.69
T0007511,2025-06-12T09:38:00,store,S006,C00691,P0011,cash,2588.14
T0007513,2025-06-15T23:57:00,store,S006,C02088,P0003,cash,5727.29
T0007515,2025-06-05T20:04:00,store,S005,C00599,P0012,cash,2499.31
T0007516,2025-06-05T11:15:00,store,S004,C00815,P0005,card,6461.99
T0007517,2025-06-29T20:35:00,store,S003,C01496,P0023,cash,72674.67
T0007518,2025-06-19T09:55:00,store,S004,C00898,P0026,cash,6968.05
T0007519,2025-06-15T05:17:00,store,S005,C00722,P0014,card,6276.740000000001
T0007521,2025-06-10T09:29:00,store,S005,C00062,P0012,cash,39060.54
T0007523,2025-06-10T05:43:00,store,S003,C01807,P0017,card,94396.05
T0007524,2025-06-05T08:27:00,store,S006,C00910,P0024,card,6055.679999999999
T0007525,2025-06-14T17:17:00,store,S001,C01604,P0004,card,3727.57
T0007526,2025-06-07T06:22:00,store,S004,C01728,P0005,card,1325.82
T0007529,2025-06-11T01:31:00,store,S004,C01066,P0005,cash,186454.59
T0007530,2025-06-05T01:04:00,store,S001,C01639,P0004,cash,41398.15
T0007531,2025-06-05T14:33:00,store,S005,C01687,P0012,cash,10283.48
T0007533,2025-06-02T10:47:00,store,S006,C00881,P0016,cash,3841.3500000000004
T0007534,2025-06-25T05:54:00,store,S005,C00915,P0012,cash,99350.70999999999
T0007535,2025-06-29T06:39:00,store,S006,C00365,P0003,card,42203.39
T0007536,2025-06-21T20:00:00,store,S001,C00030,P0006,card,58712.899999999994
T0007537,2025-06-03T20:21:00,store,S004,C01400,P0005,cash,349575.34
T0007539,2025-06-08T05:45:00,store,S001,C00571,P0009,card,41595.33
T0007540,2025-06-15T19:01:00,store,S006,C01364,P0024,cash,14856.64
T0007541,2025-06-14T20:56:00,store,S005,C00949,P0012,cash,32971.76
T0007542,2025-06-02T06:37:00,store,S001,C01115,P0015,card,16501.329999999998
T0007543,2025-06-06T23:10:00,store,S006,C00391,P0011,card,203969.94
T0007546,2025-06-22T11:32:00,store,S003,C01024,P0017,card,10114.6
T0007550,2025-06-19T13:21:00,store,S006,C01271,P0003,cash,4896.860000000001
T0007551,2025-06-29T17:05:00,store,S004,C02243,P0005,cash,5956.91
T0007552,2025-06-16T14:36:00,store,S003,C02124,P0019,cash,290403.87
T0007553,2025-06-16T15:39:00,store,S001,C01388,P0006,card,4387.9
T0007554,2025-06-23T17:43:00,store,S002,C00338,P0007,cash,8298.63
T0007557,2025-06-10T21:34:00,store,S002,C01574,P0018,card,3832.0
T0007558,2025-06-07T20:14:00,store,S001,C01715,P0015,card,223573.87
T0007559,2025-06-22T12:51:00,store,S006,C01777,P0016,cash,15010.55
T0007560,2025-06-30T14:54:00,store,S003,C00106,P0017,cash,56045.9
T0007563,2025-06-05T02:33:00,store,S003,C02323,P0019,card,213810.07
T0007564,2025-06-27T23:16:00,store,S004,C02318,P0005,cash,13631.54
T0007566,2025-06-26T13:31:00,store,S004,C00388,P0026,cash,173622.31
T0007567,2025-06-27T04:50:00,store,S004,C00245,P0026,card,50048.8
T0007568,2025-06-19T21:58:00,store,S006,C01981,P0003,card,4640.76
T0007572,2025-06-09T10:16:00,store,S004,C00717,P0005,cash,52308.479999999996
T0007573,2025-06-14T16:59:00,store,S006,C00793,P0016,card,4668.16
T0007574,2025-06-22T03:56:00,store,S002,C02146,P0001,cash,19866.93
T0007579,2025-06-18T09:11:00,store,S001,C00682,P0020,cash,222493.26
T0007580,2025-06-23T08:31:00,store,S005,C01585,P0014,card,16034.75
T0007581,2025-06-30T17:15:00,store,S001,C00535,P0015,card,1188.56
T0007582,2025-06-21T17:16:00,store,S001,C02118,P0009,card,73534.44
T0007583,2025-06-14T11:24:00,store,S003,C01287,P0022,card,12329.84
T0007584,2025-06-19T19:41:00,store,S004,C01470,P0005,cash,286211.38
T0007585,2025-06-24T20:25:00,store,S006,C01734,P0016,cash,239845.22
T0007586,2025-06-29T10:04:00,store,S006,C02049,P0016,cash,319431.91000000003
T0007587,2025-06-26T01:22:00,store,S006,C02350,P0016,card,34247.229999999996
T0007589,2025-06-25T21:46:00,store,S005,C01609,P0025,cash,432475.45
T0007590,2025-06-27T14:07:00,store,S005,C00642,P0008,cash,4414.59
T0007591,2025-06-20T15:46:00,store,S004,C02395,P0005,cash,133716.66
T0007592,2025-06-30T10:48:00,store,S004,C01474,P0026,cash,32468.12
T0007593,2025-06-21T13:01:00,store,S006,C01553,P0003,cash,2386.79
T0007594,2025-06-29T09:42:00,store,S002,C00755,P0010,cash,215091.11
T0007595,2025-06-15T09:11:00,store,S005,C01752,P0012,card,14588.12
T0007597,2025-06-05T01:51:00,store,S006,C00008,P0024,card,9952.470000000001
T0007599,2025-06-01T16:47:00,store,S005,C01136,P0025,card,22534.620000000003
T0007600,2025-06-18T05:41:00,store,S005,C01408,P0025,card,8509.34
T0007601,2025-06-04T20:10:00,store,S004,C00136,P0005,card,4926.8
T0007602,2025-06-22T14:12:00,store,S006,C00245,P0003,cash,19427.57
T0007603,2025-06-11T16:01:00,store,S006,C00113,P0024,cash,9065.61
T0007604,2025-06-14T09:53:00,store,S001,C02395,P0004,card,58041.59
T0007607,2025-06-20T09:50:00,store,S006,C00974,P0024,cash,9079.55
T0007608,2025-06-03T07:55:00,store,S006,C00752,P0003,cash,4427.4
T0007609,2025-06-07T23:08:00,store,S004,C00098,P0026,cash,166579.02000000002
T0007610,2025-06-08T05:04:00,store,S001,C01973,P0015,card,184123.0
T0007611,2025-06-30T15:43:00,store,S003,C00758,P0022,card,7860.959999999999
T0007613,2025-06-25T00:24:00,store,S003,C02388,P0022,card,338303.48
T0007614,2025-06-15T16:57:00,store,S004,C01986,P0005,cash,17332.04
T0007615,2025-06-17T09:42:00,store,S006,C00480,P0011,card,4887.53
T0007616,2025-06-09T03:22:00,store,S006,C00921,P0003,cash,190554.67
T0007619,2025-06-28T21:16:00,store,S004,C00602,P0005,card,3289.82
T0007620,2025-06-11T03:22:00,store,S005,C00106,P0008,cash,1897.57
T0007621,2025-06-07T22:39:00,store,S001,C01118,P0002,cash,39399.03
T0007622,2025-06-05T15:57:00,store,S006,C00988,P0016,cash,29340.519999999997
T0007624,2025-06-23T17:36:00,store,S004,C00709,P0026,card,1532.5
T0007625,2025-06-26T03:41:00,store,S001,C01977,P0006,card,22961.42
T0007626,2025-06-16T07:11:00,store,S001,C00090,P0002,cash,1865.22
T0007627,2025-06-27T17:06:00,store,S003,C02171,P0022,cash,436890.29
T0007628,2025-06-01T05:55:00,store,S004,C00352,P0005,cash,20640.11
T0007629,2025-06-27T02:09:00,store,S002,C00208,P0018,cash,27598.78
T0007631,2025-06-27T22:36:00,store,S004,C00181,P0026,cash,46250.6
T0007632,2025-06-27T11:56:00,store,S006,C01924,P0024,cash,284559.99
T0007633,2025-06-18T01:05:00,store,S006,C01491,P0024,cash,245796.58
T0007634,2025-06-08T09:07:00,store,S002,C01449,P0001,cash,4972.74
T0007635,2025-06-05T18:57:00,store,S006,C00372,P0011,card,11142.57
T0007636,2025-06-27T13:35:00,store,S004,C00032,P0026,card,3347.34
T0007637,2025-06-04T19:48:00,store,S005,C00276,P0014,cash,228193.79
T0007638,2025-06-08T19:15:00,store,S004,C01352,P0005,cash,24542.89
T0007640,2025-06-01T17:55:00,store,S003,C01747,P0017,card,15641.91
T0007641,2025-06-28T01:51:00,store,S001,C01296,P0006,card,20273.62
T0007643,2025-06-03T06:37:00,store,S002,C01165,P0007,cash,46823.28
T0007645,2025-06-17T20:52:00,store,S001,C01543,P0009,card,16109.68
T0007646,2025-06-24T19:09:00,store,S001,C02201,P0021,card,268084.13999999996
T0007647,2025-06-07T13:38:00,store,S001,C01087,P0004,cash,13413.78
T0007648,2025-06-28T11:41:00,store,S002,C00063,P0001,card,60373.36
T0007650,2025-06-03T12:19:00,store,S005,C01427,P0012,cash,213638.0
T0007653,2025-06-21T23:08:00,store,S001,C01051,P0006,card,119310.63
T0007654,2025-06-29T14:43:00,store,S005,C01584,P0014,card,5201.49
T0007655,2025-06-29T23:16:00,store,S003,C01147,P0022,card,15290.73
T0007656,2025-06-22T18:12:00,store,S001,C02272,P0006,card,9948.52
T0007657,2025-06-01T21:02:00,store,S004,C00987,P0005,cash,5696.89
T0007659,2025-06-06T13:48:00,store,S002,C00610,P0007,cash,8662.59
T0007661,2025-06-26T10:14:00,store,S004,C02458,P0005,cash,2896.74
T0007663,2025-06-14T23:35:00,store,S004,C00972,P0026,card,89036.44
T0007664,2025-06-06T20:04:00,store,S003,C00113,P0019,card,216919.17
T0007665,2025-06-17T21:28:00,store,S005,C01595,P0025,card,32943.79
T0007666,2025-06-12T07:22:00,store,S006,C00211,P0011,card,18041.27
T0007667,2025-06-13T21:47:00,store,S004,C00266,P0005,card,253042.9
T0007670,2025-06-23T04:35:00,store,S001,C00716,P0009,card,315609.54
T0007671,2025-06-05T18:59:00,store,S005,C00716,P0014,cash,46812.2
T0007672,2025-06-26T10:55:00,store,S006,C01247,P0003,card,117179.03
T0007673,2025-06-03T19:22:00,store,S004,C02326,P0005,cash,5098.29
T0007676,2025-06-02T09:39:00,store,S004,C01973,P0005,cash,13217.01
T0007677,2025-06-23T12:58:00,store,S002,C02390,P0013,card,34938.46
T0007678,2025-06-30T12:34:00,store,S005,C02439,P0008,card,36078.0
T0007679,2025-06-21T16:41:00,store,S002,C02223,P0001,cash,64855.04
T0007681,2025-06-01T04:21:00,store,S003,C01900,P0022,card,123038.52
T0007682,2025-06-18T23:25:00,store,S005,C01906,P0014,card,8455.24
T0007683,2025-06-22T11:34:00,store,S001,C00006,P0015,card,3544.38
T0007686,2025-06-13T16:14:00,store,S002,C01352,P0018,card,151413.01
T0007689,2025-06-07T03:29:00,store,S005,C02012,P0014,card,4224.0
T0007690,2025-06-19T07:32:00,store,S004,C01666,P0005,cash,4791.389999999999
T0007691,2025-06-20T23:11:00,store,S004,C01855,P0026,cash,2151.43
T0007692,2025-06-02T09:08:00,store,S001,C01062,P0021,cash,7033.14
T0007693,2025-06-23T10:51:00,store,S001,C00143,P0015,card,78104.01
T0007696,2025-06-07T07:52:00,store,S001,C02107,P0020,card,49991.14
T0007697,2025-06-27T05:47:00,store,S002,C01311,P0010,card,106777.81999999999
T0007699,2025-06-04T18:17:00,store,S003,C01561,P0023,cash,9529.43
T0007700,2025-06-26T22:10:00,store,S004,C00678,P0026,card,29117.670000000002
T0007701,2025-06-16T07:23:00,store,S004,C00276,P0005,cash,55691.630000000005
T0007702,2025-06-15T23:50:00,store,S001,C02137,P0015,card,15889.989999999998
T0007703,2025-06-14T11:55:00,store,S002,C01225,P0013,cash,3927.95
T0007705,2025-06-05T08:41:00,store,S003,C02428,P0019,card,37655.96
T0007707,2025-06-12T18:08:00,store,S006,C01772,P0016,card,4921.42
T0007708,2025-06-27T15:45:00,store,S006,C00159,P0003,cash,282294.88
T0007709,2025-06-20T13:23:00,store,S005,C02149,P0012,card,40941.06
T0007710,2025-06-23T15:32:00,store,S004,C02085,P0026,card,223280.86000000002
T0007712,2025-06-25T14:22:00,store,S004,C00624,P0005,cash,87876.45
T0007713,2025-06-29T11:21:00,store,S004,C02189,P0026,cash,12524.310000000001
T0007714,2025-06-09T09:14:00,store,S005,C00378,P0014,card,7582.46
T0007717,2025-06-12T20:00:00,store,S002,C02423,P0007,cash,4247.41
T0007718,2025-06-30T08:24:00,store,S005,C01421,P0012,cash,425440.84
T0007720,2025-06-23T20:19:00,store,S001,C02468,P0004,card,284206.11
T0007721,2025-06-07T23:07:00,store,S005,C02333,P0014,card,298931.14
T0007723,2025-06-30T19:17:00,store,S005,C02259,P0008,card,33244.8
T0007725,2025-06-05T00:04:00,store,S004,C01105,P0005,cash,51843.47
T0007727,2025-06-04T14:25:00,store,S001,C00990,P0004,cash,5111.72
T0007728,2025-06-17T11:07:00,store,S001,C00034,P0021,card,99967.91
T0007729,2025-06-24T13:57:00,store,S006,C00627,P0024,cash,1776.72
T0007730,2025-06-21T20:15:00,store,S003,C00838,P0019,cash,231338.12999999998
T0007732,2025-06-01T11:29:00,store,S001,C00271,P0004,cash,7738.17
T0007733,2025-06-08T03:42:00,store,S003,C00633,P0022,cash,1879.51
T0007734,2025-06-06T08:00:00,store,S003,C01804,P0017,cash,19642.71
T0007736,2025-06-23T18:42:00,store,S001,C01007,P0021,card,5838.389999999999
T0007738,2025-07-10T04:52:00,online,,C01397,,card,222617.38
T0007739,2025-07-13T22:31:00,online,,C01054,,card,449262.08
T0007740,2025-07-11T20:08:00,online,,C00953,,card,261431.36
T0007741,2025-07-08T15:03:00,online,,C02270,,cod,17593.52
T0007742,2025-07-30T04:47:00,online,,C01063,,cod,99998.57
T0007744,2025-07-13T15:17:00,online,,C02428,,card,469022.96
T0007745,2025-07-13T20:49:00,online,,C00836,,card,10986.68
T0007746,2025-07-02T12:03:00,online,,C00193,,wallet,52953.17
T0007747,2025-07-20T10:51:00,online,,C00872,,card,8885.52
T0007748,2025-07-22T23:08:00,online,,C02343,,wallet,2271.09
T0007749,2025-07-12T06:07:00,online,,C02318,,wallet,3855.89
T0007750,2025-07-07T17:38:00,online,,C01126,,wallet,1250.08
T0007751,2025-07-22T05:58:00,online,,C00368,,card,7236.389999999999
T0007752,2025-07-15T10:08:00,online,,C02276,,wallet,246460.69
T0007753,2025-07-28T15:26:00,online,,C00963,,cod,3230.84
T0007754,2025-07-20T16:56:00,online,,C01511,,cod,17874.8
T0007755,2025-07-03T10:17:00,online,,C02216,,cod,25476.86
T0007756,2025-07-09T14:05:00,online,,C00014,,cod,148225.78999999998
T0007757,2025-07-18T00:40:00,online,,C01460,,card,13087.87
T0007758,2025-07-21T14:59:00,online,,C00231,,cod,312798.93
T0007760,2025-07-19T05:00:00,online,,C01791,,card,212604.99000000002
T0007761,2025-07-16T03:53:00,online,,C00795,,card,16459.59
T0007763,2025-07-11T16:23:00,online,,C01804,,wallet,165914.2
T0007764,2025-07-03T13:36:00,online,,C02142,,wallet,30275.38
T0007765,2025-07-22T16:00:00,online,,C00556,,card,109652.61
T0007766,2025-07-16T18:48:00,online,,C00760,,card,21560.059999999998
T0007767,2025-07-27T13:58:00,online,,C01956,,wallet,13362.76
T0007768,2025-07-16T11:09:00,online,,C02124,,card,20425.68
T0007769,2025-07-18T11:02:00,online,,C02362,,wallet,1815.28
T0007770,2025-07-30T18:28:00,online,,C01492,,card,22895.31
T0007771,2025-07-07T23:49:00,online,,C01335,,wallet,2231.48
T0007772,2025-07-18T04:56:00,online,,C02309,,card,18276.9
T0007773,2025-07-09T03:05:00,online,,C01274,,cod,16481.59
T0007774,2025-07-12T13:13:00,online,,C02250,,cod,28313.18
T0007775,2025-07-06T13:44:00,online,,C01877,,wallet,18806.55
T0007776,2025-07-22T06:03:00,online,,C01914,,cod,36804.89
T0007779,2025-07-21T18:47:00,online,,C01039,,cod,275449.67
T0007780,2025-07-07T23:21:00,online,,C01704,,wallet,36419.94
T0007781,2025-07-23T01:25:00,online,,C00731,,cod,11862.9
T0007782,2025-07-27T19:31:00,online,,C00629,,wallet,10556.08
T0007783,2025-07-20T22:47:00,online,,C00922,,cod,50808.8
T0007785,2025-07-05T19:16:00,online,,C01489,,cod,372032.15
T0007786,2025-07-16T03:20:00,online,,C00480,,wallet,1431.94
T0007787,2025-07-13T09:56:00,online,,C00951,,card,38122.19
T0007788,2025-07-16T18:37:00,online,,C01840,,wallet,201590.40000000002
T0007792,2025-07-15T04:13:00,online,,C02066,,card,3254.99
T0007793,2025-07-07T08:11:00,online,,C00011,,wallet,62923.7
T0007794,2025-07-28T20:29:00,online,,C00095,,card,1824.58
T0007795,2025-07-19T02:07:00,online,,C02354,,cod,15454.83
T0007796,2025-07-21T17:51:00,online,,C01996,,wallet,185517.4
T0007797,2025-07-28T07:20:00,online,,C00491,,card,2358.05
T0007798,2025-07-01T18:57:00,online,,C01166,,wallet,36226.56
T0007799,2025-07-21T20:33:00,online,,C02417,,card,28605.66
T0007800,2025-07-20T22:16:00,online,,C01735,,cod,45064.72
T0007801,2025-07-28T00:43:00,online,,C00039,,cod,60556.25
T0007802,2025-07-30T19:58:00,online,,C01568,,cod,29237.84
T0007803,2025-07-25T13:25:00,online,,C00642,,cod,220563.2
T0007804,2025-07-18T23:56:00,online,,C00317,,card,29083.66
T0007808,2025-07-23T01:12:00,online,,C01730,,cod,104244.23999999999
T0007809,2025-07-24T11:59:00,online,,C02468,,wallet,12081.05
T0007810,2025-07-21T15:48:00,online,,C00689,,card,17694.4
T0007811,2025-07-21T16:32:00,online,,C01220,,cod,31038.940000000002
T0007812,2025-07-12T19:06:00,online,,C01692,,cod,10189.59
T0007813,2025-07-02T13:11:00,online,,C00366,,cod,18884.010000000002
T0007815,2025-07-30T20:41:00,online,,C01483,,cod,9751.73
T0007817,2025-07-22T06:23:00,online,,C00109,,card,1611.98
T0007818,2025-07-27T17:53:00,online,,C01562,,card,11960.57
T0007820,2025-07-24T07:19:00,online,,C00463,,cod,44789.76
T0007821,2025-07-26T22:01:00,online,,C02288,,card,6597.21
T0007822,2025-07-11T05:27:00,online,,C00208,,card,3140.03
T0007823,2025-07-27T21:01:00,online,,C00874,,card,38285.19
T0007825,2025-07-18T19:07:00,online,,C01412,,wallet,29809.12
T0007826,2025-07-10T01:47:00,online,,C00721,,card,17259.73
T0007827,2025-07-16T03:37:00,online,,C02110,,wallet,30886.04
T0007829,2025-07-16T12:39:00,online,,C01017,,cod,15294.670000000002
T0007830,2025-07-22T20:25:00,online,,C02200,,wallet,234892.89
T0007832,2025-07-08T03:51:00,online,,C01052,,card,5314.31
T0007835,2025-07-21T20:08:00,online,,C00453,,cod,28299.989999999998
T0007837,2025-07-16T16:56:00,online,,C01789,,cod,26345.21
T0007838,2025-07-21T17:04:00,online,,C00700,,wallet,262505.76
T0007839,2025-07-04T14:42:00,online,,C00736,,cod,38868.07
T0007840,2025-07-11T03:05:00,online,,C02177,,cod,14438.18
T0007841,2025-07-26T05:56:00,online,,C02223,,cod,228247.41
T0007842,2025-07-22T23:24:00,online,,C00488,,cod,11489.75
T0007845,2025-07-03T07:47:00,online,,C00255,,cod,16935.35
T0007846,2025-07-08T14:22:00,online,,C00150,,card,30294.53
T0007847,2025-07-27T13:02:00,online,,C01322,,wallet,1685.68
T0007848,2025-07-08T07:08:00,online,,C01047,,wallet,12949.710000000001
T0007851,2025-07-17T19:44:00,online,,C01754,,cod,27326.48
T0007853,2025-07-01T09:04:00,online,,C00027,,card,284218.06
T0007854,2025-07-11T12:06:00,online,,C00057,,cod,156814.66
T0007855,2025-07-27T19:28:00,online,,C02245,,cod,3721.5
T0007856,2025-07-31T09:19:00,online,,C00538,,card,13695.619999999999
T0007857,2025-07-03T14:16:00,online,,C01303,,wallet,6515.89
T0007860,2025-07-25T01:40:00,online,,C02005,,wallet,45170.579999999994
T0007862,2025-07-30T04:26:00,online,,C01712,,wallet,32756.61
T0007863,2025-07-16T08:44:00,online,,C00433,,wallet,19852.17
T0007865,2025-07-16T06:49:00,online,,C00306,,cod,7172.07
T0007866,2025-07-17T09:41:00,online,,C00315,,card,4305.62
T0007867,2025-07-03T11:10:00,online,,C00116,,card,24544.190000000002
T0007869,2025-07-02T06:28:00,online,,C02157,,card,53536.43
T0007872,2025-07-24T13:05:00,online,,C01541,,cod,200916.46
T0007873,2025-07-16T01:15:00,online,,C00963,,cod,24133.07
T0007874,2025-07-03T10:42:00,online,,C00686,,wallet,28983.14
T0007875,2025-07-06T20:43:00,online,,C00276,,card,8053.45
T0007877,2025-07-12T21:33:00,online,,C02244,,wallet,86657.85999999999
T0007878,2025-07-11T19:32:00,online,,C02138,,card,205227.27
T0007880,2025-07-17T15:27:00,online,,C01494,,cod,43749.29
T0007882,2025-07-06T22:39:00,online,,C01872,,cod,12142.38
T0007883,2025-07-24T20:54:00,online,,C00446,,card,4309.21
T0007884,2025-07-30T08:11:00,online,,C01349,,cod,122063.01999999999
T0007885,2025-07-09T02:30:00,online,,C01598,,card,57845.63
T0007886,2025-07-03T05:35:00,online,,C01802,,wallet,163717.94
T0007887,2025-07-25T04:20:00,online,,C00339,,cod,19111.829999999998
T0007888,2025-07-03T18:50:00,online,,C00855,,card,248170.28999999998
T0007889,2025-07-18T09:24:00,online,,C01317,,cod,16273.0
T0007890,2025-07-25T21:55:00,online,,C01386,,wallet,14704.67
T0007891,2025-07-27T02:27:00,online,,C01327,,wallet,26274.44
T0007894,2025-07-18T08:01:00,online,,C01151,,cod,1424.41
T0007895,2025-07-27T19:01:00,online,,C02439,,cod,10270.64
T0007896,2025-07-23T19:54:00,online,,C01603,,wallet,31041.44
T0007898,2025-07-09T17:43:00,online,,C00141,,card,33694.29
T0007900,2025-07-26T09:47:00,online,,C01968,,card,9766.58
T0007901,2025-07-12T00:05:00,online,,C00872,,card,6677.81
T0007904,2025-07-28T05:06:00,online,,C01352,,card,46474.72
T0007906,2025-07-05T18:26:00,online,,C02274,,wallet,37254.28
T0007908,2025-07-30T17:49:00,online,,C01725,,cod,9397.06
T0007909,2025-07-29T07:37:00,online,,C00310,,wallet,2897.42
T0007911,2025-07-19T04:33:00,online,,C00744,,wallet,114159.22
T0007912,2025-07-24T09:24:00,online,,C01087,,wallet,11123.43
T0007913,2025-07-14T08:27:00,online,,C01931,,card,24296.75
T0007915,2025-07-07T15:04:00,online,,C01544,,wallet,87336.31999999999
T0007916,2025-07-02T06:04:00,online,,C01289,,cod,27554.440000000002
T0007918,2025-07-07T03:49:00,online,,C01806,,wallet,5036.77
T0007919,2025-07-07T04:13:00,online,,C00307,,cod,65768.65
T0007920,2025-07-17T06:29:00,online,,C02221,,cod,199712.74
T0007921,2025-07-02T17:27:00,online,,C01268,,card,25060.28
T0007922,2025-07-26T13:15:00,online,,C00522,,wallet,42890.43
T0007924,2025-07-28T18:27:00,online,,C00285,,wallet,493841.85
T0007925,2025-07-03T09:28:00,online,,C01308,,wallet,152520.56999999998
T0007926,2025-07-18T18:04:00,online,,C00854,,wallet,104691.01999999999
T0007927,2025-07-10T04:27:00,online,,C01220,,card,5931.66
T0007929,2025-07-22T02:49:00,online,,C01494,,cod,57343.82
T0007931,2025-07-09T17:34:00,online,,C02365,,wallet,7944.66
T0007932,2025-07-01T18:54:00,online,,C01759,,cod,13258.18
T0007933,2025-07-24T20:34:00,online,,C01263,,card,14479.86
T0007934,2025-07-17T22:09:00,online,,C01491,,wallet,1638.19
T0007935,2025-07-08T20:13:00,online,,C01804,,card,52126.72
T0007937,2025-07-02T01:37:00,online,,C00315,,wallet,2188.9
T0007938,2025-07-28T10:01:00,online,,C01337,,card,356884.19
T0007941,2025-07-08T18:09:00,online,,C00360,,cod,10963.76
T0007943,2025-07-01T08:26:00,online,,C01216,,card,338336.62
T0007945,2025-07-07T06:37:00,online,,C00945,,card,16117.66
T0007946,2025-07-14T00:49:00,online,,C00865,,cod,26836.020000000004
T0007947,2025-07-14T01:07:00,online,,C01758,,wallet,107499.25
T0007948,2025-07-19T01:55:00,online,,C01875,,card,40179.94
T0007949,2025-07-17T02:02:00,online,,C00535,,cod,113402.19
T0007950,2025-07-02T03:43:00,online,,C01387,,card,16773.25
T0007952,2025-07-07T06:53:00,online,,C01415,,cod,76564.07
T0007953,2025-07-31T17:04:00,online,,C00553,,wallet,4724.86
T0007954,2025-07-25T06:30:00,online,,C02379,,card,268067.12
T0007955,2025-07-23T14:53:00,online,,C02084,,card,49899.909999999996
T0007956,2025-07-30T01:37:00,online,,C01319,,card,21186.21
T0007958,2025-07-29T02:56:00,online,,C02073,,wallet,8855.25
T0007959,2025-07-19T18:22:00,online,,C02084,,wallet,34571.22
T0007960,2025-07-14T19:15:00,online,,C01122,,cod,4595.26
T0007961,2025-07-13T01:02:00,online,,C01094,,card,288749.62999999995
T0007963,2025-07-28T21:24:00,online,,C00521,,wallet,69899.70000000001
T0007964,2025-07-06T15:52:00,online,,C02212,,cod,17991.2
T0007965,2025-07-25T09:55:00,online,,C01765,,wallet,7805.91
T0007966,2025-07-02T14:35:00,online,,C00304,,cod,10209.44
T0007967,2025-07-23T18:09:00,online,,C02080,,cod,2169.11
T0007969,2025-07-07T18:18:00,online,,C01500,,card,56698.53
T0007970,2025-07-17T21:26:00,online,,C01703,,card,3872.89
T0007972,2025-07-17T16:57:00,online,,C00886,,cod,14872.41
T0007973,2025-07-20T05:55:00,online,,C01293,,cod,121487.05
T0007975,2025-07-25T17:52:00,online,,C02335,,cod,13121.77
T0007976,2025-07-18T10:33:00,online,,C00875,,cod,29557.3
T0007977,2025-07-31T20:21:00,online,,C00776,,wallet,8916.36
T0007978,2025-07-06T09:51:00,online,,C01780,,wallet,43431.47
T0007979,2025-07-09T07:53:00,online,,C00829,,cod,27852.26
T0007982,2025-07-31T17:06:00,online,,C01886,,wallet,49898.92
T0007984,2025-07-06T22:42:00,online,,C00727,,card,2399.29
T0007986,2025-07-24T20:44:00,online,,C01200,,wallet,53024.35
T0007989,2025-07-25T10:10:00,online,,C00543,,cod,208314.75
T0007991,2025-07-11T02:49:00,online,,C00389,,cod,9655.15
T0007992,2025-07-07T02:09:00,online,,C00281,,cod,47861.99
T0007996,2025-07-27T12:59:00,online,,C00441,,wallet,16265.37
T0007998,2025-07-12T09:03:00,online,,C01859,,wallet,8229.49
T0007999,2025-07-15T23:34:00,online,,C02216,,wallet,21168.47
T0008001,2025-07-23T11:46:00,online,,C02358,,card,11293.47
T0008002,2025-07-31T02:29:00,online,,C02425,,wallet,6279.349999999999
T0008004,2025-07-03T12:38:00,online,,C01775,,wallet,248421.17
T0008006,2025-07-08T20:34:00,online,,C00194,,card,17490.83
T0008009,2025-07-01T10:26:00,online,,C02001,,card,378366.67
T0008010,2025-07-18T13:29:00,online,,C02114,,wallet,8634.470000000001
T0008012,2025-07-12T05:16:00,online,,C02323,,cod,8435.82
T0008013,2025-07-26T11:32:00,online,,C00740,,card,12286.76
T0008014,2025-07-21T12:24:00,online,,C00328,,cod,15161.880000000001
T0008015,2025-07-04T13:07:00,online,,C02428,,wallet,44168.53
T0008016,2025-07-14T01:12:00,online,,C00881,,card,23166.61
T0008019,2025-07-13T17:31:00,online,,C00966,,wallet,126533.93
T0008020,2025-07-20T19:52:00,online,,C01849,,wallet,11204.02
T0008021,2025-07-09T09:11:00,online,,C01342,,wallet,11019.18
T0008022,2025-07-27T01:46:00,online,,C01154,,card,13970.5
T0008023,2025-07-23T05:54:00,online,,C00060,,cod,5626.64
T0008024,2025-07-10T02:48:00,online,,C00270,,cod,42757.11
T0008025,2025-07-14T17:18:00,online,,C00575,,card,234932.7
T0008026,2025-07-27T22:01:00,online,,C01115,,cod,5678.93
T0008027,2025-07-29T19:36:00,online,,C01258,,wallet,116483.32
T0008028,2025-07-23T10:22:00,online,,C01574,,card,9436.57
T0008029,2025-07-30T12:29:00,online,,C01694,,wallet,10666.32
T0008030,2025-07-29T05:31:00,online,,C02051,,cod,11684.02
T0008031,2025-07-11T22:05:00,online,,C01077,,cod,39961.09
T0008032,2025-07-18T15:21:00,online,,C01189,,cod,31411.2
T0008035,2025-07-05T06:52:00,online,,C00792,,card,20311.59
T0008036,2025-07-17T12:19:00,online,,C01271,,cod,4448.030000000001
T0008038,2025-07-14T14:29:00,online,,C01180,,wallet,5591.51
T0008040,2025-07-16T11:55:00,online,,C02051,,card,28073.170000000002
T0008041,2025-07-24T09:28:00,online,,C02474,,cod,4035.66
T0008043,2025-07-10T20:37:00,online,,C02235,,card,194509.37
T0008046,2025-07-02T23:34:00,online,,C01400,,cod,46824.28999999999
T0008047,2025-07-01T19:39:00,online,,C00592,,cod,31538.7
T0008048,2025-07-17T22:24:00,online,,C00627,,card,14562.07
T0008049,2025-07-12T19:34:00,online,,C01856,,card,8622.869999999999
T0008050,2025-07-20T04:30:00,online,,C02272,,cod,19572.63
T0008052,2025-07-04T01:35:00,online,,C02346,,card,10476.46
T0008053,2025-07-30T09:22:00,online,,C01845,,cod,218339.86000000002
T0008055,2025-07-01T14:20:00,online,,C00485,,wallet,16856.36
T0008056,2025-07-15T14:11:00,online,,C00557,,cod,115353.8
T0008058,2025-07-04T03:48:00,online,,C02356,,card,43918.9
T0008060,2025-07-18T16:52:00,online,,C01402,,wallet,257482.83
T0008061,2025-07-01T22:21:00,online,,C02198,,cod,2756.43
T0008062,2025-07-14T07:10:00,online,,C00202,,wallet,10282.15
T0008063,2025-07-16T15:15:00,online,,C00288,,cod,22085.65
T0008064,2025-07-17T16:33:00,online,,C00984,,wallet,17477.37
T0008065,2025-07-16T21:41:00,online,,C00524,,card,3640.17
T0008066,2025-07-03T11:08:00,online,,C00169,,wallet,20509.43
T0008067,2025-07-31T19:32:00,online,,C01541,,wallet,10112.88
T0008068,2025-07-30T20:26:00,online,,C02394,,card,124166.24
T0008070,2025-07-30T01:03:00,online,,C00366,,wallet,12247.11
T0008072,2025-07-26T01:44:00,online,,C00394,,wallet,47280.71
T0008073,2025-07-22T19:51:00,online,,C00321,,cod,39970.72
T0008075,2025-07-11T10:10:00,online,,C01102,,cod,28196.92
T0008076,2025-07-24T11:37:00,online,,C02314,,card,11842.150000000001
T0008077,2025-07-28T08:16:00,online,,C00176,,cod,230726.2
T0008078,2025-07-16T03:10:00,online,,C01421,,cod,69032.25
T0008080,2025-07-01T18:41:00,online,,C02219,,cod,15802.16
T0008082,2025-07-22T06:44:00,online,,C01334,,wallet,6361.48
T0008084,2025-07-09T18:16:00,online,,C01414,,wallet,29045.059999999998
T0008085,2025-07-04T12:22:00,online,,C00360,,cod,25548.7
T0008086,2025-07-10T07:41:00,online,,C02332,,cod,210932.31999999998
T0008087,2025-07-08T06:03:00,online,,C00804,,card,269778.94
T0008090,2025-07-26T05:47:00,online,,C01770,,wallet,3301.94
T0008091,2025-07-04T04:38:00,online,,C00841,,cod,106176.87
T0008092,2025-07-09T15:43:00,online,,C02414,,cod,1581.36
T0008093,2025-07-01T18:43:00,online,,C00324,,cod,5032.36
T0008094,2025-07-27T06:10:00,online,,C00126,,card,88178.04
T0008095,2025-07-05T17:17:00,online,,C00990,,card,221793.48
T0008096,2025-07-13T10:46:00,online,,C00439,,cod,292285.64
T0008098,2025-07-22T02:15:00,online,,C02060,,wallet,23642.34
T0008099,2025-07-11T11:28:00,online,,C01259,,card,4340.54
T0008100,2025-07-07T06:25:00,online,,C01008,,cod,13408.6
T0008102,2025-07-27T16:28:00,online,,C02442,,cod,273721.37
T0008103,2025-07-07T03:25:00,online,,C02274,,cod,5840.76
T0008105,2025-07-12T06:10:00,online,,C00892,,card,18261.93
T0008107,2025-07-22T21:24:00,online,,C00994,,card,2463.95
T0008108,2025-07-25T15:03:00,online,,C00701,,cod,50999.21
T0008109,2025-07-31T14:32:00,online,,C01369,,wallet,207234.81999999998
T0008110,2025-07-14T02:57:00,online,,C00839,,card,3657.69
T0008112,2025-07-14T18:33:00,online,,C02341,,card,9384.24
T0008113,2025-07-11T03:00:00,online,,C00822,,wallet,249719.19
T0008114,2025-07-02T07:28:00,online,,C02289,,wallet,16910.629999999997
T0008115,2025-07-15T01:13:00,online,,C01428,,cod,378763.36000000004
T0008116,2025-07-24T14:28:00,online,,C00405,,card,13782.25
T0008117,2025-07-28T07:14:00,online,,C00998,,wallet,16040.2
T0008118,2025-07-13T05:07:00,online,,C00917,,wallet,4273.67
T0008119,2025-07-08T10:44:00,online,,C00016,,card,170050.13999999998
T0008120,2025-07-22T09:15:00,online,,C00154,,wallet,3960.51
T0008122,2025-07-09T09:55:00,online,,C01360,,card,13546.32
T0008123,2025-07-09T16:29:00,online,,C02070,,card,10402.720000000001
T0008125,2025-07-11T03:15:00,online,,C00630,,wallet,266615.75
T0008127,2025-07-09T06:44:00,online,,C01794,,card,200217.2
T0008128,2025-07-25T02:52:00,online,,C00201,,cod,5116.85
T0008129,2025-07-11T08:41:00,online,,C00607,,card,101936.89
T0008130,2025-07-05T18:43:00,online,,C01345,,card,8986.0
T0008132,2025-07-03T08:57:00,online,,C02367,,card,14396.39
T0008133,2025-07-30T06:04:00,online,,C00809,,cod,4189.02
T0008135,2025-07-19T08:24:00,online,,C02016,,wallet,46442.82
T0008137,2025-07-26T11:32:00,online,,C02349,,wallet,21927.45
T0008138,2025-07-18T03:03:00,online,,C01528,,cod,9567.54
T0008139,2025-07-01T04:55:00,online,,C01746,,wallet,3574.35
T0008140,2025-07-02T09:28:00,online,,C01157,,cod,3444.4
T0008141,2025-07-14T05:34:00,online,,C01385,,cod,41107.39
T0008142,2025-07-27T10:07:00,online,,C00372,,cod,203353.83
T0008143,2025-07-12T03:10:00,online,,C02133,,wallet,10345.98
T0008144,2025-07-06T10:25:00,online,,C02014,,wallet,240944.34
T0008145,2025-07-01T19:35:00,online,,C01094,,card,12328.2
T0008146,2025-07-24T23:16:00,online,,C01961,,wallet,4569.05
T0008147,2025-07-18T07:50:00,online,,C00908,,cod,9252.94
T0008148,2025-07-21T20:40:00,online,,C00763,,wallet,5856.4400000000005
T0008149,2025-07-15T12:23:00,online,,C01118,,wallet,189728.75
T0008150,2025-07-13T08:10:00,online,,C00356,,wallet,14036.779999999999
T0008152,2025-07-14T00:43:00,online,,C01921,,cod,238763.08
T0008154,2025-07-27T15:02:00,online,,C02212,,wallet,7810.29
T0008157,2025-07-18T05:55:00,online,,C00607,,wallet,17364.17
T0008158,2025-07-12T15:56:00,online,,C00624,,wallet,8401.41
T0008159,2025-07-09T03:37:00,online,,C01111,,wallet,20811.59
T0008160,2025-07-28T11:02:00,online,,C02327,,cod,25692.379999999997
T0008161,2025-07-04T09:25:00,store,S002,C01014,P0018,card,8590.55
T0008162,2025-07-07T03:08:00,store,S003,C00108,P0022,cash,23726.71
T0008164,2025-07-31T12:21:00,store,S004,C02417,P0005,cash,501891.29
T0008166,2025-07-13T13:08:00,store,S002,C00482,P0018,card,1856.27
T0008167,2025-07-06T13:03:00,store,S006,C00687,P0024,cash,44543.229999999996
T0008168,2025-07-17T06:44:00,store,S002,C01305,P0001,cash,46987.34
T0008169,2025-07-21T02:42:00,store,S006,C01177,P0011,card,30073.47
T0008170,2025-07-08T19:04:00,store,S001,C00316,P0020,card,4583.83
T0008171,2025-07-06T03:09:00,store,S002,C02112,P0007,card,90290.45999999999
T0008172,2025-07-06T14:53:00,store,S001,C01113,P0021,cash,229693.67
T0008177,2025-07-18T08:27:00,store,S004,C00563,P0005,card,196543.38
T0008178,2025-07-11T22:39:00,store,S001,C01160,P0021,cash,18739.74
T0008179,2025-07-28T08:44:00,store,S004,C01179,P0005,cash,8769.0
T0008181,2025-07-15T15:09:00,store,S001,C00148,P0006,cash,1516.75
T0008182,2025-07-31T11:38:00,store,S001,C01648,P0002,cash,5644.19
T0008184,2025-07-14T17:09:00,store,S001,C00075,P0021,card,250958.88
T0008185,2025-07-18T12:23:00,store,S003,C00144,P0019,card,10458.71
T0008186,2025-07-05T02:12:00,store,S005,C01152,P0025,cash,20841.36
T0008188,2025-07-19T00:41:00,store,S004,C00540,P0026,card,4374.66
T0008189,2025-07-18T17:12:00,store,S005,C00703,P0008,card,23907.69
T0008192,2025-07-03T17:22:00,store,S004,C00632,P0005,card,8794.47
T0008193,2025-07-11T22:14:00,store,S001,C00075,P0009,card,20998.99
T0008194,2025-07-29T09:23:00,store,S005,C00830,P0014,cash,9073.06
T0008197,2025-07-29T00:08:00,store,S002,C00173,P0018,card,3156.59
T0008198,2025-07-14T00:20:00,store,S001,C01767,P0006,cash,374064.0
T0008199,2025-07-22T08:21:00,store,S006,C01112,P0003,card,6669.82
T0008200,2025-07-13T12:51:00,store,S005,C01433,P0014,card,9988.68
T0008201,2025-07-26T23:06:00,store,S001,C00142,P0006,cash,1490.29
T0008202,2025-07-30T22:57:00,store,S004,C00114,P0005,card,19503.25
T0008204,2025-07-13T12:53:00,store,S004,C00088,P0026,card,249199.84999999998
T0008205,2025-07-21T05:02:00,store,S005,C00246,P0008,cash,37929.34
T0008206,2025-07-10T07:47:00,store,S005,C00202,P0025,cash,10680.75
T0008207,2025-07-18T08:44:00,store,S001,C01069,P0020,cash,108692.88
T0008208,2025-07-20T15:46:00,store,S002,C00957,P0013,cash,47218.619999999995
T0008210,2025-07-27T06:43:00,store,S005,C02336,P0012,card,15577.2
T0008212,2025-07-02T17:59:00,store,S006,C00490,P0011,card,37167.3
T0008215,2025-07-20T19:04:00,store,S001,C01115,P0009,card,13714.09
T0008216,2025-07-06T15:44:00,store,S004,C01338,P0005,card,10777.39
T0008217,2025-07-21T17:03:00,store,S001,C01921,P0002,cash,1019.03
T0008218,2025-07-13T17:30:00,store,S001,C00701,P0006,card,16750.34
T0008219,2025-07-11T23:54:00,store,S006,C02453,P0011,cash,5449.82
T0008222,2025-07-10T12:54:00,store,S002,C02434,P0010,cash,3884.56
T0008223,2025-07-28T16:38:00,store,S006,C00862,P0016,card,9235.49
T0008224,2025-07-18T00:52:00,store,S002,C01636,P0018,cash,14308.849999999999
T0008226,2025-07-20T13:23:00,store,S006,C00188,P0003,cash,14327.04
T0008230,2025-07-11T17:21:00,store,S006,C00673,P0024,cash,253877.84
T0008232,2025-07-12T04:40:00,store,S004,C01450,P0005,card,58811.67
T0008234,2025-07-28T07:18:00,store,S006,C02370,P0024,card,231236.12
T0008236,2025-07-04T19:16:00,store,S002,C00995,P0018,card,1946.83
T0008237,2025-07-19T13:26:00,store,S003,C01353,P0019,card,4481.32
T0008238,2025-07-18T17:15:00,store,S003,C00581,P0023,cash,607388.54
T0008240,2025-07-18T03:17:00,store,S005,C02100,P0014,cash,1638.55
T0008241,2025-07-03T18:09:00,store,S005,C00889,P0025,card,17979.78
T0008242,2025-07-04T17:31:00,store,S003,C02132,P0022,card,218145.34
T0008243,2025-07-29T09:05:00,store,S005,C02038,P0025,card,39096.729999999996
T0008244,2025-07-04T08:45:00,store,S001,C01311,P0004,cash,40522.31
T0008247,2025-07-11T04:27:00,store,S005,C00775,P0012,card,14546.7
T0008248,2025-07-21T11:03:00,store,S004,C02311,P0026,cash,22492.93
T0008249,2025-07-25T02:45:00,store,S005,C01598,P0014,card,14207.67
T0008250,2025-07-05T17:45:00,store,S003,C02143,P0023,card,4666.31
T0008251,2025-07-08T13:34:00,store,S006,C00857,P0016,card,14689.77
T0008252,2025-07-14T12:57:00,store,S006,C00686,P0011,cash,428401.36
T0008253,2025-07-21T07:15:00,store,S005,C00417,P0014,cash,357528.29
T0008254,2025-07-02T10:33:00,store,S006,C00375,P0016,card,2425.48
T0008255,2025-07-30T03:04:00,store,S004,C01514,P0026,card,16337.51
T0008256,2025-07-25T02:44:00,store,S003,C00543,P0022,cash,23884.16
T0008257,2025-07-18T06:51:00,store,S003,C01910,P0023,card,55731.62
T0008258,2025-07-03T05:27:00,store,S006,C01476,P0011,cash,4598.43
T0008261,2025-07-15T05:08:00,store,S005,C01271,P0012,card,126749.81999999999
T0008262,2025-07-27T06:01:00,store,S003,C01624,P0019,card,28633.35
T0008263,2025-07-31T06:15:00,store,S006,C00087,P0024,cash,8735.029999999999
T0008264,2025-07-02T01:03:00,store,S002,C01385,P0018,card,5928.349999999999
T0008266,2025-07-29T19:53:00,store,S006,C00019,P0011,card,26160.559999999998
T0008268,2025-07-23T22:50:00,store,S003,C02298,P0022,card,200975.38999999998
T0008269,2025-07-22T19:27:00,store,S001,C01276,P0021,card,226315.81999999998
T0008270,2025-07-12T20:13:00,store,S003,C01419,P0019,cash,214620.23
T0008271,2025-07-19T16:19:00,store,S002,C00475,P0001,cash,13019.380000000001
T0008272,2025-07-16T09:23:00,store,S002,C00423,P0010,cash,7981.09
T0008273,2025-07-15T20:59:00,store,S002,C00162,P0007,card,206153.34000000003
T0008274,2025-07-18T15:22:00,store,S004,C02479,P0026,card,15710.66
T0008275,2025-07-18T05:18:00,store,S005,C00931,P0012,cash,388824.91000000003
T0008276,2025-07-08T23:38:00,store,S002,C00043,P0007,cash,8843.99
T0008277,2025-07-09T21:04:00,store,S004,C01009,P0005,card,95691.97
T0008278,2025-07-28T00:03:00,store,S006,C00604,P0011,cash,4752.73
T0008279,2025-07-24T10:03:00,store,S001,C01131,P0020,card,3952.26
T0008280,2025-07-31T21:09:00,store,S005,C00008,P0014,card,21445.239999999998
T0008281,2025-07-22T18:02:00,store,S004,C02187,P0026,cash,9884.37
T0008282,2025-07-30T06:40:00,store,S002,C02148,P0010,card,49693.51
T0008283,2025-07-15T19:50:00,store,S005,C01692,P0012,cash,26574.68
T0008284,2025-07-08T06:02:00,store,S002,C02010,P0018,card,18718.059999999998
T0008285,2025-07-29T19:34:00,store,S004,C02402,P0005,cash,33369.32
T0008286,2025-07-31T02:02:00,store,S004,C01021,P0005,card,9582.48
T0008288,2025-07-18T19:51:00,store,S004,C00346,P0026,card,76735.14
T0008289,2025-07-20T18:52:00,store,S005,C01624,P0008,card,1683.15
T0008290,2025-07-02T04:04:00,store,S003,C02211,P0019,card,70955.47
T0008291,2025-07-31T13:56:00,store,S003,C02071,P0022,card,9145.0
T0008292,2025-07-02T19:49:00,store,S004,C00716,P0026,card,51744.04
T0008293,2025-07-15T19:02:00,store,S004,C01520,P0005,card,5483.88
T0008294,2025-07-11T00:59:00,store,S002,C00029,P0001,cash,13003.46
T0008295,2025-07-21T17:38:00,store,S004,C02032,P0005,card,2354.35
T0008296,2025-07-07T20:02:00,store,S005,C02034,P0025,cash,185940.55000000002
T0008297,2025-07-14T20:25:00,store,S005,C02073,P0014,card,7596.32
T0008298,2025-07-26T19:48:00,store,S004,C00989,P0005,cash,240737.17
T0008299,2025-07-17T19:14:00,store,S004,C00113,P0026,card,35948.37
T0008300,2025-07-19T02:08:00,store,S004,C02197,P0026,cash,28550.23
T0008301,2025-07-11T15:33:00,store,S004,C01461,P0026,card,1386.61
T0008302,2025-07-11T21:38:00,store,S004,C01165,P0026,cash,99927.45
T0008303,2025-07-27T08:23:00,store,S002,C00951,P0007,card,16311.630000000001
T0008304,2025-07-18T13:24:00,store,S002,C02466,P0010,card,27901.479999999996
T0008305,2025-07-19T11:42:00,store,S005,C01635,P0012,card,5445.4
T0008306,2025-07-24T17:57:00,store,S005,C00009,P0008,card,3010.8900000000003
T0008308,2025-07-26T13:16:00,store,S003,C01423,P0022,cash,15124.96
T0008310,2025-07-29T08:05:00,store,S002,C01354,P0007,cash,239783.05000000002
T0008311,2025-07-09T22:11:00,store,S003,C00865,P0017,cash,46980.229999999996
T0008313,2025-07-13T01:13:00,store,S005,C00165,P0012,cash,9744.029999999999
T0008314,2025-07-23T18:00:00,store,S004,C01607,P0005,card,7610.75
T0008315,2025-07-11T20:33:00,store,S005,C01127,P0025,card,113762.79
T0008317,2025-07-31T03:28:00,store,S003,C01203,P0023,card,13707.619999999999
T0008318,2025-07-08T00:36:00,store,S003,C01052,P0019,card,246772.01
T0008319,2025-07-20T23:57:00,store,S001,C00048,P0009,cash,28925.909999999996
T0008324,2025-07-31T09:28:00,store,S004,C00207,P0026,cash,23554.48
T0008325,2025-07-18T09:55:00,store,S001,C00253,P0020,card,2383.8
T0008327,2025-07-19T02:49:00,store,S005,C01243,P0012,card,14091.67
T0008328,2025-07-31T19:10:00,store,S006,C01466,P0003,cash,8118.73
T0008329,2025-07-20T20:47:00,store,S002,C00597,P0007,card,2257.58
T0008331,2025-07-01T07:58:00,store,S005,C00261,P0008,cash,2382.03
T0008332,2025-07-15T01:51:00,store,S006,C02150,P0016,cash,24597.85
T0008333,2025-07-20T19:15:00,store,S004,C00587,P0026,cash,12834.859999999999
T0008335,2025-07-04T10:38:00,store,S003,C00924,P0019,card,112099.24
T0008337,2025-07-12T22:08:00,store,S006,C00847,P0011,cash,8077.1
T0008338,2025-07-16T16:32:00,store,S001,C00841,P0021,cash,49591.61
T0008340,2025-07-16T00:27:00,store,S004,C00992,P0026,cash,44089.79
T0008342,2025-07-21T00:18:00,store,S003,C01939,P0022,cash,224742.61000000002
T0008343,2025-07-19T19:31:00,store,S004,C02151,P0005,card,8859.16
T0008344,2025-07-01T12:08:00,store,S002,C02401,P0007,card,6540.37
T0008345,2025-07-19T11:58:00,store,S006,C00498,P0016,cash,27430.879999999997
T0008346,2025-07-23T01:01:00,store,S001,C02135,P0021,card,244114.27999999997
T0008347,2025-07-09T02:00:00,store,S005,C02066,P0025,card,17894.440000000002
T0008348,2025-07-09T10:22:00,store,S002,C00606,P0018,card,240189.54
T0008349,2025-07-01T06:30:00,store,S001,C02007,P0021,cash,149814.05
T0008350,2025-07-04T06:57:00,store,S001,C00584,P0021,cash,51286.149999999994
T0008351,2025-07-25T05:24:00,store,S006,C00543,P0016,cash,10499.150000000001
T0008352,2025-07-15T22:39:00,store,S005,C01942,P0025,card,84264.79
T0008355,2025-07-25T22:57:00,store,S005,C00937,P0025,card,44607.46
T0008356,2025-07-16T09:48:00,store,S004,C01098,P0005,cash,6808.3
T0008359,2025-07-25T17:15:00,store,S004,C00265,P0005,cash,21713.87
T0008360,2025-07-04T23:18:00,store,S001,C01091,P0006,cash,11321.01
T0008361,2025-07-24T00:51:00,store,S006,C00459,P0024,card,5616.99
T0008362,2025-07-23T04:55:00,store,S004,C02403,P0026,card,36051.979999999996
T0008363,2025-07-31T16:28:00,store,S005,C00582,P0008,cash,2300.91
T0008365,2025-07-29T05:39:00,store,S006,C00879,P0011,cash,11539.46
T0008367,2025-07-22T08:44:00,store,S006,C00939,P0016,cash,374868.07999999996
T0008368,2025-07-20T02:40:00,store,S004,C02198,P0005,card,46418.729999999996
T0008369,2025-07-09T12:51:00,store,S002,C00097,P0001,card,38111.130000000005
T0008370,2025-07-10T05:14:00,store,S004,C00357,P0026,card,56148.22
T0008371,2025-07-18T06:54:00,store,S003,C00630,P0023,cash,41492.35
T0008372,2025-07-23T07:32:00,store,S006,C00215,P0003,cash,16835.64
T0008373,2025-07-20T06:02:00,store,S006,C00967,P0011,card,27018.33
T0008374,2025-07-25T21:56:00,store,S004,C01862,P0026,cash,59285.25
T0008375,2025-07-22T06:24:00,store,S005,C00123,P0012,card,8128.35
T0008376,2025-07-03T09:46:00,store,S006,C02365,P0003,card,203312.94
T0008377,2025-07-29T21:22:00,store,S001,C01523,P0021,cash,237435.02000000002
T0008378,2025-07-07T01:28:00,store,S004,C00919,P0005,cash,75122.5
T0008380,2025-07-23T06:21:00,store,S004,C00453,P0026,cash,18338.42
T0008381,2025-07-10T08:59:00,store,S006,C01707,P0003,cash,5731.610000000001
T0008383,2025-07-14T10:44:00,store,S004,C00834,P0026,cash,54030.59
T0008384,2025-07-25T22:13:00,store,S004,C01234,P0005,cash,18225.629999999997
T0008385,2025-07-19T00:48:00,store,S001,C02069,P0009,cash,14074.48
T0008386,2025-07-30T04:19:00,store,S001,C00097,P0020,card,15820.01
T0008388,2025-07-18T17:15:00,store,S006,C00903,P0016,card,2363.27
T0008389,2025-07-03T00:42:00,store,S004,C00805,P0005,card,30284.38
T0008391,2025-07-24T21:53:00,store,S004,C00339,P0026,cash,5954.780000000001
T0008392,2025-07-07T22:16:00,store,S004,C00078,P0026,cash,16305.32
T0008395,2025-07-10T16:04:00,store,S002,C01074,P0013,cash,7078.530000000001
T0008396,2025-07-26T12:26:00,store,S004,C01269,P0026,cash,10286.55
T0008397,2025-07-21T07:22:00,store,S001,C02163,P0002,card,9777.83
T0008398,2025-07-16T13:02:00,store,S004,C01265,P0005,cash,3469.76
T0008399,2025-07-04T16:19:00,store,S006,C01843,P0016,card,78189.63
T0008400,2025-07-13T08:13:00,store,S004,C01408,P0005,cash,9504.68
T0008401,2025-07-02T12:47:00,store,S003,C01597,P0019,card,17321.8
T0008402,2025-07-25T20:45:00,store,S002,C01958,P0007,cash,8382.08
T0008403,2025-07-25T01:41:00,store,S004,C02204,P0005,card,18320.8
T0008404,2025-07-03T13:16:00,store,S002,C01862,P0001,cash,230677.17
T0008405,2025-07-17T19:55:00,store,S002,C01777,P0018,card,34463.14
T0008406,2025-07-17T11:01:00,store,S001,C00966,P0021,card,5990.24
T0008407,2025-07-04T23:03:00,store,S002,C00939,P0001,cash,264026.2
T0008409,2025-07-02T16:38:00,store,S005,C01416,P0012,card,24018.03
T0008410,2025-07-28T16:13:00,store,S003,C00795,P0017,card,14867.77
T0008411,2025-07-03T07:45:00,store,S003,C02280,P0022,cash,214699.86
T0008412,2025-07-31T03:06:00,store,S005,C01027,P0014,card,2088.15
T0008413,2025-07-28T02:06:00,store,S001,C00008,P0021,cash,260620.02
T0008414,2025-07-17T21:14:00,store,S003,C01551,P0023,card,23353.85
T0008415,2025-07-10T09:23:00,store,S005,C01754,P0012,card,8358.71
T0008417,2025-07-28T03:32:00,store,S001,C00433,P0006,card,2306.49
T0008418,2025-07-12T04:24:00,store,S006,C00858,P0011,cash,58891.479999999996
T0008420,2025-07-17T04:57:00,store,S004,C00021,P0026,cash,217284.44
T0008421,2025-07-16T18:08:00,store,S005,C00952,P0025,card,5366.24
T0008422,2025-07-23T00:04:00,store,S006,C00176,P0003,card,21730.510000000002
T0008423,2025-07-02T18:29:00,store,S006,C02084,P0003,card,3753.81
T0008424,2025-07-09T05:55:00,store,S006,C01054,P0016,cash,25280.690000000002
T0008425,2025-07-29T04:00:00,store,S001,C02424,P0015,cash,189739.57
T0008426,2025-07-21T00:02:00,store,S005,C00125,P0008,cash,149966.48
T0008427,2025-07-01T17:30:00,store,S003,C00865,P0023,card,244080.34
T0008431,2025-07-16T18:42:00,store,S002,C02360,P0010,cash,25597.69
T0008432,2025-07-31T13:20:00,store,S003,C00516,P0022,cash,229992.0
T0008433,2025-07-12T22:05:00,store,S004,C01786,P0026,cash,14203.77
T0008438,2025-07-17T13:50:00,store,S001,C00342,P0002,cash,7155.43
T0008440,2025-07-07T23:57:00,store,S003,C00447,P0017,cash,32980.38
T0008441,2025-07-06T03:51:00,store,S006,C01349,P0016,cash,20581.93
T0008442,2025-07-18T02:48:00,store,S006,C00871,P0003,cash,49233.759999999995
T0008444,2025-07-08T03:50:00,store,S006,C01423,P0011,cash,196368.15
T0008445,2025-07-03T14:54:00,store,S006,C00944,P0011,cash,40051.13
T0008447,2025-07-21T00:04:00,store,S006,C00778,P0016,card,3608.12
T0008448,2025-07-11T01:38:00,store,S006,C00230,P0011,cash,25239.22
T0008450,2025-07-28T07:26:00,store,S006,C01705,P0024,cash,24444.54
T0008451,2025-07-02T13:31:00,store,S001,C01388,P0004,cash,23948.05
T0008452,2025-07-02T16:22:00,store,S003,C00374,P0023,cash,8481.67
T0008453,2025-07-01T01:04:00,store,S004,C01750,P0005,card,93863.13
T0008455,2025-07-25T03:35:00,store,S005,C02012,P0014,cash,11201.08
T0008456,2025-07-03T09:00:00,store,S003,C00574,P0017,cash,147708.52
T0008457,2025-07-05T09:49:00,store,S001,C00316,P0004,card,19529.84
T0008458,2025-07-01T13:53:00,store,S004,C01135,P0005,card,114078.76999999999
T0008460,2025-07-29T04:26:00,store,S004,C00629,P0005,card,61755.299999999996
T0008461,2025-07-21T17:56:00,store,S006,C02415,P0003,cash,13591.34
T0008463,2025-07-20T05:42:00,store,S001,C01362,P0002,cash,219079.82
T0008464,2025-07-27T17:13:00,store,S001,C00515,P0002,cash,15790.529999999999
T0008465,2025-07-07T00:25:00,store,S004,C00358,P0005,card,8953.84
T0008467,2025-07-10T04:22:00,store,S004,C00637,P0026,cash,23399.04
T0008469,2025-07-15T23:50:00,store,S005,C00394,P0012,cash,4196.67
T0008470,2025-07-15T09:21:00,store,S006,C00498,P0024,card,4223.58
T0008471,2025-07-09T02:04:00,store,S003,C01833,P0019,card,138206.21
T0008472,2025-07-21T04:25:00,store,S001,C02342,P0004,cash,29284.89
T0008474,2025-07-19T00:44:00,store,S004,C01304,P0005,card,6786.34
T0008476,2025-07-21T15:35:00,store,S004,C02093,P0005,cash,5843.0599999999995
T0008479,2025-07-15T20:43:00,store,S001,C00223,P0002,card,218218.23
T0008480,2025-07-11T18:14:00,store,S005,C00947,P0014,card,9784.96
T0008481,2025-07-21T13:36:00,store,S001,C01118,P0004,card,35326.72
T0008482,2025-07-06T15:44:00,store,S006,C00848,P0024,card,2384.53
T0008483,2025-07-15T19:15:00,store,S005,C00868,P0012,cash,82362.92
T0008484,2025-07-19T09:56:00,store,S003,C01799,P0019,card,395867.09
T0008485,2025-07-07T21:15:00,store,S002,C00910,P0013,cash,122275.29000000001
T0008486,2025-07-08T15:08:00,store,S001,C02453,P0020,card,3890.85
T0008487,2025-07-11T06:55:00,store,S005,C01436,P0008,cash,7510.38
T0008488,2025-07-30T20:32:00,store,S005,C00095,P0014,cash,46777.520000000004
T0008489,2025-07-04T09:59:00,store,S005,C01390,P0012,cash,4061.37
T0008490,2025-07-11T19:01:00,store,S004,C02430,P0026,card,25929.37
T0008491,2025-07-13T21:34:00,store,S004,C01389,P0026,cash,2853.84
T0008493,2025-07-21T14:22:00,store,S005,C01268,P0008,cash,7017.75
T0008494,2025-07-14T12:48:00,store,S006,C00305,P0024,card,393963.14999999997
T0008495,2025-07-09T04:26:00,store,S004,C00448,P0005,cash,5367.81
T0008496,2025-07-02T00:30:00,store,S004,C00377,P0026,card,13813.27
T0008497,2025-07-04T18:41:00,store,S005,C02112,P0008,card,7137.43
T0008498,2025-07-17T07:51:00,store,S001,C01757,P0015,card,18369.79
T0008499,2025-07-12T05:51:00,store,S006,C00277,P0011,cash,943.98
T0008500,2025-07-04T09:52:00,store,S006,C02369,P0016,card,1961.36
T0008501,2025-07-30T05:04:00,store,S006,C00094,P0003,cash,3242.64
T0008502,2025-07-27T05:42:00,store,S005,C02031,P0012,card,27374.77
T0008505,2025-07-07T02:53:00,store,S004,C00282,P0026,cash,38363.57
T0008507,2025-07-27T13:13:00,store,S005,C01634,P0014,cash,9058.93
T0008508,2025-07-12T06:34:00,store,S005,C01501,P0014,cash,5287.35
T0008510,2025-07-11T06:35:00,store,S005,C01709,P0025,card,566770.07
T0008511,2025-07-05T10:03:00,store,S001,C00488,P0002,card,201213.71
T0008512,2025-07-25T16:28:00,store,S002,C01225,P0010,card,30357.32
T0008514,2025-07-23T22:58:00,store,S001,C00250,P0015,cash,27069.25
T0008515,2025-07-25T03:47:00,store,S003,C01669,P0023,card,26450.65
T0008516,2025-07-22T18:50:00,store,S003,C01199,P0019,cash,46275.99
T0008517,2025-07-31T19:17:00,store,S003,C00388,P0022,card,4189.11
T0008518,2025-07-18T02:01:00,store,S006,C01018,P0024,card,6328.79
T0008519,2025-07-19T22:12:00,store,S004,C01360,P0026,cash,11094.779999999999
T0008521,2025-07-12T01:17:00,store,S004,C00186,P0005,cash,16567.43
T0008522,2025-07-09T21:16:00,store,S004,C02426,P0026,cash,1757.35
T0008523,2025-07-18T18:19:00,store,S004,C01082,P0026,card,59912.65
T0008524,2025-07-29T01:59:00,store,S004,C00126,P0005,card,23012.63
T0008525,2025-07-24T22:02:00,store,S001,C01064,P0015,card,2632.7
T0008526,2025-07-27T17:13:00,store,S001,C02177,P0015,cash,46355.68
T0008527,2025-07-31T08:46:00,store,S005,C00786,P0025,cash,1352.72
T0008529,2025-07-31T02:58:00,store,S001,C00320,P0020,cash,15890.92
T0008531,2025-07-17T21:37:00,store,S005,C01853,P0014,cash,187615.6
T0008532,2025-07-12T14:33:00,store,S001,C02126,P0015,card,196744.15
T0008533,2025-07-09T05:19:00,store,S005,C02214,P0014,cash,64309.97
T0008535,2025-07-27T02:53:00,store,S004,C01072,P0005,card,10894.84
T0008537,2025-07-10T16:45:00,store,S004,C00008,P0005,cash,55775.33
T0008538,2025-07-30T16:55:00,store,S003,C00577,P0023,card,5322.44
T0008539,2025-07-19T15:24:00,store,S001,C00406,P0006,card,138012.5
T0008540,2025-07-21T07:49:00,store,S005,C02017,P0025,card,4825.16
T0008541,2025-07-12T12:54:00,store,S005,C00615,P0008,cash,244092.43
T0008542,2025-07-01T00:00:00,store,S002,C01415,P0007,card,6453.0599999999995
T0008543,2025-07-20T14:42:00,store,S005,C00769,P0008,card,6347.29
T0008544,2025-07-07T10:30:00,store,S004,C01017,P0026,card,50396.3
T0008545,2025-07-21T05:29:00,store,S005,C00687,P0014,cash,31762.1
T0008546,2025-07-11T11:07:00,store,S002,C02449,P0007,cash,103882.05
T0008547,2025-07-22T05:23:00,store,S004,C01911,P0026,cash,198932.24000000002
T0008549,2025-07-30T22:59:00,store,S004,C02121,P0026,cash,332712.02
T0008551,2025-07-31T20:26:00,store,S001,C01638,P0015,cash,24737.77
T0008553,2025-07-26T03:30:00,store,S005,C02404,P0014,card,211781.23
T0008558,2025-07-14T12:45:00,store,S003,C00298,P0023,cash,376051.43
T0008559,2025-07-14T22:13:00,store,S002,C01016,P0018,card,16799.59
T0008560,2025-07-08T05:28:00,store,S005,C01798,P0014,card,13484.46
T0008561,2025-07-31T08:07:00,store,S001,C02437,P0020,card,15121.970000000001
T0008564,2025-07-02T15:48:00,store,S004,C00489,P0026,cash,48669.119999999995
T0008566,2025-07-14T21:02:00,store,S001,C01865,P0015,cash,22915.82
T0008569,2025-07-04T01:25:00,store,S003,C01962,P0017,card,18990.050000000003
T0008571,2025-07-20T04:42:00,store,S002,C02175,P0018,cash,4820.049999999999
T0008573,2025-07-19T07:49:00,store,S005,C01647,P0012,card,5034.18
T0008574,2025-07-01T02:05:00,store,S006,C01040,P0024,card,12046.220000000001
T0008575,2025-07-13T06:43:00,store,S005,C01481,P0012,cash,230810.29
T0008576,2025-07-09T08:53:00,store,S005,C01331,P0012,card,29513.73
T0008577,2025-07-28T08:05:00,store,S006,C01943,P0016,cash,39875.53999999999
T0008580,2025-07-14T10:30:00,store,S006,C01331,P0024,card,42096.41
T0008582,2025-07-04T16:40:00,store,S006,C00913,P0003,cash,28709.39
T0008583,2025-07-12T09:39:00,store,S001,C00020,P0021,card,219075.37
T0008584,2025-07-16T09:02:00,store,S005,C01176,P0008,cash,3731.7799999999997
T0008586,2025-07-29T23:35:00,store,S004,C01034,P0026,card,11006.16
T0008588,2025-07-22T12:43:00,store,S005,C01563,P0014,card,21669.17
T0008590,2025-07-29T03:27:00,store,S002,C01075,P0018,cash,25139.7
T0008594,2025-07-19T11:25:00,store,S005,C00136,P0025,cash,135463.51
T0008595,2025-07-15T09:43:00,store,S006,C00225,P0011,cash,152861.37
T0008597,2025-07-25T13:52:00,store,S002,C01747,P0018,cash,10315.3
T0008599,2025-07-01T05:16:00,store,S003,C00789,P0023,cash,11667.810000000001
T0008601,2025-07-13T11:46:00,store,S006,C01672,P0024,cash,22711.39
T0008603,2025-07-12T16:47:00,store,S003,C01722,P0019,cash,5569.75
T0008604,2025-07-25T14:51:00,store,S004,C02497,P0026,cash,36881.3
T0008605,2025-07-21T19:11:00,store,S006,C01057,P0016,cash,102548.84
T0008607,2025-07-31T13:37:00,store,S004,C01466,P0005,cash,17459.6
T0008608,2025-07-14T19:36:00,store,S003,C00569,P0017,card,36206.21
T0008609,2025-07-04T06:36:00,store,S003,C02387,P0019,cash,48384.41
T0008611,2025-07-14T04:51:00,store,S005,C01488,P0012,cash,55023.29000000001
T0008613,2025-07-15T17:22:00,store,S006,C00591,P0016,card,35220.009999999995
T0008614,2025-07-10T03:02:00,store,S006,C00752,P0003,card,21318.91
T0008615,2025-07-25T14:51:00,store,S004,C02096,P0005,card,248013.25
T0008616,2025-07-01T04:59:00,store,S004,C00346,P0005,cash,25640.83
T0008618,2025-07-17T12:28:00,store,S003,C01726,P0022,card,5321.93
T0008619,2025-07-21T11:40:00,store,S006,C01900,P0011,card,2385.68
T0008621,2025-07-04T22:03:00,store,S005,C01481,P0012,cash,25821.0
T0008622,2025-07-17T23:08:00,store,S002,C02378,P0007,cash,102772.59
T0008623,2025-07-16T11:58:00,store,S002,C02368,P0007,cash,65595.4
T0008625,2025-07-06T00:53:00,store,S006,C00583,P0011,card,198778.88
T0008626,2025-07-06T07:18:00,store,S004,C00002,P0026,cash,20056.29
T0008627,2025-07-06T15:38:00,store,S004,C01382,P0026,card,4173.53
T0008628,2025-07-19T04:26:00,store,S006,C00077,P0024,card,6643.089999999999
T0008629,2025-07-19T01:00:00,store,S005,C01206,P0025,card,20786.489999999998
T0008630,2025-07-18T16:03:00,store,S004,C02185,P0026,cash,6459.82
T0008631,2025-07-31T20:16:00,store,S005,C00060,P0012,card,89609.72000000002
T0008632,2025-07-20T09:46:00,store,S005,C01086,P0008,card,19957.68
T0008635,2025-07-29T08:20:00,store,S005,C01618,P0014,card,64313.51
T0008636,2025-07-03T15:51:00,store,S001,C02324,P0020,cash,227037.81
T0008638,2025-07-13T07:46:00,store,S005,C00699,P0014,cash,11848.029999999999
T0008639,2025-07-23T03:03:00,store,S002,C00834,P0010,card,26327.51
T0008640,2025-07-08T21:13:00,store,S006,C02105,P0011,cash,190400.58
T0008641,2025-07-09T10:29:00,store,S001,C01618,P0020,cash,10328.27
T0008642,2025-07-24T10:51:00,store,S005,C01223,P0014,cash,29372.089999999997
T0008643,2025-07-07T15:19:00,store,S006,C01302,P0016,card,39333.770000000004
T0008644,2025-07-16T03:53:00,store,S006,C00926,P0003,cash,36363.34
T0008645,2025-07-13T10:08:00,store,S006,C02037,P0011,card,14655.49
T0008646,2025-07-03T21:21:00,store,S002,C02140,P0007,card,7859.07
T0008650,2025-07-22T18:15:00,store,S006,C00090,P0024,card,68592.09
T0008651,2025-07-22T08:33:00,store,S006,C00756,P0003,card,219192.23
T0008652,2025-07-07T10:14:00,store,S003,C01702,P0023,card,44148.32
T0008654,2025-07-27T20:44:00,store,S001,C01214,P0021,cash,44282.689999999995
T0008655,2025-07-11T08:26:00,store,S004,C01834,P0005,card,7510.03
T0008656,2025-07-07T17:56:00,store,S005,C02464,P0025,card,229143.71
T0008658,2025-07-06T05:21:00,store,S002,C01150,P0010,cash,95674.48000000001
T0008659,2025-07-08T01:07:00,store,S005,C00021,P0025,card,286390.18
T0008661,2025-07-25T22:00:00,store,S003,C00654,P0017,card,308077.01
T0008662,2025-07-27T18:27:00,store,S006,C00111,P0016,card,298241.46
T0008664,2025-07-11T10:39:00,store,S001,C00427,P0015,card,21384.67
T0008665,2025-07-24T16:36:00,store,S001,C01336,P0015,card,25115.1
T0008666,2025-07-20T02:05:00,store,S004,C00867,P0005,cash,2346.4
T0008669,2025-07-09T01:27:00,store,S006,C00496,P0016,cash,10314.61
T0008671,2025-07-19T22:30:00,store,S006,C01343,P0016,cash,15646.3
T0008672,2025-07-30T11:15:00,store,S004,C00930,P0005,card,17190.239999999998
T0008673,2025-07-15T09:48:00,store,S005,C01551,P0014,card,66366.23000000001
T0008674,2025-07-13T02:57:00,store,S001,C01093,P0002,card,18788.510000000002
T0008675,2025-07-25T08:11:00,store,S005,C02278,P0008,card,1385.6
T0008676,2025-07-04T21:44:00,store,S006,C01191,P0024,card,48064.979999999996
T0008678,2025-07-09T02:21:00,store,S006,C02013,P0003,card,49861.29
T0008679,2025-07-26T09:44:00,store,S001,C00586,P0015,cash,19033.84
T0008680,2025-07-06T23:18:00,store,S005,C00384,P0008,cash,10032.689999999999
T0008682,2025-07-20T08:22:00,store,S006,C02366,P0024,card,244168.53999999998
T0008684,2025-07-16T00:11:00,store,S004,C00733,P0026,cash,4212.43
T0008686,2025-07-31T23:07:00,store,S005,C01215,P0025,card,296036.0
T0008687,2025-07-01T13:00:00,store,S005,C00809,P0014,cash,2642.67
T0008688,2025-07-12T14:22:00,store,S001,C02112,P0021,cash,27786.46
T0008689,2025-07-19T03:25:00,store,S001,C01319,P0021,card,33242.9
T0008690,2025-07-11T17:42:00,store,S005,C00556,P0008,cash,54657.53
T0008691,2025-07-13T22:46:00,store,S005,C02052,P0025,card,36283.33
T0008693,2025-07-11T07:35:00,store,S006,C01901,P0024,card,82059.22
T0008694,2025-07-04T04:51:00,store,S002,C02359,P0001,card,96543.73000000001
T0008695,2025-07-11T19:48:00,store,S001,C00100,P0002,cash,52581.15
T0008696,2025-07-28T05:48:00,store,S003,C00130,P0019,card,7921.360000000001
T0008697,2025-07-15T14:40:00,store,S005,C02024,P0014,card,351418.43
T0008698,2025-07-24T13:51:00,store,S001,C01104,P0006,cash,481654.32
T0008699,2025-07-08T15:54:00,store,S001,C00386,P0002,cash,4258.4
T0008700,2025-07-08T01:25:00,store,S004,C01223,P0026,cash,333498.27
T0008701,2025-07-11T11:04:00,store,S001,C00656,P0002,card,11297.42
T0008702,2025-07-02T16:32:00,store,S005,C00944,P0008,cash,8080.41
T0008704,2025-07-06T04:40:00,store,S005,C00955,P0025,card,32150.14
T0008705,2025-07-11T02:15:00,store,S004,C02322,P0005,cash,1575.52
T0008709,2025-07-27T09:17:00,store,S001,C01622,P0015,card,12366.17
T0008710,2025-07-14T10:38:00,store,S004,C02203,P0026,card,323684.01
T0008711,2025-07-13T23:19:00,store,S006,C02190,P0011,cash,4065.75
T0008714,2025-07-22T04:13:00,store,S004,C02022,P0005,card,273273.50999999995
T0008716,2025-07-17T14:31:00,store,S005,C02296,P0025,card,21503.46
T0008719,2025-07-18T05:08:00,store,S004,C01088,P0005,card,7431.83
T0008720,2025-07-29T23:16:00,store,S006,C00868,P0024,cash,52167.82
T0008721,2025-07-14T14:45:00,store,S003,C00723,P0019,card,8487.24
T0008722,2025-07-31T06:20:00,store,S004,C01353,P0026,cash,53994.09
T0008723,2025-07-05T01:19:00,store,S002,C01019,P0007,card,21800.99
T0008724,2025-07-12T01:20:00,store,S005,C02129,P0008,cash,24135.94
T0008725,2025-07-15T17:26:00,store,S001,C02023,P0002,card,20025.88
T0008726,2025-07-23T19:50:00,store,S006,C00934,P0011,cash,13649.619999999999
T0008727,2025-07-24T02:32:00,store,S004,C00391,P0026,card,6022.18
T0008728,2025-07-14T19:26:00,store,S006,C01555,P0024,card,15258.279999999999
T0008729,2025-07-28T07:25:00,store,S005,C01352,P0012,card,5235.99
T0008730,2025-07-16T05:14:00,store,S006,C00616,P0024,cash,39705.82
T0008731,2025-07-18T15:40:00,store,S001,C00804,P0015,cash,16267.439999999999
T0008732,2025-07-15T09:36:00,store,S004,C00198,P0026,card,10646.01
T0008733,2025-07-19T15:38:00,store,S004,C01202,P0026,cash,98382.39
T0008736,2025-07-21T22:01:00,store,S006,C00137,P0011,card,6566.49
T0008737,2025-07-02T15:23:00,store,S006,C01677,P0011,cash,28882.579999999998
T0008740,2025-07-09T23:07:00,store,S004,C02485,P0026,card,11707.81
T0008741,2025-07-13T21:22:00,store,S001,C00707,P0002,cash,1219.97
T0008742,2025-07-21T23:40:00,store,S002,C01524,P0013,cash,15581.21
T0008743,2025-07-31T07:37:00,store,S004,C00622,P0005,cash,6440.5
T0008744,2025-07-28T09:35:00,store,S002,C01071,P0013,card,1041.72
T0008745,2025-07-17T10:45:00,store,S001,C00567,P0020,cash,434823.66000000003
T0008746,2025-07-12T16:14:00,store,S004,C01242,P0026,cash,7442.02
T0008747,2025-07-24T22:04:00,store,S004,C00067,P0026,cash,11148.01
T0008748,2025-07-27T14:05:00,store,S001,C01960,P0002,card,37153.48
T0008749,2025-07-18T13:52:00,store,S001,C00128,P0020,card,34165.8
T0008750,2025-07-10T19:07:00,store,S003,C02395,P0023,card,15561.98
T0008751,2025-07-26T06:44:00,store,S006,C00483,P0011,card,202195.25
T0008752,2025-07-01T00:37:00,store,S005,C00513,P0008,cash,2191.25
T0008753,2025-07-07T13:31:00,store,S005,C01277,P0012,cash,24761.05
T0008754,2025-07-23T22:49:00,store,S002,C00246,P0018,card,21688.47
T0008757,2025-07-03T13:20:00,store,S006,C01631,P0003,cash,2847.83
T0008758,2025-07-06T06:37:00,store,S003,C00610,P0023,card,24165.73
T0008759,2025-07-10T13:24:00,store,S006,C01185,P0011,card,10849.0
T0008760,2025-07-17T21:35:00,store,S001,C01747,P0021,card,29177.89
T0008761,2025-07-29T06:00:00,store,S006,C00080,P0003,cash,6007.01
T0008762,2025-07-17T05:38:00,store,S005,C00067,P0012,cash,11318.210000000001
T0008763,2025-07-14T07:48:00,store,S001,C00603,P0004,card,4439.59
T0008764,2025-07-15T23:55:00,store,S005,C01486,P0025,card,11677.27
T0008765,2025-07-08T08:15:00,store,S004,C00090,P0026,card,7058.15
T0008766,2025-07-01T03:14:00,store,S001,C01465,P0021,card,35439.26
T0008769,2025-07-08T05:46:00,store,S002,C02223,P0010,cash,3136.79
T0008770,2025-07-05T02:04:00,store,S003,C01922,P0023,card,2041.88
T0008772,2025-07-13T23:20:00,store,S004,C00474,P0026,cash,7224.67
T0008773,2025-07-17T09:28:00,store,S005,C02152,P0008,cash,18232.49
T0008774,2025-07-24T19:26:00,store,S005,C01821,P0025,cash,3309.16
T0008775,2025-07-12T02:32:00,store,S001,C01171,P0006,card,42257.48
T0008776,2025-07-24T04:41:00,store,S001,C01775,P0004,card,396497.35
T0008777,2025-07-29T03:54:00,store,S002,C02484,P0007,cash,12484.66
T0008778,2025-07-19T21:51:00,store,S003,C01183,P0019,cash,376648.19999999995
T0008779,2025-07-17T17:20:00,store,S005,C01231,P0014,card,29211.5
T0008780,2025-07-17T20:47:00,store,S004,C01907,P0005,cash,2330.94
T0008782,2025-07-26T15:48:00,store,S004,C00108,P0026,card,23822.87
T0008785,2025-07-13T07:20:00,store,S001,C02193,P0004,cash,55531.659999999996
T0008787,2025-07-14T00:07:00,store,S004,C02321,P0026,cash,5950.16
T0008789,2025-07-11T19:08:00,store,S004,C01830,P0005,card,176090.01
T0008791,2025-07-15T15:48:00,store,S005,C00508,P0025,card,227589.91
T0008792,2025-07-26T14:04:00,store,S003,C00713,P0023,cash,5736.04
T0008794,2025-07-13T00:37:00,store,S005,C00013,P0012,card,231344.92
T0008795,2025-07-09T06:06:00,store,S006,C00805,P0011,cash,8202.0
T0008797,2025-07-22T22:54:00,store,S002,C02444,P0013,card,14211.68
T0008798,2025-07-27T18:10:00,store,S001,C01609,P0006,card,11299.640000000001
T0008799,2025-07-09T00:44:00,store,S006,C00153,P0024,card,6149.66
T0008800,2025-07-14T04:19:00,store,S006,C00581,P0016,cash,14573.51
T0008803,2025-07-24T21:35:00,store,S004,C00939,P0026,card,7666.5599999999995
T0008804,2025-07-04T02:48:00,store,S006,C00749,P0024,cash,3566.56
T0008806,2025-07-26T08:16:00,store,S003,C01683,P0023,cash,1464.13
T0008807,2025-07-13T11:40:00,store,S006,C02210,P0011,card,291232.39
T0008808,2025-07-18T19:29:00,store,S006,C00857,P0016,cash,268451.32
T0008810,2025-07-30T11:20:00,store,S001,C02417,P0009,cash,60881.590000000004
T0008811,2025-07-27T06:59:00,store,S002,C01432,P0018,card,25553.17
T0008812,2025-07-31T01:07:00,store,S002,C01403,P0010,card,4059.24
T0008813,2025-07-27T20:11:00,store,S006,C02373,P0011,card,4998.49
T0008814,2025-07-06T03:51:00,store,S006,C02012,P0011,cash,28995.34
T0008815,2025-07-06T00:15:00,store,S005,C01011,P0014,card,7269.459999999999
T0008817,2025-07-14T03:25:00,store,S006,C01023,P0011,card,11879.97
T0008818,2025-07-18T19:51:00,store,S003,C01858,P0019,card,50011.11
T0008819,2025-07-14T05:55:00,store,S005,C00208,P0025,card,20318.35
T0008820,2025-07-29T17:49:00,store,S001,C01133,P0006,cash,14560.529999999999
T0008822,2025-07-14T04:07:00,store,S005,C00359,P0012,card,16272.66
T0008823,2025-07-22T18:30:00,store,S001,C02468,P0021,card,3046.62
T0008824,2025-07-20T23:54:00,store,S005,C00116,P0014,card,102266.54999999999
T0008825,2025-07-08T13:07:00,store,S002,C01067,P0010,cash,10409.28
T0008826,2025-07-15T14:11:00,store,S001,C01348,P0002,cash,10930.14
T0008827,2025-07-16T03:49:00,store,S002,C02447,P0013,card,18972.45
T0008828,2025-07-27T18:17:00,store,S005,C00515,P0025,cash,20474.25
T0008829,2025-07-09T02:24:00,store,S001,C00009,P0015,card,17195.449999999997
T0008830,2025-07-05T08:07:00,store,S002,C02345,P0001,card,248592.67
T0008831,2025-07-04T16:35:00,store,S004,C00756,P0005,cash,194448.68
T0008833,2025-07-08T11:38:00,store,S005,C00841,P0025,card,420798.27
T0008834,2025-07-10T20:26:00,store,S004,C01853,P0026,cash,14312.35
T0008835,2025-07-20T06:05:00,store,S002,C00438,P0001,cash,69533.73
T0008837,2025-07-31T23:20:00,store,S002,C02030,P0018,card,8303.0
T0008840,2025-07-05T18:38:00,store,S006,C01459,P0024,card,13924.759999999998
T0008841,2025-07-21T16:53:00,store,S001,C01115,P0006,card,34446.71000000001
T0008843,2025-07-22T12:31:00,store,S004,C00726,P0005,cash,4905.76
T0008845,2025-07-18T03:28:00,store,S001,C00693,P0021,cash,19189.16
T0008846,2025-07-13T19:19:00,store,S005,C01726,P0014,cash,385737.46
T0008847,2025-07-20T21:46:00,store,S004,C00296,P0026,cash,5506.85
T0008848,2025-07-31T14:13:00,store,S006,C01258,P0016,card,5621.18
T0008850,2025-07-13T19:20:00,store,S001,C01819,P0006,cash,20760.61
T0008851,2025-07-29T13:59:00,store,S006,C01408,P0003,cash,277145.68
T0008853,2025-07-05T01:37:00,store,S004,C02368,P0005,card,248344.09
T0008855,2025-07-13T13:45:00,store,S002,C00080,P0010,cash,13703.84
T0008856,2025-07-15T04:55:00,store,S004,C00597,P0005,card,8177.959999999999
T0008857,2025-07-01T21:51:00,store,S004,C00997,P0005,cash,210732.21000000002
T0008858,2025-07-11T19:44:00,store,S004,C02466,P0005,card,381125.42
T0008859,2025-07-05T01:19:00,store,S006,C00892,P0011,card,25395.85
T0008861,2025-07-23T11:13:00,store,S005,C00877,P0008,cash,5720.54
T0008862,2025-07-28T14:45:00,store,S004,C00750,P0026,cash,24369.2
T0008863,2025-07-02T21:04:00,store,S003,C02163,P0017,card,11050.46
T0008864,2025-07-17T08:22:00,store,S002,C00372,P0018,cash,224676.2
T0008865,2025-07-09T07:37:00,store,S001,C01834,P0020,cash,21134.6
T0008867,2025-07-12T23:49:00,store,S005,C01790,P0014,cash,6757.959999999999
T0008869,2025-07-16T10:54:00,store,S005,C01677,P0014,cash,8956.02
T0008870,2025-07-27T07:44:00,store,S001,C00090,P0006,card,29295.31
T0008871,2025-07-16T05:03:00,store,S001,C01294,P0002,card,97903.69
T0008872,2025-07-13T19:06:00,store,S006,C00685,P0003,cash,128935.2
T0008873,2025-07-26T01:39:00,store,S006,C01149,P0016,card,1743.19
T0008874,2025-07-04T18:52:00,store,S004,C01119,P0005,card,63795.93
T0008875,2025-07-23T04:17:00,store,S003,C01435,P0019,card,451128.24
T0008876,2025-07-05T17:54:00,store,S005,C00444,P0014,card,13219.75
T0008877,2025-07-29T09:56:00,store,S002,C00002,P0018,card,215795.55
T0008878,2025-07-27T19:19:00,store,S005,C00015,P0008,card,13224.04
T0008879,2025-07-11T12:15:00,store,S003,C01810,P0022,cash,26660.59
T0008880,2025-07-14T09:34:00,store,S003,C00496,P0017,cash,58849.24
T0008881,2025-07-30T02:18:00,store,S004,C00724,P0026,card,338267.49
T0008882,2025-07-12T01:56:00,store,S005,C01289,P0014,cash,16385.58
T0008883,2025-07-16T23:49:00,store,S005,C00904,P0025,cash,34078.75
T0008884,2025-07-31T22:29:00,store,S005,C01879,P0025,cash,52139.87
T0008886,2025-07-08T02:20:00,store,S004,C01526,P0026,card,22974.9
T0008887,2025-07-21T05:17:00,store,S002,C01640,P0018,card,275281.95999999996
T0008888,2025-07-03T16:50:00,store,S006,C00233,P0016,cash,5241.29
T0008889,2025-07-16T04:02:00,store,S004,C02249,P0005,card,5782.23
T0008890,2025-07-07T12:04:00,store,S006,C01102,P0024,cash,3888.71
T0008891,2025-07-17T01:16:00,store,S006,C02304,P0016,cash,5525.38
T0008892,2025-07-29T09:08:00,store,S002,C00308,P0010,cash,6650.22
T0008893,2025-07-25T09:32:00,store,S006,C02380,P0011,card,19294.68
T0008894,2025-07-07T16:00:00,store,S002,C01293,P0001,cash,26210.800000000003
T0008898,2025-07-14T10:01:00,store,S005,C00656,P0008,cash,61830.53
T0008899,2025-07-07T14:25:00,store,S002,C01597,P0001,cash,83012.74
T0008900,2025-07-11T13:32:00,store,S003,C01069,P0019,cash,22970.75
T0008901,2025-07-22T14:10:00,store,S003,C02339,P0023,cash,3605.76
T0008903,2025-07-08T01:47:00,store,S003,C01101,P0019,card,26683.84
T0008904,2025-07-10T17:38:00,store,S004,C01599,P0005,card,2169.29
T0008905,2025-07-23T02:40:00,store,S001,C00851,P0002,card,10290.17
T0008909,2025-07-31T01:27:00,store,S002,C00622,P0018,card,13523.869999999999
T0008910,2025-07-31T06:34:00,store,S001,C00645,P0002,card,33677.25
T0008911,2025-07-12T22:38:00,store,S001,C01799,P0006,cash,25911.91
T0008912,2025-07-03T22:35:00,store,S001,C00299,P0009,card,66082.7
T0008913,2025-07-26T10:02:00,store,S006,C02250,P0024,card,13825.76
T0008914,2025-07-27T01:08:00,store,S003,C01192,P0022,card,15123.74
T0008917,2025-07-30T07:15:00,store,S004,C01604,P0005,cash,68836.47
T0008918,2025-07-05T05:47:00,store,S003,C01381,P0017,card,16090.149999999998
T0008919,2025-07-27T07:35:00,store,S001,C01728,P0009,card,287879.35000000003
T0008920,2025-07-23T02:18:00,store,S006,C01486,P0024,card,20104.61
T0008923,2025-07-26T08:46:00,store,S006,C01580,P0016,card,135827.54
T0008924,2025-07-20T07:37:00,store,S006,C02317,P0024,cash,6187.47
T0008926,2025-07-07T02:12:00,store,S005,C01831,P0008,cash,14704.699999999999
T0008927,2025-07-17T16:54:00,store,S001,C01141,P0009,card,12842.22
T0008929,2025-07-13T12:05:00,store,S004,C01947,P0005,cash,23364.79
T0008930,2025-07-30T20:41:00,store,S002,C01800,P0007,cash,12779.84
T0008934,2025-07-12T17:15:00,store,S004,C00015,P0026,cash,1593.14
T0008935,2025-07-23T04:38:00,store,S004,C00333,P0005,cash,17201.850000000002
T0008936,2025-07-02T13:11:00,store,S004,C00243,P0026,cash,266285.64
T0008937,2025-07-28T16:36:00,store,S006,C00443,P0024,cash,11343.37
T0008938,2025-07-23T15:44:00,store,S001,C02398,P0020,card,138383.9
T0008939,2025-07-10T18:43:00,store,S003,C02466,P0019,cash,22137.88
T0008940,2025-07-19T11:36:00,store,S006,C02023,P0011,cash,356372.88
T0008941,2025-07-05T09:32:00,store,S002,C01901,P0007,cash,43618.64
T0008944,2025-07-07T08:37:00,store,S001,C00994,P0009,card,67598.81
T0008945,2025-07-19T12:40:00,store,S002,C00581,P0013,card,1062.15
T0008948,2025-07-13T16:04:00,store,S006,C01224,P0024,card,36526.8
T0008949,2025-07-26T04:26:00,store,S004,C01752,P0005,cash,20457.88
T0008950,2025-07-23T13:46:00,store,S002,C01798,P0010,cash,35503.159999999996
T0008951,2025-07-06T17:33:00,store,S004,C01949,P0026,card,39080.57
T0008952,2025-07-21T11:27:00,store,S001,C00120,P0002,cash,8983.5
T0008953,2025-07-18T04:26:00,store,S005,C00600,P0025,cash,34448.78
T0008954,2025-07-22T05:51:00,store,S004,C01706,P0026,cash,7067.26
T0008956,2025-07-24T08:45:00,store,S002,C01253,P0001,cash,11217.61
T0008957,2025-07-02T11:29:00,store,S001,C00068,P0002,cash,112664.05
T0008958,2025-07-15T01:30:00,store,S004,C01075,P0005,card,49619.71
T0008960,2025-07-06T07:27:00,store,S005,C02368,P0014,card,48885.340000000004
T0008961,2025-07-28T19:41:00,store,S001,C00923,P0009,card,14275.679999999998
T0008962,2025-07-24T13:10:00,store,S006,C01376,P0016,card,4631.02
T0008963,2025-07-03T11:37:00,store,S006,C00192,P0024,cash,7615.52
T0008964,2025-07-21T18:10:00,store,S006,C00741,P0016,card,204973.29
T0008966,2025-07-04T07:06:00,store,S004,C00272,P0005,card,47194.42
T0008969,2025-07-26T08:14:00,store,S005,C02378,P0025,cash,6962.42
T0008970,2025-07-26T04:51:00,store,S005,C02042,P0025,card,225695.68
T0008971,2025-07-21T16:39:00,store,S004,C01951,P0026,cash,21878.04
T0008972,2025-07-05T21:24:00,store,S002,C01277,P0001,cash,15315.75
T0008973,2025-07-07T15:10:00,store,S005,C00378,P0014,cash,23912.68
T0008974,2025-07-22T15:37:00,store,S001,C00909,P0004,card,15641.37
T0008975,2025-07-28T02:09:00,store,S006,C01288,P0011,cash,361910.83999999997
T0008976,2025-07-08T08:07:00,store,S005,C00569,P0008,card,25964.52
T0008977,2025-07-09T10:22:00,store,S006,C02202,P0011,cash,286453.94999999995
T0008978,2025-07-03T17:50:00,store,S004,C00909,P0026,cash,332172.88
T0008979,2025-07-23T10:55:00,store,S006,C01851,P0011,card,50094.12
T0008980,2025-07-20T08:29:00,store,S004,C00845,P0005,card,52023.07
T0008982,2025-07-15T19:21:00,store,S001,C02124,P0009,card,15158.529999999999
T0008983,2025-07-09T16:46:00,store,S001,C00120,P0006,cash,10790.09
T0008984,2025-07-17T12:20:00,store,S004,C01803,P0005,card,22725.36
T0008986,2025-07-06T09:01:00,store,S003,C00288,P0019,cash,12140.1
T0008987,2025-07-05T15:07:00,store,S006,C01169,P0011,cash,15212.82
T0008991,2025-07-05T19:58:00,store,S001,C01949,P0004,card,11280.71
T0008992,2025-07-08T02:49:00,store,S003,C00537,P0023,card,1829.93
T0008993,2025-07-02T12:26:00,store,S006,C00142,P0011,cash,5847.03
T0008994,2025-07-09T17:20:00,store,S005,C01841,P0014,card,237203.51
T0008995,2025-07-28T16:55:00,store,S001,C01886,P0002,cash,35873.73
T0008996,2025-07-18T19:34:00,store,S005,C01166,P0012,card,15924.33
T0008998,2025-07-25T11:37:00,store,S002,C01362,P0018,card,6961.59
T0008999,2025-07-31T16:29:00,store,S002,C01108,P0010,card,6694.41
T0009000,2025-07-03T11:35:00,store,S006,C01213,P0024,cash,14897.56
T0009001,2025-07-13T00:24:00,store,S004,C00402,P0026,cash,7093.320000000001
T0009002,2025-07-29T22:15:00,store,S006,C02149,P0024,card,29752.199999999997
T0009003,2025-07-28T06:56:00,store,S002,C01461,P0010,card,7921.62
T0009004,2025-07-22T19:59:00,store,S001,C00090,P0004,cash,53811.060000000005
T0009005,2025-07-18T03:16:00,store,S002,C01718,P0018,card,254589.34
T0009007,2025-07-02T02:37:00,store,S006,C00525,P0024,cash,11190.45
T0009009,2025-07-20T16:36:00,store,S001,C00274,P0006,card,18159.72
T0009013,2025-07-25T10:58:00,store,S006,C00024,P0011,card,206561.93
T0009015,2025-07-01T05:57:00,store,S005,C02073,P0008,card,4000.57
T0009016,2025-07-27T13:25:00,store,S006,C01838,P0003,cash,6516.09
T0009017,2025-07-24T10:24:00,store,S001,C00439,P0009,card,238415.31999999998
T0009020,2025-07-12T15:47:00,store,S004,C01370,P0026,card,8301.23
T0009021,2025-07-03T21:05:00,store,S001,C00546,P0015,card,74930.67
T0009022,2025-07-31T00:16:00,store,S005,C00249,P0025,card,19789.940000000002
T0009023,2025-07-09T21:17:00,store,S006,C00969,P0011,cash,9770.41
T0009024,2025-08-21T17:46:00,online,,C00390,,wallet,44574.88
T0009025,2025-08-17T01:55:00,online,,C01299,,card,6118.6
T0009026,2025-08-10T08:41:00,online,,C01483,,card,28272.29
T0009027,2025-08-14T07:47:00,online,,C02258,,cod,91938.81
T0009028,2025-08-05T17:56:00,online,,C01889,,wallet,218964.77
T0009030,2025-08-11T00:52:00,online,,C00598,,cod,249717.71
T0009031,2025-08-12T18:52:00,online,,C00258,,card,16490.48
T0009034,2025-08-14T15:22:00,online,,C01242,,card,33002.85
T0009035,2025-08-18T08:54:00,online,,C00363,,card,293939.59
T0009036,2025-08-01T11:26:00,online,,C00357,,wallet,11844.03
T0009037,2025-08-11T03:22:00,online,,C01254,,wallet,13301.890000000001
T0009038,2025-08-24T19:51:00,online,,C01821,,card,48063.36
T0009039,2025-08-29T01:37:00,online,,C02413,,wallet,9325.56
T0009040,2025-08-17T22:48:00,online,,C01012,,card,65154.67
T0009041,2025-08-18T15:20:00,online,,C00406,,wallet,30497.239999999998
T0009044,2025-08-20T11:45:00,online,,C02395,,cod,26891.99
T0009045,2025-08-16T03:43:00,online,,C00215,,card,5475.69
T0009046,2025-08-16T07:20:00,online,,C00826,,cod,7699.7
T0009049,2025-08-04T04:17:00,online,,C02419,,cod,7449.23
T0009050,2025-08-06T22:35:00,online,,C01100,,cod,5508.96
T0009051,2025-08-24T09:04:00,online,,C01280,,wallet,2292.14
T0009052,2025-08-07T23:26:00,online,,C00515,,cod,31232.15
T0009053,2025-08-16T23:47:00,online,,C01622,,wallet,35013.11
T0009054,2025-08-26T14:52:00,online,,C02181,,wallet,53390.75
T0009055,2025-08-23T23:54:00,online,,C01104,,wallet,54569.47
T0009056,2025-08-01T15:34:00,online,,C02014,,cod,208767.46
T0009057,2025-08-14T20:46:00,online,,C02485,,cod,60294.04
T0009058,2025-08-28T07:55:00,online,,C00964,,wallet,14559.689999999999
T0009059,2025-08-25T13:07:00,online,,C00346,,cod,3094.0
T0009060,2025-08-19T11:45:00,online,,C00933,,wallet,16383.779999999999
T0009061,2025-08-07T18:50:00,online,,C01339,,wallet,9973.62
T0009062,2025-08-15T02:11:00,online,,C02218,,cod,5656.96
T0009064,2025-08-18T01:20:00,online,,C01903,,cod,67210.45
T0009066,2025-08-19T09:23:00,online,,C01400,,wallet,44091.6
T0009067,2025-08-13T21:48:00,online,,C02069,,card,442567.62
T0009069,2025-08-06T09:44:00,online,,C02179,,cod,221764.95
T0009070,2025-08-29T14:55:00,online,,C01146,,wallet,17175.43
T0009071,2025-08-14T07:10:00,online,,C02094,,card,25915.46
T0009072,2025-08-04T10:13:00,online,,C02219,,cod,18413.800000000003
T0009073,2025-08-05T12:24:00,online,,C01515,,wallet,49754.740000000005
T0009074,2025-08-06T22:34:00,online,,C01378,,cod,28774.83
T0009076,2025-08-04T14:58:00,online,,C02110,,card,21783.61
T0009080,2025-08-29T10:48:00,online,,C00403,,wallet,16877.86
T0009082,2025-08-31T13:44:00,online,,C00828,,cod,93488.43999999999
T0009083,2025-08-03T06:02:00,online,,C01975,,card,11327.37
T0009085,2025-08-24T08:54:00,online,,C01755,,card,3733.76
T0009086,2025-08-01T07:48:00,online,,C01242,,wallet,303080.97000000003
T0009089,2025-08-06T18:15:00,online,,C00863,,wallet,3519.83
T0009090,2025-08-06T07:23:00,online,,C00453,,wallet,3052.2
T0009091,2025-08-14T03:13:00,online,,C00039,,cod,5586.59
T0009096,2025-08-27T13:57:00,online,,C00901,,cod,4330.67
T0009097,2025-08-12T21:12:00,online,,C01184,,wallet,13507.39
T0009098,2025-08-22T05:30:00,online,,C00711,,cod,44475.14
T0009100,2025-08-25T19:50:00,online,,C01079,,card,10880.54
T0009101,2025-08-17T22:19:00,online,,C00169,,wallet,36756.34
T0009103,2025-08-26T08:14:00,online,,C00904,,wallet,53531.18
T0009104,2025-08-27T11:42:00,online,,C01519,,card,2831.66
T0009105,2025-08-15T14:25:00,online,,C01229,,wallet,6029.33
T0009108,2025-08-26T22:33:00,online,,C02310,,card,3948.47
T0009113,2025-08-29T06:14:00,online,,C01636,,wallet,518271.41000000003
T0009114,2025-08-21T09:12:00,online,,C02052,,card,221306.66
T0009116,2025-08-15T15:38:00,online,,C01210,,card,42193.86
T0009117,2025-08-13T13:30:00,online,,C02084,,card,2901.81
T0009118,2025-08-27T15:04:00,online,,C00529,,cod,203873.54
T0009119,2025-08-12T01:04:00,online,,C01248,,cod,15246.6
T0009120,2025-08-26T09:48:00,online,,C02175,,card,15851.439999999999
T0009122,2025-08-17T20:12:00,online,,C00822,,cod,18943.789999999997
T0009124,2025-08-23T12:22:00,online,,C00471,,card,22315.78
T0009125,2025-08-24T03:54:00,online,,C00117,,wallet,12832.24
T0009126,2025-08-10T03:08:00,online,,C01036,,card,6751.9
T0009129,2025-08-06T23:29:00,online,,C00024,,cod,38836.48
T0009130,2025-08-06T14:09:00,online,,C00739,,card,2167.34
T0009133,2025-08-01T19:20:00,online,,C02019,,cod,9917.16
T0009134,2025-08-15T10:06:00,online,,C01852,,wallet,11591.63
T0009137,2025-08-06T00:46:00,online,,C00646,,cod,9027.21
T0009138,2025-08-11T01:33:00,online,,C01073,,wallet,214824.26
T0009140,2025-08-12T16:26:00,online,,C00248,,cod,21662.76
T0009141,2025-08-08T19:13:00,online,,C00288,,wallet,12581.79
T0009142,2025-08-17T13:29:00,online,,C00434,,cod,25842.17
T0009143,2025-08-11T12:40:00,online,,C02466,,wallet,236845.15999999997
T0009144,2025-08-19T22:22:00,online,,C00859,,card,8284.34
T0009145,2025-08-18T12:04:00,online,,C01535,,wallet,282077.51999999996
T0009146,2025-08-20T12:07:00,online,,C00564,,card,14036.81
T0009148,2025-08-23T13:15:00,online,,C01825,,wallet,38358.63
T0009149,2025-08-30T09:09:00,online,,C02174,,cod,2653.52
T0009150,2025-08-08T01:03:00,online,,C00141,,card,381487.99
T0009151,2025-08-02T09:14:00,online,,C01455,,cod,367569.51
T0009153,2025-08-18T04:44:00,online,,C00413,,cod,19434.94
T0009157,2025-08-10T14:18:00,online,,C01954,,wallet,19236.06
T0009158,2025-08-18T13:55:00,online,,C01537,,cod,114977.44
T0009159,2025-08-29T03:06:00,online,,C00105,,card,107612.45
T0009160,2025-08-11T02:37:00,online,,C01198,,wallet,29326.449999999997
T0009162,2025-08-13T22:03:00,online,,C00815,,cod,56983.75000000001
T0009163,2025-08-04T17:36:00,online,,C00630,,cod,25801.59
T0009165,2025-08-01T08:34:00,online,,C00846,,cod,12960.880000000001
T0009167,2025-08-02T16:44:00,online,,C01656,,card,5598.66
T0009170,2025-08-07T11:39:00,online,,C01257,,cod,41297.7
T0009171,2025-08-28T19:20:00,online,,C00366,,cod,1681.56
T0009174,2025-08-25T15:55:00,online,,C02004,,wallet,5594.11
T0009175,2025-08-30T17:37:00,online,,C01722,,card,11032.01
T0009177,2025-08-30T09:35:00,online,,C00994,,card,13460.31
T0009179,2025-08-21T07:01:00,online,,C02039,,card,100880.38
T0009181,2025-08-25T04:00:00,online,,C02146,,card,11367.65
T0009183,2025-08-09T08:07:00,online,,C01584,,card,27501.98
T0009186,2025-08-14T19:34:00,online,,C01817,,cod,7069.610000000001
T0009187,2025-08-04T07:02:00,online,,C01747,,card,48792.270000000004
T0009188,2025-08-18T15:01:00,online,,C00123,,card,14146.47
T0009189,2025-08-25T20:10:00,online,,C01636,,wallet,4586.75
T0009190,2025-08-31T18:00:00,online,,C00900,,card,394075.52
T0009192,2025-08-05T10:52:00,online,,C00183,,card,4400.82
T0009193,2025-08-18T02:02:00,online,,C02375,,card,377512.07
T0009194,2025-08-13T14:58:00,online,,C00501,,cod,2772.35
T0009195,2025-08-25T00:39:00,online,,C01521,,card,23398.2
T0009196,2025-08-17T15:01:00,online,,C01981,,wallet,66258.44
T0009198,2025-08-29T23:30:00,online,,C02199,,wallet,485051.14
T0009199,2025-08-03T18:22:00,online,,C01124,,cod,7590.17
T0009200,2025-08-24T10:33:00,online,,C01496,,card,36721.33
T0009202,2025-08-27T04:59:00,online,,C02223,,card,239490.0
T0009203,2025-08-27T06:46:00,online,,C00700,,wallet,6260.4
T0009206,2025-08-13T21:01:00,online,,C01770,,cod,12698.05
T0009210,2025-08-15T20:23:00,online,,C01650,,cod,15456.21
T0009211,2025-08-13T10:45:00,online,,C00893,,card,305422.11
T0009212,2025-08-11T04:17:00,online,,C02264,,card,24259.519999999997
T0009213,2025-08-07T23:33:00,online,,C00047,,wallet,4146.3
T0009214,2025-08-09T07:10:00,online,,C01736,,card,46663.68
T0009215,2025-08-01T07:49:00,online,,C00740,,card,11850.990000000002
T0009217,2025-08-17T18:11:00,online,,C01043,,cod,23395.12
T0009218,2025-08-22T21:00:00,online,,C00796,,card,35309.8
T0009220,2025-08-04T15:08:00,online,,C01889,,card,59257.0
T0009221,2025-08-16T12:45:00,online,,C02421,,cod,20347.13
T0009222,2025-08-20T20:41:00,online,,C00028,,cod,13047.39
T0009223,2025-08-10T06:35:00,online,,C00750,,cod,9948.77
T0009225,2025-08-29T16:33:00,online,,C01580,,card,42911.99
T0009226,2025-08-20T07:30:00,online,,C01863,,cod,24962.3
T0009227,2025-08-07T02:38:00,online,,C02015,,cod,2859.8
T0009229,2025-08-27T14:34:00,online,,C02236,,cod,5768.57
T0009230,2025-08-06T06:00:00,online,,C00851,,card,7584.6
T0009231,2025-08-25T20:13:00,online,,C01681,,card,65394.13
T0009232,2025-08-19T05:29:00,online,,C02380,,cod,6591.03
T0009233,2025-08-18T20:33:00,online,,C01051,,wallet,9314.720000000001
T0009234,2025-08-06T01:16:00,online,,C00876,,card,1693.07
T0009235,2025-08-28T17:21:00,online,,C01707,,cod,22236.32
T0009237,2025-08-18T06:41:00,online,,C02148,,wallet,357449.52999999997
T0009238,2025-08-13T03:48:00,online,,C01169,,card,12393.29
T0009239,2025-08-28T11:26:00,online,,C02216,,card,211986.99
T0009240,2025-08-11T23:31:00,online,,C01162,,cod,37335.88
T0009241,2025-08-06T16:22:00,online,,C02057,,card,197011.81
T0009242,2025-08-21T03:50:00,online,,C01852,,wallet,220193.43000000002
T0009244,2025-08-03T07:17:00,online,,C00340,,wallet,9813.41
T0009245,2025-08-11T19:25:00,online,,C00678,,wallet,8388.26
T0009246,2025-08-05T05:05:00,online,,C01023,,wallet,30766.79
T0009247,2025-08-06T03:53:00,online,,C01786,,card,16593.97
T0009248,2025-08-18T10:43:00,online,,C02142,,wallet,22893.58
T0009249,2025-08-12T09:47:00,online,,C01996,,wallet,47740.1
T0009250,2025-08-20T21:59:00,online,,C01327,,cod,78503.20999999999
T0009252,2025-08-09T01:37:00,online,,C02200,,cod,19862.91
T0009253,2025-08-04T18:30:00,online,,C00628,,wallet,241770.81
T0009254,2025-08-02T01:57:00,online,,C00091,,wallet,317275.7
T0009255,2025-08-30T13:23:00,online,,C00500,,wallet,6945.51
T0009256,2025-08-08T17:31:00,online,,C01192,,card,4112.97
T0009257,2025-08-17T00:49:00,online,,C01578,,wallet,215887.57
T0009258,2025-08-16T21:37:00,online,,C02387,,wallet,43323.72
T0009259,2025-08-21T21:14:00,online,,C00666,,wallet,24184.43
T0009261,2025-08-09T04:57:00,online,,C00666,,cod,878624.71
T0009262,2025-08-23T15:52:00,online,,C01750,,cod,18077.940000000002
T0009264,2025-08-15T00:46:00,online,,C02228,,card,26336.11
T0009265,2025-08-12T09:54:00,online,,C01569,,card,51030.770000000004
T0009266,2025-08-06T03:42:00,online,,C00713,,wallet,23520.48
T0009267,2025-08-26T03:13:00,online,,C00949,,wallet,35983.85
T0009268,2025-08-28T20:01:00,online,,C00298,,cod,1453.36
T0009270,2025-08-07T14:12:00,online,,C02108,,cod,5626.84
T0009271,2025-08-04T06:21:00,online,,C00222,,wallet,13130.01
T0009272,2025-08-26T07:58:00,online,,C02168,,cod,10225.35
T0009273,2025-08-07T19:04:00,online,,C00755,,wallet,153979.54
T0009276,2025-08-29T20:50:00,online,,C01103,,cod,21949.97
T0009277,2025-08-15T22:23:00,online,,C00493,,wallet,4018.5099999999998
T0009279,2025-08-27T04:20:00,online,,C01369,,wallet,12408.05
T0009280,2025-08-16T07:24:00,online,,C01228,,wallet,227772.95
T0009281,2025-08-28T00:01:00,online,,C00666,,wallet,47592.57
T0009282,2025-08-11T17:38:00,online,,C01102,,wallet,10230.630000000001
T0009283,2025-08-07T05:58:00,online,,C02232,,cod,284476.86
T0009285,2025-08-14T19:16:00,online,,C00382,,wallet,124513.76000000001
T0009286,2025-08-23T03:31:00,online,,C02063,,card,22453.0
T0009287,2025-08-17T16:04:00,online,,C02376,,wallet,28970.2
T0009288,2025-08-16T16:56:00,online,,C01080,,wallet,9545.6
T0009289,2025-08-17T04:33:00,online,,C01952,,cod,358327.24
T0009290,2025-08-30T04:14:00,online,,C01319,,card,96362.84
T0009291,2025-08-01T14:32:00,online,,C00923,,cod,1672.21
T0009292,2025-08-14T04:52:00,online,,C01199,,card,29439.72
T0009293,2025-08-07T17:54:00,online,,C01668,,cod,21413.05
T0009294,2025-08-04T08:52:00,online,,C01786,,cod,217439.85
T0009295,2025-08-20T02:18:00,online,,C01187,,cod,1374.16
T0009296,2025-08-06T13:15:00,online,,C01494,,card,7569.24
T0009297,2025-08-10T02:37:00,online,,C01491,,cod,28113.9
T0009298,2025-08-17T06:57:00,online,,C00670,,card,55181.96
T0009301,2025-08-06T04:30:00,online,,C00832,,wallet,2013.67
T0009302,2025-08-11T18:15:00,online,,C00358,,wallet,23960.02
T0009304,2025-08-31T00:41:00,online,,C01989,,wallet,16089.869999999999
T0009305,2025-08-10T01:08:00,online,,C01131,,cod,59017.34
T0009306,2025-08-02T06:53:00,online,,C02153,,card,116902.78
T0009307,2025-08-07T21:09:00,online,,C01105,,cod,222432.77000000002
T0009308,2025-08-21T19:36:00,online,,C01267,,wallet,6217.83
T0009309,2025-08-20T23:26:00,online,,C01902,,card,10752.18
T0009310,2025-08-16T09:47:00,online,,C01125,,card,78228.13
T0009312,2025-08-05T22:15:00,online,,C00005,,card,4467.05
T0009314,2025-08-16T09:45:00,online,,C02008,,wallet,17280.55
T0009315,2025-08-04T00:18:00,online,,C01229,,wallet,401789.33999999997
T0009316,2025-08-22T07:13:00,online,,C01683,,wallet,4643.08
T0009317,2025-08-11T19:27:00,online,,C00747,,wallet,350225.37999999995
T0009318,2025-08-17T07:35:00,online,,C02161,,wallet,12793.08
T0009319,2025-08-22T14:04:00,online,,C02238,,cod,3317.55
T0009320,2025-08-12T10:13:00,online,,C00168,,wallet,7075.29
T0009321,2025-08-10T18:23:00,online,,C02334,,cod,58347.49
T0009322,2025-08-28T20:12:00,online,,C00384,,card,31999.539999999997
T0009323,2025-08-01T19:05:00,online,,C01386,,wallet,14923.39
T0009328,2025-08-21T10:23:00,online,,C00539,,wallet,242560.62000000002
T0009330,2025-08-06T15:07:00,online,,C02177,,cod,42217.98
T0009331,2025-08-27T19:42:00,online,,C01171,,card,16064.0
T0009333,2025-08-23T13:16:00,online,,C01114,,card,360298.42
T0009335,2025-08-08T19:32:00,online,,C01421,,card,8653.26
T0009337,2025-08-18T02:37:00,online,,C00659,,wallet,197650.56
T0009339,2025-08-29T13:12:00,online,,C01380,,cod,14253.489999999998
T0009341,2025-08-07T04:58:00,online,,C00546,,cod,262936.38
T0009342,2025-08-23T05:59:00,online,,C00955,,cod,38700.229999999996
T0009344,2025-08-04T08:14:00,online,,C01337,,cod,3716.34
T0009345,2025-08-07T19:01:00,online,,C01097,,wallet,41221.04
T0009346,2025-08-21T02:15:00,online,,C01788,,wallet,45121.48
T0009350,2025-08-28T21:33:00,online,,C00428,,cod,17046.23
T0009351,2025-08-04T15:54:00,online,,C00275,,wallet,229441.16
T0009352,2025-08-08T23:33:00,online,,C01656,,wallet,46001.689999999995
T0009354,2025-08-17T09:00:00,online,,C00870,,card,26626.350000000002
T0009355,2025-08-10T16:34:00,online,,C01628,,card,4033.29
T0009356,2025-08-01T06:35:00,online,,C02117,,cod,12093.189999999999
T0009357,2025-08-24T02:06:00,online,,C01663,,cod,29191.390000000003
T0009358,2025-08-12T16:08:00,online,,C00659,,wallet,16994.28
T0009360,2025-08-01T19:43:00,online,,C01309,,cod,21697.39
T0009361,2025-08-23T20:23:00,online,,C00090,,wallet,41486.46
T0009363,2025-08-10T03:04:00,online,,C02299,,cod,4440.36
T0009364,2025-08-06T07:14:00,online,,C00630,,cod,5914.45
T0009365,2025-08-08T09:49:00,online,,C02257,,card,33307.17
T0009366,2025-08-31T13:13:00,online,,C01590,,cod,23649.47
T0009367,2025-08-14T08:26:00,online,,C00677,,cod,26052.03
T0009368,2025-08-12T10:51:00,online,,C01168,,wallet,9396.68
T0009369,2025-08-12T15:39:00,online,,C00108,,cod,34492.94
T0009372,2025-08-22T10:14:00,online,,C00277,,cod,15818.5
T0009373,2025-08-19T19:24:00,online,,C00810,,wallet,28235.530000000002
T0009374,2025-08-09T15:12:00,online,,C02302,,wallet,32213.000000000004
T0009376,2025-08-22T18:55:00,online,,C02060,,cod,1741.53
T0009377,2025-08-24T04:47:00,online,,C00657,,cod,42233.71
T0009378,2025-08-17T18:52:00,online,,C02427,,cod,224334.17
T0009379,2025-08-14T09:25:00,online,,C02488,,wallet,9338.04
T0009380,2025-08-04T21:21:00,online,,C02467,,card,6690.0
T0009381,2025-08-31T13:33:00,online,,C00560,,cod,208193.27
T0009382,2025-08-26T02:27:00,online,,C00569,,cod,9407.03
T0009384,2025-08-15T13:20:00,online,,C00849,,wallet,18757.12
T0009385,2025-08-11T02:09:00,online,,C02460,,cod,5042.24
T0009386,2025-08-26T02:45:00,online,,C02181,,card,3746.54
T0009387,2025-08-28T08:25:00,online,,C02094,,cod,4730.78
T0009388,2025-08-23T21:52:00,online,,C01385,,wallet,17011.04
T0009390,2025-08-02T16:20:00,online,,C02194,,wallet,1698.54
T0009391,2025-08-12T08:48:00,online,,C01399,,cod,206859.69999999998
T0009392,2025-08-21T01:48:00,online,,C00306,,card,8678.74
T0009393,2025-08-23T19:12:00,online,,C02019,,wallet,733533.4299999999
T0009394,2025-08-09T04:06:00,online,,C00205,,cod,223822.13
T0009395,2025-08-28T14:47:00,online,,C01900,,wallet,6329.11
T0009396,2025-08-21T15:35:00,online,,C01841,,cod,235056.41
T0009397,2025-08-27T18:14:00,online,,C02302,,card,31207.12
T0009400,2025-08-26T22:27:00,online,,C00103,,card,3517.06
T0009402,2025-08-15T12:14:00,online,,C00048,,cod,302426.75
T0009403,2025-08-20T15:51:00,online,,C01874,,card,118412.23999999999
T0009404,2025-08-04T21:19:00,online,,C00559,,wallet,28348.199999999997
T0009405,2025-08-04T05:39:00,online,,C01483,,cod,57609.28999999999
T0009407,2025-08-07T05:33:00,online,,C01395,,card,34003.64
T0009408,2025-08-29T11:32:00,online,,C00913,,card,59951.94
T0009409,2025-08-02T01:03:00,online,,C00911,,cod,45242.19
T0009411,2025-08-21T14:11:00,online,,C02233,,wallet,19766.7
T0009412,2025-08-07T03:11:00,online,,C00254,,wallet,3272.9
T0009413,2025-08-06T05:47:00,online,,C00234,,wallet,104153.82
T0009414,2025-08-13T18:38:00,online,,C00031,,wallet,30901.18
T0009415,2025-08-31T16:56:00,online,,C00882,,cod,122216.19
T0009416,2025-08-22T13:54:00,online,,C02427,,wallet,354882.60000000003
T0009417,2025-08-07T11:16:00,online,,C02395,,card,9769.23
T0009418,2025-08-11T08:25:00,online,,C00291,,cod,206918.31
T0009419,2025-08-29T15:46:00,online,,C01060,,cod,22802.62
T0009420,2025-08-13T23:50:00,online,,C00289,,card,9466.37
T0009421,2025-08-15T15:32:00,online,,C01643,,cod,8796.3
T0009422,2025-08-23T06:51:00,online,,C02096,,cod,1265.46
T0009423,2025-08-29T14:55:00,online,,C00136,,wallet,15439.7
T0009424,2025-08-04T07:58:00,online,,C00527,,card,57573.159999999996
T0009426,2025-08-15T14:07:00,online,,C01207,,card,44039.69
T0009427,2025-08-04T20:15:00,online,,C00316,,card,2386.17
T0009428,2025-08-09T01:25:00,online,,C01171,,wallet,56372.079999999994
T0009431,2025-08-02T03:55:00,online,,C02067,,card,16848.170000000002
T0009432,2025-08-23T01:11:00,online,,C01603,,wallet,24720.03
T0009433,2025-08-13T12:20:00,online,,C02330,,cod,1755.09
T0009435,2025-08-21T20:02:00,online,,C01673,,card,13204.81
T0009437,2025-08-07T02:21:00,online,,C02420,,cod,479051.37
T0009439,2025-08-26T20:16:00,online,,C00920,,cod,231932.98
T0009441,2025-08-28T06:52:00,online,,C01597,,wallet,6253.61
T0009442,2025-08-12T14:50:00,online,,C00787,,wallet,271773.05
T0009444,2025-08-03T12:36:00,online,,C01946,,wallet,199768.85
T0009446,2025-08-13T01:15:00,online,,C00206,,card,45453.59
T0009448,2025-08-25T13:53:00,online,,C02237,,card,17875.53
T0009449,2025-08-11T03:28:00,online,,C00243,,cod,231220.06
T0009451,2025-08-14T04:11:00,online,,C00554,,card,3696.9799999999996
T0009452,2025-08-30T08:34:00,online,,C00378,,card,62400.5
T0009453,2025-08-04T08:12:00,online,,C00209,,wallet,28110.86
T0009454,2025-08-07T13:19:00,online,,C01414,,card,285473.26
T0009456,2025-08-19T10:39:00,online,,C01980,,card,14813.560000000001
T0009458,2025-08-27T19:41:00,online,,C00687,,card,215951.29
T0009459,2025-08-10T15:37:00,online,,C00841,,card,4338.01
T0009460,2025-08-15T08:31:00,online,,C01717,,card,74668.36
T0009461,2025-08-10T15:09:00,online,,C01970,,cod,42959.69
T0009463,2025-08-21T06:02:00,online,,C01245,,wallet,36813.520000000004
T0009464,2025-08-12T07:17:00,online,,C01415,,cod,39093.700000000004
T0009465,2025-08-11T14:07:00,online,,C01134,,card,23355.09
T0009467,2025-08-28T18:48:00,online,,C00225,,wallet,17928.79
T0009469,2025-08-16T02:56:00,online,,C00993,,card,58507.17
T0009470,2025-08-19T23:46:00,online,,C02104,,cod,9059.43
T0009471,2025-08-22T08:05:00,online,,C02334,,wallet,94008.95000000001
T0009472,2025-08-06T14:41:00,store,S003,C00097,P0017,cash,58200.07
T0009474,2025-08-17T06:14:00,store,S001,C00487,P0015,card,8355.8
T0009476,2025-08-20T04:36:00,store,S003,C01633,P0017,card,40202.07
T0009479,2025-08-15T21:45:00,store,S001,C01415,P0006,card,7364.73
T0009480,2025-08-01T00:09:00,store,S005,C02337,P0025,card,237326.44
T0009481,2025-08-31T09:55:00,store,S004,C00655,P0005,card,6854.11
T0009482,2025-08-21T16:11:00,store,S006,C02089,P0011,cash,8145.76
T0009483,2025-08-26T13:25:00,store,S005,C01906,P0012,cash,14245.97
T0009484,2025-08-15T20:33:00,store,S006,C00910,P0011,cash,88065.25
T0009485,2025-08-17T19:17:00,store,S006,C00854,P0003,cash,44426.36
T0009486,2025-08-02T23:54:00,store,S002,C01296,P0007,card,30213.07
T0009487,2025-08-27T12:09:00,store,S003,C01309,P0019,card,39043.55
T0009488,2025-08-14T04:15:00,store,S006,C00100,P0003,card,246731.06999999998
T0009489,2025-08-28T01:17:00,store,S003,C00512,P0019,cash,21870.69
T0009490,2025-08-12T02:20:00,store,S002,C00200,P0007,card,251394.23
T0009491,2025-08-04T15:03:00,store,S002,C02063,P0018,cash,16707.21
T0009495,2025-08-17T12:35:00,store,S002,C00515,P0013,card,22785.85
T0009498,2025-08-30T00:16:00,store,S004,C00786,P0026,card,18974.4
T0009499,2025-08-14T21:21:00,store,S004,C02304,P0005,card,15354.59
T0009501,2025-08-27T06:47:00,store,S002,C01564,P0010,card,35794.19
T0009503,2025-08-24T22:22:00,store,S004,C01238,P0026,cash,61602.76
T0009506,2025-08-05T02:48:00,store,S005,C00053,P0012,cash,139917.69999999998
T0009508,2025-08-15T21:55:00,store,S006,C00421,P0011,cash,7107.51
T0009510,2025-08-26T18:45:00,store,S005,C00985,P0025,cash,30622.38
T0009512,2025-08-31T14:26:00,store,S005,C01721,P0025,card,10409.2
T0009513,2025-08-21T04:43:00,store,S003,C01680,P0017,cash,29037.9
T0009514,2025-08-30T17:14:00,store,S006,C00589,P0016,cash,14572.960000000001
T0009515,2025-08-29T12:39:00,store,S001,C01061,P0009,card,47616.71
T0009516,2025-08-25T04:45:00,store,S001,C01352,P0002,cash,45183.83
T0009518,2025-08-01T19:10:00,store,S006,C00836,P0011,card,41013.73
T0009521,2025-08-21T23:10:00,store,S001,C02247,P0002,card,238792.18
T0009523,2025-08-14T20:36:00,store,S001,C00317,P0009,cash,12687.47
T0009524,2025-08-28T05:21:00,store,S004,C00922,P0005,card,255470.12
T0009526,2025-08-10T23:33:00,store,S005,C00832,P0025,cash,305057.28
T0009527,2025-08-26T11:10:00,store,S004,C00377,P0005,cash,66939.35
T0009528,2025-08-21T04:41:00,store,S001,C01868,P0002,cash,275911.58999999997
T0009530,2025-08-04T12:54:00,store,S002,C02136,P0001,cash,40045.97
T0009531,2025-08-23T07:45:00,store,S005,C02157,P0025,cash,379539.08
T0009532,2025-08-22T08:47:00,store,S004,C01191,P0005,cash,8434.23
T0009533,2025-08-04T01:57:00,store,S002,C01481,P0018,cash,206167.31
T0009534,2025-08-13T21:52:00,store,S004,C01230,P0026,cash,38471.83
T0009535,2025-08-19T17:09:00,store,S001,C00181,P0004,card,11571.54
T0009536,2025-08-14T16:36:00,store,S004,C02276,P0005,cash,6348.21
T0009537,2025-08-07T02:01:00,store,S001,C01561,P0021,card,125021.28
T0009538,2025-08-18T14:55:00,store,S003,C02254,P0022,card,3268.64
T0009539,2025-08-05T07:02:00,store,S002,C00149,P0007,cash,15545.49
T0009542,2025-08-29T01:07:00,store,S001,C00786,P0021,card,213779.52
T0009543,2025-08-15T01:33:00,store,S004,C01476,P0005,cash,6567.48
T0009544,2025-08-27T13:08:00,store,S001,C01567,P0004,card,43101.1
T0009545,2025-08-26T16:58:00,store,S002,C01700,P0010,cash,5087.72
T0009546,2025-08-27T23:22:00,store,S004,C02273,P0005,cash,381389.01
T0009547,2025-08-29T08:06:00,store,S006,C01486,P0003,cash,6938.35
T0009549,2025-08-12T04:43:00,store,S002,C00326,P0013,cash,23391.489999999998
T0009550,2025-08-15T09:10:00,store,S003,C01406,P0019,card,31337.4
T0009552,2025-08-10T03:24:00,store,S006,C00543,P0024,cash,27837.41
T0009553,2025-08-31T20:58:00,store,S001,C00590,P0004,cash,23705.86
T0009554,2025-08-13T23:51:00,store,S001,C02234,P0020,cash,23802.66
T0009555,2025-08-19T03:21:00,store,S004,C00035,P0005,cash,8803.41
T0009559,2025-08-02T16:26:00,store,S001,C02123,P0020,cash,26762.960000000003
T0009560,2025-08-25T01:03:00,store,S001,C01526,P0006,card,10314.14
T0009563,2025-08-26T02:58:00,store,S002,C00415,P0018,cash,223937.26
T0009564,2025-08-22T17:45:00,store,S001,C01002,P0004,card,8134.58
T0009565,2025-08-21T07:42:00,store,S004,C00553,P0026,card,202605.55
T0009566,2025-08-27T21:18:00,store,S006,C02088,P0024,cash,5104.77
T0009567,2025-08-08T13:21:00,store,S006,C00907,P0016,cash,24126.11
T0009568,2025-08-14T05:47:00,store,S004,C02485,P0026,card,11348.92
T0009569,2025-08-21T16:03:00,store,S006,C00451,P0024,cash,4988.58
T0009571,2025-08-04T10:15:00,store,S004,C01780,P0026,cash,179060.4
T0009572,2025-08-05T23:35:00,store,S004,C00068,P0026,cash,212262.61
T0009573,2025-08-11T01:11:00,store,S005,C01351,P0014,card,10827.38
T0009574,2025-08-08T02:36:00,store,S005,C02147,P0025,card,19006.61
T0009575,2025-08-28T04:41:00,store,S001,C02216,P0009,cash,24845.18
T0009576,2025-08-21T22:35:00,store,S003,C02470,P0022,card,11268.89
T0009578,2025-08-23T05:14:00,store,S006,C01020,P0024,card,17687.95
T0009579,2025-08-08T04:40:00,store,S004,C01748,P0026,cash,3864.51
T0009582,2025-08-25T00:24:00,store,S001,C02030,P0015,cash,18772.84
T0009583,2025-08-31T03:41:00,store,S001,C02009,P0020,card,3491.22
T0009584,2025-08-08T09:43:00,store,S004,C01412,P0005,card,20437.81
T0009585,2025-08-02T12:47:00,store,S001,C02208,P0006,cash,6906.05
T0009586,2025-08-08T07:42:00,store,S001,C00872,P0004,cash,268958.63999999996
T0009587,2025-08-27T05:05:00,store,S002,C01896,P0018,cash,405046.65
T0009590,2025-08-21T06:27:00,store,S001,C00488,P0015,card,42262.34
T0009591,2025-08-25T18:29:00,store,S001,C00354,P0021,cash,89083.13
T0009593,2025-08-16T01:08:00,store,S005,C01758,P0012,card,47281.25
T0009594,2025-08-26T16:09:00,store,S004,C00663,P0026,cash,12596.98
T0009595,2025-08-06T20:42:00,store,S004,C02329,P0026,card,128090.48000000001
T0009596,2025-08-06T11:37:00,store,S003,C00738,P0019,cash,24705.08
T0009598,2025-08-07T17:40:00,store,S001,C01896,P0015,cash,6963.58
T0009599,2025-08-26T22:49:00,store,S006,C00768,P0024,card,46984.35
T0009600,2025-08-30T05:20:00,store,S001,C01269,P0020,card,470652.73
T0009602,2025-08-29T05:15:00,store,S006,C00100,P0011,cash,56699.93
T0009603,2025-08-18T09:50:00,store,S004,C00752,P0005,cash,86294.56999999999
T0009604,2025-08-10T20:24:00,store,S004,C02402,P0026,cash,7417.3099999999995
T0009605,2025-08-17T05:32:00,store,S002,C01696,P0018,card,17352.510000000002
T0009606,2025-08-28T12:45:00,store,S001,C01075,P0004,card,32885.74
T0009607,2025-08-14T10:46:00,store,S002,C00828,P0010,card,1802.99
T0009608,2025-08-25T06:40:00,store,S001,C00013,P0009,cash,47809.78
T0009609,2025-08-27T18:37:00,store,S005,C02310,P0008,cash,4185.74
T0009610,2025-08-20T17:47:00,store,S001,C00398,P0015,card,9171.92
T0009612,2025-08-29T17:55:00,store,S004,C01256,P0026,card,211491.01
T0009613,2025-08-09T02:06:00,store,S005,C01463,P0014,cash,12708.65
T0009614,2025-08-27T03:09:00,store,S006,C00785,P0016,card,76961.48
T0009616,2025-08-28T00:20:00,store,S003,C00370,P0017,cash,1481.84
T0009617,2025-08-30T08:23:00,store,S004,C01012,P0005,cash,223991.16999999998
T0009618,2025-08-12T10:39:00,store,S005,C00527,P0012,cash,26894.25
T0009619,2025-08-31T21:14:00,store,S003,C00846,P0019,cash,2155.94
T0009620,2025-08-11T08:45:00,store,S001,C00544,P0020,card,64062.29
T0009621,2025-08-31T19:56:00,store,S006,C00363,P0016,card,20061.25
T0009622,2025-08-20T11:47:00,store,S004,C00582,P0026,card,8646.41
T0009623,2025-08-03T05:38:00,store,S001,C00098,P0020,cash,339852.27
T0009624,2025-08-05T07:43:00,store,S004,C01228,P0005,card,9315.52
T0009625,2025-08-02T14:26:00,store,S001,C01426,P0009,card,3373.99
T0009626,2025-08-01T02:10:00,store,S004,C02353,P0026,cash,67079.03
T0009627,2025-08-22T17:30:00,store,S006,C01026,P0011,card,5650.07
T0009628,2025-08-25T04:01:00,store,S001,C02176,P0009,card,32481.350000000002
T0009629,2025-08-18T09:17:00,store,S005,C00994,P0025,cash,18460.92
T0009630,2025-08-01T17:25:00,store,S006,C01289,P0024,cash,4629.32
T0009631,2025-08-01T11:27:00,store,S002,C00469,P0013,card,4732.84
T0009633,2025-08-07T01:36:00,store,S002,C01553,P0001,cash,6712.59
T0009635,2025-08-09T05:13:00,store,S006,C00031,P0003,card,25381.25
T0009636,2025-08-28T06:41:00,store,S006,C01481,P0003,card,4835.87
T0009637,2025-08-02T00:15:00,store,S005,C02245,P0014,cash,4425.86
T0009639,2025-08-31T10:52:00,store,S005,C01776,P0008,cash,10072.26
T0009640,2025-08-24T23:36:00,store,S002,C00828,P0001,card,12691.4
T0009641,2025-08-30T21:52:00,store,S005,C00551,P0025,card,13641.560000000001
T0009643,2025-08-27T08:16:00,store,S004,C02004,P0005,cash,12033.0
T0009644,2025-08-01T05:02:00,store,S005,C00603,P0025,cash,19152.44
T0009645,2025-08-14T00:12:00,store,S006,C01795,P0003,card,29541.12
T0009647,2025-08-20T12:12:00,store,S004,C00211,P0005,card,22279.64
T0009648,2025-08-20T07:59:00,store,S005,C00372,P0008,cash,20824.56
T0009649,2025-08-19T09:55:00,store,S005,C00093,P0012,card,253605.68
T0009653,2025-08-27T14:01:00,store,S001,C01976,P0002,cash,6968.0599999999995
T0009654,2025-08-26T07:46:00,store,S004,C02331,P0005,cash,26732.27
T0009657,2025-08-11T03:52:00,store,S001,C01826,P0009,card,7689.51
T0009658,2025-08-22T03:30:00,store,S004,C02178,P0026,cash,7267.5
T0009660,2025-08-17T15:59:00,store,S005,C01466,P0025,card,207525.44999999998
T0009661,2025-08-28T11:00:00,store,S002,C00455,P0013,card,24869.190000000002
T0009662,2025-08-30T23:26:00,store,S005,C02269,P0025,cash,43437.38
T0009664,2025-08-13T00:51:00,store,S005,C00066,P0025,card,239265.42
T0009665,2025-08-05T23:49:00,store,S001,C00713,P0021,cash,11589.77
T0009666,2025-08-24T08:15:00,store,S006,C01547,P0024,card,288834.96
T0009667,2025-08-09T03:15:00,store,S005,C01428,P0012,cash,149757.58000000002
T0009669,2025-08-09T19:00:00,store,S005,C01860,P0014,card,33182.78
T0009670,2025-08-13T13:30:00,store,S002,C01756,P0010,card,15332.07
T0009672,2025-08-03T18:17:00,store,S001,C00194,P0021,cash,41890.05
T0009673,2025-08-04T23:36:00,store,S005,C00670,P0008,card,6902.04
T0009674,2025-08-11T04:33:00,store,S005,C01708,P0012,card,7617.38
T0009675,2025-08-08T14:53:00,store,S004,C01678,P0005,card,140017.43000000002
T0009676,2025-08-26T00:22:00,store,S005,C01726,P0025,cash,14956.689999999999
T0009677,2025-08-31T00:27:00,store,S005,C00613,P0008,cash,2339.69
T0009678,2025-08-31T17:54:00,store,S005,C02087,P0008,card,182484.61
T0009680,2025-08-13T06:10:00,store,S004,C01018,P0005,cash,13387.02
T0009681,2025-08-19T03:11:00,store,S003,C01510,P0017,cash,58466.240000000005
T0009682,2025-08-08T07:43:00,store,S005,C00996,P0025,cash,241802.37
T0009683,2025-08-02T00:17:00,store,S006,C00878,P0003,cash,70991.72
T0009684,2025-08-01T22:26:00,store,S004,C00419,P0026,cash,182503.4
T0009685,2025-08-25T16:18:00,store,S002,C01021,P0013,cash,5971.1
T0009689,2025-08-28T05:17:00,store,S003,C00997,P0023,cash,82749.8
T0009690,2025-08-07T22:09:00,store,S005,C00527,P0025,cash,18990.42
T0009691,2025-08-11T22:17:00,store,S006,C02198,P0016,cash,8956.59
T0009692,2025-08-31T16:15:00,store,S002,C01522,P0013,cash,56367.990000000005
T0009694,2025-08-04T10:12:00,store,S004,C00478,P0005,cash,11385.36
T0009695,2025-08-22T05:49:00,store,S003,C01069,P0019,cash,30376.26
T0009696,2025-08-12T14:22:00,store,S006,C01466,P0011,card,366497.17
T0009697,2025-08-09T02:29:00,store,S006,C01255,P0024,cash,8567.6
T0009698,2025-08-26T12:06:00,store,S004,C01948,P0005,card,28617.739999999998
T0009699,2025-08-04T23:58:00,store,S003,C00665,P0023,card,7297.5599999999995
T0009700,2025-08-30T02:31:00,store,S005,C00762,P0012,cash,22624.690000000002
T0009702,2025-08-07T11:13:00,store,S002,C01738,P0001,cash,381139.25999999995
T0009704,2025-08-18T19:13:00,store,S004,C02007,P0005,cash,4011.93
T0009705,2025-08-16T04:18:00,store,S002,C01390,P0007,cash,3084.57
T0009706,2025-08-05T12:10:00,store,S001,C01187,P0004,card,127268.34
T0009707,2025-08-06T20:05:00,store,S006,C01140,P0016,cash,21232.43
T0009708,2025-08-05T02:23:00,store,S001,C01580,P0015,cash,38131.11
T0009710,2025-08-09T11:59:00,store,S004,C00215,P0005,card,34427.56
T0009712,2025-08-07T10:17:00,store,S002,C02071,P0007,cash,327411.33
T0009713,2025-08-01T02:40:00,store,S004,C01812,P0005,card,17428.87
T0009714,2025-08-26T09:47:00,store,S001,C01427,P0015,cash,24962.24
T0009717,2025-08-18T10:53:00,store,S005,C01654,P0012,cash,77930.67
T0009718,2025-08-18T21:54:00,store,S001,C01761,P0004,cash,221574.21000000002
T0009719,2025-08-05T08:40:00,store,S005,C01114,P0012,card,5798.57
T0009721,2025-08-09T18:12:00,store,S004,C00826,P0005,card,23719.32
T0009723,2025-08-03T13:09:00,store,S006,C01009,P0024,card,6507.01
T0009724,2025-08-05T07:34:00,store,S001,C00756,P0015,card,70673.33
T0009725,2025-08-27T09:57:00,store,S003,C00585,P0023,card,25672.64
T0009726,2025-08-29T00:44:00,store,S006,C01473,P0016,cash,12478.189999999999
T0009727,2025-08-15T20:50:00,store,S004,C00717,P0026,cash,6770.13
T0009728,2025-08-13T16:06:00,store,S005,C02403,P0012,cash,10882.52
T0009729,2025-08-08T21:45:00,store,S001,C00304,P0020,cash,254089.89
T0009730,2025-08-30T04:08:00,store,S006,C01964,P0003,card,13846.3
T0009731,2025-08-06T15:43:00,store,S004,C00439,P0026,card,38431.18
T0009732,2025-08-27T23:14:00,store,S005,C01367,P0025,cash,30220.93
T0009734,2025-08-22T19:53:00,store,S005,C01054,P0014,cash,92858.54999999999
T0009735,2025-08-21T01:37:00,store,S001,C02413,P0015,card,185147.97
T0009736,2025-08-06T22:43:00,store,S006,C00538,P0016,card,2753.43
T0009737,2025-08-24T02:11:00,store,S006,C01839,P0016,cash,23764.989999999998
T0009738,2025-08-07T08:35:00,store,S002,C01240,P0013,cash,4815.93
T0009741,2025-08-27T04:41:00,store,S005,C00928,P0014,cash,162148.78
T0009742,2025-08-25T00:40:00,store,S004,C00853,P0005,cash,191183.80000000002
T0009743,2025-08-25T23:37:00,store,S001,C02156,P0009,cash,95493.24
T0009744,2025-08-23T16:56:00,store,S002,C00192,P0010,cash,89068.0
T0009746,2025-08-28T21:58:00,store,S001,C00581,P0015,card,14815.7
T0009747,2025-08-23T11:31:00,store,S001,C00447,P0015,card,39976.16
T0009748,2025-08-29T01:28:00,store,S001,C02370,P0020,card,9564.13
T0009750,2025-08-05T13:22:00,store,S002,C01392,P0001,cash,12155.07
T0009751,2025-08-09T16:53:00,store,S003,C02185,P0017,card,77733.45
T0009752,2025-08-24T06:52:00,store,S005,C00415,P0014,cash,266428.67
T0009754,2025-08-23T19:34:00,store,S004,C00641,P0005,cash,48557.5
T0009755,2025-08-08T23:34:00,store,S003,C02107,P0022,cash,11811.65
T0009756,2025-08-12T02:20:00,store,S004,C00885,P0026,cash,2524.34
T0009757,2025-08-16T08:21:00,store,S006,C00854,P0024,cash,23722.55
T0009758,2025-08-08T13:30:00,store,S005,C00503,P0008,cash,14286.39
T0009759,2025-08-14T07:53:00,store,S003,C01755,P0019,card,4984.65
T0009762,2025-08-03T23:15:00,store,S005,C01616,P0025,cash,36712.73
T0009764,2025-08-28T12:57:00,store,S004,C02149,P0005,card,13992.23
T0009768,2025-08-22T17:09:00,store,S005,C00714,P0012,card,8433.67
T0009771,2025-08-24T07:45:00,store,S005,C01361,P0014,cash,36488.41
T0009773,2025-08-27T13:57:00,store,S004,C01307,P0005,card,3738.95
T0009774,2025-08-10T03:51:00,store,S005,C00921,P0008,card,253074.76
T0009775,2025-08-03T11:42:00,store,S003,C01087,P0019,card,22462.44
T0009776,2025-08-24T20:56:00,store,S005,C02420,P0014,card,26159.58
T0009779,2025-08-12T08:24:00,store,S002,C00234,P0010,card,16471.65
T0009781,2025-08-10T04:20:00,store,S001,C01141,P0021,cash,9894.46
T0009782,2025-08-14T22:02:00,store,S002,C00937,P0018,cash,5860.29
T0009783,2025-08-07T13:26:00,store,S005,C00080,P0014,cash,27192.78
T0009786,2025-08-07T13:15:00,store,S005,C01391,P0025,card,4968.6
T0009788,2025-08-03T13:56:00,store,S005,C01182,P0008,card,33204.36
T0009791,2025-08-18T02:16:00,store,S006,C01684,P0024,card,24950.25
T0009792,2025-08-09T18:15:00,store,S001,C02333,P0015,cash,11570.060000000001
T0009793,2025-08-17T03:17:00,store,S004,C00142,P0005,cash,25020.57
T0009797,2025-08-14T02:33:00,store,S005,C00481,P0012,card,213978.28
T0009798,2025-08-21T21:02:00,store,S006,C00311,P0016,cash,26894.949999999997
T0009799,2025-08-18T11:12:00,store,S003,C02198,P0017,cash,133897.74000000002
T0009800,2025-08-08T22:24:00,store,S005,C01902,P0012,cash,31511.2
T0009801,2025-08-11T00:37:00,store,S005,C01199,P0025,cash,258831.05
T0009802,2025-08-03T16:45:00,store,S006,C01437,P0016,cash,10674.07
T0009804,2025-08-14T11:09:00,store,S001,C01968,P0009,cash,12350.55
T0009805,2025-08-14T14:28:00,store,S001,C00969,P0006,card,131666.42
T0009807,2025-08-02T03:49:00,store,S001,C00193,P0021,card,40652.11
T0009808,2025-08-13T15:16:00,store,S004,C00933,P0026,cash,11455.3
T0009809,2025-08-20T06:13:00,store,S006,C01047,P0024,card,43918.46000000001
T0009810,2025-08-12T10:15:00,store,S005,C01528,P0012,cash,10557.36
T0009811,2025-08-11T06:32:00,store,S006,C00563,P0003,card,40368.0
T0009812,2025-08-10T20:40:00,store,S006,C00909,P0024,cash,4932.09
T0009813,2025-08-07T21:41:00,store,S003,C00581,P0019,cash,20307.54
T0009814,2025-08-14T08:29:00,store,S002,C01131,P0010,card,69114.70999999999
T0009815,2025-08-04T20:14:00,store,S001,C02447,P0002,card,12146.29
T0009816,2025-08-16T23:53:00,store,S006,C01443,P0016,card,8333.31
T0009819,2025-08-01T23:40:00,store,S001,C00864,P0009,card,24152.879999999997
T0009820,2025-08-20T20:55:00,store,S005,C01886,P0025,card,268575.26
T0009821,2025-08-07T01:10:00,store,S002,C00857,P0010,card,208108.55000000002
T0009823,2025-08-30T14:47:00,store,S004,C01051,P0026,cash,3997.21
T0009825,2025-08-07T09:06:00,store,S004,C00709,P0005,cash,45299.950000000004
T0009826,2025-08-19T22:44:00,store,S002,C01954,P0001,card,10120.53
T0009827,2025-08-06T17:28:00,store,S001,C01999,P0021,cash,39473.92
T0009831,2025-08-03T05:02:00,store,S004,C01990,P0005,cash,15698.189999999999
T0009835,2025-08-22T13:35:00,store,S004,C00796,P0005,card,51886.16
T0009836,2025-08-20T12:55:00,store,S005,C00296,P0008,card,1692.41
T0009838,2025-08-10T15:14:00,store,S003,C00212,P0023,card,51021.560000000005
T0009839,2025-08-15T09:16:00,store,S001,C01698,P0015,card,196138.52
T0009840,2025-08-05T16:28:00,store,S001,C01623,P0020,card,24250.190000000002
T0009841,2025-08-30T06:43:00,store,S003,C00589,P0019,card,14118.95
T0009842,2025-08-24T02:32:00,store,S005,C01111,P0025,cash,91618.29000000001
T0009843,2025-08-15T11:01:00,store,S006,C01460,P0011,card,3526.65
T0009844,2025-08-01T14:49:00,store,S006,C00092,P0011,cash,101350.87
T0009845,2025-08-10T03:15:00,store,S002,C01269,P0013,cash,6492.73
T0009846,2025-08-22T22:20:00,store,S002,C00863,P0001,cash,96337.3
T0009847,2025-08-28T06:45:00,store,S005,C01230,P0008,card,6439.05
T0009849,2025-08-08T12:32:00,store,S002,C02306,P0013,card,23139.43
T0009850,2025-08-06T00:34:00,store,S006,C00733,P0003,card,203459.41
T0009851,2025-08-11T13:14:00,store,S006,C01025,P0024,cash,2025.27
T0009852,2025-08-21T09:22:00,store,S006,C00679,P0011,card,55335.310000000005
T0009854,2025-08-05T18:23:00,store,S004,C02163,P0026,cash,2886.56
T0009855,2025-08-06T08:10:00,store,S004,C01948,P0026,cash,9136.95
T0009856,2025-08-01T14:12:00,store,S003,C00524,P0023,card,6759.959999999999
T0009857,2025-08-27T08:21:00,store,S001,C01089,P0020,card,206430.80000000002
T0009858,2025-08-16T21:24:00,store,S001,C01308,P0015,card,3043.87
T0009859,2025-08-01T07:13:00,store,S005,C01684,P0014,cash,26199.230000000003
T0009860,2025-08-15T23:53:00,store,S003,C01921,P0023,cash,9944.52
T0009862,2025-08-31T06:46:00,store,S005,C01884,P0025,cash,1518.11
T0009863,2025-08-05T21:23:00,store,S004,C00375,P0005,cash,30864.0
T0009864,2025-08-31T16:09:00,store,S004,C00209,P0005,cash,47096.5
T0009865,2025-08-04T16:47:00,store,S003,C00994,P0023,card,28214.31
T0009868,2025-08-11T03:35:00,store,S003,C01304,P0023,cash,2175.74
T0009869,2025-08-11T02:52:00,store,S006,C00039,P0016,card,29261.39
T0009870,2025-08-08T04:10:00,store,S002,C00827,P0010,cash,8754.18
T0009871,2025-08-04T18:34:00,store,S004,C00648,P0026,card,182382.18
T0009872,2025-08-29T05:11:00,store,S006,C02305,P0003,card,6309.52
T0009876,2025-08-13T17:55:00,store,S001,C01082,P0004,card,9802.79
T0009877,2025-08-05T17:46:00,store,S005,C00774,P0008,card,5921.74
T0009878,2025-08-28T23:13:00,store,S001,C00752,P0004,cash,2342.94
T0009879,2025-08-06T12:07:00,store,S003,C00025,P0022,card,426742.49
T0009881,2025-08-11T22:30:00,store,S004,C00813,P0005,cash,6274.92
T0009882,2025-08-28T04:41:00,store,S001,C02426,P0020,card,2190.59
T0009884,2025-08-04T16:08:00,store,S001,C00881,P0015,card,22188.68
T0009887,2025-08-29T07:58:00,store,S006,C00172,P0003,card,2873.3199999999997
T0009888,2025-08-01T00:53:00,store,S005,C02097,P0008,card,30382.71
T0009892,2025-08-16T18:31:00,store,S001,C00492,P0009,card,37020.33
T0009893,2025-08-14T15:10:00,store,S006,C00503,P0024,card,10652.27
T0009894,2025-08-26T11:12:00,store,S003,C00424,P0019,card,14945.41
T0009895,2025-08-11T01:53:00,store,S002,C00845,P0018,card,1821.39
T0009896,2025-08-03T23:36:00,store,S005,C00974,P0008,card,10770.57
T0009897,2025-08-03T08:38:00,store,S005,C00645,P0012,cash,3218.9300000000003
T0009898,2025-08-16T07:53:00,store,S005,C00977,P0012,cash,41240.15
T0009899,2025-08-07T12:07:00,store,S005,C01622,P0014,cash,6191.39
T0009900,2025-08-14T13:38:00,store,S005,C02004,P0025,card,16082.77
T0009902,2025-08-03T15:14:00,store,S004,C01995,P0005,cash,7086.32
T0009903,2025-08-23T01:01:00,store,S006,C02219,P0016,card,4041.53
T0009905,2025-08-07T19:46:00,store,S003,C01978,P0023,card,13804.65
T0009907,2025-08-11T16:36:00,store,S002,C00036,P0013,card,8207.24
T0009910,2025-08-14T13:18:00,store,S005,C01344,P0025,card,24094.48
T0009911,2025-08-10T09:26:00,store,S001,C01414,P0021,cash,10324.14
T0009913,2025-08-21T16:59:00,store,S002,C01827,P0018,card,12395.2
T0009914,2025-08-07T14:47:00,store,S002,C00120,P0001,card,4647.95
T0009919,2025-08-05T05:11:00,store,S001,C01627,P0021,card,23811.91
T0009920,2025-08-19T13:27:00,store,S004,C02471,P0005,cash,5926.9400000000005
T0009921,2025-08-28T16:21:00,store,S006,C01152,P0024,cash,17746.92
T0009922,2025-08-18T19:26:00,store,S006,C01627,P0003,cash,8694.77
T0009923,2025-08-27T08:18:00,store,S005,C01002,P0008,card,199323.69
T0009924,2025-08-04T04:23:00,store,S003,C00563,P0017,card,12203.84
T0009925,2025-08-18T03:30:00,store,S005,C01238,P0014,cash,147931.58
T0009927,2025-08-08T20:18:00,store,S005,C00550,P0014,cash,20942.09
T0009928,2025-08-15T05:14:00,store,S001,C01826,P0002,card,20279.489999999998
T0009929,2025-08-19T21:47:00,store,S002,C02290,P0010,cash,270344.23
T0009930,2025-08-12T11:21:00,store,S002,C00677,P0010,card,9170.4
T0009931,2025-08-30T00:31:00,store,S005,C00525,P0014,card,22143.27
T0009932,2025-08-07T16:55:00,store,S006,C02052,P0011,cash,14019.33
T0009933,2025-08-18T08:27:00,store,S005,C01797,P0008,card,5504.54
T0009934,2025-08-11T17:03:00,store,S003,C00571,P0017,card,25897.2
T0009935,2025-08-06T04:39:00,store,S004,C00701,P0005,card,100574.45
T0009936,2025-08-17T17:37:00,store,S004,C00200,P0026,card,7768.08
T0009937,2025-08-21T04:16:00,store,S004,C01340,P0026,card,15077.470000000001
T0009938,2025-08-07T19:45:00,store,S004,C01712,P0026,cash,79159.81999999999
T0009939,2025-08-01T02:50:00,store,S003,C00794,P0023,card,13242.31
T0009940,2025-08-23T13:53:00,store,S002,C01542,P0010,card,18525.199999999997
T0009941,2025-08-18T01:00:00,store,S005,C01067,P0025,card,6217.15
T0009942,2025-08-18T10:44:00,store,S004,C00054,P0026,cash,46551.86
T0009943,2025-08-25T17:06:00,store,S004,C01872,P0005,cash,19472.39
T0009944,2025-08-08T04:55:00,store,S002,C02021,P0007,card,191911.26
T0009945,2025-08-07T10:14:00,store,S004,C00291,P0005,card,14895.02
T0009947,2025-08-20T21:12:00,store,S004,C00710,P0026,card,8050.19
T0009948,2025-08-19T23:40:00,store,S006,C02074,P0016,cash,6279.17
T0009949,2025-08-26T22:17:00,store,S004,C01674,P0026,card,4034.14
T0009951,2025-08-04T07:10:00,store,S006,C00407,P0011,card,12027.15
T0009953,2025-08-27T09:10:00,store,S005,C01030,P0008,card,21381.05
T0009954,2025-08-01T11:40:00,store,S003,C01267,P0019,card,226873.43
T0009955,2025-08-13T04:59:00,store,S006,C00329,P0003,cash,28714.99
T0009956,2025-08-13T00:30:00,store,S005,C02245,P0014,card,182498.65
T0009958,2025-08-28T21:08:00,store,S001,C01707,P0021,cash,8095.13
T0009961,2025-08-12T11:18:00,store,S004,C01753,P0026,card,11483.59
T0009962,2025-08-01T03:37:00,store,S004,C02466,P0005,card,15128.4
T0009963,2025-08-10T20:38:00,store,S006,C01706,P0016,cash,35389.97
T0009964,2025-08-03T16:52:00,store,S006,C02203,P0011,card,23043.25
T0009965,2025-08-11T21:02:00,store,S001,C01981,P0004,cash,239743.55
T0009966,2025-08-15T07:23:00,store,S006,C00320,P0016,cash,4429.42
T0009967,2025-08-24T23:51:00,store,S004,C00537,P0026,cash,18513.12
T0009968,2025-08-04T11:08:00,store,S003,C00082,P0023,cash,66056.04000000001
T0009969,2025-08-25T04:08:00,store,S005,C00420,P0014,cash,87438.9
T0009970,2025-08-08T20:15:00,store,S004,C02130,P0005,card,144174.36000000002
T0009971,2025-08-29T06:32:00,store,S001,C01623,P0020,cash,6199.08
T0009972,2025-08-19T14:43:00,store,S005,C00945,P0012,cash,8906.2
T0009973,2025-08-06T01:09:00,store,S001,C00449,P0004,cash,7672.41
T0009975,2025-08-13T19:32:00,store,S005,C00900,P0014,cash,32301.97
T0009976,2025-08-31T03:03:00,store,S005,C01981,P0012,card,23317.510000000002
T0009977,2025-08-12T12:55:00,store,S006,C02098,P0003,card,6739.38
T0009979,2025-08-08T15:42:00,store,S005,C00963,P0008,cash,3704.88
T0009980,2025-08-12T00:11:00,store,S005,C00054,P0008,card,100508.74
T0009981,2025-08-14T12:43:00,store,S002,C00551,P0007,card,15371.05
T0009982,2025-08-27T14:44:00,store,S006,C01498,P0003,cash,65503.81
T0009983,2025-08-06T03:32:00,store,S005,C02211,P0025,card,27794.14
T0009984,2025-08-24T08:38:00,store,S005,C01271,P0025,card,18250.93
T0009986,2025-08-31T03:43:00,store,S004,C01432,P0005,card,9630.23
T0009988,2025-08-05T01:16:00,store,S005,C02142,P0025,cash,312916.8
T0009989,2025-08-03T20:24:00,store,S006,C00922,P0003,cash,25690.25
T0009991,2025-08-18T21:06:00,store,S005,C00417,P0012,card,6812.620000000001
T0009993,2025-08-23T07:27:00,store,S002,C00492,P0018,cash,26821.08
T0009994,2025-08-10T08:37:00,store,S003,C00156,P0017,card,20686.14
T0009995,2025-08-12T12:24:00,store,S003,C00563,P0019,cash,3254.13
T0009996,2025-08-07T10:40:00,store,S004,C01571,P0005,card,8256.189999999999
T0009998,2025-08-31T07:31:00,store,S006,C02286,P0011,card,8612.05
T0010000,2025-08-31T03:24:00,store,S002,C02445,P0010,card,20347.949999999997
T0010001,2025-08-11T14:38:00,store,S001,C01785,P0021,card,6155.42
T0010004,2025-08-17T10:17:00,store,S005,C02329,P0012,card,36579.69
T0010006,2025-08-21T12:43:00,store,S001,C00411,P0009,card,253676.38999999998
T0010008,2025-08-16T16:21:00,store,S002,C01051,P0001,cash,8011.1
T0010009,2025-08-22T13:37:00,store,S004,C00045,P0005,card,20571.910000000003
T0010010,2025-08-02T18:44:00,store,S006,C00410,P0011,cash,25783.18
T0010011,2025-08-18T07:00:00,store,S001,C00438,P0015,card,39417.95
T0010013,2025-08-22T21:11:00,store,S005,C01926,P0025,card,252596.14
T0010015,2025-08-27T11:06:00,store,S006,C00024,P0011,card,32395.399999999998
T0010018,2025-08-07T08:54:00,store,S005,C01701,P0025,cash,77516.84
T0010019,2025-08-15T15:25:00,store,S004,C01472,P0026,card,9038.45
T0010021,2025-08-16T10:06:00,store,S005,C01398,P0012,cash,15602.330000000002
T0010022,2025-08-17T21:00:00,store,S001,C00126,P0004,cash,3010.53
T0010023,2025-08-28T06:33:00,store,S001,C01974,P0020,cash,38397.08
T0010024,2025-08-04T17:59:00,store,S001,C00643,P0021,cash,227066.04
T0010025,2025-08-12T15:31:00,store,S005,C01235,P0014,cash,24225.620000000003
T0010026,2025-08-28T21:56:00,store,S005,C01202,P0008,card,16068.64
T0010028,2025-08-13T06:49:00,store,S001,C01662,P0021,cash,23258.94
T0010030,2025-08-09T13:47:00,store,S004,C01332,P0005,cash,7078.59
T0010032,2025-08-09T00:02:00,store,S004,C01788,P0026,card,9100.84
T0010033,2025-08-03T19:02:00,store,S001,C00939,P0015,cash,4636.1
T0010035,2025-08-06T20:36:00,store,S002,C00828,P0007,cash,16645.96
T0010036,2025-08-01T07:37:00,store,S004,C02211,P0005,card,200306.73
T0010037,2025-08-09T07:11:00,store,S005,C00526,P0025,cash,30473.07
T0010039,2025-08-01T23:04:00,store,S006,C02131,P0024,card,210175.96
T0010042,2025-08-29T22:12:00,store,S005,C01493,P0012,cash,333801.3
T0010043,2025-08-10T16:50:00,store,S003,C02066,P0017,card,13905.009999999998
T0010044,2025-08-19T19:35:00,store,S003,C02497,P0017,cash,67221.45
T0010045,2025-08-02T23:30:00,store,S002,C01830,P0007,card,54637.53
T0010046,2025-08-23T14:57:00,store,S006,C01089,P0016,cash,5015.86
T0010047,2025-08-26T11:21:00,store,S001,C02046,P0009,cash,52102.25
T0010051,2025-08-08T08:19:00,store,S002,C00996,P0007,cash,30464.79
T0010052,2025-08-18T22:17:00,store,S004,C02376,P0005,cash,9766.1
T0010053,2025-08-27T08:39:00,store,S001,C01182,P0006,card,14865.43
T0010055,2025-08-05T04:50:00,store,S001,C00330,P0021,card,3664.8
T0010057,2025-08-22T19:08:00,store,S006,C00091,P0016,cash,222340.53
T0010058,2025-08-05T19:15:00,store,S003,C00258,P0023,cash,33631.229999999996
T0010060,2025-08-07T03:36:00,store,S006,C02363,P0011,cash,30620.8
T0010062,2025-08-05T20:00:00,store,S003,C01802,P0023,card,19719.109999999997
T0010063,2025-08-30T14:24:00,store,S001,C01519,P0015,cash,12523.46
T0010064,2025-08-20T03:42:00,store,S005,C00157,P0014,cash,29996.66
T0010065,2025-08-20T23:44:00,store,S002,C02455,P0001,cash,26095.5
T0010066,2025-08-17T11:11:00,store,S003,C02126,P0019,cash,236938.96
T0010067,2025-08-30T08:19:00,store,S006,C00718,P0024,card,75839.29000000001
T0010068,2025-08-17T21:05:00,store,S002,C02445,P0010,card,9977.09
T0010069,2025-08-03T21:07:00,store,S004,C02366,P0005,cash,261881.55
T0010070,2025-08-07T08:41:00,store,S005,C01466,P0025,card,28005.44
T0010072,2025-08-07T08:03:00,store,S002,C00449,P0001,cash,12338.98
T0010073,2025-08-26T00:39:00,store,S006,C01919,P0024,cash,66376.06
T0010074,2025-08-14T12:00:00,store,S003,C01464,P0023,cash,45395.58
T0010075,2025-08-23T00:26:00,store,S001,C00798,P0006,card,58820.18
T0010076,2025-08-03T09:00:00,store,S004,C00520,P0026,cash,21805.94
T0010077,2025-08-05T21:33:00,store,S004,C02122,P0026,cash,4661.75
T0010079,2025-08-13T03:23:00,store,S003,C02200,P0022,cash,5713.22
T0010080,2025-08-23T14:50:00,store,S005,C01191,P0014,card,3542.23
T0010081,2025-08-31T18:03:00,store,S006,C01856,P0016,card,21818.0
T0010083,2025-08-01T18:51:00,store,S006,C01439,P0016,cash,9496.1
T0010084,2025-08-08T19:44:00,store,S001,C01822,P0006,card,240882.06
T0010085,2025-08-09T09:44:00,store,S003,C01587,P0019,card,11749.7
T0010086,2025-08-03T19:26:00,store,S004,C00889,P0026,card,16222.34
T0010087,2025-08-24T07:19:00,store,S005,C00818,P0008,cash,6215.639999999999
T0010088,2025-08-03T12:08:00,store,S002,C01138,P0001,card,258354.08000000002
T0010090,2025-08-15T07:03:00,store,S003,C01846,P0022,cash,12830.84
T0010091,2025-08-29T05:24:00,store,S006,C01331,P0024,cash,10851.27
T0010093,2025-08-29T19:22:00,store,S002,C00499,P0010,card,20723.57
T0010095,2025-08-04T14:13:00,store,S002,C00892,P0010,cash,24228.96
T0010096,2025-08-30T19:58:00,store,S002,C00243,P0007,card,20263.89
T0010098,2025-08-23T21:22:00,store,S001,C02174,P0004,cash,12550.61
T0010099,2025-08-14T06:54:00,store,S004,C01269,P0005,card,62663.19
T0010100,2025-08-23T09:39:00,store,S004,C01138,P0026,card,30750.13
T0010101,2025-08-06T14:21:00,store,S004,C02124,P0005,card,100430.26000000001
T0010104,2025-08-24T19:47:00,store,S001,C00682,P0015,cash,14469.82
T0010105,2025-08-13T22:09:00,store,S004,C00856,P0026,card,33987.55
T0010106,2025-08-11T03:39:00,store,S003,C00659,P0023,card,265135.0
T0010108,2025-08-04T03:41:00,store,S003,C00578,P0019,card,31703.78
T0010109,2025-08-14T11:51:00,store,S005,C00346,P0008,cash,222799.96
T0010110,2025-08-03T08:02:00,store,S003,C01072,P0022,card,248882.75
T0010111,2025-08-29T16:13:00,store,S001,C01278,P0006,card,22419.79
T0010112,2025-08-15T08:43:00,store,S004,C01352,P0005,cash,192192.08000000002
T0010114,2025-08-13T16:17:00,store,S003,C00107,P0022,card,7724.23
T0010115,2025-08-28T19:47:00,store,S001,C00987,P0004,cash,163082.59
T0010116,2025-08-20T23:07:00,store,S002,C01084,P0013,cash,1714.32
T0010117,2025-08-08T15:53:00,store,S002,C01704,P0018,card,238533.01
T0010118,2025-08-22T05:07:00,store,S005,C00450,P0014,cash,53337.76
T0010119,2025-08-15T06:59:00,store,S006,C01220,P0011,cash,221570.31000000003
T0010120,2025-08-08T18:25:00,store,S002,C01494,P0013,cash,11484.529999999999
T0010121,2025-08-01T11:11:00,store,S001,C01196,P0006,card,7794.99
T0010122,2025-08-16T20:34:00,store,S001,C01939,P0006,cash,8598.779999999999
T0010123,2025-08-19T17:48:00,store,S006,C01072,P0011,card,3609.3500000000004
T0010125,2025-08-24T05:32:00,store,S002,C00268,P0007,cash,18248.95
T0010126,2025-08-23T02:34:00,store,S006,C00520,P0011,cash,15368.25
T0010127,2025-08-03T15:12:00,store,S001,C01661,P0006,card,377536.53
T0010128,2025-08-16T11:54:00,store,S006,C01075,P0003,card,10185.71
T0010130,2025-08-17T17:22:00,store,S003,C00372,P0019,card,12570.14
T0010131,2025-08-06T03:25:00,store,S006,C00851,P0016,cash,35304.9
T0010133,2025-08-07T12:01:00,store,S004,C01399,P0026,card,25624.09
T0010134,2025-08-29T14:02:00,store,S004,C02252,P0026,cash,33391.38
T0010135,2025-08-05T22:59:00,store,S002,C00679,P0018,card,17296.04
T0010138,2025-08-28T10:10:00,store,S006,C02307,P0003,card,216994.51
T0010139,2025-08-27T10:39:00,store,S001,C00516,P0006,cash,9431.03
T0010141,2025-08-18T06:39:00,store,S004,C01433,P0005,card,3550.6800000000003
T0010142,2025-08-14T21:44:00,store,S005,C00528,P0014,cash,8884.55
T0010144,2025-08-04T11:07:00,store,S006,C00011,P0024,cash,14030.94
T0010145,2025-08-09T05:32:00,store,S006,C02252,P0024,cash,19723.100000000002
T0010147,2025-08-09T10:29:00,store,S002,C00312,P0018,card,21041.12
T0010149,2025-08-06T05:53:00,store,S001,C02013,P0006,card,4897.36
T0010150,2025-08-18T23:06:00,store,S005,C01010,P0012,card,21298.48
T0010152,2025-08-24T11:36:00,store,S002,C00376,P0001,card,19983.31
T0010153,2025-08-05T17:15:00,store,S006,C00066,P0003,cash,32126.96
T0010154,2025-08-21T01:01:00,store,S004,C00280,P0026,cash,3423.7
T0010155,2025-08-02T21:00:00,store,S002,C01289,P0013,cash,13056.23
T0010156,2025-08-09T00:12:00,store,S006,C00427,P0016,card,209602.31
T0010157,2025-08-18T20:56:00,store,S005,C01433,P0008,cash,15013.89
T0010158,2025-08-22T21:53:00,store,S005,C01187,P0014,cash,48812.9
T0010159,2025-08-01T07:46:00,store,S001,C00777,P0002,cash,2440.8
T0010160,2025-08-29T04:15:00,store,S004,C01481,P0005,card,17700.46
T0010163,2025-08-20T06:57:00,store,S004,C02360,P0005,card,187309.47
T0010164,2025-08-25T12:30:00,store,S002,C00420,P0018,card,7292.110000000001
T0010165,2025-08-14T23:07:00,store,S004,C01921,P0026,card,28576.96
T0010166,2025-08-31T06:44:00,store,S004,C00573,P0005,card,10715.779999999999
T0010167,2025-08-28T22:53:00,store,S005,C01075,P0008,cash,12262.83
T0010169,2025-08-06T08:22:00,store,S006,C02120,P0003,cash,10123.650000000001
T0010171,2025-08-12T07:07:00,store,S006,C02062,P0024,cash,4695.68
T0010172,2025-08-17T20:05:00,store,S004,C01980,P0026,card,19857.600000000002
T0010173,2025-08-16T16:19:00,store,S006,C01482,P0016,card,41483.96
T0010176,2025-08-30T11:40:00,store,S005,C00106,P0008,cash,3078.92
T0010180,2025-08-20T09:33:00,store,S002,C00930,P0018,cash,16191.83
T0010181,2025-08-11T10:49:00,store,S001,C01009,P0020,card,118757.95999999999
T0010183,2025-08-25T22:15:00,store,S006,C00586,P0011,cash,264402.64999999997
T0010185,2025-08-24T07:18:00,store,S005,C01674,P0025,card,243852.47999999998
T0010187,2025-08-06T09:02:00,store,S006,C00639,P0016,cash,4975.66
T0010188,2025-08-06T07:21:00,store,S006,C00245,P0011,card,233565.84
T0010190,2025-08-31T09:23:00,store,S004,C01666,P0026,card,6401.38
T0010191,2025-08-07T23:54:00,store,S004,C01334,P0005,cash,236253.16
T0010192,2025-08-23T15:02:00,store,S006,C00085,P0011,cash,17741.22
T0010193,2025-08-30T03:38:00,store,S006,C00066,P0003,cash,37649.85
T0010194,2025-08-03T06:28:00,store,S002,C00636,P0013,card,19126.309999999998
T0010195,2025-08-29T14:20:00,store,S005,C02302,P0012,cash,28493.57
T0010197,2025-08-15T14:42:00,store,S001,C01998,P0004,card,1386.66
T0010199,2025-08-29T19:28:00,store,S003,C01521,P0022,card,14909.82
T0010200,2025-08-21T00:59:00,store,S001,C00560,P0020,cash,2181.77
T0010201,2025-08-20T19:32:00,store,S005,C02037,P0025,card,22293.43
T0010204,2025-08-06T10:13:00,store,S004,C00945,P0005,cash,6258.370000000001
T0010207,2025-08-14T04:56:00,store,S003,C02125,P0023,card,23356.09
T0010209,2025-08-12T23:12:00,store,S005,C00651,P0025,cash,12457.56
T0010211,2025-08-07T16:13:00,store,S005,C00155,P0012,card,9502.96
T0010212,2025-08-25T22:30:00,store,S006,C01856,P0024,cash,295796.86
T0010213,2025-08-21T23:25:00,store,S003,C01168,P0019,cash,73980.46
T0010215,2025-08-10T16:40:00,store,S003,C00687,P0022,cash,33018.6
T0010216,2025-08-05T15:47:00,store,S003,C01789,P0023,cash,284304.81
T0010217,2025-08-02T15:17:00,store,S004,C00741,P0005,cash,7065.9400000000005
T0010218,2025-08-13T12:03:00,store,S001,C00299,P0004,card,152779.77
T0010219,2025-08-08T15:54:00,store,S005,C00080,P0025,cash,47346.37
T0010220,2025-08-13T01:13:00,store,S004,C01563,P0005,card,4908.79
T0010221,2025-08-23T20:18:00,store,S005,C00316,P0014,card,140413.91
T0010222,2025-08-21T00:14:00,store,S001,C00786,P0006,card,9157.29
T0010224,2025-08-09T03:54:00,store,S006,C01342,P0016,cash,37424.11
T0010225,2025-08-19T19:38:00,store,S001,C01302,P0002,cash,110555.3
T0010227,2025-08-28T10:06:00,store,S001,C01167,P0015,card,11185.08
T0010229,2025-08-19T20:52:00,store,S005,C00128,P0025,cash,45949.56
T0010235,2025-08-12T08:08:00,store,S004,C01415,P0005,card,44660.78
T0010236,2025-08-30T01:47:00,store,S005,C02036,P0008,card,19456.78
T0010237,2025-08-06T11:18:00,store,S001,C00138,P0015,cash,225195.63
T0010238,2025-08-28T15:25:00,store,S002,C01312,P0013,cash,223927.09
T0010240,2025-08-13T21:34:00,store,S006,C02419,P0003,cash,219988.30000000002
T0010241,2025-08-14T01:50:00,store,S006,C01407,P0003,card,9940.85
T0010242,2025-08-10T18:04:00,store,S006,C01170,P0016,cash,18657.73
T0010243,2025-08-29T11:32:00,store,S004,C00902,P0026,cash,3954.81
T0010244,2025-08-04T13:07:00,store,S006,C00322,P0003,card,3394.55
T0010245,2025-08-31T17:51:00,store,S001,C01537,P0004,card,12111.59
T0010246,2025-08-20T12:23:00,store,S001,C00087,P0021,card,5015.91
T0010250,2025-08-20T04:28:00,store,S005,C02037,P0014,card,12936.8
T0010252,2025-08-26T08:05:00,store,S002,C00472,P0013,card,24212.84
T0010253,2025-08-05T07:11:00,store,S004,C00338,P0005,card,210890.91
T0010255,2025-08-12T08:27:00,store,S001,C00606,P0009,card,258601.18
T0010256,2025-08-12T15:21:00,store,S002,C01483,P0018,card,9453.35
T0010257,2025-08-25T17:16:00,store,S001,C02493,P0006,card,11378.67
T0010260,2025-08-29T23:12:00,store,S006,C01871,P0024,cash,4448.57
T0010261,2025-08-06T15:18:00,store,S001,C02327,P0009,cash,70256.04000000001
T0010262,2025-08-10T14:20:00,store,S005,C00325,P0025,cash,22166.97
T0010264,2025-08-23T13:18:00,store,S006,C02426,P0016,card,5951.59
T0010265,2025-08-01T13:52:00,store,S003,C00020,P0023,card,241604.24999999997
T0010267,2025-08-20T19:08:00,store,S001,C01265,P0020,cash,14005.23
T0010270,2025-08-09T00:46:00,store,S004,C00009,P0005,cash,9919.7
T0010273,2025-08-05T01:29:00,store,S001,C01176,P0009,cash,380142.99
T0010275,2025-08-22T04:46:00,store,S002,C00902,P0001,card,12759.95
T0010276,2025-08-29T14:18:00,store,S004,C00926,P0005,card,13274.669999999998
T0010279,2025-08-08T04:30:00,store,S003,C01543,P0017,cash,18542.49
T0010280,2025-08-17T22:08:00,store,S002,C00491,P0007,card,52115.63
T0010281,2025-08-26T09:42:00,store,S001,C01129,P0009,cash,58428.46
T0010283,2025-08-13T20:37:00,store,S004,C02467,P0026,cash,4117.22
T0010284,2025-08-08T15:30:00,store,S006,C01408,P0003,cash,12044.98
T0010285,2025-08-09T21:04:00,store,S001,C00997,P0015,card,353549.49
T0010286,2025-08-25T11:19:00,store,S005,C00313,P0012,card,38446.08
T0010287,2025-08-02T22:14:00,store,S005,C02254,P0025,cash,264147.76
T0010288,2025-08-16T00:39:00,store,S001,C01747,P0002,card,59403.740000000005
T0010290,2025-08-20T12:30:00,store,S003,C02018,P0019,card,13337.01
T0010291,2025-08-10T23:31:00,store,S004,C01608,P0026,card,7053.2
T0010292,2025-08-09T00:12:00,store,S002,C00498,P0001,card,49600.79
T0010293,2025-08-30T15:37:00,store,S002,C00512,P0018,card,6316.06
T0010296,2025-08-27T12:41:00,store,S005,C02230,P0025,cash,21254.71
T0010297,2025-08-13T19:22:00,store,S006,C00421,P0024,card,33856.61
T0010298,2025-08-16T08:38:00,store,S004,C02085,P0026,card,4933.84
T0010299,2025-08-30T11:05:00,store,S005,C00094,P0008,card,20626.559999999998
T0010300,2025-08-25T01:21:00,store,S002,C01209,P0010,card,3001.73
T0010303,2025-08-11T10:56:00,store,S005,C02376,P0025,cash,49700.34
T0010304,2025-08-12T05:40:00,store,S002,C02261,P0018,card,10548.44
T0010305,2025-08-03T22:16:00,store,S005,C01124,P0025,card,23121.58
T0010306,2025-08-04T06:09:00,store,S005,C01670,P0008,card,60745.340000000004
T0010307,2025-08-10T15:36:00,store,S005,C02117,P0014,card,51403.72
T0010308,2025-08-04T19:43:00,store,S005,C02117,P0014,card,5850.05
T0010309,2025-08-06T18:17:00,store,S005,C01785,P0025,cash,12792.960000000001
T0010310,2025-08-03T06:16:00,store,S003,C01168,P0017,cash,318904.01
T0010311,2025-08-31T09:37:00,store,S006,C00934,P0016,card,5968.28
T0010312,2025-08-04T23:20:00,store,S003,C01967,P0019,card,13934.310000000001
T0010313,2025-09-12T06:53:00,online,,C01881,,cod,13734.32
T0010314,2025-09-02T12:58:00,online,,C00213,,wallet,8733.39
T0010316,2025-09-25T14:31:00,online,,C02055,,cod,52173.89
T0010317,2025-09-06T21:56:00,online,,C00589,,cod,25834.58
T0010318,2025-09-14T07:46:00,online,,C01109,,cod,8666.79
T0010319,2025-09-26T11:29:00,online,,C01039,,cod,37795.0
T0010320,2025-09-14T08:39:00,online,,C01091,,card,24723.41
T0010324,2025-09-26T17:04:00,online,,C01342,,wallet,200852.6
T0010325,2025-09-24T00:31:00,online,,C00391,,cod,12274.03
T0010326,2025-09-26T04:57:00,online,,C01581,,wallet,5791.85
T0010328,2025-09-25T08:03:00,online,,C01626,,wallet,2241.99
T0010329,2025-09-09T01:37:00,online,,C00610,,wallet,31469.72
T0010330,2025-09-10T10:29:00,online,,C02013,,wallet,18729.62
T0010331,2025-09-17T11:56:00,online,,C01051,,wallet,14509.380000000001
T0010334,2025-09-17T11:20:00,online,,C00372,,wallet,105512.47
T0010335,2025-09-08T20:25:00,online,,C00064,,cod,28284.350000000002
T0010336,2025-09-18T01:10:00,online,,C00381,,cod,221969.33
T0010337,2025-09-02T02:15:00,online,,C01786,,card,316713.03
T0010338,2025-09-07T11:38:00,online,,C00053,,wallet,203550.46
T0010339,2025-09-24T15:34:00,online,,C00841,,wallet,12669.07
T0010342,2025-09-13T05:16:00,online,,C02462,,cod,261917.30000000002
T0010346,2025-09-21T20:25:00,online,,C00782,,cod,2314.1
T0010347,2025-09-14T13:48:00,online,,C01555,,cod,22081.25
T0010348,2025-09-24T19:48:00,online,,C00493,,card,10990.15
T0010350,2025-09-25T12:37:00,online,,C02381,,cod,208224.79
T0010352,2025-09-21T01:06:00,online,,C02408,,card,4460.65
T0010355,2025-09-18T07:52:00,online,,C00015,,wallet,21071.550000000003
T0010356,2025-09-28T04:59:00,online,,C01618,,wallet,1708.36
T0010357,2025-09-29T21:18:00,online,,C00680,,card,280262.39999999997
T0010359,2025-09-16T01:04:00,online,,C01737,,cod,7087.29
T0010360,2025-09-08T12:13:00,online,,C00905,,card,266367.74
T0010361,2025-09-03T23:16:00,online,,C02341,,wallet,2931.87
T0010363,2025-09-26T14:23:00,online,,C00358,,card,13320.34
T0010364,2025-09-09T02:47:00,online,,C02387,,cod,5964.08
T0010365,2025-09-19T01:09:00,online,,C02149,,card,359783.02999999997
T0010366,2025-09-28T20:55:00,online,,C02426,,card,356178.27999999997
T0010369,2025-09-05T08:57:00,online,,C00645,,wallet,234500.18
T0010370,2025-09-28T16:56:00,online,,C01718,,wallet,24021.649999999998
T0010371,2025-09-02T22:02:00,online,,C00524,,wallet,112898.70999999999
T0010372,2025-09-20T17:18:00,online,,C00193,,wallet,10111.89
T0010373,2025-09-04T02:00:00,online,,C00051,,wallet,10912.0
T0010374,2025-09-12T00:24:00,online,,C00264,,wallet,209848.0
T0010375,2025-09-20T04:03:00,online,,C00966,,cod,22380.7
T0010376,2025-09-12T17:37:00,online,,C00453,,card,3995.52
T0010377,2025-09-20T18:56:00,online,,C01254,,card,40875.24
T0010378,2025-09-20T20:47:00,online,,C02469,,card,5768.06
T0010380,2025-09-06T21:19:00,online,,C01008,,card,20123.63
T0010382,2025-09-08T16:59:00,online,,C01156,,wallet,46053.04
T0010384,2025-09-10T20:33:00,online,,C00876,,wallet,229566.9
T0010385,2025-09-09T12:45:00,online,,C00838,,cod,11361.25
T0010386,2025-09-25T00:05:00,online,,C01508,,wallet,17847.5
T0010388,2025-09-06T09:52:00,online,,C00657,,cod,12522.4
T0010389,2025-09-29T20:27:00,online,,C01682,,card,11101.4
T0010390,2025-09-20T18:47:00,online,,C00153,,wallet,53539.630000000005
T0010391,2025-09-03T19:37:00,online,,C02356,,wallet,273111.78
T0010392,2025-09-05T22:17:00,online,,C02465,,wallet,2337.18
T0010393,2025-09-12T06:19:00,online,,C01852,,card,228043.24000000002
T0010394,2025-09-05T09:04:00,online,,C01173,,cod,23298.58
T0010395,2025-09-21T15:02:00,online,,C02404,,card,9784.89
T0010398,2025-09-22T14:39:00,online,,C00425,,wallet,46361.28
T0010399,2025-09-27T20:45:00,online,,C01525,,wallet,90169.89
T0010400,2025-09-17T06:38:00,online,,C00476,,wallet,1691.78
T0010401,2025-09-08T15:34:00,online,,C02275,,card,44424.17
T0010402,2025-09-30T02:24:00,online,,C01866,,card,9094.43
T0010403,2025-09-04T17:23:00,online,,C01253,,cod,43106.91
T0010406,2025-09-06T03:14:00,online,,C01480,,cod,538207.16
T0010408,2025-09-20T04:23:00,online,,C01536,,wallet,7822.31
T0010410,2025-09-12T10:32:00,online,,C02472,,cod,7772.46
T0010411,2025-09-16T19:54:00,online,,C00673,,card,80047.92
T0010412,2025-09-03T02:08:00,online,,C00859,,card,435482.1
T0010414,2025-09-06T19:15:00,online,,C02293,,card,13052.57
T0010415,2025-09-01T16:54:00,online,,C00502,,wallet,124039.7
T0010416,2025-09-09T02:55:00,online,,C01537,,cod,118272.14
T0010417,2025-09-11T23:05:00,online,,C01830,,card,10566.74
T0010418,2025-09-02T22:00:00,online,,C02421,,cod,10687.95
T0010419,2025-09-15T23:30:00,online,,C01350,,cod,1856.64
T0010420,2025-09-08T07:42:00,online,,C00968,,wallet,97746.39000000001
T0010421,2025-09-04T15:52:00,online,,C01258,,cod,19727.86
T0010422,2025-09-18T04:23:00,online,,C00052,,wallet,216962.41
T0010424,2025-09-07T13:54:00,online,,C01712,,cod,33098.229999999996
T0010425,2025-09-28T19:14:00,online,,C01098,,wallet,2245.27
T0010426,2025-09-07T08:05:00,online,,C02477,,card,13603.39
T0010428,2025-09-18T04:44:00,online,,C02058,,cod,8233.98
T0010429,2025-09-17T15:14:00,online,,C01818,,cod,210435.18
T0010432,2025-09-24T13:11:00,online,,C00307,,cod,9654.86
T0010433,2025-09-22T01:53:00,online,,C01581,,cod,8540.38
T0010435,2025-09-04T17:19:00,online,,C02047,,wallet,208631.74
T0010437,2025-09-27T18:20:00,online,,C02088,,card,21077.3
T0010438,2025-09-26T04:51:00,online,,C00909,,cod,8926.56
T0010439,2025-09-04T23:53:00,online,,C00278,,card,19091.14
T0010440,2025-09-30T22:07:00,online,,C00943,,card,259525.92
T0010441,2025-09-09T01:04:00,online,,C01824,,wallet,57400.16
T0010442,2025-09-12T16:22:00,online,,C01014,,card,17144.22
T0010443,2025-09-13T15:21:00,online,,C00731,,cod,15603.550000000001
T0010444,2025-09-22T18:24:00,online,,C01139,,wallet,22701.57
T0010445,2025-09-26T04:39:00,online,,C01617,,cod,12015.24
T0010447,2025-09-22T06:57:00,online,,C00338,,cod,221682.01
T0010448,2025-09-07T04:25:00,online,,C01142,,wallet,208181.57
T0010451,2025-09-30T03:40:00,online,,C02215,,cod,219307.45
T0010452,2025-09-28T12:48:00,online,,C01383,,cod,91097.51000000001
T0010453,2025-09-11T14:12:00,online,,C01947,,wallet,34090.12
T0010456,2025-09-13T01:13:00,online,,C01110,,card,2455.96
T0010457,2025-09-27T18:58:00,online,,C01155,,card,6575.62
T0010459,2025-09-11T16:54:00,online,,C00704,,cod,17113.61
T0010461,2025-09-21T20:45:00,online,,C01030,,card,5036.05
T0010464,2025-09-13T04:13:00,online,,C00021,,card,6627.28
T0010465,2025-09-07T16:38:00,online,,C00696,,card,7129.83
T0010466,2025-09-06T19:08:00,online,,C01696,,cod,5629.21
T0010467,2025-09-04T23:48:00,online,,C01859,,card,23549.71
T0010468,2025-09-19T04:35:00,online,,C00940,,wallet,14065.43
T0010469,2025-09-02T22:32:00,online,,C00930,,wallet,1154.98
T0010472,2025-09-09T06:21:00,online,,C00225,,wallet,226863.93
T0010473,2025-09-03T09:28:00,online,,C01030,,card,27642.6
T0010475,2025-09-21T01:24:00,online,,C00480,,card,6574.32
T0010476,2025-09-25T12:51:00,online,,C00068,,cod,28805.5
T0010477,2025-09-25T21:57:00,online,,C01913,,wallet,7306.74
T0010478,2025-09-25T05:25:00,online,,C01163,,card,294831.82
T0010480,2025-09-17T06:43:00,online,,C01567,,card,45712.53
T0010481,2025-09-25T05:43:00,online,,C00797,,card,115959.82
T0010482,2025-09-22T18:29:00,online,,C00844,,cod,12107.52
T0010484,2025-09-25T07:26:00,online,,C02490,,card,10920.199999999999
T0010485,2025-09-25T15:39:00,online,,C00535,,wallet,1237.99
T0010490,2025-09-28T18:14:00,online,,C02408,,wallet,16987.89
T0010491,2025-09-15T22:37:00,online,,C00845,,cod,56820.71
T0010492,2025-09-17T20:20:00,online,,C00414,,wallet,16411.56
T0010494,2025-09-04T07:44:00,online,,C01155,,cod,5431.15
T0010495,2025-09-08T14:57:00,online,,C00215,,cod,9333.07
T0010496,2025-09-03T14:41:00,online,,C01473,,cod,233821.85
T0010497,2025-09-24T02:38:00,online,,C01026,,card,18372.579999999998
T0010498,2025-09-21T07:02:00,online,,C01402,,wallet,1692.32
T0010499,2025-09-26T14:05:00,online,,C01289,,cod,32333.09
T0010500,2025-09-17T20:43:00,online,,C01038,,cod,15711.279999999999
T0010501,2025-09-29T04:12:00,online,,C01580,,wallet,16389.65
T0010502,2025-09-29T03:05:00,online,,C00456,,wallet,2427.31
T0010503,2025-09-24T04:07:00,online,,C01243,,card,25244.37
T0010505,2025-09-15T12:33:00,online,,C00341,,card,5886.43
T0010506,2025-09-22T22:29:00,online,,C01104,,wallet,7641.24
T0010507,2025-09-13T22:44:00,online,,C00844,,card,5196.62
T0010509,2025-09-18T23:32:00,online,,C02304,,wallet,200209.19
T0010510,2025-09-13T18:16:00,online,,C00116,,card,306963.15
T0010511,2025-09-04T07:26:00,online,,C01712,,cod,7234.889999999999
T0010512,2025-09-26T19:22:00,online,,C01933,,cod,57509.810000000005
T0010514,2025-09-20T10:03:00,online,,C01366,,wallet,87079.81999999999
T0010515,2025-09-14T22:36:00,online,,C02233,,cod,15734.38
T0010516,2025-09-22T07:31:00,online,,C02121,,card,449859.77
T0010520,2025-09-30T11:09:00,online,,C02407,,wallet,11028.34
T0010521,2025-09-13T16:30:00,online,,C02418,,wallet,27586.33
T0010522,2025-09-29T00:26:00,online,,C02099,,cod,222076.62
T0010523,2025-09-24T16:50:00,online,,C02381,,card,7497.83
T0010526,2025-09-04T14:31:00,online,,C01459,,cod,26981.91
T0010529,2025-09-18T02:54:00,online,,C00540,,card,7322.610000000001
T0010530,2025-09-12T23:56:00,online,,C01970,,card,14507.6
T0010531,2025-09-17T20:26:00,online,,C01270,,wallet,32115.57
T0010532,2025-09-12T06:45:00,online,,C00331,,wallet,4690.83
T0010537,2025-09-29T20:35:00,online,,C01734,,wallet,246554.91
T0010538,2025-09-21T19:45:00,online,,C00843,,wallet,241432.48
T0010539,2025-09-29T13:15:00,online,,C01384,,cod,1420.16
T0010540,2025-09-24T14:21:00,online,,C01279,,cod,4483.23
T0010541,2025-09-16T01:04:00,online,,C00963,,wallet,202820.37
T0010543,2025-09-01T11:46:00,online,,C00557,,wallet,244335.83
T0010544,2025-09-10T13:08:00,online,,C01691,,card,114376.22
T0010546,2025-09-01T21:20:00,online,,C02108,,card,2725.1
T0010547,2025-09-16T12:09:00,online,,C01894,,cod,5274.14
T0010548,2025-09-09T17:21:00,online,,C01596,,card,238835.63
T0010549,2025-09-28T22:34:00,online,,C00451,,wallet,17507.64
T0010550,2025-09-24T04:33:00,online,,C02185,,wallet,79032.29000000001
T0010551,2025-09-13T22:02:00,online,,C01798,,wallet,7339.0
T0010552,2025-09-17T15:49:00,online,,C02499,,wallet,35403.520000000004
T0010554,2025-09-09T08:29:00,online,,C00786,,wallet,13347.61
T0010557,2025-09-18T09:14:00,online,,C01583,,cod,13334.74
T0010558,2025-09-23T13:52:00,online,,C02462,,cod,10561.789999999999
T0010559,2025-09-10T07:04:00,online,,C01012,,card,375470.57999999996
T0010561,2025-09-10T13:46:00,online,,C00525,,card,53092.54
T0010562,2025-09-12T14:29:00,online,,C02208,,card,3269.87
T0010563,2025-09-26T23:54:00,online,,C02166,,wallet,13194.39
T0010564,2025-09-26T15:29:00,online,,C00036,,card,4149.12
T0010565,2025-09-19T02:46:00,online,,C00945,,cod,45173.310000000005
T0010566,2025-09-02T15:22:00,online,,C01679,,wallet,272975.4
T0010567,2025-09-25T12:43:00,online,,C00290,,card,6220.48
T0010568,2025-09-19T03:04:00,online,,C01030,,cod,88389.67000000001
T0010570,2025-09-05T12:35:00,online,,C01068,,cod,9159.26
T0010571,2025-09-04T18:22:00,online,,C00603,,cod,8722.810000000001
T0010573,2025-09-18T05:52:00,online,,C00993,,card,18964.27
T0010576,2025-09-20T19:31:00,online,,C00342,,wallet,63917.71000000001
T0010578,2025-09-29T07:53:00,online,,C01994,,wallet,47052.67
T0010580,2025-09-21T18:00:00,online,,C00280,,card,109802.3
T0010581,2025-09-30T07:43:00,online,,C01069,,card,45185.88
T0010582,2025-09-07T23:29:00,online,,C00963,,wallet,5495.92
T0010585,2025-09-06T18:36:00,online,,C00695,,wallet,1662.87
T0010586,2025-09-02T06:58:00,online,,C01102,,cod,9140.44
T0010587,2025-09-04T10:19:00,online,,C02237,,wallet,249706.08
T0010589,2025-09-28T09:23:00,online,,C01562,,cod,297137.0
T0010591,2025-09-28T20:49:00,online,,C00722,,wallet,44243.630000000005
T0010592,2025-09-23T16:59:00,online,,C01280,,card,36138.32
T0010595,2025-09-04T17:03:00,online,,C01633,,wallet,28382.239999999998
T0010597,2025-09-11T12:33:00,online,,C00894,,wallet,8053.26
T0010598,2025-09-04T22:39:00,online,,C00845,,wallet,281697.65
T0010599,2025-09-26T18:03:00,online,,C02001,,cod,103783.26999999999
T0010600,2025-09-06T05:35:00,online,,C01309,,wallet,6095.08
T0010603,2025-09-27T21:06:00,online,,C00184,,card,15306.39
T0010605,2025-09-14T16:35:00,online,,C01164,,wallet,63212.71
T0010606,2025-09-15T08:59:00,online,,C00016,,cod,17906.77
T0010607,2025-09-10T21:36:00,online,,C00503,,card,8268.39
T0010608,2025-09-29T05:47:00,online,,C02367,,card,42940.41
T0010609,2025-09-08T12:57:00,online,,C00832,,cod,13291.55
T0010610,2025-09-23T09:48:00,online,,C00075,,wallet,33622.06
T0010611,2025-09-25T11:03:00,online,,C01989,,wallet,68150.52
T0010612,2025-09-26T17:13:00,online,,C01891,,card,9923.07
T0010613,2025-09-06T21:53:00,online,,C01641,,cod,13244.05
T0010616,2025-09-23T18:37:00,online,,C02316,,card,3566.61
T0010619,2025-09-08T21:35:00,online,,C02255,,card,6216.28
T0010620,2025-09-02T14:02:00,online,,C01721,,card,11357.87
T0010621,2025-09-29T21:16:00,online,,C01614,,card,356215.01000000007
T0010623,2025-09-18T23:47:00,online,,C02449,,wallet,56070.99
T0010624,2025-09-16T15:34:00,online,,C00317,,cod,26959.93
T0010625,2025-09-17T20:06:00,online,,C00556,,cod,21345.16
T0010626,2025-09-24T11:43:00,online,,C01207,,card,46892.54
T0010627,2025-09-09T18:05:00,online,,C01496,,wallet,56786.51
T0010629,2025-09-27T13:19:00,online,,C00701,,cod,3102.39
T0010630,2025-09-18T02:21:00,online,,C01011,,wallet,22673.030000000002
T0010631,2025-09-08T10:19:00,online,,C00021,,cod,235040.94
T0010632,2025-09-11T15:06:00,online,,C02354,,card,39924.19
T0010633,2025-09-19T18:18:00,online,,C01580,,cod,1693.03
T0010634,2025-09-27T20:55:00,online,,C00365,,cod,7090.32
T0010636,2025-09-19T02:27:00,online,,C01138,,card,60878.4
T0010638,2025-09-23T18:44:00,online,,C02090,,wallet,43970.86
T0010639,2025-09-05T09:05:00,online,,C02129,,cod,232741.92
T0010640,2025-09-27T09:08:00,online,,C01441,,card,4096.700000000001
T0010643,2025-09-10T13:55:00,online,,C00325,,wallet,5614.79
T0010644,2025-09-18T12:53:00,online,,C00010,,cod,22909.21
T0010646,2025-09-18T06:15:00,online,,C01813,,card,54220.920000000006
T0010647,2025-09-13T16:22:00,online,,C02035,,wallet,221049.71
T0010649,2025-09-26T08:11:00,online,,C00826,,cod,11448.76
T0010650,2025-09-01T02:50:00,online,,C02474,,wallet,94811.7
T0010651,2025-09-19T12:38:00,online,,C01676,,cod,63026.34
T0010653,2025-09-26T06:01:00,online,,C01663,,card,214441.84999999998
T0010655,2025-09-28T12:10:00,online,,C00383,,card,204683.95
T0010656,2025-09-12T22:05:00,online,,C00225,,wallet,27592.45
T0010657,2025-09-08T20:56:00,online,,C00147,,cod,3582.2
T0010658,2025-09-16T20:07:00,online,,C01795,,card,54776.96000000001
T0010660,2025-09-13T06:24:00,online,,C01965,,cod,41052.42
T0010662,2025-09-17T21:06:00,online,,C00878,,card,12437.189999999999
T0010663,2025-09-16T11:42:00,online,,C01290,,card,38090.15
T0010664,2025-09-03T01:27:00,online,,C00715,,cod,19693.039999999997
T0010665,2025-09-13T05:18:00,online,,C00352,,wallet,18092.83
T0010666,2025-09-15T23:50:00,online,,C00620,,card,4637.6
T0010668,2025-09-23T12:53:00,online,,C00280,,wallet,11208.529999999999
T0010669,2025-09-25T18:33:00,online,,C01004,,wallet,4621.41
T0010670,2025-09-02T23:46:00,online,,C01496,,cod,29617.309999999998
T0010671,2025-09-19T21:28:00,online,,C00180,,cod,133867.93
T0010672,2025-09-17T04:35:00,online,,C00194,,card,15253.49
T0010673,2025-09-22T21:45:00,online,,C00386,,card,7297.07
T0010674,2025-09-24T06:20:00,online,,C00131,,card,241348.09
T0010676,2025-09-10T11:42:00,online,,C00069,,wallet,59790.14
T0010677,2025-09-10T20:38:00,online,,C01089,,cod,16729.65
T0010679,2025-09-15T10:37:00,online,,C00992,,wallet,4366.34
T0010680,2025-09-10T00:16:00,online,,C00965,,cod,24527.41
T0010681,2025-09-18T16:53:00,online,,C00643,,card,9243.15
T0010684,2025-09-09T03:10:00,online,,C00010,,card,286412.99000000005
T0010685,2025-09-13T12:34:00,online,,C00612,,card,32374.22
T0010686,2025-09-28T09:37:00,online,,C00652,,cod,13729.529999999999
T0010687,2025-09-01T12:28:00,online,,C00303,,wallet,28934.46
T0010688,2025-09-19T22:37:00,online,,C02110,,cod,9239.17
T0010689,2025-09-18T07:43:00,online,,C00629,,card,314034.35
T0010690,2025-09-05T09:42:00,online,,C01995,,card,8686.1
T0010691,2025-09-29T07:20:00,online,,C02500,,cod,5065.91
T0010692,2025-09-16T11:55:00,online,,C01646,,cod,84790.5
T0010693,2025-09-20T22:45:00,online,,C01798,,card,12775.62
T0010695,2025-09-09T00:45:00,online,,C00212,,wallet,97402.36
T0010696,2025-09-22T07:08:00,online,,C01069,,wallet,42720.33
T0010697,2025-09-28T00:49:00,online,,C01226,,cod,96480.75
T0010698,2025-09-24T10:33:00,online,,C01921,,card,21736.16
T0010702,2025-09-24T13:42:00,online,,C02166,,wallet,6800.77
T0010703,2025-09-11T20:50:00,online,,C00776,,wallet,5159.79
T0010704,2025-09-10T02:31:00,online,,C00463,,card,174319.08
T0010706,2025-09-19T13:21:00,online,,C00413,,wallet,9101.7
T0010708,2025-09-27T03:30:00,online,,C02297,,cod,18924.89
T0010709,2025-09-20T01:28:00,online,,C01339,,cod,255408.9
T0010710,2025-09-28T07:16:00,online,,C02142,,cod,15387.15
T0010711,2025-09-15T19:51:00,online,,C00659,,wallet,44723.61
T0010712,2025-09-28T01:41:00,online,,C00266,,cod,222598.24000000002
T0010713,2025-09-13T07:49:00,online,,C01363,,wallet,4427.7
T0010714,2025-09-12T13:56:00,online,,C00245,,card,101031.35
T0010715,2025-09-02T06:27:00,online,,C00190,,wallet,20783.45
T0010716,2025-09-21T11:38:00,online,,C00544,,card,37060.98
T0010718,2025-09-11T02:26:00,online,,C01179,,cod,12741.79
T0010719,2025-09-04T19:25:00,online,,C00071,,wallet,4649.780000000001
T0010722,2025-09-30T17:03:00,online,,C02020,,cod,18381.63
T0010723,2025-09-26T12:31:00,online,,C00540,,cod,32292.300000000003
T0010724,2025-09-02T15:55:00,online,,C00940,,card,20458.050000000003
T0010726,2025-09-02T04:17:00,online,,C00730,,cod,10068.25
T0010727,2025-09-21T10:37:00,online,,C00700,,wallet,10115.69
T0010728,2025-09-25T20:58:00,online,,C01728,,cod,211844.11000000002
T0010729,2025-09-06T20:21:00,online,,C01393,,card,24225.21
T0010731,2025-09-24T05:27:00,online,,C01600,,wallet,17679.21
T0010732,2025-09-05T12:59:00,online,,C02104,,wallet,20783.690000000002
T0010733,2025-09-21T19:49:00,online,,C00311,,wallet,96496.03
T0010735,2025-09-15T10:13:00,online,,C00378,,card,311515.20999999996
T0010736,2025-09-06T17:00:00,online,,C02007,,wallet,13576.81
T0010740,2025-09-24T23:20:00,online,,C00044,,wallet,29994.29
T0010741,2025-09-26T09:13:00,online,,C00833,,card,42111.380000000005
T0010742,2025-09-21T21:22:00,online,,C02497,,card,4710.88
T0010743,2025-09-02T01:24:00,online,,C02480,,cod,4077.79
T0010744,2025-09-09T20:50:00,online,,C01585,,wallet,8838.86
T0010745,2025-09-20T12:12:00,online,,C01305,,wallet,262417.93
T0010747,2025-09-14T21:09:00,online,,C01424,,card,23530.43
T0010748,2025-09-27T04:58:00,online,,C00145,,card,9879.27
T0010752,2025-09-12T10:53:00,online,,C01746,,card,110551.68
T0010753,2025-09-29T16:43:00,online,,C00683,,cod,35149.81
T0010754,2025-09-12T14:12:00,online,,C01542,,card,22542.33
T0010759,2025-09-30T04:46:00,online,,C01648,,cod,50129.93
T0010761,2025-09-25T17:13:00,store,S001,C00306,P0015,cash,122953.95
T0010762,2025-09-19T11:09:00,store,S001,C00346,P0004,cash,274672.81
T0010763,2025-09-18T21:50:00,store,S005,C02357,P0008,card,6841.43
T0010764,2025-09-21T23:43:00,store,S002,C00747,P0010,card,282170.02
T0010765,2025-09-12T01:41:00,store,S001,C00051,P0004,card,44626.67
T0010766,2025-09-02T17:42:00,store,S003,C00651,P0022,cash,45207.03
T0010767,2025-09-10T01:53:00,store,S006,C00722,P0003,cash,25758.03
T0010768,2025-09-20T07:06:00,store,S005,C01333,P0012,card,4623.21
T0010769,2025-09-10T14:40:00,store,S004,C00723,P0005,cash,195017.81
T0010770,2025-09-11T21:41:00,store,S005,C01450,P0025,card,226737.14
T0010771,2025-09-30T17:52:00,store,S003,C02491,P0019,cash,11189.65
T0010772,2025-09-29T19:43:00,store,S004,C00970,P0026,cash,13695.17
T0010773,2025-09-14T18:44:00,store,S004,C00982,P0026,card,7201.72
T0010775,2025-09-18T20:35:00,store,S003,C02050,P0019,card,38518.47
T0010777,2025-09-22T09:27:00,store,S006,C01696,P0016,cash,23438.7
T0010778,2025-09-16T12:32:00,store,S002,C00108,P0001,cash,271861.04000000004
T0010779,2025-09-30T01:39:00,store,S001,C01228,P0006,cash,5708.08
T0010780,2025-09-16T18:52:00,store,S002,C02358,P0001,cash,271135.77
T0010781,2025-09-29T08:30:00,store,S005,C01357,P0008,cash,56673.25
T0010782,2025-09-11T15:09:00,store,S001,C00730,P0021,cash,261947.81
T0010783,2025-09-17T12:45:00,store,S006,C02361,P0016,cash,11737.02
T0010784,2025-09-09T12:29:00,store,S001,C01816,P0020,card,4373.19
T0010785,2025-09-13T08:48:00,store,S003,C00796,P0019,cash,12887.53
T0010787,2025-09-23T20:09:00,store,S002,C00605,P0001,cash,167900.15
T0010789,2025-09-21T19:29:00,store,S001,C01581,P0002,cash,42457.75
T0010791,2025-09-12T13:20:00,store,S005,C01546,P0025,cash,15288.1
T0010792,2025-09-05T20:04:00,store,S006,C00841,P0011,card,221009.11
T0010793,2025-09-17T13:54:00,store,S001,C01756,P0002,card,107867.0
T0010795,2025-09-02T23:43:00,store,S003,C02237,P0022,cash,71388.08
T0010796,2025-09-04T17:30:00,store,S005,C00139,P0014,cash,57984.79
T0010797,2025-09-20T01:55:00,store,S004,C02142,P0026,card,88076.14000000001
T0010798,2025-09-26T20:44:00,store,S006,C00042,P0011,cash,9228.29
T0010799,2025-09-28T00:08:00,store,S006,C00149,P0024,cash,370344.76
T0010800,2025-09-29T19:07:00,store,S002,C02125,P0001,cash,50942.8
T0010802,2025-09-07T20:23:00,store,S006,C00898,P0003,cash,5524.73
T0010803,2025-09-22T08:16:00,store,S005,C01965,P0012,card,43901.44
T0010804,2025-09-11T23:01:00,store,S002,C01479,P0007,card,8745.17
T0010805,2025-09-29T21:05:00,store,S005,C01992,P0025,card,313967.78
T0010807,2025-09-13T05:51:00,store,S006,C00298,P0011,card,7853.2699999999995
T0010808,2025-09-21T04:24:00,store,S006,C00686,P0003,card,78446.5
T0010810,2025-09-07T22:13:00,store,S004,C00278,P0026,card,30172.17
T0010811,2025-09-27T12:05:00,store,S001,C01349,P0006,cash,8636.59
T0010812,2025-09-03T19:44:00,store,S005,C00835,P0012,cash,191804.89
T0010813,2025-09-03T05:02:00,store,S005,C02277,P0012,cash,16287.02
T0010815,2025-09-13T03:55:00,store,S004,C02161,P0005,cash,28688.09
T0010816,2025-09-19T09:03:00,store,S006,C00603,P0003,card,54680.43
T0010820,2025-09-22T03:36:00,store,S006,C00462,P0016,cash,6216.52
T0010821,2025-09-10T13:13:00,store,S005,C01764,P0012,cash,2036.66
T0010822,2025-09-22T13:30:00,store,S002,C02126,P0018,card,100779.57
T0010826,2025-09-10T02:03:00,store,S003,C00688,P0019,card,92577.95999999999
T0010827,2025-09-02T01:41:00,store,S006,C01104,P0003,cash,26830.17
T0010828,2025-09-20T19:16:00,store,S004,C00298,P0026,card,4136.96
T0010831,2025-09-28T12:10:00,store,S003,C01079,P0022,card,9649.21
T0010833,2025-09-29T07:35:00,store,S006,C00282,P0003,card,3133.03
T0010834,2025-09-18T16:30:00,store,S001,C01890,P0020,card,11683.75
T0010835,2025-09-14T14:19:00,store,S005,C00585,P0012,cash,16957.16
T0010836,2025-09-26T05:02:00,store,S005,C01260,P0025,card,244916.87
T0010837,2025-09-16T23:47:00,store,S004,C02413,P0026,cash,23200.16
T0010839,2025-09-28T13:32:00,store,S002,C00390,P0013,cash,224627.02
T0010840,2025-09-26T06:13:00,store,S004,C02306,P0005,cash,86757.51999999999
T0010841,2025-09-22T06:43:00,store,S004,C01722,P0026,cash,2358.74
T0010842,2025-09-27T14:00:00,store,S006,C00921,P0011,cash,49789.06
T0010843,2025-09-02T19:15:00,store,S006,C01562,P0003,card,17884.41
T0010844,2025-09-12T12:12:00,store,S004,C00656,P0026,card,55381.270000000004
T0010845,2025-09-27T17:34:00,store,S004,C02073,P0026,card,6095.45
T0010846,2025-09-26T00:35:00,store,S005,C01962,P0025,card,12228.7
T0010847,2025-09-08T11:49:00,store,S006,C00851,P0003,card,10351.48
T0010849,2025-09-10T00:36:00,store,S001,C00650,P0021,card,6615.08
T0010851,2025-09-05T10:24:00,store,S002,C00317,P0010,card,11710.55
T0010855,2025-09-28T01:34:00,store,S006,C02476,P0003,cash,16860.58
T0010856,2025-09-16T16:00:00,store,S004,C01279,P0026,cash,49456.88
T0010857,2025-09-25T06:55:00,store,S005,C01098,P0014,card,3609.05
T0010858,2025-09-07T09:01:00,store,S006,C02284,P0024,card,10063.26
T0010859,2025-09-27T22:08:00,store,S003,C01457,P0017,card,65075.149999999994
T0010862,2025-09-10T07:42:00,store,S001,C01677,P0015,card,33465.33
T0010863,2025-09-03T05:08:00,store,S006,C00640,P0016,card,31505.51
T0010865,2025-09-09T09:14:00,store,S003,C00632,P0022,cash,26510.54
T0010866,2025-09-06T00:57:00,store,S004,C00606,P0026,cash,25482.45
T0010867,2025-09-16T09:33:00,store,S005,C00728,P0014,card,277548.06
T0010869,2025-09-19T05:01:00,store,S004,C01103,P0026,cash,1608.34
T0010870,2025-09-03T20:25:00,store,S004,C01750,P0005,cash,60123.270000000004
T0010871,2025-09-06T10:59:00,store,S001,C00393,P0020,card,23140.84
T0010872,2025-09-25T16:06:00,store,S002,C01049,P0001,card,16189.32
T0010873,2025-09-16T06:38:00,store,S001,C00306,P0006,cash,16482.5
T0010874,2025-09-25T19:19:00,store,S001,C00126,P0009,card,15520.36
T0010876,2025-09-12T14:56:00,store,S006,C02120,P0003,cash,9925.76
T0010877,2025-09-24T13:27:00,store,S005,C00273,P0014,card,5359.6
T0010878,2025-09-22T00:10:00,store,S004,C01202,P0005,cash,22111.17
T0010880,2025-09-20T18:11:00,store,S001,C01930,P0002,card,19549.7
T0010881,2025-09-01T03:26:00,store,S006,C02365,P0016,cash,22242.96
T0010882,2025-09-08T11:45:00,store,S003,C01169,P0022,cash,5718.48
T0010884,2025-09-30T23:46:00,store,S004,C01791,P0005,cash,26457.719999999998
T0010885,2025-09-24T18:35:00,store,S003,C00095,P0022,cash,26046.84
T0010886,2025-09-21T13:58:00,store,S006,C02028,P0003,card,31908.379999999997
T0010888,2025-09-11T10:39:00,store,S004,C00317,P0005,card,10271.36
T0010890,2025-09-16T03:12:00,store,S003,C01050,P0023,card,22515.34
T0010891,2025-09-04T08:55:00,store,S005,C01510,P0012,cash,42314.240000000005
T0010892,2025-09-26T15:00:00,store,S006,C00387,P0024,card,14383.26
T0010893,2025-09-13T15:50:00,store,S004,C01597,P0005,card,12755.16
T0010895,2025-09-10T03:15:00,store,S005,C00224,P0012,cash,53058.56
T0010896,2025-09-13T11:36:00,store,S006,C00425,P0011,card,1662.69
T0010897,2025-09-14T02:43:00,store,S004,C00908,P0005,cash,2405.29
T0010898,2025-09-17T13:52:00,store,S002,C02304,P0010,card,25635.199999999997
T0010899,2025-09-20T13:25:00,store,S004,C00281,P0005,card,74594.53
T0010900,2025-09-01T01:39:00,store,S006,C00237,P0024,card,60339.78
T0010904,2025-09-10T15:35:00,store,S003,C01701,P0019,card,23748.83
T0010905,2025-09-15T16:34:00,store,S001,C00885,P0015,cash,228097.6
T0010906,2025-09-01T10:57:00,store,S006,C00969,P0011,card,33046.94
T0010908,2025-09-17T18:47:00,store,S001,C01840,P0004,cash,295219.57
T0010909,2025-09-22T23:42:00,store,S006,C01372,P0024,cash,235606.27
T0010910,2025-09-20T19:04:00,store,S006,C02148,P0003,card,18449.05
T0010911,2025-09-04T04:54:00,store,S006,C01000,P0003,card,5709.01
T0010912,2025-09-18T04:03:00,store,S001,C01171,P0015,card,41259.41
T0010913,2025-09-11T14:26:00,store,S004,C00938,P0026,card,14231.9
T0010915,2025-09-17T20:17:00,store,S006,C01233,P0024,cash,19159.04
T0010916,2025-09-26T08:08:00,store,S003,C01223,P0023,cash,24537.39
T0010919,2025-09-27T05:41:00,store,S004,C02227,P0026,cash,18920.54
T0010920,2025-09-08T14:55:00,store,S005,C00989,P0008,cash,21017.940000000002
T0010921,2025-09-07T08:14:00,store,S005,C01735,P0008,cash,17607.97
T0010924,2025-09-05T13:52:00,store,S001,C02363,P0009,card,1743.26
T0010925,2025-09-02T19:44:00,store,S004,C02437,P0026,cash,225167.63
T0010926,2025-09-15T16:41:00,store,S001,C01692,P0002,cash,40621.979999999996
T0010927,2025-09-24T13:02:00,store,S001,C01100,P0015,cash,57003.87
T0010929,2025-09-16T09:45:00,store,S005,C01977,P0012,card,24174.980000000003
T0010931,2025-09-15T09:16:00,store,S002,C01400,P0010,card,22739.15
T0010932,2025-09-29T09:56:00,store,S005,C02075,P0008,cash,20113.09
T0010933,2025-09-16T12:00:00,store,S001,C01104,P0021,cash,21347.36
T0010934,2025-09-12T02:15:00,store,S004,C02348,P0026,cash,8253.18
T0010935,2025-09-25T19:35:00,store,S004,C00767,P0026,card,51862.32
T0010937,2025-09-22T18:52:00,store,S004,C00016,P0026,card,3917.4
T0010938,2025-09-14T04:10:00,store,S002,C01065,P0018,card,25178.11
T0010939,2025-09-25T11:03:00,store,S002,C02055,P0010,cash,95256.95
T0010940,2025-09-12T02:30:00,store,S003,C00885,P0019,cash,173636.12000000002
T0010941,2025-09-09T22:34:00,store,S003,C02367,P0019,cash,190464.54
T0010942,2025-09-01T12:08:00,store,S003,C01891,P0023,card,196161.88
T0010943,2025-09-05T12:28:00,store,S006,C00910,P0024,cash,38787.09
T0010944,2025-09-29T20:00:00,store,S003,C02446,P0019,cash,11171.48
T0010945,2025-09-24T14:43:00,store,S004,C01511,P0026,card,252042.04
T0010946,2025-09-13T03:09:00,store,S004,C00910,P0026,cash,10241.320000000002
T0010947,2025-09-26T22:43:00,store,S005,C02318,P0014,cash,44873.11
T0010948,2025-09-18T14:08:00,store,S004,C00122,P0005,card,17898.4
T0010950,2025-09-13T04:28:00,store,S004,C00058,P0005,card,249421.49000000002
T0010951,2025-09-01T20:52:00,store,S006,C01721,P0003,card,3828.09
T0010952,2025-09-12T23:58:00,store,S004,C00682,P0026,cash,2331.1
T0010953,2025-09-29T01:12:00,store,S006,C01093,P0011,cash,31680.190000000002
T0010956,2025-09-27T08:16:00,store,S001,C02358,P0021,cash,12991.1
T0010957,2025-09-15T07:04:00,store,S002,C00375,P0013,cash,122829.22
T0010958,2025-09-19T10:11:00,store,S001,C01507,P0002,cash,18453.88
T0010960,2025-09-28T20:31:00,store,S001,C02450,P0004,cash,234406.63999999998
T0010963,2025-09-23T13:33:00,store,S004,C00997,P0026,card,3433.08
T0010964,2025-09-09T18:20:00,store,S004,C01792,P0026,cash,4374.89
T0010968,2025-09-20T06:09:00,store,S004,C01091,P0026,cash,5920.14
T0010969,2025-09-08T20:15:00,store,S001,C02022,P0020,card,28593.510000000002
T0010971,2025-09-07T05:01:00,store,S003,C02015,P0017,cash,23191.760000000002
T0010973,2025-09-10T11:13:00,store,S002,C01934,P0007,card,83083.5
T0010974,2025-09-30T12:21:00,store,S006,C00382,P0011,card,216384.12999999998
T0010975,2025-09-21T14:21:00,store,S001,C01252,P0015,card,33208.34
T0010977,2025-09-30T16:53:00,store,S004,C00113,P0026,card,19627.85
T0010978,2025-09-04T17:46:00,store,S001,C00521,P0015,cash,25488.260000000002
T0010979,2025-09-05T14:44:00,store,S001,C02116,P0020,card,14225.14
T0010980,2025-09-11T14:57:00,store,S004,C00701,P0005,cash,36872.56
T0010982,2025-09-29T15:03:00,store,S006,C02278,P0003,card,39053.83
T0010983,2025-09-20T04:55:00,store,S006,C02384,P0011,cash,11096.84
T0010985,2025-09-20T22:19:00,store,S005,C00844,P0012,card,65403.049999999996
T0010987,2025-09-27T09:28:00,store,S003,C01621,P0022,card,4148.34
T0010988,2025-09-08T01:16:00,store,S006,C01185,P0011,cash,23729.170000000002
T0010989,2025-09-22T14:00:00,store,S003,C01209,P0022,cash,6522.7
T0010990,2025-09-18T15:24:00,store,S005,C00701,P0025,cash,158341.87
T0010991,2025-09-07T14:44:00,store,S003,C02332,P0023,card,222140.43
T0010992,2025-09-05T05:51:00,store,S006,C01030,P0003,cash,71211.22
T0010994,2025-09-17T07:32:00,store,S001,C01022,P0021,cash,252857.59
T0010995,2025-09-05T12:54:00,store,S004,C02496,P0005,card,6044.99
T0010996,2025-09-11T20:55:00,store,S003,C01551,P0023,cash,32138.86
T0010997,2025-09-25T05:01:00,store,S004,C00527,P0005,cash,12624.68
T0010998,2025-09-28T14:24:00,store,S002,C01498,P0013,card,8010.7
T0011000,2025-09-26T14:43:00,store,S004,C00354,P0005,card,10599.76
T0011002,2025-09-09T09:11:00,store,S003,C01875,P0019,card,239431.66999999998
T0011005,2025-09-08T03:11:00,store,S001,C02421,P0020,card,215758.54
T0011007,2025-09-14T08:53:00,store,S005,C00414,P0014,card,13231.84
T0011008,2025-09-11T00:09:00,store,S004,C00894,P0005,cash,5430.79
T0011010,2025-09-09T15:55:00,store,S004,C01345,P0005,card,28659.42
T0011011,2025-09-29T10:21:00,store,S006,C00344,P0016,card,12005.11
T0011012,2025-09-02T07:23:00,store,S001,C00435,P0009,card,63400.67
T0011013,2025-09-11T19:51:00,store,S004,C01833,P0026,card,183527.91999999998
T0011014,2025-09-12T08:26:00,store,S005,C00662,P0025,cash,195750.48
T0011015,2025-09-12T10:15:00,store,S003,C01259,P0017,card,143644.07
T0011018,2025-09-16T15:47:00,store,S004,C00112,P0005,cash,33170.38
T0011019,2025-09-21T14:08:00,store,S001,C01236,P0020,card,236200.75
T0011020,2025-09-10T08:36:00,store,S004,C00334,P0005,card,10900.83
T0011021,2025-09-04T13:20:00,store,S006,C02161,P0011,cash,11043.33
T0011022,2025-09-08T07:23:00,store,S004,C01666,P0005,cash,13084.689999999999
T0011025,2025-09-10T04:54:00,store,S001,C01158,P0002,cash,4763.03
T0011026,2025-09-27T14:37:00,store,S002,C01403,P0007,cash,632456.51
T0011027,2025-09-02T12:22:00,store,S003,C00616,P0017,card,99339.23
T0011028,2025-09-20T00:12:00,store,S001,C01562,P0004,cash,17803.239999999998
T0011029,2025-09-23T18:00:00,store,S006,C00614,P0016,card,24836.46
T0011031,2025-09-13T02:07:00,store,S002,C00418,P0010,card,21354.89
T0011032,2025-09-06T04:39:00,store,S005,C00662,P0025,cash,38317.84
T0011033,2025-09-16T01:45:00,store,S004,C00564,P0005,cash,48743.3
T0011034,2025-09-07T21:28:00,store,S004,C02366,P0005,card,125556.48000000001
T0011035,2025-09-29T07:12:00,store,S001,C01644,P0002,card,7261.54
T0011036,2025-09-02T15:13:00,store,S002,C02020,P0001,cash,42584.45
T0011038,2025-09-05T13:00:00,store,S005,C00586,P0025,card,92975.6
T0011039,2025-09-06T19:34:00,store,S004,C01376,P0005,cash,23240.68
T0011040,2025-09-23T06:18:00,store,S001,C00540,P0002,card,21649.73
T0011043,2025-09-27T11:39:00,store,S004,C01701,P0005,card,3217.67
T0011044,2025-09-28T05:36:00,store,S001,C02459,P0006,card,34255.53
T0011045,2025-09-28T23:59:00,store,S005,C01836,P0025,cash,15048.039999999999
T0011048,2025-09-08T04:11:00,store,S006,C01088,P0003,cash,2096.14
T0011051,2025-09-04T11:52:00,store,S003,C02177,P0023,cash,15810.17
T0011052,2025-09-25T08:00:00,store,S001,C00859,P0009,card,239254.42
T0011053,2025-09-28T12:34:00,store,S006,C01822,P0011,cash,28339.67
T0011055,2025-09-30T09:35:00,store,S001,C00571,P0021,card,19940.0
T0011056,2025-09-16T04:39:00,store,S001,C01596,P0021,cash,8521.65
T0011057,2025-09-06T14:35:00,store,S003,C01409,P0022,card,21958.84
T0011058,2025-09-26T09:37:00,store,S002,C01383,P0018,cash,42792.340000000004
T0011059,2025-09-06T09:44:00,store,S005,C02152,P0014,cash,14161.279999999999
T0011060,2025-09-27T09:43:00,store,S006,C02334,P0016,cash,6595.14
T0011061,2025-09-30T08:09:00,store,S004,C02134,P0026,cash,14058.52
T0011062,2025-09-10T10:26:00,store,S002,C01336,P0010,card,14579.66
T0011064,2025-09-07T14:17:00,store,S006,C00013,P0011,card,33552.95
T0011065,2025-09-03T01:24:00,store,S002,C01851,P0001,card,2177.91
T0011066,2025-09-04T05:50:00,store,S001,C01215,P0009,cash,44285.78
T0011067,2025-09-13T17:36:00,store,S005,C01468,P0025,card,42595.340000000004
T0011068,2025-09-28T19:30:00,store,S006,C01389,P0003,cash,35903.64
T0011069,2025-09-21T16:20:00,store,S005,C01985,P0008,card,240557.61
T0011070,2025-09-07T07:18:00,store,S003,C00173,P0017,card,9639.94
T0011071,2025-09-30T21:27:00,store,S006,C00360,P0011,card,27623.88
T0011072,2025-09-24T11:30:00,store,S005,C01183,P0025,card,139249.87
T0011073,2025-09-13T02:21:00,store,S004,C01401,P0005,card,6612.18
T0011074,2025-09-01T08:40:00,store,S004,C01580,P0026,card,138768.14
T0011075,2025-09-27T00:21:00,store,S004,C00535,P0026,card,5747.0
T0011076,2025-09-19T22:45:00,store,S005,C00741,P0014,cash,10141.33
T0011077,2025-09-01T15:06:00,store,S001,C02261,P0020,cash,23067.579999999998
T0011078,2025-09-25T19:50:00,store,S003,C02105,P0017,cash,12251.68
T0011079,2025-09-09T04:59:00,store,S006,C00414,P0003,card,390904.19000000006
T0011080,2025-09-03T05:10:00,store,S004,C02407,P0026,cash,6138.35
T0011083,2025-09-05T16:55:00,store,S001,C01623,P0020,card,205360.15
T0011085,2025-09-22T05:04:00,store,S001,C00648,P0015,card,17533.969999999998
T0011086,2025-09-17T01:27:00,store,S006,C02436,P0024,cash,7734.709999999999
T0011087,2025-09-03T08:23:00,store,S006,C00573,P0024,cash,244839.37
T0011088,2025-09-16T06:14:00,store,S006,C01677,P0024,cash,27414.36
T0011090,2025-09-25T18:10:00,store,S001,C01767,P0006,card,6068.47
T0011091,2025-09-20T02:00:00,store,S001,C00080,P0020,cash,13504.490000000002
T0011092,2025-09-09T19:13:00,store,S003,C01113,P0019,card,25658.989999999998
T0011093,2025-09-07T00:42:00,store,S006,C00792,P0016,card,4527.88
T0011095,2025-09-15T12:32:00,store,S003,C00055,P0019,cash,41773.58
T0011096,2025-09-07T04:57:00,store,S001,C00108,P0002,cash,8841.36
T0011098,2025-09-24T19:26:00,store,S006,C01214,P0011,card,14999.86
T0011099,2025-09-01T14:15:00,store,S006,C01631,P0016,cash,9559.720000000001
T0011100,2025-09-15T15:39:00,store,S006,C00703,P0003,cash,115865.71
T0011101,2025-09-18T11:37:00,store,S001,C01479,P0006,cash,17304.97
T0011103,2025-09-03T14:09:00,store,S005,C02068,P0025,card,239105.57
T0011104,2025-09-05T15:41:00,store,S006,C00501,P0024,card,6332.91
T0011106,2025-09-05T22:53:00,store,S006,C00008,P0003,cash,349032.09
T0011108,2025-09-18T20:06:00,store,S006,C00423,P0011,card,212300.18
T0011109,2025-09-03T19:35:00,store,S005,C01643,P0025,cash,11945.32
T0011110,2025-09-01T17:56:00,store,S003,C01369,P0019,cash,32040.010000000002
T0011111,2025-09-29T11:28:00,store,S005,C02429,P0012,cash,2789.42
T0011113,2025-09-26T09:58:00,store,S005,C02404,P0014,card,22108.93
T0011114,2025-09-20T12:22:00,store,S006,C00658,P0016,cash,12027.2
T0011115,2025-09-10T03:04:00,store,S004,C00132,P0026,card,232608.37
T0011116,2025-09-29T01:23:00,store,S001,C00688,P0015,card,57940.0
T0011118,2025-09-09T00:31:00,store,S001,C00939,P0021,cash,9729.92
T0011119,2025-09-20T18:15:00,store,S004,C01481,P0005,cash,30941.36
T0011120,2025-09-26T06:17:00,store,S003,C01842,P0017,cash,19079.45
T0011122,2025-09-11T14:58:00,store,S002,C01633,P0007,card,17422.61
T0011124,2025-09-05T23:19:00,store,S004,C00690,P0026,cash,23826.07
T0011125,2025-09-08T14:32:00,store,S004,C00642,P0026,cash,142594.16999999998
T0011127,2025-09-10T19:55:00,store,S001,C02117,P0006,cash,3470.05
T0011130,2025-09-16T16:24:00,store,S004,C01216,P0005,cash,2170.66
T0011132,2025-09-18T01:47:00,store,S001,C01368,P0021,card,100161.81
T0011134,2025-09-24T08:11:00,store,S004,C02476,P0026,card,15643.89
T0011135,2025-09-25T09:25:00,store,S005,C01640,P0008,cash,199780.24
T0011136,2025-09-18T07:42:00,store,S006,C01293,P0003,cash,162795.15999999997
T0011137,2025-09-13T11:27:00,store,S006,C02285,P0003,card,47989.409999999996
T0011138,2025-09-25T19:08:00,store,S003,C01279,P0023,cash,6059.54
T0011141,2025-09-19T12:38:00,store,S001,C01902,P0002,card,32015.13
T0011142,2025-09-17T21:27:00,store,S006,C00641,P0011,cash,213581.53
T0011143,2025-09-30T15:28:00,store,S005,C01090,P0008,card,24121.45
T0011144,2025-09-27T10:24:00,store,S003,C02241,P0022,card,424257.68
T0011145,2025-09-22T21:46:00,store,S001,C01699,P0009,cash,46452.38
T0011147,2025-09-29T05:13:00,store,S006,C00102,P0011,cash,42081.009999999995
T0011148,2025-09-01T18:40:00,store,S002,C00866,P0018,card,49359.520000000004
T0011150,2025-09-29T13:06:00,store,S002,C00962,P0013,cash,5890.19
T0011153,2025-09-30T17:30:00,store,S006,C01996,P0024,cash,93074.44
T0011154,2025-09-13T20:42:00,store,S003,C01802,P0017,cash,110613.07
T0011156,2025-09-14T12:08:00,store,S005,C00363,P0012,card,21374.59
T0011157,2025-09-27T23:05:00,store,S002,C01956,P0018,card,309269.57999999996
T0011159,2025-09-14T13:00:00,store,S005,C01352,P0025,card,23226.98
T0011160,2025-09-09T20:23:00,store,S001,C00782,P0009,cash,3813.47
T0011161,2025-09-25T12:00:00,store,S004,C00827,P0005,cash,13125.89
T0011162,2025-09-16T11:45:00,store,S003,C02121,P0017,card,485452.73
T0011163,2025-09-24T12:16:00,store,S003,C02221,P0017,cash,9303.029999999999
T0011165,2025-09-25T18:16:00,store,S004,C01510,P0026,cash,22011.75
T0011166,2025-09-12T20:13:00,store,S001,C00765,P0015,cash,10140.970000000001
T0011168,2025-09-01T19:59:00,store,S006,C00451,P0016,card,121825.23
T0011170,2025-09-26T14:39:00,store,S006,C01997,P0003,cash,76248.0
T0011171,2025-09-18T10:07:00,store,S003,C00492,P0019,card,11903.73
T0011174,2025-09-06T07:39:00,store,S004,C00967,P0026,card,19754.19
T0011176,2025-09-08T13:55:00,store,S005,C01852,P0008,cash,237421.47999999998
T0011177,2025-09-07T18:51:00,store,S004,C02328,P0026,cash,73996.81999999999
T0011178,2025-09-12T05:17:00,store,S005,C02353,P0014,cash,5476.72
T0011179,2025-09-30T07:59:00,store,S004,C00481,P0005,card,46360.78
T0011180,2025-09-29T16:22:00,store,S006,C01942,P0024,cash,6651.33
T0011181,2025-09-26T02:59:00,store,S003,C00687,P0022,card,17564.69
T0011184,2025-09-04T03:06:00,store,S006,C01849,P0016,cash,5174.03
T0011185,2025-09-10T13:24:00,store,S005,C01233,P0012,card,4263.49
T0011188,2025-09-13T17:52:00,store,S003,C00482,P0019,cash,119237.54000000001
T0011189,2025-09-08T07:10:00,store,S002,C00422,P0010,card,5413.36
T0011190,2025-09-25T18:12:00,store,S001,C01540,P0020,cash,18123.65
T0011193,2025-09-11T16:27:00,store,S003,C01865,P0023,card,8652.130000000001
T0011194,2025-09-22T05:34:00,store,S006,C01288,P0003,cash,22193.370000000003
T0011195,2025-09-27T03:33:00,store,S005,C01730,P0014,cash,16067.23
T0011196,2025-09-13T09:55:00,store,S006,C00059,P0011,cash,11815.380000000001
T0011199,2025-09-30T18:52:00,store,S004,C00358,P0005,cash,44724.2
T0011200,2025-09-21T07:31:00,store,S004,C02098,P0026,card,14529.51
T0011201,2025-09-09T16:04:00,store,S001,C00694,P0009,cash,14974.86
T0011202,2025-09-07T00:48:00,store,S002,C02077,P0018,card,34561.85
T0011203,2025-09-30T14:02:00,store,S001,C01571,P0015,card,22077.47
T0011204,2025-09-18T02:38:00,store,S006,C00202,P0016,card,140971.44
T0011205,2025-09-07T05:09:00,store,S006,C01570,P0003,card,21362.36
T0011207,2025-09-16T06:53:00,store,S005,C01969,P0014,card,11092.1
T0011209,2025-09-06T12:18:00,store,S004,C01144,P0005,card,15941.68
T0011210,2025-09-29T22:33:00,store,S003,C01103,P0022,cash,202992.69999999998
T0011211,2025-09-28T21:32:00,store,S001,C00477,P0006,cash,15241.7
T0011213,2025-09-14T20:02:00,store,S001,C02379,P0021,cash,50693.73
T0011214,2025-09-14T04:24:00,store,S003,C00442,P0019,card,202838.81
T0011216,2025-09-26T07:50:00,store,S006,C00092,P0024,card,12240.9
T0011217,2025-09-08T06:26:00,store,S005,C00158,P0014,card,15782.73
T0011218,2025-09-18T16:12:00,store,S004,C01808,P0005,card,74374.6
T0011219,2025-09-19T05:45:00,store,S003,C02464,P0019,card,57799.43
T0011220,2025-09-14T23:21:00,store,S004,C00935,P0026,cash,30804.52
T0011221,2025-09-26T17:14:00,store,S004,C00564,P0005,cash,5473.67
T0011225,2025-09-26T05:57:00,store,S001,C02375,P0009,cash,5748.36
T0011226,2025-09-04T22:39:00,store,S001,C01075,P0004,card,10233.43
T0011227,2025-09-14T12:29:00,store,S006,C02099,P0003,cash,9688.24
T0011228,2025-09-28T04:55:00,store,S006,C02398,P0016,card,21460.989999999998
T0011229,2025-09-06T11:15:00,store,S005,C00591,P0025,card,2958.71
T0011231,2025-09-26T04:51:00,store,S004,C01601,P0005,cash,8352.17
T0011232,2025-09-14T01:07:00,store,S001,C01184,P0006,cash,52842.0
T0011233,2025-09-16T17:49:00,store,S002,C00575,P0018,card,9254.98
T0011234,2025-09-07T13:40:00,store,S001,C01036,P0021,cash,1720.85
T0011236,2025-09-26T00:47:00,store,S003,C00527,P0022,card,12313.6
T0011237,2025-09-03T22:21:00,store,S006,C00966,P0016,cash,16420.59
T0011238,2025-09-13T08:07:00,store,S001,C00715,P0002,card,10115.220000000001
T0011240,2025-09-03T01:01:00,store,S001,C01857,P0020,card,8608.01
T0011242,2025-09-01T03:07:00,store,S004,C00549,P0005,card,212402.04
T0011243,2025-09-23T11:34:00,store,S005,C00778,P0008,cash,15848.41
T0011244,2025-09-08T15:26:00,store,S001,C01021,P0004,card,3057.2799999999997
T0011246,2025-09-29T10:29:00,store,S005,C00391,P0014,cash,2363.03
T0011248,2025-09-08T02:00:00,store,S003,C00425,P0022,cash,13572.86
T0011251,2025-09-11T01:09:00,store,S005,C01137,P0008,card,255023.48
T0011255,2025-09-09T01:17:00,store,S004,C01614,P0005,card,11875.820000000002
T0011256,2025-09-23T23:44:00,store,S002,C01053,P0010,cash,1039.84
T0011257,2025-09-11T03:34:00,store,S006,C01405,P0011,cash,10310.73
T0011258,2025-09-14T00:06:00,store,S001,C00604,P0020,cash,6160.25
T0011259,2025-09-30T21:32:00,store,S003,C00354,P0022,cash,14005.13
T0011263,2025-09-26T18:44:00,store,S004,C00348,P0005,cash,19338.870000000003
T0011264,2025-09-26T22:05:00,store,S006,C02181,P0024,card,6974.69
T0011265,2025-09-18T20:38:00,store,S004,C02237,P0026,cash,5552.15
T0011266,2025-09-15T11:30:00,store,S006,C01177,P0011,card,31270.07
T0011267,2025-09-26T17:47:00,store,S004,C00215,P0005,card,39331.520000000004
T0011268,2025-09-21T16:51:00,store,S002,C00158,P0010,cash,43512.259999999995
T0011269,2025-09-12T17:46:00,store,S001,C01424,P0020,card,40457.1
T0011270,2025-09-28T20:06:00,store,S006,C01014,P0011,cash,3236.34
T0011271,2025-09-02T21:01:00,store,S006,C00708,P0024,card,1740.25
T0011273,2025-09-10T17:25:00,store,S005,C01310,P0012,cash,17462.78
T0011274,2025-09-25T19:14:00,store,S005,C01522,P0025,card,28874.76
T0011275,2025-09-30T06:54:00,store,S002,C00536,P0007,cash,4510.87
T0011276,2025-09-03T16:19:00,store,S006,C01501,P0011,cash,28926.920000000002
T0011278,2025-09-23T12:42:00,store,S001,C00857,P0009,card,70891.32
T0011279,2025-09-02T08:27:00,store,S006,C01909,P0016,cash,3303.47
T0011282,2025-09-03T11:15:00,store,S006,C01174,P0024,cash,1634.05
T0011283,2025-09-10T11:40:00,store,S002,C00522,P0007,card,45110.85
T0011284,2025-09-01T10:28:00,store,S004,C00026,P0005,cash,6723.49
T0011286,2025-09-20T03:04:00,store,S005,C00706,P0025,cash,84924.21
T0011287,2025-09-11T08:53:00,store,S004,C01574,P0026,cash,38588.13
T0011288,2025-09-20T10:08:00,store,S004,C00145,P0026,card,1313.64
T0011289,2025-09-23T14:09:00,store,S004,C02005,P0005,cash,3576.18
T0011290,2025-09-28T12:39:00,store,S001,C01382,P0021,card,22918.96
T0011291,2025-09-14T01:04:00,store,S001,C01860,P0002,card,528840.73
T0011292,2025-09-13T06:21:00,store,S001,C01256,P0020,card,124299.81
T0011293,2025-09-14T23:37:00,store,S003,C00351,P0019,card,227595.83000000002
T0011294,2025-09-18T19:51:00,store,S005,C01043,P0014,card,1753.92
T0011295,2025-09-07T19:01:00,store,S003,C00893,P0022,cash,9254.92
T0011296,2025-09-11T05:33:00,store,S003,C00948,P0022,card,21425.690000000002
T0011298,2025-09-03T19:37:00,store,S006,C00269,P0016,card,1415.28
T0011299,2025-09-10T05:31:00,store,S004,C01067,P0005,card,488280.1
T0011300,2025-09-07T18:15:00,store,S001,C00950,P0015,card,23483.3
T0011301,2025-09-29T04:46:00,store,S006,C00354,P0011,cash,7417.89
T0011302,2025-09-08T08:16:00,store,S001,C00264,P0006,card,19414.88
T0011305,2025-09-25T06:44:00,store,S003,C02298,P0022,card,3680.21
T0011306,2025-09-16T15:17:00,store,S004,C00894,P0005,card,25338.079999999998
T0011307,2025-09-14T02:44:00,store,S001,C00992,P0004,card,13822.77
T0011312,2025-09-01T02:37:00,store,S004,C02354,P0005,card,12594.54
T0011314,2025-09-27T10:25:00,store,S005,C00495,P0008,card,28576.91
T0011316,2025-09-05T03:19:00,store,S004,C00456,P0005,card,30154.0
T0011317,2025-09-26T09:55:00,store,S005,C01302,P0014,card,36551.78
T0011318,2025-09-02T12:32:00,store,S001,C00756,P0021,card,18295.7
T0011319,2025-09-12T11:56:00,store,S004,C01697,P0026,card,378672.79
T0011320,2025-09-26T11:40:00,store,S002,C01234,P0010,cash,37508.98
T0011321,2025-09-05T04:57:00,store,S005,C00354,P0014,card,21437.730000000003
T0011322,2025-09-13T14:03:00,store,S004,C00591,P0026,card,29384.52
T0011323,2025-09-05T03:09:00,store,S005,C00910,P0008,card,11683.980000000001
T0011324,2025-09-09T06:49:00,store,S006,C00888,P0016,cash,86748.94
T0011325,2025-09-30T21:13:00,store,S004,C00664,P0005,cash,5532.1900000000005
T0011326,2025-09-08T03:13:00,store,S001,C02417,P0004,cash,24081.260000000002
T0011327,2025-09-30T19:37:00,store,S005,C01673,P0025,card,299706.48
T0011328,2025-09-19T21:06:00,store,S003,C00936,P0017,card,226400.31
T0011331,2025-09-12T05:54:00,store,S004,C01495,P0005,card,374160.98
T0011332,2025-09-25T23:08:00,store,S004,C02102,P0026,card,13772.599999999999
T0011335,2025-09-06T22:17:00,store,S001,C00328,P0009,cash,9858.71
T0011336,2025-09-23T14:56:00,store,S004,C01674,P0026,card,14112.06
T0011337,2025-09-26T14:41:00,store,S004,C00897,P0026,cash,22312.14
T0011338,2025-09-09T18:54:00,store,S001,C01198,P0021,cash,134544.19
T0011341,2025-09-02T03:30:00,store,S005,C02137,P0025,cash,37320.44
T0011342,2025-09-04T00:17:00,store,S006,C00064,P0024,cash,81718.86
T0011343,2025-09-20T16:46:00,store,S002,C00136,P0007,cash,44974.270000000004
T0011344,2025-09-05T14:31:00,store,S005,C01584,P0014,card,6460.15
T0011346,2025-09-25T07:20:00,store,S006,C00570,P0016,card,20671.19
T0011347,2025-09-14T23:21:00,store,S005,C01155,P0012,cash,246623.88
T0011348,2025-09-13T19:14:00,store,S006,C02101,P0003,cash,256306.61
T0011352,2025-09-11T14:49:00,store,S006,C00314,P0003,cash,97949.97
T0011354,2025-09-03T08:20:00,store,S006,C02410,P0016,cash,194041.31
T0011355,2025-09-05T09:39:00,store,S001,C02270,P0021,card,9811.7
T0011356,2025-09-22T22:33:00,store,S006,C00830,P0016,cash,34411.09
T0011357,2025-09-18T08:59:00,store,S005,C00705,P0008,cash,51608.43
T0011358,2025-09-05T08:03:00,store,S002,C00657,P0013,card,5999.52
T0011359,2025-09-08T13:52:00,store,S004,C01475,P0026,cash,51678.03
T0011360,2025-09-30T04:43:00,store,S001,C00538,P0004,card,51389.259999999995
T0011361,2025-09-26T16:15:00,store,S005,C00828,P0014,cash,9852.67
T0011362,2025-09-13T00:46:00,store,S006,C00524,P0011,cash,89773.27
T0011365,2025-09-19T19:24:00,store,S004,C01725,P0005,cash,26214.04
T0011367,2025-09-05T15:33:00,store,S006,C01879,P0003,cash,5441.13
T0011369,2025-09-07T15:46:00,store,S002,C00992,P0007,card,9251.48
T0011370,2025-09-27T15:39:00,store,S006,C01315,P0016,card,47649.46
T0011371,2025-09-08T19:07:00,store,S005,C01146,P0008,cash,15165.73
T0011374,2025-09-15T08:15:00,store,S001,C02220,P0021,card,211575.92
T0011375,2025-09-03T10:45:00,store,S005,C01426,P0012,cash,49209.67
T0011377,2025-09-29T06:35:00,store,S002,C01110,P0007,cash,144890.28
T0011378,2025-09-25T18:43:00,store,S006,C00727,P0016,cash,236509.58
T0011379,2025-09-09T23:53:00,store,S001,C00761,P0020,cash,107477.21
T0011380,2025-09-01T20:00:00,store,S001,C00728,P0004,cash,59877.51
T0011385,2025-09-21T05:47:00,store,S003,C00673,P0022,cash,19327.620000000003
T0011386,2025-09-11T13:49:00,store,S002,C00070,P0007,cash,340929.12
T0011387,2025-09-30T23:05:00,store,S005,C02352,P0014,cash,71541.48999999999
T0011388,2025-09-04T22:14:00,store,S001,C00400,P0021,cash,10647.45
T0011389,2025-09-21T08:43:00,store,S006,C01584,P0003,card,261150.2
T0011390,2025-09-10T05:31:00,store,S005,C00648,P0008,cash,27764.29
T0011392,2025-09-19T12:42:00,store,S002,C02155,P0018,cash,19970.07
T0011393,2025-09-30T22:12:00,store,S002,C00505,P0018,card,45369.490000000005
T0011396,2025-09-27T09:50:00,store,S006,C01624,P0024,card,22971.75
T0011397,2025-09-24T20:59:00,store,S001,C01643,P0002,card,248246.86000000002
T0011399,2025-09-29T10:06:00,store,S001,C02012,P0006,cash,293572.17
T0011400,2025-09-14T17:45:00,store,S002,C02430,P0007,cash,1559.1
T0011401,2025-09-23T20:21:00,store,S001,C00787,P0004,cash,21259.0
T0011402,2025-09-08T08:19:00,store,S006,C01185,P0016,card,36975.31
T0011403,2025-09-10T07:58:00,store,S002,C02030,P0007,card,33991.42
T0011404,2025-09-03T23:12:00,store,S005,C02168,P0008,card,10679.09
T0011406,2025-09-23T04:01:00,store,S006,C02361,P0003,card,7001.209999999999
T0011407,2025-09-03T01:47:00,store,S002,C01300,P0018,cash,5772.68
T0011409,2025-09-08T18:23:00,store,S004,C00019,P0026,cash,10783.01
T0011410,2025-09-01T23:26:00,store,S006,C00011,P0024,cash,3163.94
T0011411,2025-09-22T22:03:00,store,S001,C02458,P0004,cash,15344.93
T0011413,2025-09-12T17:16:00,store,S004,C00446,P0026,card,2990.67
T0011414,2025-09-12T08:56:00,store,S003,C01967,P0023,card,16071.33
T0011416,2025-09-21T04:17:00,store,S003,C01861,P0017,card,36656.75
T0011417,2025-09-04T18:48:00,store,S005,C01228,P0012,card,3886.61
T0011418,2025-09-07T21:32:00,store,S003,C02308,P0023,card,19701.47
T0011419,2025-09-05T23:34:00,store,S005,C01455,P0012,card,14254.86
T0011420,2025-09-10T22:30:00,store,S003,C02161,P0022,cash,9344.119999999999
T0011423,2025-09-25T01:14:00,store,S005,C01077,P0014,card,21916.899999999998
T0011424,2025-09-02T17:49:00,store,S005,C00374,P0008,cash,2901.98
T0011428,2025-09-28T14:41:00,store,S004,C00497,P0005,cash,39463.19
T0011430,2025-09-15T20:09:00,store,S004,C01009,P0005,card,1524.9
T0011431,2025-09-07T08:56:00,store,S001,C01716,P0020,cash,7853.94
T0011433,2025-09-16T21:47:00,store,S006,C00335,P0011,cash,1394.72
T0011434,2025-09-14T04:05:00,store,S002,C00573,P0013,cash,31706.309999999998
T0011435,2025-09-11T18:24:00,store,S001,C01407,P0006,card,260643.47
T0011437,2025-09-18T15:10:00,store,S006,C01945,P0011,cash,2586.6
T0011438,2025-09-02T08:24:00,store,S006,C02026,P0016,cash,14584.84
T0011439,2025-09-09T02:14:00,store,S005,C01165,P0014,cash,20832.05
T0011441,2025-09-23T08:06:00,store,S003,C01487,P0022,card,71305.84
T0011442,2025-09-01T06:24:00,store,S002,C01944,P0001,cash,1498.12
T0011443,2025-09-29T00:49:00,store,S001,C00507,P0009,card,34394.75
T0011445,2025-09-27T22:01:00,store,S001,C02496,P0020,card,43443.69
T0011447,2025-09-15T23:55:00,store,S006,C02335,P0003,cash,67931.09
T0011449,2025-09-13T21:40:00,store,S003,C01732,P0023,cash,13367.22
T0011450,2025-09-25T10:15:00,store,S003,C01511,P0017,card,23784.739999999998
T0011451,2025-09-13T12:02:00,store,S002,C00883,P0010,card,51960.37
T0011453,2025-09-23T17:45:00,store,S005,C00527,P0025,card,73225.87
T0011455,2025-09-15T07:57:00,store,S005,C00757,P0014,cash,8864.19
T0011456,2025-09-02T10:17:00,store,S006,C00014,P0003,card,20144.89
T0011458,2025-09-22T08:53:00,store,S001,C01752,P0009,card,40555.83
T0011460,2025-09-16T15:20:00,store,S005,C01172,P0012,cash,22283.32
T0011461,2025-09-18T20:11:00,store,S005,C00797,P0008,cash,41742.329999999994
T0011462,2025-09-19T14:55:00,store,S004,C01948,P0026,card,61155.52
T0011463,2025-09-24T16:32:00,store,S005,C01260,P0012,cash,43593.16
T0011464,2025-09-14T07:26:00,store,S006,C01592,P0003,cash,53288.159999999996
T0011466,2025-09-23T18:33:00,store,S003,C00084,P0017,card,23355.12
T0011467,2025-09-26T09:26:00,store,S003,C01016,P0023,cash,3816.81
T0011469,2025-09-03T03:00:00,store,S004,C01977,P0026,cash,3057.12
T0011470,2025-09-14T22:18:00,store,S003,C00005,P0019,card,234832.19
T0011472,2025-09-17T18:23:00,store,S003,C00176,P0017,cash,23823.82
T0011475,2025-09-09T09:30:00,store,S004,C00077,P0005,card,14042.6
T0011478,2025-09-30T00:16:00,store,S003,C01066,P0022,cash,15963.55
T0011479,2025-09-01T16:38:00,store,S006,C01067,P0011,card,6214.28
T0011481,2025-09-23T13:17:00,store,S006,C01502,P0011,cash,126821.54000000001
T0011482,2025-09-29T09:37:00,store,S004,C00183,P0005,cash,26918.06
T0011483,2025-09-06T06:48:00,store,S004,C02274,P0005,card,32136.38
T0011485,2025-09-03T16:32:00,store,S001,C00022,P0021,card,300024.45
T0011488,2025-09-11T07:19:00,store,S001,C00231,P0015,card,202314.14
T0011489,2025-09-20T17:35:00,store,S003,C00091,P0023,card,9157.05
T0011490,2025-09-11T09:59:00,store,S004,C00106,P0026,card,1630.39
T0011491,2025-09-13T06:39:00,store,S001,C01426,P0020,cash,18725.06
T0011492,2025-09-22T19:55:00,store,S003,C02017,P0019,cash,387985.94
T0011493,2025-09-03T03:35:00,store,S006,C01366,P0016,cash,42988.1
T0011496,2025-09-01T00:49:00,store,S004,C01511,P0005,cash,12262.24
T0011497,2025-09-02T02:49:00,store,S005,C00207,P0012,card,198085.15
T0011498,2025-09-12T00:57:00,store,S004,C01339,P0026,cash,208930.69999999998
T0011499,2025-09-29T18:55:00,store,S005,C02209,P0014,cash,3705.69
T0011500,2025-09-02T11:03:00,store,S002,C01715,P0007,cash,40823.94
T0011501,2025-09-27T16:25:00,store,S001,C00687,P0020,cash,140764.29
T0011502,2025-09-08T13:35:00,store,S003,C00150,P0023,cash,40034.93
T0011503,2025-09-22T23:49:00,store,S006,C00052,P0003,cash,1783.57
T0011504,2025-09-13T22:46:00,store,S003,C01875,P0017,cash,29066.0
T0011505,2025-09-07T11:05:00,store,S006,C01571,P0016,card,5840.139999999999
T0011506,2025-09-18T20:22:00,store,S001,C00154,P0009,card,35400.67
T0011508,2025-09-08T02:51:00,store,S001,C00189,P0015,cash,5202.69
T0011509,2025-09-18T16:40:00,store,S003,C00966,P0023,cash,19970.66
T0011510,2025-09-07T00:11:00,store,S004,C00780,P0005,cash,24032.3
T0011511,2025-09-10T17:43:00,store,S005,C02031,P0014,cash,11022.56
T0011512,2025-09-29T06:33:00,store,S001,C01103,P0021,card,13705.64
T0011513,2025-09-25T20:05:00,store,S004,C02180,P0005,cash,1205.71
T0011514,2025-09-16T11:43:00,store,S001,C01473,P0021,cash,1794.14
T0011515,2025-09-16T13:56:00,store,S003,C00218,P0022,card,1741.72
T0011516,2025-09-05T15:23:00,store,S006,C02130,P0011,card,53165.19
T0011519,2025-09-24T23:27:00,store,S005,C02092,P0012,cash,16630.47
T0011520,2025-09-10T05:18:00,store,S001,C00634,P0002,card,193923.31
T0011521,2025-09-25T23:35:00,store,S004,C01281,P0026,card,207833.74000000002
T0011523,2025-09-29T13:43:00,store,S004,C00950,P0005,cash,38398.59
T0011524,2025-09-08T03:08:00,store,S003,C00661,P0019,card,6935.48
T0011525,2025-09-20T01:11:00,store,S006,C00597,P0024,cash,4343.17
T0011526,2025-09-18T04:10:00,store,S003,C02255,P0022,cash,17849.55
T0011527,2025-09-28T00:27:00,store,S003,C01390,P0023,cash,15510.94
T0011528,2025-09-29T14:09:00,store,S001,C00603,P0009,cash,38083.270000000004
T0011530,2025-09-24T08:43:00,store,S001,C02332,P0015,card,563881.46
T0011533,2025-09-12T19:50:00,store,S002,C02194,P0007,cash,13770.539999999999
T0011534,2025-09-15T22:46:00,store,S003,C00908,P0019,cash,35894.89
T0011536,2025-10-09T10:49:00,online,,C01033,,cod,5226.34
T0011538,2025-10-20T00:44:00,online,,C01317,,card,9756.14
T0011539,2025-10-02T08:58:00,online,,C02462,,wallet,23975.38
T0011540,2025-10-01T23:56:00,online,,C00588,,wallet,4586.03
T0011542,2025-10-04T23:44:00,online,,C01633,,wallet,227128.51
T0011543,2025-10-23T17:25:00,online,,C00315,,cod,6203.16
T0011545,2025-10-02T01:18:00,online,,C01322,,cod,50646.46000000001
T0011546,2025-10-15T05:01:00,online,,C00046,,wallet,15388.029999999999
T0011547,2025-10-17T13:50:00,online,,C01283,,card,6863.0
T0011548,2025-10-07T20:20:00,online,,C02270,,cod,14289.54
T0011550,2025-10-21T17:32:00,online,,C02125,,cod,47300.369999999995
T0011551,2025-10-03T12:30:00,online,,C00271,,wallet,56334.6
T0011553,2025-10-20T15:28:00,online,,C00322,,wallet,110824.92
T0011554,2025-10-05T01:43:00,online,,C02001,,cod,9175.52
T0011555,2025-10-30T21:30:00,online,,C01543,,cod,42949.19
T0011558,2025-10-09T17:18:00,online,,C00237,,cod,141466.11
T0011559,2025-10-13T00:16:00,online,,C01081,,cod,2620.49
T0011561,2025-10-19T00:14:00,online,,C01251,,wallet,16657.02
T0011563,2025-10-15T06:56:00,online,,C00393,,cod,8652.19
T0011567,2025-10-01T20:13:00,online,,C00667,,cod,15076.080000000002
T0011568,2025-10-04T20:37:00,online,,C01168,,wallet,10773.7
T0011570,2025-10-02T03:10:00,online,,C01659,,card,11911.04
T0011571,2025-10-11T20:08:00,online,,C01610,,card,24886.68
T0011572,2025-10-09T20:25:00,online,,C00113,,wallet,12384.48
T0011573,2025-10-21T13:07:00,online,,C02005,,wallet,3221.93
T0011574,2025-10-26T03:54:00,online,,C00033,,card,142815.03999999998
T0011575,2025-10-24T10:57:00,online,,C00872,,wallet,15726.12
T0011576,2025-10-11T23:35:00,online,,C00681,,card,239054.06
T0011577,2025-10-18T01:33:00,online,,C00867,,card,22948.99
T0011579,2025-10-30T07:34:00,online,,C01431,,cod,225524.98
T0011581,2025-10-17T18:16:00,online,,C01574,,cod,30693.239999999998
T0011583,2025-10-06T08:03:00,online,,C01414,,card,107151.32
T0011584,2025-10-10T00:04:00,online,,C00867,,wallet,9646.07
T0011585,2025-10-15T14:49:00,online,,C01825,,cod,276821.55
T0011586,2025-10-01T16:54:00,online,,C00922,,cod,30803.54
T0011587,2025-10-08T02:20:00,online,,C00713,,card,20030.809999999998
T0011588,2025-10-20T10:17:00,online,,C01270,,card,13187.01
T0011589,2025-10-20T19:08:00,online,,C01802,,wallet,201186.9
T0011592,2025-10-24T20:07:00,online,,C00920,,wallet,6776.3
T0011593,2025-10-20T02:57:00,online,,C00756,,card,29661.53
T0011595,2025-10-24T12:32:00,online,,C00984,,cod,21058.98
T0011597,2025-10-20T00:56:00,online,,C02334,,card,43733.96
T0011598,2025-10-08T00:08:00,online,,C00759,,card,6068.9
T0011599,2025-10-19T01:49:00,online,,C00627,,card,224934.38999999998
T0011600,2025-10-22T04:57:00,online,,C00880,,cod,61350.36
T0011601,2025-10-27T15:27:00,online,,C00695,,cod,46141.36
T0011602,2025-10-06T02:01:00,online,,C00374,,cod,33407.39
T0011603,2025-10-16T22:07:00,online,,C00494,,card,27694.260000000002
T0011604,2025-10-21T16:40:00,online,,C02147,,card,10844.0
T0011605,2025-10-10T01:47:00,online,,C01345,,card,15379.5
T0011606,2025-10-12T05:23:00,online,,C00164,,wallet,1387.62
T0011607,2025-10-28T17:50:00,online,,C01266,,wallet,35339.14
T0011610,2025-10-27T23:28:00,online,,C00573,,cod,195781.5
T0011611,2025-10-07T13:35:00,online,,C01998,,cod,8632.39
T0011612,2025-10-31T13:57:00,online,,C01769,,cod,259365.24
T0011613,2025-10-02T06:02:00,online,,C00595,,wallet,26928.12
T0011615,2025-10-28T07:56:00,online,,C01888,,cod,6223.96
T0011617,2025-10-10T17:36:00,online,,C00615,,wallet,5811.43
T0011618,2025-10-21T21:59:00,online,,C00850,,wallet,4565.86
T0011619,2025-10-26T22:55:00,online,,C01203,,wallet,4340.83
T0011620,2025-10-27T05:07:00,online,,C00349,,wallet,3377.0
T0011621,2025-10-18T19:08:00,online,,C02077,,wallet,24920.92
T0011622,2025-10-16T06:22:00,online,,C00168,,cod,1691.43
T0011624,2025-10-19T17:35:00,online,,C00755,,wallet,120793.23000000001
T0011625,2025-10-10T00:07:00,online,,C01546,,wallet,24026.66
T0011626,2025-10-21T21:19:00,online,,C01245,,wallet,14992.13
T0011627,2025-10-11T17:38:00,online,,C00986,,card,2197.5
T0011629,2025-10-27T10:01:00,online,,C01051,,cod,108228.89000000001
T0011630,2025-10-29T06:10:00,online,,C00183,,wallet,13617.53
T0011631,2025-10-08T23:04:00,online,,C00065,,card,28918.4
T0011632,2025-10-07T13:41:00,online,,C00738,,cod,379199.69
T0011634,2025-10-12T12:41:00,online,,C01687,,cod,8269.32
T0011635,2025-10-31T08:01:00,online,,C00407,,card,17032.12
T0011636,2025-10-11T10:39:00,online,,C01106,,card,52520.28999999999
T0011639,2025-10-01T07:44:00,online,,C01959,,cod,216362.96
T0011643,2025-10-06T09:48:00,online,,C02168,,wallet,68967.33
T0011644,2025-10-17T20:13:00,online,,C01263,,wallet,24320.37
T0011645,2025-10-15T19:47:00,online,,C02097,,card,12597.76
T0011647,2025-10-11T14:24:00,online,,C02064,,cod,53641.41
T0011648,2025-10-11T19:36:00,online,,C01940,,cod,17601.36
T0011649,2025-10-10T15:13:00,online,,C01532,,card,4907.67
T0011651,2025-10-02T23:49:00,online,,C00297,,cod,18074.6
T0011652,2025-10-22T21:42:00,online,,C00755,,cod,35519.77
T0011653,2025-10-08T00:43:00,online,,C00188,,card,214022.66999999998
T0011655,2025-10-17T19:37:00,online,,C00415,,card,28750.309999999998
T0011656,2025-10-14T10:34:00,online,,C01274,,wallet,28553.33
T0011657,2025-10-02T19:47:00,online,,C01348,,cod,228469.07
T0011659,2025-10-29T09:13:00,online,,C01580,,card,9532.71
T0011660,2025-10-14T12:28:00,online,,C00502,,cod,17772.309999999998
T0011662,2025-10-30T17:04:00,online,,C01834,,cod,18554.870000000003
T0011663,2025-10-18T02:15:00,online,,C02058,,card,56852.420000000006
T0011666,2025-10-04T08:50:00,online,,C00255,,card,14834.64
T0011668,2025-10-13T02:01:00,online,,C02434,,wallet,246277.18
T0011669,2025-10-17T17:28:00,online,,C00744,,cod,72316.08
T0011670,2025-10-23T20:34:00,online,,C00585,,wallet,432576.13
T0011671,2025-10-16T14:05:00,online,,C01719,,cod,13721.87
T0011672,2025-10-22T10:42:00,online,,C02119,,wallet,27520.96
T0011673,2025-10-10T07:19:00,online,,C01696,,cod,124921.02
T0011675,2025-10-27T18:07:00,online,,C01986,,cod,72745.07
T0011676,2025-10-16T16:52:00,online,,C00061,,card,5536.77
T0011677,2025-10-21T03:28:00,online,,C00629,,wallet,1704.81
T0011679,2025-10-01T20:02:00,online,,C00581,,cod,31783.12
T0011680,2025-10-24T17:54:00,online,,C00396,,wallet,6768.9
T0011682,2025-10-31T22:23:00,online,,C01905,,card,2470.7
T0011683,2025-10-19T14:14:00,online,,C00825,,wallet,31305.53
T0011684,2025-10-01T21:30:00,online,,C01247,,wallet,268474.04
T0011685,2025-10-12T06:09:00,online,,C01653,,card,8302.89
T0011686,2025-10-16T17:28:00,online,,C02227,,cod,4794.24
T0011687,2025-10-25T06:08:00,online,,C02086,,cod,3261.36
T0011689,2025-10-18T07:11:00,online,,C00522,,wallet,232596.63000000003
T0011690,2025-10-18T13:48:00,online,,C02358,,wallet,37133.09
T0011692,2025-10-20T14:12:00,online,,C02462,,card,26931.29
T0011694,2025-10-29T05:58:00,online,,C01373,,card,29012.75
T0011697,2025-10-25T02:15:00,online,,C01861,,cod,17418.52
T0011698,2025-10-07T04:34:00,online,,C00553,,wallet,4084.21
T0011700,2025-10-31T17:21:00,online,,C01052,,wallet,5588.28
T0011702,2025-10-11T07:20:00,online,,C00172,,wallet,349874.31
T0011703,2025-10-28T07:13:00,online,,C01780,,wallet,46480.67
T0011706,2025-10-01T16:04:00,online,,C01099,,card,29072.51
T0011708,2025-10-10T20:31:00,online,,C01776,,cod,6268.2
T0011709,2025-10-29T13:55:00,online,,C01288,,cod,2860.88
T0011710,2025-10-24T15:31:00,online,,C00460,,card,1886.93
T0011711,2025-10-08T09:51:00,online,,C00138,,wallet,464515.31
T0011712,2025-10-06T10:59:00,online,,C01382,,cod,8711.95
T0011713,2025-10-23T04:26:00,online,,C00671,,cod,9512.880000000001
T0011716,2025-10-05T20:15:00,online,,C00525,,cod,9364.55
T0011717,2025-10-04T06:22:00,online,,C02132,,wallet,53271.479999999996
T0011718,2025-10-31T03:07:00,online,,C01757,,wallet,5601.7
T0011720,2025-10-21T04:18:00,online,,C00011,,card,7706.39
T0011721,2025-10-30T04:49:00,online,,C01852,,cod,27550.01
T0011722,2025-10-21T22:23:00,online,,C02108,,wallet,11407.529999999999
T0011724,2025-10-06T23:37:00,online,,C00649,,card,9885.24
T0011725,2025-10-06T21:27:00,online,,C00535,,wallet,40232.759999999995
T0011727,2025-10-01T10:54:00,online,,C02242,,card,7169.07
T0011728,2025-10-03T06:54:00,online,,C01543,,cod,262637.53
T0011729,2025-10-01T11:01:00,online,,C01783,,card,66204.3
T0011730,2025-10-29T02:19:00,online,,C02326,,card,56873.14
T0011731,2025-10-11T05:28:00,online,,C01212,,cod,321120.53
T0011732,2025-10-08T10:15:00,online,,C00662,,card,4842.07
T0011733,2025-10-19T19:31:00,online,,C02384,,wallet,5086.79
T0011734,2025-10-22T08:03:00,online,,C01764,,wallet,7037.98
T0011735,2025-10-18T06:57:00,online,,C01788,,card,4234.86
T0011736,2025-10-01T08:15:00,online,,C02498,,cod,53143.59
T0011737,2025-10-01T10:09:00,online,,C01645,,wallet,47735.36
T0011738,2025-10-02T04:30:00,online,,C00165,,wallet,8972.86
T0011741,2025-10-15T00:18:00,online,,C00386,,cod,56538.35
T0011742,2025-10-12T19:12:00,online,,C00799,,wallet,283386.21
T0011743,2025-10-20T10:17:00,online,,C01389,,card,20682.32
T0011744,2025-10-22T17:57:00,online,,C00303,,cod,18792.7
T0011745,2025-10-28T06:50:00,online,,C01114,,wallet,73046.76
T0011747,2025-10-12T03:38:00,online,,C02405,,wallet,979.07
T0011749,2025-10-13T00:55:00,online,,C00264,,card,284979.2
T0011751,2025-10-25T15:47:00,online,,C00701,,cod,23122.57
T0011752,2025-10-08T10:05:00,online,,C01747,,cod,371143.76
T0011753,2025-10-28T22:00:00,online,,C01759,,cod,23841.65
T0011754,2025-10-10T03:41:00,online,,C00254,,cod,43581.799999999996
T0011756,2025-10-20T13:03:00,online,,C02043,,wallet,30427.11
T0011757,2025-10-06T06:24:00,online,,C01558,,wallet,214502.65
T0011760,2025-10-12T10:06:00,online,,C01103,,wallet,9067.43
T0011763,2025-10-06T19:11:00,online,,C01215,,cod,13241.35
T0011764,2025-10-19T18:45:00,online,,C01268,,cod,207277.2
T0011765,2025-10-10T06:51:00,online,,C00437,,cod,1445.31
T0011766,2025-10-19T08:41:00,online,,C00510,,cod,122803.54000000001
T0011767,2025-10-05T05:55:00,online,,C00406,,cod,742983.02
T0011768,2025-10-22T20:19:00,online,,C01920,,cod,21408.2
T0011771,2025-10-23T08:07:00,online,,C01012,,cod,12779.78
T0011772,2025-10-04T22:36:00,online,,C00822,,wallet,236263.94
T0011773,2025-10-15T01:38:00,online,,C00163,,cod,11333.33
T0011774,2025-10-15T13:10:00,online,,C00867,,wallet,4640.96
T0011776,2025-10-08T23:51:00,online,,C00933,,cod,201596.42
T0011777,2025-10-26T06:36:00,online,,C02161,,wallet,223650.41999999998
T0011779,2025-10-21T23:02:00,online,,C01536,,wallet,9097.52
T0011782,2025-10-13T00:48:00,online,,C02424,,cod,45958.92
T0011783,2025-10-06T10:22:00,online,,C01171,,wallet,13940.83
T0011784,2025-10-06T13:37:00,online,,C02298,,cod,396139.96
T0011785,2025-10-05T23:59:00,online,,C00578,,cod,221503.66999999998
T0011786,2025-10-09T17:55:00,online,,C00471,,cod,54805.05
T0011787,2025-10-22T14:43:00,online,,C01207,,cod,9808.13
T0011789,2025-10-09T01:31:00,online,,C02342,,card,26124.04
T0011791,2025-10-24T21:26:00,online,,C01161,,cod,64146.6
T0011792,2025-10-08T03:25:00,online,,C02223,,wallet,31385.050000000003
T0011793,2025-10-30T15:50:00,online,,C02124,,cod,251966.13
T0011794,2025-10-13T02:41:00,online,,C00324,,cod,15702.66
T0011797,2025-10-10T16:54:00,online,,C00015,,cod,28588.89
T0011798,2025-10-26T03:25:00,online,,C02428,,cod,58046.08
T0011799,2025-10-16T14:26:00,online,,C01387,,cod,8489.28
T0011800,2025-10-06T09:08:00,online,,C01263,,wallet,368371.81
T0011801,2025-10-15T11:37:00,online,,C00921,,wallet,36051.55
T0011803,2025-10-02T10:27:00,online,,C02008,,wallet,16564.14
T0011804,2025-10-18T01:33:00,online,,C02438,,wallet,12112.17
T0011805,2025-10-16T21:37:00,online,,C00827,,cod,1408.32
T0011806,2025-10-15T05:03:00,online,,C00378,,cod,249676.22
T0011807,2025-10-07T01:09:00,online,,C02499,,cod,4955.66
T0011808,2025-10-02T23:38:00,online,,C01885,,cod,10068.71
T0011809,2025-10-09T22:43:00,online,,C01822,,wallet,45569.02
T0011810,2025-10-14T00:48:00,online,,C00274,,card,3110.56
T0011813,2025-10-20T15:43:00,online,,C00149,,cod,31916.22
T0011814,2025-10-15T14:29:00,online,,C01450,,wallet,5508.6
T0011815,2025-10-08T11:48:00,online,,C00959,,wallet,5524.18
T0011817,2025-10-29T18:39:00,online,,C00113,,wallet,13487.240000000002
T0011818,2025-10-23T09:41:00,online,,C00144,,wallet,96727.18999999999
T0011819,2025-10-30T01:27:00,online,,C01721,,wallet,10381.470000000001
T0011820,2025-10-22T07:24:00,online,,C01814,,cod,9925.869999999999
T0011821,2025-10-13T07:57:00,online,,C00995,,card,6870.620000000001
T0011822,2025-10-17T07:53:00,online,,C01770,,cod,35354.4
T0011823,2025-10-09T12:55:00,online,,C01942,,card,26878.589999999997
T0011824,2025-10-20T00:13:00,online,,C00603,,wallet,14949.9
T0011826,2025-10-12T22:44:00,online,,C00346,,cod,3982.07
T0011829,2025-10-29T06:29:00,online,,C02295,,wallet,12899.99
T0011831,2025-10-31T13:24:00,online,,C00698,,cod,3794.44
T0011832,2025-10-20T15:54:00,online,,C00082,,cod,114129.76000000001
T0011833,2025-10-23T02:16:00,online,,C00362,,cod,67646.24
T0011834,2025-10-11T18:45:00,online,,C00634,,wallet,42618.64
T0011837,2025-10-17T18:30:00,online,,C02156,,wallet,14458.189999999999
T0011839,2025-10-20T02:08:00,online,,C01977,,card,137251.33000000002
T0011840,2025-10-03T19:06:00,online,,C01224,,cod,132705.18
T0011841,2025-10-01T20:27:00,online,,C00747,,card,18980.489999999998
T0011842,2025-10-30T21:54:00,online,,C01224,,cod,246008.4
T0011844,2025-10-27T11:24:00,online,,C01920,,wallet,3626.55
T0011846,2025-10-29T08:28:00,online,,C01299,,wallet,65351.05
T0011847,2025-10-29T22:54:00,online,,C00892,,wallet,76382.19
T0011848,2025-10-11T21:15:00,online,,C00631,,cod,1806.53
T0011849,2025-10-11T12:42:00,online,,C01607,,cod,86335.53
T0011851,2025-10-29T02:31:00,online,,C00148,,cod,55095.18
T0011853,2025-10-16T22:26:00,online,,C00151,,card,206130.28
T0011854,2025-10-17T22:16:00,online,,C01614,,wallet,9599.37
T0011855,2025-10-29T17:19:00,online,,C00294,,wallet,19728.29
T0011857,2025-10-29T11:29:00,online,,C01716,,card,17697.07
T0011858,2025-10-01T19:12:00,online,,C00274,,cod,253342.96000000002
T0011859,2025-10-04T18:13:00,online,,C01363,,cod,113705.56
T0011860,2025-10-27T06:34:00,online,,C00310,,cod,12201.39
T0011861,2025-10-09T20:48:00,online,,C00120,,wallet,87862.8
T0011863,2025-10-31T04:55:00,online,,C00324,,wallet,23889.33
T0011864,2025-10-10T11:11:00,online,,C02254,,wallet,48857.75
T0011865,2025-10-21T17:05:00,online,,C01639,,cod,200471.06
T0011869,2025-10-17T00:29:00,online,,C00687,,cod,34822.19
T0011873,2025-10-20T01:47:00,online,,C01965,,cod,65515.55
T0011875,2025-10-20T08:45:00,online,,C00731,,card,26464.89
T0011876,2025-10-08T19:11:00,online,,C01414,,cod,17876.41
T0011877,2025-10-15T21:14:00,online,,C01926,,wallet,33745.19
T0011878,2025-10-21T02:39:00,online,,C00024,,card,27380.46
T0011879,2025-10-22T20:20:00,online,,C02401,,card,213681.05000000002
T0011880,2025-10-31T09:26:00,online,,C01372,,wallet,11302.31
T0011881,2025-10-20T07:32:00,online,,C01384,,cod,398780.44
T0011882,2025-10-12T17:47:00,online,,C00212,,card,8932.11
T0011883,2025-10-17T11:01:00,online,,C01872,,cod,20450.09
T0011885,2025-10-05T08:23:00,online,,C00749,,card,201623.46
T0011886,2025-10-28T14:26:00,online,,C02134,,card,3798.56
T0011888,2025-10-02T16:56:00,online,,C00247,,wallet,234942.53
T0011891,2025-10-06T02:13:00,online,,C00693,,wallet,15200.720000000001
T0011894,2025-10-06T05:00:00,online,,C02461,,wallet,5777.25
T0011896,2025-10-16T05:52:00,online,,C01799,,wallet,15697.21
T0011897,2025-10-15T02:35:00,online,,C01252,,card,25667.510000000002
T0011899,2025-10-12T23:06:00,online,,C02354,,wallet,397026.14
T0011900,2025-10-30T06:39:00,online,,C01490,,cod,28404.32
T0011902,2025-10-17T00:41:00,online,,C00756,,wallet,10512.89
T0011903,2025-10-30T17:25:00,online,,C02365,,cod,16132.17
T0011904,2025-10-01T09:24:00,online,,C00464,,cod,5359.0
T0011905,2025-10-15T00:30:00,online,,C00618,,card,23634.04
T0011907,2025-10-01T22:13:00,online,,C01416,,cod,7562.0
T0011908,2025-10-23T07:23:00,online,,C01566,,cod,6460.110000000001
T0011909,2025-10-04T03:59:00,online,,C01977,,card,7176.860000000001
T0011910,2025-10-24T22:42:00,online,,C02003,,wallet,24365.149999999998
T0011911,2025-10-28T10:08:00,online,,C02181,,card,23033.440000000002
T0011913,2025-10-09T05:09:00,online,,C00169,,cod,16361.62
T0011914,2025-10-28T15:23:00,online,,C00558,,cod,9347.08
T0011915,2025-10-09T00:25:00,online,,C01718,,wallet,19886.940000000002
T0011918,2025-10-04T03:00:00,online,,C01178,,wallet,20651.899999999998
T0011920,2025-10-21T14:24:00,online,,C00598,,wallet,17749.25
T0011921,2025-10-09T16:09:00,online,,C00546,,card,277301.39999999997
T0011924,2025-10-19T04:58:00,online,,C01974,,card,8194.689999999999
T0011925,2025-10-17T12:41:00,online,,C00243,,card,8077.65
T0011926,2025-10-15T16:45:00,online,,C01496,,cod,13069.869999999999
T0011927,2025-10-18T17:41:00,online,,C00494,,card,59074.8
T0011928,2025-10-04T09:41:00,online,,C00657,,cod,15578.79
T0011931,2025-10-18T16:19:00,online,,C02053,,card,78463.27
T0011932,2025-10-06T07:42:00,online,,C00323,,card,13084.35
T0011933,2025-10-17T23:09:00,online,,C00756,,cod,10662.09
T0011934,2025-10-18T20:15:00,online,,C00133,,wallet,30719.77
T0011935,2025-10-16T18:16:00,online,,C01177,,cod,160596.98
T0011937,2025-10-05T17:22:00,online,,C00681,,card,59702.770000000004
T0011938,2025-10-14T06:13:00,online,,C02413,,cod,17511.21
T0011941,2025-10-05T04:55:00,online,,C02459,,wallet,687618.42
T0011943,2025-10-10T07:03:00,online,,C01718,,cod,124267.25
T0011944,2025-10-11T04:15:00,online,,C00889,,wallet,1896.16
T0011945,2025-10-24T04:48:00,online,,C02001,,wallet,27809.43
T0011946,2025-10-10T01:39:00,online,,C02352,,card,14565.529999999999
T0011947,2025-10-17T11:07:00,online,,C02189,,wallet,33186.59
T0011948,2025-10-08T08:16:00,online,,C01212,,wallet,8003.18
T0011949,2025-10-28T01:01:00,online,,C00444,,wallet,35787.47
T0011950,2025-10-18T04:20:00,online,,C01600,,cod,29418.0
T0011951,2025-10-06T07:46:00,online,,C01801,,card,10544.22
T0011952,2025-10-15T05:57:00,online,,C02180,,card,16387.309999999998
T0011953,2025-10-29T03:13:00,online,,C01022,,wallet,7099.969999999999
T0011954,2025-10-13T08:31:00,online,,C00902,,cod,248316.32
T0011956,2025-10-18T12:23:00,online,,C00138,,wallet,139608.38
T0011957,2025-10-31T06:39:00,online,,C01726,,wallet,4331.84
T0011958,2025-10-15T09:29:00,online,,C00722,,cod,126707.59
T0011959,2025-10-07T14:20:00,online,,C01275,,cod,11614.460000000001
T0011960,2025-10-19T11:28:00,online,,C00588,,wallet,5864.43
T0011961,2025-10-15T19:22:00,online,,C00091,,card,67818.45
T0011962,2025-10-11T08:08:00,online,,C01869,,card,7303.48
T0011963,2025-10-07T02:46:00,online,,C00143,,wallet,50905.34
T0011964,2025-10-02T23:57:00,online,,C01692,,card,8580.08
T0011966,2025-10-01T23:47:00,online,,C00969,,card,42196.67
T0011967,2025-10-24T20:36:00,online,,C00040,,card,28740.35
T0011968,2025-10-15T18:24:00,online,,C01055,,cod,17522.78
T0011972,2025-10-13T09:53:00,online,,C02319,,cod,263790.25
T0011973,2025-10-21T15:51:00,online,,C00160,,card,35280.59
T0011974,2025-10-10T00:54:00,online,,C02052,,card,10228.55
T0011975,2025-10-08T12:05:00,online,,C00610,,cod,9200.57
T0011976,2025-10-11T13:33:00,online,,C00141,,wallet,6967.639999999999
T0011977,2025-10-12T06:04:00,online,,C00594,,cod,3265.57
T0011978,2025-10-01T06:17:00,online,,C00867,,card,18213.28
T0011979,2025-10-04T12:15:00,online,,C01116,,wallet,45134.91
T0011980,2025-10-20T05:52:00,online,,C00690,,wallet,302091.37
T0011981,2025-10-29T03:49:00,online,,C00107,,cod,19384.85
T0011983,2025-10-07T11:11:00,online,,C01562,,cod,11555.960000000001
T0011987,2025-10-07T15:50:00,online,,C00778,,wallet,11300.32
T0011988,2025-10-14T03:27:00,online,,C02361,,cod,43319.090000000004
T0011989,2025-10-18T06:55:00,online,,C01249,,wallet,11453.92
T0011990,2025-10-05T02:30:00,online,,C01978,,card,8262.96
T0011992,2025-10-17T08:44:00,online,,C02033,,cod,10191.88
T0011993,2025-10-15T22:51:00,online,,C01714,,wallet,38120.600000000006
T0011994,2025-10-09T18:27:00,online,,C01213,,wallet,48806.51
T0011995,2025-10-09T18:42:00,online,,C01344,,card,9378.12
T0011996,2025-10-21T18:12:00,online,,C00733,,card,7875.43
T0011998,2025-10-06T22:06:00,online,,C02356,,wallet,350630.00999999995
T0011999,2025-10-26T07:59:00,online,,C01113,,wallet,117204.98
T0012000,2025-10-28T04:28:00,online,,C01988,,card,15651.25
T0012002,2025-10-12T18:54:00,online,,C00620,,wallet,386051.43
T0012003,2025-10-02T12:52:00,online,,C01372,,wallet,4125.77
T0012005,2025-10-10T04:00:00,online,,C01975,,cod,217311.08
T0012006,2025-10-02T20:50:00,online,,C02459,,cod,42002.17
T0012007,2025-10-01T09:35:00,online,,C01575,,wallet,9539.6
T0012008,2025-10-02T17:39:00,online,,C01754,,cod,8942.69
T0012009,2025-10-21T00:52:00,online,,C02451,,wallet,8586.23
T0012010,2025-10-11T09:26:00,online,,C00893,,card,19701.45
T0012011,2025-10-24T17:05:00,online,,C00535,,cod,5807.79
T0012013,2025-10-05T23:49:00,online,,C02202,,wallet,3349.75
T0012014,2025-10-30T04:50:00,online,,C01129,,card,106104.2
T0012015,2025-10-06T16:56:00,online,,C00026,,wallet,18014.75
T0012017,2025-10-03T10:31:00,online,,C00181,,cod,15371.86
T0012018,2025-10-20T16:04:00,online,,C00202,,wallet,47202.17
T0012019,2025-10-11T15:49:00,online,,C01389,,cod,31645.870000000003
T0012020,2025-10-06T09:37:00,online,,C01241,,cod,27445.71
T0012022,2025-10-14T18:47:00,online,,C00652,,cod,11546.46
T0012023,2025-10-02T03:07:00,online,,C02305,,cod,216964.71
T0012024,2025-10-21T08:18:00,online,,C00377,,cod,19626.839999999997
T0012025,2025-10-12T08:59:00,online,,C01816,,card,20348.14
T0012026,2025-10-10T13:01:00,online,,C00324,,cod,28708.52
T0012027,2025-10-02T18:07:00,online,,C02249,,card,51986.78
T0012029,2025-10-31T08:55:00,online,,C00136,,cod,45834.17999999999
T0012030,2025-10-10T09:16:00,online,,C00236,,wallet,4517.05
T0012031,2025-10-24T23:20:00,online,,C00388,,cod,12890.93
T0012032,2025-10-24T09:49:00,store,S005,C00074,P0012,cash,2707.25
T0012033,2025-10-11T10:48:00,store,S006,C02007,P0003,cash,3299.41
T0012034,2025-10-23T23:45:00,store,S001,C00339,P0021,cash,30501.079999999998
T0012035,2025-10-22T20:41:00,store,S005,C01463,P0012,card,106384.5
T0012036,2025-10-06T12:30:00,store,S001,C00349,P0021,cash,21491.519999999997
T0012037,2025-10-04T14:39:00,store,S002,C00957,P0001,cash,35375.770000000004
T0012038,2025-10-30T18:11:00,store,S005,C00795,P0014,card,10685.19
T0012039,2025-10-26T09:48:00,store,S003,C02418,P0019,card,75151.84
T0012042,2025-10-02T04:08:00,store,S004,C00331,P0026,cash,21269.57
T0012048,2025-10-20T19:50:00,store,S006,C00903,P0003,card,396679.96
T0012049,2025-10-22T16:35:00,store,S002,C00167,P0013,cash,12073.2
T0012050,2025-10-10T15:36:00,store,S005,C02030,P0012,cash,24073.63
T0012051,2025-10-05T10:07:00,store,S005,C00562,P0014,card,12739.74
T0012052,2025-10-15T05:01:00,store,S001,C01360,P0006,card,19868.379999999997
T0012054,2025-10-19T01:45:00,store,S006,C00234,P0016,cash,28934.98
T0012055,2025-10-25T21:47:00,store,S003,C01562,P0022,cash,12710.0
T0012056,2025-10-11T04:15:00,store,S006,C00170,P0016,cash,14524.310000000001
T0012057,2025-10-08T08:56:00,store,S002,C02125,P0001,cash,56235.8
T0012059,2025-10-01T07:59:00,store,S005,C02339,P0012,cash,2303.69
T0012062,2025-10-03T13:13:00,store,S005,C01956,P0014,card,41624.79
T0012063,2025-10-09T23:15:00,store,S004,C01747,P0026,card,40140.48
T0012064,2025-10-13T08:25:00,store,S002,C00207,P0001,card,3714.8199999999997
T0012065,2025-10-11T14:17:00,store,S003,C01026,P0017,card,208066.08000000002
T0012067,2025-10-08T21:22:00,store,S003,C01858,P0023,cash,5699.02
T0012069,2025-10-12T02:27:00,store,S004,C02064,P0005,cash,102044.55
T0012070,2025-10-10T14:02:00,store,S004,C01114,P0026,card,6776.95
T0012071,2025-10-08T19:21:00,store,S004,C00214,P0005,cash,14156.73
T0012072,2025-10-21T02:36:00,store,S006,C00852,P0003,card,43716.65
T0012073,2025-10-24T07:30:00,store,S004,C02096,P0026,card,36698.66
T0012074,2025-10-11T09:02:00,store,S001,C00472,P0015,cash,29693.25
T0012075,2025-10-12T08:15:00,store,S002,C02232,P0001,card,233213.18
T0012078,2025-10-06T06:02:00,store,S003,C00636,P0023,card,4024.88
T0012079,2025-10-31T06:34:00,store,S006,C02465,P0016,card,77678.49
T0012080,2025-10-06T08:44:00,store,S004,C00236,P0005,cash,50626.64
T0012082,2025-10-26T22:33:00,store,S004,C02066,P0005,card,8685.51
T0012083,2025-10-13T12:50:00,store,S004,C02313,P0005,cash,7369.88
T0012084,2025-10-16T18:10:00,store,S003,C02461,P0022,card,216483.32
T0012085,2025-10-18T14:33:00,store,S005,C00194,P0014,cash,55648.26
T0012086,2025-10-16T09:10:00,store,S004,C00426,P0005,cash,18310.82
T0012089,2025-10-16T11:42:00,store,S004,C01770,P0026,card,210911.17
T0012091,2025-10-04T20:28:00,store,S004,C00951,P0005,cash,1689.32
T0012093,2025-10-12T10:57:00,store,S004,C02031,P0005,cash,4127.78
T0012094,2025-10-27T05:57:00,store,S004,C01677,P0005,cash,127212.42000000001
T0012096,2025-10-01T13:59:00,store,S005,C01030,P0008,card,10554.099999999999
T0012097,2025-10-01T15:56:00,store,S001,C00940,P0009,card,29294.45
T0012098,2025-10-03T14:36:00,store,S005,C01602,P0008,cash,19901.809999999998
T0012100,2025-10-05T03:27:00,store,S006,C01925,P0024,card,15337.289999999999
T0012101,2025-10-24T16:45:00,store,S003,C00834,P0019,cash,240789.66
T0012102,2025-10-14T00:04:00,store,S005,C01291,P0025,cash,14261.7
T0012103,2025-10-10T16:01:00,store,S004,C00745,P0005,card,199100.27
T0012104,2025-10-13T10:57:00,store,S001,C02331,P0015,card,6219.12
T0012105,2025-10-02T05:33:00,store,S001,C02018,P0021,cash,42795.619999999995
T0012106,2025-10-30T16:25:00,store,S004,C00637,P0026,card,15776.079999999998
T0012107,2025-10-26T02:53:00,store,S005,C01845,P0008,cash,51842.47
T0012108,2025-10-23T16:47:00,store,S002,C02080,P0010,card,47798.86
T0012109,2025-10-26T18:43:00,store,S004,C00891,P0005,cash,4970.86
T0012111,2025-10-14T03:02:00,store,S001,C01651,P0021,card,295147.68
T0012114,2025-10-10T07:00:00,store,S006,C00932,P0011,cash,33419.33
T0012115,2025-10-13T13:35:00,store,S004,C01202,P0026,card,312008.44
T0012118,2025-10-19T00:52:00,store,S004,C00953,P0026,card,19143.78
T0012119,2025-10-30T10:47:00,store,S004,C00172,P0026,cash,184754.0
T0012120,2025-10-09T23:28:00,store,S001,C00858,P0004,card,5615.86
T0012122,2025-10-12T19:37:00,store,S001,C01600,P0021,card,2269.09
T0012124,2025-10-03T21:50:00,store,S003,C02252,P0017,card,540160.82
T0012125,2025-10-17T03:24:00,store,S005,C00378,P0012,cash,6229.54
T0012127,2025-10-20T12:43:00,store,S006,C01795,P0016,cash,8084.51
T0012128,2025-10-22T14:04:00,store,S006,C01370,P0024,card,15006.98
T0012129,2025-10-27T21:31:00,store,S006,C00008,P0003,cash,28803.54
T0012130,2025-10-24T08:27:00,store,S006,C00093,P0016,card,10337.79
T0012132,2025-10-02T02:52:00,store,S001,C02058,P0015,card,16713.35
T0012134,2025-10-28T20:12:00,store,S001,C00859,P0015,cash,97559.23
T0012135,2025-10-13T07:31:00,store,S002,C02029,P0001,card,11217.869999999999
T0012137,2025-10-02T15:33:00,store,S006,C01916,P0003,card,19597.14
T0012138,2025-10-10T21:49:00,store,S003,C01791,P0023,card,23135.77
T0012139,2025-10-02T08:54:00,store,S006,C01111,P0024,card,215506.6
T0012140,2025-10-13T13:59:00,store,S001,C01001,P0015,card,34312.85
T0012141,2025-10-04T09:31:00,store,S006,C02081,P0003,card,340322.59
T0012142,2025-10-29T16:34:00,store,S004,C00065,P0005,cash,189308.3
T0012143,2025-10-25T23:50:00,store,S003,C01856,P0023,cash,21481.1
T0012144,2025-10-11T00:25:00,store,S006,C01994,P0011,cash,98350.73
T0012147,2025-10-22T20:51:00,store,S006,C00230,P0016,card,2330.67
T0012148,2025-10-05T12:05:00,store,S004,C01367,P0026,cash,83075.44
T0012149,2025-10-28T23:59:00,store,S001,C02245,P0002,card,51986.53
T0012153,2025-10-20T01:29:00,store,S002,C00739,P0001,card,34582.65
T0012157,2025-10-21T13:18:00,store,S005,C00010,P0008,card,16605.690000000002
T0012159,2025-10-25T22:36:00,store,S003,C01449,P0019,card,5381.58
T0012160,2025-10-21T00:41:00,store,S003,C00311,P0019,card,47985.11
T0012161,2025-10-19T10:57:00,store,S002,C02485,P0018,card,53212.44
T0012163,2025-10-31T08:55:00,store,S002,C01876,P0018,cash,6874.8
T0012165,2025-10-22T04:52:00,store,S004,C00577,P0026,card,12952.9
T0012166,2025-10-19T09:19:00,store,S004,C00969,P0026,cash,60043.27
T0012168,2025-10-29T06:12:00,store,S004,C01389,P0026,card,30053.09
T0012170,2025-10-12T03:34:00,store,S004,C01526,P0005,card,5952.78
T0012171,2025-10-15T06:51:00,store,S001,C01531,P0020,card,16800.760000000002
T0012173,2025-10-02T09:32:00,store,S005,C00572,P0012,cash,4987.87
T0012175,2025-10-09T16:37:00,store,S006,C00222,P0003,cash,11372.11
T0012177,2025-10-26T17:21:00,store,S005,C02256,P0025,cash,27417.19
T0012178,2025-10-20T04:13:00,store,S006,C00528,P0011,cash,18464.73
T0012180,2025-10-07T23:08:00,store,S006,C02101,P0016,cash,45602.2
T0012182,2025-10-21T01:28:00,store,S006,C00192,P0024,card,13566.54
T0012185,2025-10-24T09:55:00,store,S004,C00099,P0026,cash,6956.7
T0012187,2025-10-26T14:16:00,store,S005,C02004,P0008,cash,137553.28
T0012188,2025-10-20T11:14:00,store,S005,C00010,P0008,cash,10634.61
T0012189,2025-10-24T20:03:00,store,S003,C00026,P0022,card,204874.92
T0012190,2025-10-24T08:43:00,store,S005,C02275,P0012,cash,5729.4
T0012191,2025-10-01T11:15:00,store,S005,C02460,P0012,card,5343.389999999999
T0012193,2025-10-02T12:54:00,store,S004,C00051,P0026,card,11669.099999999999
T0012194,2025-10-30T10:01:00,store,S002,C02276,P0007,cash,25815.33
T0012195,2025-10-07T06:22:00,store,S006,C01077,P0003,card,15724.48
T0012196,2025-10-21T13:20:00,store,S001,C02266,P0021,cash,9091.26
T0012197,2025-10-13T00:37:00,store,S003,C01759,P0022,card,63236.96
T0012199,2025-10-11T12:54:00,store,S003,C02308,P0017,card,17088.75
T0012203,2025-10-10T04:56:00,store,S006,C00527,P0011,cash,245944.37
T0012204,2025-10-21T16:18:00,store,S003,C00020,P0022,card,5247.110000000001
T0012205,2025-10-29T05:18:00,store,S005,C00931,P0012,card,253520.73
T0012206,2025-10-07T13:27:00,store,S006,C00503,P0024,card,1634.9
T0012208,2025-10-16T02:52:00,store,S003,C01815,P0019,cash,5552.47
T0012210,2025-10-01T04:44:00,store,S004,C00647,P0026,cash,1643.14
T0012211,2025-10-15T04:29:00,store,S002,C00480,P0018,cash,29264.18
T0012213,2025-10-09T21:30:00,store,S004,C02329,P0026,cash,11142.4
T0012214,2025-10-27T18:52:00,store,S005,C01823,P0025,card,389841.26
T0012215,2025-10-21T22:07:00,store,S006,C02243,P0024,card,288754.25
T0012217,2025-10-07T09:17:00,store,S002,C01994,P0001,card,421528.22000000003
T0012218,2025-10-22T12:18:00,store,S003,C01333,P0022,cash,2406.8
T0012221,2025-10-28T14:21:00,store,S006,C01831,P0024,cash,53235.05
T0012223,2025-10-14T10:15:00,store,S004,C00348,P0005,card,105078.37
T0012224,2025-10-19T02:23:00,store,S004,C02291,P0026,cash,24028.22
T0012225,2025-10-28T07:22:00,store,S005,C00894,P0014,cash,4003.29
T0012226,2025-10-21T13:09:00,store,S003,C00566,P0023,card,50975.329999999994
T0012227,2025-10-23T16:58:00,store,S003,C00953,P0017,card,220174.13000000003
T0012228,2025-10-01T06:36:00,store,S001,C00055,P0015,card,51498.12
T0012229,2025-10-09T04:42:00,store,S005,C02379,P0012,cash,234032.88999999998
T0012230,2025-10-23T09:45:00,store,S001,C01144,P0004,cash,16313.829999999998
T0012231,2025-10-23T15:39:00,store,S003,C00341,P0019,card,33084.380000000005
T0012232,2025-10-30T19:33:00,store,S003,C00232,P0019,card,89420.37
T0012234,2025-10-27T01:28:00,store,S003,C00953,P0023,cash,4497.86
T0012236,2025-10-31T17:06:00,store,S001,C01066,P0006,card,2230.9
T0012239,2025-10-14T21:26:00,store,S002,C01361,P0001,cash,28664.79
T0012240,2025-10-19T02:11:00,store,S004,C02239,P0005,card,12483.7
T0012241,2025-10-09T08:04:00,store,S005,C01468,P0025,cash,22290.010000000002
T0012243,2025-10-23T01:35:00,store,S001,C01690,P0009,cash,90404.12
T0012244,2025-10-21T20:50:00,store,S004,C01861,P0005,cash,2716.77
T0012246,2025-10-12T19:03:00,store,S004,C02249,P0026,card,5260.139999999999
T0012249,2025-10-17T05:33:00,store,S006,C02218,P0016,card,9748.04
T0012251,2025-10-18T20:23:00,store,S001,C01372,P0009,card,276476.25
T0012252,2025-10-23T02:04:00,store,S001,C00460,P0006,card,2371.15
T0012253,2025-10-07T05:30:00,store,S002,C01616,P0018,cash,10226.74
T0012254,2025-10-04T00:23:00,store,S002,C01088,P0013,cash,377997.15
T0012256,2025-10-25T13:51:00,store,S002,C01562,P0010,cash,11541.65
T0012263,2025-10-15T02:02:00,store,S001,C02324,P0002,cash,157368.54
T0012267,2025-10-15T06:02:00,store,S006,C00755,P0003,cash,12950.79
T0012268,2025-10-19T19:00:00,store,S005,C02015,P0012,cash,102912.58
T0012269,2025-10-01T02:21:00,store,S004,C02498,P0005,cash,42950.6
T0012271,2025-10-09T23:37:00,store,S002,C01033,P0013,card,16128.939999999999
T0012272,2025-10-31T20:17:00,store,S005,C01603,P0025,card,14909.5
T0012273,2025-10-04T20:51:00,store,S003,C02406,P0019,cash,5026.22
T0012274,2025-10-14T12:14:00,store,S006,C01132,P0016,card,58277.47
T0012275,2025-10-12T20:49:00,store,S005,C01070,P0012,cash,109046.14
T0012277,2025-10-11T22:02:00,store,S005,C01156,P0008,cash,104515.84999999999
T0012279,2025-10-20T03:44:00,store,S001,C01305,P0004,cash,31376.21
T0012280,2025-10-11T10:03:00,store,S004,C00647,P0026,card,11428.96
T0012281,2025-10-20T04:35:00,store,S005,C01822,P0012,cash,31568.12
T0012284,2025-10-05T18:31:00,store,S001,C01584,P0004,card,20644.23
T0012285,2025-10-03T11:11:00,store,S003,C01315,P0017,card,74845.25
T0012286,2025-10-10T19:19:00,store,S005,C00368,P0014,cash,9396.14
T0012287,2025-10-23T22:07:00,store,S001,C01283,P0002,cash,30570.66
T0012289,2025-10-25T08:33:00,store,S003,C01389,P0023,cash,17468.75
T0012291,2025-10-24T01:03:00,store,S003,C00503,P0019,cash,384247.57
T0012293,2025-10-06T07:31:00,store,S001,C01851,P0021,card,12484.75
T0012294,2025-10-28T08:52:00,store,S004,C01269,P0005,cash,233726.82
T0012295,2025-10-26T06:59:00,store,S005,C00919,P0012,cash,8912.54
T0012297,2025-10-17T17:07:00,store,S003,C00523,P0022,card,2214.45
T0012298,2025-10-02T21:35:00,store,S004,C01103,P0005,card,38629.880000000005
T0012300,2025-10-22T23:17:00,store,S006,C02275,P0011,cash,16734.16
T0012302,2025-10-21T16:35:00,store,S002,C00741,P0007,cash,22474.170000000002
T0012303,2025-10-02T19:04:00,store,S004,C00941,P0026,card,1280.75
T0012305,2025-10-03T12:54:00,store,S004,C01490,P0026,cash,9865.369999999999
T0012306,2025-10-14T13:23:00,store,S003,C01415,P0023,cash,12650.94
T0012307,2025-10-06T06:30:00,store,S003,C01051,P0023,card,23565.510000000002
T0012309,2025-10-22T18:21:00,store,S004,C01456,P0005,cash,12997.08
T0012311,2025-10-16T08:29:00,store,S005,C01798,P0014,card,89663.87
T0012312,2025-10-01T09:41:00,store,S001,C00714,P0006,card,3345.88
T0012314,2025-10-22T23:06:00,store,S002,C02286,P0010,cash,11654.92
T0012315,2025-10-07T05:24:00,store,S001,C01277,P0021,card,23127.559999999998
T0012318,2025-10-17T19:58:00,store,S003,C02323,P0023,card,21280.72
T0012319,2025-10-03T03:01:00,store,S001,C01181,P0021,cash,180278.47
T0012320,2025-10-31T01:40:00,store,S001,C00713,P0020,card,343968.31999999995
T0012321,2025-10-04T11:51:00,store,S001,C01167,P0004,cash,270059.24
T0012322,2025-10-31T21:47:00,store,S001,C00306,P0004,cash,10124.93
T0012326,2025-10-12T04:37:00,store,S003,C01349,P0019,cash,110455.02
T0012332,2025-10-20T13:38:00,store,S001,C02262,P0006,cash,7023.62
T0012334,2025-10-19T09:03:00,store,S004,C02035,P0005,card,3913.8
T0012335,2025-10-18T04:23:00,store,S005,C00868,P0014,card,9283.1
T0012336,2025-10-09T23:21:00,store,S004,C01736,P0005,cash,18515.04
T0012337,2025-10-17T18:11:00,store,S006,C02363,P0011,cash,2706.46
T0012340,2025-10-23T04:22:00,store,S004,C00862,P0005,cash,25646.89
T0012341,2025-10-18T09:19:00,store,S003,C02084,P0023,card,39122.69
T0012342,2025-10-25T02:35:00,store,S004,C01766,P0026,cash,206142.55
T0012344,2025-10-21T20:12:00,store,S004,C01152,P0026,card,112751.93000000001
T0012345,2025-10-17T14:05:00,store,S006,C00367,P0016,card,5603.78
T0012347,2025-10-15T02:39:00,store,S004,C01113,P0005,card,5920.42
T0012350,2025-10-12T15:23:00,store,S002,C00404,P0013,cash,26111.63
T0012353,2025-10-12T02:07:00,store,S005,C02067,P0025,card,59082.0
T0012354,2025-10-03T10:13:00,store,S005,C02221,P0012,card,283616.63
T0012356,2025-10-23T07:27:00,store,S005,C01475,P0025,card,3063.63
T0012357,2025-10-14T04:30:00,store,S003,C02469,P0023,cash,23826.590000000004
T0012358,2025-10-04T22:51:00,store,S004,C02065,P0005,card,3431.63
T0012359,2025-10-14T11:41:00,store,S001,C00051,P0020,card,6543.55
T0012360,2025-10-02T14:24:00,store,S002,C02211,P0001,card,14335.380000000001
T0012361,2025-10-07T15:27:00,store,S001,C01468,P0004,card,4443.58
T0012362,2025-10-04T09:30:00,store,S006,C02047,P0003,cash,18461.79
T0012365,2025-10-20T15:41:00,store,S005,C01880,P0008,card,11651.57
T0012368,2025-10-13T15:33:00,store,S005,C00505,P0008,card,235950.69
T0012369,2025-10-18T23:35:00,store,S004,C01450,P0005,cash,4440.37
T0012370,2025-10-22T11:46:00,store,S006,C01560,P0016,cash,7816.870000000001
T0012371,2025-10-01T03:48:00,store,S005,C01728,P0025,cash,12625.79
T0012372,2025-10-23T19:10:00,store,S001,C00939,P0004,card,52788.67999999999
T0012373,2025-10-19T06:53:00,store,S005,C02362,P0008,card,2353.3
T0012376,2025-10-29T10:26:00,store,S004,C01363,P0026,cash,7128.25
T0012377,2025-10-03T11:18:00,store,S005,C00965,P0008,cash,589780.05
T0012379,2025-10-20T11:53:00,store,S004,C00006,P0026,cash,3870.35
T0012381,2025-10-27T00:14:00,store,S003,C01403,P0019,card,261992.24
T0012382,2025-10-05T20:07:00,store,S006,C01731,P0003,cash,3735.71
T0012383,2025-10-27T14:58:00,store,S005,C01158,P0008,card,6592.06
T0012385,2025-10-29T13:37:00,store,S005,C02461,P0025,card,237222.16
T0012387,2025-10-10T23:55:00,store,S004,C01648,P0005,cash,12779.35
T0012389,2025-10-16T05:56:00,store,S004,C02023,P0005,cash,218940.35
T0012390,2025-10-29T18:08:00,store,S005,C00146,P0014,cash,4013.69
T0012391,2025-10-19T18:22:00,store,S003,C00721,P0019,card,8105.95
T0012392,2025-10-01T16:34:00,store,S006,C01670,P0016,card,4713.42
T0012394,2025-10-05T07:53:00,store,S003,C01395,P0019,cash,29552.21
T0012396,2025-10-29T11:56:00,store,S001,C00804,P0021,cash,47178.2
T0012397,2025-10-28T05:29:00,store,S005,C01989,P0014,cash,114809.57
T0012398,2025-10-12T07:40:00,store,S003,C01065,P0022,cash,149521.59
T0012400,2025-10-12T08:50:00,store,S003,C02423,P0019,card,33506.44
T0012401,2025-10-18T04:45:00,store,S003,C02120,P0023,cash,99242.44
T0012402,2025-10-19T22:26:00,store,S004,C01589,P0026,card,25177.1
T0012403,2025-10-16T04:13:00,store,S005,C01933,P0014,cash,26498.14
T0012404,2025-10-26T09:40:00,store,S001,C01588,P0004,cash,15452.8
T0012405,2025-10-17T03:55:00,store,S005,C02028,P0025,card,8626.13
T0012406,2025-10-26T09:47:00,store,S005,C01564,P0025,card,205989.76
T0012408,2025-10-27T02:48:00,store,S005,C02258,P0012,cash,31819.84
T0012409,2025-10-20T21:46:00,store,S001,C00352,P0006,cash,35753.69
T0012410,2025-10-20T23:02:00,store,S006,C00128,P0011,cash,10620.25
T0012411,2025-10-24T09:20:00,store,S005,C00948,P0025,cash,10124.189999999999
T0012413,2025-10-04T20:49:00,store,S002,C00376,P0013,cash,5047.1
T0012414,2025-10-17T01:33:00,store,S005,C00846,P0008,card,25431.8
T0012415,2025-10-26T20:02:00,store,S006,C00556,P0024,card,45178.32
T0012417,2025-10-18T03:54:00,store,S004,C01081,P0026,card,8293.47
T0012418,2025-10-05T04:15:00,store,S006,C01217,P0016,card,4396.2
T0012420,2025-10-05T02:34:00,store,S002,C02106,P0001,card,68992.26999999999
T0012421,2025-10-12T19:36:00,store,S002,C01272,P0013,cash,25865.42
T0012422,2025-10-24T03:48:00,store,S005,C00935,P0014,cash,2572.27
T0012423,2025-10-28T12:28:00,store,S006,C02390,P0011,card,54118.19
T0012424,2025-10-30T01:32:00,store,S006,C00438,P0016,card,9597.84
T0012427,2025-10-09T00:40:00,store,S003,C01825,P0017,card,227001.94999999998
T0012428,2025-10-11T04:39:00,store,S005,C01892,P0012,card,5918.950000000001
T0012429,2025-10-11T06:19:00,store,S004,C02252,P0005,card,11131.19
T0012430,2025-10-17T00:54:00,store,S001,C02494,P0006,card,2571.53
T0012432,2025-10-02T16:51:00,store,S004,C02479,P0026,card,11838.380000000001
T0012433,2025-10-12T02:45:00,store,S005,C00770,P0008,cash,21160.260000000002
T0012434,2025-10-24T18:57:00,store,S005,C00705,P0025,cash,13311.279999999999
T0012435,2025-10-14T23:41:00,store,S003,C00146,P0022,card,195954.63
T0012436,2025-10-06T18:05:00,store,S002,C00606,P0013,cash,15279.79
T0012438,2025-10-04T18:02:00,store,S001,C01114,P0004,cash,7565.709999999999
T0012439,2025-10-17T10:37:00,store,S003,C00274,P0022,cash,28268.16
T0012440,2025-10-17T20:47:00,store,S004,C00061,P0026,card,22481.760000000002
T0012441,2025-10-16T14:13:00,store,S004,C01074,P0026,card,5313.950000000001
T0012442,2025-10-29T21:47:00,store,S004,C01523,P0005,cash,8700.6
T0012443,2025-10-05T21:09:00,store,S006,C02499,P0024,card,201118.19
T0012444,2025-10-16T09:44:00,store,S004,C01788,P0026,cash,27778.089999999997
T0012445,2025-10-19T22:19:00,store,S001,C00535,P0002,cash,15465.06
T0012447,2025-10-28T20:51:00,store,S004,C01901,P0026,cash,146514.02000000002
T0012450,2025-10-01T08:35:00,store,S004,C00519,P0005,card,35199.03
T0012451,2025-10-24T12:18:00,store,S004,C01655,P0026,cash,5195.33
T0012452,2025-10-08T22:07:00,store,S002,C00895,P0013,card,33839.49
T0012453,2025-10-01T02:22:00,store,S001,C01297,P0004,card,220253.64
T0012454,2025-10-15T00:20:00,store,S003,C01653,P0019,card,397875.49
T0012455,2025-10-28T18:55:00,store,S001,C00992,P0004,card,31781.25
T0012456,2025-10-03T06:22:00,store,S003,C01890,P0023,cash,12129.42
T0012457,2025-10-15T07:45:00,store,S002,C00370,P0018,card,6749.04
T0012459,2025-10-28T21:52:00,store,S002,C01595,P0007,card,19302.0
T0012460,2025-10-02T19:11:00,store,S003,C01663,P0019,card,4443.75
T0012461,2025-10-30T12:30:00,store,S002,C01391,P0018,card,45463.520000000004
T0012462,2025-10-25T08:25:00,store,S005,C01953,P0008,cash,15847.3
T0012463,2025-10-11T03:46:00,store,S003,C00206,P0019,card,4534.99
T0012464,2025-10-28T07:32:00,store,S006,C00793,P0003,cash,11105.42
T0012465,2025-10-29T06:09:00,store,S004,C01247,P0026,card,7478.59
T0012466,2025-10-26T23:45:00,store,S004,C01564,P0026,cash,213104.45
T0012467,2025-10-14T14:20:00,store,S001,C00257,P0020,card,25254.33
T0012468,2025-10-08T08:29:00,store,S006,C01158,P0003,cash,12360.349999999999
T0012472,2025-10-16T09:04:00,store,S004,C01099,P0005,cash,40308.54
T0012473,2025-10-15T08:59:00,store,S003,C01152,P0023,cash,372566.64
T0012475,2025-10-03T18:39:00,store,S006,C00354,P0016,cash,240700.9
T0012477,2025-10-22T21:21:00,store,S001,C02493,P0009,cash,250650.4
T0012480,2025-10-19T21:40:00,store,S005,C02428,P0014,cash,276725.55000000005
T0012481,2025-10-11T06:41:00,store,S003,C01510,P0017,cash,129800.62
T0012483,2025-10-06T09:16:00,store,S002,C00921,P0018,card,25884.02
T0012484,2025-10-10T23:20:00,store,S002,C02285,P0007,cash,23497.86
T0012485,2025-10-28T04:55:00,store,S005,C02343,P0008,cash,12178.39
T0012487,2025-10-01T22:29:00,store,S004,C01168,P0026,card,33891.93
T0012488,2025-10-24T10:17:00,store,S006,C01255,P0011,cash,28991.14
T0012490,2025-10-07T13:43:00,store,S002,C00878,P0007,card,11747.77
T0012492,2025-10-16T12:42:00,store,S005,C02289,P0025,card,4889.49
T0012493,2025-10-22T15:31:00,store,S006,C00643,P0016,cash,42896.72
T0012494,2025-10-18T03:38:00,store,S006,C01678,P0024,cash,370893.91
T0012495,2025-10-14T14:27:00,store,S004,C01083,P0005,card,15422.45
T0012496,2025-10-06T15:25:00,store,S001,C01206,P0009,card,13327.55
T0012497,2025-10-12T01:21:00,store,S003,C01655,P0023,card,29371.33
T0012498,2025-10-24T20:36:00,store,S005,C02235,P0012,cash,5537.83
T0012499,2025-10-22T20:15:00,store,S004,C00911,P0026,cash,10045.71
T0012500,2025-10-03T18:39:00,store,S006,C02126,P0016,cash,4505.38
T0012502,2025-10-30T10:24:00,store,S005,C02439,P0014,cash,55468.89
T0012503,2025-10-04T22:53:00,store,S006,C00630,P0024,card,50230.0
T0012506,2025-10-02T20:44:00,store,S006,C01887,P0003,card,10669.359999999999
T0012507,2025-10-30T08:02:00,store,S003,C02304,P0017,cash,267988.02
T0012508,2025-10-25T16:34:00,store,S005,C02153,P0025,card,226048.93
T0012509,2025-10-17T00:10:00,store,S001,C01793,P0004,cash,6688.84
T0012510,2025-10-12T11:47:00,store,S006,C00850,P0011,cash,9657.45
T0012511,2025-10-29T16:18:00,store,S006,C02345,P0016,card,600250.01
T0012512,2025-10-23T07:07:00,store,S001,C01849,P0021,card,52453.7
T0012513,2025-10-08T03:31:00,store,S006,C01216,P0024,card,152760.0
T0012515,2025-10-04T21:26:00,store,S001,C00056,P0020,cash,15392.75
T0012516,2025-10-04T00:03:00,store,S002,C00125,P0018,card,30600.34
T0012517,2025-10-30T16:44:00,store,S001,C00301,P0015,card,14520.81
T0012518,2025-10-09T19:44:00,store,S004,C01756,P0005,cash,20694.16
T0012519,2025-10-28T13:50:00,store,S004,C01179,P0005,card,219197.89
T0012521,2025-10-25T18:05:00,store,S005,C00455,P0014,cash,13383.43
T0012522,2025-10-12T00:57:00,store,S004,C01021,P0026,card,10173.64
T0012523,2025-10-02T21:22:00,store,S004,C00860,P0005,cash,4850.83
T0012524,2025-10-10T02:33:00,store,S001,C01791,P0009,cash,2298.64
T0012525,2025-10-11T01:57:00,store,S005,C02256,P0025,cash,21909.17
T0012526,2025-10-16T03:27:00,store,S003,C01865,P0022,card,81532.04000000001
T0012527,2025-10-20T16:35:00,store,S001,C00438,P0006,card,207504.14
T0012528,2025-10-25T06:53:00,store,S001,C00275,P0006,card,367560.97
T0012529,2025-10-21T12:58:00,store,S004,C01608,P0026,card,44252.45
T0012532,2025-10-03T06:50:00,store,S004,C00598,P0026,cash,12968.08
T0012533,2025-10-28T23:40:00,store,S001,C02052,P0015,card,187864.0
T0012536,2025-10-29T00:31:00,store,S001,C00913,P0002,cash,2719.89
T0012539,2025-10-12T05:52:00,store,S004,C00985,P0026,card,332170.07
T0012540,2025-10-19T09:51:00,store,S003,C02180,P0017,cash,51196.31
T0012541,2025-10-30T14:06:00,store,S003,C01102,P0022,card,26897.3
T0012542,2025-10-06T04:29:00,store,S006,C00162,P0016,card,24618.690000000002
T0012543,2025-10-23T05:55:00,store,S001,C01483,P0021,card,11454.130000000001
T0012545,2025-10-22T22:08:00,store,S004,C01641,P0005,cash,13162.35
T0012547,2025-10-12T19:48:00,store,S001,C00671,P0002,card,10352.35
T0012548,2025-10-15T00:20:00,store,S006,C01754,P0016,cash,3686.54
T0012549,2025-10-01T01:52:00,store,S002,C02001,P0001,cash,38316.86
T0012550,2025-10-31T18:45:00,store,S001,C01206,P0006,cash,4091.07
T0012551,2025-10-04T00:15:00,store,S003,C01564,P0019,card,34592.96
T0012552,2025-10-21T22:13:00,store,S002,C00503,P0010,cash,257273.38
T0012553,2025-10-10T21:47:00,store,S004,C00851,P0005,card,11153.47
T0012555,2025-10-29T21:28:00,store,S005,C01745,P0014,card,11021.46
T0012559,2025-10-09T02:38:00,store,S002,C01297,P0018,card,9015.57
T0012560,2025-10-26T20:56:00,store,S001,C02071,P0021,card,6565.36
T0012561,2025-10-20T19:05:00,store,S002,C00800,P0007,cash,84917.74
T0012562,2025-10-12T11:57:00,store,S002,C00974,P0007,cash,63597.65
T0012563,2025-10-14T06:03:00,store,S006,C00191,P0003,cash,8071.26
T0012565,2025-10-01T08:46:00,store,S002,C00059,P0018,card,324099.24
T0012566,2025-10-26T16:07:00,store,S005,C00349,P0014,cash,4474.83
T0012567,2025-10-28T07:19:00,store,S004,C00859,P0026,cash,171946.63999999998
T0012568,2025-10-31T19:08:00,store,S004,C00108,P0026,cash,92563.23
T0012569,2025-10-29T14:32:00,store,S003,C02178,P0017,card,232028.59999999998
T0012570,2025-10-29T23:55:00,store,S005,C00041,P0008,card,6241.51
T0012571,2025-10-30T17:45:00,store,S002,C01912,P0013,cash,29904.6
T0012572,2025-10-30T16:37:00,store,S006,C01134,P0011,card,246025.39
T0012573,2025-10-14T02:44:00,store,S004,C01365,P0005,cash,16008.530000000002
T0012574,2025-10-24T02:55:00,store,S006,C02287,P0024,card,3535.2799999999997
T0012575,2025-10-16T02:24:00,store,S003,C00389,P0023,card,31029.550000000003
T0012576,2025-10-15T21:06:00,store,S001,C02454,P0009,card,123406.18000000001
T0012577,2025-10-21T21:10:00,store,S005,C01442,P0014,cash,1005.86
T0012578,2025-10-18T14:56:00,store,S006,C02434,P0024,cash,2520.06
T0012579,2025-10-30T07:01:00,store,S005,C01747,P0025,card,23187.239999999998
T0012582,2025-10-22T08:55:00,store,S006,C00478,P0016,cash,4981.17
T0012584,2025-10-15T16:39:00,store,S001,C00324,P0020,card,23837.72
T0012585,2025-10-03T11:21:00,store,S004,C01355,P0005,cash,57867.3
T0012586,2025-10-02T13:27:00,store,S004,C00510,P0026,card,511384.34
T0012587,2025-10-24T11:24:00,store,S004,C01978,P0026,cash,15574.13
T0012588,2025-10-05T04:46:00,store,S004,C00607,P0005,cash,15247.5
T0012590,2025-10-04T10:30:00,store,S001,C01580,P0009,cash,12353.87
T0012591,2025-10-18T18:02:00,store,S005,C01759,P0008,card,27253.1
T0012594,2025-10-27T01:05:00,store,S006,C00525,P0016,card,11778.08
T0012595,2025-10-13T03:08:00,store,S006,C00070,P0003,cash,123448.46999999999
T0012597,2025-10-23T19:40:00,store,S006,C01987,P0024,cash,4343.77
T0012598,2025-10-02T13:10:00,store,S005,C00275,P0025,cash,255571.68999999997
T0012600,2025-10-31T18:45:00,store,S003,C01247,P0019,card,5479.48
T0012602,2025-10-11T09:27:00,store,S001,C01652,P0009,cash,61812.67999999999
T0012603,2025-10-03T12:24:00,store,S005,C01668,P0025,card,26126.34
T0012604,2025-10-22T20:40:00,store,S001,C01271,P0002,cash,33751.09
T0012605,2025-10-27T17:50:00,store,S002,C02241,P0010,cash,531225.03
T0012607,2025-10-15T01:39:00,store,S004,C00155,P0005,cash,20006.550000000003
T0012609,2025-10-09T11:14:00,store,S004,C00954,P0026,cash,3718.83
T0012610,2025-10-25T10:43:00,store,S004,C02106,P0026,card,2133.72
T0012611,2025-10-10T02:52:00,store,S004,C00807,P0026,card,179183.29
T0012613,2025-10-11T15:45:00,store,S001,C01437,P0006,cash,43505.2
T0012614,2025-10-10T14:19:00,store,S005,C02396,P0012,card,7618.76
T0012615,2025-10-29T01:35:00,store,S001,C01001,P0015,cash,6087.21
T0012616,2025-10-06T21:40:00,store,S005,C01204,P0012,cash,2784.47
T0012617,2025-10-05T15:24:00,store,S005,C01950,P0008,card,33661.48
T0012618,2025-10-31T09:27:00,store,S003,C00342,P0017,card,57601.49
T0012620,2025-10-08T23:57:00,store,S001,C00745,P0002,cash,73081.2
T0012621,2025-10-10T04:51:00,store,S004,C01451,P0026,card,6161.05
T0012623,2025-10-10T06:35:00,store,S001,C01209,P0002,cash,11714.65
T0012624,2025-10-26T21:39:00,store,S006,C01477,P0024,card,227010.82
T0012625,2025-10-09T09:06:00,store,S004,C01162,P0026,cash,4348.35
T0012628,2025-10-02T08:39:00,store,S005,C00714,P0025,card,227077.83000000002
T0012629,2025-10-25T20:22:00,store,S005,C01633,P0012,cash,7523.86
T0012630,2025-10-16T17:10:00,store,S006,C02316,P0016,card,12118.14
T0012632,2025-10-28T04:36:00,store,S003,C00502,P0022,card,52552.41999999999
T0012633,2025-10-18T16:42:00,store,S004,C00014,P0026,card,229717.66
T0012634,2025-10-11T10:31:00,store,S006,C02198,P0003,cash,24825.42
T0012635,2025-10-29T16:57:00,store,S004,C01344,P0005,card,251242.41
T0012638,2025-10-15T23:01:00,store,S004,C02481,P0005,card,1776.66
T0012639,2025-10-04T04:42:00,store,S004,C00215,P0026,cash,1416.99
T0012640,2025-10-26T01:35:00,store,S004,C01291,P0005,cash,7649.12
T0012642,2025-10-09T00:25:00,store,S003,C01809,P0022,card,13105.82
T0012643,2025-10-04T20:13:00,store,S005,C01491,P0014,cash,41044.13
T0012645,2025-10-25T03:39:00,store,S001,C00326,P0015,cash,2918.76
T0012646,2025-10-25T03:54:00,store,S001,C02481,P0006,cash,394733.41
T0012647,2025-10-04T21:11:00,store,S004,C01659,P0026,card,28039.800000000003
T0012649,2025-10-30T14:20:00,store,S001,C00650,P0021,card,14621.130000000001
T0012650,2025-10-12T15:52:00,store,S006,C01464,P0024,card,102214.3
T0012651,2025-10-30T22:47:00,store,S001,C00462,P0006,cash,229221.41
T0012654,2025-10-07T01:17:00,store,S002,C02093,P0001,card,405579.37000000005
T0012655,2025-10-02T00:32:00,store,S005,C00022,P0012,card,32568.13
T0012656,2025-10-16T17:17:00,store,S004,C01435,P0026,cash,222457.34
T0012657,2025-10-08T14:02:00,store,S001,C00490,P0002,card,50104.75
T0012658,2025-10-31T17:36:00,store,S004,C01676,P0026,cash,23638.93
T0012659,2025-10-03T09:10:00,store,S004,C01374,P0026,card,96775.06
T0012660,2025-10-21T23:21:00,store,S002,C02285,P0018,cash,40061.020000000004
T0012661,2025-10-30T23:57:00,store,S006,C01297,P0003,cash,47120.43
T0012663,2025-10-23T12:53:00,store,S005,C01907,P0012,card,127297.25
T0012664,2025-10-12T15:47:00,store,S005,C00144,P0014,cash,420579.91
T0012665,2025-10-19T17:20:00,store,S001,C01037,P0021,cash,11674.65
T0012666,2025-10-24T00:36:00,store,S004,C02421,P0005,cash,306915.63
T0012668,2025-10-29T21:33:00,store,S004,C01850,P0005,cash,7572.72
T0012670,2025-10-06T18:52:00,store,S006,C00147,P0016,cash,1429.68
T0012671,2025-10-04T23:52:00,store,S001,C01742,P0009,cash,2917.83
T0012674,2025-10-20T08:16:00,store,S002,C00708,P0018,cash,13937.44
T0012675,2025-10-25T22:39:00,store,S006,C02414,P0011,cash,5221.36
T0012676,2025-10-15T00:07:00,store,S006,C00424,P0024,cash,14533.64
T0012679,2025-10-07T19:07:00,store,S006,C00544,P0024,card,209802.8
T0012680,2025-10-15T10:45:00,store,S006,C00945,P0016,cash,20576.42
T0012681,2025-10-02T16:43:00,store,S002,C01160,P0018,cash,23082.03
T0012682,2025-10-16T03:22:00,store,S004,C01500,P0005,cash,5922.81
T0012683,2025-10-13T00:27:00,store,S005,C01317,P0008,cash,290050.27999999997
T0012685,2025-10-09T00:35:00,store,S005,C00474,P0008,cash,15446.84
T0012690,2025-10-08T10:02:00,store,S002,C00172,P0007,card,1542.65
T0012691,2025-10-15T07:37:00,store,S005,C00935,P0008,cash,134797.59
T0012692,2025-10-26T06:18:00,store,S006,C01819,P0003,card,24381.190000000002
T0012693,2025-10-03T14:25:00,store,S002,C02032,P0013,card,470986.04000000004
T0012695,2025-10-30T03:38:00,store,S005,C01004,P0012,cash,103733.0
T0012696,2025-10-06T03:05:00,store,S006,C00248,P0024,cash,35908.8
T0012697,2025-10-26T02:45:00,store,S001,C00209,P0006,cash,49520.49
T0012698,2025-10-15T10:59:00,store,S004,C00255,P0005,card,72356.42
T0012699,2025-10-13T12:54:00,store,S001,C01892,P0020,card,7468.59
T0012700,2025-10-28T22:20:00,store,S005,C01733,P0014,cash,10098.89
T0012701,2025-10-06T20:33:00,store,S006,C02061,P0011,card,8164.68
T0012702,2025-10-24T00:44:00,store,S004,C01841,P0005,cash,204939.85
T0012703,2025-10-14T02:09:00,store,S002,C02189,P0013,card,17373.62
T0012704,2025-10-26T14:16:00,store,S005,C00966,P0012,cash,30611.17
T0012705,2025-10-07T14:59:00,store,S001,C00621,P0004,cash,204988.31
T0012706,2025-10-21T12:50:00,store,S002,C01556,P0001,card,33746.24
T0012708,2025-10-06T20:00:00,store,S005,C00245,P0014,card,27999.03
T0012709,2025-10-20T00:58:00,store,S002,C02236,P0010,cash,3205.88
T0012710,2025-10-05T04:59:00,store,S005,C01864,P0012,cash,222306.36000000002
T0012711,2025-10-19T11:23:00,store,S004,C01390,P0026,card,80099.63
T0012712,2025-10-24T07:16:00,store,S001,C01195,P0006,card,5290.13
T0012713,2025-10-06T10:09:00,store,S006,C02440,P0003,card,13126.21
T0012715,2025-10-23T23:17:00,store,S001,C02257,P0015,cash,12901.3
T0012716,2025-10-08T07:18:00,store,S001,C01011,P0009,card,93083.13
T0012717,2025-10-11T18:22:00,store,S001,C01185,P0021,cash,35052.82
T0012719,2025-10-01T10:55:00,store,S005,C01914,P0012,cash,9007.43
T0012720,2025-10-20T08:21:00,store,S006,C01888,P0016,cash,283757.52
T0012721,2025-10-01T01:13:00,store,S003,C00144,P0019,cash,1481.49
T0012722,2025-10-04T05:31:00,store,S006,C00902,P0011,cash,26465.46
T0012723,2025-10-21T12:37:00,store,S004,C00788,P0026,card,127773.18
T0012724,2025-10-11T13:53:00,store,S003,C01940,P0017,card,97811.38
T0012725,2025-10-19T06:23:00,store,S003,C00419,P0017,cash,232103.41
T0012728,2025-10-10T10:50:00,store,S005,C01929,P0008,card,215135.77000000002
T0012729,2025-10-09T00:03:00,store,S004,C01691,P0026,cash,2740.26
T0012730,2025-10-19T20:43:00,store,S006,C00103,P0016,cash,6953.55
T0012731,2025-10-09T03:32:00,store,S006,C02184,P0024,cash,59920.090000000004
T0012732,2025-10-24T12:58:00,store,S006,C01214,P0024,card,95710.45000000001
T0012734,2025-10-13T04:05:00,store,S001,C01761,P0002,cash,211380.97
T0012736,2025-10-06T04:31:00,store,S003,C02318,P0019,card,63372.57
T0012737,2025-10-10T19:47:00,store,S004,C00127,P0005,card,123104.08000000002
T0012738,2025-10-20T04:07:00,store,S001,C00710,P0021,cash,12888.77
T0012739,2025-10-11T21:03:00,store,S005,C01173,P0025,card,240257.91999999998
T0012740,2025-10-23T21:51:00,store,S002,C01840,P0010,card,8489.16
T0012745,2025-10-20T19:20:00,store,S003,C00692,P0023,card,9739.05
T0012746,2025-10-02T23:34:00,store,S005,C01905,P0008,card,27789.02
T0012748,2025-10-07T22:18:00,store,S005,C00508,P0012,cash,4734.11
T0012750,2025-10-31T20:41:00,store,S002,C00028,P0013,cash,260241.88999999998
T0012751,2025-10-29T22:20:00,store,S005,C01644,P0014,cash,39195.18
T0012752,2025-10-31T04:24:00,store,S002,C01182,P0010,cash,107552.27
T0012753,2025-10-23T17:50:00,store,S006,C00497,P0011,cash,26930.24
T0012754,2025-10-29T20:07:00,store,S004,C00874,P0026,card,1555.83
T0012755,2025-10-20T07:13:00,store,S001,C00468,P0009,cash,12044.16
T0012756,2025-10-27T03:09:00,store,S002,C01868,P0001,cash,16116.68
T0012757,2025-10-14T10:21:00,store,S002,C01392,P0013,card,234484.38
T0012760,2025-10-08T04:09:00,store,S004,C00746,P0026,cash,23581.93
T0012761,2025-10-01T06:11:00,store,S004,C00529,P0026,cash,26947.13
T0012763,2025-10-19T23:52:00,store,S005,C01232,P0025,cash,17915.82
T0012767,2025-10-30T01:16:00,store,S006,C00412,P0024,card,28653.67
T0012768,2025-10-24T06:22:00,store,S001,C00844,P0009,cash,31797.78
T0012769,2025-10-19T21:14:00,store,S001,C02095,P0009,cash,5733.87
T0012770,2025-10-04T05:08:00,store,S001,C02244,P0006,card,4958.42
T0012771,2025-10-04T20:42:00,store,S004,C00015,P0005,cash,5437.89
T0012774,2025-10-20T19:01:00,store,S005,C01875,P0008,card,31265.96
T0012775,2025-10-22T05:26:00,store,S004,C02088,P0026,card,22747.86
T0012777,2025-10-21T16:02:00,store,S006,C02416,P0016,cash,4835.01
T0012779,2025-10-27T14:46:00,store,S006,C01685,P0016,cash,21200.13
T0012780,2025-10-12T03:12:00,store,S001,C00376,P0020,card,222062.5
T0012781,2025-10-27T11:14:00,store,S002,C00847,P0013,cash,1814.49
T0012783,2025-10-28T15:25:00,store,S002,C01613,P0013,card,11083.04
T0012786,2025-10-01T20:37:00,store,S006,C02211,P0016,cash,10730.869999999999
T0012788,2025-10-22T11:14:00,store,S006,C02316,P0003,cash,396356.67
T0012789,2025-10-27T09:59:00,store,S004,C01780,P0005,cash,19362.66
T0012790,2025-10-24T12:53:00,store,S003,C01914,P0022,card,230650.19
T0012793,2025-10-22T01:40:00,store,S004,C00510,P0005,card,55167.590000000004
T0012794,2025-10-16T12:20:00,store,S001,C02419,P0006,card,200851.62
T0012795,2025-10-31T13:52:00,store,S003,C01514,P0023,card,12040.04
T0012796,2025-10-04T22:50:00,store,S002,C00698,P0007,cash,293612.32999999996
T0012797,2025-10-12T20:54:00,store,S001,C01102,P0002,cash,10870.080000000002
T0012799,2025-10-09T20:36:00,store,S006,C00713,P0003,card,476420.27
T0012800,2025-10-28T17:09:00,store,S001,C00745,P0015,cash,19575.42
T0012801,2025-10-02T19:38:00,store,S002,C01384,P0001,card,5076.53
T0012802,2025-10-15T21:23:00,store,S002,C01066,P0018,cash,225269.43
T0012803,2025-10-13T06:22:00,store,S002,C02358,P0018,cash,10593.01
T0012805,2025-10-23T03:26:00,store,S005,C00372,P0012,cash,42220.549999999996
T0012807,2025-10-10T09:07:00,store,S005,C01298,P0008,card,224813.22999999998
T0012808,2025-10-07T11:21:00,store,S001,C01893,P0021,card,27741.19
T0012810,2025-10-19T21:36:00,store,S004,C01289,P0026,card,16575.96
T0012811,2025-10-02T05:12:00,store,S003,C02428,P0022,cash,14342.900000000001
T0012812,2025-10-01T15:32:00,store,S006,C02308,P0024,card,1839.1
T0012814,2025-10-15T22:35:00,store,S006,C00665,P0016,cash,21525.86
T0012815,2025-10-15T17:11:00,store,S001,C00662,P0015,cash,6224.4800000000005
T0012816,2025-10-07T09:19:00,store,S001,C02146,P0021,card,7513.96
T0012817,2025-10-14T17:34:00,store,S002,C02099,P0013,card,52203.6
T0012818,2025-10-22T22:53:00,store,S004,C02328,P0005,cash,38307.76
T0012819,2025-10-13T13:13:00,store,S005,C01599,P0025,cash,6265.23
T0012821,2025-10-29T08:05:00,store,S006,C00745,P0003,card,17914.26
T0012822,2025-10-04T01:02:00,store,S006,C02232,P0003,cash,12703.17
T0012823,2025-10-23T23:26:00,store,S002,C02493,P0013,card,228363.15
T0012824,2025-10-11T18:41:00,store,S002,C00224,P0018,cash,219724.81
T0012825,2025-10-07T05:51:00,store,S002,C00275,P0013,card,111749.16
T0012826,2025-10-03T22:05:00,store,S005,C00584,P0008,card,1592.72
T0012827,2025-10-17T11:35:00,store,S006,C01275,P0024,cash,27546.22
T0012828,2025-10-09T04:06:00,store,S005,C01309,P0012,card,15729.73
T0012829,2025-11-17T03:47:00,online,,C01163,,cod,37728.770000000004
T0012830,2025-11-26T19:12:00,online,,C00734,,wallet,14031.86
T0012831,2025-11-24T00:28:00,online,,C02483,,wallet,6842.46
T0012832,2025-11-19T16:07:00,online,,C02325,,card,113744.37000000001
T0012833,2025-11-06T06:44:00,online,,C01639,,cod,34536.950000000004
T0012834,2025-11-06T07:05:00,online,,C01041,,cod,8039.799999999999
T0012835,2025-11-22T00:36:00,online,,C00142,,cod,14494.14
T0012836,2025-11-13T20:52:00,online,,C01828,,card,17205.52
T0012837,2025-11-04T10:07:00,online,,C00145,,card,51679.840000000004
T0012838,2025-11-23T22:17:00,online,,C02012,,card,12694.08
T0012840,2025-11-10T13:24:00,online,,C01784,,card,25256.300000000003
T0012841,2025-11-04T16:34:00,online,,C01494,,cod,8139.57
T0012842,2025-11-15T21:40:00,online,,C01682,,wallet,24818.65
T0012843,2025-11-06T21:58:00,online,,C01532,,wallet,3911.46
T0012844,2025-11-04T21:15:00,online,,C01055,,card,4548.21
T0012845,2025-11-27T15:22:00,online,,C01658,,cod,5905.87
T0012846,2025-11-24T09:31:00,online,,C00026,,cod,3198.68
T0012850,2025-11-17T12:03:00,online,,C02400,,cod,41945.12
T0012851,2025-11-13T15:35:00,online,,C01807,,wallet,23456.480000000003
T0012853,2025-11-11T03:15:00,online,,C01374,,card,21896.699999999997
T0012854,2025-11-26T22:40:00,online,,C00452,,cod,7333.61
T0012856,2025-11-19T20:45:00,online,,C02207,,wallet,309206.14
T0012857,2025-11-16T17:06:00,online,,C01523,,cod,18778.27
T0012859,2025-11-22T09:56:00,online,,C02447,,wallet,6556.02
T0012860,2025-11-07T10:20:00,online,,C01722,,card,1172.19
T0012861,2025-11-03T16:12:00,online,,C00215,,cod,23766.170000000002
T0012863,2025-11-30T08:04:00,online,,C00243,,cod,22857.48
T0012864,2025-11-28T05:58:00,online,,C01791,,card,947.62
T0012865,2025-11-08T18:10:00,online,,C00548,,wallet,257981.98
T0012867,2025-11-10T12:17:00,online,,C00410,,wallet,7385.93
T0012868,2025-11-30T17:53:00,online,,C02031,,cod,581852.85
T0012870,2025-11-06T12:29:00,online,,C01256,,wallet,213820.53
T0012871,2025-11-09T19:11:00,online,,C01817,,wallet,54535.96
T0012872,2025-11-09T07:10:00,online,,C01103,,wallet,230834.78
T0012873,2025-11-30T05:52:00,online,,C01454,,card,95896.45000000001
T0012877,2025-11-15T09:43:00,online,,C02383,,cod,13462.88
T0012878,2025-11-27T05:13:00,online,,C01875,,wallet,1769.5
T0012879,2025-11-23T22:16:00,online,,C01971,,wallet,30440.6
T0012882,2025-11-02T06:52:00,online,,C01229,,wallet,15611.52
T0012883,2025-11-30T09:59:00,online,,C01919,,cod,3589.5299999999997
T0012885,2025-11-01T17:57:00,online,,C00354,,cod,25130.63
T0012886,2025-11-20T22:35:00,online,,C02023,,wallet,16327.94
T0012887,2025-11-10T05:35:00,online,,C00368,,card,584467.0900000001
T0012888,2025-11-15T08:56:00,online,,C00940,,cod,23562.899999999998
T0012889,2025-11-21T00:58:00,online,,C02220,,cod,10886.34
T0012890,2025-11-03T15:59:00,online,,C00159,,cod,282040.31
T0012891,2025-11-17T15:58:00,online,,C02256,,card,100143.33
T0012893,2025-11-03T09:46:00,online,,C00024,,cod,8520.33
T0012896,2025-11-12T16:01:00,online,,C01122,,card,66922.64
T0012897,2025-11-01T03:04:00,online,,C00756,,wallet,139883.51
T0012898,2025-11-21T23:27:00,online,,C02097,,card,5942.81
T0012899,2025-11-26T15:03:00,online,,C02041,,wallet,6209.41
T0012900,2025-11-08T16:50:00,online,,C01865,,card,126791.57999999999
T0012901,2025-11-14T20:35:00,online,,C01773,,cod,24533.66
T0012902,2025-11-30T03:27:00,online,,C02031,,wallet,4393.58
T0012903,2025-11-25T10:43:00,online,,C02044,,wallet,22674.809999999998
T0012905,2025-11-23T04:44:00,online,,C01532,,cod,23093.77
T0012906,2025-11-23T16:41:00,online,,C00708,,card,38412.5
T0012907,2025-11-16T10:30:00,online,,C01910,,wallet,193054.33
T0012908,2025-11-26T13:19:00,online,,C02485,,card,23751.24
T0012910,2025-11-16T22:53:00,online,,C01881,,wallet,48597.54
T0012912,2025-11-15T05:38:00,online,,C01605,,wallet,4093.9800000000005
T0012915,2025-11-26T12:05:00,online,,C01909,,cod,229040.78000000003
T0012917,2025-11-02T15:10:00,online,,C01482,,cod,241262.47
T0012919,2025-11-16T14:15:00,online,,C00112,,card,15667.560000000001
T0012923,2025-11-18T03:08:00,online,,C01904,,card,65242.05
T0012925,2025-11-03T11:46:00,online,,C01861,,wallet,11244.67
T0012926,2025-11-10T00:25:00,online,,C01522,,wallet,16398.47
T0012927,2025-11-02T11:25:00,online,,C01189,,wallet,3730.38
T0012928,2025-11-02T03:18:00,online,,C01798,,wallet,5138.139999999999
T0012929,2025-11-23T06:35:00,online,,C01210,,cod,201912.57
T0012930,2025-11-11T04:06:00,online,,C02157,,wallet,220566.16
T0012931,2025-11-24T23:48:00,online,,C01705,,wallet,4637.07
T0012932,2025-11-05T00:40:00,online,,C01577,,cod,51361.31
T0012933,2025-11-11T14:05:00,online,,C02075,,card,4128.13
T0012934,2025-11-08T07:51:00,online,,C00586,,card,5164.02
T0012935,2025-11-06T11:27:00,online,,C02366,,wallet,38734.869999999995
T0012936,2025-11-18T02:40:00,online,,C00131,,wallet,6169.9
T0012938,2025-11-30T06:58:00,online,,C02183,,cod,117778.09
T0012939,2025-11-18T09:22:00,online,,C00033,,wallet,14015.43
T0012940,2025-11-21T01:50:00,online,,C00533,,card,418831.29
T0012941,2025-11-09T11:09:00,online,,C00857,,card,47053.45
T0012946,2025-11-21T13:10:00,online,,C02231,,wallet,6173.84
T0012948,2025-11-26T12:14:00,online,,C00461,,wallet,224582.86
T0012949,2025-11-11T10:01:00,online,,C02044,,cod,9742.77
T0012950,2025-11-23T19:55:00,online,,C02329,,card,132994.34
T0012951,2025-11-06T07:54:00,online,,C02341,,wallet,2426.56
T0012953,2025-11-09T10:06:00,online,,C02354,,card,11741.83
T0012954,2025-11-20T17:50:00,online,,C02375,,card,2868.46
T0012955,2025-11-02T01:18:00,online,,C00714,,wallet,15914.79
T0012956,2025-11-21T13:09:00,online,,C00329,,cod,8979.73
T0012957,2025-11-03T00:14:00,online,,C00937,,cod,18672.809999999998
T0012959,2025-11-29T02:26:00,online,,C00078,,card,22826.42
T0012960,2025-11-18T19:57:00,online,,C02304,,cod,32361.77
T0012962,2025-11-23T14:00:00,online,,C00080,,card,25396.92
T0012965,2025-11-15T16:17:00,online,,C01382,,wallet,10941.189999999999
T0012966,2025-11-04T16:57:00,online,,C00496,,cod,4625.18
T0012967,2025-11-01T05:44:00,online,,C02012,,card,10553.42
T0012968,2025-11-29T07:56:00,online,,C00948,,cod,2066.39
T0012970,2025-11-07T02:28:00,online,,C00640,,cod,30392.710000000003
T0012971,2025-11-14T11:50:00,online,,C01063,,card,150811.27
T0012975,2025-11-16T17:42:00,online,,C00180,,cod,228336.59
T0012977,2025-11-09T09:53:00,online,,C00558,,card,46940.14
T0012979,2025-11-21T04:20:00,online,,C00563,,card,18636.49
T0012980,2025-11-11T08:24:00,online,,C01798,,card,13456.09
T0012981,2025-11-23T23:14:00,online,,C01772,,wallet,15770.25
T0012982,2025-11-25T14:05:00,online,,C02210,,wallet,4849.44
T0012984,2025-11-17T03:36:00,online,,C01170,,card,3004.38
T0012986,2025-11-22T13:19:00,online,,C01747,,cod,16802.06
T0012987,2025-11-24T10:18:00,online,,C02421,,wallet,229175.40999999997
T0012989,2025-11-05T02:05:00,online,,C01911,,cod,16878.5
T0012993,2025-11-15T08:05:00,online,,C00543,,cod,35655.15
T0012994,2025-11-10T11:02:00,online,,C00488,,card,200392.04
T0012996,2025-11-11T12:58:00,online,,C02020,,wallet,210920.61000000002
T0012997,2025-11-06T10:02:00,online,,C01432,,wallet,200672.85
T0013001,2025-11-14T01:34:00,online,,C00053,,cod,2292.97
T0013002,2025-11-01T09:27:00,online,,C00521,,card,4571.27
T0013003,2025-11-27T21:22:00,online,,C01305,,wallet,9277.09
T0013005,2025-11-14T14:39:00,online,,C02190,,card,374869.24999999994
T0013006,2025-11-04T01:22:00,online,,C01465,,wallet,6213.17
T0013007,2025-11-17T02:17:00,online,,C02406,,cod,4079.23
T0013008,2025-11-21T13:06:00,online,,C01659,,cod,2298.04
T0013009,2025-11-26T08:07:00,online,,C00396,,wallet,162328.34999999998
T0013010,2025-11-06T13:03:00,online,,C00655,,card,1391.12
T0013011,2025-11-19T10:05:00,online,,C00499,,card,291827.74
T0013012,2025-11-09T23:16:00,online,,C00491,,card,4451.96
T0013013,2025-11-14T14:10:00,online,,C00049,,card,22438.58
T0013016,2025-11-20T16:27:00,online,,C00813,,wallet,5492.4
T0013017,2025-11-10T08:14:00,online,,C01654,,wallet,103483.01
T0013018,2025-11-13T15:12:00,online,,C01360,,wallet,38420.009999999995
T0013020,2025-11-16T07:59:00,online,,C00578,,wallet,4609.45
T0013021,2025-11-18T12:42:00,online,,C00397,,wallet,208559.96
T0013022,2025-11-04T09:18:00,online,,C01567,,card,92106.45999999999
T0013023,2025-11-03T23:00:00,online,,C00883,,wallet,203448.36000000002
T0013024,2025-11-04T02:22:00,online,,C01915,,card,97102.92
T0013025,2025-11-17T08:57:00,online,,C01399,,cod,12128.83
T0013028,2025-11-01T17:23:00,online,,C00965,,card,6029.84
T0013029,2025-11-03T14:35:00,online,,C01300,,wallet,20795.52
T0013031,2025-11-19T04:35:00,online,,C01807,,cod,11297.36
T0013033,2025-11-01T04:31:00,online,,C01024,,cod,233835.97
T0013034,2025-11-26T20:20:00,online,,C00965,,cod,4588.46
T0013035,2025-11-06T02:12:00,online,,C02390,,cod,4561.13
T0013037,2025-11-30T21:54:00,online,,C00054,,cod,1728.91
T0013039,2025-11-09T13:55:00,online,,C01881,,card,106843.6
T0013040,2025-11-05T23:42:00,online,,C01053,,wallet,10096.63
T0013041,2025-11-13T23:28:00,online,,C01431,,cod,39702.63
T0013042,2025-11-06T00:08:00,online,,C01496,,card,29216.84
T0013044,2025-11-28T23:32:00,online,,C02384,,cod,13973.4
T0013045,2025-11-03T11:08:00,online,,C00852,,wallet,3871.78
T0013046,2025-11-06T16:12:00,online,,C00629,,card,252088.38
T0013048,2025-11-28T12:41:00,online,,C00637,,wallet,230012.01
T0013050,2025-11-21T04:49:00,online,,C01369,,card,27357.48
T0013053,2025-11-25T20:56:00,online,,C01046,,wallet,5062.49
T0013055,2025-11-17T21:14:00,online,,C01923,,cod,40072.259999999995
T0013056,2025-11-17T16:50:00,online,,C01848,,cod,80434.19
T0013057,2025-11-29T02:20:00,online,,C00648,,cod,6462.52
T0013058,2025-11-23T11:56:00,online,,C00414,,cod,7477.93
T0013061,2025-11-10T13:04:00,online,,C02175,,wallet,19061.22
T0013062,2025-11-23T21:33:00,online,,C00624,,cod,4063.29
T0013063,2025-11-17T08:31:00,online,,C01088,,card,7814.55
T0013064,2025-11-27T14:05:00,online,,C01248,,cod,279392.85
T0013065,2025-11-08T11:41:00,online,,C00816,,wallet,7916.54
T0013066,2025-11-14T15:59:00,online,,C02349,,cod,68996.2
T0013067,2025-11-03T06:50:00,online,,C00886,,wallet,17065.190000000002
T0013069,2025-11-21T14:56:00,online,,C00715,,cod,25322.760000000002
T0013070,2025-11-06T20:59:00,online,,C01348,,card,12613.14
T0013071,2025-11-01T15:00:00,online,,C01550,,card,232696.95
T0013072,2025-11-17T19:10:00,online,,C01849,,cod,20637.19
T0013073,2025-11-06T23:57:00,online,,C00182,,card,47833.18
T0013075,2025-11-11T01:27:00,online,,C00994,,cod,9311.53
T0013078,2025-11-05T22:58:00,online,,C00733,,cod,15915.23
T0013079,2025-11-07T23:26:00,online,,C01500,,cod,221107.41999999998
T0013080,2025-11-06T15:05:00,online,,C01823,,card,6834.99
T0013081,2025-11-28T08:14:00,online,,C01167,,cod,218617.56
T0013083,2025-11-08T22:33:00,online,,C01349,,card,68444.79000000001
T0013085,2025-11-02T12:02:00,online,,C01953,,cod,20805.78
T0013089,2025-11-09T07:50:00,online,,C00202,,cod,256556.62
T0013090,2025-11-12T18:15:00,online,,C00740,,wallet,236328.53
T0013091,2025-11-05T20:28:00,online,,C00915,,cod,28035.22
T0013092,2025-11-24T00:55:00,online,,C00917,,wallet,23413.45
T0013093,2025-11-06T15:44:00,online,,C00166,,card,53224.44
T0013094,2025-11-07T19:12:00,online,,C01254,,wallet,15033.210000000001
T0013095,2025-11-12T05:02:00,online,,C01363,,wallet,249303.01
T0013096,2025-11-15T20:09:00,online,,C00057,,wallet,254007.27
T0013097,2025-11-29T19:46:00,online,,C00893,,cod,14114.7
T0013099,2025-11-15T05:05:00,online,,C00236,,card,39334.75
T0013100,2025-11-29T21:58:00,online,,C01979,,card,35316.3
T0013101,2025-11-14T15:58:00,online,,C02406,,cod,246719.94
T0013102,2025-11-03T16:33:00,online,,C00329,,wallet,63200.42
T0013105,2025-11-15T07:27:00,online,,C01724,,card,24425.65
T0013106,2025-11-22T01:52:00,online,,C01584,,wallet,15289.14
T0013107,2025-11-30T10:47:00,online,,C02205,,wallet,5365.75
T0013108,2025-11-04T03:51:00,online,,C00008,,cod,154426.04
T0013110,2025-11-03T17:13:00,online,,C02075,,cod,9457.35
T0013111,2025-11-16T03:27:00,online,,C00759,,card,215428.68
T0013112,2025-11-18T14:57:00,online,,C00255,,cod,254534.75
T0013113,2025-11-24T03:58:00,online,,C01718,,wallet,5093.14
T0013114,2025-11-13T08:20:00,online,,C01769,,wallet,43359.92
T0013115,2025-11-21T02:53:00,online,,C02337,,card,328912.12
T0013116,2025-11-28T06:45:00,online,,C02377,,wallet,11327.08
T0013118,2025-11-04T02:47:00,online,,C01640,,card,18751.989999999998
T0013119,2025-11-15T17:00:00,online,,C01475,,cod,162108.69999999998
T0013120,2025-11-05T10:38:00,online,,C00593,,card,26089.989999999998
T0013121,2025-11-06T14:06:00,online,,C00478,,wallet,3644.46
T0013123,2025-11-04T14:05:00,online,,C00853,,cod,26306.57
T0013125,2025-11-22T19:03:00,online,,C00366,,wallet,43971.71
T0013127,2025-11-17T04:12:00,online,,C00721,,wallet,5528.88
T0013128,2025-11-18T08:56:00,online,,C01240,,card,43052.15
T0013129,2025-11-14T19:28:00,online,,C02044,,cod,24432.36
T0013130,2025-11-04T01:53:00,online,,C01092,,card,252667.06
T0013132,2025-11-18T23:13:00,online,,C02415,,cod,4341.65
T0013133,2025-11-24T06:36:00,online,,C01000,,wallet,95799.35
T0013134,2025-11-14T00:28:00,online,,C00361,,wallet,51710.15
T0013137,2025-11-11T03:05:00,online,,C00539,,wallet,243769.43
T0013138,2025-11-02T01:40:00,online,,C00786,,card,1926.93
T0013139,2025-11-08T17:29:00,online,,C02332,,card,214386.51
T0013140,2025-11-04T20:15:00,online,,C00716,,card,14186.64
T0013142,2025-11-06T09:22:00,online,,C02226,,wallet,154531.27000000002
T0013143,2025-11-08T02:16:00,online,,C01826,,cod,8845.650000000001
T0013144,2025-11-01T17:16:00,online,,C00231,,cod,86722.89000000001
T0013145,2025-11-18T19:28:00,online,,C01531,,card,24012.62
T0013146,2025-11-18T20:32:00,online,,C01742,,wallet,227980.12
T0013148,2025-11-09T12:21:00,online,,C00898,,wallet,10046.1
T0013149,2025-11-04T03:52:00,online,,C02104,,card,7771.26
T0013152,2025-11-12T16:21:00,online,,C00378,,cod,104205.0
T0013153,2025-11-12T15:38:00,online,,C01388,,wallet,17430.41
T0013154,2025-11-11T03:19:00,online,,C01815,,cod,9847.6
T0013156,2025-11-27T18:57:00,online,,C00466,,card,5958.89
T0013158,2025-11-26T04:04:00,online,,C00238,,wallet,30422.3
T0013159,2025-11-24T08:28:00,online,,C01859,,cod,13652.48
T0013160,2025-11-15T22:49:00,online,,C01062,,wallet,258683.56000000003
T0013161,2025-11-16T21:58:00,online,,C00018,,wallet,41821.270000000004
T0013164,2025-11-05T11:38:00,online,,C01709,,cod,33810.840000000004
T0013166,2025-11-30T21:47:00,online,,C00705,,wallet,7826.63
T0013170,2025-11-17T04:05:00,online,,C00312,,wallet,24705.690000000002
T0013172,2025-11-24T22:15:00,online,,C02471,,card,30367.47
T0013173,2025-11-20T05:25:00,online,,C02131,,card,23846.44
T0013175,2025-11-19T04:38:00,online,,C01121,,card,55210.15
T0013176,2025-11-10T13:08:00,online,,C00817,,card,20101.34
T0013177,2025-11-30T07:54:00,online,,C00516,,cod,47484.299999999996
T0013178,2025-11-24T10:02:00,online,,C00878,,card,2657.03
T0013181,2025-11-03T05:06:00,online,,C00051,,cod,21379.76
T0013182,2025-11-19T07:14:00,online,,C01396,,wallet,59436.45
T0013183,2025-11-12T23:51:00,online,,C00425,,wallet,8502.48
T0013184,2025-11-30T08:51:00,online,,C00110,,wallet,33948.03
T0013188,2025-11-17T18:26:00,online,,C02066,,wallet,55412.4
T0013189,2025-11-06T09:29:00,online,,C00573,,card,36387.52
T0013191,2025-11-03T08:02:00,online,,C00203,,cod,34516.869999999995
T0013192,2025-11-29T21:25:00,online,,C02140,,cod,216287.15
T0013194,2025-11-20T18:22:00,online,,C02235,,wallet,10246.27
T0013195,2025-11-22T12:52:00,online,,C02310,,card,11337.46
T0013196,2025-11-05T15:58:00,online,,C02378,,card,351751.99
T0013197,2025-11-07T05:35:00,online,,C01712,,cod,231617.13
T0013198,2025-11-18T19:56:00,online,,C00158,,cod,2744.74
T0013199,2025-11-02T04:41:00,online,,C01783,,cod,48470.090000000004
T0013203,2025-11-25T09:10:00,online,,C02356,,card,19391.39
T0013204,2025-11-05T02:16:00,online,,C00677,,wallet,2362.86
T0013205,2025-11-07T14:06:00,online,,C00113,,wallet,38486.32
T0013206,2025-11-02T21:53:00,online,,C01932,,cod,68443.23999999999
T0013207,2025-11-12T21:12:00,online,,C00708,,cod,12502.92
T0013208,2025-11-29T11:52:00,online,,C02416,,card,7943.49
T0013210,2025-11-26T22:16:00,online,,C02261,,wallet,7460.18
T0013212,2025-11-16T04:26:00,online,,C00256,,wallet,131576.27
T0013213,2025-11-18T14:16:00,online,,C02161,,wallet,53549.04
T0013214,2025-11-10T18:22:00,online,,C01077,,cod,32920.32
T0013215,2025-11-19T13:47:00,online,,C00612,,card,254751.90999999997
T0013216,2025-11-08T10:22:00,online,,C01014,,wallet,21371.75
T0013218,2025-11-01T22:51:00,online,,C01300,,cod,93835.47
T0013219,2025-11-03T12:17:00,online,,C02116,,cod,14896.69
T0013220,2025-11-23T00:23:00,online,,C01357,,wallet,31308.21
T0013221,2025-11-03T15:41:00,online,,C00085,,card,3934.53
T0013223,2025-11-03T01:09:00,online,,C01774,,wallet,13643.46
T0013224,2025-11-11T20:10:00,online,,C00540,,card,228359.16
T0013226,2025-11-11T13:21:00,online,,C00588,,wallet,59260.700000000004
T0013228,2025-11-13T01:49:00,online,,C02427,,card,16124.8
T0013229,2025-11-16T00:53:00,online,,C02397,,card,17300.77
T0013230,2025-11-15T12:25:00,online,,C01050,,card,115669.55
T0013231,2025-11-05T03:05:00,online,,C00908,,wallet,1672.81
T0013232,2025-11-07T12:34:00,online,,C01789,,card,5722.99
T0013233,2025-11-27T03:23:00,online,,C00239,,cod,9740.189999999999
T0013236,2025-11-29T10:12:00,online,,C00868,,cod,201906.34
T0013237,2025-11-23T23:08:00,online,,C01979,,cod,57633.98
T0013238,2025-11-22T08:13:00,online,,C00656,,card,24976.69
T0013239,2025-11-05T16:14:00,online,,C02219,,card,26926.09
T0013242,2025-11-21T04:14:00,online,,C02239,,card,40567.979999999996
T0013243,2025-11-16T04:54:00,online,,C01190,,wallet,12239.130000000001
T0013244,2025-11-27T18:23:00,online,,C01361,,cod,1649.56
T0013247,2025-11-30T13:19:00,online,,C00341,,card,1256.38
T0013248,2025-11-17T08:10:00,online,,C01316,,wallet,206479.04
T0013250,2025-11-19T22:23:00,online,,C00952,,cod,8159.33
T0013251,2025-11-10T00:38:00,online,,C02383,,card,120186.22
T0013252,2025-11-24T06:16:00,online,,C01061,,wallet,3455.46
T0013253,2025-11-26T09:57:00,online,,C01030,,wallet,61162.42
T0013254,2025-11-27T16:53:00,online,,C00222,,cod,23015.01
T0013256,2025-11-21T18:06:00,online,,C00016,,cod,220347.64
T0013257,2025-11-22T12:03:00,online,,C00194,,card,24663.48
T0013260,2025-11-16T19:14:00,online,,C01450,,wallet,15259.05
T0013263,2025-11-22T18:18:00,online,,C00916,,cod,92297.65
T0013264,2025-11-22T20:05:00,online,,C02317,,cod,42710.13
T0013265,2025-11-08T17:06:00,online,,C01501,,card,116457.33
T0013266,2025-11-07T11:15:00,online,,C00466,,cod,32073.04
T0013267,2025-11-14T22:30:00,online,,C01400,,wallet,44630.84
T0013268,2025-11-30T11:24:00,online,,C00617,,cod,56135.92
T0013269,2025-11-27T08:07:00,online,,C00488,,cod,4358.74
T0013270,2025-11-23T09:22:00,online,,C00299,,wallet,356589.92
T0013273,2025-11-11T14:48:00,online,,C01744,,card,33452.8
T0013274,2025-11-07T03:25:00,online,,C01480,,cod,4517.93
T0013275,2025-11-22T00:58:00,online,,C02217,,cod,245420.62
T0013276,2025-11-14T20:56:00,online,,C00841,,wallet,12471.19
T0013277,2025-11-27T09:15:00,online,,C00862,,cod,11306.029999999999
T0013278,2025-11-15T05:34:00,online,,C01725,,wallet,7263.8
T0013279,2025-11-25T02:53:00,online,,C00722,,wallet,6454.57
T0013280,2025-11-08T09:14:00,online,,C01489,,wallet,8637.69
T0013281,2025-11-27T09:10:00,online,,C00565,,cod,10517.17
T0013283,2025-11-17T06:42:00,online,,C01136,,wallet,23971.3
T0013286,2025-11-14T03:38:00,online,,C00780,,card,8408.539999999999
T0013287,2025-11-10T10:15:00,online,,C00307,,wallet,7089.07
T0013288,2025-11-06T12:07:00,online,,C00884,,card,54298.1
T0013289,2025-11-11T18:08:00,online,,C00400,,wallet,64968.96000000001
T0013290,2025-11-15T21:19:00,online,,C00527,,wallet,13055.82
T0013292,2025-11-18T22:17:00,online,,C00471,,cod,245902.78
T0013293,2025-11-11T18:35:00,online,,C02069,,cod,29560.300000000003
T0013294,2025-11-12T00:36:00,online,,C01660,,wallet,17554.75
T0013295,2025-11-17T20:43:00,online,,C01218,,cod,244238.83
T0013296,2025-11-18T11:35:00,online,,C01809,,wallet,13439.04
T0013298,2025-11-17T13:35:00,online,,C01216,,card,18373.49
T0013299,2025-11-27T09:15:00,online,,C01717,,wallet,282789.96
T0013300,2025-11-12T18:58:00,online,,C00850,,wallet,17602.78
T0013301,2025-11-20T06:50:00,online,,C00595,,wallet,236359.77000000002
T0013302,2025-11-09T17:46:00,online,,C00254,,card,3430.84
T0013303,2025-11-21T10:38:00,online,,C00468,,card,13156.17
T0013304,2025-11-18T00:37:00,online,,C01038,,card,10662.0
T0013306,2025-11-27T09:54:00,online,,C01653,,wallet,17223.42
T0013307,2025-11-07T12:26:00,online,,C00165,,cod,4924.8
T0013308,2025-11-12T22:48:00,online,,C01611,,cod,37324.97
T0013309,2025-11-13T21:06:00,online,,C02007,,card,8395.16
T0013310,2025-11-30T23:31:00,online,,C00993,,card,375963.97000000003
T0013311,2025-11-09T15:55:00,online,,C02185,,card,266749.73000000004
T0013312,2025-11-06T07:35:00,online,,C00037,,card,8373.3
T0013313,2025-11-30T19:03:00,online,,C00493,,wallet,55106.74
T0013314,2025-11-23T11:57:00,online,,C01106,,cod,5600.85
T0013315,2025-11-13T08:09:00,online,,C00202,,cod,217628.33
T0013316,2025-11-08T00:39:00,online,,C01254,,cod,66339.91
T0013317,2025-11-28T05:35:00,online,,C01725,,card,220207.46
T0013318,2025-11-24T22:33:00,online,,C00261,,card,6488.58
T0013319,2025-11-08T06:15:00,online,,C01869,,wallet,31307.61
T0013321,2025-11-05T07:39:00,online,,C02443,,wallet,45118.26
T0013322,2025-11-07T21:29:00,online,,C01499,,cod,23039.78
T0013323,2025-11-15T14:14:00,online,,C01354,,card,19627.22
T0013325,2025-11-15T07:13:00,online,,C02258,,cod,20825.079999999998
T0013326,2025-11-20T18:44:00,online,,C01867,,wallet,36980.04
T0013327,2025-11-29T16:17:00,online,,C00198,,card,8298.53
T0013329,2025-11-02T21:01:00,online,,C00724,,wallet,447987.41
T0013331,2025-11-09T15:03:00,online,,C00886,,cod,83058.14
T0013333,2025-11-02T03:28:00,online,,C01772,,card,43414.82
T0013334,2025-11-27T20:04:00,online,,C00841,,wallet,594439.8300000001
T0013335,2025-11-07T22:28:00,online,,C02190,,cod,303599.07999999996
T0013337,2025-11-01T16:49:00,online,,C02116,,card,384268.93
T0013339,2025-11-28T07:21:00,online,,C00854,,card,102008.13
T0013341,2025-11-08T03:41:00,online,,C01323,,card,9388.67
T0013342,2025-11-08T07:16:00,online,,C00876,,cod,7016.43
T0013343,2025-11-10T11:51:00,online,,C01946,,card,201049.83
T0013344,2025-11-19T03:06:00,online,,C02417,,card,20523.65
T0013345,2025-11-27T04:33:00,online,,C00812,,card,1339.98
T0013352,2025-11-01T13:22:00,online,,C02008,,card,37092.229999999996
T0013353,2025-11-20T05:13:00,online,,C00748,,cod,21077.24
T0013354,2025-11-22T13:25:00,online,,C00231,,wallet,5333.84
T0013355,2025-11-04T04:02:00,online,,C00010,,card,57614.15
T0013356,2025-11-10T01:54:00,online,,C00594,,cod,240634.27
T0013357,2025-11-01T02:31:00,online,,C01045,,cod,23913.35
T0013358,2025-11-29T00:20:00,online,,C01156,,cod,11369.08
T0013359,2025-11-20T08:26:00,online,,C00772,,wallet,34963.48
T0013360,2025-11-10T18:32:00,online,,C01051,,cod,88070.03
T0013361,2025-11-28T05:26:00,online,,C02407,,cod,6512.66
T0013362,2025-11-27T20:51:00,online,,C01541,,card,456531.33999999997
T0013364,2025-11-07T02:09:00,online,,C01853,,cod,29446.22
T0013367,2025-11-05T04:32:00,online,,C00106,,cod,45598.28
T0013369,2025-11-29T23:12:00,online,,C02241,,wallet,127434.33
T0013370,2025-11-28T03:02:00,online,,C02025,,card,11473.060000000001
T0013371,2025-11-02T21:28:00,online,,C02232,,card,26012.68
T0013372,2025-11-19T14:49:00,online,,C01993,,wallet,4322.93
T0013375,2025-11-05T04:23:00,online,,C01649,,wallet,125546.96
T0013377,2025-11-20T08:12:00,online,,C01840,,card,21695.65
T0013378,2025-11-11T03:44:00,online,,C01849,,card,9554.95
T0013380,2025-11-14T06:34:00,online,,C00630,,wallet,18261.53
T0013381,2025-11-01T17:00:00,online,,C01587,,wallet,22072.64
T0013382,2025-11-28T15:02:00,online,,C02311,,wallet,14977.2
T0013383,2025-11-06T04:45:00,online,,C01883,,wallet,7283.91
T0013384,2025-11-01T03:51:00,online,,C00710,,cod,58509.100000000006
T0013385,2025-11-10T21:35:00,online,,C01248,,cod,1612.63
T0013386,2025-11-11T15:39:00,online,,C00996,,cod,23660.32
T0013387,2025-11-16T23:59:00,online,,C01152,,wallet,7123.47
T0013389,2025-11-25T10:27:00,online,,C00602,,wallet,114573.25
T0013391,2025-11-09T11:57:00,online,,C02405,,cod,1783.81
T0013392,2025-11-17T07:00:00,online,,C00921,,card,4955.96
T0013393,2025-11-26T04:32:00,online,,C02254,,card,7393.82
T0013394,2025-11-20T05:18:00,online,,C00927,,cod,386226.0
T0013395,2025-11-22T00:25:00,online,,C00084,,wallet,4595.48
T0013397,2025-11-09T11:27:00,online,,C01992,,card,9905.15
T0013399,2025-11-16T17:27:00,online,,C00859,,cod,43941.65
T0013402,2025-11-23T00:45:00,online,,C02332,,wallet,9878.48
T0013405,2025-11-25T08:50:00,online,,C02416,,cod,9899.45
T0013406,2025-11-04T15:02:00,online,,C00914,,card,39848.86
T0013407,2025-11-10T07:40:00,online,,C00350,,card,16207.3
T0013409,2025-11-21T11:31:00,online,,C01526,,card,9878.76
T0013411,2025-11-11T11:59:00,online,,C01526,,wallet,11367.96
T0013413,2025-11-04T05:30:00,online,,C00261,,cod,1846.29
T0013414,2025-11-15T21:39:00,online,,C00123,,card,27744.71
T0013416,2025-11-08T10:22:00,online,,C00491,,cod,8030.620000000001
T0013417,2025-11-12T00:28:00,online,,C02228,,card,5613.09
T0013420,2025-11-20T17:55:00,online,,C02090,,card,17092.75
T0013421,2025-11-15T23:40:00,online,,C01729,,wallet,37549.22
T0013422,2025-11-16T16:03:00,online,,C00153,,cod,5675.6
T0013423,2025-11-11T20:02:00,online,,C01621,,cod,29869.67
T0013425,2025-11-23T14:49:00,online,,C01174,,card,70584.04000000001
T0013426,2025-11-13T16:08:00,online,,C01127,,cod,9405.44
T0013428,2025-11-28T05:11:00,online,,C01235,,cod,9642.51
T0013431,2025-11-17T09:07:00,online,,C00573,,wallet,28417.17
T0013432,2025-11-05T17:01:00,online,,C00926,,card,19535.94
T0013433,2025-11-13T18:07:00,online,,C00120,,card,29057.28
T0013434,2025-11-27T20:26:00,online,,C01507,,card,601778.61
T0013435,2025-11-22T00:19:00,online,,C01747,,card,58451.920000000006
T0013436,2025-11-21T17:27:00,online,,C00631,,cod,392112.32
T0013437,2025-11-30T17:06:00,online,,C01450,,card,114165.18000000001
T0013438,2025-11-01T06:05:00,online,,C00546,,cod,19751.22
T0013439,2025-11-08T21:41:00,online,,C01368,,card,104179.58
T0013442,2025-11-21T14:05:00,online,,C01340,,card,198545.04
T0013443,2025-11-07T01:26:00,online,,C00199,,wallet,5826.85
T0013445,2025-11-12T00:06:00,online,,C00313,,wallet,206963.63
T0013446,2025-11-28T03:57:00,online,,C00586,,cod,41281.77
T0013449,2025-11-26T20:29:00,store,S004,C01511,P0005,card,7124.780000000001
T0013450,2025-11-20T13:03:00,store,S006,C00316,P0011,cash,25314.9
T0013451,2025-11-05T08:32:00,store,S001,C00272,P0006,card,8271.74
T0013452,2025-11-26T08:03:00,store,S004,C01974,P0005,card,10897.63
T0013453,2025-11-18T07:32:00,store,S001,C01503,P0004,card,24878.19
T0013454,2025-11-05T05:49:00,store,S005,C01282,P0012,cash,15185.32
T0013456,2025-11-03T10:11:00,store,S006,C00481,P0024,card,54741.4
T0013458,2025-11-07T05:33:00,store,S001,C01103,P0021,card,209792.36
T0013459,2025-11-21T14:11:00,store,S001,C02364,P0002,cash,36676.42
T0013460,2025-11-14T06:39:00,store,S003,C01765,P0022,cash,23650.3
T0013462,2025-11-21T12:48:00,store,S005,C00108,P0008,card,237723.14
T0013463,2025-11-02T21:59:00,store,S005,C02187,P0014,cash,13157.77
T0013464,2025-11-02T21:54:00,store,S003,C00181,P0017,card,25359.59
T0013465,2025-11-28T02:16:00,store,S003,C01162,P0023,card,23174.36
T0013466,2025-11-24T12:32:00,store,S001,C01586,P0006,cash,4716.34
T0013468,2025-11-18T20:32:00,store,S005,C01842,P0014,cash,30592.41
T0013471,2025-11-08T17:25:00,store,S001,C00405,P0020,card,260849.64
T0013474,2025-11-17T04:42:00,store,S006,C02490,P0016,cash,281678.21
T0013475,2025-11-04T13:20:00,store,S005,C00918,P0014,cash,179621.67
T0013477,2025-11-07T08:35:00,store,S001,C02177,P0009,cash,198499.35
T0013478,2025-11-13T03:45:00,store,S003,C00559,P0017,card,7739.860000000001
T0013481,2025-11-10T00:25:00,store,S004,C00881,P0005,cash,4616.610000000001
T0013484,2025-11-06T10:02:00,store,S004,C01450,P0005,cash,188810.71000000002
T0013485,2025-11-23T17:30:00,store,S005,C00988,P0025,cash,38567.82
T0013486,2025-11-09T05:36:00,store,S006,C00708,P0003,card,61305.47
T0013487,2025-11-24T20:55:00,store,S004,C01937,P0005,card,9092.18
T0013489,2025-11-11T10:11:00,store,S004,C02031,P0005,cash,88930.44
T0013492,2025-11-06T05:04:00,store,S004,C00527,P0005,card,200632.28
T0013493,2025-11-07T00:58:00,store,S001,C01283,P0009,card,25743.21
T0013494,2025-11-22T22:27:00,store,S003,C01301,P0023,cash,5770.25
T0013495,2025-11-03T18:00:00,store,S005,C02414,P0014,card,250346.99
T0013497,2025-11-21T19:18:00,store,S005,C00642,P0014,cash,6131.14
T0013498,2025-11-09T02:30:00,store,S001,C01852,P0002,cash,10949.630000000001
T0013499,2025-11-10T15:02:00,store,S005,C02403,P0025,cash,298533.12
T0013500,2025-11-18T18:28:00,store,S001,C01277,P0020,cash,37173.64
T0013502,2025-11-22T06:09:00,store,S001,C00266,P0002,cash,309103.66000000003
T0013503,2025-11-07T17:20:00,store,S005,C01409,P0008,cash,40389.26
T0013505,2025-11-01T02:21:00,store,S003,C01360,P0023,card,11408.189999999999
T0013506,2025-11-22T00:19:00,store,S004,C01344,P0026,cash,227928.96
T0013507,2025-11-08T22:29:00,store,S005,C01667,P0025,card,9655.740000000002
T0013509,2025-11-20T14:58:00,store,S001,C01736,P0015,cash,7238.27
T0013510,2025-11-19T17:38:00,store,S001,C01521,P0015,cash,46839.11
T0013511,2025-11-14T14:42:00,store,S001,C01394,P0006,cash,13984.65
T0013512,2025-11-02T20:09:00,store,S006,C00629,P0024,cash,10334.98
T0013513,2025-11-30T07:29:00,store,S005,C01701,P0025,card,27490.05
T0013514,2025-11-24T20:06:00,store,S005,C02288,P0012,card,14081.82
T0013515,2025-11-24T06:54:00,store,S005,C00842,P0008,card,8693.88
T0013517,2025-11-28T21:38:00,store,S004,C02449,P0026,cash,2032.34
T0013518,2025-11-05T03:34:00,store,S001,C01865,P0009,card,262305.68
T0013520,2025-11-07T05:35:00,store,S004,C02285,P0005,card,6516.67
T0013521,2025-11-02T20:13:00,store,S006,C00194,P0024,cash,16500.18
T0013522,2025-11-04T16:53:00,store,S001,C01763,P0002,card,35793.09
T0013524,2025-11-28T03:32:00,store,S005,C01062,P0008,cash,24268.83
T0013525,2025-11-04T01:09:00,store,S006,C01184,P0024,cash,21336.98
T0013526,2025-11-23T09:12:00,store,S004,C02068,P0005,cash,2214.41
T0013528,2025-11-15T05:55:00,store,S004,C01947,P0026,cash,13354.880000000001
T0013530,2025-11-18T04:06:00,store,S004,C00478,P0026,card,200180.13999999998
T0013531,2025-11-02T17:38:00,store,S003,C01942,P0022,card,73835.40000000001
T0013533,2025-11-24T17:05:00,store,S001,C00102,P0009,card,10849.099999999999
T0013534,2025-11-30T07:02:00,store,S004,C00349,P0026,card,95560.93000000001
T0013536,2025-11-17T01:55:00,store,S006,C00549,P0011,cash,6152.47
T0013537,2025-11-02T15:57:00,store,S001,C00203,P0006,cash,1628.4
T0013538,2025-11-25T06:28:00,store,S006,C01286,P0011,card,9595.89
T0013539,2025-11-04T03:21:00,store,S004,C01131,P0026,cash,13550.95
T0013540,2025-11-10T21:34:00,store,S002,C00228,P0007,card,6550.78
T0013541,2025-11-30T02:45:00,store,S003,C01511,P0017,cash,271589.93
T0013542,2025-11-17T21:33:00,store,S003,C02449,P0017,card,39906.35
T0013547,2025-11-25T03:37:00,store,S003,C01289,P0019,card,9783.52
T0013550,2025-11-06T10:17:00,store,S002,C00924,P0001,cash,122735.88
T0013552,2025-11-27T13:53:00,store,S005,C02328,P0012,card,223469.07
T0013553,2025-11-10T23:14:00,store,S001,C01767,P0020,card,8543.98
T0013554,2025-11-14T07:19:00,store,S004,C01065,P0005,cash,372614.77
T0013555,2025-11-03T08:08:00,store,S005,C02304,P0014,cash,5321.16
T0013556,2025-11-14T09:24:00,store,S005,C02026,P0014,cash,10009.59
T0013557,2025-11-23T21:48:00,store,S005,C01777,P0014,cash,18692.239999999998
T0013558,2025-11-25T12:57:00,store,S006,C01816,P0011,cash,6125.07
T0013559,2025-11-08T19:29:00,store,S001,C01277,P0002,cash,2876.8
T0013560,2025-11-02T00:32:00,store,S006,C01208,P0024,card,245290.86
T0013561,2025-11-19T11:58:00,store,S001,C00521,P0020,cash,11216.82
T0013563,2025-11-20T19:22:00,store,S002,C02241,P0001,card,20534.35
T0013564,2025-11-27T22:31:00,store,S002,C01431,P0018,cash,7876.35
T0013565,2025-11-19T19:00:00,store,S006,C01388,P0024,card,5872.28
T0013567,2025-11-25T05:30:00,store,S006,C00799,P0016,card,17945.63
T0013568,2025-11-29T16:11:00,store,S005,C01347,P0012,card,9640.49
T0013570,2025-11-22T20:02:00,store,S006,C00263,P0011,cash,119029.85
T0013571,2025-11-04T23:41:00,store,S003,C01788,P0022,card,6985.93
T0013573,2025-11-08T14:33:00,store,S001,C02270,P0002,card,2029.01
T0013574,2025-11-12T10:32:00,store,S006,C00696,P0003,card,27179.65
T0013575,2025-11-30T21:41:00,store,S005,C01711,P0025,cash,11973.2
T0013577,2025-11-14T15:06:00,store,S002,C00728,P0018,card,144561.81999999998
T0013578,2025-11-15T01:04:00,store,S001,C02364,P0009,card,32664.19
T0013579,2025-11-02T08:24:00,store,S005,C00589,P0025,cash,32932.21
T0013580,2025-11-11T07:57:00,store,S002,C00657,P0018,card,27404.88
T0013581,2025-11-01T14:27:00,store,S006,C00745,P0024,card,15683.57
T0013582,2025-11-02T11:21:00,store,S004,C02249,P0005,card,45228.24
T0013583,2025-11-08T05:37:00,store,S004,C01762,P0005,cash,5219.6
T0013587,2025-11-30T17:52:00,store,S005,C02428,P0025,card,11106.79
T0013588,2025-11-29T17:47:00,store,S002,C01122,P0018,cash,14488.14
T0013589,2025-11-02T19:07:00,store,S005,C00792,P0012,cash,19083.690000000002
T0013590,2025-11-09T12:44:00,store,S006,C00328,P0024,card,297733.18
T0013593,2025-11-28T07:20:00,store,S003,C00348,P0023,cash,17179.47
T0013594,2025-11-13T16:39:00,store,S001,C01586,P0021,cash,20875.309999999998
T0013596,2025-11-13T01:21:00,store,S001,C01252,P0015,card,137462.81
T0013597,2025-11-02T09:10:00,store,S001,C01483,P0006,cash,53826.09
T0013600,2025-11-05T00:47:00,store,S005,C00426,P0025,card,22854.149999999998
T0013602,2025-11-15T14:43:00,store,S004,C00265,P0026,cash,2045.87
T0013603,2025-11-01T11:02:00,store,S003,C01122,P0017,cash,30804.47
T0013604,2025-11-24T13:45:00,store,S004,C01441,P0005,cash,12431.12
T0013605,2025-11-07T18:57:00,store,S005,C01535,P0014,card,5736.58
T0013606,2025-11-24T23:27:00,store,S002,C00970,P0007,cash,7285.17
T0013607,2025-11-09T14:12:00,store,S004,C00822,P0005,card,13161.6
T0013608,2025-11-12T18:18:00,store,S004,C02059,P0026,cash,127980.26
T0013609,2025-11-05T23:02:00,store,S006,C00181,P0003,cash,11657.46
T0013610,2025-11-08T09:31:00,store,S002,C01178,P0007,cash,12252.130000000001
T0013611,2025-11-21T12:16:00,store,S003,C01218,P0023,cash,4343.01
T0013612,2025-11-02T15:48:00,store,S001,C02202,P0021,card,27119.579999999998
T0013613,2025-11-10T20:52:00,store,S003,C00035,P0017,cash,16742.059999999998
T0013615,2025-11-22T01:31:00,store,S001,C00078,P0004,cash,208122.45
T0013616,2025-11-05T12:59:00,store,S001,C01752,P0021,card,14019.24
T0013618,2025-11-20T22:32:00,store,S004,C00722,P0005,card,345765.44
T0013619,2025-11-03T13:03:00,store,S006,C00459,P0003,card,7780.49
T0013620,2025-11-12T00:01:00,store,S004,C01879,P0005,cash,10714.63
T0013621,2025-11-16T13:22:00,store,S003,C00282,P0022,card,2423.23
T0013625,2025-11-09T14:51:00,store,S001,C01141,P0006,card,34918.53
T0013627,2025-11-07T19:27:00,store,S002,C00868,P0018,cash,20824.6
T0013628,2025-11-18T13:33:00,store,S004,C00534,P0005,cash,47424.240000000005
T0013630,2025-11-15T16:15:00,store,S006,C00407,P0003,card,200496.84
T0013631,2025-11-15T23:53:00,store,S004,C01739,P0026,cash,8332.380000000001
T0013634,2025-11-26T08:38:00,store,S001,C01103,P0015,cash,201205.28
T0013637,2025-11-07T06:05:00,store,S005,C01761,P0012,card,6676.51
T0013638,2025-11-28T03:13:00,store,S006,C00066,P0016,cash,9406.61
T0013639,2025-11-19T20:33:00,store,S006,C01581,P0024,card,23237.72
T0013640,2025-11-01T02:06:00,store,S006,C01483,P0024,card,43910.69
T0013641,2025-11-13T07:53:00,store,S004,C01819,P0026,cash,58275.99
T0013643,2025-11-30T22:03:00,store,S001,C01333,P0020,cash,23489.36
T0013644,2025-11-11T15:33:00,store,S003,C01959,P0022,card,15865.73
T0013645,2025-11-18T17:29:00,store,S001,C00782,P0015,card,12360.24
T0013647,2025-11-20T16:18:00,store,S003,C00817,P0022,cash,21801.5
T0013648,2025-11-14T23:19:00,store,S005,C00143,P0012,card,28124.309999999998
T0013649,2025-11-15T03:43:00,store,S005,C02265,P0025,card,3577.97
T0013650,2025-11-08T01:58:00,store,S001,C02091,P0006,cash,7744.72
T0013651,2025-11-16T01:55:00,store,S005,C00764,P0012,cash,150649.16
T0013652,2025-11-14T09:45:00,store,S005,C02122,P0014,card,184710.56
T0013653,2025-11-14T19:03:00,store,S006,C02390,P0011,cash,3624.72
T0013654,2025-11-23T17:09:00,store,S004,C00353,P0005,cash,184573.04
T0013655,2025-11-15T10:43:00,store,S003,C02326,P0017,cash,29200.89
T0013657,2025-11-15T21:23:00,store,S006,C02049,P0024,cash,135646.99
T0013658,2025-11-27T17:12:00,store,S006,C01614,P0016,card,6135.389999999999
T0013659,2025-11-13T13:59:00,store,S001,C01933,P0006,card,33732.56
T0013662,2025-11-24T00:22:00,store,S005,C02150,P0012,cash,4717.58
T0013663,2025-11-12T00:31:00,store,S003,C00046,P0017,card,262297.27
T0013664,2025-11-27T12:49:00,store,S006,C01440,P0011,card,13982.5
T0013665,2025-11-04T10:22:00,store,S004,C01288,P0026,cash,12851.11
T0013666,2025-11-20T00:52:00,store,S006,C00857,P0011,card,349649.15
T0013667,2025-11-23T22:46:00,store,S005,C00747,P0014,card,8945.390000000001
T0013669,2025-11-13T10:06:00,store,S005,C00897,P0012,card,202171.43
T0013671,2025-11-26T23:56:00,store,S003,C01027,P0023,cash,28588.34
T0013673,2025-11-07T08:33:00,store,S003,C01224,P0022,cash,2428.48
T0013674,2025-11-09T20:18:00,store,S004,C01076,P0026,card,1149.81
T0013675,2025-11-08T17:47:00,store,S005,C01895,P0008,card,35043.18
T0013676,2025-11-21T13:16:00,store,S003,C02293,P0017,cash,15858.23
T0013677,2025-11-24T18:26:00,store,S005,C00435,P0014,cash,22707.29
T0013678,2025-11-21T19:21:00,store,S006,C01207,P0003,card,28726.46
T0013679,2025-11-26T17:21:00,store,S004,C00905,P0026,cash,8866.630000000001
T0013680,2025-11-25T03:44:00,store,S003,C02330,P0019,cash,18783.64
T0013681,2025-11-14T13:16:00,store,S003,C01571,P0019,card,41061.0
T0013682,2025-11-15T14:54:00,store,S004,C00588,P0005,cash,13689.130000000001
T0013683,2025-11-04T01:51:00,store,S004,C02151,P0026,cash,31290.37
T0013685,2025-11-23T02:59:00,store,S004,C01064,P0026,card,33339.07
T0013686,2025-11-25T15:30:00,store,S005,C01780,P0014,card,12508.810000000001
T0013687,2025-11-04T03:59:00,store,S001,C01842,P0006,cash,15888.560000000001
T0013688,2025-11-29T17:09:00,store,S006,C01134,P0016,cash,11786.69
T0013691,2025-11-13T21:25:00,store,S004,C02203,P0026,cash,4792.52
T0013692,2025-11-04T06:32:00,store,S001,C01770,P0009,cash,107696.46
T0013693,2025-11-03T16:24:00,store,S004,C01377,P0005,cash,92824.83
T0013696,2025-11-29T20:15:00,store,S001,C01860,P0004,card,15337.04
T0013698,2025-11-13T21:41:00,store,S006,C02128,P0024,card,36818.01
T0013701,2025-11-12T15:15:00,store,S006,C00804,P0011,card,10317.52
T0013703,2025-11-30T07:12:00,store,S005,C01273,P0014,card,34449.48
T0013706,2025-11-30T14:21:00,store,S004,C01558,P0005,cash,20088.370000000003
T0013708,2025-11-12T13:04:00,store,S005,C01182,P0008,card,7594.84
T0013709,2025-11-27T06:03:00,store,S004,C00939,P0005,cash,16014.509999999998
T0013711,2025-11-06T17:35:00,store,S004,C01854,P0026,cash,189421.74
T0013712,2025-11-19T14:34:00,store,S006,C01262,P0016,card,49093.71000000001
T0013713,2025-11-28T21:52:00,store,S006,C02500,P0003,cash,38877.42999999999
T0013714,2025-11-07T01:32:00,store,S005,C02323,P0012,card,4409.73
T0013715,2025-11-07T07:49:00,store,S001,C01505,P0015,cash,12915.51
T0013716,2025-11-10T11:32:00,store,S001,C01226,P0006,card,14603.16
T0013718,2025-11-07T20:33:00,store,S005,C01922,P0014,card,231662.32
T0013721,2025-11-10T10:18:00,store,S002,C02075,P0010,card,86199.4
T0013723,2025-11-24T02:22:00,store,S006,C01560,P0003,card,58884.47
T0013724,2025-11-08T17:46:00,store,S006,C00865,P0011,card,18346.99
T0013725,2025-11-27T13:15:00,store,S004,C00945,P0005,card,3805.65
T0013726,2025-11-23T04:31:00,store,S006,C02444,P0024,cash,80231.59000000001
T0013727,2025-11-09T17:46:00,store,S001,C02037,P0002,cash,132820.59
T0013729,2025-11-11T23:41:00,store,S001,C01759,P0021,cash,8234.310000000001
T0013731,2025-11-10T19:31:00,store,S006,C01389,P0024,card,225278.17
T0013732,2025-11-26T11:40:00,store,S001,C00885,P0004,cash,7449.71
T0013733,2025-11-26T13:53:00,store,S005,C00056,P0025,cash,38638.67
T0013735,2025-11-05T11:32:00,store,S003,C01672,P0022,card,12953.59
T0013736,2025-11-07T19:19:00,store,S006,C00798,P0016,card,65889.37
T0013737,2025-11-18T23:52:00,store,S004,C00622,P0026,cash,43867.19
T0013739,2025-11-14T03:54:00,store,S001,C01277,P0020,cash,246938.79
T0013740,2025-11-17T19:21:00,store,S006,C01765,P0016,card,21142.48
T0013741,2025-11-25T11:13:00,store,S006,C00842,P0011,card,42001.63
T0013743,2025-11-09T03:04:00,store,S004,C00779,P0026,card,3161.27
T0013744,2025-11-15T21:28:00,store,S004,C00122,P0026,card,3367.76
T0013745,2025-11-17T05:32:00,store,S004,C00676,P0026,cash,2275.9300000000003
T0013746,2025-11-22T10:46:00,store,S003,C00700,P0023,card,15723.26
T0013748,2025-11-12T04:03:00,store,S006,C00864,P0024,card,13775.67
T0013749,2025-11-10T05:59:00,store,S003,C01957,P0023,card,18094.05
T0013750,2025-11-19T08:49:00,store,S005,C02001,P0008,card,14737.29
T0013751,2025-11-12T05:43:00,store,S004,C00686,P0005,card,46943.41
T0013752,2025-11-03T05:58:00,store,S001,C01725,P0006,card,10241.97
T0013753,2025-11-29T09:19:00,store,S001,C00890,P0002,cash,6731.9
T0013755,2025-11-19T03:47:00,store,S005,C01191,P0008,cash,4513.7
T0013758,2025-11-30T15:45:00,store,S001,C02176,P0020,card,81205.28
T0013760,2025-11-19T07:33:00,store,S003,C01299,P0019,card,388764.56
T0013761,2025-11-05T12:17:00,store,S003,C00161,P0022,card,37037.75
T0013763,2025-11-06T23:52:00,store,S004,C01131,P0005,cash,2281.45
T0013765,2025-11-02T16:01:00,store,S001,C02259,P0015,card,75182.59
T0013766,2025-11-25T14:40:00,store,S003,C01453,P0023,cash,2382.25
T0013768,2025-11-25T19:44:00,store,S005,C00342,P0025,card,19280.62
T0013769,2025-11-24T01:43:00,store,S003,C01317,P0022,cash,34559.270000000004
T0013770,2025-11-07T18:43:00,store,S002,C00274,P0007,card,1366.42
T0013771,2025-11-29T03:21:00,store,S001,C00617,P0004,card,41087.7
T0013772,2025-11-18T13:20:00,store,S003,C00115,P0022,cash,43848.85
T0013776,2025-11-17T12:14:00,store,S005,C00589,P0012,cash,17998.88
T0013777,2025-11-22T12:45:00,store,S005,C01375,P0008,cash,288751.1
T0013778,2025-11-09T14:52:00,store,S003,C01659,P0022,cash,20076.19
T0013779,2025-11-24T16:41:00,store,S004,C01565,P0005,card,11200.17
T0013780,2025-11-08T21:40:00,store,S001,C01673,P0006,cash,31312.95
T0013781,2025-11-20T02:23:00,store,S006,C01637,P0024,cash,2385.09
T0013784,2025-11-25T03:14:00,store,S006,C00691,P0003,cash,52842.93
T0013785,2025-11-18T12:59:00,store,S006,C01372,P0016,cash,274736.44
T0013786,2025-11-19T23:10:00,store,S006,C02301,P0011,cash,28551.129999999997
T0013787,2025-11-17T02:56:00,store,S003,C01566,P0023,cash,8774.54
T0013788,2025-11-30T03:45:00,store,S005,C00688,P0025,card,76547.7
T0013789,2025-11-14T06:23:00,store,S006,C01091,P0011,cash,467573.32
T0013790,2025-11-03T13:24:00,store,S003,C00546,P0019,cash,13751.710000000001
T0013791,2025-11-22T06:15:00,store,S005,C00159,P0025,cash,23425.120000000003
T0013792,2025-11-24T19:19:00,store,S004,C00176,P0026,card,6825.95
T0013793,2025-11-07T02:21:00,store,S002,C00394,P0007,card,14669.11
T0013794,2025-11-22T02:32:00,store,S001,C00869,P0002,cash,4008.33
T0013795,2025-11-05T23:40:00,store,S004,C00576,P0005,card,450416.91
T0013796,2025-11-16T11:57:00,store,S006,C02482,P0024,card,9862.26
T0013797,2025-11-16T06:20:00,store,S006,C01388,P0016,card,7879.789999999999
T0013798,2025-11-12T01:39:00,store,S001,C01486,P0009,cash,49766.31
T0013799,2025-11-03T08:57:00,store,S004,C01028,P0026,cash,25308.21
T0013800,2025-11-26T23:58:00,store,S005,C00421,P0025,cash,21707.97
T0013801,2025-11-03T13:55:00,store,S005,C00800,P0008,card,284240.46
T0013802,2025-11-06T09:01:00,store,S001,C00035,P0002,cash,272330.82
T0013803,2025-11-02T21:15:00,store,S002,C00620,P0001,cash,33992.0
T0013805,2025-11-07T01:16:00,store,S004,C01244,P0005,card,9420.68
T0013806,2025-11-12T04:41:00,store,S002,C01109,P0007,card,11972.16
T0013807,2025-11-12T16:51:00,store,S001,C02281,P0015,cash,44459.91
T0013811,2025-11-06T06:01:00,store,S006,C01420,P0003,cash,34968.09
T0013812,2025-11-08T01:11:00,store,S002,C00219,P0013,card,15686.48
T0013813,2025-11-15T10:05:00,store,S004,C01770,P0005,cash,203460.79
T0013814,2025-11-13T04:31:00,store,S006,C02153,P0011,card,34306.58
T0013816,2025-11-25T14:12:00,store,S005,C02072,P0012,cash,44209.51
T0013817,2025-11-30T01:02:00,store,S001,C00871,P0002,card,246002.62
T0013818,2025-11-04T03:14:00,store,S002,C02331,P0001,cash,22473.300000000003
T0013819,2025-11-14T02:34:00,store,S006,C00147,P0003,card,38168.46
T0013820,2025-11-07T06:22:00,store,S006,C00696,P0024,card,14323.740000000002
T0013821,2025-11-30T07:27:00,store,S001,C01134,P0006,card,200707.2
T0013822,2025-11-27T15:36:00,store,S001,C01938,P0009,cash,9947.47
T0013825,2025-11-27T15:54:00,store,S003,C00254,P0017,cash,41484.240000000005
T0013826,2025-11-04T23:41:00,store,S002,C00041,P0018,card,8172.89
T0013827,2025-11-21T17:53:00,store,S006,C01900,P0024,cash,18123.93
T0013829,2025-11-06T19:42:00,store,S005,C01622,P0014,cash,15940.28
T0013832,2025-11-21T14:50:00,store,S006,C02185,P0016,cash,7584.349999999999
T0013834,2025-11-09T16:20:00,store,S004,C01018,P0005,card,6640.24
T0013835,2025-11-06T04:56:00,store,S002,C02050,P0010,cash,16412.81
T0013838,2025-11-12T05:36:00,store,S005,C01248,P0012,card,85675.27
T0013839,2025-11-11T12:08:00,store,S002,C01035,P0007,card,286158.84
T0013840,2025-11-16T10:54:00,store,S005,C01208,P0025,card,6057.3
T0013841,2025-11-18T09:53:00,store,S006,C02269,P0024,card,7210.43
T0013842,2025-11-03T19:24:00,store,S005,C00352,P0012,card,209072.96
T0013843,2025-11-05T14:04:00,store,S006,C00237,P0011,cash,5500.64
T0013845,2025-11-08T01:36:00,store,S005,C00809,P0012,cash,54626.93
T0013846,2025-11-20T17:33:00,store,S002,C00878,P0013,card,146824.89
T0013848,2025-11-06T18:03:00,store,S004,C01129,P0026,card,1646.69
T0013849,2025-11-14T22:16:00,store,S004,C00107,P0026,card,49195.79
T0013851,2025-11-27T08:40:00,store,S004,C01207,P0005,cash,37731.5
T0013852,2025-11-17T20:37:00,store,S006,C01929,P0016,card,3056.95
T0013853,2025-11-12T14:31:00,store,S006,C00798,P0011,cash,14234.28
T0013855,2025-11-07T04:17:00,store,S006,C01065,P0024,cash,11658.46
T0013856,2025-11-01T10:27:00,store,S005,C00785,P0012,cash,23445.98
T0013857,2025-11-30T23:04:00,store,S006,C00294,P0016,cash,12181.36
T0013859,2025-11-29T15:06:00,store,S006,C02376,P0011,card,6158.99
T0013861,2025-11-14T16:11:00,store,S005,C01167,P0012,card,52988.76
T0013862,2025-11-16T17:21:00,store,S004,C02118,P0005,cash,7412.62
T0013865,2025-11-24T11:19:00,store,S006,C00393,P0024,cash,47540.99
T0013866,2025-11-29T00:48:00,store,S001,C00664,P0021,cash,48892.81
T0013868,2025-11-27T07:54:00,store,S004,C01542,P0026,cash,184922.5
T0013869,2025-11-08T19:58:00,store,S003,C01080,P0019,card,5979.1
T0013870,2025-11-01T14:54:00,store,S005,C02415,P0014,cash,43896.43
T0013871,2025-11-21T07:56:00,store,S004,C00503,P0026,cash,317803.27
T0013872,2025-11-30T22:20:00,store,S004,C02058,P0005,card,3091.58
T0013873,2025-11-10T04:03:00,store,S001,C00245,P0006,cash,6709.71
T0013874,2025-11-07T00:32:00,store,S001,C01864,P0006,cash,6180.23
T0013875,2025-11-06T19:53:00,store,S006,C02311,P0011,cash,21954.84
T0013877,2025-11-02T04:50:00,store,S005,C00202,P0025,cash,25069.64
T0013879,2025-11-16T18:49:00,store,S003,C02426,P0019,cash,9970.11
T0013880,2025-11-05T01:26:00,store,S004,C00920,P0026,card,6270.469999999999
T0013881,2025-11-17T02:47:00,store,S004,C00905,P0005,cash,8731.19
T0013883,2025-11-01T10:59:00,store,S003,C02378,P0023,card,242729.44
T0013884,2025-11-02T05:25:00,store,S006,C01580,P0024,cash,17888.3
T0013885,2025-11-02T20:50:00,store,S004,C00414,P0005,cash,49354.88
T0013886,2025-11-02T22:52:00,store,S001,C00474,P0015,card,15025.2
T0013889,2025-11-14T08:38:00,store,S006,C00854,P0011,card,50657.59
T0013891,2025-11-07T06:45:00,store,S003,C01640,P0019,cash,13299.81
T0013892,2025-11-22T15:42:00,store,S004,C01220,P0005,card,2665.13
T0013893,2025-11-18T03:17:00,store,S006,C01631,P0003,card,387757.80000000005
T0013894,2025-11-08T22:11:00,store,S001,C01562,P0021,card,5558.72
T0013895,2025-11-14T09:24:00,store,S004,C01347,P0005,card,83335.85
T0013897,2025-11-01T19:07:00,store,S004,C02413,P0005,cash,83788.93
T0013898,2025-11-18T12:04:00,store,S005,C00956,P0025,cash,19705.26
T0013899,2025-11-27T06:34:00,store,S006,C00479,P0011,cash,24709.07
T0013900,2025-11-04T00:33:00,store,S005,C02366,P0008,card,16951.22
T0013902,2025-11-26T17:12:00,store,S004,C01062,P0005,cash,78876.97
T0013903,2025-11-24T16:19:00,store,S003,C00056,P0019,card,29789.95
T0013904,2025-11-09T01:36:00,store,S005,C00559,P0014,cash,21283.08
T0013905,2025-11-04T23:11:00,store,S001,C00778,P0002,cash,165053.08000000002
T0013906,2025-11-25T04:07:00,store,S005,C01220,P0014,card,28438.649999999998
T0013907,2025-11-17T08:21:00,store,S005,C00214,P0008,card,264590.9
T0013910,2025-11-19T02:36:00,store,S006,C00841,P0016,cash,17762.87
T0013911,2025-11-22T05:07:00,store,S002,C00513,P0018,cash,6667.59
T0013912,2025-11-18T11:01:00,store,S003,C02332,P0017,card,7715.85
T0013913,2025-11-29T17:08:00,store,S004,C01229,P0005,cash,24813.5
T0013914,2025-11-22T13:13:00,store,S005,C01277,P0008,cash,202024.11
T0013916,2025-11-12T08:58:00,store,S001,C01230,P0021,cash,66355.8
T0013917,2025-11-27T05:31:00,store,S006,C02331,P0003,cash,31267.23
T0013921,2025-11-10T00:50:00,store,S005,C00081,P0025,card,56025.54
T0013922,2025-11-23T06:15:00,store,S006,C00892,P0016,card,118183.17
T0013926,2025-11-13T10:58:00,store,S002,C01940,P0010,cash,15505.400000000001
T0013927,2025-11-22T18:11:00,store,S005,C01927,P0025,cash,261734.54
T0013928,2025-11-25T06:01:00,store,S006,C00230,P0003,card,98186.45
T0013929,2025-11-25T13:49:00,store,S006,C01893,P0011,card,4273.15
T0013930,2025-11-05T15:28:00,store,S005,C01674,P0014,cash,241584.33
T0013931,2025-11-17T18:28:00,store,S006,C02349,P0016,cash,43730.62
T0013933,2025-11-23T00:24:00,store,S002,C00386,P0013,card,19575.03
T0013934,2025-11-22T18:32:00,store,S004,C01209,P0005,card,9806.6
T0013935,2025-11-21T07:52:00,store,S003,C01158,P0019,card,263041.16000000003
T0013936,2025-11-28T16:12:00,store,S003,C00800,P0022,cash,15359.380000000001
T0013937,2025-11-01T21:31:00,store,S004,C01321,P0005,cash,24980.88
T0013938,2025-11-06T16:54:00,store,S002,C01696,P0001,card,55375.34
T0013939,2025-11-22T15:12:00,store,S001,C01076,P0002,card,10521.880000000001
T0013940,2025-11-29T19:10:00,store,S004,C00072,P0026,cash,11197.46
T0013942,2025-11-23T03:48:00,store,S004,C01263,P0026,card,13659.71
T0013944,2025-11-28T19:30:00,store,S001,C02434,P0020,cash,36721.770000000004
T0013945,2025-11-16T20:45:00,store,S004,C00363,P0005,card,36790.42999999999
T0013946,2025-11-11T00:43:00,store,S005,C02407,P0014,cash,84666.25
T0013949,2025-11-23T03:25:00,store,S006,C01153,P0016,card,6559.71
T0013951,2025-11-30T11:25:00,store,S003,C02440,P0017,card,48020.25
T0013952,2025-11-04T14:07:00,store,S004,C00279,P0005,card,12037.1
T0013953,2025-11-05T00:36:00,store,S006,C01365,P0011,cash,17201.6
T0013954,2025-11-13T02:55:00,store,S004,C01134,P0005,cash,15076.53
T0013955,2025-11-30T02:46:00,store,S006,C01699,P0003,card,6691.44
T0013956,2025-11-04T18:17:00,store,S001,C02457,P0021,cash,2409.69
T0013958,2025-11-20T06:20:00,store,S005,C00374,P0012,card,13339.04
T0013959,2025-11-14T08:49:00,store,S002,C00574,P0010,card,3044.59
T0013960,2025-11-15T12:39:00,store,S003,C01806,P0017,cash,252633.81
T0013961,2025-11-26T15:03:00,store,S001,C01376,P0004,card,100091.86
T0013962,2025-11-01T19:22:00,store,S005,C01079,P0014,card,138004.97
T0013963,2025-11-05T00:50:00,store,S004,C00526,P0026,cash,5481.99
T0013966,2025-11-14T07:20:00,store,S003,C00657,P0022,cash,14763.18
T0013967,2025-11-18T02:43:00,store,S002,C00340,P0010,cash,21323.93
T0013968,2025-11-27T10:39:00,store,S004,C00092,P0005,card,24584.68
T0013969,2025-11-12T21:32:00,store,S004,C01423,P0005,cash,23759.73
T0013973,2025-11-12T15:21:00,store,S004,C00656,P0005,cash,213140.90000000002
T0013974,2025-11-14T12:23:00,store,S001,C01233,P0004,card,4325.98
T0013975,2025-11-13T19:38:00,store,S004,C01678,P0026,cash,9820.76
T0013976,2025-11-14T03:12:00,store,S003,C02165,P0022,cash,13828.01
T0013977,2025-11-09T06:07:00,store,S002,C01169,P0001,cash,20652.579999999998
T0013978,2025-11-18T22:50:00,store,S004,C01455,P0005,cash,12220.130000000001
T0013980,2025-11-27T07:12:00,store,S002,C00075,P0007,card,17147.54
T0013981,2025-11-16T02:48:00,store,S003,C00058,P0022,cash,390494.75
T0013982,2025-11-10T16:43:00,store,S003,C01054,P0019,card,19326.6
T0013983,2025-11-25T22:00:00,store,S001,C02148,P0004,cash,39033.73
T0013984,2025-11-11T13:35:00,store,S005,C01051,P0012,card,19751.52
T0013989,2025-11-18T22:43:00,store,S001,C01550,P0004,card,14105.939999999999
T0013990,2025-11-27T00:22:00,store,S002,C01276,P0013,cash,13124.55
T0013992,2025-11-29T22:26:00,store,S004,C02030,P0026,card,190240.27
T0013994,2025-11-04T20:22:00,store,S004,C00805,P0005,cash,1849.09
T0013996,2025-11-29T07:46:00,store,S003,C00111,P0022,card,20329.71
T0013997,2025-11-02T19:11:00,store,S003,C01408,P0019,card,8647.32
T0013999,2025-11-10T09:28:00,store,S001,C02307,P0009,cash,6310.02
T0014000,2025-11-13T18:51:00,store,S005,C00412,P0008,cash,61055.71
T0014001,2025-11-25T13:59:00,store,S002,C00340,P0010,card,299822.04
T0014002,2025-11-16T15:40:00,store,S003,C01345,P0017,card,16809.39
T0014003,2025-11-30T00:23:00,store,S001,C00230,P0015,card,10663.720000000001
T0014004,2025-11-03T23:03:00,store,S002,C01513,P0018,card,9160.869999999999
T0014006,2025-11-30T15:58:00,store,S003,C02481,P0023,card,48451.4
T0014007,2025-11-18T20:48:00,store,S001,C01360,P0015,cash,1514.16
T0014008,2025-11-05T13:27:00,store,S005,C01960,P0012,cash,5377.95
T0014009,2025-11-12T01:24:00,store,S004,C00776,P0005,cash,23541.43
T0014010,2025-11-12T12:02:00,store,S005,C00099,P0008,cash,29782.1
T0014011,2025-11-25T12:05:00,store,S004,C00339,P0026,cash,21209.699999999997
T0014013,2025-11-18T09:54:00,store,S006,C00311,P0024,cash,27475.37
T0014014,2025-11-13T00:55:00,store,S001,C00041,P0021,cash,29622.56
T0014015,2025-11-12T12:42:00,store,S001,C00243,P0015,cash,164261.43
T0014016,2025-11-06T04:11:00,store,S005,C00284,P0025,cash,386441.27
T0014017,2025-11-03T05:01:00,store,S004,C02449,P0005,card,101493.35
T0014018,2025-11-22T10:05:00,store,S002,C00262,P0007,cash,12008.93
T0014019,2025-11-29T13:07:00,store,S001,C00059,P0006,card,53907.74
T0014020,2025-11-05T02:02:00,store,S005,C01303,P0012,cash,2464.34
T0014021,2025-11-25T20:59:00,store,S001,C00851,P0020,cash,47249.33
T0014022,2025-11-25T15:22:00,store,S005,C01997,P0014,cash,4597.72
T0014023,2025-11-30T16:44:00,store,S006,C02410,P0003,cash,26910.27
T0014024,2025-11-14T12:29:00,store,S005,C01730,P0025,card,12183.630000000001
T0014026,2025-11-15T19:50:00,store,S003,C02127,P0017,card,16019.35
T0014027,2025-11-20T09:10:00,store,S004,C02188,P0005,cash,395247.02
T0014028,2025-11-22T07:34:00,store,S006,C00737,P0016,cash,27179.969999999998
T0014029,2025-11-29T19:37:00,store,S005,C01074,P0025,card,3720.3599999999997
T0014030,2025-11-03T20:04:00,store,S004,C01290,P0005,cash,1900.55
T0014031,2025-11-23T22:52:00,store,S006,C01554,P0024,card,271483.78
T0014032,2025-11-20T05:05:00,store,S002,C02110,P0007,card,5602.82
T0014033,2025-11-26T21:13:00,store,S004,C00439,P0026,cash,9254.71
T0014034,2025-11-09T01:26:00,store,S001,C00245,P0009,cash,32478.14
T0014035,2025-11-01T22:45:00,store,S001,C01877,P0020,cash,18482.13
T0014037,2025-11-29T17:58:00,store,S006,C01702,P0003,card,1078.05
T0014038,2025-11-06T01:18:00,store,S005,C02001,P0025,card,35635.4
T0014039,2025-11-10T18:10:00,store,S004,C02485,P0026,card,38211.12
T0014041,2025-11-23T16:04:00,store,S001,C02214,P0006,card,218059.83000000002
T0014042,2025-11-06T21:08:00,store,S005,C00720,P0012,card,97552.87999999999
T0014045,2025-11-29T18:41:00,store,S001,C01090,P0002,card,6508.13
T0014047,2025-11-02T08:01:00,store,S006,C01613,P0003,card,24197.53
T0014049,2025-11-20T02:39:00,store,S001,C00077,P0002,card,8818.74
T0014050,2025-11-07T00:36:00,store,S006,C02230,P0003,card,9054.14
T0014051,2025-11-25T02:02:00,store,S003,C00866,P0022,cash,17581.129999999997
T0014052,2025-11-22T11:16:00,store,S006,C00993,P0024,card,376139.58
T0014053,2025-11-13T06:11:00,store,S006,C00764,P0024,cash,9463.21
T0014054,2025-11-27T21:14:00,store,S001,C00170,P0006,cash,13741.509999999998
T0014055,2025-11-12T08:40:00,store,S005,C01432,P0014,card,69453.37999999999
T0014056,2025-11-21T22:38:00,store,S002,C00700,P0001,cash,103442.84999999999
T0014058,2025-11-18T16:10:00,store,S004,C00206,P0005,cash,35874.96000000001
T0014060,2025-11-26T21:29:00,store,S003,C01744,P0023,card,244043.22999999998
T0014063,2025-11-26T09:23:00,store,S001,C01364,P0006,cash,237296.03000000003
T0014064,2025-11-25T10:57:00,store,S006,C00275,P0003,cash,66922.51
T0014065,2025-11-26T18:15:00,store,S006,C02266,P0011,cash,227708.49
T0014066,2025-11-01T12:51:00,store,S004,C00030,P0005,cash,98518.39
T0014068,2025-11-03T20:56:00,store,S001,C02497,P0002,card,7202.58
T0014069,2025-11-04T18:41:00,store,S001,C00859,P0015,cash,28325.030000000002
T0014071,2025-11-01T18:54:00,store,S004,C00128,P0026,card,1259.05
T0014072,2025-11-16T17:58:00,store,S002,C01139,P0018,card,157348.19
T0014073,2025-11-23T12:18:00,store,S005,C01542,P0025,cash,46444.04
T0014074,2025-11-24T13:53:00,store,S006,C01475,P0003,card,35844.47
T0014075,2025-11-16T01:53:00,store,S005,C01761,P0012,cash,9367.0
T0014077,2025-11-19T09:27:00,store,S004,C02358,P0005,cash,40650.13
T0014078,2025-11-20T22:11:00,store,S002,C01341,P0018,cash,18994.62
T0014080,2025-11-06T07:21:00,store,S004,C01813,P0005,card,2191.29
T0014081,2025-11-29T22:20:00,store,S006,C01408,P0016,card,237340.02
T0014082,2025-11-28T03:34:00,store,S003,C01968,P0023,cash,360950.86
T0014083,2025-11-03T16:18:00,store,S003,C01595,P0023,card,74272.47
T0014084,2025-11-03T01:29:00,store,S005,C01048,P0008,cash,10183.23
T0014086,2025-11-17T07:17:00,store,S005,C01062,P0008,card,1764.48
T0014087,2025-11-22T12:08:00,store,S004,C01684,P0026,cash,229575.5
T0014088,2025-11-06T23:45:00,store,S004,C00082,P0026,card,170483.16
T0014089,2025-11-16T02:42:00,store,S005,C01344,P0008,cash,105299.21
T0014090,2025-11-30T08:59:00,store,S006,C00756,P0003,cash,64468.439999999995
T0014092,2025-11-02T04:52:00,store,S004,C02294,P0026,cash,48696.44
T0014093,2025-11-10T23:27:00,store,S003,C01210,P0023,card,6293.2
T0014094,2025-11-27T21:20:00,store,S002,C02416,P0018,cash,16742.93
T0014095,2025-11-17T15:34:00,store,S001,C00297,P0021,card,31311.88
T0014096,2025-11-27T03:54:00,store,S005,C02398,P0012,cash,227815.97
T0014098,2025-11-27T15:08:00,store,S004,C02429,P0026,card,12474.66
T0014101,2025-11-17T04:52:00,store,S005,C00616,P0012,card,25612.15
T0014103,2025-11-13T23:54:00,store,S001,C02283,P0006,card,136235.11
T0014105,2025-11-22T02:30:00,store,S001,C01303,P0020,card,70331.72
T0014108,2025-11-19T16:14:00,store,S001,C00731,P0009,cash,16038.669999999998
T0014110,2025-11-12T07:36:00,store,S004,C00721,P0005,cash,35592.38
T0014111,2025-11-30T18:44:00,store,S003,C00214,P0023,card,27171.14
T0014112,2025-11-06T19:50:00,store,S006,C01233,P0024,cash,55267.69
T0014113,2025-11-18T17:01:00,store,S004,C01261,P0026,cash,235841.28
T0014114,2025-11-01T12:56:00,store,S004,C01172,P0026,cash,3327.97
T0014115,2025-11-16T13:43:00,store,S002,C02257,P0001,card,160452.44
T0014117,2025-11-15T16:27:00,store,S001,C00161,P0021,cash,22853.89
T0014118,2025-11-24T23:39:00,store,S004,C02210,P0026,card,2219.23
T0014119,2025-11-11T09:09:00,store,S002,C01890,P0007,cash,193162.11000000002
T0014121,2025-11-02T01:03:00,store,S001,C00637,P0006,cash,11535.82
T0014122,2025-11-09T03:37:00,store,S001,C01439,P0020,cash,76214.53
T0014123,2025-11-28T13:12:00,store,S001,C01414,P0002,card,4405.82
T0014124,2025-11-08T22:05:00,store,S005,C00153,P0012,cash,17832.11
T0014127,2025-11-22T05:40:00,store,S005,C02191,P0025,cash,2362.53
T0014128,2025-11-09T13:41:00,store,S006,C01089,P0024,card,55079.07
T0014129,2025-11-12T20:05:00,store,S001,C00870,P0020,card,15966.94
T0014130,2025-11-30T03:48:00,store,S006,C00077,P0016,card,27443.85
T0014131,2025-11-04T20:28:00,store,S001,C02365,P0006,cash,3334.08
T0014132,2025-11-06T03:31:00,store,S005,C00681,P0025,card,27747.3
T0014133,2025-11-29T01:09:00,store,S005,C01189,P0014,cash,10467.56
T0014134,2025-11-07T10:54:00,store,S006,C00928,P0024,cash,1895.3
T0014135,2025-11-17T00:59:00,store,S004,C01535,P0026,card,186744.05
T0014136,2025-11-15T00:17:00,store,S002,C02090,P0007,card,182698.44
T0014137,2025-11-11T09:43:00,store,S006,C00452,P0024,card,15743.39
T0014138,2025-11-04T02:01:00,store,S006,C01494,P0011,card,8891.77
T0014141,2025-11-03T03:46:00,store,S005,C02188,P0014,cash,16232.199999999999
T0014142,2025-11-19T01:08:00,store,S003,C02293,P0023,cash,13040.19
T0014143,2025-11-08T13:37:00,store,S006,C00578,P0016,card,8631.14
T0014144,2025-11-08T11:30:00,store,S001,C00374,P0020,card,272756.56
T0014145,2025-11-12T16:54:00,store,S001,C01656,P0004,cash,17612.27
T0014146,2025-11-15T03:27:00,store,S006,C00399,P0003,card,28365.6
T0014147,2025-11-24T06:17:00,store,S006,C01535,P0003,cash,6687.62
T0014148,2025-11-05T23:28:00,store,S006,C00876,P0024,card,17190.33
T0014149,2025-11-11T07:40:00,store,S004,C00816,P0005,cash,183999.34000000003
T0014150,2025-11-24T16:54:00,store,S002,C00914,P0013,card,21704.89
T0014151,2025-11-21T18:29:00,store,S004,C00850,P0026,cash,17065.09
T0014155,2025-11-28T20:29:00,store,S003,C02365,P0023,cash,23204.18
T0014156,2025-11-24T22:25:00,store,S001,C00684,P0006,cash,48679.92
T0014158,2025-11-19T13:43:00,store,S003,C01813,P0023,cash,14199.539999999999
T0014161,2025-11-10T11:29:00,store,S001,C01291,P0002,card,22658.449999999997
T0014162,2025-11-28T07:00:00,store,S006,C00389,P0003,cash,38428.409999999996
T0014163,2025-11-25T05:32:00,store,S006,C01154,P0011,cash,148739.18
T0014164,2025-11-17T09:53:00,store,S005,C01741,P0012,cash,25494.42
T0014165,2025-11-30T23:05:00,store,S005,C01376,P0008,card,9519.57
T0014166,2025-11-03T07:36:00,store,S004,C01593,P0005,card,35340.8
T0014167,2025-11-15T05:15:00,store,S004,C00533,P0005,cash,176011.51
T0014168,2025-11-05T02:00:00,store,S006,C02017,P0024,cash,8348.97
T0014170,2025-11-10T05:13:00,store,S004,C01274,P0026,card,34524.810000000005
T0014171,2025-11-03T05:04:00,store,S003,C02239,P0023,card,76650.34000000001
T0014172,2025-11-24T04:01:00,store,S001,C02098,P0015,cash,10481.06
T0014174,2025-11-02T03:09:00,store,S005,C01938,P0012,cash,8307.06
T0014175,2025-11-27T08:58:00,store,S005,C01721,P0025,cash,18495.86
T0014176,2025-11-13T22:54:00,store,S004,C01182,P0005,card,42973.06
T0014177,2025-11-23T21:29:00,store,S004,C01386,P0026,card,19692.65
T0014180,2025-11-14T19:25:00,store,S002,C00665,P0007,card,8452.14
T0014181,2025-11-07T17:27:00,store,S003,C01207,P0022,card,2234.23
T0014182,2025-11-06T18:38:00,store,S003,C01319,P0022,card,9763.86
T0014183,2025-11-29T15:48:00,store,S006,C00160,P0016,card,19860.29
T0014185,2025-11-04T22:34:00,store,S001,C01712,P0004,card,19632.46
T0014186,2025-11-26T11:20:00,store,S006,C00163,P0024,cash,61719.729999999996
T0014187,2025-11-10T16:17:00,store,S004,C01408,P0005,cash,36397.0
T0014188,2025-11-12T13:39:00,store,S005,C01655,P0025,cash,12787.1
T0014190,2025-11-02T17:00:00,store,S003,C01605,P0019,cash,25353.19
T0014193,2025-11-27T22:13:00,store,S005,C00044,P0014,card,15718.3
T0014195,2025-11-10T04:27:00,store,S006,C00283,P0003,cash,227592.16999999998
T0014196,2025-11-23T22:06:00,store,S002,C01580,P0018,card,4431.47
T0014197,2025-11-07T18:29:00,store,S005,C00529,P0012,cash,7146.01
T0014199,2025-11-09T09:20:00,store,S002,C01431,P0007,card,6347.6
T0014200,2025-11-14T12:28:00,store,S004,C00182,P0026,card,126721.52
T0014201,2025-11-07T15:25:00,store,S006,C00655,P0016,cash,12579.64
T0014202,2025-11-29T07:33:00,store,S005,C00151,P0012,cash,15632.12
T0014204,2025-11-02T10:16:00,store,S002,C01114,P0001,cash,283764.78
T0014206,2025-11-29T20:41:00,store,S002,C02346,P0013,cash,5281.84
T0014207,2025-11-13T13:16:00,store,S002,C01773,P0007,card,13551.689999999999
T0014209,2025-11-21T01:48:00,store,S001,C00578,P0020,cash,4008.7
T0014210,2025-11-28T14:17:00,store,S003,C01916,P0022,card,37669.72
T0014211,2025-11-11T06:27:00,store,S001,C02053,P0002,card,4311.37
T0014213,2025-11-04T08:31:00,store,S004,C00457,P0005,card,12253.77
T0014214,2025-11-09T19:58:00,store,S002,C01634,P0001,card,3408.06
T0014215,2025-11-26T08:02:00,store,S001,C00402,P0006,card,217750.14
T0014216,2025-11-29T03:45:00,store,S003,C00035,P0019,card,1233.35
T0014217,2025-11-27T19:25:00,store,S002,C02187,P0007,cash,5922.5
T0014218,2025-11-11T04:43:00,store,S006,C02373,P0016,cash,22226.510000000002
T0014221,2025-11-12T16:46:00,store,S006,C02044,P0003,cash,17722.09
T0014222,2025-11-22T16:17:00,store,S002,C01028,P0001,cash,231905.79
T0014224,2025-11-17T07:15:00,store,S005,C02216,P0014,card,30232.98
T0014225,2025-11-07T00:11:00,store,S004,C01062,P0026,cash,3220.04
T0014226,2025-11-18T17:09:00,store,S004,C01964,P0005,card,19722.390000000003
T0014229,2025-11-22T02:31:00,store,S005,C01393,P0008,card,13427.130000000001
T0014230,2025-11-26T07:38:00,store,S001,C02286,P0002,card,93679.41
T0014231,2025-11-07T07:00:00,store,S006,C02495,P0016,card,1058.99
T0014233,2025-11-04T17:40:00,store,S006,C01153,P0016,card,102407.96
T0014234,2025-11-19T03:34:00,store,S006,C01623,P0024,card,106839.8
T0014235,2025-11-02T09:38:00,store,S004,C00755,P0026,cash,5159.25
T0014236,2025-11-22T16:56:00,store,S005,C00849,P0008,card,6677.85
T0014237,2025-11-30T06:27:00,store,S002,C00034,P0018,card,228013.36
T0014238,2025-11-20T23:21:00,store,S002,C01702,P0001,cash,49706.28
T0014239,2025-11-26T12:03:00,store,S005,C00752,P0008,cash,40266.78
T0014240,2025-11-05T05:25:00,store,S006,C01403,P0003,cash,24577.67
T0014241,2025-11-14T13:43:00,store,S005,C02167,P0014,card,17837.58
T0014245,2025-11-04T01:47:00,store,S006,C01999,P0011,cash,57584.869999999995
T0014246,2025-11-28T02:56:00,store,S004,C00355,P0005,card,6718.29
T0014247,2025-11-01T09:42:00,store,S005,C01746,P0014,card,23399.11
T0014248,2025-11-07T04:12:00,store,S006,C02037,P0016,card,8092.95
T0014249,2025-11-10T09:34:00,store,S005,C00487,P0012,card,4412.5
T0014250,2025-11-09T03:09:00,store,S002,C00092,P0018,card,2283.39
T0014252,2025-11-25T18:16:00,store,S003,C00207,P0017,cash,26276.88
T0014253,2025-11-03T09:41:00,store,S006,C01503,P0011,card,15479.32
T0014254,2025-11-06T01:07:00,store,S004,C00930,P0005,cash,5259.6900000000005
T0014256,2025-11-06T11:10:00,store,S006,C01947,P0011,cash,24948.16
T0014259,2025-11-28T04:03:00,store,S005,C00054,P0008,cash,25623.18
T0014260,2025-11-17T10:11:00,store,S003,C02180,P0023,cash,49076.93
T0014261,2025-11-22T18:48:00,store,S004,C02172,P0005,cash,2612.22
T0014262,2025-11-30T22:54:00,store,S006,C00240,P0011,cash,15088.81
T0014264,2025-11-20T13:59:00,store,S001,C01354,P0021,card,11667.67
T0014266,2025-11-19T05:46:00,store,S001,C02417,P0021,card,19198.760000000002
T0014267,2025-11-22T06:31:00,store,S001,C00308,P0002,cash,44417.8
T0014268,2025-11-11T13:28:00,store,S005,C01748,P0014,card,94559.1
T0014270,2025-11-10T19:29:00,store,S006,C00551,P0024,card,27510.83
T0014271,2025-11-12T22:24:00,store,S004,C00535,P0026,cash,3485.88
T0014273,2025-11-02T02:03:00,store,S001,C00601,P0015,card,13474.43
T0014275,2025-11-28T07:42:00,store,S005,C02214,P0012,cash,269856.18
T0014277,2025-11-14T16:34:00,store,S001,C00504,P0002,cash,32036.96
T0014279,2025-11-05T03:59:00,store,S003,C00868,P0017,cash,274747.21
T0014280,2025-11-13T17:28:00,store,S003,C00266,P0019,cash,37435.1
T0014281,2025-11-16T21:46:00,store,S004,C02461,P0005,cash,15304.67
T0014282,2025-11-30T22:55:00,store,S005,C01182,P0025,cash,49754.450000000004
T0014283,2025-11-06T06:11:00,store,S003,C00008,P0022,card,434242.22
T0014284,2025-11-23T12:30:00,store,S002,C01260,P0007,card,151394.13
T0014286,2025-11-23T06:01:00,store,S005,C00691,P0025,cash,197151.41
T0014287,2025-11-18T11:35:00,store,S006,C00637,P0024,card,109989.44
T0014288,2025-11-19T15:02:00,store,S001,C00139,P0020,cash,32165.03
T0014289,2025-11-23T17:32:00,store,S006,C00264,P0024,cash,19151.739999999998
T0014291,2025-11-04T00:02:00,store,S004,C00763,P0026,cash,8307.7
T0014293,2025-11-20T18:44:00,store,S006,C01425,P0011,cash,15873.689999999999
T0014294,2025-11-15T18:07:00,store,S004,C00731,P0005,card,7373.47
T0014297,2025-11-13T02:16:00,store,S006,C01620,P0011,card,203969.50999999998
T0014298,2025-11-09T04:39:00,store,S006,C00226,P0003,cash,27832.100000000002
T0014299,2025-11-15T00:04:00,store,S005,C02287,P0025,cash,2320.9
T0014300,2025-11-18T21:25:00,store,S003,C00726,P0022,card,36608.21
T0014301,2025-11-02T18:42:00,store,S002,C00438,P0013,cash,21410.05
T0014302,2025-11-19T07:00:00,store,S004,C00737,P0026,cash,212217.25999999998
T0014303,2025-11-24T12:03:00,store,S003,C02460,P0023,cash,35064.0
T0014304,2025-11-01T13:37:00,store,S003,C02043,P0019,cash,101550.93
T0014305,2025-11-21T23:31:00,store,S006,C01032,P0016,card,340639.64
T0014307,2025-11-07T11:21:00,store,S006,C00042,P0003,card,6930.87
T0014308,2025-11-12T09:41:00,store,S005,C01083,P0012,cash,27044.35
T0014309,2025-11-19T01:44:00,store,S006,C01936,P0024,card,30157.99
T0014311,2025-11-06T02:33:00,store,S006,C01289,P0003,card,36077.0
T0014313,2025-11-01T21:12:00,store,S001,C02337,P0009,cash,46830.15
T0014315,2025-11-04T07:50:00,store,S002,C00656,P0001,cash,17125.989999999998
T0014316,2025-11-18T06:32:00,store,S001,C01908,P0021,cash,17708.309999999998
T0014317,2025-11-12T09:30:00,store,S004,C01274,P0026,card,9019.11
T0014320,2025-11-07T16:19:00,store,S004,C00387,P0005,card,232141.33000000002
T0014321,2025-11-29T18:59:00,store,S003,C00022,P0017,card,13892.380000000001
T0014323,2025-11-04T23:29:00,store,S005,C02469,P0025,cash,9186.3
T0014324,2025-11-15T23:51:00,store,S005,C01707,P0014,cash,28481.23
T0014325,2025-11-18T18:02:00,store,S005,C01019,P0014,card,217089.75
T0014326,2025-11-19T14:26:00,store,S002,C00101,P0001,card,8517.61
T0014327,2025-11-18T16:26:00,store,S005,C00692,P0025,card,6581.46
T0014328,2025-11-02T10:53:00,store,S006,C02486,P0011,card,248556.41999999998
T0014330,2025-11-20T00:47:00,store,S003,C00718,P0019,card,429097.21
T0014331,2025-11-14T00:51:00,store,S004,C01147,P0026,card,32847.619999999995
T0014332,2025-11-29T18:42:00,store,S003,C01914,P0017,cash,6522.09
T0014333,2025-11-24T23:58:00,store,S004,C01236,P0026,cash,352274.71
T0014334,2025-11-11T07:46:00,store,S005,C01772,P0025,card,19710.48
T0014335,2025-11-25T12:31:00,store,S005,C01911,P0025,cash,423593.74000000005
T0014336,2025-11-18T11:04:00,store,S001,C00992,P0020,card,9217.98
T0014337,2025-11-07T01:01:00,store,S001,C02185,P0020,card,35856.759999999995
T0014338,2025-11-12T14:13:00,store,S005,C02359,P0008,cash,58228.770000000004
T0014339,2025-11-20T22:48:00,store,S005,C02038,P0025,cash,72829.07
T0014340,2025-11-26T14:31:00,store,S005,C00011,P0014,cash,200211.33
T0014342,2025-11-03T22:41:00,store,S003,C02087,P0023,card,19572.12
T0014343,2025-11-18T19:29:00,store,S005,C00325,P0025,cash,55241.840000000004
T0014344,2025-11-19T12:57:00,store,S004,C01334,P0026,cash,29933.27
T0014346,2025-11-09T21:42:00,store,S001,C00114,P0002,cash,12964.8
T0014347,2025-11-07T05:26:00,store,S005,C01898,P0012,card,16947.23
T0014349,2025-11-27T08:41:00,store,S001,C01699,P0004,cash,15920.57
T0014350,2025-11-27T09:50:00,store,S005,C00221,P0025,card,349104.85
T0014353,2025-11-01T06:22:00,store,S006,C02013,P0016,cash,1820.03
T0014354,2025-11-14T05:57:00,store,S001,C02474,P0002,cash,4497.57
T0014355,2025-11-18T15:09:00,store,S005,C00731,P0012,cash,34257.43
T0014356,2025-11-11T18:12:00,store,S001,C02465,P0009,cash,31960.059999999998
T0014358,2025-11-20T13:28:00,store,S006,C00045,P0024,cash,231556.96
T0014359,2025-11-10T23:41:00,store,S004,C00205,P0005,card,255714.33
T0014361,2025-11-10T08:09:00,store,S001,C00016,P0006,cash,1838.33
T0014362,2025-11-04T07:18:00,store,S001,C00230,P0021,card,11024.48
T0014364,2025-11-01T23:17:00,store,S001,C01062,P0009,card,27567.839999999997
T0014365,2025-11-26T06:27:00,store,S006,C01980,P0003,cash,104599.31999999999
T0014367,2025-11-03T00:55:00,store,S005,C00053,P0025,cash,27814.82
T0014369,2025-11-19T13:17:00,store,S004,C01450,P0026,card,31774.89
T0014371,2025-11-27T02:44:00,store,S004,C01760,P0026,cash,4171.83
T0014372,2025-11-20T19:04:00,store,S006,C01319,P0011,cash,3978.09
T0014375,2025-12-05T01:13:00,online,,C02191,,card,5336.22
T0014376,2025-12-21T12:18:00,online,,C01786,,card,55949.770000000004
T0014378,2025-12-10T09:27:00,online,,C01283,,cod,212908.29
T0014379,2025-12-06T02:06:00,online,,C02428,,cod,21226.08
T0014380,2025-12-01T04:16:00,online,,C00994,,wallet,107931.53
T0014381,2025-12-31T22:22:00,online,,C00755,,cod,19073.91
T0014382,2025-12-28T01:30:00,online,,C02070,,cod,97449.37999999999
T0014384,2025-12-14T17:06:00,online,,C00102,,card,11555.009999999998
T0014385,2025-12-03T23:13:00,online,,C02258,,wallet,8391.3
T0014386,2025-12-14T07:15:00,online,,C01921,,wallet,3866.3199999999997
T0014387,2025-12-11T14:42:00,online,,C00807,,cod,24103.550000000003
T0014391,2025-12-28T20:40:00,online,,C00934,,wallet,35642.19
T0014393,2025-12-06T01:42:00,online,,C00437,,card,6875.07
T0014394,2025-12-20T02:09:00,online,,C01397,,card,21307.79
T0014395,2025-12-08T14:08:00,online,,C02224,,card,262603.49
T0014399,2025-12-01T15:38:00,online,,C02108,,card,18646.23
T0014402,2025-12-19T00:40:00,online,,C01405,,cod,185714.17
T0014403,2025-12-22T10:24:00,online,,C02369,,card,3686.67
T0014404,2025-12-06T00:06:00,online,,C00877,,card,6204.99
T0014406,2025-12-19T19:05:00,online,,C00028,,card,20300.559999999998
T0014407,2025-12-05T15:33:00,online,,C01344,,wallet,1261.47
T0014409,2025-12-23T01:16:00,online,,C02186,,card,255337.82
T0014410,2025-12-16T07:53:00,online,,C02321,,card,29580.73
T0014411,2025-12-13T07:56:00,online,,C02217,,wallet,38568.74
T0014412,2025-12-10T11:14:00,online,,C00591,,cod,7385.67
T0014413,2025-12-08T07:44:00,online,,C01381,,wallet,9064.23
T0014414,2025-12-27T16:31:00,online,,C01913,,cod,12616.060000000001
T0014415,2025-12-04T09:34:00,online,,C00176,,card,31285.059999999998
T0014416,2025-12-19T06:11:00,online,,C00419,,card,1714.72
T0014418,2025-12-11T10:45:00,online,,C00479,,card,217756.32
T0014420,2025-12-30T15:53:00,online,,C02224,,card,39176.2
T0014421,2025-12-28T15:19:00,online,,C02025,,wallet,50084.54
T0014422,2025-12-04T23:06:00,online,,C01852,,cod,107357.01
T0014423,2025-12-01T14:05:00,online,,C02298,,wallet,7882.0599999999995
T0014425,2025-12-07T16:34:00,online,,C00930,,cod,26874.91
T0014426,2025-12-02T21:38:00,online,,C01340,,wallet,22023.68
T0014427,2025-12-16T19:42:00,online,,C00304,,card,197678.94
T0014428,2025-12-08T09:32:00,online,,C01488,,cod,12263.71
T0014429,2025-12-24T02:33:00,online,,C02356,,cod,74185.16
T0014430,2025-12-18T09:38:00,online,,C00353,,cod,25401.300000000003
T0014432,2025-12-24T11:30:00,online,,C02183,,card,12243.34
T0014433,2025-12-21T18:50:00,online,,C00647,,card,15112.0
T0014434,2025-12-17T02:56:00,online,,C01889,,card,26057.559999999998
T0014436,2025-12-20T11:52:00,online,,C00745,,card,51437.86
T0014437,2025-12-05T10:33:00,online,,C01316,,card,16016.119999999999
T0014441,2025-12-24T06:35:00,online,,C01790,,card,18165.02
T0014442,2025-12-22T23:21:00,online,,C00590,,cod,231561.37
T0014443,2025-12-11T07:55:00,online,,C01446,,card,27483.589999999997
T0014444,2025-12-17T04:42:00,online,,C01665,,cod,6754.9
T0014445,2025-12-18T22:01:00,online,,C01212,,cod,17054.86
T0014446,2025-12-13T23:26:00,online,,C01493,,card,18925.48
T0014447,2025-12-09T02:24:00,online,,C00151,,cod,5259.87
T0014448,2025-12-25T08:00:00,online,,C00446,,card,5224.64
T0014451,2025-12-12T13:08:00,online,,C00164,,card,51225.829999999994
T0014452,2025-12-25T07:00:00,online,,C02232,,wallet,199830.97999999998
T0014453,2025-12-06T02:59:00,online,,C01439,,cod,111745.48
T0014454,2025-12-24T16:39:00,online,,C00591,,wallet,9250.48
T0014457,2025-12-23T16:02:00,online,,C00666,,wallet,23545.65
T0014458,2025-12-05T11:41:00,online,,C01573,,wallet,231859.51
T0014459,2025-12-19T08:56:00,online,,C02232,,cod,87885.06999999999
T0014460,2025-12-12T20:27:00,online,,C02290,,cod,17000.239999999998
T0014461,2025-12-01T20:10:00,online,,C00338,,cod,14265.47
T0014462,2025-12-01T05:44:00,online,,C02382,,card,203509.81
T0014463,2025-12-13T11:24:00,online,,C02134,,cod,12431.48
T0014464,2025-12-06T23:04:00,online,,C01136,,wallet,59388.43
T0014465,2025-12-07T19:41:00,online,,C00038,,cod,20916.25
T0014466,2025-12-07T04:50:00,online,,C01590,,wallet,56097.93
T0014467,2025-12-26T12:40:00,online,,C00410,,cod,3787.81
T0014468,2025-12-18T18:14:00,online,,C01537,,cod,19694.12
T0014469,2025-12-11T00:07:00,online,,C00809,,card,88179.43
T0014470,2025-12-18T08:19:00,online,,C01824,,wallet,32579.83
T0014471,2025-12-25T13:04:00,online,,C02347,,wallet,13933.69
T0014474,2025-12-16T09:07:00,online,,C02133,,wallet,21441.82
T0014476,2025-12-19T19:04:00,online,,C00120,,cod,7791.58
T0014477,2025-12-19T16:20:00,online,,C00693,,cod,22613.23
T0014478,2025-12-27T06:44:00,online,,C02393,,wallet,4336.81
T0014479,2025-12-09T01:59:00,online,,C01490,,wallet,40758.71
T0014480,2025-12-17T02:37:00,online,,C02299,,card,24386.31
T0014481,2025-12-29T12:13:00,online,,C01314,,wallet,34971.01
T0014482,2025-12-14T02:16:00,online,,C02389,,wallet,23385.989999999998
T0014484,2025-12-16T17:50:00,online,,C02390,,cod,106269.92
T0014485,2025-12-01T17:53:00,online,,C00112,,card,25540.309999999998
T0014486,2025-12-31T02:08:00,online,,C00697,,card,24464.44
T0014488,2025-12-14T03:29:00,online,,C00800,,wallet,200933.66
T0014489,2025-12-23T05:18:00,online,,C02383,,wallet,7894.72
T0014493,2025-12-17T13:39:00,online,,C00823,,wallet,5914.48
T0014494,2025-12-16T10:32:00,online,,C00563,,card,284369.5
T0014496,2025-12-18T08:01:00,online,,C00952,,card,17175.83
T0014497,2025-12-18T17:19:00,online,,C00965,,card,68208.25
T0014498,2025-12-27T18:04:00,online,,C00762,,card,7388.14
T0014499,2025-12-05T00:56:00,online,,C02401,,card,39854.17999999999
T0014500,2025-12-06T15:08:00,online,,C01693,,cod,38410.78
T0014501,2025-12-11T22:24:00,online,,C00293,,wallet,43366.94
T0014502,2025-12-21T03:49:00,online,,C01608,,card,8413.23
T0014504,2025-12-05T22:55:00,online,,C02225,,wallet,2161.03
T0014505,2025-12-01T22:36:00,online,,C02206,,card,250132.87
T0014506,2025-12-19T12:37:00,online,,C01112,,card,35427.64
T0014507,2025-12-04T17:45:00,online,,C02428,,card,28450.98
T0014508,2025-12-11T12:44:00,online,,C02410,,cod,30715.36
T0014509,2025-12-05T17:05:00,online,,C02356,,cod,392627.29
T0014511,2025-12-11T06:41:00,online,,C02091,,cod,36693.26
T0014512,2025-12-07T05:33:00,online,,C01052,,wallet,371735.88999999996
T0014514,2025-12-02T15:42:00,online,,C00457,,card,227567.65
T0014515,2025-12-15T14:54:00,online,,C01668,,card,19154.83
T0014516,2025-12-21T14:14:00,online,,C00519,,cod,2280.05
T0014517,2025-12-26T05:38:00,online,,C02124,,wallet,62042.28
T0014519,2025-12-02T21:24:00,online,,C01871,,wallet,54427.11
T0014520,2025-12-18T13:37:00,online,,C00281,,card,135621.14
T0014521,2025-12-22T13:35:00,online,,C01136,,card,46733.55
T0014522,2025-12-14T13:34:00,online,,C00874,,cod,30520.12
T0014523,2025-12-09T21:40:00,online,,C01124,,wallet,21203.6
T0014525,2025-12-01T00:43:00,online,,C00688,,wallet,38072.7
T0014526,2025-12-20T05:51:00,online,,C00178,,wallet,8937.85
T0014527,2025-12-24T11:59:00,online,,C00274,,card,380423.24
T0014529,2025-12-11T16:52:00,online,,C00326,,cod,14258.63
T0014530,2025-12-19T23:57:00,online,,C02358,,wallet,2075.42
T0014531,2025-12-27T07:25:00,online,,C01386,,card,22022.27
T0014532,2025-12-21T02:45:00,online,,C01600,,card,361971.53
T0014533,2025-12-19T02:51:00,online,,C01075,,cod,14892.14
T0014534,2025-12-15T06:48:00,online,,C01950,,cod,12196.869999999999
T0014535,2025-12-05T09:32:00,online,,C00340,,card,21091.8
T0014536,2025-12-22T23:41:00,online,,C01912,,cod,37961.490000000005
T0014537,2025-12-10T15:49:00,online,,C01031,,cod,23801.7
T0014538,2025-12-04T16:04:00,online,,C01616,,wallet,27410.34
T0014540,2025-12-30T13:08:00,online,,C02462,,wallet,9167.93
T0014541,2025-12-13T21:34:00,online,,C01494,,card,21347.97
T0014543,2025-12-21T14:10:00,online,,C00233,,cod,30743.82
T0014545,2025-12-02T01:33:00,online,,C00696,,card,93634.11
T0014546,2025-12-26T07:59:00,online,,C00965,,cod,2285.25
T0014547,2025-12-29T00:41:00,online,,C01427,,wallet,3359.06
T0014551,2025-12-14T17:06:00,online,,C02389,,wallet,299813.22
T0014552,2025-12-03T13:13:00,online,,C01517,,cod,315275.81
T0014554,2025-12-13T20:58:00,online,,C00013,,cod,10136.04
T0014557,2025-12-27T13:39:00,online,,C00459,,cod,271971.31
T0014558,2025-12-22T03:03:00,online,,C02405,,wallet,15734.289999999999
T0014559,2025-12-08T12:02:00,online,,C01276,,card,20856.52
T0014560,2025-12-06T21:38:00,online,,C01554,,cod,31557.94
T0014561,2025-12-22T10:39:00,online,,C01008,,cod,6844.369999999999
T0014562,2025-12-18T05:42:00,online,,C01013,,card,60501.02
T0014563,2025-12-13T17:47:00,online,,C01214,,cod,74522.42
T0014567,2025-12-15T00:47:00,online,,C01643,,cod,256592.84
T0014569,2025-12-23T07:02:00,online,,C02183,,cod,34201.92
T0014571,2025-12-06T08:21:00,online,,C02119,,cod,307865.04
T0014573,2025-12-03T22:06:00,online,,C01113,,cod,10558.99
T0014575,2025-12-29T10:26:00,online,,C01977,,cod,11109.82
T0014576,2025-12-18T13:44:00,online,,C01705,,wallet,30107.17
T0014577,2025-12-05T23:03:00,online,,C01846,,wallet,273702.1
T0014578,2025-12-03T23:38:00,online,,C00654,,card,269158.62
T0014580,2025-12-02T15:09:00,online,,C02491,,card,46139.47
T0014581,2025-12-04T17:08:00,online,,C02428,,card,25260.88
T0014582,2025-12-01T04:50:00,online,,C00715,,wallet,30001.97
T0014585,2025-12-04T18:51:00,online,,C00088,,cod,36341.23
T0014586,2025-12-08T07:16:00,online,,C00210,,card,96616.36000000002
T0014587,2025-12-28T22:07:00,online,,C01950,,card,66434.19
T0014588,2025-12-26T20:34:00,online,,C02199,,cod,4492.12
T0014589,2025-12-26T16:03:00,online,,C02200,,card,11876.619999999999
T0014591,2025-12-31T14:10:00,online,,C02249,,card,6465.84
T0014592,2025-12-30T07:39:00,online,,C01527,,cod,94135.69
T0014593,2025-12-08T02:07:00,online,,C02055,,wallet,20099.09
T0014596,2025-12-02T17:20:00,online,,C00112,,card,92609.29999999999
T0014597,2025-12-26T21:10:00,online,,C01209,,wallet,26408.22
T0014598,2025-12-24T16:20:00,online,,C00787,,wallet,35701.64
T0014599,2025-12-14T18:55:00,online,,C02453,,cod,29917.1
T0014601,2025-12-08T06:37:00,online,,C01854,,wallet,15643.48
T0014602,2025-12-16T02:42:00,online,,C00708,,card,49467.28
T0014603,2025-12-07T06:59:00,online,,C00581,,card,22110.84
T0014604,2025-12-27T12:32:00,online,,C01886,,wallet,242010.72
T0014605,2025-12-08T01:22:00,online,,C00800,,wallet,7418.43
T0014608,2025-12-04T03:12:00,online,,C00630,,cod,32483.39
T0014610,2025-12-28T09:11:00,online,,C01442,,cod,255090.34
T0014611,2025-12-09T15:32:00,online,,C02404,,wallet,3805.39
T0014615,2025-12-16T17:54:00,online,,C01478,,cod,27906.85
T0014616,2025-12-22T17:38:00,online,,C00621,,cod,7034.38
T0014617,2025-12-18T08:11:00,online,,C00147,,cod,5617.99
T0014619,2025-12-30T08:49:00,online,,C00930,,cod,15070.36
T0014621,2025-12-08T13:36:00,online,,C00792,,card,34380.49
T0014622,2025-12-01T13:48:00,online,,C00945,,card,6296.17
T0014623,2025-12-12T02:44:00,online,,C00335,,wallet,20055.37
T0014626,2025-12-19T09:36:00,online,,C01996,,cod,45791.14
T0014627,2025-12-31T12:18:00,online,,C00841,,wallet,38739.31
T0014628,2025-12-03T03:52:00,online,,C01089,,card,27809.46
T0014629,2025-12-30T20:04:00,online,,C00627,,card,17782.07
T0014630,2025-12-22T13:40:00,online,,C01527,,cod,14077.7
T0014631,2025-12-19T18:16:00,online,,C00707,,wallet,6502.26
T0014632,2025-12-08T04:06:00,online,,C00457,,card,2365.83
T0014633,2025-12-24T00:34:00,online,,C01398,,cod,221490.58
T0014634,2025-12-18T11:48:00,online,,C00457,,wallet,2291.62
T0014635,2025-12-13T04:23:00,online,,C02137,,cod,19842.85
T0014636,2025-12-10T19:21:00,online,,C02328,,wallet,505570.38
T0014637,2025-12-03T02:09:00,online,,C01582,,card,97963.39
T0014640,2025-12-02T14:23:00,online,,C02403,,wallet,6850.51
T0014643,2025-12-10T05:12:00,online,,C01222,,cod,1480.79
T0014644,2025-12-01T10:33:00,online,,C00395,,card,24280.22
T0014645,2025-12-21T08:36:00,online,,C00452,,cod,73488.26999999999
T0014647,2025-12-06T23:05:00,online,,C02269,,wallet,11326.06
T0014648,2025-12-02T02:24:00,online,,C01243,,wallet,223731.47
T0014649,2025-12-10T05:14:00,online,,C01808,,cod,13299.45
T0014650,2025-12-05T18:10:00,online,,C01884,,wallet,3014.48
T0014651,2025-12-21T11:26:00,online,,C00086,,card,35623.34
T0014652,2025-12-11T20:12:00,online,,C01880,,card,8767.69
T0014653,2025-12-06T15:56:00,online,,C00220,,wallet,48232.0
T0014654,2025-12-07T00:52:00,online,,C00391,,card,10937.02
T0014656,2025-12-23T01:57:00,online,,C01050,,wallet,16543.190000000002
T0014657,2025-12-28T17:13:00,online,,C00316,,wallet,16796.07
T0014658,2025-12-27T13:03:00,online,,C01650,,cod,11781.43
T0014661,2025-12-01T11:38:00,online,,C02030,,cod,18743.1
T0014662,2025-12-07T20:33:00,online,,C01672,,card,39616.69
T0014663,2025-12-12T08:17:00,online,,C00141,,card,10172.15
T0014664,2025-12-29T06:37:00,online,,C00644,,cod,278072.68
T0014667,2025-12-16T01:22:00,online,,C00016,,wallet,3750.81
T0014668,2025-12-03T23:58:00,online,,C01062,,cod,50647.119999999995
T0014669,2025-12-02T03:43:00,online,,C02398,,cod,314921.98
T0014670,2025-12-11T23:04:00,online,,C01849,,cod,117770.69
T0014672,2025-12-04T14:03:00,online,,C01353,,cod,98607.23
T0014674,2025-12-20T04:25:00,online,,C01433,,cod,26110.45
T0014675,2025-12-30T10:43:00,online,,C00472,,card,33498.909999999996
T0014677,2025-12-30T13:24:00,online,,C02329,,card,14666.73
T0014678,2025-12-12T20:30:00,online,,C01260,,wallet,3495.85
T0014681,2025-12-21T17:15:00,online,,C01992,,cod,60933.04
T0014683,2025-12-09T14:16:00,online,,C00650,,card,4081.92
T0014685,2025-12-08T00:58:00,online,,C00402,,card,2777.49
T0014686,2025-12-03T14:58:00,online,,C01171,,cod,16447.89
T0014687,2025-12-22T13:58:00,online,,C02329,,cod,38272.06
T0014689,2025-12-29T19:41:00,online,,C00862,,wallet,406637.02
T0014690,2025-12-15T14:09:00,online,,C02244,,card,8409.07
T0014692,2025-12-31T10:38:00,online,,C01927,,cod,22250.86
T0014694,2025-12-23T13:38:00,online,,C02220,,card,13503.83
T0014695,2025-12-03T06:36:00,online,,C01612,,wallet,5676.64
T0014696,2025-12-08T12:32:00,online,,C01637,,card,6920.54
T0014697,2025-12-13T21:04:00,online,,C02132,,cod,6935.9400000000005
T0014698,2025-12-04T01:34:00,online,,C01145,,card,20923.2
T0014699,2025-12-18T20:19:00,online,,C01115,,card,24993.22
T0014700,2025-12-24T17:59:00,online,,C02149,,cod,9390.21
T0014701,2025-12-05T02:59:00,online,,C01868,,card,34349.149999999994
T0014702,2025-12-08T09:12:00,online,,C01980,,wallet,21328.13
T0014704,2025-12-08T18:34:00,online,,C00169,,wallet,221178.75
T0014705,2025-12-10T06:02:00,online,,C01237,,card,11651.83
T0014706,2025-12-30T01:44:00,online,,C01869,,card,273181.02
T0014707,2025-12-20T17:00:00,online,,C01750,,wallet,20743.63
T0014708,2025-12-15T07:52:00,online,,C01747,,card,11238.87
T0014709,2025-12-30T22:59:00,online,,C00803,,card,2776.29
T0014711,2025-12-04T23:24:00,online,,C01623,,card,249212.12
T0014712,2025-12-27T16:10:00,online,,C00532,,wallet,5332.07
T0014714,2025-12-09T14:38:00,online,,C00251,,wallet,11519.16
T0014715,2025-12-29T16:51:00,online,,C00660,,wallet,23381.73
T0014716,2025-12-31T14:51:00,online,,C00665,,cod,388177.51
T0014717,2025-12-10T13:15:00,online,,C01521,,cod,3429.71
T0014719,2025-12-19T13:05:00,online,,C01809,,card,18785.43
T0014720,2025-12-08T08:07:00,online,,C01029,,wallet,6775.83
T0014721,2025-12-13T05:49:00,online,,C01879,,wallet,30816.45
T0014722,2025-12-23T05:20:00,online,,C01014,,cod,46085.67
T0014725,2025-12-13T23:07:00,online,,C00233,,wallet,20186.98
T0014727,2025-12-01T01:34:00,online,,C01548,,wallet,30650.25
T0014728,2025-12-24T19:09:00,online,,C00349,,wallet,43136.59
T0014729,2025-12-04T05:41:00,online,,C01706,,card,37014.380000000005
T0014730,2025-12-25T17:19:00,online,,C00193,,card,42636.07
T0014731,2025-12-16T05:08:00,online,,C01248,,card,38027.51
T0014732,2025-12-10T14:38:00,online,,C00103,,card,7304.83
T0014733,2025-12-05T07:23:00,online,,C00431,,cod,24054.37
T0014734,2025-12-07T12:57:00,online,,C02176,,cod,10752.5
T0014735,2025-12-30T01:20:00,online,,C01174,,cod,59124.16
T0014736,2025-12-16T05:51:00,online,,C01818,,wallet,20500.02
T0014737,2025-12-13T03:53:00,online,,C01328,,cod,82594.73999999999
T0014739,2025-12-27T17:46:00,online,,C01692,,wallet,61675.119999999995
T0014741,2025-12-08T22:42:00,online,,C02462,,cod,34268.57
T0014742,2025-12-31T00:00:00,online,,C01673,,cod,51746.48
T0014744,2025-12-23T16:43:00,online,,C01849,,cod,246051.88
T0014745,2025-12-21T12:09:00,online,,C02202,,card,11980.86
T0014746,2025-12-24T05:58:00,online,,C01055,,card,12171.74
T0014747,2025-12-26T07:22:00,online,,C01927,,wallet,1521.25
T0014748,2025-12-05T20:38:00,online,,C01236,,wallet,2052.64
T0014751,2025-12-03T10:54:00,online,,C02355,,card,2749.02
T0014756,2025-12-07T19:29:00,online,,C00230,,card,9023.59
T0014757,2025-12-25T20:10:00,online,,C00448,,cod,53695.270000000004
T0014758,2025-12-23T00:41:00,online,,C00362,,cod,40973.21
T0014759,2025-12-18T21:31:00,online,,C00449,,wallet,220110.21000000002
T0014760,2025-12-23T11:19:00,online,,C01954,,wallet,10858.92
T0014761,2025-12-28T04:29:00,online,,C01733,,cod,208250.5
T0014763,2025-12-27T01:45:00,online,,C01163,,card,30633.52
T0014764,2025-12-08T11:07:00,online,,C00391,,cod,22681.71
T0014765,2025-12-20T17:22:00,online,,C01436,,wallet,103722.47
T0014766,2025-12-29T04:25:00,online,,C02322,,card,5087.32
T0014767,2025-12-01T13:20:00,online,,C00406,,cod,250530.54
T0014768,2025-12-31T22:10:00,online,,C00637,,cod,5518.43
T0014770,2025-12-18T22:53:00,online,,C01692,,wallet,18729.14
T0014771,2025-12-08T03:36:00,online,,C02036,,cod,16453.36
T0014772,2025-12-02T23:51:00,online,,C02161,,cod,8015.39
T0014773,2025-12-15T03:48:00,online,,C00960,,cod,13596.7
T0014775,2025-12-30T14:48:00,online,,C02054,,card,4409.37
T0014776,2025-12-11T04:55:00,online,,C02256,,cod,109237.68
T0014777,2025-12-04T04:17:00,online,,C02469,,card,12451.26
T0014778,2025-12-11T22:05:00,online,,C02129,,cod,8395.19
T0014779,2025-12-10T13:29:00,online,,C01595,,cod,2947.46
T0014780,2025-12-01T09:43:00,online,,C01724,,wallet,369984.3
T0014783,2025-12-17T05:20:00,online,,C00281,,wallet,59025.01
T0014785,2025-12-09T17:59:00,online,,C00128,,card,2252.88
T0014788,2025-12-14T18:03:00,online,,C00066,,card,178479.22
T0014790,2025-12-30T18:02:00,online,,C02221,,cod,49272.159999999996
T0014791,2025-12-04T08:48:00,online,,C00063,,cod,19959.5
T0014792,2025-12-20T01:33:00,online,,C02446,,cod,239817.93
T0014797,2025-12-11T10:46:00,online,,C00797,,card,34048.05
T0014798,2025-12-16T21:34:00,online,,C01682,,cod,7876.69
T0014799,2025-12-29T03:36:00,online,,C02264,,wallet,237986.3
T0014800,2025-12-22T14:18:00,online,,C00966,,cod,22533.93
T0014801,2025-12-10T01:15:00,online,,C02325,,wallet,27642.74
T0014802,2025-12-27T21:08:00,online,,C00984,,wallet,33142.04
T0014803,2025-12-26T20:04:00,online,,C01640,,cod,6650.52
T0014805,2025-12-27T10:37:00,online,,C00176,,cod,15885.12
T0014806,2025-12-08T22:06:00,online,,C01574,,cod,7656.72
T0014807,2025-12-29T02:04:00,online,,C00708,,card,2286.57
T0014808,2025-12-30T01:49:00,online,,C00391,,card,18765.03
T0014809,2025-12-14T08:17:00,online,,C00374,,card,41679.75
T0014810,2025-12-03T07:52:00,online,,C01352,,cod,57237.99
T0014812,2025-12-11T02:23:00,online,,C00806,,cod,217652.17
T0014813,2025-12-17T17:53:00,online,,C00915,,wallet,277524.01
T0014814,2025-12-15T12:54:00,online,,C00994,,wallet,28243.89
T0014815,2025-12-21T10:56:00,online,,C01366,,card,32486.45
T0014816,2025-12-31T17:52:00,online,,C01174,,wallet,8566.75
T0014817,2025-12-07T21:43:00,online,,C01104,,wallet,12705.19
T0014819,2025-12-15T15:06:00,online,,C01260,,cod,10081.09
T0014820,2025-12-20T20:22:00,online,,C01196,,wallet,244109.71
T0014822,2025-12-26T21:25:00,online,,C00768,,wallet,16883.59
T0014823,2025-12-01T10:47:00,online,,C01061,,card,403722.27999999997
T0014824,2025-12-01T08:55:00,online,,C01788,,card,3668.67
T0014825,2025-12-17T13:36:00,online,,C01230,,cod,5337.58
T0014826,2025-12-21T03:54:00,online,,C01270,,card,19373.32
T0014828,2025-12-31T05:04:00,online,,C01170,,wallet,5514.14
T0014829,2025-12-10T03:51:00,online,,C00927,,cod,407704.05
T0014830,2025-12-17T10:10:00,online,,C01008,,card,119730.09999999999
T0014831,2025-12-24T05:31:00,online,,C01523,,card,25025.52
T0014834,2025-12-31T21:29:00,online,,C02218,,cod,4895.01
T0014839,2025-12-28T15:40:00,online,,C02347,,card,214054.59
T0014840,2025-12-02T04:02:00,online,,C02471,,cod,20071.620000000003
T0014841,2025-12-03T09:24:00,online,,C01154,,cod,10463.98
T0014843,2025-12-18T17:12:00,online,,C02467,,cod,5649.4
T0014844,2025-12-07T08:49:00,online,,C01913,,wallet,203344.92
T0014846,2025-12-21T20:26:00,online,,C00087,,card,5687.969999999999
T0014847,2025-12-24T19:29:00,online,,C00491,,cod,214394.62
T0014848,2025-12-06T16:45:00,online,,C01786,,wallet,125882.86
T0014851,2025-12-04T07:47:00,online,,C00817,,card,193391.09
T0014852,2025-12-20T07:38:00,online,,C01652,,card,31564.45
T0014853,2025-12-11T16:34:00,online,,C00327,,wallet,28628.38
T0014855,2025-12-24T02:34:00,online,,C01901,,cod,9594.67
T0014860,2025-12-01T14:11:00,online,,C01375,,wallet,4385.15
T0014861,2025-12-11T01:23:00,online,,C00446,,cod,48503.99
T0014865,2025-12-15T09:44:00,online,,C01468,,wallet,26031.35
T0014866,2025-12-23T00:16:00,online,,C01337,,cod,8166.8099999999995
T0014867,2025-12-23T14:50:00,online,,C02034,,wallet,64773.29
T0014868,2025-12-30T22:43:00,online,,C01072,,cod,22907.93
T0014869,2025-12-16T20:21:00,online,,C01316,,card,24424.48
T0014871,2025-12-19T18:10:00,online,,C01028,,cod,26783.93
T0014872,2025-12-28T20:37:00,online,,C00061,,cod,29849.72
T0014874,2025-12-18T14:11:00,online,,C00447,,wallet,26399.83
T0014875,2025-12-10T07:51:00,online,,C01210,,cod,7282.719999999999
T0014876,2025-12-03T10:46:00,online,,C02375,,card,5599.05
T0014878,2025-12-31T11:42:00,online,,C00963,,card,20948.230000000003
T0014879,2025-12-21T19:41:00,online,,C01342,,wallet,2075.39
T0014881,2025-12-16T07:42:00,online,,C00215,,card,44224.37
T0014882,2025-12-16T23:52:00,online,,C01726,,cod,46214.259999999995
T0014883,2025-12-24T02:15:00,online,,C01900,,card,27715.489999999998
T0014884,2025-12-23T05:27:00,online,,C00366,,wallet,3624.06
T0014886,2025-12-30T18:23:00,online,,C01521,,card,32634.93
T0014887,2025-12-03T02:22:00,online,,C01312,,cod,395387.08
T0014888,2025-12-12T08:07:00,online,,C02083,,wallet,14120.75
T0014889,2025-12-28T16:09:00,online,,C01544,,card,21769.260000000002
T0014890,2025-12-06T06:37:00,online,,C00240,,cod,12909.189999999999
T0014891,2025-12-27T15:08:00,online,,C01482,,cod,14327.869999999999
T0014892,2025-12-03T12:55:00,online,,C00800,,wallet,130235.1
T0014896,2025-12-30T10:25:00,online,,C00414,,card,230844.65000000002
T0014897,2025-12-07T14:54:00,online,,C00202,,wallet,262777.87
T0014898,2025-12-04T12:58:00,online,,C00482,,card,36043.44
T0014899,2025-12-19T21:03:00,online,,C00226,,card,6529.5
T0014900,2025-12-13T08:35:00,online,,C01190,,card,12741.66
T0014901,2025-12-27T20:54:00,online,,C00494,,cod,16592.83
T0014902,2025-12-19T16:55:00,online,,C02432,,card,10450.55
T0014903,2025-12-22T20:46:00,online,,C00178,,wallet,18090.71
T0014904,2025-12-19T10:33:00,online,,C00026,,wallet,51836.91
T0014905,2025-12-02T12:09:00,online,,C00682,,wallet,10793.029999999999
T0014911,2025-12-17T20:36:00,online,,C02044,,wallet,20151.579999999998
T0014912,2025-12-13T07:22:00,online,,C00929,,wallet,88015.36
T0014915,2025-12-22T04:08:00,online,,C01052,,wallet,118110.61
T0014916,2025-12-06T05:17:00,online,,C02218,,card,437311.8
T0014917,2025-12-22T17:21:00,online,,C00941,,wallet,104422.68
T0014919,2025-12-19T07:11:00,online,,C00231,,wallet,32502.69
T0014920,2025-12-21T14:17:00,online,,C01835,,wallet,295789.98000000004
T0014921,2025-12-01T21:32:00,online,,C01859,,card,17000.9
T0014923,2025-12-09T20:41:00,online,,C02461,,card,6066.139999999999
T0014925,2025-12-19T10:51:00,online,,C00204,,wallet,156209.63
T0014927,2025-12-27T02:03:00,online,,C02250,,cod,27285.47
T0014928,2025-12-04T18:37:00,online,,C00448,,cod,30514.45
T0014929,2025-12-11T08:11:00,online,,C01366,,cod,265194.12
T0014931,2025-12-22T09:07:00,online,,C00549,,wallet,4576.33
T0014932,2025-12-04T11:50:00,online,,C00859,,wallet,7658.23
T0014933,2025-12-25T23:11:00,online,,C01225,,wallet,5427.34
T0014934,2025-12-03T21:56:00,online,,C01834,,wallet,9131.439999999999
T0014935,2025-12-18T11:23:00,online,,C02244,,cod,15768.63
T0014936,2025-12-11T13:48:00,online,,C02468,,cod,219964.66999999998
T0014937,2025-12-30T01:22:00,online,,C01076,,cod,24949.309999999998
T0014939,2025-12-31T21:29:00,online,,C00412,,wallet,24499.31
T0014940,2025-12-17T06:00:00,online,,C01774,,cod,196748.18999999997
T0014941,2025-12-25T06:06:00,online,,C00209,,cod,3582.88
T0014942,2025-12-01T14:43:00,online,,C00487,,wallet,122049.98000000001
T0014943,2025-12-10T16:19:00,online,,C00106,,card,202022.5
T0014946,2025-12-30T04:22:00,online,,C01986,,card,9992.96
T0014947,2025-12-04T10:36:00,online,,C00993,,card,4179.26
T0014950,2025-12-17T17:54:00,online,,C02360,,cod,2433.54
T0014952,2025-12-13T07:41:00,online,,C00623,,wallet,55456.38
T0014955,2025-12-12T07:33:00,online,,C00348,,cod,310341.54000000004
T0014957,2025-12-20T18:45:00,online,,C00271,,card,47315.96000000001
T0014960,2025-12-22T05:04:00,online,,C01371,,wallet,212976.42
T0014961,2025-12-30T23:09:00,online,,C00132,,wallet,19469.78
T0014962,2025-12-22T12:56:00,online,,C00872,,cod,216261.93
T0014964,2025-12-06T23:36:00,online,,C00057,,wallet,223044.08
T0014965,2025-12-03T01:36:00,online,,C01257,,cod,125875.35
T0014966,2025-12-22T22:53:00,online,,C00729,,card,19049.690000000002
T0014967,2025-12-27T08:52:00,online,,C00388,,card,243448.68000000002
T0014970,2025-12-19T19:03:00,online,,C00980,,cod,3400.99
T0014971,2025-12-03T11:19:00,online,,C01633,,wallet,104428.14
T0014972,2025-12-28T16:40:00,online,,C00864,,wallet,6703.0599999999995
T0014973,2025-12-20T06:48:00,online,,C02189,,cod,14135.07
T0014974,2025-12-08T15:23:00,online,,C00888,,cod,4164.57
T0014975,2025-12-13T15:32:00,online,,C02152,,card,388178.07999999996
T0014976,2025-12-11T06:44:00,online,,C00609,,card,41074.58
T0014977,2025-12-09T21:04:00,online,,C00928,,card,11021.48
T0014978,2025-12-31T19:05:00,online,,C01366,,card,236863.52
T0014979,2025-12-24T09:34:00,online,,C01650,,cod,11162.32
T0014981,2025-12-13T21:42:00,online,,C00911,,cod,168113.34
T0014985,2025-12-30T05:31:00,online,,C01951,,card,63282.76000000001
T0014986,2025-12-07T13:00:00,online,,C01571,,wallet,16387.49
T0014987,2025-12-28T04:51:00,online,,C01820,,card,13330.64
T0014988,2025-12-04T16:31:00,online,,C01133,,card,22224.91
T0014989,2025-12-15T22:06:00,online,,C00443,,cod,21873.050000000003
T0014990,2025-12-15T06:45:00,online,,C01693,,wallet,1298.83
T0014991,2025-12-10T21:24:00,online,,C00976,,cod,1575.51
T0014992,2025-12-17T10:21:00,online,,C00044,,wallet,1103.42
T0014993,2025-12-25T03:18:00,online,,C01849,,wallet,8956.369999999999
T0014994,2025-12-28T05:25:00,online,,C02058,,card,230109.29
T0014996,2025-12-02T00:07:00,online,,C01501,,card,22520.969999999998
T0014997,2025-12-15T18:17:00,online,,C00653,,wallet,6561.13
T0014999,2025-12-21T16:30:00,online,,C02011,,card,29714.32
T0015000,2025-12-29T08:18:00,online,,C01243,,card,49749.44
T0015001,2025-12-15T15:32:00,online,,C00327,,cod,54248.44
T0015003,2025-12-19T19:39:00,online,,C00614,,wallet,113918.62
T0015005,2025-12-24T01:08:00,online,,C00406,,cod,56641.880000000005
T0015006,2025-12-02T23:56:00,online,,C01923,,cod,43602.65
T0015007,2025-12-08T15:44:00,online,,C00340,,cod,321221.81
T0015009,2025-12-26T05:04:00,online,,C01459,,cod,235534.31
T0015010,2025-12-25T07:14:00,online,,C00977,,cod,19255.350000000002
T0015011,2025-12-13T22:46:00,online,,C01272,,wallet,123002.54000000001
T0015012,2025-12-03T16:07:00,online,,C01289,,card,8235.17
T0015013,2025-12-30T18:42:00,online,,C00048,,card,5062.08
T0015014,2025-12-19T01:20:00,online,,C00113,,wallet,6910.54
T0015015,2025-12-12T16:50:00,online,,C01730,,cod,24027.81
T0015017,2025-12-30T10:33:00,online,,C00923,,wallet,356508.61000000004
T0015018,2025-12-21T03:30:00,online,,C01848,,wallet,5443.0
T0015019,2025-12-16T22:08:00,online,,C00159,,card,2794.42
T0015021,2025-12-28T23:05:00,online,,C00584,,card,24855.64
T0015022,2025-12-13T14:37:00,online,,C01541,,cod,4452.12
T0015023,2025-12-30T18:07:00,online,,C00336,,card,26479.93
T0015024,2025-12-02T13:59:00,online,,C00483,,card,18268.98
T0015026,2025-12-28T08:57:00,online,,C02212,,wallet,30395.52
T0015027,2025-12-23T16:36:00,online,,C01469,,card,11103.31
T0015030,2025-12-29T05:21:00,online,,C01659,,cod,26872.49
T0015031,2025-12-15T10:37:00,online,,C00816,,cod,96607.64
T0015032,2025-12-05T11:36:00,online,,C02443,,cod,30355.69
T0015033,2025-12-05T08:26:00,online,,C02400,,card,53839.94
T0015034,2025-12-06T22:54:00,online,,C00579,,card,398941.57
T0015035,2025-12-24T20:50:00,online,,C01608,,card,28151.82
T0015038,2025-12-07T21:14:00,online,,C00889,,wallet,229650.84
T0015041,2025-12-21T14:18:00,online,,C01441,,card,28605.75
T0015043,2025-12-07T09:42:00,online,,C00707,,cod,19953.15
T0015044,2025-12-31T11:17:00,online,,C01634,,cod,15719.97
T0015045,2025-12-09T23:36:00,online,,C01566,,cod,4798.02
T0015046,2025-12-27T13:56:00,online,,C02214,,cod,12802.52
T0015047,2025-12-27T19:48:00,online,,C01523,,cod,52477.95
T0015048,2025-12-15T04:42:00,online,,C00234,,cod,74922.03
T0015049,2025-12-01T00:20:00,online,,C00656,,wallet,24353.13
T0015053,2025-12-27T07:55:00,store,S004,C01136,P0005,cash,82312.69
T0015054,2025-12-13T08:31:00,store,S002,C01649,P0001,cash,24610.379999999997
T0015055,2025-12-01T02:15:00,store,S002,C02413,P0010,card,21994.38
T0015057,2025-12-17T20:16:00,store,S005,C01819,P0025,card,22877.16
T0015059,2025-12-09T04:00:00,store,S001,C01171,P0015,card,140503.33
T0015060,2025-12-06T10:45:00,store,S005,C00775,P0012,cash,9303.83
T0015061,2025-12-04T07:19:00,store,S005,C01086,P0012,cash,228820.64
T0015062,2025-12-31T07:44:00,store,S005,C01483,P0025,card,33177.42
T0015063,2025-12-20T08:42:00,store,S006,C00280,P0003,cash,230779.46
T0015064,2025-12-03T07:37:00,store,S004,C02175,P0026,cash,19237.04
T0015065,2025-12-22T05:28:00,store,S004,C01834,P0026,card,13953.57
T0015066,2025-12-09T07:08:00,store,S004,C00937,P0026,cash,2738.78
T0015067,2025-12-28T03:37:00,store,S001,C01561,P0015,card,188858.39
T0015068,2025-12-10T19:25:00,store,S001,C01095,P0006,card,19909.16
T0015071,2025-12-19T10:28:00,store,S004,C00130,P0026,card,4173.15
T0015072,2025-12-18T05:16:00,store,S002,C02439,P0018,cash,360406.08
T0015075,2025-12-31T07:30:00,store,S005,C01857,P0025,card,22475.559999999998
T0015076,2025-12-12T16:06:00,store,S001,C02297,P0021,card,1296.45
T0015077,2025-12-06T21:24:00,store,S006,C02165,P0011,cash,11204.5
T0015078,2025-12-02T18:46:00,store,S003,C01851,P0019,cash,33201.85
T0015079,2025-12-03T09:34:00,store,S006,C01476,P0016,card,31868.85
T0015080,2025-12-18T18:48:00,store,S005,C02020,P0012,cash,198290.34000000003
T0015081,2025-12-11T16:39:00,store,S006,C01861,P0016,cash,19838.68
T0015082,2025-12-08T23:57:00,store,S003,C01376,P0023,card,130610.04999999999
T0015083,2025-12-04T16:10:00,store,S003,C00365,P0019,cash,315709.56
T0015084,2025-12-17T04:17:00,store,S002,C02069,P0013,cash,11333.380000000001
T0015087,2025-12-23T23:57:00,store,S002,C02281,P0013,cash,5207.85
T0015090,2025-12-04T07:16:00,store,S003,C01113,P0023,card,27315.37
T0015091,2025-12-09T08:29:00,store,S003,C01699,P0023,card,5587.75
T0015092,2025-12-28T14:02:00,store,S006,C00543,P0003,cash,8999.93
T0015093,2025-12-30T20:01:00,store,S003,C02287,P0019,card,36101.46000000001
T0015094,2025-12-19T21:52:00,store,S001,C02366,P0021,card,35151.880000000005
T0015095,2025-12-06T12:14:00,store,S005,C00335,P0012,card,39349.54
T0015096,2025-12-25T08:12:00,store,S001,C02155,P0021,card,17793.8
T0015098,2025-12-16T02:25:00,store,S001,C02460,P0020,card,248543.68999999997
T0015099,2025-12-29T12:22:00,store,S005,C00131,P0008,cash,20852.18
T0015101,2025-12-24T04:07:00,store,S003,C01823,P0023,cash,244113.15
T0015105,2025-12-15T07:58:00,store,S001,C01031,P0006,card,74712.86
T0015106,2025-12-11T15:57:00,store,S004,C02189,P0026,card,264782.63
T0015108,2025-12-14T09:48:00,store,S004,C01463,P0026,card,15613.849999999999
T0015109,2025-12-04T23:14:00,store,S001,C02090,P0002,card,242700.5
T0015110,2025-12-19T17:29:00,store,S006,C01267,P0024,cash,1306.78
T0015111,2025-12-18T00:59:00,store,S005,C00990,P0008,cash,340131.95
T0015112,2025-12-12T15:10:00,store,S006,C00565,P0003,cash,18165.489999999998
T0015115,2025-12-23T01:43:00,store,S006,C01659,P0024,card,14623.93
T0015116,2025-12-11T22:03:00,store,S004,C00185,P0005,cash,101726.93999999999
T0015118,2025-12-18T14:46:00,store,S004,C01595,P0005,card,159956.99
T0015119,2025-12-04T22:11:00,store,S006,C01574,P0003,card,156993.05
T0015121,2025-12-27T20:12:00,store,S001,C00275,P0021,cash,5435.94
T0015123,2025-12-10T03:18:00,store,S001,C01916,P0002,card,192376.92
T0015124,2025-12-15T04:00:00,store,S006,C01869,P0024,cash,18997.23
T0015125,2025-12-19T18:44:00,store,S006,C01047,P0011,cash,138204.33
T0015128,2025-12-26T20:55:00,store,S005,C02496,P0025,cash,238352.58
T0015130,2025-12-12T01:57:00,store,S002,C02214,P0013,card,3865.88
T0015131,2025-12-08T23:36:00,store,S002,C02294,P0013,cash,10900.34
T0015132,2025-12-18T18:43:00,store,S001,C00640,P0020,cash,308170.58
T0015133,2025-12-12T19:00:00,store,S001,C01652,P0020,cash,255321.53999999998
T0015134,2025-12-03T05:08:00,store,S006,C00826,P0016,cash,13474.73
T0015135,2025-12-26T09:51:00,store,S002,C00125,P0010,card,5784.49
T0015136,2025-12-13T03:45:00,store,S003,C01405,P0019,cash,14634.77
T0015138,2025-12-13T05:03:00,store,S004,C01381,P0005,cash,5618.66
T0015140,2025-12-31T14:08:00,store,S004,C01380,P0005,card,16924.96
T0015141,2025-12-15T10:38:00,store,S002,C01061,P0013,card,114559.13
T0015142,2025-12-20T04:50:00,store,S006,C02041,P0003,cash,152627.87
T0015143,2025-12-07T10:47:00,store,S005,C01634,P0025,cash,17578.43
T0015145,2025-12-13T05:03:00,store,S004,C01678,P0026,cash,8371.75
T0015146,2025-12-30T14:29:00,store,S002,C01772,P0010,cash,28271.99
T0015147,2025-12-05T20:40:00,store,S004,C01135,P0005,card,7785.86
T0015149,2025-12-18T17:47:00,store,S002,C00334,P0001,cash,98106.36
T0015150,2025-12-19T12:45:00,store,S001,C02188,P0020,card,123940.62
T0015154,2025-12-05T18:26:00,store,S001,C02304,P0015,card,9536.42
T0015156,2025-12-02T03:57:00,store,S002,C01788,P0001,card,32336.95
T0015157,2025-12-17T03:30:00,store,S004,C00242,P0026,card,11201.470000000001
T0015158,2025-12-04T22:44:00,store,S006,C01225,P0016,cash,61845.61
T0015159,2025-12-02T23:06:00,store,S005,C01511,P0025,card,13475.07
T0015160,2025-12-31T14:17:00,store,S005,C01771,P0012,card,21004.72
T0015161,2025-12-30T06:37:00,store,S001,C00959,P0020,cash,48429.83
T0015162,2025-12-27T01:27:00,store,S006,C01479,P0024,card,5017.45
T0015164,2025-12-25T12:21:00,store,S003,C00035,P0017,card,32269.09
T0015167,2025-12-20T08:09:00,store,S005,C01271,P0012,card,7339.4
T0015169,2025-12-23T12:13:00,store,S006,C02406,P0003,card,1529.61
T0015171,2025-12-10T20:06:00,store,S006,C00991,P0024,cash,25795.44
T0015172,2025-12-24T03:51:00,store,S002,C00850,P0013,cash,5036.77
T0015173,2025-12-05T09:58:00,store,S006,C02128,P0016,cash,21859.5
T0015174,2025-12-15T20:36:00,store,S006,C01247,P0016,cash,112666.54999999999
T0015175,2025-12-06T16:58:00,store,S004,C01616,P0026,cash,79362.76000000001
T0015176,2025-12-01T05:04:00,store,S003,C01080,P0023,card,5155.87
T0015177,2025-12-13T06:56:00,store,S005,C01028,P0014,card,45900.600000000006
T0015178,2025-12-26T23:26:00,store,S004,C00894,P0005,card,3468.76
T0015179,2025-12-12T14:41:00,store,S003,C01380,P0023,cash,2102.72
T0015180,2025-12-23T02:46:00,store,S003,C02108,P0023,cash,12703.84
T0015181,2025-12-20T01:58:00,store,S006,C01519,P0003,card,60850.93
T0015182,2025-12-10T08:26:00,store,S004,C02330,P0026,cash,54288.44
T0015184,2025-12-11T20:54:00,store,S006,C00659,P0003,card,9424.63
T0015185,2025-12-18T17:58:00,store,S005,C00844,P0025,cash,1379.99
T0015186,2025-12-15T02:13:00,store,S001,C01584,P0002,card,237224.53999999998
T0015191,2025-12-11T00:09:00,store,S004,C01327,P0026,cash,33645.61
T0015195,2025-12-12T04:48:00,store,S006,C00020,P0016,card,4824.87
T0015196,2025-12-10T22:35:00,store,S003,C00841,P0019,card,69577.43000000001
T0015197,2025-12-24T23:42:00,store,S004,C00045,P0026,cash,3563.91
T0015199,2025-12-12T23:44:00,store,S002,C01680,P0001,card,41957.200000000004
T0015200,2025-12-19T04:49:00,store,S005,C00264,P0014,cash,27706.010000000002
T0015201,2025-12-14T08:55:00,store,S002,C01042,P0018,cash,16357.630000000001
T0015202,2025-12-11T23:36:00,store,S005,C00716,P0012,card,38842.41
T0015204,2025-12-18T10:58:00,store,S004,C00809,P0026,cash,25880.52
T0015205,2025-12-08T00:38:00,store,S004,C01299,P0026,card,28664.16
T0015206,2025-12-28T15:09:00,store,S001,C00057,P0002,cash,252107.21
T0015207,2025-12-14T05:22:00,store,S002,C01502,P0001,card,16148.66
T0015208,2025-12-18T05:26:00,store,S006,C01262,P0003,cash,20211.210000000003
T0015209,2025-12-21T17:06:00,store,S006,C00994,P0003,card,16209.08
T0015210,2025-12-01T20:04:00,store,S004,C02137,P0026,cash,5374.81
T0015213,2025-12-04T14:59:00,store,S001,C02089,P0006,cash,41585.56
T0015216,2025-12-06T16:19:00,store,S004,C02080,P0005,card,4090.13
T0015217,2025-12-27T19:16:00,store,S005,C02477,P0014,card,210859.34
T0015219,2025-12-04T04:51:00,store,S003,C00758,P0017,cash,48315.409999999996
T0015221,2025-12-24T19:01:00,store,S001,C00810,P0015,card,49931.55
T0015222,2025-12-07T19:11:00,store,S006,C02256,P0024,cash,6356.79
T0015224,2025-12-30T18:09:00,store,S006,C02357,P0016,card,4643.2
T0015225,2025-12-26T22:50:00,store,S005,C01300,P0025,card,278347.89999999997
T0015226,2025-12-24T03:44:00,store,S006,C02286,P0011,cash,14231.5
T0015227,2025-12-19T08:51:00,store,S002,C00947,P0010,card,227110.99
T0015228,2025-12-29T23:01:00,store,S003,C00820,P0022,card,8675.630000000001
T0015229,2025-12-20T04:42:00,store,S006,C01446,P0011,cash,20835.58
T0015230,2025-12-06T05:37:00,store,S002,C01512,P0010,card,47777.43
T0015231,2025-12-14T18:38:00,store,S005,C01201,P0012,card,29172.43
T0015232,2025-12-22T01:49:00,store,S004,C02439,P0005,card,292512.22000000003
T0015236,2025-12-15T05:17:00,store,S003,C00614,P0023,cash,6516.33
T0015237,2025-12-17T10:23:00,store,S001,C00222,P0006,cash,11208.93
T0015238,2025-12-22T00:19:00,store,S005,C00349,P0025,card,13643.83
T0015240,2025-12-10T18:38:00,store,S001,C01084,P0004,card,275932.08999999997
T0015241,2025-12-21T14:04:00,store,S002,C00340,P0010,cash,29554.29
T0015242,2025-12-08T12:26:00,store,S004,C01984,P0026,card,212508.08
T0015243,2025-12-02T06:50:00,store,S003,C00274,P0017,card,11003.04
T0015245,2025-12-12T06:05:00,store,S001,C01098,P0015,cash,5956.53
T0015246,2025-12-31T01:05:00,store,S003,C02287,P0017,cash,38069.32
T0015247,2025-12-12T12:51:00,store,S001,C01682,P0004,card,223257.4
T0015248,2025-12-06T04:36:00,store,S006,C00083,P0003,card,15116.07
T0015249,2025-12-26T23:56:00,store,S006,C00032,P0016,card,49252.229999999996
T0015250,2025-12-17T16:14:00,store,S006,C01061,P0024,cash,10868.18
T0015252,2025-12-01T05:36:00,store,S003,C00746,P0019,cash,14379.83
T0015253,2025-12-06T07:56:00,store,S001,C00340,P0004,card,22352.69
T0015254,2025-12-17T06:42:00,store,S002,C01663,P0013,cash,196281.95
T0015255,2025-12-08T03:37:00,store,S001,C01344,P0002,cash,35943.38
T0015256,2025-12-21T17:59:00,store,S001,C00965,P0002,card,7069.29
T0015257,2025-12-12T20:03:00,store,S006,C01275,P0003,cash,25292.85
T0015258,2025-12-06T12:07:00,store,S005,C01661,P0012,cash,27990.12
T0015259,2025-12-12T11:40:00,store,S006,C01108,P0011,card,30870.940000000002
T0015261,2025-12-16T02:01:00,store,S006,C00486,P0024,card,45723.47
T0015262,2025-12-15T07:04:00,store,S006,C01031,P0016,cash,4732.88
T0015263,2025-12-06T20:12:00,store,S003,C02470,P0019,card,40537.19
T0015264,2025-12-16T20:44:00,store,S005,C01079,P0025,cash,231859.21
T0015270,2025-12-17T19:16:00,store,S005,C00187,P0012,cash,21558.33
T0015272,2025-12-11T22:35:00,store,S006,C01766,P0011,card,4415.48
T0015273,2025-12-15T08:42:00,store,S002,C00475,P0001,card,5721.62
T0015275,2025-12-24T08:22:00,store,S003,C02216,P0017,card,31985.62
T0015276,2025-12-22T17:59:00,store,S001,C00098,P0004,card,6364.59
T0015277,2025-12-03T10:27:00,store,S001,C01892,P0004,card,215283.29
T0015281,2025-12-05T12:36:00,store,S002,C00972,P0007,cash,13826.95
T0015282,2025-12-16T07:30:00,store,S006,C00721,P0016,card,39411.01
T0015283,2025-12-30T15:09:00,store,S001,C01652,P0015,card,47448.549999999996
T0015284,2025-12-12T13:58:00,store,S005,C02394,P0014,card,1999.38
T0015285,2025-12-12T15:53:00,store,S006,C00543,P0003,cash,89072.26
T0015286,2025-12-30T14:00:00,store,S001,C01478,P0006,card,17441.36
T0015289,2025-12-31T01:36:00,store,S004,C01528,P0005,cash,36752.47
T0015290,2025-12-01T05:34:00,store,S002,C00360,P0010,cash,17086.48
T0015291,2025-12-11T11:56:00,store,S006,C01298,P0016,cash,306833.96
T0015293,2025-12-13T08:26:00,store,S005,C01211,P0014,cash,7140.58
T0015295,2025-12-14T07:26:00,store,S003,C02198,P0017,cash,271891.99
T0015296,2025-12-25T23:17:00,store,S005,C00992,P0012,cash,370735.36
T0015298,2025-12-07T11:54:00,store,S001,C01017,P0004,card,23187.19
T0015299,2025-12-05T06:17:00,store,S001,C00800,P0006,cash,69689.83
T0015303,2025-12-05T07:32:00,store,S001,C00844,P0004,card,212920.64
T0015304,2025-12-27T12:28:00,store,S005,C02360,P0025,cash,45207.57
T0015305,2025-12-30T16:09:00,store,S005,C01182,P0008,card,438874.63
T0015306,2025-12-30T03:16:00,store,S006,C01804,P0016,card,17725.989999999998
T0015308,2025-12-24T19:14:00,store,S005,C01541,P0012,cash,53075.09
T0015309,2025-12-11T15:59:00,store,S002,C00121,P0001,cash,8698.599999999999
T0015310,2025-12-12T12:16:00,store,S006,C01133,P0011,card,13712.289999999999
T0015311,2025-12-09T11:26:00,store,S003,C02335,P0019,cash,113743.70999999999
T0015312,2025-12-23T20:44:00,store,S002,C01929,P0010,cash,7763.09
T0015313,2025-12-28T05:47:00,store,S001,C02358,P0020,cash,411624.39
T0015314,2025-12-11T10:57:00,store,S003,C02145,P0022,cash,24134.87
T0015315,2025-12-12T18:07:00,store,S001,C02400,P0004,cash,12681.46
T0015317,2025-12-16T18:36:00,store,S001,C02464,P0004,card,11496.279999999999
T0015318,2025-12-14T19:54:00,store,S001,C01867,P0002,cash,9878.7
T0015319,2025-12-07T07:28:00,store,S003,C01271,P0017,card,17272.9
T0015320,2025-12-30T03:05:00,store,S006,C00870,P0003,card,19796.260000000002
T0015321,2025-12-25T05:28:00,store,S005,C01220,P0008,card,53473.74
T0015322,2025-12-07T21:21:00,store,S003,C02422,P0019,cash,5862.38
T0015323,2025-12-12T04:52:00,store,S005,C00352,P0012,cash,9890.45
T0015324,2025-12-08T08:34:00,store,S005,C00155,P0014,cash,2811.67
T0015325,2025-12-11T13:48:00,store,S002,C00822,P0010,card,38431.65
T0015327,2025-12-07T02:10:00,store,S005,C01725,P0008,card,17436.72
T0015328,2025-12-01T23:39:00,store,S001,C00562,P0021,cash,382672.76
T0015330,2025-12-17T01:09:00,store,S004,C01804,P0026,cash,24534.34
T0015332,2025-12-26T21:36:00,store,S005,C00716,P0014,cash,29707.920000000002
T0015335,2025-12-01T16:32:00,store,S003,C00795,P0019,cash,10626.96
T0015336,2025-12-11T08:28:00,store,S006,C02415,P0011,cash,6424.98
T0015337,2025-12-17T15:04:00,store,S002,C01110,P0013,card,4682.78
T0015340,2025-12-04T08:46:00,store,S006,C02081,P0011,cash,11960.89
T0015341,2025-12-22T06:57:00,store,S004,C01937,P0026,card,25375.629999999997
T0015342,2025-12-25T05:25:00,store,S005,C01051,P0012,cash,4270.52
T0015343,2025-12-16T07:08:00,store,S004,C01179,P0026,cash,1577.86
T0015345,2025-12-10T20:45:00,store,S005,C00985,P0012,cash,12875.29
T0015346,2025-12-12T23:00:00,store,S003,C01764,P0019,cash,30419.629999999997
T0015347,2025-12-12T19:43:00,store,S005,C00108,P0014,card,12430.64
T0015348,2025-12-17T18:03:00,store,S006,C00734,P0016,cash,61199.1
T0015349,2025-12-07T21:08:00,store,S001,C01259,P0015,card,527054.47
T0015350,2025-12-09T18:42:00,store,S002,C01561,P0013,card,6103.65
T0015353,2025-12-24T20:56:00,store,S002,C00554,P0010,cash,1204.0
T0015355,2025-12-16T09:49:00,store,S001,C02123,P0004,card,11935.1
T0015356,2025-12-10T18:24:00,store,S001,C01061,P0015,cash,8732.98
T0015357,2025-12-07T17:02:00,store,S006,C02345,P0024,cash,33229.32
T0015358,2025-12-14T02:59:00,store,S004,C00778,P0026,card,3627.45
T0015359,2025-12-01T05:50:00,store,S005,C00472,P0012,card,9175.39
T0015360,2025-12-01T22:44:00,store,S005,C00950,P0014,cash,15593.05
T0015361,2025-12-26T09:23:00,store,S005,C01011,P0008,cash,217582.18
T0015362,2025-12-23T12:43:00,store,S003,C02057,P0023,cash,234788.31
T0015363,2025-12-23T08:56:00,store,S001,C01431,P0004,cash,1524.16
T0015364,2025-12-06T11:29:00,store,S004,C01612,P0026,card,7307.900000000001
T0015365,2025-12-05T17:11:00,store,S006,C01076,P0016,cash,163834.46
T0015367,2025-12-05T09:02:00,store,S001,C02218,P0020,cash,7284.8099999999995
T0015368,2025-12-29T18:08:00,store,S004,C02407,P0005,cash,2481.41
T0015370,2025-12-02T22:01:00,store,S004,C00333,P0005,card,56355.85
T0015371,2025-12-09T02:57:00,store,S006,C01127,P0024,card,266303.19
T0015373,2025-12-06T02:03:00,store,S006,C01551,P0003,cash,65751.32
T0015374,2025-12-31T22:54:00,store,S006,C01103,P0016,cash,26192.7
T0015375,2025-12-09T12:58:00,store,S004,C02335,P0005,card,4545.97
T0015376,2025-12-25T13:35:00,store,S003,C01494,P0022,card,2375.11
T0015377,2025-12-03T17:23:00,store,S006,C01486,P0003,cash,7105.12
T0015378,2025-12-06T22:49:00,store,S006,C02100,P0016,cash,267931.45
T0015379,2025-12-27T12:43:00,store,S004,C00245,P0005,card,214621.57
T0015380,2025-12-17T07:03:00,store,S005,C00809,P0025,card,29536.14
T0015381,2025-12-11T19:12:00,store,S001,C01168,P0004,cash,4667.79
T0015382,2025-12-18T09:02:00,store,S006,C01490,P0016,card,265781.2
T0015383,2025-12-01T04:13:00,store,S002,C01823,P0001,card,21454.46
T0015384,2025-12-23T15:12:00,store,S006,C00248,P0024,cash,2244.26
T0015385,2025-12-23T12:46:00,store,S006,C00944,P0016,card,16301.78
T0015386,2025-12-18T19:41:00,store,S006,C00872,P0016,cash,5206.71
T0015387,2025-12-29T12:06:00,store,S004,C00297,P0026,card,12130.23
T0015388,2025-12-23T09:47:00,store,S005,C00308,P0008,card,29862.3
T0015389,2025-12-18T22:13:00,store,S005,C00489,P0014,cash,26475.62
T0015391,2025-12-15T17:02:00,store,S004,C01104,P0026,cash,71185.41
T0015392,2025-12-20T04:31:00,store,S003,C01848,P0019,cash,12092.05
T0015393,2025-12-01T03:11:00,store,S001,C00031,P0021,cash,24800.73
T0015394,2025-12-16T07:52:00,store,S004,C00321,P0005,card,27633.77
T0015395,2025-12-05T11:06:00,store,S002,C00044,P0001,card,15122.689999999999
T0015396,2025-12-30T15:53:00,store,S006,C01140,P0016,cash,119419.86
T0015397,2025-12-23T05:08:00,store,S003,C01042,P0023,cash,32197.07
T0015398,2025-12-28T19:21:00,store,S004,C01574,P0005,card,213838.99000000002
T0015399,2025-12-12T18:04:00,store,S003,C01030,P0017,cash,155577.16
T0015400,2025-12-10T18:10:00,store,S001,C01021,P0020,cash,20965.89
T0015401,2025-12-07T19:24:00,store,S002,C01303,P0018,card,19666.68
T0015402,2025-12-19T14:19:00,store,S002,C01858,P0013,cash,8947.990000000002
T0015403,2025-12-24T04:40:00,store,S002,C00179,P0013,cash,30203.68
T0015404,2025-12-31T22:47:00,store,S006,C01263,P0024,card,11922.970000000001
T0015406,2025-12-07T21:19:00,store,S005,C00717,P0008,card,14511.77
T0015409,2025-12-30T06:11:00,store,S006,C00488,P0011,cash,198733.96
T0015410,2025-12-23T18:55:00,store,S002,C02264,P0013,card,12847.87
T0015411,2025-12-15T17:35:00,store,S005,C00304,P0008,card,13788.88
T0015412,2025-12-17T07:00:00,store,S004,C01076,P0005,card,3368.49
T0015413,2025-12-26T19:38:00,store,S001,C00533,P0009,card,241777.18
T0015415,2025-12-17T13:02:00,store,S006,C01076,P0003,cash,106495.32
T0015416,2025-12-25T10:32:00,store,S004,C02044,P0026,card,6822.04
T0015418,2025-12-19T14:00:00,store,S006,C02066,P0011,card,11543.05
T0015421,2025-12-31T02:40:00,store,S001,C01968,P0004,cash,5644.23
T0015424,2025-12-28T13:20:00,store,S006,C01479,P0016,cash,9692.28
T0015425,2025-12-16T22:52:00,store,S002,C00931,P0007,cash,50812.37
T0015426,2025-12-01T00:35:00,store,S006,C01834,P0016,card,25324.03
T0015427,2025-12-29T11:32:00,store,S004,C01544,P0026,card,6812.240000000001
T0015428,2025-12-15T17:41:00,store,S004,C01996,P0005,cash,10815.51
T0015429,2025-12-22T10:11:00,store,S005,C00677,P0014,card,354289.61
T0015430,2025-12-28T03:08:00,store,S005,C01974,P0012,cash,10852.53
T0015431,2025-12-09T16:47:00,store,S006,C00219,P0024,card,2230.42
T0015433,2025-12-09T22:59:00,store,S006,C00340,P0011,card,15424.91
T0015434,2025-12-24T01:29:00,store,S006,C01981,P0011,cash,6573.610000000001
T0015436,2025-12-20T15:28:00,store,S004,C01530,P0005,cash,358130.11
T0015437,2025-12-05T03:56:00,store,S004,C01992,P0026,cash,35477.0
T0015439,2025-12-05T08:57:00,store,S004,C01340,P0005,cash,33050.29
T0015440,2025-12-20T16:47:00,store,S004,C01102,P0005,card,8795.75
T0015441,2025-12-04T07:55:00,store,S004,C01296,P0005,cash,69020.39
T0015442,2025-12-11T02:02:00,store,S002,C01417,P0010,card,5857.15
T0015444,2025-12-30T05:07:00,store,S004,C01960,P0005,cash,7673.32
T0015445,2025-12-08T15:28:00,store,S003,C01211,P0022,cash,4134.38
T0015446,2025-12-15T13:15:00,store,S003,C00687,P0017,cash,6800.78
T0015447,2025-12-25T00:37:00,store,S004,C01608,P0026,cash,22955.41
T0015449,2025-12-28T14:51:00,store,S006,C01063,P0024,cash,11979.89
T0015450,2025-12-11T21:28:00,store,S001,C01239,P0006,card,3136.9
T0015452,2025-12-15T03:33:00,store,S005,C02092,P0012,card,6250.55
T0015456,2025-12-14T11:13:00,store,S001,C00483,P0020,cash,2397.57
T0015457,2025-12-17T02:50:00,store,S004,C02148,P0005,cash,274766.72
T0015459,2025-12-05T03:19:00,store,S003,C01289,P0017,card,39274.59
T0015460,2025-12-17T03:25:00,store,S005,C01766,P0025,card,438263.25
T0015462,2025-12-20T07:19:00,store,S003,C00859,P0017,cash,34438.49
T0015464,2025-12-28T15:21:00,store,S005,C01885,P0025,cash,43907.08
T0015465,2025-12-07T06:01:00,store,S004,C02294,P0026,card,30665.74
T0015466,2025-12-21T10:41:00,store,S005,C01839,P0014,cash,58029.350000000006
T0015467,2025-12-29T09:59:00,store,S001,C00075,P0021,card,5622.3
T0015469,2025-12-01T10:59:00,store,S004,C00603,P0005,cash,2079.47
T0015470,2025-12-07T03:53:00,store,S002,C02314,P0010,cash,66875.04999999999
T0015472,2025-12-24T20:50:00,store,S001,C00487,P0015,cash,1348.97
T0015473,2025-12-09T14:30:00,store,S002,C02423,P0010,card,11492.87
T0015474,2025-12-14T11:28:00,store,S001,C00759,P0006,card,403547.69999999995
T0015475,2025-12-27T00:27:00,store,S005,C01027,P0025,card,44716.979999999996
T0015477,2025-12-23T13:31:00,store,S002,C01353,P0018,card,1267.41
T0015478,2025-12-06T09:02:00,store,S005,C01177,P0012,card,25456.649999999998
T0015479,2025-12-30T10:25:00,store,S002,C01403,P0007,cash,139559.19
T0015481,2025-12-26T09:24:00,store,S005,C00005,P0008,cash,11894.74
T0015483,2025-12-13T15:55:00,store,S001,C00108,P0006,cash,22983.51
T0015484,2025-12-24T15:11:00,store,S003,C01046,P0023,cash,4835.5
T0015485,2025-12-27T19:24:00,store,S003,C01512,P0023,card,8794.05
T0015486,2025-12-23T02:43:00,store,S004,C00286,P0005,cash,8815.69
T0015487,2025-12-18T22:12:00,store,S003,C00160,P0017,card,34129.12
T0015490,2025-12-03T18:05:00,store,S006,C01822,P0011,card,262536.51
T0015491,2025-12-22T19:19:00,store,S005,C00311,P0014,cash,102799.04999999999
T0015492,2025-12-11T03:24:00,store,S004,C02213,P0026,card,254167.9
T0015493,2025-12-28T06:06:00,store,S006,C00160,P0016,cash,16208.16
T0015494,2025-12-26T09:44:00,store,S004,C00744,P0026,cash,42741.38
T0015495,2025-12-10T01:51:00,store,S001,C00053,P0004,card,20954.839999999997
T0015496,2025-12-12T16:43:00,store,S001,C01079,P0015,cash,39208.13
T0015497,2025-12-22T14:23:00,store,S003,C00621,P0019,card,260090.74000000002
T0015498,2025-12-23T17:27:00,store,S005,C00603,P0025,card,61700.27
T0015499,2025-12-31T02:53:00,store,S006,C00481,P0011,cash,195902.01
T0015500,2025-12-03T00:21:00,store,S004,C00061,P0026,card,214514.82
T0015501,2025-12-12T11:21:00,store,S005,C00299,P0008,cash,12986.72
T0015502,2025-12-01T15:13:00,store,S002,C00747,P0007,cash,27401.27
T0015503,2025-12-30T11:49:00,store,S001,C00686,P0002,cash,24002.97
T0015504,2025-12-01T17:49:00,store,S006,C01093,P0011,cash,16505.58
T0015505,2025-12-29T18:03:00,store,S005,C01030,P0012,cash,17713.690000000002
T0015506,2025-12-23T17:30:00,store,S004,C02301,P0026,cash,225914.79
T0015508,2025-12-24T08:50:00,store,S006,C01262,P0024,card,2782.61
T0015509,2025-12-31T10:20:00,store,S005,C00385,P0008,card,9703.560000000001
T0015511,2025-12-05T06:50:00,store,S001,C01366,P0021,cash,267273.96
T0015513,2025-12-22T10:17:00,store,S001,C01595,P0002,card,275132.83
T0015514,2025-12-09T04:50:00,store,S003,C01078,P0019,card,21709.68
T0015515,2025-12-24T18:15:00,store,S003,C00188,P0022,cash,14416.28
T0015516,2025-12-11T08:39:00,store,S003,C02274,P0017,cash,329890.25
T0015517,2025-12-14T05:50:00,store,S005,C02435,P0012,card,52262.64
T0015518,2025-12-15T17:05:00,store,S001,C00203,P0002,card,4416.25
T0015519,2025-12-21T16:14:00,store,S004,C00211,P0005,cash,265865.77
T0015520,2025-12-17T18:44:00,store,S005,C00071,P0008,card,262094.19
T0015521,2025-12-28T22:26:00,store,S004,C02061,P0026,card,32931.649999999994
T0015523,2025-12-14T17:43:00,store,S001,C00859,P0002,cash,6300.08
T0015524,2025-12-09T14:39:00,store,S003,C02141,P0019,card,23947.79
T0015528,2025-12-16T20:40:00,store,S004,C02339,P0026,card,5014.77
T0015529,2025-12-01T04:44:00,store,S006,C01242,P0024,cash,48047.23
T0015530,2025-12-26T22:48:00,store,S002,C00184,P0013,cash,1375.96
T0015531,2025-12-27T07:24:00,store,S001,C00417,P0021,card,122401.33
T0015532,2025-12-23T12:21:00,store,S005,C00306,P0025,card,168063.33
T0015533,2025-12-25T08:08:00,store,S006,C01817,P0003,card,46179.979999999996
T0015535,2025-12-26T14:58:00,store,S002,C01942,P0007,cash,193592.15
T0015536,2025-12-15T06:31:00,store,S003,C00026,P0019,cash,244934.24
T0015537,2025-12-04T17:12:00,store,S005,C00472,P0008,cash,14092.93
T0015538,2025-12-16T19:12:00,store,S003,C01157,P0022,cash,5251.16
T0015539,2025-12-28T03:22:00,store,S003,C00892,P0019,cash,40671.18
T0015540,2025-12-15T18:34:00,store,S005,C00233,P0012,card,6144.87
T0015541,2025-12-28T19:36:00,store,S001,C00471,P0009,card,306542.06
T0015542,2025-12-30T07:05:00,store,S006,C02293,P0016,card,380577.36
T0015544,2025-12-12T04:08:00,store,S001,C00272,P0021,cash,17442.5
T0015546,2025-12-20T12:26:00,store,S006,C00858,P0003,cash,6550.48
T0015547,2025-12-27T05:12:00,store,S004,C01551,P0026,card,11919.380000000001
T0015548,2025-12-11T16:32:00,store,S006,C01182,P0003,card,203007.04
T0015550,2025-12-07T23:32:00,store,S001,C00906,P0020,card,11749.73
T0015551,2025-12-10T12:12:00,store,S003,C02283,P0019,cash,13120.74
T0015552,2025-12-14T03:31:00,store,S006,C01901,P0003,card,271325.77
T0015554,2025-12-11T03:43:00,store,S002,C00771,P0018,cash,278272.31
T0015557,2025-12-24T17:20:00,store,S004,C02437,P0005,card,26927.9
T0015559,2025-12-30T20:31:00,store,S006,C02469,P0016,card,17688.899999999998
T0015560,2025-12-03T03:38:00,store,S001,C02168,P0002,card,2503.23
T0015562,2025-12-12T13:12:00,store,S006,C00600,P0024,card,43376.19
T0015564,2025-12-06T11:17:00,store,S004,C01400,P0005,cash,4383.88
T0015565,2025-12-24T02:35:00,store,S005,C01757,P0008,card,10529.08
T0015566,2025-12-11T03:19:00,store,S001,C00601,P0020,card,57952.090000000004
T0015567,2025-12-04T00:59:00,store,S005,C00570,P0014,card,211167.36
T0015568,2025-12-16T16:50:00,store,S002,C00346,P0010,card,201595.83
T0015570,2025-12-05T04:16:00,store,S001,C01760,P0009,card,26953.25
T0015572,2025-12-27T21:14:00,store,S003,C00857,P0023,card,13071.92
T0015573,2025-12-21T23:10:00,store,S003,C00474,P0017,card,11854.36
T0015574,2025-12-20T03:45:00,store,S002,C01757,P0013,card,11210.220000000001
T0015576,2025-12-18T05:52:00,store,S004,C00586,P0005,card,383286.95
T0015578,2025-12-10T10:46:00,store,S005,C01624,P0012,cash,76454.36
T0015579,2025-12-19T14:25:00,store,S006,C00055,P0003,card,270680.19999999995
T0015580,2025-12-06T20:02:00,store,S001,C00322,P0006,card,32871.090000000004
T0015581,2025-12-02T16:58:00,store,S006,C00424,P0003,cash,385026.77999999997
T0015582,2025-12-05T10:38:00,store,S003,C02235,P0019,cash,2400.77
T0015583,2025-12-05T11:59:00,store,S005,C00825,P0014,cash,53651.99999999999
T0015584,2025-12-19T19:05:00,store,S002,C02428,P0018,cash,59581.340000000004
T0015586,2025-12-03T08:49:00,store,S006,C01800,P0003,cash,230542.29
T0015588,2025-12-16T19:25:00,store,S005,C00941,P0008,cash,2084.9
T0015589,2025-12-03T00:26:00,store,S001,C01991,P0006,card,37230.36
T0015591,2025-12-25T16:30:00,store,S005,C00040,P0025,cash,40074.61
T0015593,2025-12-27T05:00:00,store,S005,C00985,P0008,card,7459.429999999999
T0015594,2025-12-20T03:53:00,store,S002,C00624,P0010,card,4193.54
T0015596,2025-12-03T16:47:00,store,S006,C00024,P0016,card,119902.03
T0015597,2025-12-09T07:51:00,store,S005,C00123,P0012,cash,14475.960000000001
T0015598,2025-12-04T18:19:00,store,S002,C01299,P0010,cash,27390.3
T0015599,2025-12-07T03:38:00,store,S002,C01633,P0013,card,27589.239999999998
T0015600,2025-12-26T08:41:00,store,S001,C01960,P0021,cash,18032.56
T0015602,2025-12-10T09:54:00,store,S001,C01761,P0020,cash,235755.0
T0015604,2025-12-31T18:10:00,store,S002,C02216,P0007,card,40858.229999999996
T0015605,2025-12-22T14:50:00,store,S004,C02000,P0005,card,1963.24
T0015611,2025-12-10T21:25:00,store,S005,C01441,P0012,cash,4187.889999999999
T0015612,2025-12-06T17:59:00,store,S003,C02171,P0023,card,44443.96
T0015613,2025-12-24T03:06:00,store,S004,C01107,P0005,cash,2280.39
T0015614,2025-12-18T19:46:00,store,S006,C00393,P0016,cash,35779.55
T0015615,2025-12-30T18:44:00,store,S004,C00042,P0005,card,14069.1
T0015616,2025-12-20T00:59:00,store,S006,C01502,P0016,card,37499.68
T0015617,2025-12-01T06:09:00,store,S001,C01259,P0015,cash,20284.379999999997
T0015620,2025-12-10T23:04:00,store,S003,C02294,P0022,card,5681.68
T0015621,2025-12-08T16:05:00,store,S003,C00656,P0017,cash,42150.95
T0015622,2025-12-29T00:27:00,store,S002,C00938,P0018,cash,20902.4
T0015625,2025-12-21T04:01:00,store,S005,C02041,P0008,cash,203987.03
T0015626,2025-12-14T03:10:00,store,S001,C01155,P0002,card,28649.96
T0015627,2025-12-09T02:25:00,store,S001,C02348,P0006,cash,396841.04
T0015628,2025-12-26T22:21:00,store,S001,C02219,P0006,card,5464.44
T0015629,2025-12-26T17:02:00,store,S005,C00562,P0014,card,27530.1
T0015632,2025-12-16T03:20:00,store,S005,C00530,P0012,card,281924.93
T0015633,2025-12-06T20:00:00,store,S004,C02300,P0005,cash,14911.54
T0015634,2025-12-26T15:01:00,store,S002,C01983,P0007,cash,12718.43
T0015635,2025-12-14T11:58:00,store,S006,C02195,P0011,card,10090.75
T0015636,2025-12-27T17:42:00,store,S005,C02462,P0025,cash,50086.36
T0015638,2025-12-12T23:05:00,store,S003,C01725,P0019,cash,50886.76
T0015639,2025-12-21T00:38:00,store,S004,C02240,P0026,cash,13608.81
T0015640,2025-12-12T03:27:00,store,S001,C02091,P0009,cash,10199.38
T0015643,2025-12-26T20:49:00,store,S002,C01157,P0001,card,25469.45
T0015644,2025-12-10T05:24:00,store,S001,C01073,P0021,cash,11645.59
T0015645,2025-12-27T04:17:00,store,S006,C02469,P0016,cash,33520.32
T0015646,2025-12-31T12:38:00,store,S001,C00281,P0020,card,33054.46
T0015648,2025-12-14T12:50:00,store,S004,C01051,P0026,card,21891.27
T0015649,2025-12-06T22:27:00,store,S003,C00975,P0023,card,27060.24
T0015650,2025-12-30T20:15:00,store,S004,C00847,P0005,cash,80104.61
T0015652,2025-12-10T18:43:00,store,S003,C01486,P0023,cash,45352.009999999995
T0015653,2025-12-06T00:16:00,store,S006,C01256,P0003,cash,3918.84
T0015654,2025-12-19T09:15:00,store,S006,C01911,P0024,card,8699.779999999999
T0015656,2025-12-07T19:35:00,store,S004,C00953,P0005,card,18386.420000000002
T0015657,2025-12-30T00:50:00,store,S001,C02421,P0020,card,71184.15000000001
T0015658,2025-12-03T15:41:00,store,S002,C01473,P0013,cash,11479.91
T0015659,2025-12-02T22:19:00,store,S004,C00073,P0026,cash,39763.47
T0015661,2025-12-03T14:34:00,store,S003,C00449,P0022,card,7676.63
T0015662,2025-12-02T10:10:00,store,S001,C02070,P0009,card,22902.920000000002
T0015663,2025-12-23T11:26:00,store,S002,C01637,P0013,card,236908.76
T0015664,2025-12-05T09:50:00,store,S001,C00735,P0004,cash,35498.19
T0015665,2025-12-15T20:27:00,store,S004,C01399,P0026,card,181041.82
T0015666,2025-12-05T23:30:00,store,S002,C01326,P0007,card,6055.1
T0015670,2025-12-07T22:42:00,store,S003,C02460,P0019,card,60176.72
T0015671,2025-12-21T01:46:00,store,S006,C00808,P0011,card,221206.9
T0015672,2025-12-02T16:52:00,store,S002,C01217,P0010,cash,6345.27
T0015673,2025-12-23T16:09:00,store,S004,C02450,P0026,cash,16748.39
T0015674,2025-12-31T05:32:00,store,S003,C01501,P0017,cash,40772.15
T0015675,2025-12-06T09:14:00,store,S001,C01907,P0002,card,239848.29
T0015678,2025-12-17T06:09:00,store,S004,C02388,P0005,cash,60848.630000000005
T0015679,2025-12-29T18:47:00,store,S006,C00235,P0024,card,13015.17
T0015680,2025-12-28T06:30:00,store,S003,C02218,P0019,cash,65169.990000000005
T0015681,2025-12-27T23:08:00,store,S006,C00668,P0024,card,29707.81
T0015682,2025-12-14T10:31:00,store,S001,C01050,P0021,cash,1538.83
T0015683,2025-12-21T01:13:00,store,S006,C02372,P0011,card,132451.78
T0015684,2025-12-01T05:36:00,store,S005,C01149,P0012,cash,13796.23
T0015686,2025-12-24T19:20:00,store,S006,C01315,P0011,card,15903.740000000002
T0015687,2025-12-12T20:15:00,store,S002,C00321,P0013,card,19736.239999999998
T0015688,2025-12-15T10:39:00,store,S005,C00911,P0008,card,36686.130000000005
T0015690,2025-12-31T21:15:00,store,S002,C01901,P0018,card,10546.67
T0015691,2025-12-31T15:51:00,store,S006,C00733,P0011,card,60599.03
T0015692,2025-12-19T15:58:00,store,S001,C01305,P0006,card,233528.18
T0015695,2025-12-05T01:57:00,store,S004,C01093,P0026,card,11058.44
T0015696,2025-12-24T09:17:00,store,S003,C01154,P0019,cash,40178.92
T0015697,2025-12-23T05:10:00,store,S006,C01656,P0024,cash,4699.79
T0015698,2025-12-08T20:54:00,store,S004,C02439,P0005,cash,28111.62
T0015699,2025-12-19T22:37:00,store,S001,C01252,P0020,cash,47333.619999999995
T0015700,2025-12-03T08:54:00,store,S002,C00396,P0013,cash,27905.01
T0015701,2025-12-19T10:59:00,store,S001,C01472,P0020,cash,28043.75
T0015702,2025-12-29T11:41:00,store,S003,C00035,P0023,cash,12867.73
T0015705,2025-12-03T05:43:00,store,S006,C02124,P0016,card,25253.11
T0015709,2025-12-24T08:40:00,store,S005,C00945,P0012,cash,257384.44
T0015710,2025-12-01T15:31:00,store,S003,C01431,P0019,cash,11756.8
T0015711,2025-12-27T05:04:00,store,S006,C00602,P0016,cash,22173.01
T0015712,2025-12-06T23:33:00,store,S002,C00885,P0001,card,14811.75
T0015713,2025-12-13T20:40:00,store,S006,C01712,P0024,cash,32182.98
T0015714,2025-12-07T20:02:00,store,S004,C00906,P0026,card,263559.93
T0015715,2025-12-28T06:18:00,store,S001,C00060,P0009,card,1072.52
T0015717,2025-12-02T13:09:00,store,S003,C00551,P0023,cash,225425.41
T0015719,2025-12-06T05:07:00,store,S001,C02084,P0015,card,29378.16
T0015721,2025-12-13T04:04:00,store,S004,C02202,P0005,cash,14351.16
T0015722,2025-12-22T08:48:00,store,S001,C01572,P0009,cash,271761.66000000003
T0015723,2025-12-11T07:59:00,store,S006,C00095,P0003,cash,11153.62
T0015725,2025-12-30T14:57:00,store,S001,C02324,P0020,card,14786.98
T0015727,2025-12-19T09:43:00,store,S006,C01215,P0011,cash,24811.99
T0015730,2025-12-22T03:56:00,store,S006,C00116,P0011,cash,209818.26
T0015731,2025-12-01T13:37:00,store,S004,C01562,P0026,cash,191252.44
T0015732,2025-12-26T04:52:00,store,S001,C00333,P0004,card,15751.56
T0015734,2025-12-24T11:47:00,store,S002,C00941,P0018,card,208868.63
T0015735,2025-12-05T20:21:00,store,S006,C01560,P0016,cash,16677.15
T0015736,2025-12-17T14:23:00,store,S006,C00887,P0011,card,23220.23
T0015739,2025-12-06T01:05:00,store,S005,C01761,P0025,card,82073.33
T0015740,2025-12-17T05:39:00,store,S005,C01816,P0008,cash,355878.56000000006
T0015741,2025-12-30T02:42:00,store,S001,C01494,P0006,cash,35091.520000000004
T0015744,2025-12-01T14:58:00,store,S006,C01709,P0011,card,233302.23
T0015745,2025-12-17T14:18:00,store,S005,C02281,P0014,card,89154.05
T0015746,2025-12-06T16:13:00,store,S006,C01290,P0016,card,10631.34
T0015748,2025-12-07T23:43:00,store,S006,C01082,P0011,card,11923.55
T0015750,2025-12-10T08:21:00,store,S006,C01603,P0024,card,8199.12
T0015751,2025-12-11T03:15:00,store,S005,C00953,P0008,card,9620.14
T0015753,2025-12-15T10:17:00,store,S003,C01539,P0023,cash,249321.23
T0015755,2025-12-23T20:21:00,store,S004,C02263,P0005,card,20113.12
T0015756,2025-12-29T08:15:00,store,S002,C01984,P0010,cash,24794.9
T0015758,2025-12-24T05:11:00,store,S005,C01293,P0025,card,39994.78999999999
T0015759,2025-12-08T05:30:00,store,S004,C02402,P0005,cash,63374.47
T0015761,2025-12-21T08:12:00,store,S002,C01515,P0018,card,14657.650000000001
T0015762,2025-12-27T17:00:00,store,S005,C00253,P0012,cash,5427.78
T0015763,2025-12-29T03:58:00,store,S004,C02351,P0026,card,72720.79000000001
T0015764,2025-12-12T06:25:00,store,S004,C01476,P0026,card,24786.01
T0015765,2025-12-03T23:48:00,store,S005,C00263,P0014,card,1006.56
T0015766,2025-12-09T15:27:00,store,S001,C02437,P0006,card,12963.27
T0015767,2025-12-12T01:37:00,store,S001,C02179,P0006,card,14993.720000000001
T0015768,2025-12-08T15:21:00,store,S006,C02360,P0024,cash,11370.34
T0015770,2025-12-09T06:38:00,store,S005,C00312,P0012,cash,41195.59
T0015772,2025-12-06T19:17:00,store,S003,C00737,P0022,cash,11353.15
T0015773,2025-12-24T04:37:00,store,S001,C00842,P0020,cash,6056.86
T0015775,2025-12-02T00:37:00,store,S004,C01346,P0026,cash,9581.9
T0015776,2025-12-23T16:23:00,store,S001,C02356,P0020,card,234802.18
T0015777,2025-12-23T00:01:00,store,S003,C00909,P0019,cash,373260.46
T0015778,2025-12-14T12:25:00,store,S005,C00390,P0025,cash,23978.58
T0015779,2025-12-19T01:09:00,store,S002,C01901,P0001,cash,388177.07999999996
T0015781,2025-12-04T00:30:00,store,S001,C00672,P0004,card,24262.019999999997
T0015783,2025-12-09T04:39:00,store,S006,C00916,P0016,cash,284574.25999999995
T0015784,2025-12-23T12:01:00,store,S006,C00288,P0003,card,12633.94
T0015786,2025-12-19T07:10:00,store,S005,C01084,P0025,card,263239.04000000004
T0015787,2025-12-07T19:33:00,store,S001,C01490,P0002,cash,36964.020000000004
T0015789,2025-12-20T10:02:00,store,S002,C00035,P0018,cash,8694.79
T0015790,2025-12-20T11:38:00,store,S002,C02178,P0013,cash,85980.77
T0015791,2025-12-29T14:34:00,store,S005,C02050,P0008,card,209096.86
T0015792,2025-12-04T12:12:00,store,S002,C00255,P0010,cash,3996.02
T0015793,2025-12-09T04:31:00,store,S001,C00833,P0021,cash,10446.51
T0015794,2025-12-17T23:07:00,store,S006,C01998,P0016,card,1095.5
T0015795,2025-12-19T17:41:00,store,S002,C00433,P0001,card,53778.520000000004
T0015797,2025-12-08T19:45:00,store,S001,C00871,P0004,card,62089.89
T0015798,2025-12-06T00:17:00,store,S005,C01526,P0025,cash,33437.36
T0015799,2025-12-12T21:17:00,store,S005,C01804,P0012,cash,138997.19
T0015801,2025-12-20T14:22:00,store,S006,C00587,P0016,card,12139.4
T0015802,2025-12-12T03:38:00,store,S005,C02084,P0025,card,253420.22999999998
T0015804,2025-12-03T20:09:00,store,S001,C01260,P0002,card,18119.0
T0015805,2025-12-13T06:28:00,store,S003,C00047,P0023,cash,15176.51
T0015806,2025-12-09T03:49:00,store,S002,C02148,P0010,cash,8913.63
T0015807,2025-12-04T01:45:00,store,S005,C01815,P0008,card,191812.39
T0015808,2025-12-02T17:40:00,store,S006,C00283,P0024,card,36727.35
T0015809,2025-12-30T02:47:00,store,S006,C00075,P0024,card,22495.07
T0015810,2025-12-06T22:56:00,store,S002,C00213,P0013,cash,27432.16
T0015812,2025-12-28T17:42:00,store,S006,C00016,P0024,cash,57710.42
T0015814,2025-12-31T23:54:00,store,S004,C00467,P0005,cash,2719.06
T0015815,2025-12-16T07:14:00,store,S003,C01699,P0017,card,54110.51
T0015816,2025-12-21T15:28:00,store,S005,C00563,P0008,cash,11552.66
T0015817,2025-12-14T18:35:00,store,S003,C01771,P0023,card,103783.77
T0015820,2025-12-02T14:24:00,store,S001,C02205,P0002,card,15070.310000000001
T0015821,2025-12-16T13:56:00,store,S005,C01209,P0008,card,202826.54
T0015824,2025-12-09T07:54:00,store,S003,C00684,P0022,cash,10083.16
T0015825,2025-12-25T02:19:00,store,S005,C02129,P0014,card,6292.18
T0015828,2025-12-23T05:54:00,store,S005,C00540,P0012,card,18485.86
T0015830,2025-12-09T11:58:00,store,S001,C01996,P0020,card,36758.15
T0015831,2025-12-03T13:15:00,store,S005,C02006,P0014,card,36772.34
T0015832,2025-12-14T12:20:00,store,S006,C01987,P0011,cash,11292.47
T0015833,2025-12-31T00:37:00,store,S003,C02433,P0022,card,1842.14
T0015834,2025-12-17T00:42:00,store,S001,C02132,P0009,card,10085.23
T0015837,2025-12-17T21:14:00,store,S001,C01605,P0004,cash,208470.66999999998
T0015839,2025-12-30T18:19:00,store,S004,C02265,P0005,card,26680.68
T0015840,2025-12-27T01:07:00,store,S004,C01247,P0005,cash,47496.93
T0015841,2025-12-28T13:37:00,store,S003,C00479,P0017,card,38049.5
T0015842,2025-12-17T05:27:00,store,S002,C02109,P0010,card,14582.65
T0015843,2025-12-03T09:36:00,store,S006,C00186,P0024,cash,4698.52
T0015844,2025-12-16T22:06:00,store,S003,C02479,P0019,card,18658.82
T0015846,2025-12-27T16:50:00,store,S004,C00722,P0005,card,63110.799999999996
T0015847,2025-12-16T12:17:00,store,S005,C00103,P0012,cash,12353.79
T0015848,2025-12-02T02:46:00,store,S001,C00574,P0002,cash,5673.47
T0015849,2025-12-02T14:58:00,store,S003,C00233,P0022,card,22265.64
T0015851,2025-12-19T06:23:00,store,S004,C00533,P0026,card,43271.840000000004
T0015852,2025-12-19T08:46:00,store,S004,C00592,P0026,card,3221.49
T0015853,2025-12-18T19:13:00,store,S003,C02140,P0019,cash,21859.77
T0015854,2025-12-19T15:40:00,store,S004,C00757,P0026,card,7308.08
T0015855,2025-12-30T09:08:00,store,S006,C01639,P0024,cash,253737.93
T0015857,2025-12-29T04:03:00,store,S006,C00870,P0024,cash,45342.45
T0015859,2025-12-29T18:55:00,store,S001,C00051,P0009,cash,20941.010000000002
T0015860,2025-12-29T23:11:00,store,S005,C01306,P0025,cash,38057.07
T0015861,2025-12-07T22:15:00,store,S001,C01565,P0004,card,58311.520000000004
T0015864,2025-12-09T08:39:00,store,S005,C00969,P0014,cash,19415.870000000003
T0015865,2025-12-11T19:59:00,store,S001,C01369,P0006,cash,4658.14
T0015866,2025-12-16T08:52:00,store,S004,C00816,P0005,cash,351477.76
T0015867,2025-12-14T03:10:00,store,S003,C01449,P0019,card,11645.279999999999
T0015868,2025-12-14T19:59:00,store,S004,C00597,P0026,cash,5676.77
T0015869,2025-12-11T05:51:00,store,S004,C01865,P0026,card,187961.55
T0015870,2025-12-20T18:54:00,store,S001,C01574,P0006,card,7324.73
T0015872,2025-12-09T21:48:00,store,S005,C02307,P0014,cash,11958.02
T0015873,2025-12-27T20:37:00,store,S003,C02050,P0022,cash,54431.420000000006
T0015874,2025-12-25T00:50:00,store,S006,C00259,P0024,card,15746.46
T0015878,2025-12-17T12:29:00,store,S001,C02089,P0020,cash,49315.51
T0015879,2025-12-11T16:54:00,store,S006,C00624,P0003,cash,8315.87
T0015880,2025-12-19T12:04:00,store,S004,C00789,P0026,card,5971.06
T0015881,2025-12-05T11:49:00,store,S005,C01101,P0014,card,19651.54
T0015883,2025-12-23T08:13:00,store,S001,C01563,P0006,cash,19873.53
T0015886,2025-12-10T01:01:00,store,S001,C01270,P0021,cash,12506.34
T0015887,2025-12-20T09:36:00,store,S005,C01958,P0012,cash,27803.14
T0015888,2025-12-15T20:10:00,store,S006,C01857,P0024,card,2815.72
T0015890,2025-12-23T21:53:00,store,S005,C00747,P0008,card,12441.07
T0015891,2025-12-23T08:57:00,store,S003,C00544,P0017,card,21892.14
T0015895,2025-12-12T22:30:00,store,S006,C00799,P0003,card,25257.79
T0015896,2025-12-25T10:54:00,store,S004,C02080,P0026,cash,16025.84
T0015897,2025-12-09T01:45:00,store,S005,C02070,P0008,cash,219865.90000000002
T0015898,2025-12-08T15:20:00,store,S006,C00204,P0016,cash,15294.76
T0015899,2025-12-29T02:18:00,store,S005,C02347,P0014,card,58972.42
T0015901,2025-12-28T02:31:00,store,S006,C02090,P0024,card,19319.52
T0015902,2025-12-21T03:26:00,store,S006,C01660,P0016,cash,23802.03
T0015903,2025-12-29T19:48:00,store,S002,C00871,P0018,cash,50639.49
T0015904,2025-12-23T11:55:00,store,S004,C00999,P0005,cash,11150.55
T0015907,2025-12-10T03:20:00,store,S001,C02180,P0020,card,5640.57
T0015908,2025-12-17T16:29:00,store,S006,C00525,P0016,cash,229805.83
T0015911,2025-12-30T18:39:00,store,S004,C02361,P0005,cash,3486.37
T0015914,2025-12-30T14:12:00,store,S002,C01892,P0007,card,2054.66
T0015915,2025-12-20T19:09:00,store,S006,C02412,P0011,card,7764.36
T0015916,2025-12-11T04:38:00,store,S001,C01559,P0002,cash,3942.5
T0015919,2025-12-21T18:25:00,store,S002,C00266,P0010,cash,221775.52000000002
T0015920,2025-12-08T06:13:00,store,S006,C00503,P0011,cash,561641.02
T0015922,2025-12-21T17:40:00,store,S006,C01970,P0024,cash,28068.31
T0015923,2025-12-28T15:06:00,store,S004,C02241,P0026,card,186221.74
T0015924,2025-12-09T21:31:00,store,S004,C00285,P0005,card,11727.24
T0015925,2025-12-20T07:18:00,store,S006,C00581,P0003,cash,22594.43
T0015926,2025-12-29T20:24:00,store,S004,C02125,P0005,card,12223.05
T0015927,2025-12-12T16:09:00,store,S002,C02378,P0001,card,29597.94
T0015928,2025-12-15T18:25:00,store,S004,C00326,P0005,cash,251171.31
T0015929,2025-12-02T08:29:00,store,S004,C01019,P0026,cash,18300.510000000002
T0015930,2025-12-24T00:44:00,store,S005,C01464,P0025,card,56674.07
T0015931,2025-12-02T13:11:00,store,S002,C02132,P0010,card,2624.92
T0015932,2025-12-14T19:21:00,store,S006,C01112,P0011,card,2223.36
T0015933,2025-12-26T16:23:00,store,S006,C01937,P0024,card,10226.759999999998
T0015934,2025-12-10T18:56:00,store,S001,C02224,P0004,card,255822.8
T0015935,2025-12-01T00:18:00,store,S004,C00706,P0026,cash,35688.37
T0015937,2025-12-04T04:02:00,store,S001,C01455,P0002,card,4864.88
T0015939,2025-12-03T01:17:00,store,S001,C02235,P0009,cash,12418.130000000001
T0015940,2025-12-24T06:45:00,store,S004,C01006,P0026,card,2383.09
T0015941,2025-12-01T13:09:00,store,S005,C01372,P0012,cash,370305.14999999997
T0015942,2025-12-23T22:42:00,store,S004,C02198,P0026,cash,16045.2
T0015943,2025-12-28T23:45:00,store,S001,C00469,P0006,cash,124013.08
T0015944,2025-12-10T09:40:00,store,S003,C00367,P0017,cash,21333.989999999998
T0015945,2025-12-10T07:02:00,store,S004,C00598,P0026,cash,11684.68
T0015946,2025-12-29T21:35:00,store,S005,C01477,P0014,card,17573.41
T0015947,2025-12-20T00:40:00,store,S003,C00555,P0023,card,10046.380000000001
T0015950,2025-12-21T08:42:00,store,S002,C00821,P0013,cash,373295.41
T0015951,2025-12-12T02:38:00,store,S004,C02120,P0005,cash,6991.38
T0015953,2025-12-17T10:12:00,store,S005,C02371,P0025,card,15760.09
T0015954,2025-12-12T13:33:00,store,S005,C01583,P0008,card,350960.18
T0015955,2025-12-14T12:47:00,store,S002,C00659,P0007,cash,3437.5
T0015960,2025-12-30T17:13:00,store,S002,C01261,P0001,cash,27176.489999999998
T0015964,2025-12-22T17:48:00,store,S004,C02496,P0005,cash,5013.38
T0015965,2025-12-04T19:50:00,store,S003,C00872,P0023,cash,103489.55
T0015967,2025-12-31T15:35:00,store,S004,C01517,P0026,cash,13184.35
T0015968,2025-12-28T05:11:00,store,S001,C01211,P0020,cash,141466.46
T0015969,2025-12-27T06:52:00,store,S004,C02094,P0026,cash,184943.75
T0015972,2025-12-06T08:46:00,store,S004,C00653,P0026,card,13003.09
T0015973,2025-12-04T00:12:00,store,S002,C00645,P0018,cash,24929.54
T0015974,2025-12-10T18:30:00,store,S005,C00978,P0025,card,53576.3
T0015976,2025-12-24T01:02:00,store,S005,C00056,P0014,card,27346.85
T0015977,2025-12-29T09:44:00,store,S004,C00351,P0026,cash,8155.65
T0015978,2025-12-21T12:54:00,store,S004,C00322,P0026,cash,28590.47
T0015979,2025-12-31T00:11:00,store,S006,C00760,P0011,cash,15062.169999999998
T0015980,2025-12-03T06:05:00,store,S003,C01709,P0019,card,2908.51
T0015981,2025-12-18T07:10:00,store,S002,C00780,P0001,card,236056.44
T0015982,2025-12-16T20:21:00,store,S003,C00451,P0017,cash,49577.89
T0015983,2025-12-12T10:37:00,store,S001,C01652,P0006,cash,12357.52
T0015985,2025-12-01T15:05:00,store,S002,C02252,P0007,card,44758.47
T0015987,2025-12-05T14:36:00,store,S005,C02387,P0025,cash,5403.94
