order_id,order_date,product_id,product_name,category,units,revenue,currency,region,salesperson,stage
O-600000,2023-08-06,101,CRM Pro,Software,4,5168,GBP,UK,Salesperson_6,Won
O-600001,2024-07-05,201,POS Terminal,Hardware,18,3129840,PKR,Pakistan,Salesperson_7,Won
O-600002,2024-11-03,102,Analytics Suite,Software,14,14084,GBP,UK,Salesperson_6,Won
O-600003,2024-02-15,102,Analytics Suite,Software,17,9350,GBP,UK,Salesperson_8,Won
O-600004,2024-01-12,102,Analytics Suite,Software,3,1347360,PKR,Pakistan,Salesperson_6,Won
O-600005,2024-02-07,101,CRM Pro,Software,20,20900,EUR,Europe,Salesperson_2,Won
O-600006,2023-06-29,101,CRM Pro,Software,8,11400,EUR,Europe,Salesperson_1,Won
O-600007,2024-12-09,102,Analytics Suite,Software,20,32240,EUR,Europe,Salesperson_7,Won
O-600008,2023-10-19,201,POS Terminal,Hardware,14,24332,EUR,Europe,Salesperson_1,Won
O-600009,2023-09-10,102,Analytics Suite,Software,15,24210,USD,North America,Salesperson_4,Won
O-600010,2024-05-06,101,CRM Pro,Software,9,8181,GBP,UK,Salesperson_5,Won
O-600011,2023-12-08,102,Analytics Suite,Software,19,2734480,PKR,Pakistan,Salesperson_5,Won
O-600012,2024-01-08,101,CRM Pro,Software,1,1521,EUR,Europe,Salesperson_4,Won
O-600013,2024-12-17,201,POS Terminal,Hardware,2,541520,PKR,Pakistan,Salesperson_8,Won
O-600014,2023-03-09,201,POS Terminal,Hardware,4,4484,EUR,Europe,Salesperson_9,Won
O-600015,2024-10-27,201,POS Terminal,Hardware,4,7636,USD,North America,Salesperson_5,Won
O-600016,2024-01-20,101,CRM Pro,Software,14,5824,EUR,Europe,Salesperson_1,Won
O-600017,2023-07-20,101,CRM Pro,Software,11,10197,EUR,Europe,Salesperson_1,Won
O-600018,2023-05-21,102,Analytics Suite,Software,13,3887520,PKR,Pakistan,Salesperson_4,Won
O-600019,2024-04-06,201,POS Terminal,Hardware,8,657600,JPY,Japan,Salesperson_5,Won
O-600020,2023-10-02,102,Analytics Suite,Software,1,966,EUR,Europe,Salesperson_4,Won
O-600021,2024-10-09,102,Analytics Suite,Software,9,706050,JPY,Japan,Salesperson_6,Won
O-600022,2023-12-24,102,Analytics Suite,Software,13,19500,GBP,UK,Salesperson_5,Won
O-600023,2023-09-10,101,CRM Pro,Software,2,361500,JPY,Japan,Salesperson_9,Won
O-600024,2024-03-19,102,Analytics Suite,Software,19,2488050,JPY,Japan,Salesperson_8,Won
O-600025,2024-09-14,102,Analytics Suite,Software,4,2504,EUR,Europe,Salesperson_3,Won
O-600026,2024-10-02,201,POS Terminal,Hardware,16,3456,EUR,Europe,Salesperson_3,Won
O-600027,2023-10-27,101,CRM Pro,Software,1,492,GBP,UK,Salesperson_4,Won
O-600028,2023-11-24,102,Analytics Suite,Software,20,10100,USD,North America,Salesperson_8,Won
O-600029,2024-09-24,201,POS Terminal,Hardware,14,19082,USD,North America,Salesperson_9,Won
O-600030,2024-04-01,102,Analytics Suite,Software,15,890400,PKR,Pakistan,Salesperson_1,Won
O-600031,2023-10-21,101,CRM Pro,Software,5,1992200,PKR,Pakistan,Salesperson_1,Won
O-600032,2024-07-11,201,POS Terminal,Hardware,3,1935,USD,North America,Salesperson_1,Won
O-600033,2024-04-16,101,CRM Pro,Software,8,2168,USD,North America,Salesperson_3,Won
O-600034,2023-12-31,201,POS Terminal,Hardware,14,23716,EUR,Europe,Salesperson_3,Won
O-600035,2023-10-07,102,Analytics Suite,Software,18,6451200,PKR,Pakistan,Salesperson_8,Won
O-600036,2023-08-22,102,Analytics Suite,Software,5,4890,USD,North America,Salesperson_6,Won
O-600037,2024-04-26,102,Analytics Suite,Software,18,5940,EUR,Europe,Salesperson_3,Won
O-600038,2023-06-22,101,CRM Pro,Software,14,13454,EUR,Europe,Salesperson_2,Won
O-600039,2023-02-01,102,Analytics Suite,Software,16,8677760,PKR,Pakistan,Salesperson_2,Won
O-600040,2024-01-12,101,CRM Pro,Software,3,757350,JPY,Japan,Salesperson_9,Won
O-600041,2023-12-07,201,POS Terminal,Hardware,5,1978200,PKR,Pakistan,Salesperson_8,Won
O-600042,2024-02-20,101,CRM Pro,Software,18,16200,GBP,UK,Salesperson_4,Won
O-600043,2023-06-25,201,POS Terminal,Hardware,6,4404,GBP,UK,Salesperson_4,Won
O-600044,2024-02-10,102,Analytics Suite,Software,7,11263,EUR,Europe,Salesperson_1,Won
O-600045,2024-08-22,201,POS Terminal,Hardware,15,28005,USD,North America,Salesperson_7,Won
O-600046,2024-01-13,101,CRM Pro,Software,2,973840,PKR,Pakistan,Salesperson_2,Won
O-600047,2023-06-23,102,Analytics Suite,Software,3,4083,USD,North America,Salesperson_2,Won
O-600048,2023-03-13,201,POS Terminal,Hardware,8,14888,EUR,Europe,Salesperson_4,Won
O-600049,2024-06-05,201,POS Terminal,Hardware,5,1340250,JPY,Japan,Salesperson_7,Won
O-600050,2023-12-18,101,CRM Pro,Software,16,15472,GBP,UK,Salesperson_2,Won
O-600051,2024-05-01,102,Analytics Suite,Software,17,2679880,PKR,Pakistan,Salesperson_6,Won
O-600052,2023-03-17,201,POS Terminal,Hardware,15,23580,USD,North America,Salesperson_1,Won
O-600053,2023-10-30,101,CRM Pro,Software,16,5712000,PKR,Pakistan,Salesperson_3,Won
O-600054,2024-10-06,101,CRM Pro,Software,16,12272,EUR,Europe,Salesperson_7,Won
O-600055,2024-08-21,102,Analytics Suite,Software,15,1092000,PKR,Pakistan,Salesperson_8,Won
O-600056,2023-11-21,102,Analytics Suite,Software,9,10899,USD,North America,Salesperson_5,Won
O-600057,2024-06-02,101,CRM Pro,Software,14,4578,USD,North America,Salesperson_8,Won
O-600058,2023-07-18,201,POS Terminal,Hardware,18,20232,USD,North America,Salesperson_9,Won
O-600059,2024-06-27,102,Analytics Suite,Software,12,6300000,PKR,Pakistan,Salesperson_5,Won
O-600060,2024-03-28,101,CRM Pro,Software,7,805350,JPY,Japan,Salesperson_1,Won
O-600061,2023-06-26,102,Analytics Suite,Software,1,1502,USD,North America,Salesperson_5,Won
O-600062,2024-05-28,201,POS Terminal,Hardware,12,5928,EUR,Europe,Salesperson_4,Won
O-600063,2024-02-17,102,Analytics Suite,Software,1,1072,GBP,UK,Salesperson_9,Won
O-600064,2023-03-18,102,Analytics Suite,Software,17,2833050,JPY,Japan,Salesperson_7,Won
O-600065,2023-05-14,201,POS Terminal,Hardware,9,8559,GBP,UK,Salesperson_3,Won
O-600066,2024-11-09,201,POS Terminal,Hardware,13,1786200,JPY,Japan,Salesperson_5,Won
O-600067,2024-07-21,201,POS Terminal,Hardware,1,1030,USD,North America,Salesperson_5,Won
O-600068,2023-11-30,101,CRM Pro,Software,8,477120,PKR,Pakistan,Salesperson_4,Won
O-600069,2023-06-13,102,Analytics Suite,Software,16,19152,EUR,Europe,Salesperson_6,Won
O-600070,2023-08-05,102,Analytics Suite,Software,15,8400,GBP,UK,Salesperson_3,Won
O-600071,2023-02-14,101,CRM Pro,Software,9,3331440,PKR,Pakistan,Salesperson_4,Won
O-600072,2023-06-24,101,CRM Pro,Software,10,17930,USD,North America,Salesperson_8,Won
O-600073,2024-02-17,101,CRM Pro,Software,13,5473,USD,North America,Salesperson_1,Won
O-600074,2023-05-29,101,CRM Pro,Software,3,730800,JPY,Japan,Salesperson_9,Won
O-600075,2024-06-26,101,CRM Pro,Software,6,6006,USD,North America,Salesperson_2,Won
O-600076,2023-04-03,201,POS Terminal,Hardware,5,2340800,PKR,Pakistan,Salesperson_1,Won
O-600077,2024-11-28,201,POS Terminal,Hardware,20,27480,USD,North America,Salesperson_1,Won
O-600078,2024-01-26,201,POS Terminal,Hardware,4,3532,EUR,Europe,Salesperson_5,Won
O-600079,2023-01-25,201,POS Terminal,Hardware,2,1910,GBP,UK,Salesperson_7,Won
O-600080,2023-10-27,101,CRM Pro,Software,16,1680000,PKR,Pakistan,Salesperson_7,Won
O-600081,2024-03-31,101,CRM Pro,Software,2,3998,USD,North America,Salesperson_8,Won
O-600082,2023-01-25,102,Analytics Suite,Software,16,8736,USD,North America,Salesperson_5,Won
O-600083,2024-07-06,201,POS Terminal,Hardware,12,3813600,PKR,Pakistan,Salesperson_5,Won
O-600084,2024-07-30,101,CRM Pro,Software,1,130480,PKR,Pakistan,Salesperson_1,Won
O-600085,2024-07-18,101,CRM Pro,Software,13,2472600,JPY,Japan,Salesperson_2,Won
O-600086,2023-03-31,101,CRM Pro,Software,11,2436280,PKR,Pakistan,Salesperson_1,Won
O-600087,2024-07-18,102,Analytics Suite,Software,19,3572,GBP,UK,Salesperson_4,Won
O-600088,2023-02-11,201,POS Terminal,Hardware,19,20406,EUR,Europe,Salesperson_1,Won
O-600089,2024-11-11,101,CRM Pro,Software,9,5643,USD,North America,Salesperson_8,Won
O-600090,2023-02-17,101,CRM Pro,Software,1,1236,EUR,Europe,Salesperson_2,Won
O-600091,2024-06-07,201,POS Terminal,Hardware,3,608400,JPY,Japan,Salesperson_8,Won
O-600092,2024-02-22,101,CRM Pro,Software,6,7884,GBP,UK,Salesperson_9,Won
O-600093,2024-02-14,101,CRM Pro,Software,12,10872,USD,North America,Salesperson_4,Won
O-600094,2024-09-29,102,Analytics Suite,Software,13,6450080,PKR,Pakistan,Salesperson_4,Won
O-600095,2024-06-03,101,CRM Pro,Software,10,1432500,JPY,Japan,Salesperson_3,Won
O-600096,2024-03-20,102,Analytics Suite,Software,20,1708000,PKR,Pakistan,Salesperson_9,Won
O-600097,2023-02-08,201,POS Terminal,Hardware,15,1192800,PKR,Pakistan,Salesperson_2,Won
O-600098,2023-01-02,201,POS Terminal,Hardware,14,10626,GBP,UK,Salesperson_3,Won
O-600099,2024-09-29,101,CRM Pro,Software,8,4338880,PKR,Pakistan,Salesperson_9,Won
O-600100,2023-07-03,201,POS Terminal,Hardware,16,4128000,JPY,Japan,Salesperson_7,Won
O-600101,2023-02-07,101,CRM Pro,Software,13,5834920,PKR,Pakistan,Salesperson_2,Won
O-600102,2024-12-09,101,CRM Pro,Software,12,1182720,PKR,Pakistan,Salesperson_7,Won
O-600103,2023-04-29,101,CRM Pro,Software,8,1726800,JPY,Japan,Salesperson_4,Won
O-600104,2023-10-06,201,POS Terminal,Hardware,12,8976,GBP,UK,Salesperson_1,Won
O-600105,2024-09-12,201,POS Terminal,Hardware,9,2000880,PKR,Pakistan,Salesperson_8,Won
O-600106,2023-08-20,101,CRM Pro,Software,20,2066400,PKR,Pakistan,Salesperson_7,Won
O-600107,2023-01-24,101,CRM Pro,Software,12,16332,USD,North America,Salesperson_5,Won
O-600108,2024-12-07,101,CRM Pro,Software,17,16252,GBP,UK,Salesperson_6,Won
O-600109,2024-05-08,201,POS Terminal,Hardware,14,428400,JPY,Japan,Salesperson_1,Won
O-600110,2023-07-18,101,CRM Pro,Software,17,29512,USD,North America,Salesperson_9,Won
O-600111,2024-05-16,201,POS Terminal,Hardware,6,6624,USD,North America,Salesperson_7,Won
O-600112,2024-07-02,201,POS Terminal,Hardware,3,1437,GBP,UK,Salesperson_6,Won
O-600113,2023-08-29,101,CRM Pro,Software,20,17140,USD,North America,Salesperson_7,Won
O-600114,2024-08-03,101,CRM Pro,Software,17,5056650,JPY,Japan,Salesperson_4,Won
O-600115,2024-09-07,102,Analytics Suite,Software,6,6264,USD,North America,Salesperson_3,Won
O-600116,2024-02-16,102,Analytics Suite,Software,18,2726640,PKR,Pakistan,Salesperson_1,Won
O-600117,2023-02-25,101,CRM Pro,Software,20,3981000,JPY,Japan,Salesperson_1,Won
O-600118,2024-06-04,102,Analytics Suite,Software,14,882000,JPY,Japan,Salesperson_4,Won
O-600119,2023-12-30,102,Analytics Suite,Software,11,17479,GBP,UK,Salesperson_5,Won
O-600120,2024-09-28,201,POS Terminal,Hardware,14,16436,USD,North America,Salesperson_6,Won
O-600121,2023-08-22,201,POS Terminal,Hardware,7,2436,GBP,UK,Salesperson_3,Won
O-600122,2024-08-28,102,Analytics Suite,Software,14,968240,PKR,Pakistan,Salesperson_5,Won
O-600123,2023-10-14,101,CRM Pro,Software,13,6097,GBP,UK,Salesperson_9,Won
O-600124,2024-02-23,102,Analytics Suite,Software,9,3771,USD,North America,Salesperson_7,Won
O-600125,2024-01-24,102,Analytics Suite,Software,2,2380,GBP,UK,Salesperson_7,Won
O-600126,2023-02-18,201,POS Terminal,Hardware,8,1704000,JPY,Japan,Salesperson_1,Won
O-600127,2023-11-16,101,CRM Pro,Software,8,3888,USD,North America,Salesperson_7,Won
O-600128,2023-08-23,201,POS Terminal,Hardware,10,17510,EUR,Europe,Salesperson_2,Won
O-600129,2024-06-14,201,POS Terminal,Hardware,8,9080,EUR,Europe,Salesperson_5,Won
O-600130,2024-01-28,102,Analytics Suite,Software,9,3258,EUR,Europe,Salesperson_6,Won
O-600131,2023-06-10,102,Analytics Suite,Software,8,3010560,PKR,Pakistan,Salesperson_5,Won
O-600132,2024-07-11,201,POS Terminal,Hardware,12,3132,GBP,UK,Salesperson_6,Won
O-600133,2023-06-23,101,CRM Pro,Software,10,1671000,JPY,Japan,Salesperson_5,Won
O-600134,2024-06-14,101,CRM Pro,Software,19,15637,EUR,Europe,Salesperson_2,Won
O-600135,2024-07-07,102,Analytics Suite,Software,10,5040,GBP,UK,Salesperson_8,Won
O-600136,2024-08-01,101,CRM Pro,Software,20,4515000,JPY,Japan,Salesperson_8,Won
O-600137,2024-09-02,101,CRM Pro,Software,19,6570200,PKR,Pakistan,Salesperson_4,Won
O-600138,2024-12-11,102,Analytics Suite,Software,16,13168,GBP,UK,Salesperson_8,Won
O-600139,2024-06-14,102,Analytics Suite,Software,16,1039360,PKR,Pakistan,Salesperson_9,Won
O-600140,2024-12-07,102,Analytics Suite,Software,3,1836,USD,North America,Salesperson_4,Won
O-600141,2024-11-25,102,Analytics Suite,Software,7,2135,EUR,Europe,Salesperson_1,Won
O-600142,2023-12-01,102,Analytics Suite,Software,3,1590960,PKR,Pakistan,Salesperson_5,Won
O-600143,2023-03-21,102,Analytics Suite,Software,9,13311,GBP,UK,Salesperson_3,Won
O-600144,2024-01-21,102,Analytics Suite,Software,18,23364,EUR,Europe,Salesperson_1,Won
O-600145,2024-12-27,201,POS Terminal,Hardware,1,1885,EUR,Europe,Salesperson_8,Won
O-600146,2024-11-27,102,Analytics Suite,Software,6,520800,PKR,Pakistan,Salesperson_2,Won
O-600147,2023-03-01,102,Analytics Suite,Software,3,3780,GBP,UK,Salesperson_2,Won
O-600148,2024-04-21,102,Analytics Suite,Software,6,3462,EUR,Europe,Salesperson_2,Won
O-600149,2024-07-30,101,CRM Pro,Software,5,5070,EUR,Europe,Salesperson_3,Won
O-600150,2024-07-24,102,Analytics Suite,Software,5,7315,EUR,Europe,Salesperson_5,Won
O-600151,2023-01-24,201,POS Terminal,Hardware,10,18330,EUR,Europe,Salesperson_8,Won
O-600152,2024-11-24,201,POS Terminal,Hardware,15,14190,USD,North America,Salesperson_3,Won
O-600153,2023-09-03,201,POS Terminal,Hardware,6,945840,PKR,Pakistan,Salesperson_8,Won
O-600154,2023-04-01,201,POS Terminal,Hardware,4,4844,EUR,Europe,Salesperson_2,Won
O-600155,2024-12-16,201,POS Terminal,Hardware,20,5247200,PKR,Pakistan,Salesperson_7,Won
O-600156,2023-02-12,101,CRM Pro,Software,10,9650,USD,North America,Salesperson_5,Won
O-600157,2024-03-07,102,Analytics Suite,Software,18,21060,GBP,UK,Salesperson_3,Won
O-600158,2023-08-07,201,POS Terminal,Hardware,8,728000,PKR,Pakistan,Salesperson_3,Won
O-600159,2023-08-06,102,Analytics Suite,Software,11,17380,EUR,Europe,Salesperson_7,Won
O-600160,2024-11-13,201,POS Terminal,Hardware,3,2289,GBP,UK,Salesperson_8,Won
O-600161,2024-06-20,101,CRM Pro,Software,17,2873,GBP,UK,Salesperson_3,Won
O-600162,2023-07-08,102,Analytics Suite,Software,4,272400,JPY,Japan,Salesperson_2,Won
O-600163,2023-04-24,102,Analytics Suite,Software,19,4793700,JPY,Japan,Salesperson_1,Won
O-600164,2023-09-03,101,CRM Pro,Software,19,13205,GBP,UK,Salesperson_5,Won
O-600165,2023-08-14,102,Analytics Suite,Software,19,3961500,JPY,Japan,Salesperson_2,Won
O-600166,2023-08-20,102,Analytics Suite,Software,12,12648,EUR,Europe,Salesperson_1,Won
O-600167,2024-12-24,201,POS Terminal,Hardware,2,697200,PKR,Pakistan,Salesperson_9,Won
O-600168,2024-06-17,101,CRM Pro,Software,8,2112,GBP,UK,Salesperson_3,Won
O-600169,2023-04-09,201,POS Terminal,Hardware,19,33877,USD,North America,Salesperson_8,Won
O-600170,2024-04-18,201,POS Terminal,Hardware,3,4770,EUR,Europe,Salesperson_9,Won
O-600171,2024-05-02,101,CRM Pro,Software,16,3297600,JPY,Japan,Salesperson_7,Won
O-600172,2024-10-18,101,CRM Pro,Software,5,466200,PKR,Pakistan,Salesperson_2,Won
O-600173,2024-04-29,101,CRM Pro,Software,10,5500,GBP,UK,Salesperson_1,Won
O-600174,2023-04-02,201,POS Terminal,Hardware,18,10440,USD,North America,Salesperson_3,Won
O-600175,2024-03-02,101,CRM Pro,Software,14,15526,USD,North America,Salesperson_5,Won
O-600176,2024-11-11,102,Analytics Suite,Software,13,1204840,PKR,Pakistan,Salesperson_3,Won
O-600177,2023-12-27,101,CRM Pro,Software,2,2888,GBP,UK,Salesperson_5,Won
O-600178,2023-03-01,201,POS Terminal,Hardware,10,927000,JPY,Japan,Salesperson_7,Won
O-600179,2023-05-20,102,Analytics Suite,Software,10,2898000,PKR,Pakistan,Salesperson_1,Won
O-600180,2023-11-16,201,POS Terminal,Hardware,5,5945,USD,North America,Salesperson_5,Won
O-600181,2023-09-12,101,CRM Pro,Software,12,4559520,PKR,Pakistan,Salesperson_9,Won
O-600182,2024-06-14,201,POS Terminal,Hardware,13,5239,USD,North America,Salesperson_6,Won
O-600183,2023-05-23,102,Analytics Suite,Software,11,4169,EUR,Europe,Salesperson_9,Won
O-600184,2023-03-16,201,POS Terminal,Hardware,12,766800,JPY,Japan,Salesperson_5,Won
O-600185,2023-11-10,101,CRM Pro,Software,19,25213,USD,North America,Salesperson_1,Won
O-600186,2023-09-23,201,POS Terminal,Hardware,7,3869040,PKR,Pakistan,Salesperson_9,Won
O-600187,2024-01-16,101,CRM Pro,Software,2,765520,PKR,Pakistan,Salesperson_8,Won
O-600188,2023-02-22,201,POS Terminal,Hardware,6,1222200,JPY,Japan,Salesperson_6,Won
O-600189,2023-08-27,102,Analytics Suite,Software,2,430080,PKR,Pakistan,Salesperson_2,Won
O-600190,2024-01-15,102,Analytics Suite,Software,8,14552,USD,North America,Salesperson_1,Won
O-600191,2024-12-27,101,CRM Pro,Software,4,3900,GBP,UK,Salesperson_3,Won
O-600192,2023-06-22,201,POS Terminal,Hardware,5,373800,PKR,Pakistan,Salesperson_2,Won
O-600193,2024-12-23,201,POS Terminal,Hardware,5,940800,PKR,Pakistan,Salesperson_1,Won
O-600194,2023-12-09,201,POS Terminal,Hardware,18,4320,GBP,UK,Salesperson_2,Won
O-600195,2023-08-03,101,CRM Pro,Software,13,14157,EUR,Europe,Salesperson_4,Won
O-600196,2023-07-04,102,Analytics Suite,Software,4,1405600,PKR,Pakistan,Salesperson_3,Won
O-600197,2024-03-02,102,Analytics Suite,Software,7,2322600,PKR,Pakistan,Salesperson_5,Won
O-600198,2023-03-11,102,Analytics Suite,Software,19,16226,GBP,UK,Salesperson_4,Won
O-600199,2024-08-21,102,Analytics Suite,Software,9,1655100,JPY,Japan,Salesperson_2,Won
O-600200,2024-08-10,101,CRM Pro,Software,8,7304,USD,North America,Salesperson_5,Won
O-600201,2024-06-04,102,Analytics Suite,Software,20,6832000,PKR,Pakistan,Salesperson_1,Won
O-600202,2024-11-10,101,CRM Pro,Software,7,10388,USD,North America,Salesperson_1,Won
O-600203,2023-06-12,101,CRM Pro,Software,13,9100,GBP,UK,Salesperson_3,Won
O-600204,2023-05-01,101,CRM Pro,Software,9,4533480,PKR,Pakistan,Salesperson_7,Won
O-600205,2023-06-28,201,POS Terminal,Hardware,6,4248,USD,North America,Salesperson_4,Won
O-600206,2023-06-30,201,POS Terminal,Hardware,20,8943200,PKR,Pakistan,Salesperson_8,Won
O-600207,2023-05-30,102,Analytics Suite,Software,11,4040960,PKR,Pakistan,Salesperson_3,Won
O-600208,2024-09-13,102,Analytics Suite,Software,8,11944,USD,North America,Salesperson_5,Won
O-600209,2023-11-26,101,CRM Pro,Software,19,20520,GBP,UK,Salesperson_6,Won
O-600210,2023-10-11,201,POS Terminal,Hardware,10,2254500,JPY,Japan,Salesperson_2,Won
O-600211,2024-12-29,101,CRM Pro,Software,5,3605,USD,North America,Salesperson_4,Won
O-600212,2024-08-20,101,CRM Pro,Software,9,5544,USD,North America,Salesperson_9,Won
O-600213,2024-12-28,102,Analytics Suite,Software,14,2171400,JPY,Japan,Salesperson_9,Won
O-600214,2024-06-09,101,CRM Pro,Software,4,1676640,PKR,Pakistan,Salesperson_6,Won
O-600215,2023-11-29,101,CRM Pro,Software,6,2658,GBP,UK,Salesperson_5,Won
O-600216,2024-08-22,101,CRM Pro,Software,8,3124800,PKR,Pakistan,Salesperson_8,Won
O-600217,2023-07-26,102,Analytics Suite,Software,4,2364,USD,North America,Salesperson_2,Won
O-600218,2023-11-07,201,POS Terminal,Hardware,14,2990400,JPY,Japan,Salesperson_8,Won
O-600219,2024-01-23,201,POS Terminal,Hardware,14,5530,GBP,UK,Salesperson_9,Won
O-600220,2024-08-07,101,CRM Pro,Software,14,2772,GBP,UK,Salesperson_5,Won
O-600221,2024-07-04,201,POS Terminal,Hardware,19,1131450,JPY,Japan,Salesperson_5,Won
O-600222,2024-06-13,101,CRM Pro,Software,13,2685150,JPY,Japan,Salesperson_3,Won
O-600223,2023-11-10,201,POS Terminal,Hardware,15,5805,GBP,UK,Salesperson_9,Won
O-600224,2023-10-25,201,POS Terminal,Hardware,11,4224,GBP,UK,Salesperson_5,Won
O-600225,2023-12-05,201,POS Terminal,Hardware,18,24606,EUR,Europe,Salesperson_9,Won
O-600226,2023-08-27,102,Analytics Suite,Software,1,816,USD,North America,Salesperson_9,Won
O-600227,2024-08-04,101,CRM Pro,Software,16,6480,USD,North America,Salesperson_5,Won
O-600228,2023-04-10,102,Analytics Suite,Software,10,13840,EUR,Europe,Salesperson_3,Won
O-600229,2023-03-18,101,CRM Pro,Software,3,490560,PKR,Pakistan,Salesperson_7,Won
O-600230,2024-06-07,101,CRM Pro,Software,9,2016,USD,North America,Salesperson_5,Won
O-600231,2024-05-30,102,Analytics Suite,Software,19,9576,GBP,UK,Salesperson_1,Won
O-600232,2024-12-16,101,CRM Pro,Software,11,17875,USD,North America,Salesperson_1,Won
O-600233,2024-06-20,101,CRM Pro,Software,12,17724,GBP,UK,Salesperson_6,Won
O-600234,2024-08-19,101,CRM Pro,Software,11,457050,JPY,Japan,Salesperson_7,Won
O-600235,2023-07-08,101,CRM Pro,Software,14,7698880,PKR,Pakistan,Salesperson_1,Won
O-600236,2024-04-12,102,Analytics Suite,Software,14,9520,GBP,UK,Salesperson_2,Won
O-600237,2023-01-30,102,Analytics Suite,Software,18,22104,USD,North America,Salesperson_2,Won
O-600238,2024-07-03,101,CRM Pro,Software,15,23025,GBP,UK,Salesperson_2,Won
O-600239,2024-01-11,101,CRM Pro,Software,20,8400,EUR,Europe,Salesperson_5,Won
O-600240,2024-01-30,101,CRM Pro,Software,15,13695,USD,North America,Salesperson_6,Won
O-600241,2023-07-28,102,Analytics Suite,Software,5,9760,USD,North America,Salesperson_1,Won
O-600242,2023-04-08,101,CRM Pro,Software,8,670800,JPY,Japan,Salesperson_5,Won
O-600243,2024-06-09,201,POS Terminal,Hardware,17,12801,USD,North America,Salesperson_9,Won
O-600244,2024-09-28,201,POS Terminal,Hardware,10,621600,PKR,Pakistan,Salesperson_5,Won
O-600245,2023-02-28,102,Analytics Suite,Software,18,16758,EUR,Europe,Salesperson_8,Won
O-600246,2023-08-28,201,POS Terminal,Hardware,5,920250,JPY,Japan,Salesperson_5,Won
O-600247,2023-03-27,201,POS Terminal,Hardware,16,933600,JPY,Japan,Salesperson_4,Won
O-600248,2024-03-18,201,POS Terminal,Hardware,1,85500,JPY,Japan,Salesperson_6,Won
O-600249,2023-12-25,101,CRM Pro,Software,10,18100,USD,North America,Salesperson_1,Won
O-600250,2024-08-22,201,POS Terminal,Hardware,5,361200,PKR,Pakistan,Salesperson_1,Won
O-600251,2023-07-09,101,CRM Pro,Software,10,13440,EUR,Europe,Salesperson_9,Won
O-600252,2023-10-20,201,POS Terminal,Hardware,3,929040,PKR,Pakistan,Salesperson_2,Won
O-600253,2024-09-06,102,Analytics Suite,Software,8,4536,GBP,UK,Salesperson_6,Won
O-600254,2023-11-23,102,Analytics Suite,Software,6,2345280,PKR,Pakistan,Salesperson_6,Won
O-600255,2023-05-02,201,POS Terminal,Hardware,5,5680,GBP,UK,Salesperson_2,Won
O-600256,2023-11-01,101,CRM Pro,Software,5,7535,USD,North America,Salesperson_1,Won
O-600257,2023-06-25,102,Analytics Suite,Software,18,24768,GBP,UK,Salesperson_4,Won
O-600258,2024-03-18,201,POS Terminal,Hardware,14,1190700,JPY,Japan,Salesperson_1,Won
O-600259,2023-01-28,102,Analytics Suite,Software,10,6790,EUR,Europe,Salesperson_6,Won
O-600260,2024-04-10,201,POS Terminal,Hardware,17,9061,EUR,Europe,Salesperson_6,Won
O-600261,2023-09-19,201,POS Terminal,Hardware,8,9864,GBP,UK,Salesperson_3,Won
O-600262,2023-01-28,101,CRM Pro,Software,7,11326,EUR,Europe,Salesperson_3,Won
O-600263,2024-04-02,102,Analytics Suite,Software,16,5953920,PKR,Pakistan,Salesperson_9,Won
O-600264,2024-07-31,102,Analytics Suite,Software,17,8364,GBP,UK,Salesperson_6,Won
O-600265,2024-01-10,201,POS Terminal,Hardware,11,14740,USD,North America,Salesperson_2,Won
O-600266,2023-06-14,201,POS Terminal,Hardware,17,18853,GBP,UK,Salesperson_9,Won
O-600267,2023-03-05,101,CRM Pro,Software,5,3865,USD,North America,Salesperson_2,Won
O-600268,2023-09-02,101,CRM Pro,Software,1,360080,PKR,Pakistan,Salesperson_4,Won
O-600269,2024-02-04,101,CRM Pro,Software,13,9698,USD,North America,Salesperson_8,Won
O-600270,2024-06-04,101,CRM Pro,Software,19,25631,USD,North America,Salesperson_1,Won
O-600271,2024-07-24,101,CRM Pro,Software,4,2832,GBP,UK,Salesperson_8,Won
O-600272,2024-09-02,101,CRM Pro,Software,16,24400,USD,North America,Salesperson_1,Won
O-600273,2023-03-31,101,CRM Pro,Software,17,6120,GBP,UK,Salesperson_2,Won
O-600274,2023-12-05,102,Analytics Suite,Software,14,27580,USD,North America,Salesperson_5,Won
O-600275,2024-03-31,201,POS Terminal,Hardware,13,7410,EUR,Europe,Salesperson_9,Won
O-600276,2023-09-04,201,POS Terminal,Hardware,18,30924,EUR,Europe,Salesperson_9,Won
O-600277,2024-07-17,102,Analytics Suite,Software,12,11616,USD,North America,Salesperson_5,Won
O-600278,2024-04-11,201,POS Terminal,Hardware,5,6480,EUR,Europe,Salesperson_9,Won
O-600279,2023-03-13,201,POS Terminal,Hardware,13,2231320,PKR,Pakistan,Salesperson_3,Won
O-600280,2024-01-01,101,CRM Pro,Software,19,10608080,PKR,Pakistan,Salesperson_9,Won
O-600281,2024-07-28,201,POS Terminal,Hardware,7,3508400,PKR,Pakistan,Salesperson_7,Won
O-600282,2024-10-08,101,CRM Pro,Software,18,9864,EUR,Europe,Salesperson_9,Won
O-600283,2023-04-17,201,POS Terminal,Hardware,17,11985,GBP,UK,Salesperson_8,Won
O-600284,2024-05-05,102,Analytics Suite,Software,17,6239,USD,North America,Salesperson_4,Won
O-600285,2023-09-23,201,POS Terminal,Hardware,9,5229,EUR,Europe,Salesperson_4,Won
O-600286,2023-07-04,101,CRM Pro,Software,12,1927800,JPY,Japan,Salesperson_5,Won
O-600287,2024-03-16,102,Analytics Suite,Software,18,1790100,JPY,Japan,Salesperson_6,Won
O-600288,2023-01-17,201,POS Terminal,Hardware,10,10770,USD,North America,Salesperson_9,Won
O-600289,2024-09-07,101,CRM Pro,Software,4,873600,PKR,Pakistan,Salesperson_9,Won
O-600290,2023-05-05,102,Analytics Suite,Software,15,492750,JPY,Japan,Salesperson_2,Won
O-600291,2024-10-11,102,Analytics Suite,Software,13,9022,GBP,UK,Salesperson_9,Won
O-600292,2023-05-19,101,CRM Pro,Software,7,2499000,PKR,Pakistan,Salesperson_2,Won
O-600293,2024-04-20,201,POS Terminal,Hardware,2,1584,EUR,Europe,Salesperson_3,Won
O-600294,2023-02-24,201,POS Terminal,Hardware,9,12744,GBP,UK,Salesperson_6,Won
O-600295,2023-01-03,101,CRM Pro,Software,10,15830,GBP,UK,Salesperson_7,Won
O-600296,2024-05-13,201,POS Terminal,Hardware,17,10557,USD,North America,Salesperson_4,Won
O-600297,2024-08-15,201,POS Terminal,Hardware,5,3355,GBP,UK,Salesperson_4,Won
O-600298,2024-01-21,102,Analytics Suite,Software,12,1711800,JPY,Japan,Salesperson_7,Won
O-600299,2023-11-19,101,CRM Pro,Software,8,6936,USD,North America,Salesperson_8,Won
O-600300,2024-07-23,201,POS Terminal,Hardware,20,11980,GBP,UK,Salesperson_8,Won
O-600301,2023-04-26,102,Analytics Suite,Software,10,1212000,JPY,Japan,Salesperson_1,Won
O-600302,2024-03-28,201,POS Terminal,Hardware,9,7677,EUR,Europe,Salesperson_9,Won
O-600303,2023-11-24,102,Analytics Suite,Software,12,16512,EUR,Europe,Salesperson_5,Won
O-600304,2023-02-22,101,CRM Pro,Software,13,15847,EUR,Europe,Salesperson_3,Won
O-600305,2024-05-26,101,CRM Pro,Software,14,9142,GBP,UK,Salesperson_6,Won
O-600306,2024-05-17,101,CRM Pro,Software,6,10620,USD,North America,Salesperson_2,Won
O-600307,2023-01-29,201,POS Terminal,Hardware,3,887040,PKR,Pakistan,Salesperson_1,Won
O-600308,2023-04-03,101,CRM Pro,Software,9,1149120,PKR,Pakistan,Salesperson_8,Won
O-600309,2024-09-29,102,Analytics Suite,Software,11,6534,EUR,Europe,Salesperson_7,Won
O-600310,2024-02-28,201,POS Terminal,Hardware,4,744,GBP,UK,Salesperson_1,Won
O-600311,2024-05-09,102,Analytics Suite,Software,14,1226960,PKR,Pakistan,Salesperson_2,Won
O-600312,2023-12-01,102,Analytics Suite,Software,13,2683200,JPY,Japan,Salesperson_4,Won
O-600313,2024-12-10,201,POS Terminal,Hardware,10,12160,GBP,UK,Salesperson_9,Won
O-600314,2023-06-03,201,POS Terminal,Hardware,14,6217120,PKR,Pakistan,Salesperson_3,Won
O-600315,2024-10-10,101,CRM Pro,Software,10,10640,EUR,Europe,Salesperson_1,Won
O-600316,2023-08-14,101,CRM Pro,Software,8,930000,JPY,Japan,Salesperson_1,Won
O-600317,2024-02-10,101,CRM Pro,Software,2,878640,PKR,Pakistan,Salesperson_1,Won
O-600318,2023-01-15,201,POS Terminal,Hardware,17,25959,USD,North America,Salesperson_9,Won
O-600319,2023-01-06,201,POS Terminal,Hardware,5,970,GBP,UK,Salesperson_7,Won
O-600320,2023-10-16,201,POS Terminal,Hardware,11,481800,JPY,Japan,Salesperson_3,Won
O-600321,2024-12-10,102,Analytics Suite,Software,1,1393,USD,North America,Salesperson_9,Won
O-600322,2023-06-22,101,CRM Pro,Software,5,3695,GBP,UK,Salesperson_9,Won
O-600323,2024-05-13,102,Analytics Suite,Software,8,11856,USD,North America,Salesperson_7,Won
O-600324,2023-09-12,102,Analytics Suite,Software,20,4875000,JPY,Japan,Salesperson_9,Won
O-600325,2024-05-16,102,Analytics Suite,Software,18,8838,USD,North America,Salesperson_9,Won
O-600326,2024-07-03,102,Analytics Suite,Software,14,5515440,PKR,Pakistan,Salesperson_2,Won
O-600327,2023-10-22,201,POS Terminal,Hardware,12,17544,GBP,UK,Salesperson_7,Won
O-600328,2023-02-01,201,POS Terminal,Hardware,12,10596,EUR,Europe,Salesperson_2,Won
O-600329,2024-01-28,102,Analytics Suite,Software,1,1072,GBP,UK,Salesperson_5,Won
O-600330,2023-09-26,101,CRM Pro,Software,9,13995,EUR,Europe,Salesperson_1,Won
O-600331,2023-12-30,102,Analytics Suite,Software,2,2202,GBP,UK,Salesperson_6,Won
O-600332,2024-01-16,201,POS Terminal,Hardware,7,12607,EUR,Europe,Salesperson_6,Won
O-600333,2024-01-07,102,Analytics Suite,Software,16,2066400,JPY,Japan,Salesperson_6,Won
O-600334,2023-08-05,201,POS Terminal,Hardware,10,9540,EUR,Europe,Salesperson_4,Won
O-600335,2023-09-17,102,Analytics Suite,Software,2,246400,PKR,Pakistan,Salesperson_2,Won
O-600336,2023-04-04,101,CRM Pro,Software,15,8005200,PKR,Pakistan,Salesperson_4,Won
O-600337,2024-06-13,102,Analytics Suite,Software,19,35891,EUR,Europe,Salesperson_7,Won
O-600338,2023-01-31,102,Analytics Suite,Software,12,16056,USD,North America,Salesperson_3,Won
O-600339,2024-01-17,101,CRM Pro,Software,2,857920,PKR,Pakistan,Salesperson_9,Won
O-600340,2023-12-03,101,CRM Pro,Software,3,1431360,PKR,Pakistan,Salesperson_4,Won
O-600341,2024-08-13,101,CRM Pro,Software,11,7975,EUR,Europe,Salesperson_5,Won
O-600342,2023-07-02,102,Analytics Suite,Software,10,9080,GBP,UK,Salesperson_4,Won
O-600343,2023-03-09,102,Analytics Suite,Software,13,20150,EUR,Europe,Salesperson_8,Won
O-600344,2024-06-18,201,POS Terminal,Hardware,19,8666280,PKR,Pakistan,Salesperson_8,Won
O-600345,2023-11-06,201,POS Terminal,Hardware,1,159600,PKR,Pakistan,Salesperson_2,Won
O-600346,2023-01-02,102,Analytics Suite,Software,1,422800,PKR,Pakistan,Salesperson_2,Won
O-600347,2023-04-25,102,Analytics Suite,Software,2,165000,JPY,Japan,Salesperson_4,Won
O-600348,2024-11-20,201,POS Terminal,Hardware,11,2833050,JPY,Japan,Salesperson_6,Won
O-600349,2023-05-11,101,CRM Pro,Software,20,5244000,JPY,Japan,Salesperson_6,Won
O-600350,2023-02-15,201,POS Terminal,Hardware,2,1834,USD,North America,Salesperson_1,Won
O-600351,2024-01-28,101,CRM Pro,Software,9,4901400,PKR,Pakistan,Salesperson_5,Won
O-600352,2023-04-17,101,CRM Pro,Software,20,6333600,PKR,Pakistan,Salesperson_3,Won
O-600353,2023-07-16,201,POS Terminal,Hardware,9,1777950,JPY,Japan,Salesperson_1,Won
O-600354,2023-11-30,102,Analytics Suite,Software,18,6480,USD,North America,Salesperson_5,Won
O-600355,2024-08-10,102,Analytics Suite,Software,18,3396960,PKR,Pakistan,Salesperson_9,Won
O-600356,2024-06-17,102,Analytics Suite,Software,14,7882,GBP,UK,Salesperson_1,Won
O-600357,2023-01-05,201,POS Terminal,Hardware,5,6355,EUR,Europe,Salesperson_1,Won
O-600358,2023-01-07,101,CRM Pro,Software,15,22890,EUR,Europe,Salesperson_9,Won
O-600359,2024-02-21,201,POS Terminal,Hardware,13,3385200,PKR,Pakistan,Salesperson_4,Won
O-600360,2023-12-07,102,Analytics Suite,Software,8,381600,JPY,Japan,Salesperson_1,Won
O-600361,2024-12-22,201,POS Terminal,Hardware,8,1183200,JPY,Japan,Salesperson_5,Won
O-600362,2023-07-25,201,POS Terminal,Hardware,2,2224,GBP,UK,Salesperson_7,Won
O-600363,2023-09-28,102,Analytics Suite,Software,16,25136,USD,North America,Salesperson_2,Won
O-600364,2023-06-03,101,CRM Pro,Software,14,18158,GBP,UK,Salesperson_8,Won
O-600365,2023-02-12,101,CRM Pro,Software,9,11619,EUR,Europe,Salesperson_3,Won
O-600366,2024-09-18,102,Analytics Suite,Software,19,29602,EUR,Europe,Salesperson_5,Won
O-600367,2024-03-29,101,CRM Pro,Software,15,7148400,PKR,Pakistan,Salesperson_8,Won
O-600368,2023-05-21,201,POS Terminal,Hardware,15,19260,USD,North America,Salesperson_2,Won
O-600369,2024-12-15,201,POS Terminal,Hardware,2,255000,JPY,Japan,Salesperson_8,Won
O-600370,2023-06-29,102,Analytics Suite,Software,5,9995,USD,North America,Salesperson_4,Won
O-600371,2024-06-04,101,CRM Pro,Software,7,514500,JPY,Japan,Salesperson_9,Won
O-600372,2023-07-18,101,CRM Pro,Software,6,4944,GBP,UK,Salesperson_8,Won
O-600373,2024-11-15,102,Analytics Suite,Software,3,175050,JPY,Japan,Salesperson_1,Won
O-600374,2023-02-09,201,POS Terminal,Hardware,13,14937,GBP,UK,Salesperson_9,Won
O-600375,2023-04-06,101,CRM Pro,Software,3,565650,JPY,Japan,Salesperson_7,Won
O-600376,2024-07-13,102,Analytics Suite,Software,14,932960,PKR,Pakistan,Salesperson_3,Won
O-600377,2024-04-02,102,Analytics Suite,Software,5,584250,JPY,Japan,Salesperson_4,Won
O-600378,2023-12-20,102,Analytics Suite,Software,11,6853,EUR,Europe,Salesperson_7,Won
O-600379,2023-09-15,101,CRM Pro,Software,13,19864,GBP,UK,Salesperson_4,Won
O-600380,2024-02-09,201,POS Terminal,Hardware,9,15372,USD,North America,Salesperson_1,Won
O-600381,2024-09-26,201,POS Terminal,Hardware,7,5271,EUR,Europe,Salesperson_1,Won
O-600382,2023-07-02,101,CRM Pro,Software,2,3294,EUR,Europe,Salesperson_2,Won
O-600383,2024-12-08,201,POS Terminal,Hardware,19,27664,GBP,UK,Salesperson_5,Won
O-600384,2024-10-05,101,CRM Pro,Software,3,3381,GBP,UK,Salesperson_3,Won
O-600385,2023-06-30,101,CRM Pro,Software,20,19660,EUR,Europe,Salesperson_2,Won
O-600386,2024-07-23,102,Analytics Suite,Software,20,18960,GBP,UK,Salesperson_3,Won
O-600387,2024-05-13,101,CRM Pro,Software,18,26514,GBP,UK,Salesperson_3,Won
O-600388,2024-11-10,102,Analytics Suite,Software,3,495450,JPY,Japan,Salesperson_8,Won
O-600389,2024-05-10,201,POS Terminal,Hardware,12,2657760,PKR,Pakistan,Salesperson_8,Won
O-600390,2024-08-01,102,Analytics Suite,Software,11,394350,JPY,Japan,Salesperson_6,Won
O-600391,2024-01-07,101,CRM Pro,Software,8,7776,EUR,Europe,Salesperson_4,Won
O-600392,2024-09-28,201,POS Terminal,Hardware,3,3540,USD,North America,Salesperson_2,Won
O-600393,2024-01-17,102,Analytics Suite,Software,3,5946,USD,North America,Salesperson_6,Won
O-600394,2023-04-01,201,POS Terminal,Hardware,11,13387,GBP,UK,Salesperson_8,Won
O-600395,2024-12-05,101,CRM Pro,Software,11,5168240,PKR,Pakistan,Salesperson_1,Won
O-600396,2023-08-01,101,CRM Pro,Software,9,15111,EUR,Europe,Salesperson_7,Won
O-600397,2023-08-12,201,POS Terminal,Hardware,6,3144,USD,North America,Salesperson_1,Won
O-600398,2024-04-28,201,POS Terminal,Hardware,8,7856,EUR,Europe,Salesperson_7,Won
O-600399,2024-04-04,101,CRM Pro,Software,12,12696,EUR,Europe,Salesperson_4,Won
O-600400,2023-02-18,102,Analytics Suite,Software,10,1304800,PKR,Pakistan,Salesperson_6,Won
O-600401,2023-07-03,201,POS Terminal,Hardware,5,747750,JPY,Japan,Salesperson_4,Won
O-600402,2023-01-11,102,Analytics Suite,Software,4,684,GBP,UK,Salesperson_3,Won
O-600403,2023-10-17,101,CRM Pro,Software,20,1437000,JPY,Japan,Salesperson_7,Won
O-600404,2023-11-25,101,CRM Pro,Software,17,7477960,PKR,Pakistan,Salesperson_9,Won
O-600405,2023-04-15,102,Analytics Suite,Software,10,4782400,PKR,Pakistan,Salesperson_3,Won
O-600406,2023-10-01,102,Analytics Suite,Software,10,14760,USD,North America,Salesperson_7,Won
O-600407,2023-09-05,201,POS Terminal,Hardware,8,9920,GBP,UK,Salesperson_8,Won
O-600408,2023-11-24,101,CRM Pro,Software,3,2760,EUR,Europe,Salesperson_5,Won
O-600409,2024-04-13,201,POS Terminal,Hardware,11,16500,GBP,UK,Salesperson_3,Won
O-600410,2023-03-27,102,Analytics Suite,Software,3,613350,JPY,Japan,Salesperson_7,Won
O-600411,2023-05-17,101,CRM Pro,Software,5,2580,USD,North America,Salesperson_2,Won
O-600412,2024-11-17,102,Analytics Suite,Software,19,23218,EUR,Europe,Salesperson_3,Won
O-600413,2024-10-28,101,CRM Pro,Software,4,6980,EUR,Europe,Salesperson_4,Won
O-600414,2023-08-26,201,POS Terminal,Hardware,12,4734240,PKR,Pakistan,Salesperson_1,Won
O-600415,2023-10-19,101,CRM Pro,Software,13,23088,USD,North America,Salesperson_4,Won
O-600416,2023-01-05,201,POS Terminal,Hardware,6,3750,GBP,UK,Salesperson_3,Won
O-600417,2024-10-27,102,Analytics Suite,Software,8,12664,GBP,UK,Salesperson_3,Won
O-600418,2023-03-01,102,Analytics Suite,Software,18,27360,GBP,UK,Salesperson_4,Won
O-600419,2024-04-09,201,POS Terminal,Hardware,8,5832,USD,North America,Salesperson_6,Won
O-600420,2023-12-04,102,Analytics Suite,Software,15,3264750,JPY,Japan,Salesperson_3,Won
O-600421,2024-06-08,101,CRM Pro,Software,8,2195200,PKR,Pakistan,Salesperson_5,Won
O-600422,2024-09-19,101,CRM Pro,Software,15,8316000,PKR,Pakistan,Salesperson_7,Won
O-600423,2024-12-08,201,POS Terminal,Hardware,3,4308,GBP,UK,Salesperson_8,Won
O-600424,2023-04-15,101,CRM Pro,Software,8,1048320,PKR,Pakistan,Salesperson_7,Won
O-600425,2023-07-14,101,CRM Pro,Software,15,22170,GBP,UK,Salesperson_4,Won
O-600426,2023-08-25,102,Analytics Suite,Software,17,7411320,PKR,Pakistan,Salesperson_6,Won
O-600427,2024-03-10,101,CRM Pro,Software,8,12376,USD,North America,Salesperson_1,Won
O-600428,2024-12-22,102,Analytics Suite,Software,17,6052,GBP,UK,Salesperson_7,Won
O-600429,2024-11-25,201,POS Terminal,Hardware,17,7587440,PKR,Pakistan,Salesperson_5,Won
O-600430,2023-10-20,102,Analytics Suite,Software,3,849150,JPY,Japan,Salesperson_8,Won
O-600431,2024-04-22,201,POS Terminal,Hardware,7,336000,JPY,Japan,Salesperson_5,Won
O-600432,2023-01-25,201,POS Terminal,Hardware,16,22368,GBP,UK,Salesperson_5,Won
O-600433,2024-05-02,102,Analytics Suite,Software,10,5050,GBP,UK,Salesperson_7,Won
O-600434,2024-06-16,201,POS Terminal,Hardware,13,4732000,PKR,Pakistan,Salesperson_5,Won
O-600435,2023-01-13,201,POS Terminal,Hardware,8,11816,GBP,UK,Salesperson_8,Won
O-600436,2023-11-02,201,POS Terminal,Hardware,14,1934100,JPY,Japan,Salesperson_8,Won
O-600437,2024-10-08,101,CRM Pro,Software,13,13182,USD,North America,Salesperson_4,Won
O-600438,2024-06-21,102,Analytics Suite,Software,11,6534,GBP,UK,Salesperson_3,Won
O-600439,2023-02-09,102,Analytics Suite,Software,8,9600,GBP,UK,Salesperson_2,Won
O-600440,2024-03-31,201,POS Terminal,Hardware,5,1965,USD,North America,Salesperson_2,Won
O-600441,2024-11-22,101,CRM Pro,Software,2,1146,USD,North America,Salesperson_3,Won
O-600442,2024-04-30,102,Analytics Suite,Software,18,5184,USD,North America,Salesperson_5,Won
O-600443,2023-09-17,102,Analytics Suite,Software,9,11871,GBP,UK,Salesperson_3,Won
O-600444,2024-10-27,102,Analytics Suite,Software,11,20185,EUR,Europe,Salesperson_4,Won
O-600445,2023-10-24,102,Analytics Suite,Software,18,9648,USD,North America,Salesperson_5,Won
O-600446,2023-04-13,102,Analytics Suite,Software,2,441000,JPY,Japan,Salesperson_9,Won
O-600447,2023-07-03,101,CRM Pro,Software,13,12519,USD,North America,Salesperson_9,Won
O-600448,2023-02-12,201,POS Terminal,Hardware,10,2086000,PKR,Pakistan,Salesperson_8,Won
O-600449,2024-10-24,102,Analytics Suite,Software,6,1272,GBP,UK,Salesperson_6,Won
O-600450,2023-05-12,102,Analytics Suite,Software,20,5580,EUR,Europe,Salesperson_3,Won
O-600451,2023-08-23,101,CRM Pro,Software,16,4352,GBP,UK,Salesperson_6,Won
O-600452,2023-03-19,101,CRM Pro,Software,9,11934,USD,North America,Salesperson_3,Won
O-600453,2023-07-06,101,CRM Pro,Software,20,17920,GBP,UK,Salesperson_1,Won
O-600454,2023-07-30,201,POS Terminal,Hardware,6,1260,GBP,UK,Salesperson_8,Won
O-600455,2024-02-25,101,CRM Pro,Software,10,15220,USD,North America,Salesperson_9,Won
O-600456,2023-10-21,101,CRM Pro,Software,7,5922,GBP,UK,Salesperson_7,Won
O-600457,2023-04-11,101,CRM Pro,Software,2,2720,GBP,UK,Salesperson_8,Won
O-600458,2023-04-22,201,POS Terminal,Hardware,8,11680,GBP,UK,Salesperson_8,Won
O-600459,2024-11-12,201,POS Terminal,Hardware,3,636,EUR,Europe,Salesperson_3,Won
O-600460,2023-03-01,201,POS Terminal,Hardware,9,11331,USD,North America,Salesperson_7,Won
O-600461,2024-01-26,201,POS Terminal,Hardware,19,23427,EUR,Europe,Salesperson_6,Won
O-600462,2023-08-20,102,Analytics Suite,Software,9,3060,EUR,Europe,Salesperson_3,Won
O-600463,2023-04-15,101,CRM Pro,Software,17,18513,USD,North America,Salesperson_9,Won
O-600464,2024-08-16,101,CRM Pro,Software,13,2833350,JPY,Japan,Salesperson_8,Won
O-600465,2024-12-10,201,POS Terminal,Hardware,12,826200,JPY,Japan,Salesperson_9,Won
O-600466,2023-01-26,102,Analytics Suite,Software,12,3306600,JPY,Japan,Salesperson_3,Won
O-600467,2023-04-25,201,POS Terminal,Hardware,1,1309,USD,North America,Salesperson_9,Won
O-600468,2024-03-19,102,Analytics Suite,Software,18,27666,GBP,UK,Salesperson_7,Won
O-600469,2023-02-11,101,CRM Pro,Software,19,1245450,JPY,Japan,Salesperson_5,Won
O-600470,2024-06-19,201,POS Terminal,Hardware,19,3841800,JPY,Japan,Salesperson_7,Won
O-600471,2024-02-05,201,POS Terminal,Hardware,18,34200,EUR,Europe,Salesperson_2,Won
O-600472,2023-07-31,102,Analytics Suite,Software,3,562050,JPY,Japan,Salesperson_6,Won
O-600473,2023-04-24,101,CRM Pro,Software,15,3810,GBP,UK,Salesperson_7,Won
O-600474,2023-12-26,102,Analytics Suite,Software,19,1023150,JPY,Japan,Salesperson_4,Won
O-600475,2023-05-28,102,Analytics Suite,Software,15,10125,USD,North America,Salesperson_6,Won
O-600476,2024-05-21,102,Analytics Suite,Software,5,3890,GBP,UK,Salesperson_5,Won
O-600477,2023-12-05,201,POS Terminal,Hardware,15,7725,EUR,Europe,Salesperson_4,Won
O-600478,2023-02-18,101,CRM Pro,Software,16,3344,USD,North America,Salesperson_4,Won
O-600479,2024-08-09,201,POS Terminal,Hardware,5,4240,EUR,Europe,Salesperson_5,Won
O-600480,2024-08-17,201,POS Terminal,Hardware,7,13279,EUR,Europe,Salesperson_7,Won
O-600481,2023-06-25,101,CRM Pro,Software,20,34560,USD,North America,Salesperson_8,Won
O-600482,2023-08-06,201,POS Terminal,Hardware,2,377400,JPY,Japan,Salesperson_4,Won
O-600483,2024-09-04,101,CRM Pro,Software,20,5118000,JPY,Japan,Salesperson_1,Won
O-600484,2023-06-25,201,POS Terminal,Hardware,20,15100,EUR,Europe,Salesperson_9,Won
O-600485,2024-12-23,201,POS Terminal,Hardware,19,11628,GBP,UK,Salesperson_8,Won
O-600486,2023-01-06,102,Analytics Suite,Software,13,1189500,JPY,Japan,Salesperson_2,Won
O-600487,2024-11-19,102,Analytics Suite,Software,15,16965,USD,North America,Salesperson_5,Won
O-600488,2024-07-05,101,CRM Pro,Software,3,2739,EUR,Europe,Salesperson_2,Won
O-600489,2023-03-12,101,CRM Pro,Software,3,5313,USD,North America,Salesperson_2,Won
O-600490,2023-01-19,101,CRM Pro,Software,4,4696,GBP,UK,Salesperson_8,Won
O-600491,2024-02-12,101,CRM Pro,Software,11,15070,USD,North America,Salesperson_6,Won
O-600492,2024-05-20,102,Analytics Suite,Software,1,507,EUR,Europe,Salesperson_1,Won
O-600493,2024-12-25,101,CRM Pro,Software,17,6188,EUR,Europe,Salesperson_8,Won
O-600494,2023-12-12,201,POS Terminal,Hardware,4,1034880,PKR,Pakistan,Salesperson_5,Won
O-600495,2024-10-18,102,Analytics Suite,Software,19,5974360,PKR,Pakistan,Salesperson_8,Won
O-600496,2024-01-17,101,CRM Pro,Software,14,18354,USD,North America,Salesperson_9,Won
O-600497,2023-01-24,102,Analytics Suite,Software,6,1006200,JPY,Japan,Salesperson_5,Won
O-600498,2024-08-21,102,Analytics Suite,Software,9,7920,GBP,UK,Salesperson_1,Won
O-600499,2024-01-04,201,POS Terminal,Hardware,2,703360,PKR,Pakistan,Salesperson_1,Won
O-600500,2024-08-01,102,Analytics Suite,Software,17,1086300,JPY,Japan,Salesperson_1,Won
O-600501,2024-08-10,102,Analytics Suite,Software,3,789300,JPY,Japan,Salesperson_1,Won
O-600502,2023-05-10,101,CRM Pro,Software,3,4596,GBP,UK,Salesperson_9,Won
O-600503,2023-01-08,102,Analytics Suite,Software,4,508200,JPY,Japan,Salesperson_6,Won
O-600504,2024-10-28,102,Analytics Suite,Software,10,1768500,JPY,Japan,Salesperson_9,Won
O-600505,2023-12-10,101,CRM Pro,Software,17,28033,USD,North America,Salesperson_7,Won
O-600506,2024-03-14,102,Analytics Suite,Software,7,891450,JPY,Japan,Salesperson_7,Won
O-600507,2024-03-25,201,POS Terminal,Hardware,15,2633400,PKR,Pakistan,Salesperson_4,Won
O-600508,2023-07-02,201,POS Terminal,Hardware,9,4302,USD,North America,Salesperson_8,Won
O-600509,2024-02-25,101,CRM Pro,Software,17,20247,EUR,Europe,Salesperson_9,Won
O-600510,2024-11-14,102,Analytics Suite,Software,8,1344,GBP,UK,Salesperson_8,Won
O-600511,2024-09-15,101,CRM Pro,Software,10,12400,GBP,UK,Salesperson_4,Won
O-600512,2023-05-01,201,POS Terminal,Hardware,15,11580,EUR,Europe,Salesperson_2,Won
O-600513,2024-03-22,201,POS Terminal,Hardware,2,856800,PKR,Pakistan,Salesperson_2,Won
O-600514,2023-08-12,101,CRM Pro,Software,4,414600,JPY,Japan,Salesperson_1,Won
O-600515,2023-02-22,102,Analytics Suite,Software,3,517440,PKR,Pakistan,Salesperson_1,Won
O-600516,2024-02-17,201,POS Terminal,Hardware,2,577500,JPY,Japan,Salesperson_6,Won
O-600517,2023-02-16,101,CRM Pro,Software,12,8844,USD,North America,Salesperson_3,Won
O-600518,2023-12-20,201,POS Terminal,Hardware,8,636160,PKR,Pakistan,Salesperson_7,Won
O-600519,2023-12-12,201,POS Terminal,Hardware,3,795,GBP,UK,Salesperson_4,Won
O-600520,2023-12-25,101,CRM Pro,Software,4,7068,EUR,Europe,Salesperson_4,Won
O-600521,2023-11-30,102,Analytics Suite,Software,10,2631000,JPY,Japan,Salesperson_9,Won
O-600522,2024-08-22,201,POS Terminal,Hardware,8,2380800,JPY,Japan,Salesperson_4,Won
O-600523,2024-06-10,102,Analytics Suite,Software,11,3685,GBP,UK,Salesperson_8,Won
O-600524,2023-07-08,101,CRM Pro,Software,16,1216800,JPY,Japan,Salesperson_8,Won
O-600525,2023-12-23,201,POS Terminal,Hardware,11,8987,USD,North America,Salesperson_9,Won
O-600526,2023-06-20,102,Analytics Suite,Software,1,515,USD,North America,Salesperson_4,Won
O-600527,2024-01-30,201,POS Terminal,Hardware,14,6132,EUR,Europe,Salesperson_6,Won
O-600528,2024-08-16,101,CRM Pro,Software,7,7315,GBP,UK,Salesperson_6,Won
O-600529,2023-04-22,102,Analytics Suite,Software,20,1734000,JPY,Japan,Salesperson_9,Won
O-600530,2024-12-20,201,POS Terminal,Hardware,16,2508000,JPY,Japan,Salesperson_5,Won
O-600531,2024-10-30,102,Analytics Suite,Software,9,12429,USD,North America,Salesperson_2,Won
O-600532,2023-12-26,101,CRM Pro,Software,10,16420,USD,North America,Salesperson_8,Won
O-600533,2023-06-15,201,POS Terminal,Hardware,18,27882,EUR,Europe,Salesperson_3,Won
O-600534,2024-03-22,101,CRM Pro,Software,1,214760,PKR,Pakistan,Salesperson_3,Won
O-600535,2024-12-26,201,POS Terminal,Hardware,20,36520,EUR,Europe,Salesperson_5,Won
O-600536,2023-04-05,102,Analytics Suite,Software,19,31521,EUR,Europe,Salesperson_3,Won
O-600537,2023-08-12,201,POS Terminal,Hardware,18,4139100,JPY,Japan,Salesperson_9,Won
O-600538,2023-07-22,201,POS Terminal,Hardware,6,2856,GBP,UK,Salesperson_7,Won
O-600539,2023-07-20,102,Analytics Suite,Software,5,6390,EUR,Europe,Salesperson_3,Won
O-600540,2024-12-03,102,Analytics Suite,Software,5,1150,EUR,Europe,Salesperson_9,Won
O-600541,2023-10-16,201,POS Terminal,Hardware,20,26980,EUR,Europe,Salesperson_4,Won
O-600542,2024-12-13,101,CRM Pro,Software,6,7590,GBP,UK,Salesperson_4,Won
O-600543,2023-05-27,102,Analytics Suite,Software,13,10933,USD,North America,Salesperson_4,Won
O-600544,2024-09-21,101,CRM Pro,Software,8,2705920,PKR,Pakistan,Salesperson_6,Won
O-600545,2023-06-28,201,POS Terminal,Hardware,7,2622480,PKR,Pakistan,Salesperson_2,Won
O-600546,2023-01-29,101,CRM Pro,Software,9,1540350,JPY,Japan,Salesperson_3,Won
O-600547,2024-04-16,102,Analytics Suite,Software,14,22694,EUR,Europe,Salesperson_2,Won
O-600548,2023-01-23,201,POS Terminal,Hardware,6,816300,JPY,Japan,Salesperson_9,Won
O-600549,2024-03-13,201,POS Terminal,Hardware,6,2034,GBP,UK,Salesperson_4,Won
O-600550,2023-08-31,102,Analytics Suite,Software,12,11484,USD,North America,Salesperson_3,Won
O-600551,2023-12-30,102,Analytics Suite,Software,9,2367,EUR,Europe,Salesperson_9,Won
O-600552,2024-12-02,102,Analytics Suite,Software,11,4444,GBP,UK,Salesperson_4,Won
O-600553,2024-01-11,201,POS Terminal,Hardware,17,622200,JPY,Japan,Salesperson_2,Won
O-600554,2024-11-09,102,Analytics Suite,Software,13,620100,JPY,Japan,Salesperson_9,Won
O-600555,2024-04-06,102,Analytics Suite,Software,14,3724000,PKR,Pakistan,Salesperson_9,Won
O-600556,2023-02-01,201,POS Terminal,Hardware,18,4968000,JPY,Japan,Salesperson_3,Won
O-600557,2023-02-12,102,Analytics Suite,Software,19,25745,USD,North America,Salesperson_3,Won
O-600558,2023-06-13,101,CRM Pro,Software,6,515700,JPY,Japan,Salesperson_9,Won
O-600559,2024-06-19,101,CRM Pro,Software,8,5288,EUR,Europe,Salesperson_2,Won
O-600560,2024-05-13,102,Analytics Suite,Software,20,26860,EUR,Europe,Salesperson_7,Won
O-600561,2024-06-16,201,POS Terminal,Hardware,18,10170,USD,North America,Salesperson_2,Won
O-600562,2023-12-24,101,CRM Pro,Software,8,3301760,PKR,Pakistan,Salesperson_6,Won
O-600563,2024-11-23,101,CRM Pro,Software,6,4488,USD,North America,Salesperson_4,Won
O-600564,2024-01-25,101,CRM Pro,Software,11,16368,GBP,UK,Salesperson_1,Won
O-600565,2023-10-03,201,POS Terminal,Hardware,1,489,EUR,Europe,Salesperson_8,Won
O-600566,2024-01-16,101,CRM Pro,Software,16,3633600,JPY,Japan,Salesperson_9,Won
O-600567,2023-09-04,101,CRM Pro,Software,18,6743520,PKR,Pakistan,Salesperson_4,Won
O-600568,2024-09-27,201,POS Terminal,Hardware,17,26588,USD,North America,Salesperson_8,Won
O-600569,2023-06-12,102,Analytics Suite,Software,9,706050,JPY,Japan,Salesperson_4,Won
O-600570,2023-09-20,101,CRM Pro,Software,10,2209200,PKR,Pakistan,Salesperson_2,Won
O-600571,2023-03-25,101,CRM Pro,Software,10,4107600,PKR,Pakistan,Salesperson_1,Won
O-600572,2023-11-12,102,Analytics Suite,Software,1,533400,PKR,Pakistan,Salesperson_5,Won
O-600573,2023-01-03,102,Analytics Suite,Software,13,462150,JPY,Japan,Salesperson_3,Won
O-600574,2024-10-24,102,Analytics Suite,Software,16,3825600,JPY,Japan,Salesperson_5,Won
O-600575,2024-05-13,101,CRM Pro,Software,2,793520,PKR,Pakistan,Salesperson_1,Won
O-600576,2024-05-16,201,POS Terminal,Hardware,1,231560,PKR,Pakistan,Salesperson_1,Won
O-600577,2023-01-18,102,Analytics Suite,Software,18,12294,EUR,Europe,Salesperson_3,Won
O-600578,2023-06-15,201,POS Terminal,Hardware,13,3705000,JPY,Japan,Salesperson_1,Won
O-600579,2024-11-07,102,Analytics Suite,Software,18,4322700,JPY,Japan,Salesperson_2,Won
O-600580,2024-10-28,102,Analytics Suite,Software,4,3652,GBP,UK,Salesperson_5,Won
O-600581,2023-04-21,102,Analytics Suite,Software,6,1500,EUR,Europe,Salesperson_5,Won
O-600582,2023-05-02,201,POS Terminal,Hardware,14,15652,USD,North America,Salesperson_9,Won
O-600583,2023-04-14,102,Analytics Suite,Software,18,12402,EUR,Europe,Salesperson_4,Won
O-600584,2023-08-20,102,Analytics Suite,Software,12,16416,EUR,Europe,Salesperson_9,Won
O-600585,2024-04-14,102,Analytics Suite,Software,15,1867500,JPY,Japan,Salesperson_4,Won
O-600586,2023-03-23,101,CRM Pro,Software,8,7272,USD,North America,Salesperson_2,Won
O-600587,2023-07-03,102,Analytics Suite,Software,8,11008,GBP,UK,Salesperson_1,Won
O-600588,2023-09-29,101,CRM Pro,Software,11,13431,EUR,Europe,Salesperson_2,Won
O-600589,2024-10-02,102,Analytics Suite,Software,14,2089360,PKR,Pakistan,Salesperson_1,Won
O-600590,2024-03-25,201,POS Terminal,Hardware,12,11580,USD,North America,Salesperson_2,Won
O-600591,2024-02-06,201,POS Terminal,Hardware,20,2361000,JPY,Japan,Salesperson_6,Won
O-600592,2024-12-24,201,POS Terminal,Hardware,19,5044500,JPY,Japan,Salesperson_7,Won
O-600593,2023-10-29,201,POS Terminal,Hardware,16,12192,GBP,UK,Salesperson_6,Won
O-600594,2024-07-22,201,POS Terminal,Hardware,12,11928,GBP,UK,Salesperson_4,Won
O-600595,2024-12-21,101,CRM Pro,Software,12,1234800,JPY,Japan,Salesperson_6,Won
O-600596,2023-06-29,102,Analytics Suite,Software,3,1302000,PKR,Pakistan,Salesperson_4,Won
O-600597,2023-04-02,102,Analytics Suite,Software,5,5875,GBP,UK,Salesperson_2,Won
O-600598,2023-10-06,102,Analytics Suite,Software,8,14440,USD,North America,Salesperson_6,Won
O-600599,2023-03-21,201,POS Terminal,Hardware,2,1486,EUR,Europe,Salesperson_2,Won
O-600600,2024-11-25,101,CRM Pro,Software,11,3201,EUR,Europe,Salesperson_4,Won
O-600601,2023-01-08,201,POS Terminal,Hardware,20,16800,GBP,UK,Salesperson_7,Won
O-600602,2023-01-08,102,Analytics Suite,Software,18,25020,USD,North America,Salesperson_5,Won
O-600603,2023-09-25,101,CRM Pro,Software,2,756,USD,North America,Salesperson_7,Won
O-600604,2023-12-07,201,POS Terminal,Hardware,11,18095,EUR,Europe,Salesperson_7,Won
O-600605,2023-06-09,101,CRM Pro,Software,12,6629280,PKR,Pakistan,Salesperson_5,Won
O-600606,2023-04-16,201,POS Terminal,Hardware,20,2032800,PKR,Pakistan,Salesperson_9,Won
O-600607,2023-12-11,101,CRM Pro,Software,17,13277,GBP,UK,Salesperson_2,Won
O-600608,2023-12-26,101,CRM Pro,Software,18,3708,EUR,Europe,Salesperson_1,Won
O-600609,2024-11-27,102,Analytics Suite,Software,2,1060640,PKR,Pakistan,Salesperson_4,Won
O-600610,2023-06-18,201,POS Terminal,Hardware,9,10107,EUR,Europe,Salesperson_1,Won
O-600611,2024-06-19,101,CRM Pro,Software,19,6038200,PKR,Pakistan,Salesperson_5,Won
O-600612,2024-11-11,201,POS Terminal,Hardware,2,91200,JPY,Japan,Salesperson_9,Won
O-600613,2024-04-06,102,Analytics Suite,Software,1,1254,EUR,Europe,Salesperson_9,Won
O-600614,2024-04-10,101,CRM Pro,Software,1,656,GBP,UK,Salesperson_5,Won
O-600615,2023-08-28,101,CRM Pro,Software,16,2817600,JPY,Japan,Salesperson_9,Won
O-600616,2023-09-07,102,Analytics Suite,Software,12,9384,USD,North America,Salesperson_6,Won
O-600617,2023-09-16,102,Analytics Suite,Software,7,3465,EUR,Europe,Salesperson_4,Won
O-600618,2024-08-13,101,CRM Pro,Software,14,2800,GBP,UK,Salesperson_8,Won
O-600619,2023-11-04,102,Analytics Suite,Software,13,5227040,PKR,Pakistan,Salesperson_7,Won
O-600620,2024-07-24,201,POS Terminal,Hardware,11,17237,EUR,Europe,Salesperson_1,Won
O-600621,2024-06-04,102,Analytics Suite,Software,2,1744,GBP,UK,Salesperson_8,Won
O-600622,2024-04-04,102,Analytics Suite,Software,17,14518,GBP,UK,Salesperson_3,Won
O-600623,2023-07-07,102,Analytics Suite,Software,9,873450,JPY,Japan,Salesperson_2,Won
O-600624,2024-05-18,101,CRM Pro,Software,2,534600,JPY,Japan,Salesperson_5,Won
O-600625,2024-12-08,101,CRM Pro,Software,5,7270,EUR,Europe,Salesperson_9,Won
O-600626,2023-06-26,101,CRM Pro,Software,11,10659,EUR,Europe,Salesperson_7,Won
O-600627,2023-05-16,101,CRM Pro,Software,10,4908400,PKR,Pakistan,Salesperson_1,Won
O-600628,2024-11-13,101,CRM Pro,Software,17,3745950,JPY,Japan,Salesperson_6,Won
O-600629,2024-01-25,201,POS Terminal,Hardware,15,21300,EUR,Europe,Salesperson_2,Won
O-600630,2023-03-18,102,Analytics Suite,Software,19,6112680,PKR,Pakistan,Salesperson_6,Won
O-600631,2024-10-20,101,CRM Pro,Software,4,5372,EUR,Europe,Salesperson_7,Won
O-600632,2024-06-28,102,Analytics Suite,Software,8,4528,USD,North America,Salesperson_8,Won
O-600633,2024-12-04,101,CRM Pro,Software,18,6506640,PKR,Pakistan,Salesperson_6,Won
O-600634,2023-03-15,201,POS Terminal,Hardware,13,1575600,JPY,Japan,Salesperson_1,Won
O-600635,2024-07-18,102,Analytics Suite,Software,6,6852,USD,North America,Salesperson_2,Won
O-600636,2024-11-09,201,POS Terminal,Hardware,9,1548450,JPY,Japan,Salesperson_6,Won
O-600637,2023-10-05,201,POS Terminal,Hardware,2,2454,EUR,Europe,Salesperson_1,Won
O-600638,2023-03-29,101,CRM Pro,Software,2,221760,PKR,Pakistan,Salesperson_8,Won
O-600639,2023-02-01,102,Analytics Suite,Software,6,250200,JPY,Japan,Salesperson_2,Won
O-600640,2023-06-30,201,POS Terminal,Hardware,5,6400,USD,North America,Salesperson_7,Won
O-600641,2023-01-25,102,Analytics Suite,Software,18,27522,GBP,UK,Salesperson_7,Won
O-600642,2024-09-02,101,CRM Pro,Software,14,3752,GBP,UK,Salesperson_8,Won
O-600643,2023-08-21,201,POS Terminal,Hardware,12,1118880,PKR,Pakistan,Salesperson_6,Won
O-600644,2023-01-12,101,CRM Pro,Software,17,19754,GBP,UK,Salesperson_9,Won
O-600645,2024-02-25,101,CRM Pro,Software,13,21736,USD,North America,Salesperson_4,Won
O-600646,2024-02-24,102,Analytics Suite,Software,15,15300,GBP,UK,Salesperson_7,Won
O-600647,2023-04-22,101,CRM Pro,Software,8,2504,GBP,UK,Salesperson_9,Won
O-600648,2023-12-17,201,POS Terminal,Hardware,20,4182000,JPY,Japan,Salesperson_4,Won
O-600649,2023-02-03,201,POS Terminal,Hardware,15,11490,GBP,UK,Salesperson_2,Won
O-600650,2023-01-29,201,POS Terminal,Hardware,8,3192,EUR,Europe,Salesperson_6,Won
O-600651,2024-02-26,102,Analytics Suite,Software,10,1803200,PKR,Pakistan,Salesperson_4,Won
O-600652,2024-05-28,201,POS Terminal,Hardware,17,12427,USD,North America,Salesperson_1,Won
O-600653,2024-09-15,201,POS Terminal,Hardware,8,7328,GBP,UK,Salesperson_5,Won
O-600654,2024-06-24,102,Analytics Suite,Software,3,531900,JPY,Japan,Salesperson_5,Won
O-600655,2023-06-26,201,POS Terminal,Hardware,11,750750,JPY,Japan,Salesperson_5,Won
O-600656,2023-12-29,101,CRM Pro,Software,6,1602,USD,North America,Salesperson_7,Won
O-600657,2023-02-04,201,POS Terminal,Hardware,17,2522800,PKR,Pakistan,Salesperson_8,Won
O-600658,2024-11-10,102,Analytics Suite,Software,13,20176,GBP,UK,Salesperson_1,Won
O-600659,2023-05-14,201,POS Terminal,Hardware,12,3425400,JPY,Japan,Salesperson_9,Won
O-600660,2023-10-24,101,CRM Pro,Software,15,20400,GBP,UK,Salesperson_2,Won
O-600661,2023-10-08,102,Analytics Suite,Software,18,12312,USD,North America,Salesperson_3,Won
O-600662,2023-11-03,102,Analytics Suite,Software,16,3410400,JPY,Japan,Salesperson_5,Won
O-600663,2023-09-25,101,CRM Pro,Software,8,394800,JPY,Japan,Salesperson_7,Won
O-600664,2023-02-13,201,POS Terminal,Hardware,12,15624,GBP,UK,Salesperson_2,Won
O-600665,2023-10-20,101,CRM Pro,Software,2,1538,EUR,Europe,Salesperson_9,Won
O-600666,2023-09-15,101,CRM Pro,Software,6,11592,USD,North America,Salesperson_7,Won
O-600667,2024-06-19,201,POS Terminal,Hardware,4,351680,PKR,Pakistan,Salesperson_9,Won
O-600668,2023-04-04,201,POS Terminal,Hardware,11,4466,USD,North America,Salesperson_1,Won
O-600669,2024-06-18,102,Analytics Suite,Software,8,5776,USD,North America,Salesperson_1,Won
O-600670,2024-03-29,102,Analytics Suite,Software,16,2167200,JPY,Japan,Salesperson_1,Won
O-600671,2023-02-13,201,POS Terminal,Hardware,2,1432,GBP,UK,Salesperson_4,Won
O-600672,2024-10-17,101,CRM Pro,Software,12,19644,USD,North America,Salesperson_1,Won
O-600673,2023-12-18,102,Analytics Suite,Software,11,11616,USD,North America,Salesperson_5,Won
O-600674,2024-03-14,201,POS Terminal,Hardware,13,3257800,PKR,Pakistan,Salesperson_2,Won
O-600675,2024-06-06,102,Analytics Suite,Software,4,5888,EUR,Europe,Salesperson_1,Won
O-600676,2024-05-02,201,POS Terminal,Hardware,5,2550,GBP,UK,Salesperson_6,Won
O-600677,2023-03-18,102,Analytics Suite,Software,1,411320,PKR,Pakistan,Salesperson_8,Won
O-600678,2023-08-12,102,Analytics Suite,Software,7,6181,EUR,Europe,Salesperson_9,Won
O-600679,2024-06-10,102,Analytics Suite,Software,10,3074400,PKR,Pakistan,Salesperson_1,Won
O-600680,2024-11-17,101,CRM Pro,Software,3,1182,GBP,UK,Salesperson_7,Won
O-600681,2024-05-20,101,CRM Pro,Software,9,8172,GBP,UK,Salesperson_2,Won
O-600682,2024-09-29,102,Analytics Suite,Software,6,780300,JPY,Japan,Salesperson_8,Won
O-600683,2024-09-27,101,CRM Pro,Software,1,475,USD,North America,Salesperson_4,Won
O-600684,2024-10-11,101,CRM Pro,Software,17,8820280,PKR,Pakistan,Salesperson_4,Won
O-600685,2024-01-04,201,POS Terminal,Hardware,13,10413,EUR,Europe,Salesperson_2,Won
O-600686,2023-04-06,102,Analytics Suite,Software,15,19560,GBP,UK,Salesperson_5,Won
O-600687,2023-10-15,201,POS Terminal,Hardware,8,2152640,PKR,Pakistan,Salesperson_4,Won
O-600688,2024-08-02,101,CRM Pro,Software,14,12572,EUR,Europe,Salesperson_8,Won
O-600689,2024-11-10,201,POS Terminal,Hardware,11,1937320,PKR,Pakistan,Salesperson_1,Won
O-600690,2024-04-08,201,POS Terminal,Hardware,14,16506,EUR,Europe,Salesperson_1,Won
O-600691,2023-10-22,101,CRM Pro,Software,7,1388100,JPY,Japan,Salesperson_3,Won
O-600692,2023-08-12,201,POS Terminal,Hardware,12,5658240,PKR,Pakistan,Salesperson_8,Won
O-600693,2024-09-21,102,Analytics Suite,Software,6,4194,USD,North America,Salesperson_7,Won
O-600694,2023-09-19,102,Analytics Suite,Software,16,25360,EUR,Europe,Salesperson_5,Won
O-600695,2024-05-05,201,POS Terminal,Hardware,4,1856,GBP,UK,Salesperson_4,Won
O-600696,2024-05-11,102,Analytics Suite,Software,7,4046,EUR,Europe,Salesperson_5,Won
O-600697,2024-12-07,101,CRM Pro,Software,17,13804,EUR,Europe,Salesperson_3,Won
O-600698,2023-02-18,101,CRM Pro,Software,8,6864,USD,North America,Salesperson_9,Won
O-600699,2023-02-28,201,POS Terminal,Hardware,18,4198320,PKR,Pakistan,Salesperson_4,Won
O-600700,2023-07-24,201,POS Terminal,Hardware,12,8376,EUR,Europe,Salesperson_9,Won
O-600701,2024-05-15,102,Analytics Suite,Software,14,1449000,JPY,Japan,Salesperson_1,Won
O-600702,2024-09-18,201,POS Terminal,Hardware,15,6930000,PKR,Pakistan,Salesperson_5,Won
O-600703,2024-07-10,102,Analytics Suite,Software,6,11838,USD,North America,Salesperson_2,Won
O-600704,2023-08-24,201,POS Terminal,Hardware,18,858600,JPY,Japan,Salesperson_2,Won
O-600705,2024-12-25,101,CRM Pro,Software,10,1052800,PKR,Pakistan,Salesperson_4,Won
O-600706,2024-07-26,102,Analytics Suite,Software,6,1158300,JPY,Japan,Salesperson_7,Won
O-600707,2023-09-07,101,CRM Pro,Software,12,1135800,JPY,Japan,Salesperson_6,Won
O-600708,2024-11-18,101,CRM Pro,Software,16,1120000,PKR,Pakistan,Salesperson_4,Won
O-600709,2023-08-26,201,POS Terminal,Hardware,5,821250,JPY,Japan,Salesperson_9,Won
O-600710,2023-03-06,201,POS Terminal,Hardware,8,933600,JPY,Japan,Salesperson_9,Won
O-600711,2024-07-28,102,Analytics Suite,Software,10,3520,USD,North America,Salesperson_2,Won
O-600712,2023-08-23,101,CRM Pro,Software,5,5220,GBP,UK,Salesperson_1,Won
O-600713,2023-10-01,102,Analytics Suite,Software,10,4841200,PKR,Pakistan,Salesperson_7,Won
O-600714,2023-08-02,102,Analytics Suite,Software,12,1686600,JPY,Japan,Salesperson_5,Won
O-600715,2024-02-07,201,POS Terminal,Hardware,6,485520,PKR,Pakistan,Salesperson_1,Won
O-600716,2023-01-18,201,POS Terminal,Hardware,11,17050,GBP,UK,Salesperson_2,Won
O-600717,2023-09-02,101,CRM Pro,Software,1,912,EUR,Europe,Salesperson_7,Won
O-600718,2023-01-01,102,Analytics Suite,Software,10,1260000,JPY,Japan,Salesperson_6,Won
O-600719,2024-06-08,201,POS Terminal,Hardware,9,1634850,JPY,Japan,Salesperson_4,Won
O-600720,2024-08-12,101,CRM Pro,Software,9,13500,GBP,UK,Salesperson_9,Won
O-600721,2024-11-12,201,POS Terminal,Hardware,20,26660,USD,North America,Salesperson_3,Won
O-600722,2023-02-08,201,POS Terminal,Hardware,19,10464440,PKR,Pakistan,Salesperson_3,Won
O-600723,2024-04-26,101,CRM Pro,Software,6,7566,EUR,Europe,Salesperson_5,Won
O-600724,2024-09-13,102,Analytics Suite,Software,2,1548,GBP,UK,Salesperson_4,Won
O-600725,2024-08-19,101,CRM Pro,Software,11,2432100,JPY,Japan,Salesperson_2,Won
O-600726,2024-07-03,201,POS Terminal,Hardware,15,2440200,PKR,Pakistan,Salesperson_8,Won
O-600727,2023-09-08,101,CRM Pro,Software,6,3906,EUR,Europe,Salesperson_8,Won
O-600728,2024-10-31,101,CRM Pro,Software,18,14832,USD,North America,Salesperson_4,Won
O-600729,2024-04-03,201,POS Terminal,Hardware,10,16980,EUR,Europe,Salesperson_3,Won
O-600730,2024-03-12,101,CRM Pro,Software,9,9423,GBP,UK,Salesperson_3,Won
O-600731,2023-09-12,102,Analytics Suite,Software,10,3214400,PKR,Pakistan,Salesperson_4,Won
O-600732,2024-04-11,201,POS Terminal,Hardware,13,16055,EUR,Europe,Salesperson_5,Won
O-600733,2023-06-08,102,Analytics Suite,Software,1,143640,PKR,Pakistan,Salesperson_2,Won
O-600734,2024-07-28,101,CRM Pro,Software,18,17676,USD,North America,Salesperson_2,Won
O-600735,2023-04-28,201,POS Terminal,Hardware,20,23360,GBP,UK,Salesperson_7,Won
O-600736,2023-02-13,201,POS Terminal,Hardware,12,5355840,PKR,Pakistan,Salesperson_4,Won
O-600737,2023-08-21,201,POS Terminal,Hardware,5,1929200,PKR,Pakistan,Salesperson_4,Won
O-600738,2023-02-24,101,CRM Pro,Software,9,1977750,JPY,Japan,Salesperson_9,Won
O-600739,2023-02-28,102,Analytics Suite,Software,17,15878,EUR,Europe,Salesperson_1,Won
O-600740,2024-08-30,101,CRM Pro,Software,4,3932,GBP,UK,Salesperson_1,Won
O-600741,2023-10-23,201,POS Terminal,Hardware,9,16623,EUR,Europe,Salesperson_1,Won
O-600742,2023-06-17,201,POS Terminal,Hardware,2,1622,GBP,UK,Salesperson_9,Won
O-600743,2024-02-28,101,CRM Pro,Software,7,7154,GBP,UK,Salesperson_3,Won
O-600744,2024-01-15,201,POS Terminal,Hardware,9,16245,USD,North America,Salesperson_6,Won
O-600745,2024-12-20,201,POS Terminal,Hardware,16,8848,GBP,UK,Salesperson_8,Won
O-600746,2024-09-05,102,Analytics Suite,Software,20,5919000,JPY,Japan,Salesperson_9,Won
O-600747,2024-05-17,101,CRM Pro,Software,13,1128400,PKR,Pakistan,Salesperson_7,Won
O-600748,2024-12-11,201,POS Terminal,Hardware,17,7344,EUR,Europe,Salesperson_6,Won
O-600749,2024-04-20,101,CRM Pro,Software,3,3870,GBP,UK,Salesperson_1,Won
O-600750,2023-05-07,102,Analytics Suite,Software,11,2400750,JPY,Japan,Salesperson_2,Won
O-600751,2023-06-30,201,POS Terminal,Hardware,14,10584,EUR,Europe,Salesperson_2,Won
O-600752,2023-07-23,201,POS Terminal,Hardware,17,27251,USD,North America,Salesperson_5,Won
O-600753,2024-06-24,201,POS Terminal,Hardware,8,1602000,JPY,Japan,Salesperson_8,Won
O-600754,2024-03-08,201,POS Terminal,Hardware,5,4535,USD,North America,Salesperson_8,Won
O-600755,2023-04-15,102,Analytics Suite,Software,10,5390000,PKR,Pakistan,Salesperson_2,Won
O-600756,2023-05-13,102,Analytics Suite,Software,8,12928,USD,North America,Salesperson_2,Won
O-600757,2023-07-02,102,Analytics Suite,Software,8,3803520,PKR,Pakistan,Salesperson_2,Won
O-600758,2024-05-17,101,CRM Pro,Software,4,835520,PKR,Pakistan,Salesperson_3,Won
O-600759,2024-08-14,102,Analytics Suite,Software,16,13888,EUR,Europe,Salesperson_1,Won
O-600760,2024-10-03,101,CRM Pro,Software,18,24138,EUR,Europe,Salesperson_1,Won
O-600761,2023-09-15,201,POS Terminal,Hardware,6,8436,GBP,UK,Salesperson_1,Won
O-600762,2024-12-28,102,Analytics Suite,Software,2,788,USD,North America,Salesperson_6,Won
O-600763,2024-08-29,201,POS Terminal,Hardware,13,3822,GBP,UK,Salesperson_6,Won
O-600764,2023-07-11,201,POS Terminal,Hardware,9,1764,GBP,UK,Salesperson_9,Won
O-600765,2023-05-28,101,CRM Pro,Software,8,3176,EUR,Europe,Salesperson_9,Won
O-600766,2023-12-21,102,Analytics Suite,Software,9,11340,EUR,Europe,Salesperson_3,Won
O-600767,2023-04-22,101,CRM Pro,Software,3,515700,JPY,Japan,Salesperson_8,Won
O-600768,2023-07-08,102,Analytics Suite,Software,11,4191,GBP,UK,Salesperson_1,Won
O-600769,2023-10-03,101,CRM Pro,Software,16,5519360,PKR,Pakistan,Salesperson_9,Won
O-600770,2023-12-27,102,Analytics Suite,Software,3,1494,EUR,Europe,Salesperson_3,Won
O-600771,2023-01-02,102,Analytics Suite,Software,17,15963,GBP,UK,Salesperson_7,Won
O-600772,2024-05-31,101,CRM Pro,Software,14,14980,EUR,Europe,Salesperson_8,Won
O-600773,2024-05-08,201,POS Terminal,Hardware,19,4668300,JPY,Japan,Salesperson_7,Won
O-600774,2024-12-04,102,Analytics Suite,Software,5,8290,EUR,Europe,Salesperson_8,Won
O-600775,2024-10-21,201,POS Terminal,Hardware,5,1805,EUR,Europe,Salesperson_7,Won
O-600776,2024-07-29,101,CRM Pro,Software,11,11165,GBP,UK,Salesperson_1,Won
O-600777,2023-08-19,102,Analytics Suite,Software,15,28830,USD,North America,Salesperson_7,Won
O-600778,2024-11-13,102,Analytics Suite,Software,1,610,GBP,UK,Salesperson_8,Won
O-600779,2023-11-11,201,POS Terminal,Hardware,1,186300,JPY,Japan,Salesperson_6,Won
O-600780,2024-03-08,101,CRM Pro,Software,8,11928,USD,North America,Salesperson_8,Won
O-600781,2023-06-23,101,CRM Pro,Software,3,439200,JPY,Japan,Salesperson_7,Won
O-600782,2024-08-09,102,Analytics Suite,Software,17,3409350,JPY,Japan,Salesperson_4,Won
O-600783,2023-05-07,201,POS Terminal,Hardware,20,5274000,JPY,Japan,Salesperson_2,Won
O-600784,2023-01-19,101,CRM Pro,Software,10,652400,PKR,Pakistan,Salesperson_8,Won
O-600785,2023-12-02,102,Analytics Suite,Software,20,3846000,JPY,Japan,Salesperson_9,Won
O-600786,2024-06-29,201,POS Terminal,Hardware,17,8882160,PKR,Pakistan,Salesperson_8,Won
O-600787,2023-07-14,101,CRM Pro,Software,4,6848,EUR,Europe,Salesperson_7,Won
O-600788,2023-08-01,102,Analytics Suite,Software,1,1642,EUR,Europe,Salesperson_9,Won
O-600789,2024-05-24,101,CRM Pro,Software,2,2666,GBP,UK,Salesperson_7,Won
O-600790,2023-04-01,201,POS Terminal,Hardware,6,8244,USD,North America,Salesperson_5,Won
O-600791,2023-10-07,102,Analytics Suite,Software,11,15829,GBP,UK,Salesperson_2,Won
O-600792,2024-01-16,201,POS Terminal,Hardware,10,2486400,PKR,Pakistan,Salesperson_2,Won
O-600793,2023-02-09,101,CRM Pro,Software,10,10800,USD,North America,Salesperson_2,Won
O-600794,2023-06-23,102,Analytics Suite,Software,6,3642,EUR,Europe,Salesperson_7,Won
O-600795,2024-04-22,102,Analytics Suite,Software,13,20631,EUR,Europe,Salesperson_6,Won
O-600796,2024-06-07,102,Analytics Suite,Software,13,25961,USD,North America,Salesperson_4,Won
O-600797,2023-06-01,201,POS Terminal,Hardware,6,774000,JPY,Japan,Salesperson_3,Won
O-600798,2023-09-26,101,CRM Pro,Software,14,7504,EUR,Europe,Salesperson_4,Won
O-600799,2023-09-03,102,Analytics Suite,Software,5,1145,USD,North America,Salesperson_2,Won
O-600800,2023-08-29,201,POS Terminal,Hardware,1,530,USD,North America,Salesperson_5,Won
O-600801,2023-06-30,201,POS Terminal,Hardware,11,12232,EUR,Europe,Salesperson_3,Won
O-600802,2023-01-02,102,Analytics Suite,Software,19,19190,GBP,UK,Salesperson_3,Won
O-600803,2024-12-25,102,Analytics Suite,Software,12,12996,EUR,Europe,Salesperson_3,Won
O-600804,2023-03-25,101,CRM Pro,Software,2,531600,JPY,Japan,Salesperson_6,Won
O-600805,2023-12-09,201,POS Terminal,Hardware,18,9162,EUR,Europe,Salesperson_8,Won
O-600806,2024-10-21,201,POS Terminal,Hardware,7,3192,USD,North America,Salesperson_2,Won
O-600807,2023-11-06,201,POS Terminal,Hardware,6,962640,PKR,Pakistan,Salesperson_7,Won
O-600808,2023-08-26,101,CRM Pro,Software,3,812280,PKR,Pakistan,Salesperson_7,Won
O-600809,2024-11-25,101,CRM Pro,Software,18,8799840,PKR,Pakistan,Salesperson_2,Won
O-600810,2023-12-22,102,Analytics Suite,Software,6,1710240,PKR,Pakistan,Salesperson_3,Won
O-600811,2023-07-13,101,CRM Pro,Software,11,1114960,PKR,Pakistan,Salesperson_2,Won
O-600812,2024-12-22,201,POS Terminal,Hardware,20,5601000,JPY,Japan,Salesperson_5,Won
O-600813,2024-05-27,201,POS Terminal,Hardware,20,5469000,JPY,Japan,Salesperson_5,Won
O-600814,2024-05-18,102,Analytics Suite,Software,13,22295,EUR,Europe,Salesperson_4,Won
O-600815,2023-08-06,102,Analytics Suite,Software,12,2184,GBP,UK,Salesperson_4,Won
O-600816,2024-06-20,101,CRM Pro,Software,13,6359080,PKR,Pakistan,Salesperson_3,Won
O-600817,2024-01-17,201,POS Terminal,Hardware,7,1372,GBP,UK,Salesperson_4,Won
O-600818,2024-09-06,201,POS Terminal,Hardware,12,1090800,JPY,Japan,Salesperson_1,Won
O-600819,2023-05-06,201,POS Terminal,Hardware,1,461,EUR,Europe,Salesperson_5,Won
O-600820,2023-05-19,102,Analytics Suite,Software,2,987280,PKR,Pakistan,Salesperson_4,Won
O-600821,2024-04-11,102,Analytics Suite,Software,11,9141,GBP,UK,Salesperson_4,Won
O-600822,2023-10-21,201,POS Terminal,Hardware,18,4093200,JPY,Japan,Salesperson_1,Won
O-600823,2023-07-12,201,POS Terminal,Hardware,1,233520,PKR,Pakistan,Salesperson_7,Won
O-600824,2024-09-27,201,POS Terminal,Hardware,5,947800,PKR,Pakistan,Salesperson_2,Won
O-600825,2023-09-15,102,Analytics Suite,Software,17,24072,GBP,UK,Salesperson_5,Won
O-600826,2023-12-26,101,CRM Pro,Software,14,4159120,PKR,Pakistan,Salesperson_3,Won
O-600827,2023-03-03,101,CRM Pro,Software,17,2018240,PKR,Pakistan,Salesperson_6,Won
O-600828,2024-02-13,201,POS Terminal,Hardware,3,4143,USD,North America,Salesperson_4,Won
O-600829,2023-07-22,102,Analytics Suite,Software,19,4479440,PKR,Pakistan,Salesperson_1,Won
O-600830,2023-05-30,102,Analytics Suite,Software,9,5076,GBP,UK,Salesperson_2,Won
O-600831,2023-12-29,102,Analytics Suite,Software,7,1594950,JPY,Japan,Salesperson_5,Won
O-600832,2024-03-12,102,Analytics Suite,Software,19,5928,USD,North America,Salesperson_8,Won
O-600833,2024-03-03,101,CRM Pro,Software,3,1353,USD,North America,Salesperson_1,Won
O-600834,2024-10-23,201,POS Terminal,Hardware,9,11529,USD,North America,Salesperson_6,Won
O-600835,2024-11-11,101,CRM Pro,Software,17,1869150,JPY,Japan,Salesperson_3,Won
O-600836,2023-05-06,201,POS Terminal,Hardware,13,13351,USD,North America,Salesperson_8,Won
O-600837,2024-09-01,201,POS Terminal,Hardware,19,25897,GBP,UK,Salesperson_5,Won
O-600838,2023-06-17,101,CRM Pro,Software,6,6384,EUR,Europe,Salesperson_5,Won
O-600839,2024-07-02,102,Analytics Suite,Software,1,274,EUR,Europe,Salesperson_7,Won
O-600840,2024-02-01,201,POS Terminal,Hardware,8,15312,USD,North America,Salesperson_8,Won
O-600841,2024-05-19,102,Analytics Suite,Software,7,1687,USD,North America,Salesperson_6,Won
O-600842,2024-10-10,102,Analytics Suite,Software,12,21420,EUR,Europe,Salesperson_4,Won
O-600843,2024-05-06,201,POS Terminal,Hardware,14,4760,GBP,UK,Salesperson_5,Won
O-600844,2023-07-26,102,Analytics Suite,Software,20,14900,EUR,Europe,Salesperson_6,Won
O-600845,2024-03-25,102,Analytics Suite,Software,13,7475,USD,North America,Salesperson_9,Won
O-600846,2024-10-14,102,Analytics Suite,Software,15,1150800,PKR,Pakistan,Salesperson_7,Won
O-600847,2024-04-25,201,POS Terminal,Hardware,2,568800,JPY,Japan,Salesperson_1,Won
O-600848,2024-08-07,201,POS Terminal,Hardware,13,18096,EUR,Europe,Salesperson_1,Won
O-600849,2024-05-03,101,CRM Pro,Software,14,27160,USD,North America,Salesperson_6,Won
O-600850,2024-07-27,201,POS Terminal,Hardware,5,3320,USD,North America,Salesperson_1,Won
O-600851,2024-09-13,201,POS Terminal,Hardware,16,6796160,PKR,Pakistan,Salesperson_3,Won
O-600852,2023-07-11,101,CRM Pro,Software,20,14540,USD,North America,Salesperson_9,Won
O-600853,2023-09-22,101,CRM Pro,Software,8,4944,USD,North America,Salesperson_6,Won
O-600854,2024-09-11,201,POS Terminal,Hardware,1,166950,JPY,Japan,Salesperson_1,Won
O-600855,2023-10-15,102,Analytics Suite,Software,2,1568,GBP,UK,Salesperson_9,Won
O-600856,2023-02-05,101,CRM Pro,Software,18,13050,EUR,Europe,Salesperson_5,Won
O-600857,2024-06-03,102,Analytics Suite,Software,9,1890000,JPY,Japan,Salesperson_6,Won
O-600858,2024-10-19,102,Analytics Suite,Software,6,3384,GBP,UK,Salesperson_1,Won
O-600859,2024-04-18,102,Analytics Suite,Software,13,9204,GBP,UK,Salesperson_5,Won
O-600860,2023-01-16,201,POS Terminal,Hardware,18,5443200,PKR,Pakistan,Salesperson_8,Won
O-600861,2024-05-13,101,CRM Pro,Software,16,31248,USD,North America,Salesperson_6,Won
O-600862,2024-06-16,201,POS Terminal,Hardware,14,7784,EUR,Europe,Salesperson_4,Won
O-600863,2024-08-03,101,CRM Pro,Software,2,1184,EUR,Europe,Salesperson_7,Won
O-600864,2024-01-29,201,POS Terminal,Hardware,9,8199,USD,North America,Salesperson_1,Won
O-600865,2024-09-29,102,Analytics Suite,Software,10,12470,USD,North America,Salesperson_5,Won
O-600866,2024-06-05,102,Analytics Suite,Software,10,11660,USD,North America,Salesperson_2,Won
O-600867,2023-06-29,102,Analytics Suite,Software,5,3240,EUR,Europe,Salesperson_3,Won
O-600868,2023-11-09,201,POS Terminal,Hardware,7,1509200,PKR,Pakistan,Salesperson_3,Won
O-600869,2023-09-21,102,Analytics Suite,Software,2,248640,PKR,Pakistan,Salesperson_2,Won
O-600870,2023-06-21,101,CRM Pro,Software,13,5538,GBP,UK,Salesperson_8,Won
O-600871,2024-07-29,102,Analytics Suite,Software,1,823,EUR,Europe,Salesperson_9,Won
O-600872,2024-03-27,102,Analytics Suite,Software,20,7453600,PKR,Pakistan,Salesperson_6,Won
O-600873,2023-03-18,101,CRM Pro,Software,20,789000,JPY,Japan,Salesperson_3,Won
O-600874,2023-10-13,201,POS Terminal,Hardware,4,1020320,PKR,Pakistan,Salesperson_2,Won
O-600875,2023-07-27,102,Analytics Suite,Software,14,14896,GBP,UK,Salesperson_2,Won
O-600876,2024-02-13,101,CRM Pro,Software,6,7410,GBP,UK,Salesperson_1,Won
O-600877,2024-12-27,101,CRM Pro,Software,9,3979080,PKR,Pakistan,Salesperson_8,Won
O-600878,2024-04-28,201,POS Terminal,Hardware,3,3027,GBP,UK,Salesperson_4,Won
O-600879,2024-06-15,201,POS Terminal,Hardware,12,9276,GBP,UK,Salesperson_1,Won
O-600880,2024-07-18,102,Analytics Suite,Software,3,1311240,PKR,Pakistan,Salesperson_3,Won
O-600881,2023-10-24,101,CRM Pro,Software,4,7056,USD,North America,Salesperson_6,Won
O-600882,2024-04-01,101,CRM Pro,Software,8,2703680,PKR,Pakistan,Salesperson_4,Won
O-600883,2024-12-28,201,POS Terminal,Hardware,2,289500,JPY,Japan,Salesperson_5,Won
O-600884,2023-08-22,201,POS Terminal,Hardware,15,3379500,JPY,Japan,Salesperson_3,Won
O-600885,2024-01-31,101,CRM Pro,Software,19,752400,JPY,Japan,Salesperson_2,Won
O-600886,2024-06-02,101,CRM Pro,Software,17,9467640,PKR,Pakistan,Salesperson_7,Won
O-600887,2024-09-04,101,CRM Pro,Software,2,69000,JPY,Japan,Salesperson_8,Won
O-600888,2024-04-02,101,CRM Pro,Software,20,36080,EUR,Europe,Salesperson_6,Won
O-600889,2023-12-13,101,CRM Pro,Software,13,2664480,PKR,Pakistan,Salesperson_7,Won
O-600890,2023-08-29,102,Analytics Suite,Software,20,7571200,PKR,Pakistan,Salesperson_9,Won
O-600891,2024-09-04,102,Analytics Suite,Software,2,538,EUR,Europe,Salesperson_5,Won
O-600892,2023-02-11,201,POS Terminal,Hardware,1,1248,GBP,UK,Salesperson_4,Won
O-600893,2023-04-18,201,POS Terminal,Hardware,15,6052200,PKR,Pakistan,Salesperson_4,Won
O-600894,2023-01-20,201,POS Terminal,Hardware,5,385500,JPY,Japan,Salesperson_5,Won
O-600895,2023-07-22,102,Analytics Suite,Software,16,3084000,JPY,Japan,Salesperson_8,Won
O-600896,2024-08-26,201,POS Terminal,Hardware,18,7218,EUR,Europe,Salesperson_6,Won
O-600897,2024-08-29,201,POS Terminal,Hardware,3,527850,JPY,Japan,Salesperson_5,Won
O-600898,2024-04-23,102,Analytics Suite,Software,13,5057,USD,North America,Salesperson_4,Won
O-600899,2024-07-12,101,CRM Pro,Software,2,180900,JPY,Japan,Salesperson_1,Won
O-600900,2024-02-07,102,Analytics Suite,Software,4,6116,EUR,Europe,Salesperson_5,Won
O-600901,2024-03-19,101,CRM Pro,Software,19,11799,USD,North America,Salesperson_4,Won
O-600902,2024-03-15,102,Analytics Suite,Software,19,7527800,PKR,Pakistan,Salesperson_7,Won
O-600903,2023-03-02,201,POS Terminal,Hardware,9,10521,EUR,Europe,Salesperson_9,Won
O-600904,2024-06-24,102,Analytics Suite,Software,7,10024,USD,North America,Salesperson_7,Won
O-600905,2024-02-23,101,CRM Pro,Software,1,197400,PKR,Pakistan,Salesperson_9,Won
O-600906,2023-01-13,201,POS Terminal,Hardware,8,3984,EUR,Europe,Salesperson_3,Won
O-600907,2023-01-06,102,Analytics Suite,Software,9,2709,GBP,UK,Salesperson_3,Won
O-600908,2023-01-26,101,CRM Pro,Software,1,1114,GBP,UK,Salesperson_3,Won
O-600909,2023-10-23,101,CRM Pro,Software,19,26790,USD,North America,Salesperson_5,Won
O-600910,2023-12-16,102,Analytics Suite,Software,11,752400,JPY,Japan,Salesperson_1,Won
O-600911,2024-05-09,201,POS Terminal,Hardware,20,27520,EUR,Europe,Salesperson_5,Won
O-600912,2023-10-17,201,POS Terminal,Hardware,19,11153,USD,North America,Salesperson_3,Won
O-600913,2024-05-13,102,Analytics Suite,Software,8,10672,USD,North America,Salesperson_6,Won
O-600914,2024-06-18,101,CRM Pro,Software,4,1638560,PKR,Pakistan,Salesperson_2,Won
O-600915,2023-02-07,102,Analytics Suite,Software,2,636,GBP,UK,Salesperson_6,Won
O-600916,2023-08-07,201,POS Terminal,Hardware,9,15579,EUR,Europe,Salesperson_9,Won
O-600917,2024-12-02,201,POS Terminal,Hardware,8,7728,USD,North America,Salesperson_1,Won
O-600918,2024-02-09,201,POS Terminal,Hardware,16,29616,EUR,Europe,Salesperson_8,Won
O-600919,2023-05-18,201,POS Terminal,Hardware,1,1388,EUR,Europe,Salesperson_2,Won
O-600920,2023-06-28,102,Analytics Suite,Software,9,13113,USD,North America,Salesperson_6,Won
O-600921,2024-11-16,201,POS Terminal,Hardware,10,16230,USD,North America,Salesperson_5,Won
O-600922,2024-08-22,102,Analytics Suite,Software,2,380,EUR,Europe,Salesperson_6,Won
O-600923,2024-07-15,102,Analytics Suite,Software,14,14840,EUR,Europe,Salesperson_8,Won
O-600924,2024-09-02,101,CRM Pro,Software,6,1451520,PKR,Pakistan,Salesperson_8,Won
O-600925,2024-06-01,201,POS Terminal,Hardware,1,608,USD,North America,Salesperson_2,Won
O-600926,2023-01-18,101,CRM Pro,Software,13,15340,GBP,UK,Salesperson_1,Won
O-600927,2024-12-24,102,Analytics Suite,Software,10,11910,GBP,UK,Salesperson_6,Won
O-600928,2023-07-20,102,Analytics Suite,Software,2,742,EUR,Europe,Salesperson_7,Won
O-600929,2023-11-17,101,CRM Pro,Software,10,8480,GBP,UK,Salesperson_7,Won
O-600930,2023-09-27,201,POS Terminal,Hardware,2,2316,USD,North America,Salesperson_4,Won
O-600931,2023-09-11,101,CRM Pro,Software,14,20384,EUR,Europe,Salesperson_4,Won
O-600932,2023-03-19,102,Analytics Suite,Software,18,3566700,JPY,Japan,Salesperson_8,Won
O-600933,2023-07-07,101,CRM Pro,Software,3,1072680,PKR,Pakistan,Salesperson_4,Won
O-600934,2024-04-20,201,POS Terminal,Hardware,2,2646,EUR,Europe,Salesperson_2,Won
O-600935,2024-08-30,201,POS Terminal,Hardware,5,7555,USD,North America,Salesperson_5,Won
O-600936,2024-02-01,101,CRM Pro,Software,11,4355120,PKR,Pakistan,Salesperson_7,Won
O-600937,2024-05-29,101,CRM Pro,Software,20,24100,EUR,Europe,Salesperson_8,Won
O-600938,2024-07-17,102,Analytics Suite,Software,9,16731,USD,North America,Salesperson_3,Won
O-600939,2023-10-12,102,Analytics Suite,Software,7,12971,EUR,Europe,Salesperson_4,Won
O-600940,2023-01-04,201,POS Terminal,Hardware,10,9400,GBP,UK,Salesperson_1,Won
O-600941,2023-05-24,201,POS Terminal,Hardware,5,573750,JPY,Japan,Salesperson_5,Won
O-600942,2024-08-21,201,POS Terminal,Hardware,9,15021,USD,North America,Salesperson_6,Won
O-600943,2024-06-19,201,POS Terminal,Hardware,19,3591000,PKR,Pakistan,Salesperson_8,Won
O-600944,2024-04-13,101,CRM Pro,Software,3,353250,JPY,Japan,Salesperson_8,Won
O-600945,2023-07-14,101,CRM Pro,Software,12,7488,GBP,UK,Salesperson_2,Won
O-600946,2024-11-09,201,POS Terminal,Hardware,2,3916,USD,North America,Salesperson_8,Won
O-600947,2023-09-04,201,POS Terminal,Hardware,5,3305,EUR,Europe,Salesperson_9,Won
O-600948,2024-06-10,102,Analytics Suite,Software,9,3690,GBP,UK,Salesperson_9,Won
O-600949,2024-05-11,201,POS Terminal,Hardware,16,3424,EUR,Europe,Salesperson_2,Won
O-600950,2024-05-15,101,CRM Pro,Software,18,6068160,PKR,Pakistan,Salesperson_6,Won
O-600951,2024-02-01,201,POS Terminal,Hardware,18,18342,GBP,UK,Salesperson_2,Won
O-600952,2023-10-20,201,POS Terminal,Hardware,18,16848,GBP,UK,Salesperson_9,Won
O-600953,2023-04-26,101,CRM Pro,Software,4,4940,USD,North America,Salesperson_2,Won
O-600954,2024-07-19,102,Analytics Suite,Software,9,3898440,PKR,Pakistan,Salesperson_5,Won
O-600955,2024-07-18,102,Analytics Suite,Software,7,1310400,JPY,Japan,Salesperson_6,Won
O-600956,2023-06-30,201,POS Terminal,Hardware,14,3640,USD,North America,Salesperson_9,Won
O-600957,2024-09-11,102,Analytics Suite,Software,15,14940,GBP,UK,Salesperson_6,Won
O-600958,2023-10-21,102,Analytics Suite,Software,10,17710,EUR,Europe,Salesperson_7,Won
O-600959,2023-03-03,101,CRM Pro,Software,17,8415,EUR,Europe,Salesperson_5,Won
O-600960,2023-01-23,101,CRM Pro,Software,14,3990,EUR,Europe,Salesperson_5,Won
O-600961,2024-04-16,201,POS Terminal,Hardware,1,921,EUR,Europe,Salesperson_9,Won
O-600962,2024-08-09,102,Analytics Suite,Software,5,492750,JPY,Japan,Salesperson_4,Won
O-600963,2023-04-10,102,Analytics Suite,Software,11,3641,EUR,Europe,Salesperson_4,Won
O-600964,2023-12-24,201,POS Terminal,Hardware,9,10233,EUR,Europe,Salesperson_2,Won
O-600965,2024-04-08,102,Analytics Suite,Software,10,2556400,PKR,Pakistan,Salesperson_7,Won
O-600966,2024-05-27,201,POS Terminal,Hardware,5,7650,USD,North America,Salesperson_9,Won
O-600967,2024-03-31,101,CRM Pro,Software,11,20416,EUR,Europe,Salesperson_4,Won
O-600968,2023-04-17,102,Analytics Suite,Software,16,29408,EUR,Europe,Salesperson_4,Won
O-600969,2023-03-20,101,CRM Pro,Software,13,3835650,JPY,Japan,Salesperson_9,Won
O-600970,2024-12-07,101,CRM Pro,Software,3,2772,EUR,Europe,Salesperson_5,Won
O-600971,2023-11-26,101,CRM Pro,Software,8,2388000,JPY,Japan,Salesperson_7,Won
O-600972,2023-07-26,201,POS Terminal,Hardware,13,12155,GBP,UK,Salesperson_8,Won
O-600973,2024-05-27,102,Analytics Suite,Software,13,12376,EUR,Europe,Salesperson_4,Won
O-600974,2023-01-17,102,Analytics Suite,Software,17,7837,GBP,UK,Salesperson_6,Won
O-600975,2024-03-25,102,Analytics Suite,Software,3,876600,JPY,Japan,Salesperson_4,Won
O-600976,2023-01-24,102,Analytics Suite,Software,8,1944,USD,North America,Salesperson_4,Won
O-600977,2023-02-05,201,POS Terminal,Hardware,14,10752,GBP,UK,Salesperson_7,Won
O-600978,2023-04-21,201,POS Terminal,Hardware,2,837200,PKR,Pakistan,Salesperson_4,Won
O-600979,2023-08-23,201,POS Terminal,Hardware,15,5340,USD,North America,Salesperson_3,Won
O-600980,2023-02-07,201,POS Terminal,Hardware,20,15440,GBP,UK,Salesperson_5,Won
O-600981,2023-11-03,101,CRM Pro,Software,3,4392,GBP,UK,Salesperson_4,Won
O-600982,2024-12-23,201,POS Terminal,Hardware,17,2404650,JPY,Japan,Salesperson_6,Won
O-600983,2024-08-20,201,POS Terminal,Hardware,20,3846000,JPY,Japan,Salesperson_3,Won
O-600984,2023-11-10,201,POS Terminal,Hardware,5,3460,EUR,Europe,Salesperson_2,Won
O-600985,2024-09-18,102,Analytics Suite,Software,10,14980,GBP,UK,Salesperson_2,Won
O-600986,2023-08-24,201,POS Terminal,Hardware,16,6442240,PKR,Pakistan,Salesperson_8,Won
O-600987,2024-01-07,201,POS Terminal,Hardware,14,13020,EUR,Europe,Salesperson_7,Won
O-600988,2023-11-04,102,Analytics Suite,Software,6,11280,EUR,Europe,Salesperson_2,Won
O-600989,2024-06-19,101,CRM Pro,Software,8,2224,USD,North America,Salesperson_2,Won
O-600990,2024-09-22,101,CRM Pro,Software,18,1895400,JPY,Japan,Salesperson_8,Won
O-600991,2024-12-02,102,Analytics Suite,Software,19,20292,USD,North America,Salesperson_4,Won
O-600992,2023-08-22,101,CRM Pro,Software,18,5724,GBP,UK,Salesperson_1,Won
O-600993,2023-05-03,201,POS Terminal,Hardware,13,13416,GBP,UK,Salesperson_1,Won
O-600994,2024-03-08,102,Analytics Suite,Software,13,6461,USD,North America,Salesperson_3,Won
O-600995,2024-10-21,101,CRM Pro,Software,11,7337,USD,North America,Salesperson_2,Won
O-600996,2024-10-04,102,Analytics Suite,Software,19,11324,GBP,UK,Salesperson_3,Won
O-600997,2023-06-13,101,CRM Pro,Software,16,7400960,PKR,Pakistan,Salesperson_2,Won
O-600998,2023-10-07,201,POS Terminal,Hardware,15,27225,EUR,Europe,Salesperson_1,Won
O-600999,2023-03-10,201,POS Terminal,Hardware,19,3747750,JPY,Japan,Salesperson_1,Won
O-601000,2024-05-05,101,CRM Pro,Software,16,13280,USD,North America,Salesperson_6,Won
O-601001,2023-01-08,102,Analytics Suite,Software,8,928800,JPY,Japan,Salesperson_9,Won
O-601002,2024-09-07,102,Analytics Suite,Software,17,26265,GBP,UK,Salesperson_5,Won
O-601003,2023-02-11,201,POS Terminal,Hardware,19,1175720,PKR,Pakistan,Salesperson_8,Won
O-601004,2024-09-26,102,Analytics Suite,Software,5,1131200,PKR,Pakistan,Salesperson_9,Won
O-601005,2024-02-19,201,POS Terminal,Hardware,11,2932050,JPY,Japan,Salesperson_3,Won
O-601006,2023-10-14,201,POS Terminal,Hardware,1,904,GBP,UK,Salesperson_3,Won
O-601007,2023-10-05,201,POS Terminal,Hardware,15,17460,EUR,Europe,Salesperson_4,Won
O-601008,2024-05-27,201,POS Terminal,Hardware,19,3559650,JPY,Japan,Salesperson_8,Won
O-601009,2024-02-01,101,CRM Pro,Software,2,113400,JPY,Japan,Salesperson_9,Won
O-601010,2024-06-23,201,POS Terminal,Hardware,18,7670880,PKR,Pakistan,Salesperson_2,Won
O-601011,2024-10-26,102,Analytics Suite,Software,2,2956,USD,North America,Salesperson_8,Won
O-601012,2023-03-07,201,POS Terminal,Hardware,15,12405,USD,North America,Salesperson_3,Won
O-601013,2023-01-16,102,Analytics Suite,Software,15,10395,USD,North America,Salesperson_1,Won
O-601014,2023-04-29,201,POS Terminal,Hardware,3,1440,GBP,UK,Salesperson_4,Won
O-601015,2024-06-03,102,Analytics Suite,Software,10,1632000,JPY,Japan,Salesperson_8,Won
O-601016,2023-05-27,101,CRM Pro,Software,16,8830080,PKR,Pakistan,Salesperson_3,Won
O-601017,2023-02-12,101,CRM Pro,Software,9,1799550,JPY,Japan,Salesperson_7,Won
O-601018,2023-05-07,102,Analytics Suite,Software,7,4214,EUR,Europe,Salesperson_1,Won
O-601019,2023-08-28,201,POS Terminal,Hardware,19,15960,USD,North America,Salesperson_7,Won
O-601020,2023-11-27,201,POS Terminal,Hardware,7,8022,GBP,UK,Salesperson_7,Won
O-601021,2024-10-30,201,POS Terminal,Hardware,13,2408250,JPY,Japan,Salesperson_2,Won
O-601022,2023-01-04,101,CRM Pro,Software,2,539100,JPY,Japan,Salesperson_2,Won
O-601023,2023-03-31,102,Analytics Suite,Software,19,31179,EUR,Europe,Salesperson_6,Won
O-601024,2024-12-13,102,Analytics Suite,Software,19,2077650,JPY,Japan,Salesperson_9,Won
O-601025,2023-12-09,102,Analytics Suite,Software,5,9550,USD,North America,Salesperson_7,Won
O-601026,2023-07-14,201,POS Terminal,Hardware,12,3960,EUR,Europe,Salesperson_3,Won
O-601027,2024-10-31,201,POS Terminal,Hardware,2,3408,EUR,Europe,Salesperson_6,Won
O-601028,2024-04-04,102,Analytics Suite,Software,7,11900,EUR,Europe,Salesperson_7,Won
O-601029,2023-01-26,201,POS Terminal,Hardware,13,11778,EUR,Europe,Salesperson_7,Won
O-601030,2023-10-23,102,Analytics Suite,Software,14,3747520,PKR,Pakistan,Salesperson_4,Won
O-601031,2024-01-09,201,POS Terminal,Hardware,17,30022,USD,North America,Salesperson_6,Won
O-601032,2024-01-24,102,Analytics Suite,Software,7,2646,GBP,UK,Salesperson_9,Won
O-601033,2024-08-11,102,Analytics Suite,Software,15,4481400,PKR,Pakistan,Salesperson_3,Won
O-601034,2023-07-18,102,Analytics Suite,Software,1,45750,JPY,Japan,Salesperson_1,Won
O-601035,2023-06-22,102,Analytics Suite,Software,3,3627,EUR,Europe,Salesperson_1,Won
O-601036,2023-05-24,201,POS Terminal,Hardware,14,5194,EUR,Europe,Salesperson_4,Won
O-601037,2024-06-22,102,Analytics Suite,Software,10,2600,GBP,UK,Salesperson_3,Won
O-601038,2023-03-20,101,CRM Pro,Software,16,18832,GBP,UK,Salesperson_8,Won
O-601039,2023-12-14,101,CRM Pro,Software,10,8730,USD,North America,Salesperson_6,Won
O-601040,2024-04-18,201,POS Terminal,Hardware,4,6296,USD,North America,Salesperson_5,Won
O-601041,2023-03-25,101,CRM Pro,Software,1,1873,EUR,Europe,Salesperson_1,Won
O-601042,2023-09-19,201,POS Terminal,Hardware,9,4662,GBP,UK,Salesperson_3,Won
O-601043,2023-02-03,102,Analytics Suite,Software,11,2641650,JPY,Japan,Salesperson_7,Won
O-601044,2024-09-25,102,Analytics Suite,Software,9,290250,JPY,Japan,Salesperson_1,Won
O-601045,2023-09-17,101,CRM Pro,Software,15,7581000,PKR,Pakistan,Salesperson_5,Won
O-601046,2024-09-16,201,POS Terminal,Hardware,19,28956,USD,North America,Salesperson_4,Won
O-601047,2024-04-13,201,POS Terminal,Hardware,9,2979,EUR,Europe,Salesperson_5,Won
O-601048,2023-05-30,101,CRM Pro,Software,3,906,EUR,Europe,Salesperson_8,Won
O-601049,2024-03-01,102,Analytics Suite,Software,6,2696400,PKR,Pakistan,Salesperson_5,Won
O-601050,2023-10-26,102,Analytics Suite,Software,3,615,EUR,Europe,Salesperson_6,Won
O-601051,2024-07-21,102,Analytics Suite,Software,6,2556,USD,North America,Salesperson_4,Won
O-601052,2023-05-18,201,POS Terminal,Hardware,19,11647,USD,North America,Salesperson_1,Won
O-601053,2024-10-20,102,Analytics Suite,Software,18,7182000,PKR,Pakistan,Salesperson_2,Won
O-601054,2023-11-07,101,CRM Pro,Software,10,16440,USD,North America,Salesperson_7,Won
O-601055,2024-01-27,101,CRM Pro,Software,3,3876,USD,North America,Salesperson_7,Won
O-601056,2023-05-01,201,POS Terminal,Hardware,14,3830400,JPY,Japan,Salesperson_8,Won
O-601057,2023-12-26,101,CRM Pro,Software,4,3464,GBP,UK,Salesperson_4,Won
O-601058,2024-08-30,102,Analytics Suite,Software,4,5416,GBP,UK,Salesperson_5,Won
O-601059,2024-03-04,102,Analytics Suite,Software,13,3381300,JPY,Japan,Salesperson_7,Won
O-601060,2024-02-05,102,Analytics Suite,Software,18,10530,USD,North America,Salesperson_8,Won
O-601061,2023-08-15,102,Analytics Suite,Software,7,576450,JPY,Japan,Salesperson_4,Won
O-601062,2023-12-25,201,POS Terminal,Hardware,3,1455720,PKR,Pakistan,Salesperson_5,Won
O-601063,2023-03-24,101,CRM Pro,Software,19,2408250,JPY,Japan,Salesperson_7,Won
O-601064,2024-12-06,101,CRM Pro,Software,1,205350,JPY,Japan,Salesperson_3,Won
O-601065,2023-03-15,102,Analytics Suite,Software,3,1935,GBP,UK,Salesperson_5,Won
O-601066,2024-01-04,201,POS Terminal,Hardware,5,6965,EUR,Europe,Salesperson_9,Won
O-601067,2024-10-22,201,POS Terminal,Hardware,17,4345200,JPY,Japan,Salesperson_5,Won
O-601068,2024-12-13,101,CRM Pro,Software,8,5728,EUR,Europe,Salesperson_6,Won
O-601069,2023-04-26,101,CRM Pro,Software,20,28520,USD,North America,Salesperson_5,Won
O-601070,2023-10-29,102,Analytics Suite,Software,17,4522,EUR,Europe,Salesperson_5,Won
O-601071,2023-12-11,101,CRM Pro,Software,16,5664,GBP,UK,Salesperson_4,Won
O-601072,2024-07-01,101,CRM Pro,Software,11,5401,GBP,UK,Salesperson_7,Won
O-601073,2023-11-04,101,CRM Pro,Software,20,6798400,PKR,Pakistan,Salesperson_4,Won
O-601074,2023-10-28,201,POS Terminal,Hardware,7,9177,EUR,Europe,Salesperson_8,Won
O-601075,2024-03-08,201,POS Terminal,Hardware,10,9840,GBP,UK,Salesperson_5,Won
O-601076,2024-08-21,102,Analytics Suite,Software,14,3220,GBP,UK,Salesperson_5,Won
O-601077,2023-05-02,101,CRM Pro,Software,16,8355200,PKR,Pakistan,Salesperson_8,Won
O-601078,2023-01-10,102,Analytics Suite,Software,4,2528,USD,North America,Salesperson_6,Won
O-601079,2024-07-29,101,CRM Pro,Software,9,5058,USD,North America,Salesperson_7,Won
O-601080,2024-07-16,201,POS Terminal,Hardware,8,2692480,PKR,Pakistan,Salesperson_3,Won
O-601081,2024-10-11,102,Analytics Suite,Software,10,916500,JPY,Japan,Salesperson_2,Won
O-601082,2023-06-23,102,Analytics Suite,Software,14,24696,EUR,Europe,Salesperson_9,Won
O-601083,2023-10-19,102,Analytics Suite,Software,10,18950,EUR,Europe,Salesperson_1,Won
O-601084,2024-11-20,102,Analytics Suite,Software,19,4867800,JPY,Japan,Salesperson_7,Won
O-601085,2023-08-14,101,CRM Pro,Software,17,26622,GBP,UK,Salesperson_3,Won
O-601086,2024-07-06,102,Analytics Suite,Software,14,8568,USD,North America,Salesperson_5,Won
O-601087,2023-01-31,201,POS Terminal,Hardware,6,8640,GBP,UK,Salesperson_8,Won
O-601088,2023-12-10,101,CRM Pro,Software,17,1938000,JPY,Japan,Salesperson_9,Won
O-601089,2023-12-03,102,Analytics Suite,Software,11,6985,GBP,UK,Salesperson_2,Won
O-601090,2024-01-01,201,POS Terminal,Hardware,3,3021,EUR,Europe,Salesperson_3,Won
O-601091,2023-01-01,101,CRM Pro,Software,10,5000,EUR,Europe,Salesperson_7,Won
O-601092,2024-05-29,201,POS Terminal,Hardware,11,12144,GBP,UK,Salesperson_8,Won
O-601093,2024-03-14,101,CRM Pro,Software,14,6216,EUR,Europe,Salesperson_6,Won
O-601094,2023-10-09,201,POS Terminal,Hardware,10,1978500,JPY,Japan,Salesperson_4,Won
O-601095,2023-07-31,102,Analytics Suite,Software,12,21624,USD,North America,Salesperson_7,Won
O-601096,2023-11-13,102,Analytics Suite,Software,4,4688,EUR,Europe,Salesperson_2,Won
O-601097,2024-11-09,201,POS Terminal,Hardware,18,15336,GBP,UK,Salesperson_4,Won
O-601098,2024-07-25,201,POS Terminal,Hardware,16,29936,EUR,Europe,Salesperson_7,Won
O-601099,2023-06-19,102,Analytics Suite,Software,8,7336,GBP,UK,Salesperson_5,Won
O-601100,2024-12-23,201,POS Terminal,Hardware,3,221760,PKR,Pakistan,Salesperson_5,Won
O-601101,2024-10-19,101,CRM Pro,Software,11,2750,EUR,Europe,Salesperson_9,Won
O-601102,2023-04-15,102,Analytics Suite,Software,10,3318000,PKR,Pakistan,Salesperson_9,Won
O-601103,2024-12-13,201,POS Terminal,Hardware,7,13293,EUR,Europe,Salesperson_6,Won
O-601104,2024-01-08,201,POS Terminal,Hardware,4,5520,GBP,UK,Salesperson_2,Won
O-601105,2024-09-23,102,Analytics Suite,Software,11,2192850,JPY,Japan,Salesperson_8,Won
O-601106,2024-09-06,201,POS Terminal,Hardware,19,7524,GBP,UK,Salesperson_7,Won
O-601107,2023-05-10,201,POS Terminal,Hardware,5,7115,USD,North America,Salesperson_6,Won
O-601108,2024-11-14,201,POS Terminal,Hardware,20,5420,EUR,Europe,Salesperson_6,Won
O-601109,2023-06-19,102,Analytics Suite,Software,10,9490,USD,North America,Salesperson_6,Won
O-601110,2023-12-08,101,CRM Pro,Software,13,8619,EUR,Europe,Salesperson_4,Won
O-601111,2023-12-29,102,Analytics Suite,Software,7,1602300,JPY,Japan,Salesperson_5,Won
O-601112,2023-11-11,101,CRM Pro,Software,2,1102,USD,North America,Salesperson_9,Won
O-601113,2024-01-12,101,CRM Pro,Software,6,270000,JPY,Japan,Salesperson_4,Won
O-601114,2023-06-17,201,POS Terminal,Hardware,15,8295000,PKR,Pakistan,Salesperson_4,Won
O-601115,2023-11-23,201,POS Terminal,Hardware,6,2449440,PKR,Pakistan,Salesperson_1,Won
O-601116,2023-06-16,201,POS Terminal,Hardware,8,1552,GBP,UK,Salesperson_4,Won
O-601117,2024-09-06,101,CRM Pro,Software,3,1011360,PKR,Pakistan,Salesperson_5,Won
O-601118,2024-08-15,101,CRM Pro,Software,4,1388800,PKR,Pakistan,Salesperson_1,Won
O-601119,2023-02-25,201,POS Terminal,Hardware,13,5794880,PKR,Pakistan,Salesperson_9,Won
O-601120,2023-09-30,101,CRM Pro,Software,5,9120,EUR,Europe,Salesperson_8,Won
O-601121,2023-09-06,102,Analytics Suite,Software,12,1807200,JPY,Japan,Salesperson_7,Won
O-601122,2023-10-12,102,Analytics Suite,Software,19,11628,GBP,UK,Salesperson_8,Won
O-601123,2023-02-07,102,Analytics Suite,Software,19,35815,USD,North America,Salesperson_8,Won
O-601124,2024-09-25,101,CRM Pro,Software,15,3588750,JPY,Japan,Salesperson_4,Won
O-601125,2024-04-18,201,POS Terminal,Hardware,17,28237,EUR,Europe,Salesperson_3,Won
O-601126,2023-04-26,201,POS Terminal,Hardware,9,951750,JPY,Japan,Salesperson_6,Won
O-601127,2023-05-08,101,CRM Pro,Software,5,9775,USD,North America,Salesperson_9,Won
O-601128,2023-02-26,102,Analytics Suite,Software,17,8262,EUR,Europe,Salesperson_6,Won
O-601129,2023-06-22,101,CRM Pro,Software,1,1203,USD,North America,Salesperson_6,Won
O-601130,2023-07-14,102,Analytics Suite,Software,9,11601,EUR,Europe,Salesperson_2,Won
O-601131,2024-09-09,102,Analytics Suite,Software,4,270000,JPY,Japan,Salesperson_6,Won
O-601132,2023-02-26,101,CRM Pro,Software,12,7272,USD,North America,Salesperson_6,Won
O-601133,2023-12-29,201,POS Terminal,Hardware,17,3812760,PKR,Pakistan,Salesperson_1,Won
O-601134,2023-07-18,102,Analytics Suite,Software,3,4107,EUR,Europe,Salesperson_5,Won
O-601135,2023-01-25,201,POS Terminal,Hardware,1,1662,EUR,Europe,Salesperson_5,Won
O-601136,2023-07-15,101,CRM Pro,Software,8,2535680,PKR,Pakistan,Salesperson_2,Won
O-601137,2024-12-22,102,Analytics Suite,Software,5,402000,JPY,Japan,Salesperson_9,Won
O-601138,2023-03-08,102,Analytics Suite,Software,7,13293,EUR,Europe,Salesperson_4,Won
O-601139,2023-10-14,101,CRM Pro,Software,14,5789840,PKR,Pakistan,Salesperson_7,Won
O-601140,2023-02-13,101,CRM Pro,Software,2,1752,USD,North America,Salesperson_5,Won
O-601141,2024-07-19,201,POS Terminal,Hardware,19,7866,GBP,UK,Salesperson_3,Won
O-601142,2024-08-25,201,POS Terminal,Hardware,1,1120,USD,North America,Salesperson_1,Won
O-601143,2024-03-23,102,Analytics Suite,Software,15,1136250,JPY,Japan,Salesperson_8,Won
O-601144,2024-07-05,102,Analytics Suite,Software,13,3792750,JPY,Japan,Salesperson_4,Won
O-601145,2023-07-29,101,CRM Pro,Software,9,4590,GBP,UK,Salesperson_5,Won
O-601146,2023-08-14,102,Analytics Suite,Software,19,29754,EUR,Europe,Salesperson_9,Won
O-601147,2023-10-31,201,POS Terminal,Hardware,8,3304000,PKR,Pakistan,Salesperson_9,Won
O-601148,2023-09-13,101,CRM Pro,Software,15,27300,EUR,Europe,Salesperson_7,Won
O-601149,2023-03-19,102,Analytics Suite,Software,19,5187,EUR,Europe,Salesperson_4,Won
O-601150,2023-03-25,102,Analytics Suite,Software,6,1464,USD,North America,Salesperson_1,Won
O-601151,2024-10-13,101,CRM Pro,Software,3,4047,USD,North America,Salesperson_9,Won
O-601152,2024-03-24,102,Analytics Suite,Software,20,23680,USD,North America,Salesperson_7,Won
O-601153,2023-08-31,201,POS Terminal,Hardware,10,3500,USD,North America,Salesperson_6,Won
O-601154,2023-03-09,201,POS Terminal,Hardware,4,4912,USD,North America,Salesperson_9,Won
O-601155,2024-10-01,201,POS Terminal,Hardware,18,9702,USD,North America,Salesperson_4,Won
O-601156,2024-11-15,101,CRM Pro,Software,8,2766400,PKR,Pakistan,Salesperson_3,Won
O-601157,2024-12-28,102,Analytics Suite,Software,1,326760,PKR,Pakistan,Salesperson_4,Won
O-601158,2023-09-05,102,Analytics Suite,Software,4,1749440,PKR,Pakistan,Salesperson_4,Won
O-601159,2023-10-25,101,CRM Pro,Software,19,3745280,PKR,Pakistan,Salesperson_7,Won
O-601160,2023-06-04,201,POS Terminal,Hardware,2,3658,USD,North America,Salesperson_1,Won
O-601161,2023-05-12,101,CRM Pro,Software,17,8449,GBP,UK,Salesperson_6,Won
O-601162,2024-05-18,201,POS Terminal,Hardware,18,2116800,PKR,Pakistan,Salesperson_7,Won
O-601163,2024-11-22,201,POS Terminal,Hardware,6,477120,PKR,Pakistan,Salesperson_6,Won
O-601164,2024-12-18,101,CRM Pro,Software,5,231750,JPY,Japan,Salesperson_7,Won
O-601165,2024-10-30,201,POS Terminal,Hardware,7,4396,USD,North America,Salesperson_1,Won
O-601166,2023-09-30,101,CRM Pro,Software,19,4807,USD,North America,Salesperson_2,Won
O-601167,2024-01-12,201,POS Terminal,Hardware,19,21090,GBP,UK,Salesperson_3,Won
O-601168,2023-02-23,201,POS Terminal,Hardware,19,3781,GBP,UK,Salesperson_8,Won
O-601169,2024-08-10,102,Analytics Suite,Software,18,9732240,PKR,Pakistan,Salesperson_6,Won
O-601170,2024-12-05,102,Analytics Suite,Software,19,3548440,PKR,Pakistan,Salesperson_7,Won
O-601171,2023-07-09,101,CRM Pro,Software,14,2595600,JPY,Japan,Salesperson_7,Won
O-601172,2024-08-16,101,CRM Pro,Software,6,3213840,PKR,Pakistan,Salesperson_8,Won
O-601173,2023-01-01,102,Analytics Suite,Software,19,10006920,PKR,Pakistan,Salesperson_8,Won
O-601174,2023-11-05,101,CRM Pro,Software,1,129150,JPY,Japan,Salesperson_5,Won
O-601175,2023-10-03,101,CRM Pro,Software,11,9779,EUR,Europe,Salesperson_1,Won
O-601176,2023-01-28,201,POS Terminal,Hardware,12,1254600,JPY,Japan,Salesperson_9,Won
O-601177,2023-02-12,101,CRM Pro,Software,18,1144800,JPY,Japan,Salesperson_8,Won
O-601178,2024-06-18,201,POS Terminal,Hardware,19,17385,GBP,UK,Salesperson_3,Won
O-601179,2024-10-09,101,CRM Pro,Software,13,3068520,PKR,Pakistan,Salesperson_7,Won
O-601180,2023-05-20,102,Analytics Suite,Software,5,3760,GBP,UK,Salesperson_7,Won
O-601181,2024-10-07,102,Analytics Suite,Software,5,5870,GBP,UK,Salesperson_9,Won
O-601182,2024-06-19,101,CRM Pro,Software,20,36480,EUR,Europe,Salesperson_4,Won
O-601183,2024-12-09,201,POS Terminal,Hardware,16,15648,USD,North America,Salesperson_9,Won
O-601184,2023-10-14,102,Analytics Suite,Software,17,3825,EUR,Europe,Salesperson_7,Won
O-601185,2023-09-16,201,POS Terminal,Hardware,8,4159680,PKR,Pakistan,Salesperson_5,Won
O-601186,2023-08-12,102,Analytics Suite,Software,8,1177200,JPY,Japan,Salesperson_7,Won
O-601187,2023-07-24,102,Analytics Suite,Software,16,8848,GBP,UK,Salesperson_5,Won
O-601188,2024-11-30,101,CRM Pro,Software,4,1869280,PKR,Pakistan,Salesperson_3,Won
O-601189,2024-11-27,102,Analytics Suite,Software,16,3200,GBP,UK,Salesperson_3,Won
O-601190,2023-04-21,102,Analytics Suite,Software,9,660240,PKR,Pakistan,Salesperson_3,Won
O-601191,2023-02-20,102,Analytics Suite,Software,19,4893450,JPY,Japan,Salesperson_7,Won
O-601192,2024-06-06,102,Analytics Suite,Software,5,3135,EUR,Europe,Salesperson_4,Won
O-601193,2023-04-18,101,CRM Pro,Software,2,2334,EUR,Europe,Salesperson_6,Won
O-601194,2023-07-23,102,Analytics Suite,Software,8,2130000,JPY,Japan,Salesperson_3,Won
O-601195,2023-02-04,201,POS Terminal,Hardware,3,3219,GBP,UK,Salesperson_5,Won
O-601196,2023-06-17,102,Analytics Suite,Software,14,3927840,PKR,Pakistan,Salesperson_9,Won
O-601197,2023-09-22,101,CRM Pro,Software,7,3724,EUR,Europe,Salesperson_2,Won
O-601198,2023-02-08,201,POS Terminal,Hardware,16,12784,USD,North America,Salesperson_5,Won
O-601199,2023-11-06,101,CRM Pro,Software,6,572880,PKR,Pakistan,Salesperson_5,Won
O-601200,2024-12-15,102,Analytics Suite,Software,5,346500,JPY,Japan,Salesperson_8,Won
O-601201,2024-05-13,101,CRM Pro,Software,3,2613,USD,North America,Salesperson_2,Won
O-601202,2023-01-02,102,Analytics Suite,Software,16,32000,USD,North America,Salesperson_5,Won
O-601203,2024-11-14,201,POS Terminal,Hardware,10,5010,USD,North America,Salesperson_4,Won
O-601204,2023-08-11,101,CRM Pro,Software,5,2160200,PKR,Pakistan,Salesperson_1,Won
O-601205,2024-10-27,102,Analytics Suite,Software,1,912,USD,North America,Salesperson_3,Won
O-601206,2024-10-26,101,CRM Pro,Software,12,2980800,JPY,Japan,Salesperson_5,Won
O-601207,2023-02-03,201,POS Terminal,Hardware,13,5936840,PKR,Pakistan,Salesperson_4,Won
O-601208,2023-12-09,101,CRM Pro,Software,16,2001600,JPY,Japan,Salesperson_5,Won
O-601209,2023-12-08,102,Analytics Suite,Software,4,3800,EUR,Europe,Salesperson_3,Won
O-601210,2024-06-03,102,Analytics Suite,Software,17,9320080,PKR,Pakistan,Salesperson_7,Won
O-601211,2024-01-02,102,Analytics Suite,Software,3,1503,EUR,Europe,Salesperson_8,Won
O-601212,2024-08-02,201,POS Terminal,Hardware,8,2607360,PKR,Pakistan,Salesperson_6,Won
O-601213,2024-03-14,102,Analytics Suite,Software,13,11193,EUR,Europe,Salesperson_1,Won
O-601214,2024-05-28,201,POS Terminal,Hardware,13,17771,EUR,Europe,Salesperson_1,Won
O-601215,2023-06-06,201,POS Terminal,Hardware,1,443240,PKR,Pakistan,Salesperson_9,Won
O-601216,2024-10-19,101,CRM Pro,Software,4,1152,GBP,UK,Salesperson_1,Won
O-601217,2024-03-21,101,CRM Pro,Software,3,3477,GBP,UK,Salesperson_8,Won
O-601218,2024-02-17,102,Analytics Suite,Software,6,7860,EUR,Europe,Salesperson_7,Won
O-601219,2023-01-05,101,CRM Pro,Software,18,21096,GBP,UK,Salesperson_2,Won
O-601220,2023-05-31,102,Analytics Suite,Software,9,3015,GBP,UK,Salesperson_1,Won
O-601221,2024-08-31,101,CRM Pro,Software,1,466,GBP,UK,Salesperson_5,Won
O-601222,2024-07-10,201,POS Terminal,Hardware,16,26576,USD,North America,Salesperson_6,Won
O-601223,2024-08-31,102,Analytics Suite,Software,14,3517500,JPY,Japan,Salesperson_6,Won
O-601224,2024-05-27,102,Analytics Suite,Software,8,4287360,PKR,Pakistan,Salesperson_7,Won
O-601225,2023-07-22,101,CRM Pro,Software,16,2217600,JPY,Japan,Salesperson_1,Won
O-601226,2024-05-04,201,POS Terminal,Hardware,15,1291500,JPY,Japan,Salesperson_8,Won
O-601227,2024-05-02,101,CRM Pro,Software,7,6930,EUR,Europe,Salesperson_9,Won
O-601228,2024-11-25,101,CRM Pro,Software,12,19428,EUR,Europe,Salesperson_5,Won
O-601229,2024-05-29,101,CRM Pro,Software,4,214200,JPY,Japan,Salesperson_4,Won
O-601230,2024-10-11,201,POS Terminal,Hardware,3,3462,EUR,Europe,Salesperson_9,Won
O-601231,2024-01-05,102,Analytics Suite,Software,17,32215,EUR,Europe,Salesperson_3,Won
O-601232,2024-05-22,101,CRM Pro,Software,9,9846,GBP,UK,Salesperson_5,Won
O-601233,2023-07-14,201,POS Terminal,Hardware,8,7080,EUR,Europe,Salesperson_4,Won
O-601234,2023-12-11,102,Analytics Suite,Software,11,4968040,PKR,Pakistan,Salesperson_6,Won
O-601235,2023-09-05,101,CRM Pro,Software,18,17712,GBP,UK,Salesperson_1,Won
O-601236,2024-12-16,101,CRM Pro,Software,20,10140,USD,North America,Salesperson_2,Won
O-601237,2023-07-27,102,Analytics Suite,Software,8,1281280,PKR,Pakistan,Salesperson_5,Won
O-601238,2024-03-06,201,POS Terminal,Hardware,11,1330560,PKR,Pakistan,Salesperson_2,Won
O-601239,2024-10-10,201,POS Terminal,Hardware,8,13008,USD,North America,Salesperson_7,Won
O-601240,2024-12-12,102,Analytics Suite,Software,1,1219,USD,North America,Salesperson_7,Won
O-601241,2023-01-04,102,Analytics Suite,Software,10,10440,USD,North America,Salesperson_3,Won
O-601242,2024-10-13,101,CRM Pro,Software,15,2931750,JPY,Japan,Salesperson_3,Won
O-601243,2024-05-20,201,POS Terminal,Hardware,2,379500,JPY,Japan,Salesperson_1,Won
O-601244,2024-07-25,101,CRM Pro,Software,18,9066960,PKR,Pakistan,Salesperson_9,Won
O-601245,2023-09-04,101,CRM Pro,Software,9,5679,EUR,Europe,Salesperson_5,Won
O-601246,2023-11-12,201,POS Terminal,Hardware,19,1587450,JPY,Japan,Salesperson_7,Won
O-601247,2023-03-03,102,Analytics Suite,Software,2,638,USD,North America,Salesperson_6,Won
O-601248,2023-09-10,101,CRM Pro,Software,2,1972,EUR,Europe,Salesperson_5,Won
O-601249,2024-02-20,201,POS Terminal,Hardware,10,1910,GBP,UK,Salesperson_5,Won
O-601250,2024-01-30,102,Analytics Suite,Software,9,3701880,PKR,Pakistan,Salesperson_4,Won
O-601251,2023-11-22,102,Analytics Suite,Software,10,4597600,PKR,Pakistan,Salesperson_2,Won
O-601252,2024-04-22,201,POS Terminal,Hardware,9,4117680,PKR,Pakistan,Salesperson_8,Won
O-601253,2023-11-12,102,Analytics Suite,Software,20,1618400,PKR,Pakistan,Salesperson_2,Won
O-601254,2023-12-22,201,POS Terminal,Hardware,2,1016,GBP,UK,Salesperson_6,Won
O-601255,2023-01-17,201,POS Terminal,Hardware,16,945600,JPY,Japan,Salesperson_6,Won
O-601256,2024-09-28,102,Analytics Suite,Software,4,7044,EUR,Europe,Salesperson_7,Won
O-601257,2023-04-15,201,POS Terminal,Hardware,7,1305150,JPY,Japan,Salesperson_6,Won
O-601258,2024-03-07,102,Analytics Suite,Software,15,6552000,PKR,Pakistan,Salesperson_1,Won
O-601259,2024-10-29,201,POS Terminal,Hardware,20,8411200,PKR,Pakistan,Salesperson_4,Won
O-601260,2023-12-11,101,CRM Pro,Software,11,2525600,PKR,Pakistan,Salesperson_6,Won
O-601261,2024-03-26,102,Analytics Suite,Software,1,1395,GBP,UK,Salesperson_3,Won
O-601262,2024-11-06,101,CRM Pro,Software,11,9977,EUR,Europe,Salesperson_7,Won
O-601263,2023-06-03,201,POS Terminal,Hardware,3,178920,PKR,Pakistan,Salesperson_7,Won
O-601264,2024-10-07,102,Analytics Suite,Software,8,9408,GBP,UK,Salesperson_1,Won
O-601265,2024-09-06,101,CRM Pro,Software,7,2268,USD,North America,Salesperson_5,Won
O-601266,2023-11-05,201,POS Terminal,Hardware,20,5000,USD,North America,Salesperson_1,Won
O-601267,2024-11-28,101,CRM Pro,Software,11,2970,USD,North America,Salesperson_6,Won
O-601268,2023-01-13,201,POS Terminal,Hardware,19,1051650,JPY,Japan,Salesperson_7,Won
O-601269,2023-11-24,101,CRM Pro,Software,15,26685,USD,North America,Salesperson_2,Won
O-601270,2023-03-15,102,Analytics Suite,Software,6,7542,EUR,Europe,Salesperson_3,Won
O-601271,2024-10-18,101,CRM Pro,Software,13,1581450,JPY,Japan,Salesperson_5,Won
O-601272,2023-02-24,102,Analytics Suite,Software,9,1164240,PKR,Pakistan,Salesperson_9,Won
O-601273,2023-11-13,201,POS Terminal,Hardware,4,3564,GBP,UK,Salesperson_3,Won
O-601274,2024-06-03,201,POS Terminal,Hardware,20,7761600,PKR,Pakistan,Salesperson_2,Won
O-601275,2024-04-25,201,POS Terminal,Hardware,17,10778,GBP,UK,Salesperson_8,Won
O-601276,2023-05-13,102,Analytics Suite,Software,12,2664,EUR,Europe,Salesperson_4,Won
O-601277,2023-03-07,201,POS Terminal,Hardware,5,762750,JPY,Japan,Salesperson_2,Won
O-601278,2023-09-14,101,CRM Pro,Software,12,2701800,JPY,Japan,Salesperson_2,Won
O-601279,2023-12-23,101,CRM Pro,Software,15,1485000,JPY,Japan,Salesperson_2,Won
O-601280,2024-04-24,102,Analytics Suite,Software,20,4671000,JPY,Japan,Salesperson_6,Won
O-601281,2023-06-15,102,Analytics Suite,Software,2,1650,EUR,Europe,Salesperson_5,Won
O-601282,2024-11-27,102,Analytics Suite,Software,20,7980000,PKR,Pakistan,Salesperson_1,Won
O-601283,2023-01-31,201,POS Terminal,Hardware,14,19152,EUR,Europe,Salesperson_1,Won
O-601284,2023-08-02,102,Analytics Suite,Software,15,11025,EUR,Europe,Salesperson_7,Won
O-601285,2024-09-01,201,POS Terminal,Hardware,13,5980520,PKR,Pakistan,Salesperson_8,Won
O-601286,2023-07-23,102,Analytics Suite,Software,15,4821600,PKR,Pakistan,Salesperson_1,Won
O-601287,2024-04-08,102,Analytics Suite,Software,1,114240,PKR,Pakistan,Salesperson_2,Won
O-601288,2023-03-10,101,CRM Pro,Software,18,26280,EUR,Europe,Salesperson_9,Won
O-601289,2024-05-06,101,CRM Pro,Software,18,1295280,PKR,Pakistan,Salesperson_1,Won
O-601290,2024-02-02,101,CRM Pro,Software,3,2808,GBP,UK,Salesperson_9,Won
O-601291,2023-09-08,102,Analytics Suite,Software,6,5208,EUR,Europe,Salesperson_1,Won
O-601292,2024-07-17,101,CRM Pro,Software,15,7392000,PKR,Pakistan,Salesperson_5,Won
O-601293,2023-10-09,102,Analytics Suite,Software,15,7245000,PKR,Pakistan,Salesperson_4,Won
O-601294,2023-08-08,101,CRM Pro,Software,1,415240,PKR,Pakistan,Salesperson_8,Won
O-601295,2024-11-30,201,POS Terminal,Hardware,17,1013880,PKR,Pakistan,Salesperson_1,Won
O-601296,2024-03-28,201,POS Terminal,Hardware,5,1640,EUR,Europe,Salesperson_6,Won
O-601297,2023-05-22,102,Analytics Suite,Software,10,5140,GBP,UK,Salesperson_9,Won
O-601298,2023-03-14,201,POS Terminal,Hardware,3,4440,USD,North America,Salesperson_6,Won
O-601299,2024-05-14,102,Analytics Suite,Software,11,5969040,PKR,Pakistan,Salesperson_8,Won
O-601300,2024-04-28,102,Analytics Suite,Software,8,8104,EUR,Europe,Salesperson_4,Won
O-601301,2023-06-12,101,CRM Pro,Software,2,552300,JPY,Japan,Salesperson_7,Won
O-601302,2024-06-21,201,POS Terminal,Hardware,12,7680,EUR,Europe,Salesperson_9,Won
O-601303,2023-09-15,102,Analytics Suite,Software,7,12537,USD,North America,Salesperson_1,Won
O-601304,2024-04-11,101,CRM Pro,Software,19,9294040,PKR,Pakistan,Salesperson_3,Won
O-601305,2023-05-28,101,CRM Pro,Software,10,17000,EUR,Europe,Salesperson_2,Won
O-601306,2024-05-10,201,POS Terminal,Hardware,19,17252,GBP,UK,Salesperson_4,Won
O-601307,2024-10-13,101,CRM Pro,Software,8,1750800,JPY,Japan,Salesperson_6,Won
O-601308,2023-11-21,102,Analytics Suite,Software,4,1729280,PKR,Pakistan,Salesperson_6,Won
O-601309,2023-08-08,102,Analytics Suite,Software,1,168,GBP,UK,Salesperson_2,Won
O-601310,2023-05-24,201,POS Terminal,Hardware,6,620100,JPY,Japan,Salesperson_7,Won
O-601311,2023-12-26,102,Analytics Suite,Software,14,15162,EUR,Europe,Salesperson_8,Won
O-601312,2023-05-22,201,POS Terminal,Hardware,14,14532,GBP,UK,Salesperson_9,Won
O-601313,2024-12-28,102,Analytics Suite,Software,3,5283,USD,North America,Salesperson_8,Won
O-601314,2024-06-09,102,Analytics Suite,Software,12,1200600,JPY,Japan,Salesperson_9,Won
O-601315,2024-01-25,201,POS Terminal,Hardware,18,18954,GBP,UK,Salesperson_3,Won
O-601316,2024-05-27,102,Analytics Suite,Software,20,10287200,PKR,Pakistan,Salesperson_8,Won
O-601317,2024-02-18,201,POS Terminal,Hardware,5,2335,GBP,UK,Salesperson_8,Won
O-601318,2024-09-24,102,Analytics Suite,Software,2,1946,GBP,UK,Salesperson_9,Won
O-601319,2024-11-12,101,CRM Pro,Software,1,119550,JPY,Japan,Salesperson_6,Won
O-601320,2024-02-27,101,CRM Pro,Software,13,7852,USD,North America,Salesperson_6,Won
O-601321,2024-04-17,201,POS Terminal,Hardware,4,1784,EUR,Europe,Salesperson_5,Won
O-601322,2024-10-12,101,CRM Pro,Software,13,14092,USD,North America,Salesperson_2,Won
O-601323,2023-12-13,101,CRM Pro,Software,20,3337600,PKR,Pakistan,Salesperson_7,Won
O-601324,2023-11-15,101,CRM Pro,Software,5,2611000,PKR,Pakistan,Salesperson_1,Won
O-601325,2023-01-12,201,POS Terminal,Hardware,15,6600,GBP,UK,Salesperson_9,Won
O-601326,2023-01-19,101,CRM Pro,Software,18,3312,GBP,UK,Salesperson_8,Won
O-601327,2024-01-18,101,CRM Pro,Software,5,2686600,PKR,Pakistan,Salesperson_2,Won
O-601328,2024-10-31,101,CRM Pro,Software,19,11495,EUR,Europe,Salesperson_1,Won
O-601329,2023-06-05,201,POS Terminal,Hardware,9,12105,USD,North America,Salesperson_4,Won
O-601330,2024-07-08,201,POS Terminal,Hardware,11,14157,USD,North America,Salesperson_9,Won
O-601331,2023-02-21,201,POS Terminal,Hardware,8,10360,GBP,UK,Salesperson_9,Won
O-601332,2023-02-06,201,POS Terminal,Hardware,12,2125800,JPY,Japan,Salesperson_6,Won
O-601333,2024-11-22,201,POS Terminal,Hardware,8,3240,USD,North America,Salesperson_6,Won
O-601334,2024-02-19,201,POS Terminal,Hardware,3,2835,EUR,Europe,Salesperson_8,Won
O-601335,2023-10-31,102,Analytics Suite,Software,13,6744920,PKR,Pakistan,Salesperson_7,Won
O-601336,2023-04-25,101,CRM Pro,Software,5,3160,GBP,UK,Salesperson_2,Won
O-601337,2023-06-08,101,CRM Pro,Software,5,4090,EUR,Europe,Salesperson_2,Won
O-601338,2023-11-07,102,Analytics Suite,Software,18,31860,EUR,Europe,Salesperson_6,Won
O-601339,2023-07-13,102,Analytics Suite,Software,12,13188,EUR,Europe,Salesperson_1,Won
O-601340,2023-03-04,102,Analytics Suite,Software,9,2473200,JPY,Japan,Salesperson_2,Won
O-601341,2024-01-28,101,CRM Pro,Software,3,3060,EUR,Europe,Salesperson_8,Won
O-601342,2024-12-16,201,POS Terminal,Hardware,4,3124,GBP,UK,Salesperson_7,Won
O-601343,2024-02-27,102,Analytics Suite,Software,16,1912800,JPY,Japan,Salesperson_6,Won
O-601344,2024-05-01,102,Analytics Suite,Software,14,19292,EUR,Europe,Salesperson_1,Won
O-601345,2023-09-03,101,CRM Pro,Software,7,3241,EUR,Europe,Salesperson_9,Won
O-601346,2023-05-01,101,CRM Pro,Software,4,932,USD,North America,Salesperson_7,Won
O-601347,2023-11-21,201,POS Terminal,Hardware,11,20592,EUR,Europe,Salesperson_1,Won
O-601348,2024-11-30,101,CRM Pro,Software,9,2093850,JPY,Japan,Salesperson_5,Won
O-601349,2024-04-24,101,CRM Pro,Software,20,7540,GBP,UK,Salesperson_9,Won
O-601350,2023-11-02,201,POS Terminal,Hardware,13,3822,GBP,UK,Salesperson_5,Won
O-601351,2023-08-15,102,Analytics Suite,Software,3,234000,JPY,Japan,Salesperson_4,Won
O-601352,2024-07-05,101,CRM Pro,Software,10,14960,USD,North America,Salesperson_8,Won
O-601353,2024-03-15,101,CRM Pro,Software,1,58800,PKR,Pakistan,Salesperson_7,Won
O-601354,2023-10-08,201,POS Terminal,Hardware,7,1820,GBP,UK,Salesperson_1,Won
O-601355,2024-02-14,101,CRM Pro,Software,4,694200,JPY,Japan,Salesperson_9,Won
O-601356,2024-03-22,102,Analytics Suite,Software,12,16920,USD,North America,Salesperson_5,Won
O-601357,2024-06-01,101,CRM Pro,Software,15,6285,GBP,UK,Salesperson_5,Won
O-601358,2024-01-13,101,CRM Pro,Software,11,7909,EUR,Europe,Salesperson_3,Won
O-601359,2024-05-26,201,POS Terminal,Hardware,11,4678520,PKR,Pakistan,Salesperson_7,Won
O-601360,2024-08-07,201,POS Terminal,Hardware,19,21546,EUR,Europe,Salesperson_5,Won
O-601361,2024-12-21,102,Analytics Suite,Software,1,1160,GBP,UK,Salesperson_1,Won
O-601362,2023-12-29,101,CRM Pro,Software,14,23786,EUR,Europe,Salesperson_6,Won
O-601363,2024-12-28,102,Analytics Suite,Software,10,15540,GBP,UK,Salesperson_9,Won
O-601364,2024-09-02,201,POS Terminal,Hardware,5,1055,EUR,Europe,Salesperson_6,Won
O-601365,2023-11-15,201,POS Terminal,Hardware,2,2760,GBP,UK,Salesperson_3,Won
O-601366,2023-01-27,201,POS Terminal,Hardware,10,15240,GBP,UK,Salesperson_4,Won
O-601367,2023-07-17,201,POS Terminal,Hardware,11,10230,EUR,Europe,Salesperson_8,Won
O-601368,2023-06-09,201,POS Terminal,Hardware,8,5048,GBP,UK,Salesperson_9,Won
O-601369,2023-04-26,102,Analytics Suite,Software,20,9240,GBP,UK,Salesperson_5,Won
O-601370,2024-07-06,201,POS Terminal,Hardware,5,624750,JPY,Japan,Salesperson_1,Won
O-601371,2023-06-02,101,CRM Pro,Software,20,945000,JPY,Japan,Salesperson_9,Won
O-601372,2024-02-22,102,Analytics Suite,Software,5,2370,GBP,UK,Salesperson_4,Won
O-601373,2024-09-24,201,POS Terminal,Hardware,11,10967,GBP,UK,Salesperson_3,Won
O-601374,2024-08-23,201,POS Terminal,Hardware,1,372680,PKR,Pakistan,Salesperson_1,Won
O-601375,2023-10-10,102,Analytics Suite,Software,6,2704800,PKR,Pakistan,Salesperson_8,Won
O-601376,2024-03-31,101,CRM Pro,Software,19,8018,USD,North America,Salesperson_9,Won
O-601377,2024-02-01,201,POS Terminal,Hardware,6,1528800,PKR,Pakistan,Salesperson_1,Won
O-601378,2023-10-16,102,Analytics Suite,Software,3,135450,JPY,Japan,Salesperson_6,Won
O-601379,2024-11-25,101,CRM Pro,Software,14,12572,GBP,UK,Salesperson_1,Won
O-601380,2024-07-15,101,CRM Pro,Software,4,197400,JPY,Japan,Salesperson_2,Won
O-601381,2024-03-03,201,POS Terminal,Hardware,14,11144,GBP,UK,Salesperson_1,Won
O-601382,2024-08-28,101,CRM Pro,Software,17,4605300,JPY,Japan,Salesperson_7,Won
O-601383,2024-04-19,101,CRM Pro,Software,11,19877,USD,North America,Salesperson_9,Won
O-601384,2024-11-18,101,CRM Pro,Software,19,1296750,JPY,Japan,Salesperson_6,Won
O-601385,2023-10-10,201,POS Terminal,Hardware,2,1934,GBP,UK,Salesperson_6,Won
O-601386,2023-09-22,101,CRM Pro,Software,3,181350,JPY,Japan,Salesperson_2,Won
O-601387,2023-05-26,102,Analytics Suite,Software,16,2220000,JPY,Japan,Salesperson_1,Won
O-601388,2023-12-14,101,CRM Pro,Software,2,1876,EUR,Europe,Salesperson_3,Won
O-601389,2024-02-11,101,CRM Pro,Software,7,4620,GBP,UK,Salesperson_3,Won
O-601390,2024-04-09,101,CRM Pro,Software,5,2570,GBP,UK,Salesperson_7,Won
O-601391,2023-06-27,201,POS Terminal,Hardware,20,2736000,JPY,Japan,Salesperson_2,Won
O-601392,2024-04-05,101,CRM Pro,Software,14,9828,USD,North America,Salesperson_4,Won
O-601393,2023-08-22,201,POS Terminal,Hardware,12,3396,GBP,UK,Salesperson_6,Won
O-601394,2024-11-12,101,CRM Pro,Software,20,3537000,JPY,Japan,Salesperson_8,Won
O-601395,2024-05-08,201,POS Terminal,Hardware,12,19992,EUR,Europe,Salesperson_5,Won
O-601396,2023-06-01,101,CRM Pro,Software,10,17150,USD,North America,Salesperson_6,Won
O-601397,2023-12-27,201,POS Terminal,Hardware,1,166200,JPY,Japan,Salesperson_5,Won
O-601398,2023-04-08,102,Analytics Suite,Software,4,1868,EUR,Europe,Salesperson_2,Won
O-601399,2023-07-28,101,CRM Pro,Software,7,5880,GBP,UK,Salesperson_1,Won
O-601400,2024-11-16,102,Analytics Suite,Software,15,5820,USD,North America,Salesperson_3,Won
O-601401,2023-11-19,201,POS Terminal,Hardware,13,5529160,PKR,Pakistan,Salesperson_6,Won
O-601402,2023-10-28,201,POS Terminal,Hardware,3,4716,EUR,Europe,Salesperson_4,Won
O-601403,2024-06-26,201,POS Terminal,Hardware,4,5888,USD,North America,Salesperson_5,Won
O-601404,2024-05-04,101,CRM Pro,Software,8,5208,GBP,UK,Salesperson_3,Won
O-601405,2024-04-18,201,POS Terminal,Hardware,16,16576,USD,North America,Salesperson_2,Won
O-601406,2024-05-11,201,POS Terminal,Hardware,14,4774,GBP,UK,Salesperson_3,Won
O-601407,2024-09-26,102,Analytics Suite,Software,14,15190,USD,North America,Salesperson_3,Won
O-601408,2023-10-22,101,CRM Pro,Software,5,3135,EUR,Europe,Salesperson_6,Won
O-601409,2024-10-23,101,CRM Pro,Software,5,2210600,PKR,Pakistan,Salesperson_3,Won
O-601410,2024-02-09,102,Analytics Suite,Software,18,7061040,PKR,Pakistan,Salesperson_1,Won
O-601411,2024-09-03,201,POS Terminal,Hardware,19,19665,GBP,UK,Salesperson_9,Won
O-601412,2023-04-23,101,CRM Pro,Software,15,25275,USD,North America,Salesperson_4,Won
O-601413,2023-11-21,101,CRM Pro,Software,5,1365000,JPY,Japan,Salesperson_4,Won
O-601414,2024-12-12,101,CRM Pro,Software,16,8498560,PKR,Pakistan,Salesperson_8,Won
O-601415,2024-07-28,101,CRM Pro,Software,19,15143,EUR,Europe,Salesperson_8,Won
O-601416,2024-07-06,201,POS Terminal,Hardware,20,5706400,PKR,Pakistan,Salesperson_7,Won
O-601417,2024-12-16,101,CRM Pro,Software,18,1112400,JPY,Japan,Salesperson_1,Won
O-601418,2024-05-24,201,POS Terminal,Hardware,6,10728,EUR,Europe,Salesperson_3,Won
O-601419,2024-01-17,201,POS Terminal,Hardware,13,7839,USD,North America,Salesperson_3,Won
O-601420,2024-12-05,101,CRM Pro,Software,16,4742400,JPY,Japan,Salesperson_9,Won
O-601421,2024-12-31,102,Analytics Suite,Software,9,5067,GBP,UK,Salesperson_8,Won
O-601422,2023-04-11,101,CRM Pro,Software,1,157050,JPY,Japan,Salesperson_3,Won
O-601423,2024-04-24,102,Analytics Suite,Software,17,18717,USD,North America,Salesperson_3,Won
O-601424,2024-10-15,102,Analytics Suite,Software,9,5544,EUR,Europe,Salesperson_7,Won
O-601425,2024-02-18,201,POS Terminal,Hardware,17,2946440,PKR,Pakistan,Salesperson_1,Won
O-601426,2024-01-26,101,CRM Pro,Software,9,11061,GBP,UK,Salesperson_8,Won
O-601427,2024-09-16,101,CRM Pro,Software,19,31692,USD,North America,Salesperson_9,Won
O-601428,2024-02-16,102,Analytics Suite,Software,5,9000,USD,North America,Salesperson_3,Won
O-601429,2024-09-05,101,CRM Pro,Software,20,33120,USD,North America,Salesperson_2,Won
O-601430,2023-01-22,201,POS Terminal,Hardware,7,8596,EUR,Europe,Salesperson_4,Won
O-601431,2023-10-28,101,CRM Pro,Software,4,371400,JPY,Japan,Salesperson_7,Won
O-601432,2023-10-30,102,Analytics Suite,Software,13,16679,GBP,UK,Salesperson_4,Won
O-601433,2024-08-26,101,CRM Pro,Software,20,23420,EUR,Europe,Salesperson_3,Won
O-601434,2024-07-24,201,POS Terminal,Hardware,14,15204,GBP,UK,Salesperson_7,Won
O-601435,2024-03-22,102,Analytics Suite,Software,9,11385,USD,North America,Salesperson_7,Won
O-601436,2023-04-03,101,CRM Pro,Software,4,4504,GBP,UK,Salesperson_6,Won
O-601437,2023-12-07,102,Analytics Suite,Software,8,4976,EUR,Europe,Salesperson_8,Won
O-601438,2024-06-24,201,POS Terminal,Hardware,13,5187,GBP,UK,Salesperson_9,Won
O-601439,2024-06-28,101,CRM Pro,Software,20,984000,JPY,Japan,Salesperson_3,Won
O-601440,2023-12-17,102,Analytics Suite,Software,2,1720,USD,North America,Salesperson_9,Won
O-601441,2023-05-28,101,CRM Pro,Software,9,6174,EUR,Europe,Salesperson_4,Won
O-601442,2023-05-12,102,Analytics Suite,Software,2,3462,USD,North America,Salesperson_9,Won
O-601443,2024-07-11,101,CRM Pro,Software,16,16864,EUR,Europe,Salesperson_9,Won
O-601444,2023-07-02,101,CRM Pro,Software,11,2224200,JPY,Japan,Salesperson_5,Won
O-601445,2024-08-02,101,CRM Pro,Software,20,16820,EUR,Europe,Salesperson_4,Won
O-601446,2023-06-10,102,Analytics Suite,Software,5,3980,GBP,UK,Salesperson_7,Won
O-601447,2023-12-20,201,POS Terminal,Hardware,4,4548,EUR,Europe,Salesperson_2,Won
O-601448,2023-01-10,201,POS Terminal,Hardware,6,1163700,JPY,Japan,Salesperson_8,Won
O-601449,2023-12-31,201,POS Terminal,Hardware,9,11448,GBP,UK,Salesperson_5,Won
O-601450,2023-08-10,201,POS Terminal,Hardware,8,12648,GBP,UK,Salesperson_3,Won
O-601451,2023-12-31,102,Analytics Suite,Software,2,2788,EUR,Europe,Salesperson_4,Won
O-601452,2023-04-26,201,POS Terminal,Hardware,14,7279440,PKR,Pakistan,Salesperson_5,Won
O-601453,2024-09-13,201,POS Terminal,Hardware,17,3232040,PKR,Pakistan,Salesperson_5,Won
O-601454,2024-09-04,102,Analytics Suite,Software,14,24486,USD,North America,Salesperson_2,Won
O-601455,2024-08-30,201,POS Terminal,Hardware,18,4557600,JPY,Japan,Salesperson_1,Won
O-601456,2023-04-04,102,Analytics Suite,Software,15,1545600,PKR,Pakistan,Salesperson_9,Won
O-601457,2024-04-12,201,POS Terminal,Hardware,17,20400,USD,North America,Salesperson_6,Won
O-601458,2023-10-30,101,CRM Pro,Software,3,5031,EUR,Europe,Salesperson_3,Won
O-601459,2024-02-28,102,Analytics Suite,Software,16,5035520,PKR,Pakistan,Salesperson_5,Won
O-601460,2023-11-30,201,POS Terminal,Hardware,10,2047500,JPY,Japan,Salesperson_5,Won
O-601461,2024-06-13,102,Analytics Suite,Software,6,10542,EUR,Europe,Salesperson_2,Won
O-601462,2024-06-06,201,POS Terminal,Hardware,19,2602050,JPY,Japan,Salesperson_1,Won
O-601463,2024-08-16,101,CRM Pro,Software,19,10012240,PKR,Pakistan,Salesperson_5,Won
O-601464,2024-08-08,201,POS Terminal,Hardware,15,5161800,PKR,Pakistan,Salesperson_1,Won
O-601465,2023-04-03,201,POS Terminal,Hardware,6,11052,USD,North America,Salesperson_4,Won
O-601466,2023-08-18,102,Analytics Suite,Software,6,4656,EUR,Europe,Salesperson_7,Won
O-601467,2024-01-16,102,Analytics Suite,Software,13,18213,EUR,Europe,Salesperson_3,Won
O-601468,2023-12-26,101,CRM Pro,Software,2,1012480,PKR,Pakistan,Salesperson_3,Won
O-601469,2024-04-01,102,Analytics Suite,Software,17,22338,EUR,Europe,Salesperson_2,Won
O-601470,2024-04-26,201,POS Terminal,Hardware,19,12673,USD,North America,Salesperson_7,Won
O-601471,2023-11-27,102,Analytics Suite,Software,20,2307200,PKR,Pakistan,Salesperson_5,Won
O-601472,2024-09-05,201,POS Terminal,Hardware,13,569400,JPY,Japan,Salesperson_4,Won
O-601473,2024-01-20,102,Analytics Suite,Software,9,2498850,JPY,Japan,Salesperson_3,Won
O-601474,2024-08-04,102,Analytics Suite,Software,4,1820,EUR,Europe,Salesperson_9,Won
O-601475,2024-07-30,102,Analytics Suite,Software,9,1540350,JPY,Japan,Salesperson_7,Won
O-601476,2023-09-22,201,POS Terminal,Hardware,12,1791000,JPY,Japan,Salesperson_2,Won
O-601477,2023-08-06,201,POS Terminal,Hardware,13,22724,USD,North America,Salesperson_2,Won
O-601478,2024-06-06,201,POS Terminal,Hardware,5,6390,GBP,UK,Salesperson_5,Won
O-601479,2024-08-14,102,Analytics Suite,Software,10,1390500,JPY,Japan,Salesperson_7,Won
O-601480,2023-11-13,102,Analytics Suite,Software,11,16357,EUR,Europe,Salesperson_9,Won
O-601481,2023-12-19,201,POS Terminal,Hardware,17,3179680,PKR,Pakistan,Salesperson_8,Won
O-601482,2024-08-05,102,Analytics Suite,Software,12,14592,EUR,Europe,Salesperson_9,Won
O-601483,2023-04-08,102,Analytics Suite,Software,11,5679520,PKR,Pakistan,Salesperson_9,Won
O-601484,2024-10-25,101,CRM Pro,Software,10,19000,EUR,Europe,Salesperson_2,Won
O-601485,2024-10-30,201,POS Terminal,Hardware,5,2655,GBP,UK,Salesperson_7,Won
O-601486,2024-11-16,102,Analytics Suite,Software,18,22644,GBP,UK,Salesperson_2,Won
O-601487,2023-03-21,201,POS Terminal,Hardware,6,1264500,JPY,Japan,Salesperson_9,Won
O-601488,2023-05-17,101,CRM Pro,Software,3,375300,JPY,Japan,Salesperson_5,Won
O-601489,2024-07-07,201,POS Terminal,Hardware,10,2115000,JPY,Japan,Salesperson_9,Won
O-601490,2023-11-08,201,POS Terminal,Hardware,4,2448,USD,North America,Salesperson_8,Won
O-601491,2023-05-14,101,CRM Pro,Software,15,19950,EUR,Europe,Salesperson_5,Won
O-601492,2024-02-13,101,CRM Pro,Software,12,15540,USD,North America,Salesperson_8,Won
O-601493,2024-10-27,102,Analytics Suite,Software,6,4584,GBP,UK,Salesperson_2,Won
O-601494,2023-04-01,201,POS Terminal,Hardware,8,2080,USD,North America,Salesperson_4,Won
O-601495,2023-03-06,101,CRM Pro,Software,15,4632600,PKR,Pakistan,Salesperson_9,Won
O-601496,2024-12-04,102,Analytics Suite,Software,14,7350,EUR,Europe,Salesperson_7,Won
O-601497,2024-08-27,101,CRM Pro,Software,1,298200,PKR,Pakistan,Salesperson_5,Won
O-601498,2024-05-02,102,Analytics Suite,Software,11,18425,EUR,Europe,Salesperson_5,Won
O-601499,2023-05-28,201,POS Terminal,Hardware,11,2684,GBP,UK,Salesperson_1,Won
O-601500,2023-03-03,102,Analytics Suite,Software,17,9362920,PKR,Pakistan,Salesperson_5,Won
O-601501,2024-01-13,201,POS Terminal,Hardware,3,4752,GBP,UK,Salesperson_3,Won
O-601502,2024-05-08,102,Analytics Suite,Software,3,717,USD,North America,Salesperson_3,Won
O-601503,2024-08-02,101,CRM Pro,Software,16,5985280,PKR,Pakistan,Salesperson_8,Won
O-601504,2024-02-21,102,Analytics Suite,Software,18,14382,EUR,Europe,Salesperson_9,Won
O-601505,2023-09-01,101,CRM Pro,Software,15,2650500,JPY,Japan,Salesperson_1,Won
O-601506,2023-06-21,201,POS Terminal,Hardware,7,9072,USD,North America,Salesperson_2,Won
O-601507,2023-06-16,201,POS Terminal,Hardware,15,24615,USD,North America,Salesperson_9,Won
O-601508,2023-04-28,201,POS Terminal,Hardware,4,3992,USD,North America,Salesperson_6,Won
O-601509,2024-08-21,101,CRM Pro,Software,19,29013,USD,North America,Salesperson_7,Won
O-601510,2024-07-19,201,POS Terminal,Hardware,3,2304,GBP,UK,Salesperson_1,Won
O-601511,2024-01-13,101,CRM Pro,Software,2,631120,PKR,Pakistan,Salesperson_5,Won
O-601512,2023-07-15,101,CRM Pro,Software,8,10640,EUR,Europe,Salesperson_5,Won
O-601513,2023-09-16,101,CRM Pro,Software,9,2150550,JPY,Japan,Salesperson_3,Won
O-601514,2023-04-01,201,POS Terminal,Hardware,9,11808,EUR,Europe,Salesperson_6,Won
O-601515,2023-06-04,102,Analytics Suite,Software,7,9359,GBP,UK,Salesperson_5,Won
O-601516,2023-11-27,102,Analytics Suite,Software,7,2869440,PKR,Pakistan,Salesperson_7,Won
O-601517,2024-04-25,201,POS Terminal,Hardware,15,6686400,PKR,Pakistan,Salesperson_5,Won
O-601518,2024-03-03,201,POS Terminal,Hardware,8,754880,PKR,Pakistan,Salesperson_3,Won
O-601519,2024-12-26,102,Analytics Suite,Software,19,26220,GBP,UK,Salesperson_1,Won
O-601520,2023-07-25,102,Analytics Suite,Software,17,8149120,PKR,Pakistan,Salesperson_1,Won
O-601521,2023-08-02,201,POS Terminal,Hardware,4,7088,USD,North America,Salesperson_2,Won
O-601522,2023-08-11,101,CRM Pro,Software,14,18480,GBP,UK,Salesperson_4,Won
O-601523,2023-10-07,101,CRM Pro,Software,5,2520,GBP,UK,Salesperson_3,Won
O-601524,2024-12-21,102,Analytics Suite,Software,15,3973200,PKR,Pakistan,Salesperson_6,Won
O-601525,2023-12-21,101,CRM Pro,Software,9,326700,JPY,Japan,Salesperson_7,Won
O-601526,2023-06-19,101,CRM Pro,Software,18,2926800,JPY,Japan,Salesperson_3,Won
O-601527,2023-06-28,102,Analytics Suite,Software,1,192640,PKR,Pakistan,Salesperson_9,Won
O-601528,2023-12-03,102,Analytics Suite,Software,13,782600,PKR,Pakistan,Salesperson_1,Won
O-601529,2024-01-11,201,POS Terminal,Hardware,19,19076,USD,North America,Salesperson_8,Won
O-601530,2023-02-28,201,POS Terminal,Hardware,3,2724,GBP,UK,Salesperson_1,Won
O-601531,2024-09-22,201,POS Terminal,Hardware,10,2791600,PKR,Pakistan,Salesperson_3,Won
O-601532,2024-04-27,101,CRM Pro,Software,4,716,GBP,UK,Salesperson_7,Won
O-601533,2023-06-24,102,Analytics Suite,Software,7,2079,EUR,Europe,Salesperson_9,Won
O-601534,2024-01-10,201,POS Terminal,Hardware,2,199500,JPY,Japan,Salesperson_1,Won
O-601535,2023-12-31,102,Analytics Suite,Software,2,1050,USD,North America,Salesperson_3,Won
O-601536,2023-04-24,201,POS Terminal,Hardware,11,2864400,JPY,Japan,Salesperson_2,Won
O-601537,2024-07-10,101,CRM Pro,Software,2,1068,EUR,Europe,Salesperson_3,Won
O-601538,2024-06-11,201,POS Terminal,Hardware,16,28624,EUR,Europe,Salesperson_2,Won
O-601539,2024-05-22,101,CRM Pro,Software,7,1987650,JPY,Japan,Salesperson_7,Won
O-601540,2023-09-13,102,Analytics Suite,Software,1,227,EUR,Europe,Salesperson_3,Won
O-601541,2023-03-27,101,CRM Pro,Software,6,1494,EUR,Europe,Salesperson_4,Won
O-601542,2024-03-30,102,Analytics Suite,Software,4,399600,JPY,Japan,Salesperson_8,Won
O-601543,2023-12-25,201,POS Terminal,Hardware,8,8336,EUR,Europe,Salesperson_5,Won
O-601544,2024-08-17,101,CRM Pro,Software,5,492800,PKR,Pakistan,Salesperson_5,Won
O-601545,2023-05-17,201,POS Terminal,Hardware,8,8336,EUR,Europe,Salesperson_2,Won
O-601546,2023-06-14,102,Analytics Suite,Software,20,9340,USD,North America,Salesperson_4,Won
O-601547,2023-03-07,101,CRM Pro,Software,1,1076,EUR,Europe,Salesperson_3,Won
O-601548,2024-03-31,102,Analytics Suite,Software,8,2342400,JPY,Japan,Salesperson_5,Won
O-601549,2024-04-15,102,Analytics Suite,Software,19,18449,USD,North America,Salesperson_2,Won
O-601550,2023-03-22,201,POS Terminal,Hardware,19,3420,GBP,UK,Salesperson_5,Won
O-601551,2024-09-04,101,CRM Pro,Software,5,1633800,PKR,Pakistan,Salesperson_1,Won
O-601552,2024-01-07,101,CRM Pro,Software,10,3323600,PKR,Pakistan,Salesperson_1,Won
O-601553,2023-09-16,201,POS Terminal,Hardware,12,19032,EUR,Europe,Salesperson_8,Won
O-601554,2024-04-09,101,CRM Pro,Software,18,5356800,JPY,Japan,Salesperson_2,Won
O-601555,2023-08-18,201,POS Terminal,Hardware,7,7574,USD,North America,Salesperson_6,Won
O-601556,2024-05-07,201,POS Terminal,Hardware,3,1525440,PKR,Pakistan,Salesperson_2,Won
O-601557,2023-05-06,101,CRM Pro,Software,5,5025,EUR,Europe,Salesperson_1,Won
O-601558,2024-07-01,201,POS Terminal,Hardware,12,13596,GBP,UK,Salesperson_8,Won
O-601559,2024-08-03,102,Analytics Suite,Software,5,3070,EUR,Europe,Salesperson_8,Won
O-601560,2023-11-08,101,CRM Pro,Software,6,5364,USD,North America,Salesperson_5,Won
O-601561,2023-03-01,201,POS Terminal,Hardware,1,1323,GBP,UK,Salesperson_4,Won
O-601562,2024-01-07,201,POS Terminal,Hardware,10,13590,EUR,Europe,Salesperson_7,Won
O-601563,2023-08-11,201,POS Terminal,Hardware,5,1358250,JPY,Japan,Salesperson_9,Won
O-601564,2024-09-12,101,CRM Pro,Software,17,1147160,PKR,Pakistan,Salesperson_6,Won
O-601565,2024-03-07,101,CRM Pro,Software,4,4284,EUR,Europe,Salesperson_1,Won
O-601566,2023-10-06,102,Analytics Suite,Software,4,873600,PKR,Pakistan,Salesperson_6,Won
O-601567,2023-05-07,101,CRM Pro,Software,15,5715,EUR,Europe,Salesperson_1,Won
O-601568,2023-01-08,201,POS Terminal,Hardware,8,12800,EUR,Europe,Salesperson_7,Won
O-601569,2024-10-06,201,POS Terminal,Hardware,8,757120,PKR,Pakistan,Salesperson_6,Won
O-601570,2023-08-16,101,CRM Pro,Software,13,13065,GBP,UK,Salesperson_2,Won
O-601571,2023-05-28,201,POS Terminal,Hardware,8,6576,EUR,Europe,Salesperson_5,Won
O-601572,2024-10-22,201,POS Terminal,Hardware,1,270750,JPY,Japan,Salesperson_5,Won
O-601573,2024-05-12,102,Analytics Suite,Software,16,29760,USD,North America,Salesperson_1,Won
O-601574,2023-07-19,102,Analytics Suite,Software,15,19575,USD,North America,Salesperson_2,Won
O-601575,2023-11-08,201,POS Terminal,Hardware,7,1528800,PKR,Pakistan,Salesperson_7,Won
O-601576,2024-07-13,102,Analytics Suite,Software,5,240000,JPY,Japan,Salesperson_5,Won
O-601577,2024-05-01,201,POS Terminal,Hardware,14,10668,USD,North America,Salesperson_7,Won
O-601578,2023-05-29,101,CRM Pro,Software,9,2207250,JPY,Japan,Salesperson_9,Won
O-601579,2023-04-20,101,CRM Pro,Software,7,5733,GBP,UK,Salesperson_9,Won
O-601580,2024-11-24,201,POS Terminal,Hardware,10,6080,EUR,Europe,Salesperson_4,Won
O-601581,2023-08-01,101,CRM Pro,Software,12,15168,GBP,UK,Salesperson_8,Won
O-601582,2023-04-09,201,POS Terminal,Hardware,2,412800,JPY,Japan,Salesperson_7,Won
O-601583,2023-05-07,102,Analytics Suite,Software,4,4692,USD,North America,Salesperson_7,Won
O-601584,2024-07-10,101,CRM Pro,Software,13,2928900,JPY,Japan,Salesperson_2,Won
O-601585,2023-08-10,102,Analytics Suite,Software,15,12300,GBP,UK,Salesperson_4,Won
O-601586,2024-07-18,101,CRM Pro,Software,16,15120,GBP,UK,Salesperson_7,Won
O-601587,2024-06-24,201,POS Terminal,Hardware,19,20140,GBP,UK,Salesperson_1,Won
O-601588,2024-05-27,101,CRM Pro,Software,14,3122700,JPY,Japan,Salesperson_7,Won
O-601589,2024-07-28,201,POS Terminal,Hardware,19,27740,USD,North America,Salesperson_3,Won
O-601590,2024-03-21,102,Analytics Suite,Software,6,900480,PKR,Pakistan,Salesperson_1,Won
O-601591,2023-02-19,201,POS Terminal,Hardware,7,9863,GBP,UK,Salesperson_7,Won
O-601592,2024-05-17,101,CRM Pro,Software,5,2615200,PKR,Pakistan,Salesperson_7,Won
O-601593,2023-04-08,201,POS Terminal,Hardware,10,18270,USD,North America,Salesperson_3,Won
O-601594,2023-09-02,201,POS Terminal,Hardware,17,19261,USD,North America,Salesperson_2,Won
O-601595,2023-05-05,201,POS Terminal,Hardware,4,2488,USD,North America,Salesperson_8,Won
O-601596,2024-05-05,101,CRM Pro,Software,16,21184,GBP,UK,Salesperson_4,Won
O-601597,2024-01-11,201,POS Terminal,Hardware,8,388800,JPY,Japan,Salesperson_7,Won
O-601598,2023-12-02,102,Analytics Suite,Software,16,10992,GBP,UK,Salesperson_5,Won
O-601599,2023-02-08,101,CRM Pro,Software,12,4884,USD,North America,Salesperson_1,Won
O-601600,2024-01-17,102,Analytics Suite,Software,9,861840,PKR,Pakistan,Salesperson_7,Won
O-601601,2024-07-10,201,POS Terminal,Hardware,5,3355,USD,North America,Salesperson_4,Won
O-601602,2023-03-01,102,Analytics Suite,Software,4,1071000,JPY,Japan,Salesperson_2,Won
O-601603,2024-09-14,101,CRM Pro,Software,3,1107,EUR,Europe,Salesperson_7,Won
O-601604,2024-01-01,101,CRM Pro,Software,16,11472,EUR,Europe,Salesperson_7,Won
O-601605,2023-08-18,101,CRM Pro,Software,1,391,EUR,Europe,Salesperson_3,Won
O-601606,2023-01-06,201,POS Terminal,Hardware,10,9360,USD,North America,Salesperson_8,Won
O-601607,2024-11-11,102,Analytics Suite,Software,18,23580,USD,North America,Salesperson_5,Won
O-601608,2023-08-30,101,CRM Pro,Software,4,3992,GBP,UK,Salesperson_9,Won
O-601609,2024-09-03,102,Analytics Suite,Software,20,21120,EUR,Europe,Salesperson_1,Won
O-601610,2024-11-06,201,POS Terminal,Hardware,17,30872,EUR,Europe,Salesperson_2,Won
O-601611,2024-09-06,101,CRM Pro,Software,19,28158,USD,North America,Salesperson_3,Won
O-601612,2024-01-15,201,POS Terminal,Hardware,12,11172,USD,North America,Salesperson_1,Won
O-601613,2024-11-12,101,CRM Pro,Software,15,15210,EUR,Europe,Salesperson_4,Won
O-601614,2023-09-09,102,Analytics Suite,Software,11,4334,GBP,UK,Salesperson_2,Won
O-601615,2023-09-25,201,POS Terminal,Hardware,4,7252,USD,North America,Salesperson_8,Won
O-601616,2024-12-31,102,Analytics Suite,Software,8,8696,GBP,UK,Salesperson_7,Won
O-601617,2024-02-26,101,CRM Pro,Software,11,4265800,PKR,Pakistan,Salesperson_5,Won
O-601618,2024-10-23,101,CRM Pro,Software,4,544200,JPY,Japan,Salesperson_3,Won
O-601619,2023-03-02,102,Analytics Suite,Software,10,11980,GBP,UK,Salesperson_7,Won
O-601620,2024-12-29,102,Analytics Suite,Software,6,9300,EUR,Europe,Salesperson_2,Won
O-601621,2024-11-27,101,CRM Pro,Software,3,183600,JPY,Japan,Salesperson_5,Won
O-601622,2023-12-25,102,Analytics Suite,Software,11,13728,EUR,Europe,Salesperson_6,Won
O-601623,2024-05-04,201,POS Terminal,Hardware,11,15202,EUR,Europe,Salesperson_9,Won
O-601624,2024-09-19,102,Analytics Suite,Software,8,11984,USD,North America,Salesperson_3,Won
O-601625,2024-04-26,102,Analytics Suite,Software,6,1560,GBP,UK,Salesperson_9,Won
O-601626,2024-08-17,102,Analytics Suite,Software,6,3420,EUR,Europe,Salesperson_5,Won
O-601627,2024-09-14,201,POS Terminal,Hardware,9,5391,USD,North America,Salesperson_2,Won
O-601628,2024-06-14,102,Analytics Suite,Software,13,8333,EUR,Europe,Salesperson_7,Won
O-601629,2024-04-04,101,CRM Pro,Software,16,23360,EUR,Europe,Salesperson_8,Won
O-601630,2023-09-20,102,Analytics Suite,Software,12,3684,EUR,Europe,Salesperson_4,Won
O-601631,2024-07-29,201,POS Terminal,Hardware,14,23310,USD,North America,Salesperson_6,Won
O-601632,2023-11-29,102,Analytics Suite,Software,4,1130080,PKR,Pakistan,Salesperson_8,Won
O-601633,2023-06-10,101,CRM Pro,Software,4,896,GBP,UK,Salesperson_7,Won
O-601634,2023-06-25,201,POS Terminal,Hardware,8,10464,GBP,UK,Salesperson_9,Won
O-601635,2024-12-05,101,CRM Pro,Software,2,352,GBP,UK,Salesperson_6,Won
O-601636,2024-09-09,102,Analytics Suite,Software,15,19530,GBP,UK,Salesperson_2,Won
O-601637,2024-10-23,201,POS Terminal,Hardware,15,5111400,PKR,Pakistan,Salesperson_3,Won
O-601638,2023-01-27,101,CRM Pro,Software,18,4238640,PKR,Pakistan,Salesperson_5,Won
O-601639,2023-04-12,102,Analytics Suite,Software,8,663600,JPY,Japan,Salesperson_8,Won
O-601640,2024-03-22,101,CRM Pro,Software,17,19057,EUR,Europe,Salesperson_2,Won
O-601641,2024-09-28,201,POS Terminal,Hardware,4,5108,USD,North America,Salesperson_8,Won
O-601642,2023-04-25,102,Analytics Suite,Software,3,289350,JPY,Japan,Salesperson_6,Won
O-601643,2024-10-16,201,POS Terminal,Hardware,4,1148,EUR,Europe,Salesperson_4,Won
O-601644,2023-11-20,101,CRM Pro,Software,13,14326,USD,North America,Salesperson_2,Won
O-601645,2023-07-29,201,POS Terminal,Hardware,6,4146,GBP,UK,Salesperson_5,Won
O-601646,2023-09-15,201,POS Terminal,Hardware,12,1310400,JPY,Japan,Salesperson_9,Won
O-601647,2023-06-26,101,CRM Pro,Software,4,1644,EUR,Europe,Salesperson_3,Won
O-601648,2024-05-24,101,CRM Pro,Software,3,1646400,PKR,Pakistan,Salesperson_2,Won
O-601649,2023-12-17,102,Analytics Suite,Software,18,19764,EUR,Europe,Salesperson_4,Won
O-601650,2023-02-28,102,Analytics Suite,Software,4,3152,USD,North America,Salesperson_6,Won
O-601651,2024-02-06,201,POS Terminal,Hardware,20,2952000,JPY,Japan,Salesperson_4,Won
O-601652,2023-04-21,201,POS Terminal,Hardware,7,6867,USD,North America,Salesperson_1,Won
O-601653,2024-08-14,102,Analytics Suite,Software,5,524250,JPY,Japan,Salesperson_5,Won
O-601654,2024-11-13,201,POS Terminal,Hardware,1,1985,USD,North America,Salesperson_7,Won
O-601655,2024-11-15,201,POS Terminal,Hardware,8,1584000,JPY,Japan,Salesperson_2,Won
O-601656,2024-04-15,102,Analytics Suite,Software,4,5828,USD,North America,Salesperson_7,Won
O-601657,2024-02-29,102,Analytics Suite,Software,18,804600,JPY,Japan,Salesperson_4,Won
O-601658,2023-08-24,102,Analytics Suite,Software,15,8358000,PKR,Pakistan,Salesperson_2,Won
O-601659,2023-06-28,102,Analytics Suite,Software,14,17528,GBP,UK,Salesperson_8,Won
O-601660,2023-10-28,101,CRM Pro,Software,3,3123,USD,North America,Salesperson_1,Won
O-601661,2024-04-29,101,CRM Pro,Software,3,637650,JPY,Japan,Salesperson_3,Won
O-601662,2023-01-09,101,CRM Pro,Software,14,13552,GBP,UK,Salesperson_1,Won
O-601663,2024-08-13,201,POS Terminal,Hardware,10,13560,GBP,UK,Salesperson_5,Won
O-601664,2024-09-26,201,POS Terminal,Hardware,15,19755,USD,North America,Salesperson_6,Won
O-601665,2023-11-27,201,POS Terminal,Hardware,12,13080,EUR,Europe,Salesperson_4,Won
O-601666,2024-06-28,102,Analytics Suite,Software,12,3337200,JPY,Japan,Salesperson_5,Won
O-601667,2023-10-09,101,CRM Pro,Software,7,9968,GBP,UK,Salesperson_6,Won
O-601668,2023-09-28,101,CRM Pro,Software,2,280800,JPY,Japan,Salesperson_9,Won
O-601669,2023-07-07,201,POS Terminal,Hardware,4,2108,EUR,Europe,Salesperson_2,Won
O-601670,2024-01-04,101,CRM Pro,Software,8,10912,EUR,Europe,Salesperson_1,Won
O-601671,2023-12-09,102,Analytics Suite,Software,13,826280,PKR,Pakistan,Salesperson_6,Won
O-601672,2024-09-27,102,Analytics Suite,Software,7,8876,USD,North America,Salesperson_1,Won
O-601673,2023-12-24,201,POS Terminal,Hardware,20,1237600,PKR,Pakistan,Salesperson_4,Won
O-601674,2023-09-21,201,POS Terminal,Hardware,20,19460,USD,North America,Salesperson_3,Won
O-601675,2023-07-15,101,CRM Pro,Software,19,5244,USD,North America,Salesperson_2,Won
O-601676,2023-06-11,101,CRM Pro,Software,15,1134000,JPY,Japan,Salesperson_8,Won
O-601677,2024-02-13,102,Analytics Suite,Software,4,2180640,PKR,Pakistan,Salesperson_7,Won
O-601678,2024-03-29,201,POS Terminal,Hardware,4,6172,USD,North America,Salesperson_4,Won
O-601679,2024-09-26,102,Analytics Suite,Software,20,34500,USD,North America,Salesperson_5,Won
O-601680,2023-11-12,201,POS Terminal,Hardware,7,5355,USD,North America,Salesperson_7,Won
O-601681,2024-02-22,101,CRM Pro,Software,10,1431000,JPY,Japan,Salesperson_4,Won
O-601682,2024-07-04,102,Analytics Suite,Software,14,22764,EUR,Europe,Salesperson_1,Won
O-601683,2024-07-29,201,POS Terminal,Hardware,19,4503000,JPY,Japan,Salesperson_5,Won
O-601684,2024-08-22,201,POS Terminal,Hardware,5,8470,EUR,Europe,Salesperson_2,Won
O-601685,2023-03-25,102,Analytics Suite,Software,8,1088400,JPY,Japan,Salesperson_1,Won
O-601686,2023-09-17,102,Analytics Suite,Software,5,1915,EUR,Europe,Salesperson_3,Won
O-601687,2023-07-14,201,POS Terminal,Hardware,2,2030,GBP,UK,Salesperson_9,Won
O-601688,2023-06-10,102,Analytics Suite,Software,19,6884080,PKR,Pakistan,Salesperson_7,Won
O-601689,2023-09-29,102,Analytics Suite,Software,4,1308,USD,North America,Salesperson_1,Won
O-601690,2023-12-04,102,Analytics Suite,Software,7,1054200,JPY,Japan,Salesperson_4,Won
O-601691,2023-10-04,102,Analytics Suite,Software,5,2462600,PKR,Pakistan,Salesperson_8,Won
O-601692,2023-02-19,102,Analytics Suite,Software,12,3598560,PKR,Pakistan,Salesperson_3,Won
O-601693,2023-04-01,201,POS Terminal,Hardware,18,17316,EUR,Europe,Salesperson_9,Won
O-601694,2023-12-28,101,CRM Pro,Software,7,7434,GBP,UK,Salesperson_9,Won
O-601695,2024-10-18,201,POS Terminal,Hardware,5,1595,GBP,UK,Salesperson_2,Won
O-601696,2023-02-23,201,POS Terminal,Hardware,18,16848,EUR,Europe,Salesperson_8,Won
O-601697,2023-06-26,201,POS Terminal,Hardware,16,3684000,JPY,Japan,Salesperson_1,Won
O-601698,2024-09-17,101,CRM Pro,Software,9,810000,JPY,Japan,Salesperson_6,Won
O-601699,2024-05-28,201,POS Terminal,Hardware,11,637560,PKR,Pakistan,Salesperson_3,Won
O-601700,2023-01-25,101,CRM Pro,Software,15,23415,GBP,UK,Salesperson_3,Won
O-601701,2023-12-12,201,POS Terminal,Hardware,9,1151640,PKR,Pakistan,Salesperson_3,Won
O-601702,2023-06-17,201,POS Terminal,Hardware,6,1214100,JPY,Japan,Salesperson_3,Won
O-601703,2024-01-27,102,Analytics Suite,Software,14,4131680,PKR,Pakistan,Salesperson_2,Won
O-601704,2024-06-15,102,Analytics Suite,Software,12,8592,USD,North America,Salesperson_7,Won
O-601705,2024-02-26,201,POS Terminal,Hardware,15,23460,USD,North America,Salesperson_5,Won
O-601706,2024-11-05,102,Analytics Suite,Software,6,2152080,PKR,Pakistan,Salesperson_2,Won
O-601707,2024-06-08,102,Analytics Suite,Software,17,6069,EUR,Europe,Salesperson_3,Won
O-601708,2023-05-11,201,POS Terminal,Hardware,2,1065120,PKR,Pakistan,Salesperson_4,Won
O-601709,2023-01-05,101,CRM Pro,Software,7,11270,USD,North America,Salesperson_9,Won
O-601710,2023-05-22,102,Analytics Suite,Software,9,2031120,PKR,Pakistan,Salesperson_7,Won
O-601711,2023-01-28,201,POS Terminal,Hardware,13,14274,EUR,Europe,Salesperson_4,Won
O-601712,2024-04-04,201,POS Terminal,Hardware,6,871200,JPY,Japan,Salesperson_1,Won
O-601713,2024-09-28,101,CRM Pro,Software,7,2638160,PKR,Pakistan,Salesperson_2,Won
O-601714,2023-06-14,102,Analytics Suite,Software,11,19173,EUR,Europe,Salesperson_8,Won
O-601715,2023-05-08,102,Analytics Suite,Software,18,4257900,JPY,Japan,Salesperson_3,Won
O-601716,2023-10-30,101,CRM Pro,Software,19,9861,GBP,UK,Salesperson_9,Won
O-601717,2024-03-02,101,CRM Pro,Software,13,20059,EUR,Europe,Salesperson_1,Won
O-601718,2024-06-29,102,Analytics Suite,Software,7,5992,EUR,Europe,Salesperson_5,Won
O-601719,2023-12-16,102,Analytics Suite,Software,10,15050,USD,North America,Salesperson_3,Won
O-601720,2024-12-30,102,Analytics Suite,Software,15,6090000,PKR,Pakistan,Salesperson_6,Won
O-601721,2024-10-12,102,Analytics Suite,Software,11,16126,EUR,Europe,Salesperson_7,Won
O-601722,2024-01-16,201,POS Terminal,Hardware,14,16800,EUR,Europe,Salesperson_6,Won
O-601723,2023-03-02,201,POS Terminal,Hardware,12,2527200,JPY,Japan,Salesperson_7,Won
O-601724,2024-03-02,102,Analytics Suite,Software,13,3589040,PKR,Pakistan,Salesperson_6,Won
O-601725,2023-05-02,102,Analytics Suite,Software,9,10854,USD,North America,Salesperson_2,Won
O-601726,2024-08-28,201,POS Terminal,Hardware,17,13651,GBP,UK,Salesperson_5,Won
O-601727,2024-03-10,101,CRM Pro,Software,15,1276800,PKR,Pakistan,Salesperson_5,Won
O-601728,2023-07-30,101,CRM Pro,Software,13,9750,USD,North America,Salesperson_8,Won
O-601729,2023-12-04,201,POS Terminal,Hardware,9,1285200,PKR,Pakistan,Salesperson_7,Won
O-601730,2024-02-19,102,Analytics Suite,Software,11,6116,GBP,UK,Salesperson_8,Won
O-601731,2024-10-13,101,CRM Pro,Software,12,10152,EUR,Europe,Salesperson_2,Won
O-601732,2023-10-05,201,POS Terminal,Hardware,13,13663,GBP,UK,Salesperson_4,Won
O-601733,2023-12-09,201,POS Terminal,Hardware,12,7404,GBP,UK,Salesperson_4,Won
O-601734,2024-06-08,101,CRM Pro,Software,16,15296,EUR,Europe,Salesperson_7,Won
O-601735,2024-03-22,101,CRM Pro,Software,9,17487,USD,North America,Salesperson_1,Won
O-601736,2023-07-01,201,POS Terminal,Hardware,12,493200,JPY,Japan,Salesperson_9,Won
O-601737,2023-09-13,201,POS Terminal,Hardware,10,8720,USD,North America,Salesperson_1,Won
O-601738,2024-09-01,201,POS Terminal,Hardware,7,1172850,JPY,Japan,Salesperson_6,Won
O-601739,2023-11-15,102,Analytics Suite,Software,16,6832,USD,North America,Salesperson_8,Won
O-601740,2024-05-07,102,Analytics Suite,Software,19,5510,EUR,Europe,Salesperson_9,Won
O-601741,2024-08-15,101,CRM Pro,Software,15,4149000,JPY,Japan,Salesperson_7,Won
O-601742,2023-07-07,102,Analytics Suite,Software,2,78900,JPY,Japan,Salesperson_4,Won
O-601743,2023-02-25,101,CRM Pro,Software,20,11340,GBP,UK,Salesperson_6,Won
O-601744,2023-09-07,201,POS Terminal,Hardware,18,7614,GBP,UK,Salesperson_1,Won
O-601745,2023-04-08,102,Analytics Suite,Software,6,3384,GBP,UK,Salesperson_8,Won
O-601746,2024-02-10,102,Analytics Suite,Software,17,8106280,PKR,Pakistan,Salesperson_5,Won
O-601747,2023-06-18,102,Analytics Suite,Software,20,9120,EUR,Europe,Salesperson_9,Won
O-601748,2024-09-06,102,Analytics Suite,Software,18,22464,EUR,Europe,Salesperson_1,Won
O-601749,2023-06-10,201,POS Terminal,Hardware,14,19880,USD,North America,Salesperson_1,Won
O-601750,2024-04-10,201,POS Terminal,Hardware,9,13914,EUR,Europe,Salesperson_1,Won
O-601751,2024-07-04,201,POS Terminal,Hardware,2,1095920,PKR,Pakistan,Salesperson_9,Won
O-601752,2024-10-17,101,CRM Pro,Software,13,3749200,PKR,Pakistan,Salesperson_8,Won
O-601753,2023-01-28,101,CRM Pro,Software,4,4500,USD,North America,Salesperson_4,Won
O-601754,2024-02-12,101,CRM Pro,Software,18,33570,USD,North America,Salesperson_9,Won
O-601755,2023-08-05,102,Analytics Suite,Software,17,8653680,PKR,Pakistan,Salesperson_8,Won
O-601756,2024-06-22,201,POS Terminal,Hardware,18,18108,EUR,Europe,Salesperson_3,Won
O-601757,2024-10-08,201,POS Terminal,Hardware,15,18615,USD,North America,Salesperson_5,Won
O-601758,2024-04-12,201,POS Terminal,Hardware,5,1423800,PKR,Pakistan,Salesperson_9,Won
O-601759,2023-08-03,201,POS Terminal,Hardware,7,9975,GBP,UK,Salesperson_1,Won
O-601760,2024-05-24,102,Analytics Suite,Software,15,11580,EUR,Europe,Salesperson_5,Won
O-601761,2023-11-16,201,POS Terminal,Hardware,18,12510,EUR,Europe,Salesperson_4,Won
O-601762,2024-03-14,201,POS Terminal,Hardware,16,1819200,JPY,Japan,Salesperson_9,Won
O-601763,2023-06-03,201,POS Terminal,Hardware,19,5213600,PKR,Pakistan,Salesperson_5,Won
O-601764,2023-05-06,102,Analytics Suite,Software,13,1230320,PKR,Pakistan,Salesperson_7,Won
O-601765,2023-05-08,102,Analytics Suite,Software,12,8928,USD,North America,Salesperson_9,Won
O-601766,2023-12-02,102,Analytics Suite,Software,9,14373,GBP,UK,Salesperson_7,Won
O-601767,2024-06-06,201,POS Terminal,Hardware,1,513,EUR,Europe,Salesperson_9,Won
O-601768,2023-08-25,201,POS Terminal,Hardware,20,9940,GBP,UK,Salesperson_3,Won
O-601769,2024-10-30,101,CRM Pro,Software,4,7988,USD,North America,Salesperson_5,Won
O-601770,2023-10-13,102,Analytics Suite,Software,4,842400,JPY,Japan,Salesperson_5,Won
O-601771,2023-04-07,102,Analytics Suite,Software,4,3136,GBP,UK,Salesperson_4,Won
O-601772,2024-01-21,101,CRM Pro,Software,1,68600,PKR,Pakistan,Salesperson_3,Won
O-601773,2024-12-24,101,CRM Pro,Software,18,1171800,JPY,Japan,Salesperson_6,Won
O-601774,2023-01-26,201,POS Terminal,Hardware,8,7064,USD,North America,Salesperson_2,Won
O-601775,2023-06-12,102,Analytics Suite,Software,19,22933,GBP,UK,Salesperson_7,Won
O-601776,2023-03-04,101,CRM Pro,Software,19,23731,USD,North America,Salesperson_6,Won
O-601777,2024-11-30,201,POS Terminal,Hardware,15,13245,EUR,Europe,Salesperson_7,Won
O-601778,2023-09-03,201,POS Terminal,Hardware,1,212520,PKR,Pakistan,Salesperson_8,Won
O-601779,2023-01-19,201,POS Terminal,Hardware,14,21854,GBP,UK,Salesperson_7,Won
O-601780,2023-04-13,201,POS Terminal,Hardware,19,27417,GBP,UK,Salesperson_9,Won
O-601781,2024-11-30,201,POS Terminal,Hardware,14,19516,USD,North America,Salesperson_3,Won
O-601782,2023-08-08,201,POS Terminal,Hardware,4,1324,USD,North America,Salesperson_6,Won
O-601783,2023-10-08,101,CRM Pro,Software,1,1781,USD,North America,Salesperson_7,Won
O-601784,2023-03-29,101,CRM Pro,Software,20,23400,USD,North America,Salesperson_1,Won
O-601785,2023-07-13,101,CRM Pro,Software,4,740,GBP,UK,Salesperson_8,Won
O-601786,2023-08-24,101,CRM Pro,Software,1,412,GBP,UK,Salesperson_1,Won
O-601787,2023-11-14,201,POS Terminal,Hardware,12,4848,USD,North America,Salesperson_7,Won
O-601788,2023-04-10,201,POS Terminal,Hardware,19,21508,GBP,UK,Salesperson_6,Won
O-601789,2024-05-26,101,CRM Pro,Software,15,17205,GBP,UK,Salesperson_1,Won
O-601790,2024-03-11,201,POS Terminal,Hardware,10,1458800,PKR,Pakistan,Salesperson_4,Won
O-601791,2023-07-29,102,Analytics Suite,Software,18,10962,USD,North America,Salesperson_3,Won
O-601792,2024-09-19,102,Analytics Suite,Software,5,611800,PKR,Pakistan,Salesperson_1,Won
O-601793,2024-11-23,101,CRM Pro,Software,6,716400,JPY,Japan,Salesperson_8,Won
O-601794,2023-11-22,201,POS Terminal,Hardware,3,5625,USD,North America,Salesperson_4,Won
O-601795,2024-11-22,201,POS Terminal,Hardware,4,1079400,JPY,Japan,Salesperson_1,Won
O-601796,2024-11-24,201,POS Terminal,Hardware,5,2715,USD,North America,Salesperson_5,Won
O-601797,2023-01-17,101,CRM Pro,Software,15,4875,EUR,Europe,Salesperson_3,Won
O-601798,2023-05-20,102,Analytics Suite,Software,2,349800,JPY,Japan,Salesperson_1,Won
O-601799,2023-03-03,101,CRM Pro,Software,6,5610,GBP,UK,Salesperson_2,Won
O-601800,2024-07-28,201,POS Terminal,Hardware,8,1674000,JPY,Japan,Salesperson_9,Won
O-601801,2023-09-23,101,CRM Pro,Software,6,7614,GBP,UK,Salesperson_1,Won
O-601802,2023-11-24,201,POS Terminal,Hardware,18,5942160,PKR,Pakistan,Salesperson_7,Won
O-601803,2024-04-29,101,CRM Pro,Software,14,6095600,PKR,Pakistan,Salesperson_2,Won
O-601804,2024-11-12,201,POS Terminal,Hardware,4,1013400,JPY,Japan,Salesperson_2,Won
O-601805,2024-11-24,201,POS Terminal,Hardware,9,4716,GBP,UK,Salesperson_4,Won
O-601806,2023-04-30,101,CRM Pro,Software,13,2784600,JPY,Japan,Salesperson_3,Won
O-601807,2024-02-23,102,Analytics Suite,Software,10,6060,GBP,UK,Salesperson_9,Won
O-601808,2023-04-19,102,Analytics Suite,Software,6,4422,EUR,Europe,Salesperson_2,Won
O-601809,2024-03-25,102,Analytics Suite,Software,6,2775360,PKR,Pakistan,Salesperson_7,Won
O-601810,2023-09-06,102,Analytics Suite,Software,18,22914,EUR,Europe,Salesperson_7,Won
O-601811,2024-08-05,101,CRM Pro,Software,20,3303000,JPY,Japan,Salesperson_1,Won
O-601812,2024-12-14,201,POS Terminal,Hardware,17,25534,EUR,Europe,Salesperson_9,Won
O-601813,2024-08-03,201,POS Terminal,Hardware,9,1620,GBP,UK,Salesperson_8,Won
O-601814,2023-12-28,101,CRM Pro,Software,16,2644800,JPY,Japan,Salesperson_7,Won
O-601815,2024-06-01,201,POS Terminal,Hardware,20,26000,GBP,UK,Salesperson_6,Won
O-601816,2023-02-27,201,POS Terminal,Hardware,11,13354,USD,North America,Salesperson_6,Won
O-601817,2023-09-19,101,CRM Pro,Software,17,4238100,JPY,Japan,Salesperson_7,Won
O-601818,2023-02-16,101,CRM Pro,Software,4,6776,EUR,Europe,Salesperson_8,Won
O-601819,2023-06-13,101,CRM Pro,Software,20,9307200,PKR,Pakistan,Salesperson_9,Won
O-601820,2024-03-23,101,CRM Pro,Software,2,336900,JPY,Japan,Salesperson_8,Won
O-601821,2023-07-24,102,Analytics Suite,Software,11,20350,USD,North America,Salesperson_3,Won
O-601822,2023-06-07,102,Analytics Suite,Software,16,22448,GBP,UK,Salesperson_8,Won
O-601823,2024-06-26,201,POS Terminal,Hardware,10,10700,USD,North America,Salesperson_2,Won
O-601824,2023-12-03,201,POS Terminal,Hardware,9,1953,USD,North America,Salesperson_3,Won
O-601825,2023-05-22,102,Analytics Suite,Software,2,3082,GBP,UK,Salesperson_9,Won
O-601826,2024-09-07,101,CRM Pro,Software,4,252000,PKR,Pakistan,Salesperson_7,Won
O-601827,2023-01-22,102,Analytics Suite,Software,7,637350,JPY,Japan,Salesperson_2,Won
O-601828,2023-03-07,201,POS Terminal,Hardware,4,1045800,JPY,Japan,Salesperson_9,Won
O-601829,2023-09-08,102,Analytics Suite,Software,1,1003,USD,North America,Salesperson_8,Won
O-601830,2024-01-07,201,POS Terminal,Hardware,12,6408,USD,North America,Salesperson_8,Won
O-601831,2023-07-23,101,CRM Pro,Software,3,2070,EUR,Europe,Salesperson_3,Won
O-601832,2024-10-24,102,Analytics Suite,Software,1,241350,JPY,Japan,Salesperson_7,Won
O-601833,2023-04-07,102,Analytics Suite,Software,14,2782500,JPY,Japan,Salesperson_9,Won
O-601834,2023-01-18,201,POS Terminal,Hardware,5,5795,EUR,Europe,Salesperson_5,Won
O-601835,2024-02-01,102,Analytics Suite,Software,14,20804,GBP,UK,Salesperson_7,Won
O-601836,2024-12-26,101,CRM Pro,Software,8,393600,JPY,Japan,Salesperson_2,Won
O-601837,2024-03-21,201,POS Terminal,Hardware,7,12614,EUR,Europe,Salesperson_1,Won
O-601838,2024-05-10,102,Analytics Suite,Software,13,21788,USD,North America,Salesperson_7,Won
O-601839,2024-06-21,201,POS Terminal,Hardware,17,3774,EUR,Europe,Salesperson_3,Won
O-601840,2023-04-22,201,POS Terminal,Hardware,12,16704,GBP,UK,Salesperson_7,Won
O-601841,2023-04-28,201,POS Terminal,Hardware,2,2392,EUR,Europe,Salesperson_4,Won
O-601842,2024-01-11,101,CRM Pro,Software,10,2520,EUR,Europe,Salesperson_7,Won
O-601843,2024-07-14,201,POS Terminal,Hardware,8,7416,USD,North America,Salesperson_2,Won
O-601844,2023-01-27,201,POS Terminal,Hardware,13,6227,EUR,Europe,Salesperson_7,Won
O-601845,2024-07-22,101,CRM Pro,Software,7,1862,GBP,UK,Salesperson_3,Won
O-601846,2023-02-14,102,Analytics Suite,Software,2,2584,GBP,UK,Salesperson_1,Won
O-601847,2024-11-04,201,POS Terminal,Hardware,10,2018800,PKR,Pakistan,Salesperson_1,Won
O-601848,2024-03-11,101,CRM Pro,Software,13,15769,GBP,UK,Salesperson_6,Won
O-601849,2024-03-30,102,Analytics Suite,Software,18,2168100,JPY,Japan,Salesperson_5,Won
O-601850,2023-08-30,102,Analytics Suite,Software,4,826560,PKR,Pakistan,Salesperson_6,Won
O-601851,2024-06-16,201,POS Terminal,Hardware,13,19292,GBP,UK,Salesperson_5,Won
O-601852,2024-03-20,102,Analytics Suite,Software,15,7543200,PKR,Pakistan,Salesperson_9,Won
O-601853,2024-05-21,201,POS Terminal,Hardware,20,15920,GBP,UK,Salesperson_9,Won
O-601854,2024-09-18,101,CRM Pro,Software,13,3794700,JPY,Japan,Salesperson_1,Won
O-601855,2024-06-21,201,POS Terminal,Hardware,20,13320,USD,North America,Salesperson_8,Won
O-601856,2023-12-14,101,CRM Pro,Software,19,33174,USD,North America,Salesperson_1,Won
O-601857,2024-09-05,101,CRM Pro,Software,16,17008,EUR,Europe,Salesperson_9,Won
O-601858,2024-02-12,201,POS Terminal,Hardware,2,3256,USD,North America,Salesperson_1,Won
O-601859,2023-09-25,201,POS Terminal,Hardware,6,10806,USD,North America,Salesperson_4,Won
O-601860,2023-10-10,101,CRM Pro,Software,2,2532,GBP,UK,Salesperson_1,Won
O-601861,2023-06-18,102,Analytics Suite,Software,16,11936,GBP,UK,Salesperson_6,Won
O-601862,2023-07-11,201,POS Terminal,Hardware,2,1876,GBP,UK,Salesperson_8,Won
O-601863,2023-09-30,102,Analytics Suite,Software,3,1474200,PKR,Pakistan,Salesperson_5,Won
O-601864,2023-06-16,201,POS Terminal,Hardware,9,8883,EUR,Europe,Salesperson_7,Won
O-601865,2024-04-01,102,Analytics Suite,Software,7,308700,JPY,Japan,Salesperson_3,Won
O-601866,2023-08-06,201,POS Terminal,Hardware,8,1664,USD,North America,Salesperson_2,Won
O-601867,2023-08-15,201,POS Terminal,Hardware,14,1068900,JPY,Japan,Salesperson_3,Won
O-601868,2024-12-13,101,CRM Pro,Software,16,3821440,PKR,Pakistan,Salesperson_9,Won
O-601869,2024-01-29,201,POS Terminal,Hardware,10,5060,GBP,UK,Salesperson_6,Won
O-601870,2023-05-01,102,Analytics Suite,Software,2,530700,JPY,Japan,Salesperson_4,Won
O-601871,2024-11-14,201,POS Terminal,Hardware,19,7638,USD,North America,Salesperson_7,Won
O-601872,2023-10-06,201,POS Terminal,Hardware,17,4447200,JPY,Japan,Salesperson_1,Won
O-601873,2023-01-12,201,POS Terminal,Hardware,11,5516280,PKR,Pakistan,Salesperson_8,Won
O-601874,2024-04-22,201,POS Terminal,Hardware,8,5600,GBP,UK,Salesperson_5,Won
O-601875,2024-05-21,102,Analytics Suite,Software,16,3736800,JPY,Japan,Salesperson_2,Won
O-601876,2023-01-18,102,Analytics Suite,Software,19,13072,GBP,UK,Salesperson_8,Won
O-601877,2024-01-06,201,POS Terminal,Hardware,17,21811,EUR,Europe,Salesperson_6,Won
O-601878,2023-02-27,201,POS Terminal,Hardware,12,5904,GBP,UK,Salesperson_4,Won
O-601879,2023-12-19,101,CRM Pro,Software,9,3026520,PKR,Pakistan,Salesperson_3,Won
O-601880,2024-03-20,101,CRM Pro,Software,4,2188,USD,North America,Salesperson_3,Won
O-601881,2024-11-12,102,Analytics Suite,Software,5,7180,EUR,Europe,Salesperson_5,Won
O-601882,2023-12-29,102,Analytics Suite,Software,15,22140,GBP,UK,Salesperson_9,Won
O-601883,2023-01-14,101,CRM Pro,Software,6,5832,GBP,UK,Salesperson_9,Won
O-601884,2024-05-01,102,Analytics Suite,Software,18,16254,USD,North America,Salesperson_3,Won
O-601885,2023-02-19,102,Analytics Suite,Software,11,5195960,PKR,Pakistan,Salesperson_4,Won
O-601886,2023-01-30,101,CRM Pro,Software,20,4200000,JPY,Japan,Salesperson_1,Won
O-601887,2023-03-09,201,POS Terminal,Hardware,2,1890,EUR,Europe,Salesperson_9,Won
O-601888,2023-11-20,201,POS Terminal,Hardware,18,23274,EUR,Europe,Salesperson_7,Won
O-601889,2023-06-22,201,POS Terminal,Hardware,17,15827,GBP,UK,Salesperson_3,Won
O-601890,2023-11-28,102,Analytics Suite,Software,1,1201,USD,North America,Salesperson_6,Won
O-601891,2024-04-11,201,POS Terminal,Hardware,20,19600,EUR,Europe,Salesperson_9,Won
O-601892,2024-10-30,201,POS Terminal,Hardware,19,3479280,PKR,Pakistan,Salesperson_2,Won
O-601893,2024-11-22,101,CRM Pro,Software,19,17879,EUR,Europe,Salesperson_8,Won
O-601894,2024-08-11,201,POS Terminal,Hardware,15,2999250,JPY,Japan,Salesperson_2,Won
O-601895,2023-05-18,102,Analytics Suite,Software,7,10059,EUR,Europe,Salesperson_7,Won
O-601896,2024-11-23,101,CRM Pro,Software,6,6264,USD,North America,Salesperson_4,Won
O-601897,2024-09-26,201,POS Terminal,Hardware,14,3721200,JPY,Japan,Salesperson_5,Won
O-601898,2024-07-10,102,Analytics Suite,Software,20,1607200,PKR,Pakistan,Salesperson_2,Won
O-601899,2024-11-25,101,CRM Pro,Software,13,23556,EUR,Europe,Salesperson_9,Won
O-601900,2023-05-21,102,Analytics Suite,Software,1,1296,EUR,Europe,Salesperson_2,Won
O-601901,2023-08-24,101,CRM Pro,Software,1,366,EUR,Europe,Salesperson_3,Won
O-601902,2024-08-02,102,Analytics Suite,Software,3,3825,USD,North America,Salesperson_9,Won
O-601903,2023-12-05,201,POS Terminal,Hardware,16,20304,GBP,UK,Salesperson_7,Won
O-601904,2023-09-25,201,POS Terminal,Hardware,3,5121,USD,North America,Salesperson_7,Won
O-601905,2024-12-13,201,POS Terminal,Hardware,2,286160,PKR,Pakistan,Salesperson_9,Won
O-601906,2023-11-02,101,CRM Pro,Software,3,164250,JPY,Japan,Salesperson_2,Won
O-601907,2024-03-26,102,Analytics Suite,Software,18,24768,GBP,UK,Salesperson_6,Won
O-601908,2024-06-16,201,POS Terminal,Hardware,3,377160,PKR,Pakistan,Salesperson_9,Won
O-601909,2023-10-27,102,Analytics Suite,Software,9,2223450,JPY,Japan,Salesperson_2,Won
O-601910,2024-08-05,101,CRM Pro,Software,16,5425280,PKR,Pakistan,Salesperson_1,Won
O-601911,2023-10-25,101,CRM Pro,Software,11,3553,EUR,Europe,Salesperson_7,Won
O-601912,2024-03-08,101,CRM Pro,Software,12,10668,EUR,Europe,Salesperson_4,Won
O-601913,2023-02-11,201,POS Terminal,Hardware,19,4047,EUR,Europe,Salesperson_4,Won
O-601914,2024-10-04,102,Analytics Suite,Software,15,4497750,JPY,Japan,Salesperson_8,Won
O-601915,2024-12-05,102,Analytics Suite,Software,5,3780,USD,North America,Salesperson_8,Won
O-601916,2023-01-17,102,Analytics Suite,Software,2,940,EUR,Europe,Salesperson_3,Won
O-601917,2023-06-28,201,POS Terminal,Hardware,4,1420,EUR,Europe,Salesperson_2,Won
O-601918,2023-09-07,201,POS Terminal,Hardware,18,880200,JPY,Japan,Salesperson_5,Won
O-601919,2023-01-23,201,POS Terminal,Hardware,18,2262600,JPY,Japan,Salesperson_5,Won
O-601920,2023-05-31,102,Analytics Suite,Software,10,2760,GBP,UK,Salesperson_5,Won
O-601921,2023-11-29,201,POS Terminal,Hardware,11,10340,USD,North America,Salesperson_6,Won
O-601922,2023-01-23,201,POS Terminal,Hardware,4,1928,EUR,Europe,Salesperson_9,Won
O-601923,2024-01-21,201,POS Terminal,Hardware,10,4818800,PKR,Pakistan,Salesperson_6,Won
O-601924,2024-11-20,201,POS Terminal,Hardware,14,5719280,PKR,Pakistan,Salesperson_9,Won
O-601925,2023-04-07,101,CRM Pro,Software,11,17226,GBP,UK,Salesperson_6,Won
O-601926,2024-11-24,102,Analytics Suite,Software,18,1725300,JPY,Japan,Salesperson_2,Won
O-601927,2023-07-18,101,CRM Pro,Software,7,1885520,PKR,Pakistan,Salesperson_4,Won
O-601928,2023-10-23,101,CRM Pro,Software,11,2555850,JPY,Japan,Salesperson_8,Won
O-601929,2024-12-15,102,Analytics Suite,Software,15,20850,GBP,UK,Salesperson_3,Won
O-601930,2024-04-08,102,Analytics Suite,Software,17,1343850,JPY,Japan,Salesperson_9,Won
O-601931,2024-10-17,201,POS Terminal,Hardware,15,14385,EUR,Europe,Salesperson_9,Won
O-601932,2023-01-13,101,CRM Pro,Software,2,365400,JPY,Japan,Salesperson_6,Won
O-601933,2023-01-20,201,POS Terminal,Hardware,2,829360,PKR,Pakistan,Salesperson_5,Won
O-601934,2023-12-04,201,POS Terminal,Hardware,14,20790,EUR,Europe,Salesperson_3,Won
O-601935,2024-01-19,201,POS Terminal,Hardware,14,4256,EUR,Europe,Salesperson_8,Won
O-601936,2023-04-24,201,POS Terminal,Hardware,10,2430,USD,North America,Salesperson_4,Won
O-601937,2023-07-22,102,Analytics Suite,Software,10,2523000,JPY,Japan,Salesperson_1,Won
O-601938,2024-11-23,101,CRM Pro,Software,4,1320,EUR,Europe,Salesperson_8,Won
O-601939,2023-07-21,102,Analytics Suite,Software,20,17640,GBP,UK,Salesperson_8,Won
O-601940,2023-04-07,102,Analytics Suite,Software,2,119400,JPY,Japan,Salesperson_7,Won
O-601941,2024-03-07,201,POS Terminal,Hardware,20,5604000,JPY,Japan,Salesperson_4,Won
O-601942,2023-09-21,201,POS Terminal,Hardware,16,29232,USD,North America,Salesperson_3,Won
O-601943,2024-06-18,102,Analytics Suite,Software,18,10062,EUR,Europe,Salesperson_2,Won
O-601944,2023-11-22,102,Analytics Suite,Software,11,11946,GBP,UK,Salesperson_3,Won
O-601945,2024-11-07,102,Analytics Suite,Software,14,13552,GBP,UK,Salesperson_2,Won
O-601946,2023-07-26,102,Analytics Suite,Software,5,8855,EUR,Europe,Salesperson_2,Won
O-601947,2023-09-20,101,CRM Pro,Software,4,3348,GBP,UK,Salesperson_9,Won
O-601948,2023-09-22,102,Analytics Suite,Software,18,3618,EUR,Europe,Salesperson_7,Won
O-601949,2024-09-12,101,CRM Pro,Software,20,3219000,JPY,Japan,Salesperson_9,Won
O-601950,2023-03-15,201,POS Terminal,Hardware,1,72800,PKR,Pakistan,Salesperson_1,Won
O-601951,2023-01-07,102,Analytics Suite,Software,15,19470,GBP,UK,Salesperson_3,Won
O-601952,2023-06-12,101,CRM Pro,Software,9,1818,GBP,UK,Salesperson_6,Won
O-601953,2024-05-18,101,CRM Pro,Software,4,2480,GBP,UK,Salesperson_8,Won
O-601954,2023-03-06,102,Analytics Suite,Software,15,2211750,JPY,Japan,Salesperson_8,Won
O-601955,2024-11-02,102,Analytics Suite,Software,20,27160,GBP,UK,Salesperson_7,Won
O-601956,2024-06-03,101,CRM Pro,Software,7,3157,GBP,UK,Salesperson_9,Won
O-601957,2024-02-04,101,CRM Pro,Software,15,9015,USD,North America,Salesperson_9,Won
O-601958,2023-11-09,201,POS Terminal,Hardware,7,6601,GBP,UK,Salesperson_4,Won
O-601959,2023-05-21,102,Analytics Suite,Software,20,8300,GBP,UK,Salesperson_9,Won
O-601960,2024-03-11,201,POS Terminal,Hardware,16,21008,GBP,UK,Salesperson_6,Won
O-601961,2023-06-24,201,POS Terminal,Hardware,16,21376,GBP,UK,Salesperson_8,Won
O-601962,2023-03-17,102,Analytics Suite,Software,16,16464,GBP,UK,Salesperson_2,Won
O-601963,2024-12-18,102,Analytics Suite,Software,19,5055900,JPY,Japan,Salesperson_4,Won
O-601964,2024-03-03,101,CRM Pro,Software,9,4682160,PKR,Pakistan,Salesperson_7,Won
O-601965,2024-12-20,201,POS Terminal,Hardware,1,1403,GBP,UK,Salesperson_8,Won
O-601966,2023-03-13,102,Analytics Suite,Software,1,771,GBP,UK,Salesperson_6,Won
O-601967,2024-08-03,102,Analytics Suite,Software,7,3492720,PKR,Pakistan,Salesperson_9,Won
O-601968,2024-07-01,102,Analytics Suite,Software,4,1184,GBP,UK,Salesperson_1,Won
O-601969,2024-07-01,201,POS Terminal,Hardware,16,13216,EUR,Europe,Salesperson_9,Won
O-601970,2023-11-17,102,Analytics Suite,Software,1,1895,USD,North America,Salesperson_2,Won
O-601971,2024-11-25,102,Analytics Suite,Software,8,9760,EUR,Europe,Salesperson_4,Won
O-601972,2023-02-25,102,Analytics Suite,Software,5,4345,USD,North America,Salesperson_7,Won
O-601973,2023-05-07,201,POS Terminal,Hardware,14,5821200,PKR,Pakistan,Salesperson_7,Won
O-601974,2024-03-06,102,Analytics Suite,Software,1,1976,USD,North America,Salesperson_7,Won
O-601975,2024-08-27,101,CRM Pro,Software,13,4153240,PKR,Pakistan,Salesperson_8,Won
O-601976,2024-10-09,101,CRM Pro,Software,17,11067,GBP,UK,Salesperson_3,Won
O-601977,2023-05-28,102,Analytics Suite,Software,2,679280,PKR,Pakistan,Salesperson_5,Won
O-601978,2023-08-01,101,CRM Pro,Software,2,241360,PKR,Pakistan,Salesperson_8,Won
O-601979,2023-04-09,201,POS Terminal,Hardware,9,7731,EUR,Europe,Salesperson_8,Won
O-601980,2023-08-02,101,CRM Pro,Software,5,2065,USD,North America,Salesperson_8,Won
O-601981,2023-05-11,201,POS Terminal,Hardware,5,2471000,PKR,Pakistan,Salesperson_8,Won
O-601982,2024-03-08,102,Analytics Suite,Software,11,4555320,PKR,Pakistan,Salesperson_1,Won
O-601983,2023-02-23,101,CRM Pro,Software,20,17440,GBP,UK,Salesperson_1,Won
O-601984,2023-09-11,102,Analytics Suite,Software,15,21360,GBP,UK,Salesperson_7,Won
O-601985,2024-02-28,101,CRM Pro,Software,10,3430,EUR,Europe,Salesperson_4,Won
O-601986,2023-11-23,201,POS Terminal,Hardware,12,3652320,PKR,Pakistan,Salesperson_6,Won
O-601987,2024-09-10,101,CRM Pro,Software,12,1008000,JPY,Japan,Salesperson_7,Won
O-601988,2023-03-21,201,POS Terminal,Hardware,11,976360,PKR,Pakistan,Salesperson_3,Won
O-601989,2023-07-11,101,CRM Pro,Software,3,2277,GBP,UK,Salesperson_6,Won
O-601990,2023-10-16,102,Analytics Suite,Software,7,2639,USD,North America,Salesperson_7,Won
O-601991,2023-05-07,101,CRM Pro,Software,17,6668760,PKR,Pakistan,Salesperson_3,Won
O-601992,2023-09-10,101,CRM Pro,Software,6,3792,GBP,UK,Salesperson_7,Won
O-601993,2024-03-01,101,CRM Pro,Software,10,4746000,PKR,Pakistan,Salesperson_7,Won
O-601994,2023-05-16,102,Analytics Suite,Software,3,458640,PKR,Pakistan,Salesperson_5,Won
O-601995,2023-09-20,101,CRM Pro,Software,1,55800,JPY,Japan,Salesperson_9,Won
O-601996,2023-02-13,102,Analytics Suite,Software,14,5600,EUR,Europe,Salesperson_3,Won
O-601997,2024-05-06,101,CRM Pro,Software,4,1970080,PKR,Pakistan,Salesperson_9,Won
O-601998,2023-10-29,102,Analytics Suite,Software,5,1790,USD,North America,Salesperson_6,Won
O-601999,2023-09-08,102,Analytics Suite,Software,4,5152,GBP,UK,Salesperson_7,Won
O-602000,2023-02-08,101,CRM Pro,Software,16,5519360,PKR,Pakistan,Salesperson_3,Won
O-602001,2023-09-15,201,POS Terminal,Hardware,9,2126880,PKR,Pakistan,Salesperson_9,Won
O-602002,2023-10-20,101,CRM Pro,Software,5,540750,JPY,Japan,Salesperson_2,Won
O-602003,2023-01-21,201,POS Terminal,Hardware,12,3790080,PKR,Pakistan,Salesperson_8,Won
O-602004,2023-06-21,101,CRM Pro,Software,13,20241,EUR,Europe,Salesperson_1,Won
O-602005,2023-07-16,102,Analytics Suite,Software,7,5103,EUR,Europe,Salesperson_1,Won
O-602006,2024-07-21,102,Analytics Suite,Software,4,633600,JPY,Japan,Salesperson_6,Won
O-602007,2023-01-23,102,Analytics Suite,Software,2,1452,EUR,Europe,Salesperson_7,Won
O-602008,2023-04-24,201,POS Terminal,Hardware,1,1641,EUR,Europe,Salesperson_7,Won
O-602009,2024-11-24,102,Analytics Suite,Software,18,5040,GBP,UK,Salesperson_4,Won
O-602010,2023-07-07,201,POS Terminal,Hardware,19,24985,EUR,Europe,Salesperson_7,Won
O-602011,2023-07-02,201,POS Terminal,Hardware,17,9377200,PKR,Pakistan,Salesperson_9,Won
O-602012,2023-08-10,101,CRM Pro,Software,13,17953,USD,North America,Salesperson_9,Won
O-602013,2024-12-01,201,POS Terminal,Hardware,3,3570,GBP,UK,Salesperson_2,Won
O-602014,2024-06-23,102,Analytics Suite,Software,16,5788160,PKR,Pakistan,Salesperson_2,Won
O-602015,2023-02-22,101,CRM Pro,Software,15,13365,GBP,UK,Salesperson_1,Won
O-602016,2024-01-25,102,Analytics Suite,Software,6,1743840,PKR,Pakistan,Salesperson_9,Won
O-602017,2024-06-06,102,Analytics Suite,Software,5,1542800,PKR,Pakistan,Salesperson_5,Won
O-602018,2023-11-19,101,CRM Pro,Software,20,10380,GBP,UK,Salesperson_2,Won
O-602019,2023-01-11,201,POS Terminal,Hardware,1,786,EUR,Europe,Salesperson_6,Won
O-602020,2024-05-08,201,POS Terminal,Hardware,8,1664400,JPY,Japan,Salesperson_4,Won
O-602021,2024-05-28,201,POS Terminal,Hardware,10,10430,USD,North America,Salesperson_8,Won
O-602022,2024-03-09,102,Analytics Suite,Software,1,279440,PKR,Pakistan,Salesperson_5,Won
O-602023,2024-04-12,201,POS Terminal,Hardware,2,3684,EUR,Europe,Salesperson_8,Won
O-602024,2024-07-29,101,CRM Pro,Software,7,1871800,PKR,Pakistan,Salesperson_7,Won
O-602025,2023-03-04,102,Analytics Suite,Software,2,898240,PKR,Pakistan,Salesperson_6,Won
O-602026,2023-07-05,201,POS Terminal,Hardware,17,22202,EUR,Europe,Salesperson_2,Won
O-602027,2024-08-16,102,Analytics Suite,Software,1,926,USD,North America,Salesperson_2,Won
O-602028,2024-02-24,101,CRM Pro,Software,2,1113280,PKR,Pakistan,Salesperson_3,Won
O-602029,2024-04-10,201,POS Terminal,Hardware,17,6906760,PKR,Pakistan,Salesperson_2,Won
O-602030,2023-05-15,102,Analytics Suite,Software,19,4950450,JPY,Japan,Salesperson_5,Won
O-602031,2024-02-28,201,POS Terminal,Hardware,15,12420,USD,North America,Salesperson_2,Won
O-602032,2024-08-09,201,POS Terminal,Hardware,6,7686,GBP,UK,Salesperson_3,Won
O-602033,2024-10-22,101,CRM Pro,Software,11,17765,EUR,Europe,Salesperson_5,Won
O-602034,2024-06-03,101,CRM Pro,Software,15,4061250,JPY,Japan,Salesperson_8,Won
O-602035,2024-06-24,102,Analytics Suite,Software,12,11868,USD,North America,Salesperson_3,Won
O-602036,2023-11-13,101,CRM Pro,Software,19,10678,GBP,UK,Salesperson_9,Won
O-602037,2024-06-29,101,CRM Pro,Software,1,276900,JPY,Japan,Salesperson_6,Won
O-602038,2023-07-12,102,Analytics Suite,Software,16,2416800,JPY,Japan,Salesperson_2,Won
O-602039,2024-09-20,102,Analytics Suite,Software,6,1047600,JPY,Japan,Salesperson_9,Won
O-602040,2024-12-18,102,Analytics Suite,Software,6,3606,GBP,UK,Salesperson_9,Won
O-602041,2024-06-06,102,Analytics Suite,Software,19,4557150,JPY,Japan,Salesperson_2,Won
O-602042,2024-12-22,201,POS Terminal,Hardware,8,12008,USD,North America,Salesperson_2,Won
O-602043,2024-07-11,201,POS Terminal,Hardware,19,9948400,PKR,Pakistan,Salesperson_9,Won
O-602044,2023-05-24,101,CRM Pro,Software,3,480480,PKR,Pakistan,Salesperson_9,Won
O-602045,2024-07-21,201,POS Terminal,Hardware,2,263400,JPY,Japan,Salesperson_2,Won
O-602046,2024-10-21,201,POS Terminal,Hardware,18,17460,GBP,UK,Salesperson_2,Won
O-602047,2023-05-28,101,CRM Pro,Software,20,939000,JPY,Japan,Salesperson_6,Won
O-602048,2023-03-02,102,Analytics Suite,Software,20,18580,USD,North America,Salesperson_7,Won
O-602049,2023-11-15,201,POS Terminal,Hardware,10,10830,EUR,Europe,Salesperson_9,Won
O-602050,2023-10-13,101,CRM Pro,Software,8,9568,GBP,UK,Salesperson_1,Won
O-602051,2023-05-13,101,CRM Pro,Software,4,2788,USD,North America,Salesperson_4,Won
O-602052,2023-02-02,201,POS Terminal,Hardware,9,16047,USD,North America,Salesperson_8,Won
O-602053,2023-04-17,201,POS Terminal,Hardware,14,537600,JPY,Japan,Salesperson_8,Won
O-602054,2024-12-10,101,CRM Pro,Software,19,1303400,PKR,Pakistan,Salesperson_5,Won
O-602055,2024-04-02,101,CRM Pro,Software,14,7365680,PKR,Pakistan,Salesperson_9,Won
O-602056,2023-05-05,102,Analytics Suite,Software,17,5616800,PKR,Pakistan,Salesperson_3,Won
O-602057,2024-01-21,101,CRM Pro,Software,5,1780,USD,North America,Salesperson_6,Won
O-602058,2024-06-19,102,Analytics Suite,Software,1,66300,JPY,Japan,Salesperson_3,Won
O-602059,2023-12-11,102,Analytics Suite,Software,15,2328750,JPY,Japan,Salesperson_1,Won
O-602060,2023-12-04,201,POS Terminal,Hardware,1,389,GBP,UK,Salesperson_8,Won
O-602061,2024-03-13,102,Analytics Suite,Software,17,7327,USD,North America,Salesperson_1,Won
O-602062,2024-12-01,102,Analytics Suite,Software,13,5401760,PKR,Pakistan,Salesperson_4,Won
O-602063,2023-11-08,102,Analytics Suite,Software,19,4867800,JPY,Japan,Salesperson_2,Won
O-602064,2024-06-20,102,Analytics Suite,Software,2,2816,EUR,Europe,Salesperson_9,Won
O-602065,2024-03-20,102,Analytics Suite,Software,8,9992,USD,North America,Salesperson_1,Won
O-602066,2023-03-07,102,Analytics Suite,Software,19,27436,EUR,Europe,Salesperson_5,Won
O-602067,2024-03-15,102,Analytics Suite,Software,1,441,USD,North America,Salesperson_9,Won
O-602068,2024-03-31,201,POS Terminal,Hardware,8,4376,GBP,UK,Salesperson_4,Won
O-602069,2023-03-20,101,CRM Pro,Software,5,3640,USD,North America,Salesperson_5,Won
O-602070,2023-02-22,201,POS Terminal,Hardware,18,21168,EUR,Europe,Salesperson_7,Won
O-602071,2024-03-09,101,CRM Pro,Software,4,2844,EUR,Europe,Salesperson_8,Won
O-602072,2023-08-15,101,CRM Pro,Software,14,16436,USD,North America,Salesperson_8,Won
O-602073,2024-10-25,101,CRM Pro,Software,15,26700,USD,North America,Salesperson_9,Won
O-602074,2024-11-20,101,CRM Pro,Software,12,2832,GBP,UK,Salesperson_3,Won
O-602075,2023-12-01,101,CRM Pro,Software,8,8128,EUR,Europe,Salesperson_8,Won
O-602076,2023-03-19,101,CRM Pro,Software,7,5761,GBP,UK,Salesperson_1,Won
O-602077,2024-01-03,201,POS Terminal,Hardware,4,908320,PKR,Pakistan,Salesperson_4,Won
O-602078,2024-06-12,101,CRM Pro,Software,15,20925,USD,North America,Salesperson_5,Won
O-602079,2023-05-19,101,CRM Pro,Software,5,6140,USD,North America,Salesperson_8,Won
O-602080,2023-04-17,102,Analytics Suite,Software,11,10681,USD,North America,Salesperson_6,Won
O-602081,2024-12-21,201,POS Terminal,Hardware,18,13230,GBP,UK,Salesperson_9,Won
O-602082,2024-11-13,201,POS Terminal,Hardware,14,24458,USD,North America,Salesperson_1,Won
O-602083,2024-02-17,101,CRM Pro,Software,6,1235700,JPY,Japan,Salesperson_1,Won
O-602084,2024-04-10,201,POS Terminal,Hardware,4,846600,JPY,Japan,Salesperson_2,Won
O-602085,2024-01-23,102,Analytics Suite,Software,11,1374450,JPY,Japan,Salesperson_2,Won
O-602086,2023-05-03,101,CRM Pro,Software,6,1390500,JPY,Japan,Salesperson_5,Won
O-602087,2024-03-07,102,Analytics Suite,Software,4,3324,USD,North America,Salesperson_5,Won
O-602088,2024-07-24,201,POS Terminal,Hardware,10,5230,GBP,UK,Salesperson_4,Won
O-602089,2023-07-05,101,CRM Pro,Software,4,6604,EUR,Europe,Salesperson_3,Won
O-602090,2023-12-19,102,Analytics Suite,Software,10,14880,GBP,UK,Salesperson_6,Won
O-602091,2023-12-22,102,Analytics Suite,Software,2,3260,EUR,Europe,Salesperson_7,Won
O-602092,2023-09-08,102,Analytics Suite,Software,2,2808,GBP,UK,Salesperson_9,Won
O-602093,2024-11-23,102,Analytics Suite,Software,15,8625,GBP,UK,Salesperson_6,Won
O-602094,2024-10-09,101,CRM Pro,Software,11,10835,GBP,UK,Salesperson_7,Won
O-602095,2023-06-06,102,Analytics Suite,Software,6,11634,USD,North America,Salesperson_2,Won
O-602096,2023-02-24,101,CRM Pro,Software,13,1390480,PKR,Pakistan,Salesperson_3,Won
O-602097,2024-01-03,102,Analytics Suite,Software,18,7308000,PKR,Pakistan,Salesperson_9,Won
O-602098,2023-09-27,102,Analytics Suite,Software,4,568200,JPY,Japan,Salesperson_4,Won
O-602099,2023-10-06,101,CRM Pro,Software,16,4032,USD,North America,Salesperson_7,Won
O-602100,2023-12-12,101,CRM Pro,Software,15,1533000,PKR,Pakistan,Salesperson_8,Won
O-602101,2024-04-16,102,Analytics Suite,Software,7,5432,GBP,UK,Salesperson_5,Won
O-602102,2024-04-10,101,CRM Pro,Software,19,31692,USD,North America,Salesperson_6,Won
O-602103,2023-02-21,101,CRM Pro,Software,17,1556520,PKR,Pakistan,Salesperson_5,Won
O-602104,2023-12-17,101,CRM Pro,Software,6,1524,GBP,UK,Salesperson_9,Won
O-602105,2023-01-10,201,POS Terminal,Hardware,6,2889600,PKR,Pakistan,Salesperson_5,Won
O-602106,2023-07-01,201,POS Terminal,Hardware,8,6624,USD,North America,Salesperson_8,Won
O-602107,2023-02-06,102,Analytics Suite,Software,11,7062,EUR,Europe,Salesperson_7,Won
O-602108,2023-11-05,102,Analytics Suite,Software,17,31858,EUR,Europe,Salesperson_6,Won
O-602109,2024-05-31,101,CRM Pro,Software,7,12103,USD,North America,Salesperson_6,Won
O-602110,2024-06-16,101,CRM Pro,Software,1,1940,USD,North America,Salesperson_2,Won
O-602111,2024-11-13,201,POS Terminal,Hardware,15,13080,GBP,UK,Salesperson_4,Won
O-602112,2023-07-01,102,Analytics Suite,Software,16,25296,EUR,Europe,Salesperson_1,Won
O-602113,2023-02-17,102,Analytics Suite,Software,15,3796800,PKR,Pakistan,Salesperson_4,Won
O-602114,2024-01-22,201,POS Terminal,Hardware,19,24757,EUR,Europe,Salesperson_5,Won
O-602115,2023-10-31,101,CRM Pro,Software,8,6160,USD,North America,Salesperson_7,Won
O-602116,2024-09-28,201,POS Terminal,Hardware,20,17280,EUR,Europe,Salesperson_5,Won
O-602117,2023-10-24,201,POS Terminal,Hardware,11,12485,GBP,UK,Salesperson_1,Won
O-602118,2023-08-30,102,Analytics Suite,Software,12,1367520,PKR,Pakistan,Salesperson_3,Won
O-602119,2024-04-26,101,CRM Pro,Software,7,12992,USD,North America,Salesperson_1,Won
O-602120,2024-02-19,101,CRM Pro,Software,12,8100,EUR,Europe,Salesperson_5,Won
O-602121,2024-05-30,101,CRM Pro,Software,3,104400,JPY,Japan,Salesperson_7,Won
O-602122,2024-08-26,201,POS Terminal,Hardware,4,3156,EUR,Europe,Salesperson_8,Won
O-602123,2024-11-23,101,CRM Pro,Software,8,1131200,PKR,Pakistan,Salesperson_6,Won
O-602124,2024-12-09,101,CRM Pro,Software,17,1053150,JPY,Japan,Salesperson_8,Won
O-602125,2023-08-21,102,Analytics Suite,Software,6,4884,USD,North America,Salesperson_5,Won
O-602126,2024-01-19,102,Analytics Suite,Software,1,688,GBP,UK,Salesperson_8,Won
O-602127,2024-07-06,102,Analytics Suite,Software,10,10850,EUR,Europe,Salesperson_3,Won
O-602128,2023-04-10,102,Analytics Suite,Software,15,13155,USD,North America,Salesperson_8,Won
O-602129,2023-01-17,101,CRM Pro,Software,15,5308800,PKR,Pakistan,Salesperson_4,Won
O-602130,2023-08-10,201,POS Terminal,Hardware,13,14534,USD,North America,Salesperson_4,Won
O-602131,2024-04-03,101,CRM Pro,Software,13,1719900,JPY,Japan,Salesperson_4,Won
O-602132,2023-07-06,101,CRM Pro,Software,1,103320,PKR,Pakistan,Salesperson_6,Won
O-602133,2023-03-31,102,Analytics Suite,Software,1,77700,JPY,Japan,Salesperson_3,Won
O-602134,2024-03-27,201,POS Terminal,Hardware,16,2822400,JPY,Japan,Salesperson_3,Won
O-602135,2023-06-04,102,Analytics Suite,Software,11,15708,GBP,UK,Salesperson_7,Won
O-602136,2023-04-06,101,CRM Pro,Software,8,9216,GBP,UK,Salesperson_1,Won
O-602137,2023-09-01,101,CRM Pro,Software,9,12960,GBP,UK,Salesperson_3,Won
O-602138,2024-06-15,201,POS Terminal,Hardware,11,3916,GBP,UK,Salesperson_9,Won
O-602139,2024-02-15,102,Analytics Suite,Software,6,2903040,PKR,Pakistan,Salesperson_5,Won
O-602140,2023-11-24,201,POS Terminal,Hardware,13,3536,USD,North America,Salesperson_1,Won
O-602141,2023-05-07,101,CRM Pro,Software,2,3332,EUR,Europe,Salesperson_5,Won
O-602142,2024-07-08,101,CRM Pro,Software,12,5148,GBP,UK,Salesperson_7,Won
O-602143,2024-07-12,101,CRM Pro,Software,9,7524,EUR,Europe,Salesperson_6,Won
O-602144,2023-07-09,102,Analytics Suite,Software,13,9815,GBP,UK,Salesperson_5,Won
O-602145,2024-10-25,201,POS Terminal,Hardware,1,1436,EUR,Europe,Salesperson_3,Won
O-602146,2024-03-29,102,Analytics Suite,Software,5,1347000,JPY,Japan,Salesperson_8,Won
O-602147,2024-05-28,101,CRM Pro,Software,18,3361500,JPY,Japan,Salesperson_9,Won
O-602148,2024-12-09,101,CRM Pro,Software,3,1638,USD,North America,Salesperson_8,Won
O-602149,2024-09-20,102,Analytics Suite,Software,17,26418,USD,North America,Salesperson_6,Won
O-602150,2023-12-20,201,POS Terminal,Hardware,14,3853360,PKR,Pakistan,Salesperson_1,Won
O-602151,2024-11-21,101,CRM Pro,Software,2,93000,JPY,Japan,Salesperson_5,Won
O-602152,2023-11-10,102,Analytics Suite,Software,11,2695,USD,North America,Salesperson_3,Won
O-602153,2023-12-10,102,Analytics Suite,Software,1,345800,PKR,Pakistan,Salesperson_4,Won
O-602154,2023-01-27,201,POS Terminal,Hardware,15,12270,USD,North America,Salesperson_2,Won
O-602155,2024-03-06,101,CRM Pro,Software,8,3662400,PKR,Pakistan,Salesperson_6,Won
O-602156,2024-05-20,201,POS Terminal,Hardware,16,20224,GBP,UK,Salesperson_5,Won
O-602157,2023-05-14,102,Analytics Suite,Software,4,5752,USD,North America,Salesperson_4,Won
O-602158,2023-10-15,102,Analytics Suite,Software,10,12070,USD,North America,Salesperson_3,Won
O-602159,2023-02-16,101,CRM Pro,Software,16,8720,USD,North America,Salesperson_5,Won
O-602160,2023-10-05,102,Analytics Suite,Software,16,14288,EUR,Europe,Salesperson_8,Won
O-602161,2023-01-09,101,CRM Pro,Software,16,27472,USD,North America,Salesperson_8,Won
O-602162,2024-07-16,102,Analytics Suite,Software,20,10500,EUR,Europe,Salesperson_8,Won
O-602163,2024-04-24,201,POS Terminal,Hardware,18,20646,GBP,UK,Salesperson_2,Won
O-602164,2024-11-18,201,POS Terminal,Hardware,11,847000,PKR,Pakistan,Salesperson_7,Won
O-602165,2023-06-15,101,CRM Pro,Software,4,565600,PKR,Pakistan,Salesperson_3,Won
O-602166,2024-12-06,102,Analytics Suite,Software,13,25103,USD,North America,Salesperson_5,Won
O-602167,2023-01-18,201,POS Terminal,Hardware,3,4152,USD,North America,Salesperson_5,Won
O-602168,2024-11-10,201,POS Terminal,Hardware,17,10744,EUR,Europe,Salesperson_3,Won
O-602169,2024-03-27,102,Analytics Suite,Software,4,4624,GBP,UK,Salesperson_5,Won
O-602170,2024-08-16,102,Analytics Suite,Software,15,1957500,JPY,Japan,Salesperson_8,Won
O-602171,2023-12-29,201,POS Terminal,Hardware,14,7056000,PKR,Pakistan,Salesperson_4,Won
O-602172,2024-04-30,101,CRM Pro,Software,15,1545600,PKR,Pakistan,Salesperson_8,Won
O-602173,2024-12-16,101,CRM Pro,Software,14,5446,EUR,Europe,Salesperson_3,Won
O-602174,2024-12-14,101,CRM Pro,Software,1,203250,JPY,Japan,Salesperson_4,Won
O-602175,2024-08-10,101,CRM Pro,Software,1,883,GBP,UK,Salesperson_6,Won
O-602176,2024-12-17,201,POS Terminal,Hardware,9,2700,GBP,UK,Salesperson_5,Won
O-602177,2024-09-22,201,POS Terminal,Hardware,14,20678,EUR,Europe,Salesperson_3,Won
O-602178,2023-02-11,102,Analytics Suite,Software,16,11968,GBP,UK,Salesperson_7,Won
O-602179,2023-04-10,102,Analytics Suite,Software,2,152100,JPY,Japan,Salesperson_6,Won
O-602180,2023-06-09,201,POS Terminal,Hardware,15,7921200,PKR,Pakistan,Salesperson_8,Won
O-602181,2023-08-17,101,CRM Pro,Software,15,1649250,JPY,Japan,Salesperson_6,Won
O-602182,2023-05-07,201,POS Terminal,Hardware,2,2562,GBP,UK,Salesperson_5,Won
O-602183,2023-01-19,102,Analytics Suite,Software,17,4046850,JPY,Japan,Salesperson_9,Won
O-602184,2023-05-20,201,POS Terminal,Hardware,16,14976,EUR,Europe,Salesperson_2,Won
O-602185,2023-11-20,201,POS Terminal,Hardware,4,3136,GBP,UK,Salesperson_7,Won
O-602186,2023-01-02,102,Analytics Suite,Software,12,4885440,PKR,Pakistan,Salesperson_3,Won
O-602187,2023-10-31,201,POS Terminal,Hardware,14,9114,GBP,UK,Salesperson_1,Won
O-602188,2023-11-22,102,Analytics Suite,Software,10,5850,GBP,UK,Salesperson_6,Won
O-602189,2023-01-14,101,CRM Pro,Software,15,8220,USD,North America,Salesperson_8,Won
O-602190,2023-12-16,201,POS Terminal,Hardware,9,1306800,JPY,Japan,Salesperson_4,Won
O-602191,2023-04-22,101,CRM Pro,Software,20,29460,USD,North America,Salesperson_9,Won
O-602192,2023-01-21,101,CRM Pro,Software,12,9696,GBP,UK,Salesperson_7,Won
O-602193,2023-07-16,201,POS Terminal,Hardware,7,3088960,PKR,Pakistan,Salesperson_5,Won
O-602194,2023-08-05,201,POS Terminal,Hardware,7,7840,EUR,Europe,Salesperson_4,Won
O-602195,2023-03-08,201,POS Terminal,Hardware,12,22764,USD,North America,Salesperson_5,Won
O-602196,2024-09-14,101,CRM Pro,Software,18,32724,EUR,Europe,Salesperson_8,Won
O-602197,2024-12-02,102,Analytics Suite,Software,2,1588,EUR,Europe,Salesperson_6,Won
O-602198,2023-07-29,201,POS Terminal,Hardware,4,1908,USD,North America,Salesperson_9,Won
O-602199,2024-10-31,101,CRM Pro,Software,18,30474,EUR,Europe,Salesperson_2,Won
O-602200,2023-01-22,101,CRM Pro,Software,9,1277100,JPY,Japan,Salesperson_6,Won
O-602201,2023-08-13,101,CRM Pro,Software,2,1682,GBP,UK,Salesperson_2,Won
O-602202,2024-05-23,201,POS Terminal,Hardware,16,5895680,PKR,Pakistan,Salesperson_6,Won
O-602203,2023-07-16,101,CRM Pro,Software,5,6215,GBP,UK,Salesperson_4,Won
O-602204,2024-08-12,201,POS Terminal,Hardware,17,10557,EUR,Europe,Salesperson_4,Won
O-602205,2023-04-11,201,POS Terminal,Hardware,20,26040,GBP,UK,Salesperson_7,Won
O-602206,2024-04-13,101,CRM Pro,Software,16,18848,USD,North America,Salesperson_6,Won
O-602207,2024-12-03,102,Analytics Suite,Software,15,9915,USD,North America,Salesperson_4,Won
O-602208,2023-11-24,102,Analytics Suite,Software,3,1608,EUR,Europe,Salesperson_6,Won
O-602209,2023-03-31,101,CRM Pro,Software,8,4720,USD,North America,Salesperson_2,Won
O-602210,2024-10-16,102,Analytics Suite,Software,6,8982,EUR,Europe,Salesperson_9,Won
O-602211,2023-02-19,102,Analytics Suite,Software,20,18120,GBP,UK,Salesperson_1,Won
O-602212,2024-03-28,201,POS Terminal,Hardware,9,3852,GBP,UK,Salesperson_8,Won
O-602213,2023-02-10,101,CRM Pro,Software,3,969360,PKR,Pakistan,Salesperson_1,Won
O-602214,2024-04-26,201,POS Terminal,Hardware,17,8449000,PKR,Pakistan,Salesperson_1,Won
O-602215,2023-10-03,101,CRM Pro,Software,8,9536,USD,North America,Salesperson_1,Won
O-602216,2024-08-11,101,CRM Pro,Software,8,7696,GBP,UK,Salesperson_9,Won
O-602217,2024-10-20,201,POS Terminal,Hardware,18,28062,GBP,UK,Salesperson_6,Won
O-602218,2024-02-22,101,CRM Pro,Software,14,3959200,PKR,Pakistan,Salesperson_9,Won
O-602219,2024-03-03,102,Analytics Suite,Software,18,9318960,PKR,Pakistan,Salesperson_9,Won
O-602220,2023-08-01,101,CRM Pro,Software,11,5377680,PKR,Pakistan,Salesperson_3,Won
O-602221,2023-09-08,201,POS Terminal,Hardware,3,603000,JPY,Japan,Salesperson_1,Won
O-602222,2023-05-15,201,POS Terminal,Hardware,12,22428,EUR,Europe,Salesperson_4,Won
O-602223,2023-10-08,102,Analytics Suite,Software,15,22770,GBP,UK,Salesperson_3,Won
O-602224,2024-06-24,101,CRM Pro,Software,17,3840300,JPY,Japan,Salesperson_4,Won
O-602225,2023-08-23,102,Analytics Suite,Software,20,20140,EUR,Europe,Salesperson_1,Won
O-602226,2023-04-09,101,CRM Pro,Software,1,402,USD,North America,Salesperson_4,Won
O-602227,2023-06-21,101,CRM Pro,Software,8,2658880,PKR,Pakistan,Salesperson_3,Won
O-602228,2023-09-05,101,CRM Pro,Software,15,1419750,JPY,Japan,Salesperson_4,Won
O-602229,2024-08-01,102,Analytics Suite,Software,8,2376640,PKR,Pakistan,Salesperson_7,Won
O-602230,2024-01-15,201,POS Terminal,Hardware,4,6964,EUR,Europe,Salesperson_1,Won
O-602231,2024-09-27,102,Analytics Suite,Software,1,284250,JPY,Japan,Salesperson_7,Won
O-602232,2024-12-18,201,POS Terminal,Hardware,2,3178,GBP,UK,Salesperson_2,Won
O-602233,2023-10-29,201,POS Terminal,Hardware,10,11500,USD,North America,Salesperson_7,Won
O-602234,2023-02-17,101,CRM Pro,Software,8,5248,EUR,Europe,Salesperson_8,Won
O-602235,2023-05-06,102,Analytics Suite,Software,1,386400,PKR,Pakistan,Salesperson_7,Won
O-602236,2023-03-22,201,POS Terminal,Hardware,9,3923640,PKR,Pakistan,Salesperson_2,Won
O-602237,2023-05-08,101,CRM Pro,Software,18,6408,USD,North America,Salesperson_5,Won
O-602238,2023-09-12,101,CRM Pro,Software,11,6226,GBP,UK,Salesperson_8,Won
O-602239,2023-05-01,102,Analytics Suite,Software,18,18000,EUR,Europe,Salesperson_1,Won
O-602240,2024-03-17,201,POS Terminal,Hardware,16,1917600,JPY,Japan,Salesperson_5,Won
O-602241,2024-06-26,101,CRM Pro,Software,18,2116800,PKR,Pakistan,Salesperson_8,Won
O-602242,2024-02-02,102,Analytics Suite,Software,3,4512,EUR,Europe,Salesperson_4,Won
O-602243,2023-10-05,201,POS Terminal,Hardware,17,1081200,JPY,Japan,Salesperson_8,Won
O-602244,2023-10-08,102,Analytics Suite,Software,5,2485000,PKR,Pakistan,Salesperson_4,Won
O-602245,2024-10-31,201,POS Terminal,Hardware,13,1435200,JPY,Japan,Salesperson_3,Won
O-602246,2024-02-27,101,CRM Pro,Software,15,17460,EUR,Europe,Salesperson_1,Won
O-602247,2023-12-23,201,POS Terminal,Hardware,18,28710,EUR,Europe,Salesperson_9,Won
O-602248,2024-06-21,201,POS Terminal,Hardware,2,1566,EUR,Europe,Salesperson_5,Won
O-602249,2024-03-26,101,CRM Pro,Software,10,4880,EUR,Europe,Salesperson_2,Won
O-602250,2023-07-14,201,POS Terminal,Hardware,16,29648,USD,North America,Salesperson_9,Won
O-602251,2023-01-31,101,CRM Pro,Software,4,5564,EUR,Europe,Salesperson_5,Won
O-602252,2023-07-25,101,CRM Pro,Software,11,3560480,PKR,Pakistan,Salesperson_2,Won
O-602253,2024-11-06,102,Analytics Suite,Software,10,7990,GBP,UK,Salesperson_1,Won
O-602254,2024-05-25,201,POS Terminal,Hardware,6,7668,GBP,UK,Salesperson_5,Won
O-602255,2023-05-08,201,POS Terminal,Hardware,19,29830,GBP,UK,Salesperson_9,Won
O-602256,2024-12-15,101,CRM Pro,Software,15,21555,USD,North America,Salesperson_5,Won
O-602257,2024-08-02,102,Analytics Suite,Software,6,3235680,PKR,Pakistan,Salesperson_3,Won
O-602258,2023-06-12,201,POS Terminal,Hardware,10,11970,EUR,Europe,Salesperson_3,Won
O-602259,2023-06-18,201,POS Terminal,Hardware,7,1603,EUR,Europe,Salesperson_7,Won
O-602260,2023-07-01,201,POS Terminal,Hardware,20,8700,GBP,UK,Salesperson_7,Won
O-602261,2024-12-21,102,Analytics Suite,Software,19,28690,USD,North America,Salesperson_4,Won
O-602262,2023-06-30,101,CRM Pro,Software,1,944,USD,North America,Salesperson_2,Won
O-602263,2024-04-26,102,Analytics Suite,Software,1,180600,JPY,Japan,Salesperson_6,Won
O-602264,2024-04-03,201,POS Terminal,Hardware,3,553050,JPY,Japan,Salesperson_8,Won
O-602265,2023-07-17,102,Analytics Suite,Software,17,14144,EUR,Europe,Salesperson_6,Won
O-602266,2024-09-14,102,Analytics Suite,Software,18,3299400,JPY,Japan,Salesperson_1,Won
O-602267,2023-09-06,102,Analytics Suite,Software,13,9542,GBP,UK,Salesperson_7,Won
O-602268,2023-02-03,201,POS Terminal,Hardware,14,1100400,JPY,Japan,Salesperson_3,Won
O-602269,2024-08-04,201,POS Terminal,Hardware,13,4651920,PKR,Pakistan,Salesperson_6,Won
O-602270,2023-11-26,102,Analytics Suite,Software,1,1620,USD,North America,Salesperson_9,Won
O-602271,2023-11-08,102,Analytics Suite,Software,20,33220,EUR,Europe,Salesperson_6,Won
O-602272,2023-01-11,201,POS Terminal,Hardware,4,5480,USD,North America,Salesperson_8,Won
O-602273,2023-01-22,201,POS Terminal,Hardware,10,2510,GBP,UK,Salesperson_8,Won
O-602274,2024-12-04,201,POS Terminal,Hardware,18,25524,USD,North America,Salesperson_4,Won
O-602275,2024-10-27,201,POS Terminal,Hardware,4,522600,JPY,Japan,Salesperson_7,Won
O-602276,2024-10-09,101,CRM Pro,Software,12,3108,USD,North America,Salesperson_9,Won
O-602277,2024-01-15,102,Analytics Suite,Software,16,4764000,JPY,Japan,Salesperson_9,Won
O-602278,2023-01-15,101,CRM Pro,Software,20,24220,USD,North America,Salesperson_1,Won
O-602279,2023-12-14,101,CRM Pro,Software,19,5115750,JPY,Japan,Salesperson_5,Won
O-602280,2023-11-14,102,Analytics Suite,Software,8,1371600,JPY,Japan,Salesperson_9,Won
O-602281,2023-08-17,201,POS Terminal,Hardware,9,6399,EUR,Europe,Salesperson_5,Won
O-602282,2023-07-26,201,POS Terminal,Hardware,18,8699040,PKR,Pakistan,Salesperson_1,Won
O-602283,2024-06-17,201,POS Terminal,Hardware,4,823200,PKR,Pakistan,Salesperson_3,Won
O-602284,2023-12-21,102,Analytics Suite,Software,20,10440,GBP,UK,Salesperson_4,Won
O-602285,2024-07-16,102,Analytics Suite,Software,17,925650,JPY,Japan,Salesperson_9,Won
O-602286,2023-03-30,201,POS Terminal,Hardware,2,400,GBP,UK,Salesperson_4,Won
O-602287,2024-02-12,101,CRM Pro,Software,16,8176000,PKR,Pakistan,Salesperson_5,Won
O-602288,2023-10-25,102,Analytics Suite,Software,11,8074,GBP,UK,Salesperson_7,Won
O-602289,2024-12-16,102,Analytics Suite,Software,6,1147440,PKR,Pakistan,Salesperson_5,Won
O-602290,2024-06-09,201,POS Terminal,Hardware,1,486360,PKR,Pakistan,Salesperson_3,Won
O-602291,2023-12-21,102,Analytics Suite,Software,8,3420480,PKR,Pakistan,Salesperson_8,Won
O-602292,2023-12-12,101,CRM Pro,Software,1,1741,EUR,Europe,Salesperson_7,Won
O-602293,2023-05-11,201,POS Terminal,Hardware,13,3593850,JPY,Japan,Salesperson_8,Won
O-602294,2023-07-07,102,Analytics Suite,Software,10,2581500,JPY,Japan,Salesperson_8,Won
O-602295,2023-03-10,102,Analytics Suite,Software,1,397320,PKR,Pakistan,Salesperson_6,Won
O-602296,2024-12-29,201,POS Terminal,Hardware,17,3399150,JPY,Japan,Salesperson_1,Won
O-602297,2024-10-22,102,Analytics Suite,Software,9,3231,GBP,UK,Salesperson_4,Won
O-602298,2024-11-16,201,POS Terminal,Hardware,1,1168,EUR,Europe,Salesperson_9,Won
O-602299,2024-08-16,102,Analytics Suite,Software,11,16929,EUR,Europe,Salesperson_1,Won
O-602300,2023-03-15,201,POS Terminal,Hardware,11,11363,GBP,UK,Salesperson_8,Won
O-602301,2023-10-30,101,CRM Pro,Software,2,541200,JPY,Japan,Salesperson_9,Won
O-602302,2023-10-14,102,Analytics Suite,Software,13,2990,GBP,UK,Salesperson_3,Won
O-602303,2024-08-27,201,POS Terminal,Hardware,6,2274,USD,North America,Salesperson_3,Won
O-602304,2024-11-16,101,CRM Pro,Software,1,502880,PKR,Pakistan,Salesperson_1,Won
O-602305,2024-01-17,201,POS Terminal,Hardware,16,21584,EUR,Europe,Salesperson_5,Won
O-602306,2023-01-19,101,CRM Pro,Software,19,3066600,JPY,Japan,Salesperson_9,Won
O-602307,2023-05-06,201,POS Terminal,Hardware,3,1275,GBP,UK,Salesperson_9,Won
O-602308,2024-07-09,102,Analytics Suite,Software,3,2379,GBP,UK,Salesperson_8,Won
O-602309,2024-12-19,101,CRM Pro,Software,12,3292800,PKR,Pakistan,Salesperson_1,Won
O-602310,2024-04-18,201,POS Terminal,Hardware,7,9436,EUR,Europe,Salesperson_4,Won
O-602311,2023-09-28,102,Analytics Suite,Software,8,2241600,JPY,Japan,Salesperson_7,Won
O-602312,2024-09-29,102,Analytics Suite,Software,6,8796,USD,North America,Salesperson_1,Won
O-602313,2023-10-25,201,POS Terminal,Hardware,4,5780,USD,North America,Salesperson_1,Won
O-602314,2023-03-23,201,POS Terminal,Hardware,2,753760,PKR,Pakistan,Salesperson_3,Won
O-602315,2023-07-16,102,Analytics Suite,Software,12,840000,PKR,Pakistan,Salesperson_8,Won
O-602316,2023-07-04,201,POS Terminal,Hardware,18,2265300,JPY,Japan,Salesperson_4,Won
O-602317,2023-01-30,102,Analytics Suite,Software,19,16302,GBP,UK,Salesperson_4,Won
O-602318,2024-11-06,201,POS Terminal,Hardware,6,3092880,PKR,Pakistan,Salesperson_5,Won
O-602319,2023-08-11,102,Analytics Suite,Software,12,2043000,JPY,Japan,Salesperson_9,Won
O-602320,2023-05-19,201,POS Terminal,Hardware,9,1020600,PKR,Pakistan,Salesperson_7,Won
O-602321,2024-04-08,102,Analytics Suite,Software,1,629,GBP,UK,Salesperson_5,Won
O-602322,2024-07-11,101,CRM Pro,Software,20,17020,USD,North America,Salesperson_2,Won
O-602323,2024-07-28,102,Analytics Suite,Software,15,18930,GBP,UK,Salesperson_2,Won
O-602324,2024-01-29,101,CRM Pro,Software,1,379680,PKR,Pakistan,Salesperson_1,Won
O-602325,2024-08-15,102,Analytics Suite,Software,8,2301600,JPY,Japan,Salesperson_5,Won
O-602326,2024-04-17,101,CRM Pro,Software,2,226500,JPY,Japan,Salesperson_5,Won
O-602327,2023-03-04,102,Analytics Suite,Software,13,2831400,JPY,Japan,Salesperson_3,Won
O-602328,2023-07-05,101,CRM Pro,Software,8,5360,EUR,Europe,Salesperson_7,Won
O-602329,2024-05-15,101,CRM Pro,Software,13,7036120,PKR,Pakistan,Salesperson_5,Won
O-602330,2024-12-31,201,POS Terminal,Hardware,13,1390480,PKR,Pakistan,Salesperson_2,Won
O-602331,2024-07-22,102,Analytics Suite,Software,15,23085,USD,North America,Salesperson_9,Won
O-602332,2023-03-24,201,POS Terminal,Hardware,4,5916,GBP,UK,Salesperson_5,Won
O-602333,2023-03-27,102,Analytics Suite,Software,6,3270,EUR,Europe,Salesperson_4,Won
O-602334,2023-03-01,201,POS Terminal,Hardware,11,754050,JPY,Japan,Salesperson_5,Won
O-602335,2024-06-10,102,Analytics Suite,Software,14,5930960,PKR,Pakistan,Salesperson_9,Won
O-602336,2023-02-08,101,CRM Pro,Software,14,6832,USD,North America,Salesperson_5,Won
O-602337,2024-01-05,201,POS Terminal,Hardware,9,12393,USD,North America,Salesperson_8,Won
O-602338,2024-07-26,201,POS Terminal,Hardware,12,2590560,PKR,Pakistan,Salesperson_8,Won
O-602339,2024-10-23,101,CRM Pro,Software,1,1462,USD,North America,Salesperson_4,Won
O-602340,2024-11-04,102,Analytics Suite,Software,9,16371,EUR,Europe,Salesperson_1,Won
O-602341,2024-06-25,101,CRM Pro,Software,15,18225,EUR,Europe,Salesperson_1,Won
O-602342,2023-05-17,201,POS Terminal,Hardware,20,17060,USD,North America,Salesperson_4,Won
O-602343,2024-07-09,102,Analytics Suite,Software,9,11961,USD,North America,Salesperson_4,Won
O-602344,2023-03-15,102,Analytics Suite,Software,3,154800,JPY,Japan,Salesperson_8,Won
O-602345,2024-11-22,101,CRM Pro,Software,2,2670,USD,North America,Salesperson_7,Won
O-602346,2023-11-14,101,CRM Pro,Software,11,2669700,JPY,Japan,Salesperson_6,Won
O-602347,2024-01-16,101,CRM Pro,Software,16,25536,GBP,UK,Salesperson_7,Won
O-602348,2023-05-22,201,POS Terminal,Hardware,11,4400,GBP,UK,Salesperson_2,Won
O-602349,2023-10-21,102,Analytics Suite,Software,7,1313550,JPY,Japan,Salesperson_2,Won
O-602350,2023-07-17,101,CRM Pro,Software,20,8120,GBP,UK,Salesperson_6,Won
O-602351,2023-11-17,102,Analytics Suite,Software,20,4878000,JPY,Japan,Salesperson_6,Won
O-602352,2023-07-07,101,CRM Pro,Software,20,34080,EUR,Europe,Salesperson_3,Won
O-602353,2024-06-25,201,POS Terminal,Hardware,2,1456,GBP,UK,Salesperson_4,Won
O-602354,2023-05-20,201,POS Terminal,Hardware,19,7857640,PKR,Pakistan,Salesperson_2,Won
O-602355,2024-04-11,102,Analytics Suite,Software,19,2202480,PKR,Pakistan,Salesperson_7,Won
O-602356,2023-05-10,102,Analytics Suite,Software,11,15312,USD,North America,Salesperson_7,Won
O-602357,2023-12-14,201,POS Terminal,Hardware,6,8430,USD,North America,Salesperson_1,Won
O-602358,2024-11-08,101,CRM Pro,Software,7,9268,USD,North America,Salesperson_8,Won
O-602359,2024-11-16,101,CRM Pro,Software,1,286050,JPY,Japan,Salesperson_8,Won
O-602360,2023-02-06,101,CRM Pro,Software,8,7416,EUR,Europe,Salesperson_4,Won
O-602361,2023-07-28,102,Analytics Suite,Software,17,17323,GBP,UK,Salesperson_1,Won
O-602362,2023-09-07,101,CRM Pro,Software,15,4128600,PKR,Pakistan,Salesperson_8,Won
O-602363,2024-04-05,102,Analytics Suite,Software,12,9384,USD,North America,Salesperson_8,Won
O-602364,2023-11-04,102,Analytics Suite,Software,5,960000,JPY,Japan,Salesperson_8,Won
O-602365,2023-04-28,201,POS Terminal,Hardware,3,669,USD,North America,Salesperson_9,Won
O-602366,2023-10-20,101,CRM Pro,Software,10,2895200,PKR,Pakistan,Salesperson_8,Won
O-602367,2024-09-11,101,CRM Pro,Software,19,5681760,PKR,Pakistan,Salesperson_5,Won
O-602368,2024-11-22,102,Analytics Suite,Software,3,4779,USD,North America,Salesperson_8,Won
O-602369,2024-05-07,102,Analytics Suite,Software,5,7990,EUR,Europe,Salesperson_2,Won
O-602370,2023-01-15,102,Analytics Suite,Software,10,2721600,PKR,Pakistan,Salesperson_8,Won
O-602371,2024-05-05,102,Analytics Suite,Software,10,6910,USD,North America,Salesperson_2,Won
O-602372,2024-03-09,102,Analytics Suite,Software,5,1470,USD,North America,Salesperson_1,Won
O-602373,2024-10-10,201,POS Terminal,Hardware,16,16000,EUR,Europe,Salesperson_1,Won
O-602374,2023-11-18,101,CRM Pro,Software,6,1031520,PKR,Pakistan,Salesperson_1,Won
O-602375,2023-07-16,101,CRM Pro,Software,14,25676,USD,North America,Salesperson_2,Won
O-602376,2024-05-30,102,Analytics Suite,Software,1,160350,JPY,Japan,Salesperson_7,Won
O-602377,2023-07-28,102,Analytics Suite,Software,10,5070800,PKR,Pakistan,Salesperson_1,Won
O-602378,2024-03-10,101,CRM Pro,Software,20,16420,GBP,UK,Salesperson_2,Won
O-602379,2024-09-16,101,CRM Pro,Software,12,23892,USD,North America,Salesperson_4,Won
O-602380,2023-05-25,201,POS Terminal,Hardware,1,1664,USD,North America,Salesperson_8,Won
O-602381,2023-02-11,201,POS Terminal,Hardware,8,9776,USD,North America,Salesperson_2,Won
O-602382,2023-02-08,201,POS Terminal,Hardware,6,8574,USD,North America,Salesperson_5,Won
O-602383,2024-03-26,101,CRM Pro,Software,8,10640,GBP,UK,Salesperson_2,Won
O-602384,2023-01-12,102,Analytics Suite,Software,16,30976,USD,North America,Salesperson_6,Won
O-602385,2024-02-09,101,CRM Pro,Software,14,6160,GBP,UK,Salesperson_3,Won
O-602386,2024-02-04,101,CRM Pro,Software,12,6936,EUR,Europe,Salesperson_2,Won
O-602387,2023-11-10,101,CRM Pro,Software,20,30620,EUR,Europe,Salesperson_8,Won
O-602388,2024-03-03,102,Analytics Suite,Software,15,19365,GBP,UK,Salesperson_8,Won
O-602389,2023-01-03,101,CRM Pro,Software,12,7512,USD,North America,Salesperson_3,Won
O-602390,2024-01-23,101,CRM Pro,Software,5,1831200,PKR,Pakistan,Salesperson_6,Won
O-602391,2023-02-24,101,CRM Pro,Software,12,15564,USD,North America,Salesperson_1,Won
O-602392,2024-01-30,102,Analytics Suite,Software,14,13524,USD,North America,Salesperson_7,Won
O-602393,2024-11-24,101,CRM Pro,Software,19,20463,EUR,Europe,Salesperson_7,Won
O-602394,2023-01-18,101,CRM Pro,Software,9,980280,PKR,Pakistan,Salesperson_7,Won
O-602395,2024-01-26,102,Analytics Suite,Software,17,25126,GBP,UK,Salesperson_7,Won
O-602396,2023-05-11,101,CRM Pro,Software,14,5954480,PKR,Pakistan,Salesperson_8,Won
O-602397,2024-02-08,201,POS Terminal,Hardware,4,628200,JPY,Japan,Salesperson_6,Won
O-602398,2024-07-07,101,CRM Pro,Software,10,18390,EUR,Europe,Salesperson_8,Won
O-602399,2023-06-02,102,Analytics Suite,Software,12,22800,USD,North America,Salesperson_8,Won
O-602400,2023-04-10,102,Analytics Suite,Software,19,32471,USD,North America,Salesperson_7,Won
O-602401,2024-07-30,101,CRM Pro,Software,10,4390400,PKR,Pakistan,Salesperson_9,Won
O-602402,2024-08-03,201,POS Terminal,Hardware,20,5331200,PKR,Pakistan,Salesperson_3,Won
O-602403,2023-10-06,102,Analytics Suite,Software,9,16335,USD,North America,Salesperson_6,Won
O-602404,2023-12-01,201,POS Terminal,Hardware,18,804600,JPY,Japan,Salesperson_2,Won
O-602405,2024-11-09,201,POS Terminal,Hardware,9,924750,JPY,Japan,Salesperson_1,Won
O-602406,2024-11-15,101,CRM Pro,Software,11,3126200,PKR,Pakistan,Salesperson_7,Won
O-602407,2023-11-12,102,Analytics Suite,Software,4,3676,GBP,UK,Salesperson_3,Won
O-602408,2023-12-11,101,CRM Pro,Software,16,25216,GBP,UK,Salesperson_2,Won
O-602409,2023-11-10,101,CRM Pro,Software,15,12870,GBP,UK,Salesperson_3,Won
O-602410,2024-10-01,102,Analytics Suite,Software,17,780300,JPY,Japan,Salesperson_9,Won
O-602411,2023-04-01,102,Analytics Suite,Software,8,2295600,JPY,Japan,Salesperson_7,Won
O-602412,2024-08-22,101,CRM Pro,Software,18,32436,EUR,Europe,Salesperson_4,Won
O-602413,2024-01-20,201,POS Terminal,Hardware,14,16968,GBP,UK,Salesperson_5,Won
O-602414,2023-04-16,102,Analytics Suite,Software,3,162450,JPY,Japan,Salesperson_4,Won
O-602415,2023-07-07,101,CRM Pro,Software,2,786800,PKR,Pakistan,Salesperson_1,Won
O-602416,2024-11-20,101,CRM Pro,Software,7,2156,EUR,Europe,Salesperson_5,Won
O-602417,2024-12-08,101,CRM Pro,Software,4,2300,USD,North America,Salesperson_1,Won
O-602418,2024-07-10,102,Analytics Suite,Software,7,8792,EUR,Europe,Salesperson_3,Won
O-602419,2023-11-17,102,Analytics Suite,Software,12,8304,GBP,UK,Salesperson_3,Won
O-602420,2023-10-25,201,POS Terminal,Hardware,8,875840,PKR,Pakistan,Salesperson_6,Won
O-602421,2024-12-21,102,Analytics Suite,Software,1,1602,EUR,Europe,Salesperson_6,Won
O-602422,2023-10-06,201,POS Terminal,Hardware,1,1360,USD,North America,Salesperson_6,Won
O-602423,2024-04-17,201,POS Terminal,Hardware,16,19120,USD,North America,Salesperson_4,Won
O-602424,2023-12-22,201,POS Terminal,Hardware,19,8151,USD,North America,Salesperson_9,Won
O-602425,2024-02-15,102,Analytics Suite,Software,18,5328,GBP,UK,Salesperson_4,Won
O-602426,2023-11-20,101,CRM Pro,Software,14,3976,USD,North America,Salesperson_2,Won
O-602427,2024-05-12,102,Analytics Suite,Software,8,2360,USD,North America,Salesperson_2,Won
O-602428,2024-11-29,102,Analytics Suite,Software,2,3532,USD,North America,Salesperson_9,Won
O-602429,2023-09-23,102,Analytics Suite,Software,20,1026000,JPY,Japan,Salesperson_9,Won
O-602430,2024-07-24,101,CRM Pro,Software,13,2782650,JPY,Japan,Salesperson_1,Won
O-602431,2023-12-31,201,POS Terminal,Hardware,19,3958080,PKR,Pakistan,Salesperson_4,Won
O-602432,2024-11-30,201,POS Terminal,Hardware,20,34660,USD,North America,Salesperson_2,Won
O-602433,2024-11-04,101,CRM Pro,Software,5,8715,EUR,Europe,Salesperson_3,Won
O-602434,2023-04-15,201,POS Terminal,Hardware,9,5310,USD,North America,Salesperson_1,Won
O-602435,2024-08-29,102,Analytics Suite,Software,7,8148,EUR,Europe,Salesperson_6,Won
O-602436,2023-01-13,201,POS Terminal,Hardware,8,11328,GBP,UK,Salesperson_5,Won
O-602437,2024-11-25,101,CRM Pro,Software,15,1903500,JPY,Japan,Salesperson_9,Won
O-602438,2023-04-14,201,POS Terminal,Hardware,19,592800,JPY,Japan,Salesperson_1,Won
O-602439,2024-06-26,101,CRM Pro,Software,12,2973600,PKR,Pakistan,Salesperson_9,Won
O-602440,2024-11-27,101,CRM Pro,Software,12,3467520,PKR,Pakistan,Salesperson_4,Won
O-602441,2023-12-24,102,Analytics Suite,Software,11,13156,GBP,UK,Salesperson_7,Won
O-602442,2024-03-13,102,Analytics Suite,Software,18,6048,EUR,Europe,Salesperson_5,Won
O-602443,2023-08-10,101,CRM Pro,Software,9,8379,GBP,UK,Salesperson_4,Won
O-602444,2023-06-02,101,CRM Pro,Software,9,2139480,PKR,Pakistan,Salesperson_3,Won
O-602445,2024-05-08,102,Analytics Suite,Software,7,2296,GBP,UK,Salesperson_7,Won
O-602446,2023-01-09,101,CRM Pro,Software,20,5100000,JPY,Japan,Salesperson_7,Won
O-602447,2023-07-17,101,CRM Pro,Software,1,1745,USD,North America,Salesperson_7,Won
O-602448,2024-05-25,102,Analytics Suite,Software,20,9492000,PKR,Pakistan,Salesperson_6,Won
O-602449,2023-01-29,201,POS Terminal,Hardware,4,337200,JPY,Japan,Salesperson_7,Won
O-602450,2023-12-18,102,Analytics Suite,Software,5,2037000,PKR,Pakistan,Salesperson_9,Won
O-602451,2024-03-01,201,POS Terminal,Hardware,7,2457,GBP,UK,Salesperson_6,Won
O-602452,2024-06-06,101,CRM Pro,Software,7,4816,USD,North America,Salesperson_3,Won
O-602453,2024-02-24,101,CRM Pro,Software,7,3263400,PKR,Pakistan,Salesperson_5,Won
O-602454,2024-02-10,101,CRM Pro,Software,7,9926,GBP,UK,Salesperson_7,Won
O-602455,2024-05-21,201,POS Terminal,Hardware,11,9746,EUR,Europe,Salesperson_8,Won
O-602456,2024-08-20,201,POS Terminal,Hardware,13,2704,GBP,UK,Salesperson_4,Won
O-602457,2023-01-19,201,POS Terminal,Hardware,1,575,USD,North America,Salesperson_7,Won
O-602458,2023-12-22,201,POS Terminal,Hardware,12,2964600,JPY,Japan,Salesperson_1,Won
O-602459,2024-01-06,101,CRM Pro,Software,8,8264,GBP,UK,Salesperson_9,Won
O-602460,2024-02-25,201,POS Terminal,Hardware,7,10297,USD,North America,Salesperson_4,Won
O-602461,2024-02-18,102,Analytics Suite,Software,8,7032,GBP,UK,Salesperson_3,Won
O-602462,2024-09-27,201,POS Terminal,Hardware,18,2200500,JPY,Japan,Salesperson_3,Won
O-602463,2024-07-16,201,POS Terminal,Hardware,16,14192,USD,North America,Salesperson_9,Won
O-602464,2024-12-14,101,CRM Pro,Software,17,4467600,JPY,Japan,Salesperson_1,Won
O-602465,2023-11-08,201,POS Terminal,Hardware,16,2666400,JPY,Japan,Salesperson_3,Won
O-602466,2023-12-26,101,CRM Pro,Software,10,4754400,PKR,Pakistan,Salesperson_1,Won
O-602467,2024-09-15,201,POS Terminal,Hardware,16,1725600,JPY,Japan,Salesperson_7,Won
O-602468,2023-11-28,101,CRM Pro,Software,14,1512000,JPY,Japan,Salesperson_9,Won
O-602469,2024-10-26,101,CRM Pro,Software,13,19981,GBP,UK,Salesperson_8,Won
O-602470,2023-07-07,102,Analytics Suite,Software,12,3393000,JPY,Japan,Salesperson_6,Won
O-602471,2023-12-12,102,Analytics Suite,Software,8,11672,USD,North America,Salesperson_7,Won
O-602472,2024-08-14,102,Analytics Suite,Software,4,5360,GBP,UK,Salesperson_7,Won
O-602473,2023-10-10,101,CRM Pro,Software,16,3153600,JPY,Japan,Salesperson_5,Won
O-602474,2024-12-15,101,CRM Pro,Software,19,9633,EUR,Europe,Salesperson_4,Won
O-602475,2024-01-08,201,POS Terminal,Hardware,14,15162,EUR,Europe,Salesperson_1,Won
O-602476,2023-06-29,102,Analytics Suite,Software,3,1338,GBP,UK,Salesperson_8,Won
O-602477,2024-10-07,102,Analytics Suite,Software,9,2731680,PKR,Pakistan,Salesperson_4,Won
O-602478,2023-12-21,201,POS Terminal,Hardware,20,11600,USD,North America,Salesperson_1,Won
O-602479,2023-06-27,102,Analytics Suite,Software,11,3261720,PKR,Pakistan,Salesperson_5,Won
O-602480,2023-09-06,102,Analytics Suite,Software,10,3833200,PKR,Pakistan,Salesperson_3,Won
O-602481,2024-02-04,102,Analytics Suite,Software,18,27000,EUR,Europe,Salesperson_2,Won
O-602482,2024-10-14,101,CRM Pro,Software,7,5663,USD,North America,Salesperson_3,Won
O-602483,2024-08-14,102,Analytics Suite,Software,3,3678,EUR,Europe,Salesperson_6,Won
O-602484,2023-02-14,201,POS Terminal,Hardware,8,14736,EUR,Europe,Salesperson_9,Won
O-602485,2024-05-14,201,POS Terminal,Hardware,14,13258,EUR,Europe,Salesperson_7,Won
O-602486,2023-09-26,102,Analytics Suite,Software,4,442400,PKR,Pakistan,Salesperson_2,Won
O-602487,2024-06-28,102,Analytics Suite,Software,5,7195,GBP,UK,Salesperson_5,Won
O-602488,2023-02-11,102,Analytics Suite,Software,16,9520,GBP,UK,Salesperson_8,Won
O-602489,2023-10-29,102,Analytics Suite,Software,9,8244,GBP,UK,Salesperson_7,Won
O-602490,2023-07-27,102,Analytics Suite,Software,14,22470,EUR,Europe,Salesperson_5,Won
O-602491,2023-06-09,201,POS Terminal,Hardware,8,283200,JPY,Japan,Salesperson_1,Won
O-602492,2024-07-24,201,POS Terminal,Hardware,10,5430,GBP,UK,Salesperson_9,Won
O-602493,2024-02-04,102,Analytics Suite,Software,8,14320,USD,North America,Salesperson_1,Won
O-602494,2023-11-04,201,POS Terminal,Hardware,14,4466,EUR,Europe,Salesperson_6,Won
O-602495,2024-09-25,102,Analytics Suite,Software,7,3577,GBP,UK,Salesperson_8,Won
O-602496,2024-06-19,101,CRM Pro,Software,7,3702440,PKR,Pakistan,Salesperson_4,Won
O-602497,2023-10-08,102,Analytics Suite,Software,10,8370,GBP,UK,Salesperson_2,Won
O-602498,2023-12-24,201,POS Terminal,Hardware,16,26432,EUR,Europe,Salesperson_9,Won
O-602499,2024-02-14,102,Analytics Suite,Software,14,9058,USD,North America,Salesperson_6,Won
O-602500,2024-11-26,102,Analytics Suite,Software,17,4924050,JPY,Japan,Salesperson_6,Won
O-602501,2023-11-26,101,CRM Pro,Software,16,3376,GBP,UK,Salesperson_7,Won
O-602502,2023-06-02,102,Analytics Suite,Software,15,4020,EUR,Europe,Salesperson_1,Won
O-602503,2024-03-30,101,CRM Pro,Software,19,12730,USD,North America,Salesperson_8,Won
O-602504,2023-11-01,102,Analytics Suite,Software,7,5880,USD,North America,Salesperson_2,Won
O-602505,2024-01-14,101,CRM Pro,Software,16,27728,EUR,Europe,Salesperson_8,Won
O-602506,2023-11-12,102,Analytics Suite,Software,17,4510950,JPY,Japan,Salesperson_6,Won
O-602507,2023-05-30,101,CRM Pro,Software,16,13488,GBP,UK,Salesperson_7,Won
O-602508,2023-05-04,201,POS Terminal,Hardware,17,23868,GBP,UK,Salesperson_7,Won
O-602509,2023-04-22,101,CRM Pro,Software,1,1343,EUR,Europe,Salesperson_2,Won
O-602510,2023-08-27,201,POS Terminal,Hardware,9,3402,GBP,UK,Salesperson_4,Won
O-602511,2023-07-13,201,POS Terminal,Hardware,4,4468,GBP,UK,Salesperson_3,Won
O-602512,2023-08-20,101,CRM Pro,Software,4,800,GBP,UK,Salesperson_4,Won
O-602513,2023-01-27,102,Analytics Suite,Software,7,3649520,PKR,Pakistan,Salesperson_2,Won
O-602514,2023-04-07,101,CRM Pro,Software,11,953700,JPY,Japan,Salesperson_2,Won
O-602515,2023-11-26,102,Analytics Suite,Software,17,9996,GBP,UK,Salesperson_5,Won
O-602516,2024-05-23,201,POS Terminal,Hardware,7,475650,JPY,Japan,Salesperson_9,Won
O-602517,2024-09-09,201,POS Terminal,Hardware,15,4045500,JPY,Japan,Salesperson_4,Won
O-602518,2024-06-15,101,CRM Pro,Software,6,834960,PKR,Pakistan,Salesperson_4,Won
O-602519,2023-09-08,101,CRM Pro,Software,11,5260640,PKR,Pakistan,Salesperson_5,Won
O-602520,2023-07-21,102,Analytics Suite,Software,12,3042000,JPY,Japan,Salesperson_7,Won
O-602521,2023-10-26,201,POS Terminal,Hardware,18,3144960,PKR,Pakistan,Salesperson_4,Won
O-602522,2023-02-02,201,POS Terminal,Hardware,6,4134,EUR,Europe,Salesperson_6,Won
O-602523,2023-01-17,201,POS Terminal,Hardware,5,5720,EUR,Europe,Salesperson_4,Won
O-602524,2024-03-06,101,CRM Pro,Software,14,1074080,PKR,Pakistan,Salesperson_3,Won
O-602525,2024-09-06,102,Analytics Suite,Software,13,19188,EUR,Europe,Salesperson_1,Won
O-602526,2023-04-28,201,POS Terminal,Hardware,17,7565,EUR,Europe,Salesperson_8,Won
O-602527,2024-02-29,102,Analytics Suite,Software,2,122640,PKR,Pakistan,Salesperson_9,Won
O-602528,2023-03-29,101,CRM Pro,Software,5,425600,PKR,Pakistan,Salesperson_4,Won
O-602529,2023-06-03,102,Analytics Suite,Software,2,245700,JPY,Japan,Salesperson_5,Won
O-602530,2024-06-17,201,POS Terminal,Hardware,16,4435200,PKR,Pakistan,Salesperson_2,Won
O-602531,2023-10-21,101,CRM Pro,Software,15,4943400,PKR,Pakistan,Salesperson_4,Won
O-602532,2023-12-09,101,CRM Pro,Software,16,6336,EUR,Europe,Salesperson_4,Won
O-602533,2024-12-28,102,Analytics Suite,Software,3,609000,PKR,Pakistan,Salesperson_3,Won
O-602534,2024-06-30,201,POS Terminal,Hardware,16,2508000,JPY,Japan,Salesperson_8,Won
O-602535,2024-01-25,201,POS Terminal,Hardware,16,18096,EUR,Europe,Salesperson_7,Won
O-602536,2024-01-18,102,Analytics Suite,Software,19,16587,GBP,UK,Salesperson_8,Won
O-602537,2024-09-16,101,CRM Pro,Software,8,4016,EUR,Europe,Salesperson_6,Won
O-602538,2024-05-21,102,Analytics Suite,Software,6,665100,JPY,Japan,Salesperson_5,Won
O-602539,2024-02-07,101,CRM Pro,Software,17,19601,USD,North America,Salesperson_1,Won
O-602540,2023-09-24,102,Analytics Suite,Software,2,539100,JPY,Japan,Salesperson_5,Won
O-602541,2024-02-10,201,POS Terminal,Hardware,13,19708,GBP,UK,Salesperson_2,Won
O-602542,2023-03-02,201,POS Terminal,Hardware,18,1512000,PKR,Pakistan,Salesperson_9,Won
O-602543,2024-02-24,102,Analytics Suite,Software,15,23505,EUR,Europe,Salesperson_2,Won
O-602544,2023-06-06,201,POS Terminal,Hardware,6,6402,EUR,Europe,Salesperson_9,Won
O-602545,2023-09-23,101,CRM Pro,Software,20,3304000,PKR,Pakistan,Salesperson_8,Won
O-602546,2024-01-16,102,Analytics Suite,Software,6,943200,JPY,Japan,Salesperson_4,Won
O-602547,2023-02-02,201,POS Terminal,Hardware,16,10912,EUR,Europe,Salesperson_5,Won
O-602548,2024-04-04,102,Analytics Suite,Software,6,9294,GBP,UK,Salesperson_5,Won
O-602549,2023-08-11,102,Analytics Suite,Software,13,14976,GBP,UK,Salesperson_7,Won
O-602550,2023-08-19,102,Analytics Suite,Software,14,3196200,JPY,Japan,Salesperson_9,Won
O-602551,2023-01-16,201,POS Terminal,Hardware,5,1287750,JPY,Japan,Salesperson_4,Won
O-602552,2023-01-16,101,CRM Pro,Software,4,659680,PKR,Pakistan,Salesperson_9,Won
O-602553,2023-10-14,101,CRM Pro,Software,15,4410000,PKR,Pakistan,Salesperson_9,Won
O-602554,2023-03-14,101,CRM Pro,Software,8,2255680,PKR,Pakistan,Salesperson_5,Won
O-602555,2023-05-11,102,Analytics Suite,Software,16,5328,USD,North America,Salesperson_8,Won
O-602556,2024-02-04,101,CRM Pro,Software,9,814050,JPY,Japan,Salesperson_9,Won
O-602557,2024-06-19,102,Analytics Suite,Software,1,1048,GBP,UK,Salesperson_7,Won
O-602558,2024-06-29,101,CRM Pro,Software,1,280500,JPY,Japan,Salesperson_3,Won
O-602559,2024-10-03,102,Analytics Suite,Software,6,2088240,PKR,Pakistan,Salesperson_5,Won
O-602560,2024-02-15,201,POS Terminal,Hardware,10,1338400,PKR,Pakistan,Salesperson_1,Won
O-602561,2023-03-22,201,POS Terminal,Hardware,18,23526,USD,North America,Salesperson_7,Won
O-602562,2024-12-06,102,Analytics Suite,Software,3,838800,JPY,Japan,Salesperson_3,Won
O-602563,2024-03-01,102,Analytics Suite,Software,8,10112,GBP,UK,Salesperson_6,Won
O-602564,2024-12-25,101,CRM Pro,Software,20,14000,GBP,UK,Salesperson_1,Won
O-602565,2024-12-11,101,CRM Pro,Software,1,688,EUR,Europe,Salesperson_9,Won
O-602566,2023-01-16,101,CRM Pro,Software,16,24784,EUR,Europe,Salesperson_8,Won
O-602567,2024-02-12,102,Analytics Suite,Software,16,4176,GBP,UK,Salesperson_7,Won
O-602568,2024-07-21,201,POS Terminal,Hardware,7,4501,GBP,UK,Salesperson_6,Won
O-602569,2024-04-06,201,POS Terminal,Hardware,18,8300880,PKR,Pakistan,Salesperson_1,Won
O-602570,2024-11-23,201,POS Terminal,Hardware,5,2597000,PKR,Pakistan,Salesperson_7,Won
O-602571,2024-04-28,201,POS Terminal,Hardware,7,1065750,JPY,Japan,Salesperson_4,Won
O-602572,2023-12-05,102,Analytics Suite,Software,14,6346480,PKR,Pakistan,Salesperson_8,Won
O-602573,2023-02-06,102,Analytics Suite,Software,17,5304,GBP,UK,Salesperson_1,Won
O-602574,2023-07-20,101,CRM Pro,Software,17,1399440,PKR,Pakistan,Salesperson_3,Won
O-602575,2024-04-01,101,CRM Pro,Software,20,11140,USD,North America,Salesperson_7,Won
O-602576,2024-03-02,201,POS Terminal,Hardware,1,266400,JPY,Japan,Salesperson_7,Won
O-602577,2023-04-03,102,Analytics Suite,Software,16,2934400,PKR,Pakistan,Salesperson_6,Won
O-602578,2023-03-30,201,POS Terminal,Hardware,20,25880,EUR,Europe,Salesperson_1,Won
O-602579,2023-05-19,201,POS Terminal,Hardware,8,2080,EUR,Europe,Salesperson_7,Won
O-602580,2023-11-28,102,Analytics Suite,Software,15,1797750,JPY,Japan,Salesperson_8,Won
O-602581,2023-01-09,201,POS Terminal,Hardware,19,32452,USD,North America,Salesperson_2,Won
O-602582,2024-09-28,102,Analytics Suite,Software,13,2472600,JPY,Japan,Salesperson_7,Won
O-602583,2023-09-16,201,POS Terminal,Hardware,12,14832,GBP,UK,Salesperson_4,Won
O-602584,2024-05-03,102,Analytics Suite,Software,4,4908,USD,North America,Salesperson_9,Won
O-602585,2023-06-27,201,POS Terminal,Hardware,16,3745280,PKR,Pakistan,Salesperson_3,Won
O-602586,2024-04-14,102,Analytics Suite,Software,19,8719480,PKR,Pakistan,Salesperson_2,Won
O-602587,2024-06-10,201,POS Terminal,Hardware,16,28336,USD,North America,Salesperson_4,Won
O-602588,2024-07-31,101,CRM Pro,Software,2,2050,USD,North America,Salesperson_7,Won
O-602589,2023-11-15,201,POS Terminal,Hardware,4,7928,USD,North America,Salesperson_2,Won
O-602590,2024-02-24,102,Analytics Suite,Software,17,2305200,JPY,Japan,Salesperson_9,Won
O-602591,2023-04-06,101,CRM Pro,Software,2,2192,GBP,UK,Salesperson_6,Won
O-602592,2023-12-19,101,CRM Pro,Software,9,3060,GBP,UK,Salesperson_2,Won
O-602593,2024-05-24,101,CRM Pro,Software,8,9416,USD,North America,Salesperson_4,Won
O-602594,2024-04-27,101,CRM Pro,Software,20,12560,EUR,Europe,Salesperson_9,Won
O-602595,2023-07-12,201,POS Terminal,Hardware,13,2209480,PKR,Pakistan,Salesperson_7,Won
O-602596,2023-06-19,201,POS Terminal,Hardware,10,3444000,PKR,Pakistan,Salesperson_5,Won
O-602597,2023-11-07,101,CRM Pro,Software,1,1601,USD,North America,Salesperson_8,Won
O-602598,2023-09-14,101,CRM Pro,Software,14,4004,USD,North America,Salesperson_6,Won
O-602599,2023-09-10,101,CRM Pro,Software,8,11296,USD,North America,Salesperson_6,Won
