order_id,opportunity_id,customer_id,lead_date,close_date,order_date,revenue,units,product_id,product_name,category,salesperson,region,channel,stage,is_returning
O-100000,OPP-200000,C-3816,2024-06-28,2024-07-19,2024-07-19,5956.0,4.0,102,Analytics Suite,Software,Salesperson_1,Asia,Outbound,Won,True
O-100001,OPP-200001,C-1898,2024-07-05,,,14190.0,11.0,102,Analytics Suite,Software,Salesperson_9,Europe,Partner,Lead,True
O-100002,OPP-200002,C-4827,2024-07-31,2024-08-08,2024-08-08,,8.0,103,Sales Booster,Software,Salesperson_4,North America,Outbound,Lead,False
,OPP-200003,C-1346,2023-09-05,2023-09-10,2023-09-10,,10.0,102,Analytics Suite,Software,Salesperson_8,Europe,,Lost,True
O-100004,OPP-200004,C-4338,2024-02-13,2024-03-08,2024-03-08,5520.0,8.0,201,POS Terminal,Hardware,Salesperson_7,Asia,Partner,Won,True
,OPP-200005,C-4823,2024-08-25,2024-09-17,2024-09-17,5392.0,4.0,102,Analytics Suite,Software,Salesperson_1,North America,Partner,Qualified,
O-100006,OPP-200006,C-4697,2024-09-18,,,633.0,,102,Analytics Suite,Software,Salesperson_1,Europe,Outbound,Qualified,False
O-100007,OPP-200007,C-3781,2024-08-05,2024-08-10,2024-08-10,14100.0,12.0,102,Analytics Suite,Software,Salesperson_6,Asia,Partner,Won,True
O-100008,OPP-200008,C-4243,2024-02-22,2024-03-16,2024-03-16,4820.0,10.0,201,POS Terminal,Hardware,Salesperson_6,Europe,Partner,Lost,False
O-100009,OPP-200009,C-2576,2023-12-13,,,2112.0,3.0,103,Sales Booster,Software,Salesperson_8,Europe,Inbound,Qualified,False
O-100010,OPP-200010,C-2763,2024-03-22,,,943.0,1.0,102,Analytics Suite,Software,Salesperson_6,North America,Partner,Won,False
O-100011,OPP-200011,C-2745,2023-10-01,,,6027.0,7.0,101,CRM Pro,Software,Salesperson_4,Asia,Outbound,Lost,True
O-100012,OPP-200012,C-1852,2023-02-24,2023-03-06,2023-03-06,102.0,1.0,103,Sales Booster,Software,Salesperson_1,Asia,Inbound,Won,
O-100013,OPP-200013,C-3340,2023-12-24,,,6752.0,8.0,103,Sales Booster,Software,Salesperson_8,Asia,Partner,Lead,True
O-100014,OPP-200014,C-2531,2024-12-26,2025-01-10,2025-01-10,1240.0,2.0,103,Sales Booster,Software,Salesperson_3,North America,Inbound,Won,False
O-100015,OPP-200015,C-1213,2023-10-17,2023-10-28,2023-10-28,632.0,1.0,201,POS Terminal,Hardware,,North America,Partner,Qualified,False
O-100016,OPP-200016,C-3023,2024-02-16,,,9720.0,10.0,102,Analytics Suite,Software,,North America,Inbound,Won,False
O-100017,OPP-200017,C-1396,2024-08-28,,,1184.0,1.0,102,Analytics Suite,Software,Salesperson_6,North America,Partner,Lead,False
O-100018,OPP-200018,C-4728,2024-12-22,2025-01-11,,3805.0,5.0,101,CRM Pro,Software,Salesperson_4,Asia,Inbound,Qualified,False
O-100019,OPP-200019,C-3651,2024-06-24,2024-07-03,2024-07-03,,3.0,103,Sales Booster,Software,,North America,Partner,Won,True
O-100020,OPP-200020,C-2692,2023-09-13,2023-09-24,2023-09-24,,9.0,101,CRM Pro,Software,Salesperson_7,Asia,,Lead,False
O-100021,OPP-200021,C-4437,2024-04-28,,,10680.0,,102,Analytics Suite,Software,Salesperson_6,Asia,,Lost,False
O-100022,OPP-200022,C-2139,2024-08-02,2024-08-11,2024-08-11,1395.0,5.0,102,Analytics Suite,Software,Salesperson_4,Asia,,Won,True
O-100023,OPP-200023,C-2991,2024-06-24,2024-07-13,2024-07-13,,7.0,101,CRM Pro,Software,,Asia,Partner,Won,False
O-100024,OPP-200024,C-3502,2023-08-24,2023-09-12,,3765.0,5.0,102,Analytics Suite,Software,Salesperson_10,North America,,Qualified,False
O-100025,OPP-200025,C-2038,2023-05-18,,,22230.0,15.0,103,Sales Booster,Software,Salesperson_3,Asia,Partner,Lost,False
O-100026,OPP-200026,C-2770,2024-11-16,2024-12-11,2024-12-11,6136.0,13.0,103,Sales Booster,Software,Salesperson_8,Europe,Partner,Won,
O-100027,OPP-200027,C-2732,2024-02-25,2024-03-03,2024-03-03,3196.0,4.0,101,CRM Pro,Software,Salesperson_10,North America,Outbound,Qualified,False
O-100028,OPP-200028,C-4768,2023-03-08,2023-04-02,,7830.0,9.0,102,Analytics Suite,Software,Salesperson_3,North America,Partner,Lead,
O-100029,OPP-200029,C-2721,2023-05-24,2023-06-09,2023-06-09,2340.0,3.0,201,POS Terminal,Hardware,Salesperson_9,Asia,Partner,Lost,False
O-100030,OPP-200030,C-2876,2023-10-06,,,3016.0,4.0,101,CRM Pro,Software,Salesperson_6,Asia,Outbound,Lost,True
O-100031,OPP-200031,C-2809,2024-12-11,2024-12-27,2024-12-27,8690.0,10.0,103,Sales Booster,Software,Salesperson_4,North America,,Lost,
O-100032,OPP-200032,C-2547,2023-08-01,2023-08-23,2023-08-23,,11.0,201,POS Terminal,Hardware,Salesperson_5,Asia,Inbound,Lead,True
O-100033,OPP-200033,C-2068,2023-02-19,2023-03-07,2023-03-07,2884.0,7.0,103,Sales Booster,Software,,Europe,,Qualified,False
O-100034,OPP-200034,C-3350,2024-11-27,2024-12-13,2024-12-13,,6.0,102,Analytics Suite,Software,Salesperson_4,Asia,Inbound,Qualified,False
O-100035,OPP-200035,C-1072,2023-09-08,2023-10-03,2023-10-03,8734.0,11.0,103,Sales Booster,Software,Salesperson_6,Asia,,Won,
O-100036,OPP-200036,C-1549,2024-07-05,,,,13.0,103,Sales Booster,Software,,Europe,Partner,Lost,False
O-100037,OPP-200037,C-4494,2024-05-01,2024-05-20,2024-05-20,,4.0,101,CRM Pro,Software,Salesperson_1,Asia,Outbound,Lost,True
O-100038,OPP-200038,C-2712,2024-02-01,2024-02-25,2024-02-25,,9.0,101,CRM Pro,Software,Salesperson_1,North America,Partner,Lost,True
O-100039,OPP-200039,C-4655,2024-12-26,,,3576.0,3.0,103,Sales Booster,Software,Salesperson_9,Europe,Outbound,Lost,True
O-100040,OPP-200040,C-2806,2023-10-22,2023-11-03,2023-11-03,,8.0,101,CRM Pro,Software,Salesperson_10,North America,,Lead,False
O-100041,OPP-200041,C-1452,2023-05-09,2023-05-20,2023-05-20,,7.0,103,Sales Booster,Software,Salesperson_7,North America,Outbound,Lost,False
O-100042,OPP-200042,C-2026,2023-08-21,2023-09-11,2023-09-11,,4.0,103,Sales Booster,Software,Salesperson_5,Asia,Inbound,Qualified,True
O-100043,OPP-200043,C-1044,2023-08-04,2023-08-24,2023-08-24,1939.0,7.0,102,Analytics Suite,Software,Salesperson_10,Asia,,Lead,True
O-100044,OPP-200044,C-2607,2024-04-07,2024-04-24,2024-04-24,,14.0,103,Sales Booster,Software,Salesperson_2,Europe,Inbound,Lost,False
O-100045,OPP-200045,C-2137,2023-05-05,,,,6.0,102,Analytics Suite,Software,Salesperson_3,North America,Partner,Qualified,False
O-100046,OPP-200046,C-4680,2024-07-07,2024-07-21,2024-07-21,11632.0,8.0,201,POS Terminal,Hardware,Salesperson_8,Asia,Outbound,Won,True
O-100047,OPP-200047,C-1872,2023-08-23,2023-08-30,2023-08-30,,10.0,201,POS Terminal,Hardware,Salesperson_10,Asia,Outbound,Lead,
O-100048,OPP-200048,C-3394,2023-11-30,2023-12-08,2023-12-08,3720.0,10.0,101,CRM Pro,Software,Salesperson_1,Asia,Inbound,Lost,False
O-100049,OPP-200049,C-4362,2024-01-21,2024-02-11,2024-02-11,,13.0,201,POS Terminal,Hardware,Salesperson_8,Europe,Inbound,Qualified,False
O-100050,OPP-200050,C-2905,2023-01-14,2023-01-27,2023-01-27,4024.0,4.0,102,Analytics Suite,Software,Salesperson_8,Asia,Inbound,Lost,False
O-100051,OPP-200051,C-2864,2024-12-10,2024-12-28,2024-12-28,9534.0,7.0,201,POS Terminal,Hardware,Salesperson_4,North America,,Lost,True
O-100052,OPP-200052,C-1049,2023-12-04,2023-12-15,2023-12-15,,13.0,201,POS Terminal,Hardware,,Europe,Inbound,Lead,True
O-100053,OPP-200053,C-1539,2023-07-17,2023-08-06,2023-08-06,17568.0,12.0,201,POS Terminal,Hardware,,North America,,Lost,True
O-100054,OPP-200054,C-4680,2023-07-28,,,16492.0,,101,CRM Pro,Software,Salesperson_1,North America,Inbound,Qualified,False
O-100055,OPP-200055,C-2394,2024-12-02,2024-12-24,2024-12-24,6985.0,11.0,102,Analytics Suite,Software,,North America,Outbound,Lost,False
O-100056,OPP-200056,C-2422,2023-10-23,2023-11-04,2023-11-04,868.0,4.0,103,Sales Booster,Software,,Europe,Outbound,Won,True
O-100057,OPP-200057,C-4927,2023-02-21,,,5850.0,5.0,103,Sales Booster,Software,Salesperson_10,Asia,,Lead,True
O-100058,OPP-200058,C-2531,2023-10-06,2023-10-16,,,9.0,201,POS Terminal,Hardware,Salesperson_7,Asia,Outbound,Won,False
O-100059,OPP-200059,C-2055,2024-11-28,2024-12-20,,8370.0,9.0,103,Sales Booster,Software,Salesperson_1,Europe,Inbound,Lead,False
O-100060,OPP-200060,C-1595,2024-10-03,,,9394.0,11.0,101,CRM Pro,Software,Salesperson_9,North America,,Won,False
O-100061,OPP-200061,C-3472,2023-10-25,2023-11-06,,15114.0,11.0,102,Analytics Suite,Software,Salesperson_8,Europe,Partner,Lead,False
O-100062,OPP-200062,C-2808,2024-03-15,2024-03-26,2024-03-26,1904.0,8.0,201,POS Terminal,Hardware,Salesperson_8,North America,Partner,Lost,
O-100063,OPP-200063,C-4271,2023-01-14,2023-01-21,2023-01-21,1616.0,2.0,201,POS Terminal,Hardware,Salesperson_3,North America,Partner,Qualified,True
,OPP-200064,C-4071,2024-05-12,2024-06-05,2024-06-05,22065.0,15.0,102,Analytics Suite,Software,,Asia,Partner,Lead,False
O-100065,OPP-200065,C-3782,2024-11-22,2024-12-17,2024-12-17,,7.0,102,Analytics Suite,Software,Salesperson_6,Europe,Outbound,Lead,True
O-100066,OPP-200066,C-3610,2024-02-21,2024-03-11,2024-03-11,,7.0,101,CRM Pro,Software,Salesperson_4,Europe,,Qualified,True
O-100067,OPP-200067,C-3456,2023-05-04,2023-05-13,2023-05-13,5780.0,10.0,103,Sales Booster,Software,Salesperson_5,Asia,Outbound,Lost,False
O-100068,OPP-200068,C-2875,2024-09-23,2024-10-14,2024-10-14,1291.0,,201,POS Terminal,Hardware,Salesperson_4,Asia,Inbound,Lost,False
O-100069,OPP-200069,C-2577,2024-12-01,2024-12-16,2024-12-16,,5.0,102,Analytics Suite,Software,Salesperson_6,Asia,Partner,Lost,False
O-100070,OPP-200070,C-1037,2023-05-18,,,4830.0,6.0,101,CRM Pro,Software,Salesperson_1,North America,Outbound,Qualified,True
O-100071,OPP-200071,C-3659,2023-03-27,,,,11.0,103,Sales Booster,Software,Salesperson_6,Asia,,Lost,True
O-100072,OPP-200072,C-3028,2024-10-14,2024-10-29,2024-10-29,5642.0,14.0,103,Sales Booster,Software,Salesperson_8,Asia,Inbound,Lead,False
O-100073,OPP-200073,C-3959,2024-06-02,,,7260.0,10.0,102,Analytics Suite,Software,Salesperson_2,North America,Outbound,Lost,False
O-100074,OPP-200074,C-4414,2023-07-28,2023-08-07,2023-08-07,7952.0,14.0,101,CRM Pro,Software,Salesperson_9,Europe,,Lead,False
O-100075,OPP-200075,C-2997,2024-04-20,,,1724.0,2.0,101,CRM Pro,Software,Salesperson_9,Europe,Outbound,Qualified,True
O-100076,OPP-200076,C-2554,2023-07-19,2023-08-03,2023-08-03,4524.0,,103,Sales Booster,Software,,Asia,Inbound,Lost,False
O-100077,OPP-200077,C-3939,2024-08-18,2024-09-03,2024-09-03,,4.0,201,POS Terminal,Hardware,Salesperson_3,Europe,Outbound,Qualified,False
O-100078,OPP-200078,C-2388,2024-06-18,2024-06-23,2024-06-23,2844.0,4.0,101,CRM Pro,Software,Salesperson_4,Europe,Partner,Qualified,True
O-100079,OPP-200079,C-1059,2023-03-23,2023-04-13,2023-04-13,6512.0,11.0,102,Analytics Suite,Software,Salesperson_9,Europe,Inbound,Lead,False
O-100080,OPP-200080,C-4156,2024-11-04,2024-11-13,2024-11-13,1152.0,4.0,201,POS Terminal,Hardware,,Asia,,Qualified,
O-100081,OPP-200081,C-3603,2024-09-04,2024-09-13,2024-09-13,,12.0,201,POS Terminal,Hardware,Salesperson_1,Asia,Partner,Lead,True
O-100082,OPP-200082,C-2074,2024-11-20,2024-11-25,2024-11-25,13039.0,13.0,103,Sales Booster,Software,Salesperson_2,Asia,Outbound,Qualified,
O-100083,OPP-200083,C-2950,2024-11-18,2024-11-30,2024-11-30,12411.0,9.0,103,Sales Booster,Software,Salesperson_3,North America,Partner,Qualified,False
O-100084,OPP-200084,C-2747,2023-11-16,2023-12-05,2023-12-05,,9.0,103,Sales Booster,Software,Salesperson_3,Asia,Outbound,Qualified,True
O-100085,OPP-200085,C-1890,2023-02-02,2023-02-17,2023-02-17,2652.0,4.0,102,Analytics Suite,Software,Salesperson_2,Asia,Partner,Qualified,False
O-100086,OPP-200086,C-1089,2024-09-05,2024-09-25,2024-09-25,7600.0,10.0,101,CRM Pro,Software,Salesperson_2,Asia,,Qualified,False
O-100087,OPP-200087,C-4224,2024-03-10,2024-04-03,2024-04-03,3536.0,4.0,102,Analytics Suite,Software,Salesperson_3,Europe,Outbound,Lead,True
O-100088,OPP-200088,C-4748,2023-07-06,2023-07-25,,,5.0,103,Sales Booster,Software,Salesperson_5,North America,Inbound,Won,False
O-100089,OPP-200089,C-3059,2023-12-09,,,,15.0,101,CRM Pro,Software,Salesperson_5,North America,Inbound,Qualified,True
O-100090,OPP-200090,C-3581,2023-06-25,2023-06-30,2023-06-30,2652.0,12.0,201,POS Terminal,Hardware,,Asia,Partner,Lead,True
,OPP-200091,C-2309,2024-11-21,2024-12-10,2024-12-10,,9.0,101,CRM Pro,Software,,Asia,Partner,Qualified,False
O-100092,OPP-200092,C-3094,2023-04-28,,,1724.0,4.0,101,CRM Pro,Software,Salesperson_8,North America,,Lost,True
O-100093,OPP-200093,C-1550,2023-02-26,2023-03-20,2023-03-20,3159.0,13.0,103,Sales Booster,Software,Salesperson_4,Europe,Partner,Lead,
O-100094,OPP-200094,C-3827,2023-06-04,,,,7.0,201,POS Terminal,Hardware,Salesperson_4,Asia,Partner,Lost,True
O-100095,OPP-200095,C-4116,2024-03-13,,,3903.0,,201,POS Terminal,Hardware,Salesperson_7,Europe,,Won,False
,OPP-200096,C-3537,2024-05-17,2024-06-09,2024-06-09,10681.0,11.0,103,Sales Booster,Software,,North America,,Lead,True
O-100097,OPP-200097,C-1130,2023-10-10,2023-10-25,2023-10-25,9459.0,9.0,103,Sales Booster,Software,,Europe,Partner,Qualified,True
O-100098,OPP-200098,C-1761,2023-05-06,2023-05-20,2023-05-20,,,101,CRM Pro,Software,Salesperson_9,Europe,Outbound,Won,False
O-100099,OPP-200099,C-1711,2024-02-26,2024-03-19,2024-03-19,,4.0,103,Sales Booster,Software,,North America,Inbound,Qualified,False
O-100100,OPP-200100,C-4004,2023-02-14,2023-03-04,2023-03-04,1556.0,2.0,101,CRM Pro,Software,Salesperson_7,Europe,,Won,False
O-100101,OPP-200101,C-2280,2024-01-31,,,12930.0,10.0,201,POS Terminal,Hardware,Salesperson_6,Europe,Inbound,Qualified,True
O-100102,OPP-200102,C-4176,2023-03-18,2023-04-09,2023-04-09,5952.0,8.0,103,Sales Booster,Software,Salesperson_6,Europe,Partner,Lost,False
O-100103,OPP-200103,C-3845,2024-03-30,,,8718.0,,101,CRM Pro,Software,Salesperson_9,North America,Inbound,Qualified,False
O-100104,OPP-200104,C-2530,2024-11-08,2024-12-01,2024-12-01,3224.0,13.0,101,CRM Pro,Software,,North America,Partner,Qualified,False
O-100105,OPP-200105,C-2244,2024-04-26,2024-05-04,2024-05-04,5478.0,6.0,201,POS Terminal,Hardware,Salesperson_10,Europe,Partner,Lead,False
O-100106,OPP-200106,C-1421,2023-08-03,,,2295.0,5.0,102,Analytics Suite,Software,Salesperson_3,Asia,Partner,Lost,False
O-100107,OPP-200107,C-4213,2024-11-11,,,,3.0,101,CRM Pro,Software,Salesperson_7,Europe,,Qualified,True
O-100108,OPP-200108,C-4488,2023-09-07,,,11175.0,15.0,101,CRM Pro,Software,,Asia,Inbound,Won,False
O-100109,OPP-200109,C-3464,2024-12-12,2024-12-28,2024-12-28,6144.0,12.0,101,CRM Pro,Software,Salesperson_10,North America,Inbound,Won,
O-100110,OPP-200110,C-4599,2024-08-03,2024-08-10,2024-08-10,8874.0,6.0,201,POS Terminal,Hardware,Salesperson_4,Europe,,Won,True
O-100111,OPP-200111,C-4216,2024-01-05,2024-01-19,2024-01-19,3318.0,3.0,101,CRM Pro,Software,Salesperson_10,Europe,,Lead,False
,OPP-200112,C-2087,2023-02-15,2023-02-25,2023-02-25,8736.0,,102,Analytics Suite,Software,Salesperson_3,North America,Partner,Lead,False
,OPP-200113,C-1724,2024-02-02,2024-02-20,2024-02-20,10548.0,9.0,102,Analytics Suite,Software,Salesperson_10,North America,Inbound,Lost,True
O-100114,OPP-200114,C-3397,2024-04-20,2024-05-02,2024-05-02,,6.0,103,Sales Booster,Software,Salesperson_3,Europe,Outbound,Lost,True
O-100115,OPP-200115,C-3684,2023-02-24,2023-03-03,,,13.0,201,POS Terminal,Hardware,Salesperson_1,Europe,,Qualified,True
O-100116,OPP-200116,C-2408,2024-12-17,,,2008.0,2.0,102,Analytics Suite,Software,Salesperson_2,Europe,Inbound,Lost,True
O-100117,OPP-200117,C-3720,2024-07-28,2024-08-13,2024-08-13,4176.0,12.0,201,POS Terminal,Hardware,Salesperson_1,Asia,Partner,Won,False
O-100118,OPP-200118,C-4714,2024-05-10,,,5764.0,11.0,101,CRM Pro,Software,Salesperson_4,Europe,Outbound,Won,True
O-100119,OPP-200119,C-1062,2024-07-04,,,1862.0,7.0,102,Analytics Suite,Software,Salesperson_2,North America,Partner,Lead,False
O-100120,OPP-200120,C-1954,2024-12-09,2024-12-22,2024-12-22,17148.0,12.0,103,Sales Booster,Software,Salesperson_2,Europe,Partner,Lead,True
O-100121,OPP-200121,C-3394,2023-02-21,2023-03-03,2023-03-03,4508.0,4.0,101,CRM Pro,Software,Salesperson_8,Asia,Outbound,Won,False
O-100122,OPP-200122,C-2458,2023-02-25,2023-03-05,2023-03-05,2780.0,5.0,103,Sales Booster,Software,Salesperson_7,Asia,Outbound,Won,True
O-100123,OPP-200123,C-4623,2024-01-17,2024-01-29,2024-01-29,3644.0,,201,POS Terminal,Hardware,Salesperson_6,Asia,Partner,Lost,False
O-100124,OPP-200124,C-1904,2023-03-21,2023-04-08,2023-04-08,4590.0,6.0,201,POS Terminal,Hardware,Salesperson_10,Europe,Outbound,Lead,True
O-100125,OPP-200125,C-3134,2024-03-12,2024-04-03,2024-04-03,5232.0,8.0,103,Sales Booster,Software,Salesperson_10,Asia,,Won,
O-100126,OPP-200126,C-2277,2024-05-14,2024-06-07,2024-06-07,12960.0,10.0,101,CRM Pro,Software,Salesperson_1,North America,Outbound,Lead,False
O-100127,OPP-200127,C-3762,2023-03-11,2023-03-18,2023-03-18,3270.0,5.0,101,CRM Pro,Software,Salesperson_9,Europe,Outbound,Qualified,False
O-100128,OPP-200128,C-4392,2023-10-27,,,458.0,,102,Analytics Suite,Software,,Europe,Outbound,Won,True
O-100129,OPP-200129,C-4849,2024-08-07,2024-08-19,2024-08-19,8437.0,11.0,101,CRM Pro,Software,Salesperson_10,Europe,,Lost,True
O-100130,OPP-200130,C-3445,2024-11-19,,,6894.0,6.0,101,CRM Pro,Software,Salesperson_10,North America,Partner,Qualified,False
O-100131,OPP-200131,C-4132,2023-10-21,,,3132.0,12.0,201,POS Terminal,Hardware,,Europe,Inbound,Lead,False
O-100132,OPP-200132,C-2380,2023-06-01,2023-06-10,2023-06-10,,2.0,101,CRM Pro,Software,,North America,Partner,Lead,True
O-100133,OPP-200133,C-4082,2023-07-22,2023-08-04,2023-08-04,412.0,2.0,201,POS Terminal,Hardware,Salesperson_5,North America,,Qualified,True
O-100134,OPP-200134,C-1773,2024-03-01,2024-03-21,2024-03-21,14860.0,10.0,201,POS Terminal,Hardware,,North America,Outbound,Lost,False
O-100135,OPP-200135,C-1626,2023-12-16,,,10946.0,,102,Analytics Suite,Software,Salesperson_4,North America,,Lead,True
O-100136,OPP-200136,C-2529,2024-10-11,2024-10-20,,732.0,1.0,201,POS Terminal,Hardware,Salesperson_4,Europe,Inbound,Lead,False
O-100137,OPP-200137,C-2579,2023-06-23,,,,10.0,101,CRM Pro,Software,Salesperson_4,Europe,Inbound,Won,False
O-100138,OPP-200138,C-2714,2023-10-26,2023-11-04,2023-11-04,12150.0,15.0,102,Analytics Suite,Software,Salesperson_8,Asia,Partner,Qualified,
O-100139,OPP-200139,C-1617,2024-06-17,,,8556.0,6.0,103,Sales Booster,Software,Salesperson_4,North America,Outbound,Qualified,True
,OPP-200140,C-2050,2023-05-09,2023-05-17,2023-05-17,,9.0,101,CRM Pro,Software,Salesperson_10,North America,,Lost,False
O-100141,OPP-200141,C-1793,2024-05-20,2024-06-02,2024-06-02,2954.0,7.0,103,Sales Booster,Software,Salesperson_8,Asia,,Qualified,
O-100142,OPP-200142,C-3674,2023-02-28,2023-03-18,2023-03-18,5595.0,5.0,201,POS Terminal,Hardware,Salesperson_5,Europe,Outbound,Lead,False
O-100143,OPP-200143,C-3743,2023-02-20,2023-02-25,2023-02-25,14826.0,14.0,101,CRM Pro,Software,Salesperson_5,North America,Inbound,Lost,False
O-100144,OPP-200144,C-3808,2024-04-18,2024-05-07,2024-05-07,4100.0,10.0,102,Analytics Suite,Software,Salesperson_9,North America,Partner,Qualified,False
O-100145,OPP-200145,C-1892,2024-09-23,2024-10-03,2024-10-03,326.0,1.0,103,Sales Booster,Software,Salesperson_3,Europe,,Lost,False
O-100146,OPP-200146,C-2810,2023-08-22,,,10872.0,12.0,103,Sales Booster,Software,Salesperson_10,Asia,Outbound,Qualified,False
O-100147,OPP-200147,C-1961,2023-02-27,,,,7.0,201,POS Terminal,Hardware,Salesperson_7,Europe,Partner,Lost,False
O-100148,OPP-200148,C-4957,2023-06-06,,,8092.0,,101,CRM Pro,Software,,North America,,Lost,True
O-100149,OPP-200149,C-1405,2023-07-27,,,2220.0,2.0,103,Sales Booster,Software,Salesperson_10,Europe,,Qualified,False
O-100150,OPP-200150,C-1026,2024-10-19,2024-11-10,2024-11-10,3726.0,9.0,101,CRM Pro,Software,Salesperson_2,Asia,Outbound,Lead,True
O-100151,OPP-200151,C-1717,2024-07-31,2024-08-12,2024-08-12,1133.0,11.0,102,Analytics Suite,Software,Salesperson_8,North America,Inbound,Lead,True
O-100152,OPP-200152,C-1181,2023-05-17,2023-06-09,,,8.0,101,CRM Pro,Software,Salesperson_3,North America,Partner,Lead,False
O-100153,OPP-200153,C-4293,2023-03-30,,,9306.0,11.0,101,CRM Pro,Software,Salesperson_2,North America,Outbound,Lead,False
O-100154,OPP-200154,C-1990,2024-12-20,2025-01-09,2025-01-09,1140.0,,201,POS Terminal,Hardware,Salesperson_1,North America,Partner,Qualified,False
O-100155,OPP-200155,C-4970,2024-09-19,2024-10-12,2024-10-12,950.0,5.0,201,POS Terminal,Hardware,Salesperson_3,North America,Partner,Lost,False
O-100156,OPP-200156,C-4369,2024-04-26,2024-05-01,2024-05-01,2845.0,5.0,101,CRM Pro,Software,Salesperson_7,Europe,,Won,False
O-100157,OPP-200157,C-2480,2024-06-07,2024-06-26,2024-06-26,8827.0,7.0,201,POS Terminal,Hardware,Salesperson_5,Asia,Partner,Lead,True
O-100158,OPP-200158,C-2406,2023-07-26,2023-08-16,2023-08-16,3510.0,3.0,103,Sales Booster,Software,Salesperson_7,North America,Outbound,Lead,True
O-100159,OPP-200159,C-4490,2024-04-14,,,3195.0,5.0,103,Sales Booster,Software,Salesperson_3,Europe,,Won,True
O-100160,OPP-200160,C-2077,2024-12-09,,,1375.0,5.0,201,POS Terminal,Hardware,,Asia,Outbound,Lead,True
O-100161,OPP-200161,C-4686,2024-01-26,,,2784.0,8.0,102,Analytics Suite,Software,Salesperson_7,North America,Inbound,Qualified,True
O-100162,OPP-200162,C-1881,2023-05-27,,,17280.0,12.0,101,CRM Pro,Software,Salesperson_2,North America,Inbound,Lead,True
O-100163,OPP-200163,C-3294,2023-06-01,2023-06-25,2023-06-25,,15.0,102,Analytics Suite,Software,Salesperson_7,North America,Inbound,Lost,True
O-100164,OPP-200164,C-2902,2024-08-24,,,951.0,1.0,101,CRM Pro,Software,Salesperson_8,North America,Outbound,Qualified,True
O-100165,OPP-200165,C-1231,2024-06-08,2024-06-24,2024-06-24,15932.0,14.0,103,Sales Booster,Software,Salesperson_1,Europe,Outbound,Lead,True
O-100166,OPP-200166,C-4596,2024-11-18,2024-12-05,2024-12-05,918.0,9.0,201,POS Terminal,Hardware,Salesperson_2,North America,Inbound,Lost,True
O-100167,OPP-200167,C-2490,2024-09-16,,,851.0,1.0,102,Analytics Suite,Software,Salesperson_10,Europe,,Lead,True
O-100168,OPP-200168,C-2955,2023-06-11,2023-06-17,,10200.0,10.0,103,Sales Booster,Software,Salesperson_8,Asia,Partner,Lost,True
O-100169,OPP-200169,C-4679,2024-10-18,2024-10-25,,2726.0,2.0,103,Sales Booster,Software,Salesperson_7,Asia,Partner,Lead,False
O-100170,OPP-200170,C-3370,2024-03-04,2024-03-13,2024-03-13,8448.0,6.0,101,CRM Pro,Software,Salesperson_7,Asia,Partner,Lost,False
O-100171,OPP-200171,C-1646,2023-01-16,2023-01-31,2023-01-31,187.0,1.0,101,CRM Pro,Software,Salesperson_1,North America,Inbound,Qualified,
O-100172,OPP-200172,C-4397,2024-05-29,,,3684.0,3.0,103,Sales Booster,Software,Salesperson_9,Europe,Partner,Lead,False
O-100173,OPP-200173,C-3649,2023-12-05,2023-12-19,2023-12-19,21645.0,15.0,103,Sales Booster,Software,Salesperson_6,Asia,Partner,Lost,True
O-100174,OPP-200174,C-3292,2024-10-10,2024-10-24,2024-10-24,4316.0,4.0,201,POS Terminal,Hardware,Salesperson_3,Asia,Inbound,Won,
O-100175,OPP-200175,C-4188,2024-08-05,2024-08-22,2024-08-22,5610.0,,103,Sales Booster,Software,Salesperson_10,North America,Partner,Qualified,True
O-100176,OPP-200176,C-3559,2023-03-06,2023-03-13,,1359.0,9.0,103,Sales Booster,Software,Salesperson_1,Europe,Partner,Qualified,True
O-100177,OPP-200177,C-4279,2023-04-17,2023-05-02,2023-05-02,,15.0,103,Sales Booster,Software,Salesperson_7,Europe,Inbound,Lost,False
O-100178,OPP-200178,C-4003,2024-02-03,2024-02-16,2024-02-16,1120.0,7.0,101,CRM Pro,Software,Salesperson_2,Europe,Partner,Qualified,True
O-100179,OPP-200179,C-3117,2024-11-18,2024-12-02,2024-12-02,,,102,Analytics Suite,Software,Salesperson_9,North America,Outbound,Qualified,False
O-100180,OPP-200180,C-2369,2023-09-21,2023-10-05,2023-10-05,3156.0,6.0,102,Analytics Suite,Software,Salesperson_8,North America,,Qualified,True
O-100181,OPP-200181,C-1874,2024-08-15,2024-09-08,,17916.0,12.0,201,POS Terminal,Hardware,Salesperson_3,Europe,Inbound,Lost,True
O-100182,OPP-200182,C-3456,2023-09-30,2023-10-17,2023-10-17,1888.0,4.0,201,POS Terminal,Hardware,Salesperson_5,Asia,Inbound,Lost,
O-100183,OPP-200183,C-1001,2023-05-26,2023-06-09,2023-06-09,20070.0,,103,Sales Booster,Software,Salesperson_5,Europe,Inbound,Won,False
O-100184,OPP-200184,C-4428,2023-09-26,2023-10-16,2023-10-16,257.0,1.0,102,Analytics Suite,Software,Salesperson_3,North America,Outbound,Won,True
O-100185,OPP-200185,C-2472,2024-10-18,2024-10-29,,3916.0,4.0,101,CRM Pro,Software,,North America,,Qualified,False
O-100186,OPP-200186,C-2041,2023-07-03,2023-07-08,2023-07-08,1986.0,3.0,201,POS Terminal,Hardware,Salesperson_6,North America,Outbound,Lead,True
O-100187,OPP-200187,C-1002,2024-09-18,2024-10-03,,,11.0,103,Sales Booster,Software,,Europe,Inbound,Won,True
O-100188,OPP-200188,C-4580,2023-04-23,2023-05-03,,2107.0,7.0,101,CRM Pro,Software,Salesperson_7,North America,Outbound,Won,False
,OPP-200189,C-1088,2024-12-21,2024-12-26,2024-12-26,,2.0,101,CRM Pro,Software,,Europe,Outbound,Won,True
O-100190,OPP-200190,C-1688,2023-01-10,2023-01-20,2023-01-20,,12.0,201,POS Terminal,Hardware,Salesperson_8,North America,Partner,Lead,False
O-100191,OPP-200191,C-2707,2023-09-04,2023-09-23,2023-09-23,4480.0,4.0,103,Sales Booster,Software,Salesperson_5,North America,Inbound,Won,True
O-100192,OPP-200192,C-4128,2024-08-25,,,4044.0,3.0,101,CRM Pro,Software,Salesperson_4,North America,Partner,Won,False
O-100193,OPP-200193,C-1973,2023-02-04,2023-02-26,2023-02-26,1442.0,2.0,201,POS Terminal,Hardware,Salesperson_10,Europe,Inbound,Lead,False
O-100194,OPP-200194,C-4833,2023-08-11,,,9480.0,12.0,201,POS Terminal,Hardware,Salesperson_10,Asia,Partner,Qualified,False
O-100195,OPP-200195,C-1086,2024-09-18,2024-09-25,2024-09-25,5621.0,11.0,201,POS Terminal,Hardware,Salesperson_7,Asia,Outbound,Qualified,False
O-100196,OPP-200196,C-1340,2023-12-27,,,19236.0,14.0,103,Sales Booster,Software,Salesperson_10,Europe,Outbound,Won,False
O-100197,OPP-200197,C-2970,2023-11-27,2023-12-04,2023-12-04,,3.0,103,Sales Booster,Software,Salesperson_3,Asia,Inbound,Lost,
O-100198,OPP-200198,C-4718,2024-10-22,2024-11-07,2024-11-07,17173.0,13.0,102,Analytics Suite,Software,Salesperson_2,North America,Partner,Lost,True
O-100199,OPP-200199,C-1313,2023-06-08,2023-06-14,2023-06-14,14222.0,13.0,103,Sales Booster,Software,Salesperson_2,Asia,Partner,Lead,False
O-100200,OPP-200200,C-4494,2023-11-01,2023-11-06,2023-11-06,5642.0,7.0,102,Analytics Suite,Software,Salesperson_2,Asia,Inbound,Qualified,True
O-100201,OPP-200201,C-3956,2023-08-17,2023-09-02,2023-09-02,2828.0,,103,Sales Booster,Software,Salesperson_6,Asia,Partner,Lead,False
O-100202,OPP-200202,C-4955,2023-01-14,2023-01-26,2023-01-26,5274.0,9.0,102,Analytics Suite,Software,Salesperson_1,North America,Inbound,Qualified,False
,OPP-200203,C-2013,2023-02-02,,,9198.0,,102,Analytics Suite,Software,Salesperson_5,North America,Inbound,Qualified,True
O-100204,OPP-200204,C-3460,2024-01-16,2024-02-10,,2758.0,14.0,103,Sales Booster,Software,Salesperson_7,Asia,,Won,
O-100205,OPP-200205,C-1230,2023-09-01,2023-09-17,2023-09-17,2480.0,10.0,102,Analytics Suite,Software,Salesperson_2,Asia,Partner,Lead,True
O-100206,OPP-200206,C-2655,2023-01-20,,,4347.0,7.0,101,CRM Pro,Software,Salesperson_10,Europe,Inbound,Lost,False
O-100207,OPP-200207,C-4336,2024-04-26,2024-05-08,2024-05-08,4191.0,3.0,102,Analytics Suite,Software,,North America,,Qualified,False
,OPP-200208,C-3828,2024-11-02,2024-11-08,2024-11-08,1218.0,3.0,101,CRM Pro,Software,Salesperson_8,Asia,Partner,Lead,
O-100209,OPP-200209,C-3317,2023-03-13,2023-03-28,2023-03-28,8190.0,7.0,103,Sales Booster,Software,Salesperson_6,Asia,Inbound,Lead,False
O-100210,OPP-200210,C-1544,2024-01-05,2024-01-13,2024-01-13,2391.0,3.0,103,Sales Booster,Software,Salesperson_2,North America,Inbound,Qualified,
O-100211,OPP-200211,C-2944,2024-06-28,,,,7.0,201,POS Terminal,Hardware,Salesperson_3,Europe,,Lost,False
O-100212,OPP-200212,C-3454,2023-10-05,,,3606.0,6.0,102,Analytics Suite,Software,Salesperson_6,North America,Outbound,Lost,True
O-100213,OPP-200213,C-4620,2024-10-30,2024-11-18,2024-11-18,,7.0,102,Analytics Suite,Software,Salesperson_5,Europe,Partner,Qualified,True
O-100214,OPP-200214,C-4582,2024-08-28,,,,2.0,102,Analytics Suite,Software,Salesperson_5,North America,Partner,Lead,True
O-100215,OPP-200215,C-1447,2024-08-21,2024-09-08,2024-09-08,2835.0,5.0,102,Analytics Suite,Software,Salesperson_9,North America,Outbound,Lost,True
O-100216,OPP-200216,C-3604,2023-01-10,2023-01-21,2023-01-21,4862.0,11.0,103,Sales Booster,Software,Salesperson_2,Europe,Inbound,Qualified,False
O-100217,OPP-200217,C-1586,2024-05-12,2024-06-02,2024-06-02,2766.0,2.0,201,POS Terminal,Hardware,,North America,Outbound,Lead,
O-100218,OPP-200218,C-3709,2023-08-28,2023-09-09,2023-09-09,2070.0,10.0,102,Analytics Suite,Software,Salesperson_10,Europe,Outbound,Lost,False
O-100219,OPP-200219,C-2455,2023-04-21,2023-04-30,2023-04-30,4824.0,4.0,102,Analytics Suite,Software,Salesperson_4,North America,,Won,True
O-100220,OPP-200220,C-4551,2024-07-30,2024-08-23,2024-08-23,4446.0,13.0,102,Analytics Suite,Software,Salesperson_10,Europe,Partner,Lost,True
O-100221,OPP-200221,C-3127,2024-09-14,2024-09-30,2024-09-30,3546.0,9.0,102,Analytics Suite,Software,Salesperson_5,North America,,Won,False
O-100222,OPP-200222,C-3835,2024-11-01,2024-11-23,2024-11-23,12609.0,9.0,201,POS Terminal,Hardware,Salesperson_5,Europe,,Lost,True
O-100223,OPP-200223,C-1621,2023-07-27,2023-08-19,2023-08-19,2028.0,4.0,201,POS Terminal,Hardware,Salesperson_4,North America,Inbound,Qualified,False
O-100224,OPP-200224,C-2575,2023-07-05,2023-07-18,,,5.0,201,POS Terminal,Hardware,Salesperson_9,Europe,Outbound,Qualified,False
O-100225,OPP-200225,C-2861,2024-10-07,2024-10-15,2024-10-15,3542.0,,101,CRM Pro,Software,Salesperson_7,Asia,Partner,Lead,False
O-100226,OPP-200226,C-2480,2024-03-28,,,3831.0,3.0,102,Analytics Suite,Software,Salesperson_4,Europe,Inbound,Qualified,False
O-100227,OPP-200227,C-3822,2024-11-11,2024-11-25,2024-11-25,1066.0,1.0,201,POS Terminal,Hardware,Salesperson_5,North America,Outbound,Won,False
O-100228,OPP-200228,C-1435,2023-07-27,2023-08-06,2023-08-06,2992.0,2.0,101,CRM Pro,Software,Salesperson_2,North America,Inbound,Qualified,False
O-100229,OPP-200229,C-4068,2024-01-31,2024-02-18,2024-02-18,,14.0,102,Analytics Suite,Software,Salesperson_7,Asia,Inbound,Lost,True
O-100230,OPP-200230,C-3593,2023-10-15,2023-11-06,2023-11-06,12780.0,15.0,101,CRM Pro,Software,Salesperson_2,Asia,Inbound,Lost,False
O-100231,OPP-200231,C-4590,2023-02-11,2023-03-02,,2748.0,3.0,201,POS Terminal,Hardware,Salesperson_2,Europe,Inbound,Lead,False
O-100232,OPP-200232,C-1538,2023-05-02,2023-05-26,2023-05-26,3456.0,6.0,103,Sales Booster,Software,Salesperson_5,Europe,Outbound,Won,True
O-100233,OPP-200233,C-2632,2023-01-01,,,2104.0,,101,CRM Pro,Software,Salesperson_6,Europe,Partner,Lead,False
O-100234,OPP-200234,C-4631,2023-12-14,2024-01-08,2024-01-08,,5.0,102,Analytics Suite,Software,Salesperson_8,Asia,Partner,Won,True
O-100235,OPP-200235,C-3408,2023-05-19,,,4977.0,,102,Analytics Suite,Software,Salesperson_7,Europe,Inbound,Lost,False
O-100236,OPP-200236,C-3126,2024-03-15,2024-04-04,2024-04-04,,3.0,103,Sales Booster,Software,Salesperson_2,Asia,Partner,Qualified,False
O-100237,OPP-200237,C-4925,2024-08-09,2024-08-21,2024-08-21,8208.0,9.0,101,CRM Pro,Software,Salesperson_7,Europe,Inbound,Lost,False
O-100238,OPP-200238,C-2824,2023-02-25,2023-03-18,2023-03-18,,6.0,201,POS Terminal,Hardware,Salesperson_10,Asia,Partner,Lost,False
O-100239,OPP-200239,C-1482,2024-09-04,,,,14.0,102,Analytics Suite,Software,Salesperson_7,Europe,,Won,
O-100240,OPP-200240,C-3391,2023-12-29,2024-01-07,2024-01-07,16156.0,14.0,103,Sales Booster,Software,Salesperson_6,Europe,Partner,Lead,False
O-100241,OPP-200241,C-1710,2024-03-18,2024-03-28,2024-03-28,,,103,Sales Booster,Software,Salesperson_5,North America,Outbound,Lost,True
O-100242,OPP-200242,C-1054,2024-03-29,2024-04-15,2024-04-15,2196.0,4.0,103,Sales Booster,Software,Salesperson_2,Europe,Outbound,Lost,False
O-100243,OPP-200243,C-2346,2024-07-12,,,1268.0,,102,Analytics Suite,Software,Salesperson_4,Europe,Outbound,Lead,False
O-100244,OPP-200244,C-2042,2024-09-26,2024-10-10,2024-10-10,,,201,POS Terminal,Hardware,Salesperson_8,Europe,,Lead,True
O-100245,OPP-200245,C-4199,2023-02-26,2023-03-14,2023-03-14,,15.0,201,POS Terminal,Hardware,Salesperson_7,Europe,Inbound,Lead,True
,OPP-200246,C-3448,2023-09-16,2023-09-27,2023-09-27,,2.0,103,Sales Booster,Software,Salesperson_1,North America,,Lead,False
O-100247,OPP-200247,C-1965,2023-04-29,2023-05-20,,3534.0,6.0,102,Analytics Suite,Software,Salesperson_5,Asia,,Lost,False
O-100248,OPP-200248,C-2334,2023-11-28,2023-12-22,2023-12-22,4520.0,5.0,101,CRM Pro,Software,Salesperson_1,Europe,Outbound,Won,True
O-100249,OPP-200249,C-3695,2023-12-29,2024-01-05,2024-01-05,2796.0,6.0,103,Sales Booster,Software,Salesperson_3,North America,Outbound,Lead,False
O-100250,OPP-200250,C-2662,2024-05-02,2024-05-11,2024-05-11,,9.0,102,Analytics Suite,Software,Salesperson_10,North America,Inbound,Lead,False
O-100251,OPP-200251,C-2128,2024-10-04,2024-10-16,2024-10-16,2142.0,9.0,201,POS Terminal,Hardware,,Asia,Partner,Lead,False
O-100252,OPP-200252,C-1198,2023-07-13,2023-07-18,2023-07-18,12324.0,,102,Analytics Suite,Software,Salesperson_1,North America,Inbound,Lead,True
O-100253,OPP-200253,C-4345,2023-02-15,2023-03-02,2023-03-02,2079.0,11.0,102,Analytics Suite,Software,Salesperson_5,Asia,Partner,Lead,True
O-100254,OPP-200254,C-2724,2024-06-02,2024-06-20,2024-06-20,12389.0,,103,Sales Booster,Software,Salesperson_1,North America,,Won,True
O-100255,OPP-200255,C-3455,2024-10-03,2024-10-26,2024-10-26,4599.0,9.0,103,Sales Booster,Software,Salesperson_8,North America,Outbound,Qualified,True
O-100256,OPP-200256,C-2146,2024-05-21,,,1004.0,2.0,102,Analytics Suite,Software,,North America,Outbound,Won,False
O-100257,OPP-200257,C-1567,2023-05-26,2023-06-12,2023-06-12,3871.0,7.0,201,POS Terminal,Hardware,Salesperson_4,Europe,Outbound,Qualified,False
O-100258,OPP-200258,C-4604,2023-02-17,2023-03-14,2023-03-14,1502.0,2.0,101,CRM Pro,Software,Salesperson_8,North America,Inbound,Lost,False
O-100259,OPP-200259,C-2789,2023-01-13,2023-01-29,2023-01-29,13706.0,11.0,201,POS Terminal,Hardware,Salesperson_4,Asia,Outbound,Lead,False
O-100260,OPP-200260,C-3546,2023-07-28,2023-08-09,2023-08-09,,3.0,101,CRM Pro,Software,Salesperson_9,North America,Partner,Qualified,True
O-100261,OPP-200261,C-2411,2023-11-18,2023-11-28,2023-11-28,680.0,1.0,101,CRM Pro,Software,Salesperson_9,Asia,Partner,Lead,True
O-100262,OPP-200262,C-4303,2023-10-03,,,2000.0,5.0,103,Sales Booster,Software,Salesperson_5,Asia,Outbound,Won,True
O-100263,OPP-200263,C-3940,2024-01-22,2024-02-08,2024-02-08,1149.0,1.0,101,CRM Pro,Software,Salesperson_7,Asia,Inbound,Qualified,False
,OPP-200264,C-3076,2023-09-18,,,1497.0,3.0,102,Analytics Suite,Software,,Europe,Partner,Qualified,True
O-100265,OPP-200265,C-2924,2023-10-02,2023-10-14,2023-10-14,,6.0,201,POS Terminal,Hardware,Salesperson_3,Europe,Inbound,Lost,False
O-100266,OPP-200266,C-2919,2024-11-13,2024-12-03,2024-12-03,,6.0,102,Analytics Suite,Software,,North America,Partner,Lead,False
,OPP-200267,C-2427,2024-03-25,2024-04-02,2024-04-02,,12.0,201,POS Terminal,Hardware,Salesperson_10,Asia,Partner,Qualified,True
O-100268,OPP-200268,C-3570,2023-06-30,2023-07-07,2023-07-07,2860.0,4.0,201,POS Terminal,Hardware,,North America,Outbound,Lost,
O-100269,OPP-200269,C-4736,2024-10-05,2024-10-10,2024-10-10,10060.0,,101,CRM Pro,Software,Salesperson_7,Europe,Inbound,Qualified,False
O-100270,OPP-200270,C-1652,2024-04-26,2024-05-21,2024-05-21,12818.0,13.0,201,POS Terminal,Hardware,Salesperson_10,Europe,Inbound,Qualified,True
O-100271,OPP-200271,C-1374,2024-08-21,2024-09-14,2024-09-14,4130.0,14.0,201,POS Terminal,Hardware,Salesperson_3,Europe,Partner,Qualified,
O-100272,OPP-200272,C-4490,2024-05-22,2024-06-05,2024-06-05,422.0,,102,Analytics Suite,Software,Salesperson_3,North America,,Won,False
O-100273,OPP-200273,C-2737,2023-03-02,2023-03-17,2023-03-17,3870.0,5.0,101,CRM Pro,Software,Salesperson_5,North America,Partner,Qualified,False
O-100274,OPP-200274,C-2088,2023-01-30,2023-02-04,2023-02-04,10605.0,15.0,103,Sales Booster,Software,Salesperson_5,North America,Inbound,Lead,False
O-100275,OPP-200275,C-2279,2023-01-16,2023-01-29,2023-01-29,13464.0,,101,CRM Pro,Software,Salesperson_10,North America,,Qualified,False
O-100276,OPP-200276,C-1498,2024-06-05,2024-06-18,,14575.0,11.0,102,Analytics Suite,Software,Salesperson_7,Europe,Outbound,Qualified,True
O-100277,OPP-200277,C-2311,2023-05-04,2023-05-18,2023-05-18,7206.0,6.0,201,POS Terminal,Hardware,Salesperson_5,Europe,Inbound,Lost,False
O-100278,OPP-200278,C-4297,2023-07-31,2023-08-13,2023-08-13,,9.0,201,POS Terminal,Hardware,Salesperson_5,North America,Outbound,Won,True
,OPP-200279,C-3856,2024-02-06,2024-02-17,2024-02-17,223.0,1.0,103,Sales Booster,Software,Salesperson_1,North America,Outbound,Qualified,False
O-100280,OPP-200280,C-2550,2023-08-05,,,13622.0,14.0,103,Sales Booster,Software,Salesperson_9,Europe,Inbound,Lost,True
O-100281,OPP-200281,C-3042,2023-02-23,,,16524.0,12.0,101,CRM Pro,Software,,North America,Partner,Qualified,True
O-100282,OPP-200282,C-3210,2024-09-06,2024-09-24,2024-09-24,7514.0,13.0,102,Analytics Suite,Software,Salesperson_9,Europe,Partner,Qualified,False
O-100283,OPP-200283,C-4510,2024-05-05,2024-05-11,2024-05-11,720.0,4.0,103,Sales Booster,Software,Salesperson_10,Asia,Outbound,Qualified,True
O-100284,OPP-200284,C-2723,2024-06-03,2024-06-19,2024-06-19,4718.0,14.0,102,Analytics Suite,Software,Salesperson_8,Asia,,Lead,False
O-100285,OPP-200285,C-2988,2024-03-04,2024-03-22,2024-03-22,6678.0,,101,CRM Pro,Software,Salesperson_7,Asia,Inbound,Won,False
O-100286,OPP-200286,C-3283,2023-01-12,2023-01-18,2023-01-18,,12.0,102,Analytics Suite,Software,Salesperson_1,North America,Outbound,Qualified,
O-100287,OPP-200287,C-3468,2024-11-19,2024-12-08,2024-12-08,5965.0,5.0,103,Sales Booster,Software,Salesperson_1,Europe,Outbound,Qualified,True
O-100288,OPP-200288,C-1753,2024-06-25,2024-07-10,2024-07-10,3008.0,4.0,201,POS Terminal,Hardware,Salesperson_2,Asia,Outbound,Qualified,
O-100289,OPP-200289,C-1900,2023-11-01,2023-11-13,2023-11-13,,14.0,201,POS Terminal,Hardware,Salesperson_4,Europe,Partner,Qualified,True
O-100290,OPP-200290,C-4697,2024-11-23,2024-12-13,2024-12-13,9254.0,14.0,102,Analytics Suite,Software,Salesperson_6,North America,Partner,Won,False
O-100291,OPP-200291,C-4140,2024-05-01,2024-05-17,2024-05-17,,15.0,101,CRM Pro,Software,Salesperson_1,Europe,Outbound,Lost,True
O-100292,OPP-200292,C-4722,2024-05-22,2024-06-05,2024-06-05,,5.0,201,POS Terminal,Hardware,Salesperson_6,North America,Partner,Won,
O-100293,OPP-200293,C-3719,2024-10-04,2024-10-28,2024-10-28,4008.0,,201,POS Terminal,Hardware,Salesperson_5,Europe,Inbound,Lost,
O-100294,OPP-200294,C-2616,2023-08-07,,,5747.0,7.0,102,Analytics Suite,Software,Salesperson_6,Asia,,Won,True
O-100295,OPP-200295,C-3831,2024-07-11,2024-07-28,2024-07-28,3207.0,3.0,102,Analytics Suite,Software,Salesperson_4,Europe,Partner,Won,
O-100296,OPP-200296,C-1281,2023-05-29,,,12894.0,,103,Sales Booster,Software,Salesperson_6,Asia,Partner,Qualified,True
O-100297,OPP-200297,C-4422,2024-03-09,2024-03-28,2024-03-28,931.0,1.0,102,Analytics Suite,Software,Salesperson_3,Europe,Partner,Lead,True
O-100298,OPP-200298,C-4226,2023-08-07,,,6852.0,12.0,102,Analytics Suite,Software,,Europe,Inbound,Lost,False
O-100299,OPP-200299,C-3510,2024-03-29,2024-04-12,2024-04-12,18004.0,14.0,103,Sales Booster,Software,Salesperson_8,Europe,Outbound,Qualified,False
O-100300,OPP-200300,C-2551,2023-12-18,,,4228.0,4.0,102,Analytics Suite,Software,Salesperson_9,North America,Inbound,Lead,False
O-100301,OPP-200301,C-1930,2024-11-08,2024-11-20,2024-11-20,,5.0,201,POS Terminal,Hardware,Salesperson_7,Asia,Partner,Won,False
O-100302,OPP-200302,C-4512,2023-11-23,2023-12-14,2023-12-14,4468.0,4.0,101,CRM Pro,Software,Salesperson_10,North America,,Won,True
,OPP-200303,C-3475,2023-06-06,2023-06-30,2023-06-30,,13.0,102,Analytics Suite,Software,Salesperson_3,Asia,,Lead,False
O-100304,OPP-200304,C-3405,2023-01-16,2023-01-22,2023-01-22,,6.0,102,Analytics Suite,Software,Salesperson_2,North America,Outbound,Lead,True
O-100305,OPP-200305,C-3847,2023-06-26,2023-07-21,,2688.0,7.0,101,CRM Pro,Software,Salesperson_8,Asia,Inbound,Won,
O-100306,OPP-200306,C-4442,2023-05-13,2023-05-26,2023-05-26,,6.0,102,Analytics Suite,Software,Salesperson_6,Europe,Outbound,Lost,False
O-100307,OPP-200307,C-4253,2024-03-20,,,,7.0,103,Sales Booster,Software,Salesperson_6,Europe,Partner,Lost,False
O-100308,OPP-200308,C-3429,2023-11-26,2023-12-18,2023-12-18,,3.0,101,CRM Pro,Software,Salesperson_10,Asia,Outbound,Won,
O-100309,OPP-200309,C-1774,2023-10-29,2023-11-17,2023-11-17,3702.0,6.0,101,CRM Pro,Software,Salesperson_8,Asia,Partner,Qualified,True
O-100310,OPP-200310,C-3768,2024-09-24,2024-10-05,2024-10-05,6104.0,14.0,102,Analytics Suite,Software,Salesperson_10,Asia,,Lead,False
O-100311,OPP-200311,C-3490,2024-10-17,2024-10-31,2024-10-31,4632.0,8.0,101,CRM Pro,Software,,North America,Outbound,Lost,True
O-100312,OPP-200312,C-4069,2024-02-20,,,15456.0,14.0,201,POS Terminal,Hardware,Salesperson_1,North America,Partner,Won,True
O-100313,OPP-200313,C-2955,2024-04-30,,,2964.0,2.0,103,Sales Booster,Software,Salesperson_7,Asia,Outbound,Won,False
O-100314,OPP-200314,C-1739,2023-11-19,2023-12-11,2023-12-11,5929.0,11.0,102,Analytics Suite,Software,Salesperson_10,Europe,Outbound,Qualified,True
O-100315,OPP-200315,C-3534,2023-08-05,2023-08-21,2023-08-21,17953.0,13.0,101,CRM Pro,Software,Salesperson_9,Europe,Partner,Won,True
O-100316,OPP-200316,C-2460,2023-04-08,2023-04-23,,1259.0,1.0,102,Analytics Suite,Software,Salesperson_5,North America,Inbound,Won,True
O-100317,OPP-200317,C-2648,2023-03-12,2023-03-30,2023-03-30,718.0,1.0,102,Analytics Suite,Software,Salesperson_7,Asia,Inbound,Won,False
O-100318,OPP-200318,C-1700,2023-10-11,2023-10-27,2023-10-27,3990.0,10.0,103,Sales Booster,Software,Salesperson_6,Asia,Partner,Lost,False
O-100319,OPP-200319,C-1648,2024-07-19,2024-07-29,2024-07-29,,5.0,102,Analytics Suite,Software,Salesperson_8,Asia,Inbound,Qualified,False
O-100320,OPP-200320,C-4593,2024-11-22,,,16247.0,11.0,103,Sales Booster,Software,Salesperson_4,Europe,Outbound,Lead,True
O-100321,OPP-200321,C-2460,2024-02-05,2024-02-25,2024-02-25,390.0,2.0,102,Analytics Suite,Software,Salesperson_1,North America,Outbound,Lost,True
O-100322,OPP-200322,C-1646,2024-03-01,2024-03-26,2024-03-26,646.0,2.0,201,POS Terminal,Hardware,Salesperson_5,Asia,,Lost,True
O-100323,OPP-200323,C-1265,2023-10-21,2023-11-02,2023-11-02,11940.0,10.0,103,Sales Booster,Software,,North America,,Won,False
O-100324,OPP-200324,C-1997,2023-01-10,2023-01-25,2023-01-25,211.0,1.0,103,Sales Booster,Software,Salesperson_2,Asia,Partner,Lead,False
O-100325,OPP-200325,C-4184,2024-03-07,2024-03-18,2024-03-18,,2.0,101,CRM Pro,Software,,North America,Inbound,Lead,False
O-100326,OPP-200326,C-4635,2023-06-11,2023-06-27,2023-06-27,7488.0,13.0,102,Analytics Suite,Software,Salesperson_6,Europe,Outbound,Lost,False
O-100327,OPP-200327,C-3147,2023-07-07,2023-07-27,2023-07-27,518.0,,102,Analytics Suite,Software,,Europe,Outbound,Won,False
O-100328,OPP-200328,C-4601,2023-03-31,2023-04-20,2023-04-20,5635.0,,102,Analytics Suite,Software,Salesperson_2,Asia,Outbound,Lost,True
O-100329,OPP-200329,C-2236,2024-08-18,2024-08-29,2024-08-29,4070.0,11.0,102,Analytics Suite,Software,Salesperson_7,Asia,Outbound,Won,True
O-100330,OPP-200330,C-4753,2024-02-16,2024-03-01,2024-03-01,734.0,2.0,201,POS Terminal,Hardware,Salesperson_3,Europe,,Lead,False
O-100331,OPP-200331,C-1636,2024-09-12,2024-09-29,2024-09-29,4644.0,4.0,102,Analytics Suite,Software,Salesperson_5,Europe,Partner,Lead,False
O-100332,OPP-200332,C-2855,2023-11-29,2023-12-13,2023-12-13,,5.0,102,Analytics Suite,Software,Salesperson_4,Asia,Inbound,Lead,True
O-100333,OPP-200333,C-2068,2024-03-15,2024-03-20,2024-03-20,5467.0,,102,Analytics Suite,Software,Salesperson_5,Europe,,Lost,True
O-100334,OPP-200334,C-3854,2024-03-01,2024-03-06,2024-03-06,20692.0,14.0,103,Sales Booster,Software,Salesperson_6,Asia,Partner,Won,True
O-100335,OPP-200335,C-3931,2023-01-30,2023-02-08,2023-02-08,17370.0,15.0,103,Sales Booster,Software,,Europe,Partner,Lead,True
O-100336,OPP-200336,C-1378,2024-07-12,,,12048.0,,103,Sales Booster,Software,Salesperson_4,Asia,,Lost,False
O-100337,OPP-200337,C-2923,2024-09-26,2024-10-20,2024-10-20,2086.0,,102,Analytics Suite,Software,Salesperson_8,Asia,Outbound,Qualified,
O-100338,OPP-200338,C-1048,2023-02-07,2023-02-28,2023-02-28,,15.0,103,Sales Booster,Software,Salesperson_7,Europe,Partner,Qualified,False
O-100339,OPP-200339,C-2875,2023-05-29,2023-06-18,2023-06-18,14130.0,15.0,103,Sales Booster,Software,Salesperson_4,Asia,Partner,Lead,False
O-100340,OPP-200340,C-4488,2024-09-24,2024-10-04,2024-10-04,9243.0,13.0,103,Sales Booster,Software,,Asia,Outbound,Qualified,False
O-100341,OPP-200341,C-4403,2023-11-24,,,1704.0,4.0,103,Sales Booster,Software,Salesperson_7,North America,Inbound,Won,True
O-100342,OPP-200342,C-3919,2024-03-12,2024-03-30,2024-03-30,8192.0,8.0,101,CRM Pro,Software,Salesperson_7,Asia,Inbound,Lost,False
O-100343,OPP-200343,C-1637,2024-11-12,,,3871.0,7.0,103,Sales Booster,Software,Salesperson_3,Europe,Partner,Lead,True
O-100344,OPP-200344,C-4512,2023-04-29,,,15764.0,14.0,101,CRM Pro,Software,Salesperson_6,Asia,,Lead,True
O-100345,OPP-200345,C-2812,2023-04-09,2023-04-20,2023-04-20,11253.0,11.0,103,Sales Booster,Software,Salesperson_9,Europe,Inbound,Lead,False
O-100346,OPP-200346,C-1674,2024-08-08,2024-08-16,2024-08-16,,15.0,103,Sales Booster,Software,Salesperson_3,North America,Inbound,Lead,False
O-100347,OPP-200347,C-3767,2023-03-19,2023-04-03,2023-04-03,2052.0,2.0,102,Analytics Suite,Software,,North America,Partner,Won,False
O-100348,OPP-200348,C-2156,2023-01-02,2023-01-10,2023-01-10,13670.0,10.0,103,Sales Booster,Software,Salesperson_7,Europe,Inbound,Qualified,True
O-100349,OPP-200349,C-4005,2024-10-03,,,,3.0,103,Sales Booster,Software,Salesperson_10,Europe,Outbound,Lead,True
O-100350,OPP-200350,C-4120,2023-03-14,2023-03-25,2023-03-25,3824.0,,102,Analytics Suite,Software,Salesperson_7,Europe,,Lead,True
O-100351,OPP-200351,C-2050,2024-06-23,2024-06-30,2024-06-30,4497.0,3.0,103,Sales Booster,Software,Salesperson_6,North America,Outbound,Won,False
O-100352,OPP-200352,C-2514,2024-09-18,2024-10-08,2024-10-08,6310.0,10.0,101,CRM Pro,Software,,Asia,Outbound,Lead,False
O-100353,OPP-200353,C-3318,2024-04-12,2024-05-05,2024-05-05,2064.0,2.0,201,POS Terminal,Hardware,Salesperson_6,Asia,Outbound,Lost,True
O-100354,OPP-200354,C-1483,2023-07-29,2023-08-07,2023-08-07,,,103,Sales Booster,Software,Salesperson_7,Asia,,Qualified,
O-100355,OPP-200355,C-3448,2024-01-25,2024-01-31,2024-01-31,,4.0,101,CRM Pro,Software,Salesperson_7,Europe,Inbound,Won,True
O-100356,OPP-200356,C-4551,2024-09-30,,,12857.0,,102,Analytics Suite,Software,Salesperson_10,Asia,,Lost,True
O-100357,OPP-200357,C-1818,2023-03-04,2023-03-16,2023-03-16,5450.0,5.0,201,POS Terminal,Hardware,Salesperson_7,Asia,,Lost,False
O-100358,OPP-200358,C-3593,2024-09-13,,,,15.0,102,Analytics Suite,Software,Salesperson_8,Europe,Partner,Lost,
O-100359,OPP-200359,C-2934,2024-04-09,2024-04-23,2024-04-23,,4.0,103,Sales Booster,Software,,North America,Partner,Lead,
O-100360,OPP-200360,C-1462,2024-08-14,2024-09-05,2024-09-05,375.0,3.0,103,Sales Booster,Software,Salesperson_6,North America,Partner,Qualified,True
O-100361,OPP-200361,C-2190,2023-03-29,,,,11.0,102,Analytics Suite,Software,Salesperson_9,Europe,Inbound,Lost,True
O-100362,OPP-200362,C-2037,2023-04-17,2023-05-03,2023-05-03,10785.0,15.0,101,CRM Pro,Software,Salesperson_1,North America,Inbound,Lead,True
O-100363,OPP-200363,C-1345,2024-10-19,2024-11-03,2024-11-03,3336.0,6.0,201,POS Terminal,Hardware,Salesperson_8,Asia,Inbound,Lead,False
O-100364,OPP-200364,C-4376,2023-07-14,2023-07-30,2023-07-30,5180.0,7.0,101,CRM Pro,Software,Salesperson_10,Europe,Inbound,Qualified,False
O-100365,OPP-200365,C-1721,2023-05-25,2023-06-11,2023-06-11,8340.0,10.0,101,CRM Pro,Software,Salesperson_9,North America,Outbound,Qualified,
O-100366,OPP-200366,C-3708,2023-04-21,2023-05-14,2023-05-14,1648.0,8.0,103,Sales Booster,Software,Salesperson_5,North America,Outbound,Won,False
,OPP-200367,C-2380,2023-09-24,,,,6.0,102,Analytics Suite,Software,Salesperson_3,Asia,Inbound,Lead,False
O-100368,OPP-200368,C-4800,2024-12-12,2024-12-18,2024-12-18,4872.0,,102,Analytics Suite,Software,Salesperson_10,North America,,Lost,True
O-100369,OPP-200369,C-1074,2024-07-25,,,,14.0,103,Sales Booster,Software,Salesperson_2,Europe,Outbound,Qualified,True
O-100370,OPP-200370,C-4737,2024-08-22,2024-08-31,2024-08-31,3512.0,4.0,103,Sales Booster,Software,Salesperson_5,Asia,Partner,Lead,
O-100371,OPP-200371,C-4945,2024-03-29,2024-04-23,2024-04-23,3700.0,5.0,201,POS Terminal,Hardware,Salesperson_5,Asia,,Won,True
,OPP-200372,C-2494,2024-08-07,2024-08-15,2024-08-15,,15.0,101,CRM Pro,Software,Salesperson_4,North America,Partner,Lead,True
O-100373,OPP-200373,C-3422,2023-01-16,,,5049.0,11.0,201,POS Terminal,Hardware,Salesperson_7,Europe,Inbound,Lost,False
O-100374,OPP-200374,C-4514,2023-08-19,2023-09-05,2023-09-05,,8.0,201,POS Terminal,Hardware,Salesperson_2,Europe,Partner,Lead,False
O-100375,OPP-200375,C-4330,2023-07-06,2023-07-17,2023-07-17,1190.0,1.0,103,Sales Booster,Software,Salesperson_4,North America,Inbound,Won,False
,OPP-200376,C-4867,2024-04-17,2024-05-01,2024-05-01,5401.0,11.0,201,POS Terminal,Hardware,Salesperson_3,Europe,Outbound,Qualified,False
O-100377,OPP-200377,C-3620,2024-08-30,2024-09-06,,4552.0,4.0,102,Analytics Suite,Software,,Asia,Partner,Won,False
O-100378,OPP-200378,C-2157,2023-05-29,,,8379.0,7.0,101,CRM Pro,Software,Salesperson_1,North America,,Lead,False
O-100379,OPP-200379,C-2272,2024-06-17,,,3752.0,14.0,103,Sales Booster,Software,,Asia,Outbound,Qualified,False
O-100380,OPP-200380,C-2418,2024-04-01,2024-04-19,2024-04-19,,12.0,201,POS Terminal,Hardware,Salesperson_2,North America,Partner,Won,False
O-100381,OPP-200381,C-3923,2023-04-30,2023-05-12,2023-05-12,2774.0,2.0,102,Analytics Suite,Software,Salesperson_1,Europe,Inbound,Lost,True
O-100382,OPP-200382,C-1815,2024-01-24,,,5778.0,9.0,103,Sales Booster,Software,Salesperson_6,Asia,Outbound,Qualified,False
O-100383,OPP-200383,C-2400,2024-12-08,2024-12-21,2024-12-21,640.0,4.0,201,POS Terminal,Hardware,Salesperson_3,Europe,Partner,Lead,False
O-100384,OPP-200384,C-4090,2024-08-13,,,14326.0,13.0,103,Sales Booster,Software,,Asia,Inbound,Won,False
O-100385,OPP-200385,C-4101,2023-02-26,2023-03-20,2023-03-20,16646.0,14.0,102,Analytics Suite,Software,Salesperson_10,Asia,Outbound,Won,True
O-100386,OPP-200386,C-1031,2023-11-03,2023-11-11,2023-11-11,7959.0,,201,POS Terminal,Hardware,Salesperson_8,North America,,Lost,True
O-100387,OPP-200387,C-2202,2023-05-23,2023-06-15,2023-06-15,1929.0,3.0,102,Analytics Suite,Software,Salesperson_6,Asia,,Won,False
O-100388,OPP-200388,C-3530,2023-11-17,2023-12-11,2023-12-11,4926.0,6.0,201,POS Terminal,Hardware,Salesperson_3,Asia,,Won,True
O-100389,OPP-200389,C-1776,2024-01-03,,,11220.0,10.0,103,Sales Booster,Software,Salesperson_8,Europe,,Lost,False
O-100390,OPP-200390,C-1744,2024-01-23,2024-01-28,2024-01-28,5220.0,,201,POS Terminal,Hardware,Salesperson_4,Europe,Partner,Qualified,True
O-100391,OPP-200391,C-4745,2024-10-10,,,8995.0,7.0,101,CRM Pro,Software,Salesperson_10,North America,Inbound,Won,True
O-100392,OPP-200392,C-3257,2023-09-05,2023-09-17,2023-09-17,10590.0,10.0,201,POS Terminal,Hardware,,Europe,Outbound,Lead,False
O-100393,OPP-200393,C-4943,2023-06-24,2023-07-08,,2296.0,,103,Sales Booster,Software,,Asia,Partner,Lead,False
O-100394,OPP-200394,C-4287,2024-10-24,2024-11-03,2024-11-03,4464.0,4.0,101,CRM Pro,Software,Salesperson_3,Asia,Inbound,Won,False
O-100395,OPP-200395,C-3101,2023-04-17,2023-04-27,2023-04-27,4704.0,12.0,102,Analytics Suite,Software,Salesperson_5,Europe,Inbound,Lost,False
O-100396,OPP-200396,C-4791,2023-11-01,2023-11-17,2023-11-17,3156.0,3.0,201,POS Terminal,Hardware,Salesperson_1,Europe,Partner,Lead,False
O-100397,OPP-200397,C-3171,2023-07-20,2023-08-09,2023-08-09,10332.0,,103,Sales Booster,Software,Salesperson_10,Asia,Partner,Won,True
O-100398,OPP-200398,C-3221,2023-11-02,2023-11-21,2023-11-21,5016.0,,102,Analytics Suite,Software,Salesperson_8,Asia,Outbound,Lost,False
O-100399,OPP-200399,C-4770,2023-11-15,2023-12-04,2023-12-04,,5.0,102,Analytics Suite,Software,Salesperson_5,Europe,,Qualified,True
O-100400,OPP-200400,C-3519,2023-09-29,,,2168.0,2.0,103,Sales Booster,Software,Salesperson_8,Europe,Partner,Lead,False
O-100401,OPP-200401,C-4110,2023-02-11,2023-02-21,2023-02-21,635.0,1.0,102,Analytics Suite,Software,Salesperson_8,Europe,,Lost,False
O-100402,OPP-200402,C-1379,2023-02-12,,,4188.0,6.0,102,Analytics Suite,Software,Salesperson_9,Europe,Partner,Qualified,False
O-100403,OPP-200403,C-2285,2024-03-28,,,,3.0,102,Analytics Suite,Software,Salesperson_6,Europe,,Lead,True
O-100404,OPP-200404,C-2151,2024-07-20,,,1935.0,9.0,102,Analytics Suite,Software,Salesperson_5,North America,,Won,
O-100405,OPP-200405,C-2706,2023-02-16,2023-02-26,2023-02-26,,8.0,101,CRM Pro,Software,Salesperson_3,Europe,Inbound,Lost,False
O-100406,OPP-200406,C-2271,2023-05-02,2023-05-27,2023-05-27,9560.0,10.0,102,Analytics Suite,Software,Salesperson_2,Asia,,Lost,True
,OPP-200407,C-3351,2024-02-11,2024-02-20,2024-02-20,1335.0,5.0,201,POS Terminal,Hardware,Salesperson_9,Europe,Partner,Lost,
O-100408,OPP-200408,C-2253,2023-02-12,2023-02-24,2023-02-24,3367.0,13.0,103,Sales Booster,Software,Salesperson_5,Asia,Partner,Lost,True
O-100409,OPP-200409,C-4046,2024-11-02,2024-11-27,2024-11-27,1641.0,3.0,101,CRM Pro,Software,Salesperson_5,North America,,Won,False
O-100410,OPP-200410,C-2170,2023-09-07,,,6102.0,6.0,101,CRM Pro,Software,Salesperson_9,Asia,Inbound,Qualified,False
O-100411,OPP-200411,C-4268,2023-01-19,,,650.0,5.0,101,CRM Pro,Software,Salesperson_2,North America,,Qualified,True
O-100412,OPP-200412,C-1649,2024-11-10,,,17976.0,12.0,101,CRM Pro,Software,Salesperson_10,Asia,Inbound,Lost,False
O-100413,OPP-200413,C-2523,2023-08-11,2023-09-02,,,9.0,102,Analytics Suite,Software,Salesperson_7,Asia,Inbound,Lost,True
O-100414,OPP-200414,C-1355,2024-05-22,2024-06-13,2024-06-13,1080.0,,101,CRM Pro,Software,Salesperson_4,North America,Partner,Won,False
O-100415,OPP-200415,C-4293,2023-09-08,,,2362.0,2.0,201,POS Terminal,Hardware,Salesperson_4,Europe,Inbound,Qualified,False
O-100416,OPP-200416,C-4542,2023-06-03,2023-06-18,2023-06-18,5880.0,10.0,101,CRM Pro,Software,Salesperson_9,Asia,Inbound,Qualified,False
O-100417,OPP-200417,C-4344,2024-11-20,2024-12-13,2024-12-13,1281.0,7.0,102,Analytics Suite,Software,Salesperson_5,North America,Partner,Lead,False
O-100418,OPP-200418,C-3529,2024-01-01,,,5047.0,7.0,201,POS Terminal,Hardware,,North America,,Lead,False
O-100419,OPP-200419,C-1311,2023-07-18,2023-07-24,2023-07-24,,1.0,103,Sales Booster,Software,Salesperson_5,Asia,Partner,Qualified,False
O-100420,OPP-200420,C-4481,2023-05-12,2023-05-19,2023-05-19,1208.0,4.0,103,Sales Booster,Software,Salesperson_5,North America,Inbound,Lost,False
O-100421,OPP-200421,C-4666,2024-09-11,,,1662.0,6.0,101,CRM Pro,Software,Salesperson_6,Europe,Inbound,Lost,True
O-100422,OPP-200422,C-4923,2024-12-29,2025-01-20,2025-01-20,2451.0,3.0,103,Sales Booster,Software,Salesperson_7,Europe,,Qualified,False
O-100423,OPP-200423,C-2409,2024-10-26,2024-11-15,2024-11-15,316.0,2.0,102,Analytics Suite,Software,Salesperson_10,North America,Partner,Lost,True
O-100424,OPP-200424,C-1950,2023-12-26,2024-01-19,2024-01-19,7569.0,,201,POS Terminal,Hardware,Salesperson_3,Asia,Outbound,Lost,True
O-100425,OPP-200425,C-1251,2024-05-17,2024-06-03,2024-06-03,121.0,1.0,201,POS Terminal,Hardware,Salesperson_6,Asia,,Won,True
O-100426,OPP-200426,C-1131,2024-06-06,,,1480.0,4.0,103,Sales Booster,Software,Salesperson_9,North America,Outbound,Lost,True
O-100427,OPP-200427,C-1451,2023-08-18,2023-09-01,2023-09-01,4884.0,,102,Analytics Suite,Software,Salesperson_7,Europe,Inbound,Lead,True
O-100428,OPP-200428,C-4607,2023-05-24,2023-06-15,2023-06-15,20538.0,14.0,102,Analytics Suite,Software,Salesperson_6,Asia,Inbound,Won,False
O-100429,OPP-200429,C-3516,2024-09-17,,,5788.0,4.0,201,POS Terminal,Hardware,Salesperson_9,Asia,Partner,Lost,
O-100430,OPP-200430,C-1936,2023-09-02,2023-09-26,2023-09-26,2856.0,12.0,102,Analytics Suite,Software,Salesperson_8,North America,Partner,Qualified,False
O-100431,OPP-200431,C-4684,2023-11-07,2023-11-25,2023-11-25,14610.0,15.0,102,Analytics Suite,Software,,Europe,Inbound,Qualified,
O-100432,OPP-200432,C-1323,2024-01-10,2024-01-19,2024-01-19,1932.0,14.0,103,Sales Booster,Software,Salesperson_4,Asia,,Qualified,False
O-100433,OPP-200433,C-1484,2023-11-23,2023-12-13,2023-12-13,4900.0,4.0,102,Analytics Suite,Software,,Europe,Inbound,Won,True
O-100434,OPP-200434,C-4230,2023-12-21,2024-01-02,2024-01-02,9290.0,10.0,101,CRM Pro,Software,Salesperson_8,North America,Partner,Qualified,
O-100435,OPP-200435,C-4851,2023-05-27,2023-06-06,2023-06-06,16954.0,14.0,101,CRM Pro,Software,Salesperson_5,Europe,Partner,Lost,True
O-100436,OPP-200436,C-1130,2024-12-03,2024-12-16,2024-12-16,9732.0,12.0,102,Analytics Suite,Software,Salesperson_7,Europe,Inbound,Won,True
O-100437,OPP-200437,C-3288,2023-11-08,2023-12-01,2023-12-01,13230.0,15.0,201,POS Terminal,Hardware,Salesperson_8,Europe,Inbound,Won,True
O-100438,OPP-200438,C-3168,2024-03-15,2024-03-20,2024-03-20,19006.0,13.0,102,Analytics Suite,Software,Salesperson_9,Europe,Inbound,Lost,True
O-100439,OPP-200439,C-2034,2024-12-17,,,3195.0,9.0,201,POS Terminal,Hardware,Salesperson_8,Asia,Inbound,Qualified,False
O-100440,OPP-200440,C-2953,2023-01-08,,,1398.0,2.0,102,Analytics Suite,Software,,Asia,Outbound,Won,False
,OPP-200441,C-1534,2023-03-01,2023-03-06,2023-03-06,2954.0,2.0,201,POS Terminal,Hardware,Salesperson_9,North America,Inbound,Qualified,False
O-100442,OPP-200442,C-2631,2023-08-03,,,,1.0,101,CRM Pro,Software,,Europe,Partner,Lead,True
O-100443,OPP-200443,C-1343,2024-07-29,2024-08-05,2024-08-05,147.0,1.0,102,Analytics Suite,Software,Salesperson_7,North America,,Lost,False
O-100444,OPP-200444,C-1302,2024-07-22,2024-07-30,2024-07-30,1245.0,1.0,101,CRM Pro,Software,Salesperson_9,Europe,Outbound,Lost,False
O-100445,OPP-200445,C-4223,2024-09-02,2024-09-17,2024-09-17,4260.0,15.0,201,POS Terminal,Hardware,Salesperson_5,North America,Inbound,Won,False
O-100446,OPP-200446,C-2807,2023-01-15,2023-02-05,2023-02-05,21450.0,15.0,201,POS Terminal,Hardware,Salesperson_6,North America,,Qualified,False
O-100447,OPP-200447,C-1440,2024-04-21,2024-05-11,,2136.0,6.0,101,CRM Pro,Software,Salesperson_3,North America,Outbound,Lost,True
O-100448,OPP-200448,C-3793,2024-05-26,2024-06-11,2024-06-11,,7.0,201,POS Terminal,Hardware,Salesperson_4,North America,,Lost,True
O-100449,OPP-200449,C-1595,2024-05-28,2024-06-10,2024-06-10,8792.0,8.0,102,Analytics Suite,Software,Salesperson_6,North America,,Lead,True
O-100450,OPP-200450,C-1633,2024-04-02,2024-04-12,2024-04-12,4805.0,5.0,102,Analytics Suite,Software,Salesperson_9,North America,Outbound,Lost,True
O-100451,OPP-200451,C-4631,2023-12-16,,,1554.0,,103,Sales Booster,Software,Salesperson_8,Europe,Partner,Qualified,False
O-100452,OPP-200452,C-3025,2024-11-25,2024-12-17,2024-12-17,6660.0,12.0,102,Analytics Suite,Software,Salesperson_8,North America,,Lost,False
O-100453,OPP-200453,C-4488,2024-11-08,2024-11-13,2024-11-13,2730.0,,102,Analytics Suite,Software,Salesperson_6,Europe,,Won,
O-100454,OPP-200454,C-1044,2023-04-17,,,13260.0,13.0,101,CRM Pro,Software,Salesperson_4,North America,Partner,Won,False
O-100455,OPP-200455,C-2106,2024-04-12,,,12468.0,12.0,201,POS Terminal,Hardware,Salesperson_9,North America,Outbound,Lead,True
O-100456,OPP-200456,C-4912,2024-05-21,2024-06-12,2024-06-12,3510.0,5.0,103,Sales Booster,Software,,Europe,Inbound,Lost,True
O-100457,OPP-200457,C-2421,2024-08-14,2024-08-23,2024-08-23,,9.0,102,Analytics Suite,Software,Salesperson_5,North America,Outbound,Lost,False
O-100458,OPP-200458,C-3122,2024-11-25,,,16702.0,14.0,102,Analytics Suite,Software,Salesperson_10,North America,,Lost,True
O-100459,OPP-200459,C-1691,2024-08-16,2024-08-29,2024-08-29,2328.0,4.0,102,Analytics Suite,Software,Salesperson_6,Europe,Partner,Qualified,False
O-100460,OPP-200460,C-3639,2024-01-29,2024-02-23,2024-02-23,1624.0,,102,Analytics Suite,Software,Salesperson_7,Europe,Outbound,Won,True
O-100461,OPP-200461,C-3932,2024-11-16,2024-11-30,2024-11-30,2760.0,15.0,201,POS Terminal,Hardware,Salesperson_2,Asia,,Won,False
O-100462,OPP-200462,C-3492,2023-02-16,2023-02-22,2023-02-22,,1.0,103,Sales Booster,Software,Salesperson_6,Europe,Partner,Lost,True
O-100463,OPP-200463,C-1491,2023-06-07,2023-06-13,2023-06-13,,2.0,101,CRM Pro,Software,Salesperson_6,North America,,Lost,False
O-100464,OPP-200464,C-2646,2024-11-25,,,,3.0,201,POS Terminal,Hardware,,Europe,,Lead,False
O-100465,OPP-200465,C-1439,2023-08-15,,,618.0,3.0,102,Analytics Suite,Software,Salesperson_3,Asia,Partner,Lead,False
O-100466,OPP-200466,C-2052,2023-12-24,,,16419.0,13.0,102,Analytics Suite,Software,,Asia,,Won,False
O-100467,OPP-200467,C-4014,2023-08-08,2023-08-17,2023-08-17,,15.0,103,Sales Booster,Software,,Asia,Inbound,Won,False
O-100468,OPP-200468,C-3720,2023-12-03,2023-12-16,2023-12-16,11584.0,8.0,201,POS Terminal,Hardware,Salesperson_3,Asia,Outbound,Lost,True
O-100469,OPP-200469,C-3033,2024-12-07,2024-12-14,2024-12-14,17976.0,,201,POS Terminal,Hardware,Salesperson_6,Asia,Inbound,Qualified,False
O-100470,OPP-200470,C-2935,2023-06-07,,,10500.0,15.0,103,Sales Booster,Software,Salesperson_1,North America,Partner,Won,True
O-100471,OPP-200471,C-1817,2023-02-21,2023-03-15,2023-03-15,1530.0,15.0,101,CRM Pro,Software,Salesperson_2,Europe,Outbound,Lost,False
O-100472,OPP-200472,C-1832,2023-03-29,2023-04-15,2023-04-15,902.0,1.0,102,Analytics Suite,Software,Salesperson_8,North America,Inbound,Lost,True
O-100473,OPP-200473,C-1910,2024-05-15,2024-06-05,2024-06-05,8250.0,15.0,103,Sales Booster,Software,Salesperson_7,Asia,,Won,True
O-100474,OPP-200474,C-3115,2024-05-30,2024-06-08,2024-06-08,5967.0,13.0,201,POS Terminal,Hardware,Salesperson_4,North America,,Lost,False
O-100475,OPP-200475,C-3770,2023-03-21,,,2277.0,11.0,103,Sales Booster,Software,Salesperson_3,Europe,Inbound,Qualified,False
O-100476,OPP-200476,C-1647,2024-06-06,2024-06-15,2024-06-15,1275.0,3.0,101,CRM Pro,Software,Salesperson_8,Asia,Outbound,Lost,False
O-100477,OPP-200477,C-3888,2023-12-19,2024-01-09,,9630.0,9.0,102,Analytics Suite,Software,Salesperson_10,Europe,Partner,Lead,
O-100478,OPP-200478,C-2263,2024-11-20,2024-12-04,2024-12-04,4370.0,10.0,103,Sales Booster,Software,Salesperson_5,Asia,Inbound,Qualified,False
O-100479,OPP-200479,C-2512,2023-09-17,2023-10-04,2023-10-04,,14.0,101,CRM Pro,Software,Salesperson_2,North America,,Lead,False
O-100480,OPP-200480,C-1866,2024-10-11,2024-10-22,2024-10-22,10003.0,7.0,201,POS Terminal,Hardware,Salesperson_1,Europe,Inbound,Lost,False
O-100481,OPP-200481,C-3984,2024-02-20,2024-03-16,2024-03-16,,,103,Sales Booster,Software,Salesperson_3,Europe,Outbound,Lead,False
,OPP-200482,C-4136,2024-02-09,2024-03-03,2024-03-03,,7.0,102,Analytics Suite,Software,Salesperson_7,North America,,Lost,True
O-100483,OPP-200483,C-1763,2024-04-26,,,7884.0,12.0,103,Sales Booster,Software,Salesperson_3,North America,Inbound,Qualified,True
O-100484,OPP-200484,C-4618,2024-10-11,,,1369.0,1.0,102,Analytics Suite,Software,Salesperson_3,North America,,Lead,True
O-100485,OPP-200485,C-2801,2024-10-24,2024-11-16,2024-11-16,,13.0,101,CRM Pro,Software,Salesperson_9,Europe,Partner,Lost,False
O-100486,OPP-200486,C-2428,2023-05-25,2023-06-04,2023-06-04,,7.0,201,POS Terminal,Hardware,Salesperson_9,Asia,Outbound,Lost,True
O-100487,OPP-200487,C-2519,2023-09-01,2023-09-20,2023-09-20,1360.0,,103,Sales Booster,Software,Salesperson_2,North America,Partner,Qualified,
O-100488,OPP-200488,C-1635,2024-07-28,2024-08-18,2024-08-18,8020.0,10.0,102,Analytics Suite,Software,,Europe,Partner,Lost,False
O-100489,OPP-200489,C-4223,2024-08-08,2024-08-28,2024-08-28,,13.0,101,CRM Pro,Software,Salesperson_2,Asia,Outbound,Qualified,True
O-100490,OPP-200490,C-1931,2023-03-31,2023-04-22,2023-04-22,13176.0,12.0,101,CRM Pro,Software,Salesperson_3,Europe,Outbound,Won,False
O-100491,OPP-200491,C-1436,2024-11-14,,,15664.0,11.0,102,Analytics Suite,Software,Salesperson_8,North America,Outbound,Qualified,True
O-100492,OPP-200492,C-1937,2023-07-25,2023-08-17,2023-08-17,2208.0,4.0,201,POS Terminal,Hardware,Salesperson_2,Europe,Outbound,Qualified,True
O-100493,OPP-200493,C-2725,2024-05-17,,,17094.0,14.0,103,Sales Booster,Software,Salesperson_10,Asia,Outbound,Lead,False
,OPP-200494,C-1019,2023-12-21,2023-12-28,2023-12-28,6810.0,6.0,101,CRM Pro,Software,,North America,,Won,False
O-100495,OPP-200495,C-2178,2023-08-18,2023-09-04,2023-09-04,21060.0,15.0,102,Analytics Suite,Software,Salesperson_3,North America,Partner,Lead,True
O-100496,OPP-200496,C-4368,2023-05-17,2023-05-29,,2778.0,2.0,201,POS Terminal,Hardware,Salesperson_4,Asia,,Lead,False
O-100497,OPP-200497,C-4104,2023-09-13,2023-09-22,2023-09-22,,15.0,101,CRM Pro,Software,Salesperson_7,Europe,Inbound,Won,False
O-100498,OPP-200498,C-3294,2023-10-05,2023-10-14,2023-10-14,2960.0,4.0,103,Sales Booster,Software,Salesperson_10,North America,Outbound,Lead,True
O-100499,OPP-200499,C-3010,2024-04-09,2024-04-25,2024-04-25,4485.0,13.0,201,POS Terminal,Hardware,Salesperson_2,Europe,,Lead,True
O-100500,OPP-200500,C-4347,2023-04-15,2023-04-21,2023-04-21,2103.0,3.0,201,POS Terminal,Hardware,Salesperson_5,Asia,Partner,Lost,True
O-100501,OPP-200501,C-4993,2023-05-23,2023-06-02,2023-06-02,16500.0,11.0,102,Analytics Suite,Software,Salesperson_9,Europe,Outbound,Lost,True
O-100502,OPP-200502,C-1046,2024-11-02,,,13673.0,11.0,201,POS Terminal,Hardware,,Europe,Inbound,Won,
O-100503,OPP-200503,C-4969,2023-10-09,2023-10-30,2023-10-30,,8.0,102,Analytics Suite,Software,,Asia,,Lost,False
O-100504,OPP-200504,C-2124,2024-02-08,,,6512.0,11.0,102,Analytics Suite,Software,Salesperson_4,Asia,Partner,Won,True
O-100505,OPP-200505,C-3918,2024-12-02,2024-12-15,2024-12-15,,9.0,102,Analytics Suite,Software,,Asia,Inbound,Lost,False
O-100506,OPP-200506,C-4583,2024-11-14,2024-11-20,2024-11-20,,1.0,101,CRM Pro,Software,Salesperson_3,Europe,Outbound,Lead,
,OPP-200507,C-2523,2023-07-22,2023-07-28,2023-07-28,5896.0,8.0,101,CRM Pro,Software,Salesperson_5,North America,Outbound,Qualified,True
O-100508,OPP-200508,C-1342,2024-05-30,2024-06-16,2024-06-16,4080.0,8.0,101,CRM Pro,Software,Salesperson_1,Europe,Outbound,Lost,
O-100509,OPP-200509,C-1434,2024-01-14,2024-01-30,2024-01-30,2304.0,4.0,201,POS Terminal,Hardware,Salesperson_8,Europe,Inbound,Lead,True
O-100510,OPP-200510,C-3592,2023-11-16,,,6132.0,14.0,201,POS Terminal,Hardware,Salesperson_5,Europe,Inbound,Lead,True
O-100511,OPP-200511,C-3035,2023-04-26,,,14355.0,11.0,103,Sales Booster,Software,Salesperson_4,Asia,Partner,Qualified,False
O-100512,OPP-200512,C-1348,2024-11-26,2024-12-16,2024-12-16,1483.0,,103,Sales Booster,Software,Salesperson_1,Asia,Inbound,Won,True
O-100513,OPP-200513,C-1732,2023-04-19,2023-04-26,2023-04-26,12060.0,12.0,102,Analytics Suite,Software,Salesperson_7,Asia,Outbound,Qualified,False
O-100514,OPP-200514,C-3554,2023-09-01,,,,13.0,103,Sales Booster,Software,Salesperson_9,North America,Outbound,Won,True
O-100515,OPP-200515,C-1159,2024-05-25,2024-05-31,2024-05-31,8592.0,8.0,103,Sales Booster,Software,Salesperson_8,Europe,,Lead,False
O-100516,OPP-200516,C-3027,2024-06-29,2024-07-07,2024-07-07,,,102,Analytics Suite,Software,Salesperson_8,North America,Inbound,Won,
O-100517,OPP-200517,C-4631,2024-05-13,2024-06-03,2024-06-03,719.0,1.0,102,Analytics Suite,Software,Salesperson_7,Asia,Partner,Lead,True
O-100518,OPP-200518,C-2946,2023-08-04,2023-08-09,2023-08-09,12780.0,15.0,101,CRM Pro,Software,Salesperson_8,Asia,Outbound,Won,True
O-100519,OPP-200519,C-1234,2024-03-09,2024-03-31,2024-03-31,11270.0,14.0,103,Sales Booster,Software,Salesperson_7,Europe,Inbound,Lead,False
O-100520,OPP-200520,C-4341,2023-01-20,,,2415.0,,201,POS Terminal,Hardware,Salesperson_6,Europe,Outbound,Won,True
,OPP-200521,C-4978,2023-04-14,,,8568.0,7.0,103,Sales Booster,Software,Salesperson_9,North America,,Lead,True
O-100522,OPP-200522,C-1167,2024-05-05,2024-05-12,2024-05-12,916.0,1.0,201,POS Terminal,Hardware,Salesperson_2,Asia,,Lead,False
O-100523,OPP-200523,C-4307,2023-12-15,2023-12-20,2023-12-20,,3.0,101,CRM Pro,Software,,Asia,Outbound,Won,True
O-100524,OPP-200524,C-4723,2024-10-12,2024-11-03,2024-11-03,6734.0,14.0,102,Analytics Suite,Software,Salesperson_8,North America,Partner,Lead,True
O-100525,OPP-200525,C-1148,2024-03-11,2024-04-04,2024-04-04,12720.0,10.0,201,POS Terminal,Hardware,Salesperson_3,Europe,Outbound,Lost,True
O-100526,OPP-200526,C-1115,2024-07-09,2024-08-02,2024-08-02,1460.0,1.0,103,Sales Booster,Software,Salesperson_7,Europe,Outbound,Lead,True
O-100527,OPP-200527,C-2269,2023-12-13,,,,2.0,102,Analytics Suite,Software,Salesperson_9,Europe,Outbound,Won,False
,OPP-200528,C-3660,2024-03-23,2024-03-31,2024-03-31,,,201,POS Terminal,Hardware,,Europe,Partner,Qualified,
O-100529,OPP-200529,C-2939,2023-02-07,2023-02-23,2023-02-23,2320.0,4.0,102,Analytics Suite,Software,Salesperson_3,Asia,Inbound,Qualified,False
O-100530,OPP-200530,C-1855,2023-08-28,2023-09-02,2023-09-02,6745.0,5.0,103,Sales Booster,Software,Salesperson_5,Europe,Partner,Qualified,True
O-100531,OPP-200531,C-4962,2023-08-01,2023-08-11,,3993.0,,201,POS Terminal,Hardware,,Asia,,Qualified,False
O-100532,OPP-200532,C-2265,2023-04-25,2023-05-08,2023-05-08,4584.0,6.0,201,POS Terminal,Hardware,,North America,Partner,Lost,False
O-100533,OPP-200533,C-2715,2024-05-10,2024-06-03,2024-06-03,3435.0,15.0,102,Analytics Suite,Software,Salesperson_6,North America,Partner,Won,
O-100534,OPP-200534,C-4520,2024-06-13,2024-06-28,2024-06-28,18564.0,13.0,201,POS Terminal,Hardware,Salesperson_1,North America,,Lost,False
O-100535,OPP-200535,C-2039,2024-02-21,2024-03-13,2024-03-13,4932.0,6.0,103,Sales Booster,Software,,Europe,Partner,Won,False
O-100536,OPP-200536,C-2475,2023-04-22,2023-05-09,2023-05-09,8436.0,6.0,201,POS Terminal,Hardware,Salesperson_1,Europe,Outbound,Lead,True
O-100537,OPP-200537,C-2686,2023-03-22,,,864.0,6.0,102,Analytics Suite,Software,,North America,,Qualified,False
O-100538,OPP-200538,C-3965,2024-10-30,2024-11-16,2024-11-16,,11.0,102,Analytics Suite,Software,Salesperson_3,North America,,Qualified,False
O-100539,OPP-200539,C-2976,2024-01-10,,,3160.0,5.0,101,CRM Pro,Software,Salesperson_6,Europe,Inbound,Won,True
O-100540,OPP-200540,C-4672,2024-06-17,2024-07-10,2024-07-10,533.0,1.0,201,POS Terminal,Hardware,Salesperson_10,Europe,Inbound,Lead,True
O-100541,OPP-200541,C-3296,2023-05-25,,,10976.0,14.0,101,CRM Pro,Software,,Europe,Outbound,Qualified,False
O-100542,OPP-200542,C-3172,2024-05-05,,,973.0,1.0,103,Sales Booster,Software,Salesperson_2,Europe,Outbound,Qualified,True
O-100543,OPP-200543,C-1744,2024-05-05,2024-05-30,2024-05-30,3300.0,10.0,101,CRM Pro,Software,Salesperson_6,North America,Outbound,Lost,True
O-100544,OPP-200544,C-3790,2024-08-20,2024-09-02,2024-09-02,1855.0,5.0,201,POS Terminal,Hardware,Salesperson_5,North America,Outbound,Lost,True
O-100545,OPP-200545,C-2002,2023-08-21,2023-09-09,2023-09-09,3597.0,3.0,101,CRM Pro,Software,Salesperson_9,Europe,,Lead,True
O-100546,OPP-200546,C-4834,2024-05-08,2024-05-17,,2094.0,,103,Sales Booster,Software,Salesperson_3,North America,,Qualified,True
O-100547,OPP-200547,C-2803,2024-01-31,2024-02-18,2024-02-18,,5.0,103,Sales Booster,Software,Salesperson_8,North America,,Lead,True
O-100548,OPP-200548,C-4455,2023-10-29,2023-11-21,2023-11-21,,10.0,101,CRM Pro,Software,Salesperson_4,Asia,Outbound,Won,False
O-100549,OPP-200549,C-4026,2024-07-07,2024-07-31,,14220.0,12.0,102,Analytics Suite,Software,Salesperson_10,North America,,Lead,False
O-100550,OPP-200550,C-3864,2024-04-28,2024-05-04,2024-05-04,2664.0,2.0,201,POS Terminal,Hardware,Salesperson_9,North America,Inbound,Lead,True
,OPP-200551,C-3247,2024-08-04,2024-08-14,2024-08-14,666.0,2.0,103,Sales Booster,Software,Salesperson_9,Asia,Partner,Won,True
O-100552,OPP-200552,C-4578,2024-06-19,,,11520.0,8.0,201,POS Terminal,Hardware,Salesperson_7,North America,Outbound,Won,False
O-100553,OPP-200553,C-3654,2023-08-24,2023-09-11,2023-09-11,12771.0,9.0,101,CRM Pro,Software,,North America,Partner,Lead,False
O-100554,OPP-200554,C-4980,2023-01-09,2023-01-20,2023-01-20,489.0,3.0,103,Sales Booster,Software,Salesperson_3,Europe,Partner,Lost,False
O-100555,OPP-200555,C-1997,2023-06-27,,,3576.0,4.0,101,CRM Pro,Software,Salesperson_8,Asia,Outbound,Won,True
O-100556,OPP-200556,C-3843,2023-03-15,2023-03-20,2023-03-20,12528.0,9.0,102,Analytics Suite,Software,,Europe,Partner,Lost,True
O-100557,OPP-200557,C-4328,2024-11-18,,,4470.0,10.0,103,Sales Booster,Software,Salesperson_10,North America,,Qualified,False
O-100558,OPP-200558,C-3393,2023-03-13,,,9696.0,12.0,103,Sales Booster,Software,Salesperson_9,Europe,Partner,Qualified,True
O-100559,OPP-200559,C-3849,2024-02-03,2024-02-18,2024-02-18,3636.0,9.0,103,Sales Booster,Software,Salesperson_2,Europe,,Lead,True
O-100560,OPP-200560,C-2120,2024-09-23,2024-10-05,,7693.0,7.0,101,CRM Pro,Software,Salesperson_9,North America,Outbound,Won,False
O-100561,OPP-200561,C-4771,2023-11-13,,,,6.0,101,CRM Pro,Software,Salesperson_1,Asia,Inbound,Lost,True
O-100562,OPP-200562,C-2268,2024-02-23,2024-03-03,2024-03-03,9107.0,7.0,201,POS Terminal,Hardware,Salesperson_5,Europe,,Lead,False
O-100563,OPP-200563,C-1870,2024-09-12,2024-09-20,2024-09-20,5632.0,11.0,103,Sales Booster,Software,Salesperson_3,North America,Outbound,Lost,True
O-100564,OPP-200564,C-2882,2023-03-11,,,,,201,POS Terminal,Hardware,Salesperson_9,Europe,Inbound,Won,False
O-100565,OPP-200565,C-2493,2024-12-20,,,5420.0,10.0,201,POS Terminal,Hardware,Salesperson_7,North America,Inbound,Lead,True
O-100566,OPP-200566,C-4914,2023-01-03,2023-01-19,2023-01-19,5952.0,4.0,101,CRM Pro,Software,Salesperson_9,North America,Outbound,Qualified,True
O-100567,OPP-200567,C-1753,2023-09-02,2023-09-13,2023-09-13,3606.0,3.0,103,Sales Booster,Software,Salesperson_1,North America,,Won,False
O-100568,OPP-200568,C-4361,2024-06-08,,,7856.0,8.0,102,Analytics Suite,Software,,Asia,,Lead,False
O-100569,OPP-200569,C-2595,2023-09-17,2023-10-10,2023-10-10,2193.0,3.0,103,Sales Booster,Software,Salesperson_1,Europe,Outbound,Qualified,False
O-100570,OPP-200570,C-4650,2023-12-28,2024-01-19,2024-01-19,3360.0,7.0,101,CRM Pro,Software,Salesperson_5,North America,Partner,Won,True
O-100571,OPP-200571,C-1755,2024-10-06,,,15036.0,12.0,102,Analytics Suite,Software,Salesperson_9,Europe,Partner,Lead,True
O-100572,OPP-200572,C-4274,2024-01-12,2024-01-17,2024-01-17,1012.0,2.0,103,Sales Booster,Software,Salesperson_2,Europe,Inbound,Won,True
O-100573,OPP-200573,C-3748,2024-08-02,2024-08-13,2024-08-13,5160.0,15.0,101,CRM Pro,Software,Salesperson_7,North America,,Won,True
O-100574,OPP-200574,C-1238,2023-10-22,2023-11-01,2023-11-01,5865.0,15.0,201,POS Terminal,Hardware,,Asia,,Lead,False
O-100575,OPP-200575,C-1633,2023-04-21,2023-04-26,2023-04-26,9240.0,14.0,101,CRM Pro,Software,Salesperson_5,North America,Inbound,Lost,
O-100576,OPP-200576,C-3907,2024-06-01,2024-06-11,2024-06-11,1030.0,10.0,103,Sales Booster,Software,Salesperson_4,Europe,Inbound,Won,True
O-100577,OPP-200577,C-1011,2024-05-19,2024-05-31,2024-05-31,4025.0,5.0,101,CRM Pro,Software,Salesperson_9,Asia,Inbound,Lead,True
O-100578,OPP-200578,C-4088,2023-02-04,,,7735.0,13.0,102,Analytics Suite,Software,,Asia,Inbound,Lost,False
O-100579,OPP-200579,C-4214,2024-04-16,,,1470.0,3.0,102,Analytics Suite,Software,Salesperson_5,Asia,Inbound,Qualified,True
O-100580,OPP-200580,C-1449,2023-01-30,,,1033.0,1.0,201,POS Terminal,Hardware,Salesperson_5,Europe,,Lost,
O-100581,OPP-200581,C-2408,2024-09-24,2024-10-13,2024-10-13,1061.0,1.0,102,Analytics Suite,Software,,Asia,Partner,Qualified,False
O-100582,OPP-200582,C-4211,2024-03-22,,,10444.0,14.0,103,Sales Booster,Software,Salesperson_6,North America,Inbound,Qualified,False
O-100583,OPP-200583,C-4374,2024-04-29,2024-05-19,2024-05-19,1620.0,,102,Analytics Suite,Software,Salesperson_8,Europe,Outbound,Won,False
O-100584,OPP-200584,C-3210,2024-07-20,,,,13.0,103,Sales Booster,Software,Salesperson_7,North America,Outbound,Lead,False
O-100585,OPP-200585,C-1484,2023-07-11,,,,5.0,101,CRM Pro,Software,Salesperson_6,Europe,Partner,Lost,True
O-100586,OPP-200586,C-3610,2023-08-24,2023-09-04,2023-09-04,4227.0,3.0,102,Analytics Suite,Software,Salesperson_8,Asia,Partner,Won,True
O-100587,OPP-200587,C-3525,2023-09-20,2023-10-01,2023-10-01,3584.0,7.0,101,CRM Pro,Software,Salesperson_7,North America,Inbound,Lost,False
O-100588,OPP-200588,C-1177,2024-05-08,2024-06-01,2024-06-01,2664.0,3.0,101,CRM Pro,Software,Salesperson_4,Europe,Partner,Lead,True
O-100589,OPP-200589,C-2743,2024-02-06,,,,12.0,201,POS Terminal,Hardware,Salesperson_8,North America,,Qualified,False
O-100590,OPP-200590,C-3055,2023-12-01,,,,7.0,101,CRM Pro,Software,Salesperson_1,North America,Inbound,Lead,True
O-100591,OPP-200591,C-1031,2024-02-10,2024-02-19,,2681.0,7.0,101,CRM Pro,Software,Salesperson_5,North America,Inbound,Lost,True
,OPP-200592,C-2185,2023-09-08,2023-09-23,2023-09-23,15134.0,14.0,103,Sales Booster,Software,Salesperson_8,Europe,Outbound,Qualified,True
O-100593,OPP-200593,C-4433,2023-11-19,,,6972.0,14.0,201,POS Terminal,Hardware,Salesperson_5,Asia,Partner,Lost,True
O-100594,OPP-200594,C-2819,2023-01-26,2023-02-19,2023-02-19,3804.0,6.0,103,Sales Booster,Software,,North America,,Qualified,False
O-100595,OPP-200595,C-2497,2024-06-06,,,5292.0,6.0,201,POS Terminal,Hardware,,Asia,Partner,Qualified,False
O-100596,OPP-200596,C-4773,2024-12-19,,,14521.0,13.0,103,Sales Booster,Software,Salesperson_2,North America,Outbound,Lost,True
O-100597,OPP-200597,C-4000,2023-06-29,,,1280.0,4.0,103,Sales Booster,Software,Salesperson_2,North America,Outbound,Lead,
O-100598,OPP-200598,C-3706,2024-05-08,2024-05-20,2024-05-20,1177.0,,103,Sales Booster,Software,Salesperson_9,North America,Outbound,Qualified,True
O-100599,OPP-200599,C-3094,2024-06-29,,,11363.0,11.0,101,CRM Pro,Software,Salesperson_2,Europe,Partner,Lead,True
O-100600,OPP-200600,C-3333,2024-11-17,2024-12-12,2024-12-12,7810.0,10.0,103,Sales Booster,Software,Salesperson_6,North America,Inbound,Lead,False
O-100601,OPP-200601,C-1108,2024-07-26,,,,10.0,201,POS Terminal,Hardware,Salesperson_2,Asia,Partner,Lost,False
O-100602,OPP-200602,C-3131,2023-04-10,,,5796.0,9.0,201,POS Terminal,Hardware,Salesperson_6,North America,Outbound,Won,
O-100603,OPP-200603,C-1118,2023-05-04,,,872.0,4.0,103,Sales Booster,Software,Salesperson_8,Asia,Partner,Lead,False
O-100604,OPP-200604,C-1696,2023-09-27,,,9276.0,12.0,103,Sales Booster,Software,Salesperson_1,North America,Inbound,Qualified,False
O-100605,OPP-200605,C-2173,2023-05-04,2023-05-10,2023-05-10,945.0,9.0,201,POS Terminal,Hardware,Salesperson_7,Europe,Partner,Lead,False
O-100606,OPP-200606,C-3489,2023-11-20,,,,9.0,101,CRM Pro,Software,Salesperson_8,Europe,Outbound,Lost,True
,OPP-200607,C-3036,2024-01-15,,,4617.0,9.0,102,Analytics Suite,Software,Salesperson_4,Asia,Inbound,Lost,True
O-100608,OPP-200608,C-4423,2024-08-22,2024-09-03,2024-09-03,,14.0,102,Analytics Suite,Software,Salesperson_4,Asia,Inbound,Lost,False
O-100609,OPP-200609,C-3746,2023-02-07,2023-02-27,2023-02-27,15852.0,12.0,102,Analytics Suite,Software,Salesperson_6,Asia,Outbound,Qualified,True
O-100610,OPP-200610,C-4038,2024-07-19,2024-07-24,2024-07-24,,,102,Analytics Suite,Software,Salesperson_7,Asia,,Qualified,False
O-100611,OPP-200611,C-4448,2024-10-22,,,4477.0,11.0,101,CRM Pro,Software,Salesperson_2,Asia,Inbound,Lost,False
O-100612,OPP-200612,C-1154,2023-05-25,,,940.0,5.0,103,Sales Booster,Software,Salesperson_10,Europe,Outbound,Lead,True
O-100613,OPP-200613,C-4669,2023-06-01,,,,12.0,102,Analytics Suite,Software,Salesperson_4,Europe,Partner,Lost,True
O-100614,OPP-200614,C-3555,2024-10-28,2024-11-13,2024-11-13,,8.0,102,Analytics Suite,Software,,North America,,Qualified,True
O-100615,OPP-200615,C-2662,2024-02-21,2024-03-02,2024-03-02,6210.0,15.0,103,Sales Booster,Software,Salesperson_5,North America,Outbound,Lead,False
O-100616,OPP-200616,C-1047,2023-04-24,2023-05-16,2023-05-16,,15.0,102,Analytics Suite,Software,Salesperson_7,Asia,Partner,Qualified,True
O-100617,OPP-200617,C-1828,2023-11-23,2023-12-08,2023-12-08,12942.0,9.0,103,Sales Booster,Software,,North America,Inbound,Won,
O-100618,OPP-200618,C-2860,2024-11-17,2024-12-02,2024-12-02,747.0,1.0,102,Analytics Suite,Software,Salesperson_4,Europe,Partner,Qualified,True
O-100619,OPP-200619,C-1012,2023-04-12,2023-04-30,2023-04-30,7535.0,11.0,101,CRM Pro,Software,,Asia,Outbound,Lead,False
O-100620,OPP-200620,C-3634,2024-03-16,2024-04-06,2024-04-06,13470.0,10.0,102,Analytics Suite,Software,Salesperson_5,Asia,Outbound,Lost,False
O-100621,OPP-200621,C-3087,2024-12-04,2024-12-16,2024-12-16,3780.0,14.0,103,Sales Booster,Software,Salesperson_2,North America,Partner,Lost,False
O-100622,OPP-200622,C-3024,2023-08-27,,,1012.0,4.0,102,Analytics Suite,Software,Salesperson_2,Europe,Outbound,Lead,True
O-100623,OPP-200623,C-2137,2023-04-08,2023-04-17,2023-04-17,,13.0,101,CRM Pro,Software,Salesperson_2,North America,Outbound,Qualified,True
O-100624,OPP-200624,C-1789,2024-05-24,2024-05-31,,,6.0,102,Analytics Suite,Software,Salesperson_6,North America,Inbound,Won,True
O-100625,OPP-200625,C-4398,2023-04-01,2023-04-09,2023-04-09,11556.0,,201,POS Terminal,Hardware,Salesperson_8,North America,Partner,Lead,False
O-100626,OPP-200626,C-1619,2024-07-30,,,19810.0,14.0,103,Sales Booster,Software,Salesperson_4,North America,Partner,Won,False
O-100627,OPP-200627,C-1375,2024-05-16,2024-05-22,,16379.0,11.0,102,Analytics Suite,Software,Salesperson_4,Europe,Partner,Qualified,False
O-100628,OPP-200628,C-1000,2024-05-19,2024-06-13,2024-06-13,1598.0,2.0,101,CRM Pro,Software,Salesperson_10,Europe,Inbound,Qualified,False
O-100629,OPP-200629,C-1177,2023-04-07,,,3496.0,4.0,201,POS Terminal,Hardware,Salesperson_4,Europe,Outbound,Won,True
O-100630,OPP-200630,C-2821,2023-10-01,,,2168.0,4.0,101,CRM Pro,Software,Salesperson_6,North America,Outbound,Qualified,False
O-100631,OPP-200631,C-1162,2024-02-28,2024-03-14,2024-03-14,2873.0,13.0,103,Sales Booster,Software,Salesperson_7,North America,,Lead,True
O-100632,OPP-200632,C-1604,2023-01-31,2023-02-09,2023-02-09,,10.0,201,POS Terminal,Hardware,Salesperson_6,Europe,Inbound,Won,True
O-100633,OPP-200633,C-4840,2023-05-31,2023-06-14,2023-06-14,723.0,1.0,101,CRM Pro,Software,Salesperson_10,Europe,Inbound,Qualified,
O-100634,OPP-200634,C-4625,2023-02-09,2023-02-21,2023-02-21,15691.0,13.0,101,CRM Pro,Software,,Europe,Inbound,Lead,False
O-100635,OPP-200635,C-3946,2024-03-12,2024-03-29,2024-03-29,4398.0,3.0,201,POS Terminal,Hardware,Salesperson_7,North America,Outbound,Lost,True
O-100636,OPP-200636,C-1276,2024-01-14,2024-02-05,2024-02-05,,15.0,103,Sales Booster,Software,Salesperson_4,Asia,,Won,False
O-100637,OPP-200637,C-3163,2023-05-22,2023-06-12,,4644.0,9.0,101,CRM Pro,Software,Salesperson_8,North America,Outbound,Lost,False
O-100638,OPP-200638,C-3201,2023-08-20,,,,9.0,201,POS Terminal,Hardware,Salesperson_8,Asia,Partner,Qualified,False
O-100639,OPP-200639,C-4741,2024-11-10,2024-11-20,2024-11-20,1608.0,2.0,103,Sales Booster,Software,,Asia,Inbound,Won,True
O-100640,OPP-200640,C-3099,2024-03-05,2024-03-30,,,10.0,101,CRM Pro,Software,Salesperson_9,Asia,Inbound,Qualified,True
O-100641,OPP-200641,C-4310,2024-12-28,2025-01-17,2025-01-17,,7.0,201,POS Terminal,Hardware,Salesperson_10,Europe,Outbound,Qualified,True
,OPP-200642,C-2923,2024-10-16,2024-11-10,,,7.0,102,Analytics Suite,Software,Salesperson_3,Europe,,Won,True
O-100643,OPP-200643,C-2695,2023-07-16,2023-08-02,2023-08-02,13188.0,14.0,201,POS Terminal,Hardware,Salesperson_9,North America,Inbound,Won,False
O-100644,OPP-200644,C-1966,2023-09-11,2023-09-30,2023-09-30,894.0,6.0,201,POS Terminal,Hardware,,Europe,Outbound,Won,
O-100645,OPP-200645,C-4074,2024-12-09,2024-12-18,2024-12-18,,3.0,102,Analytics Suite,Software,,North America,Outbound,Qualified,False
O-100646,OPP-200646,C-4332,2024-10-14,2024-10-28,,900.0,6.0,101,CRM Pro,Software,,North America,,Won,False
O-100647,OPP-200647,C-4765,2023-04-21,,,956.0,4.0,201,POS Terminal,Hardware,Salesperson_3,North America,Partner,Won,True
O-100648,OPP-200648,C-2069,2024-09-10,,,3942.0,3.0,201,POS Terminal,Hardware,Salesperson_10,Europe,,Qualified,False
O-100649,OPP-200649,C-2284,2024-06-08,2024-06-24,2024-06-24,3636.0,9.0,201,POS Terminal,Hardware,,North America,Partner,Qualified,
O-100650,OPP-200650,C-3798,2024-06-30,2024-07-22,2024-07-22,10959.0,13.0,201,POS Terminal,Hardware,Salesperson_5,Asia,Inbound,Lost,False
,OPP-200651,C-1185,2023-02-24,2023-03-14,2023-03-14,4734.0,9.0,101,CRM Pro,Software,Salesperson_2,Asia,,Lost,False
O-100652,OPP-200652,C-2112,2024-11-22,,,17940.0,12.0,201,POS Terminal,Hardware,Salesperson_3,North America,Inbound,Won,
O-100653,OPP-200653,C-2420,2024-12-21,2025-01-05,2025-01-05,10560.0,10.0,102,Analytics Suite,Software,Salesperson_8,Europe,Partner,Lead,True
O-100654,OPP-200654,C-3507,2024-06-06,2024-06-11,,,14.0,101,CRM Pro,Software,Salesperson_9,North America,Outbound,Won,True
O-100655,OPP-200655,C-1885,2024-05-14,,,,14.0,201,POS Terminal,Hardware,,North America,Outbound,Won,False
O-100656,OPP-200656,C-1368,2023-10-03,,,586.0,1.0,103,Sales Booster,Software,,Asia,Partner,Won,False
O-100657,OPP-200657,C-2447,2023-07-08,2023-07-23,2023-07-23,14610.0,15.0,102,Analytics Suite,Software,Salesperson_7,North America,Partner,Won,True
O-100658,OPP-200658,C-4042,2024-12-30,2025-01-23,2025-01-23,,2.0,201,POS Terminal,Hardware,Salesperson_4,North America,,Lead,False
O-100659,OPP-200659,C-3460,2023-09-03,,,998.0,1.0,103,Sales Booster,Software,Salesperson_9,Asia,Partner,Lost,False
O-100660,OPP-200660,C-2296,2023-04-15,2023-04-24,2023-04-24,3708.0,,201,POS Terminal,Hardware,Salesperson_4,North America,Inbound,Lost,
O-100661,OPP-200661,C-3176,2023-01-29,2023-02-03,2023-02-03,770.0,7.0,102,Analytics Suite,Software,Salesperson_1,North America,,Qualified,True
O-100662,OPP-200662,C-1648,2024-12-17,2025-01-10,2025-01-10,2870.0,,103,Sales Booster,Software,Salesperson_9,Asia,Outbound,Qualified,False
O-100663,OPP-200663,C-4311,2024-11-12,,,3045.0,7.0,101,CRM Pro,Software,,Europe,Partner,Lead,True
O-100664,OPP-200664,C-2693,2023-09-02,2023-09-26,2023-09-26,9750.0,13.0,102,Analytics Suite,Software,Salesperson_6,Asia,Inbound,Qualified,True
O-100665,OPP-200665,C-2486,2023-03-11,2023-03-20,2023-03-20,,1.0,102,Analytics Suite,Software,Salesperson_8,Europe,,Lost,True
O-100666,OPP-200666,C-3172,2024-09-21,2024-10-15,2024-10-15,1800.0,2.0,101,CRM Pro,Software,Salesperson_7,Asia,Outbound,Lost,True
O-100667,OPP-200667,C-4155,2024-06-06,2024-06-17,2024-06-17,,5.0,103,Sales Booster,Software,Salesperson_1,Asia,Inbound,Lost,False
O-100668,OPP-200668,C-3167,2024-04-30,2024-05-07,,536.0,,102,Analytics Suite,Software,Salesperson_10,Europe,Partner,Won,True
O-100669,OPP-200669,C-4109,2023-06-03,,,1212.0,1.0,201,POS Terminal,Hardware,Salesperson_1,Europe,Inbound,Qualified,False
O-100670,OPP-200670,C-1445,2024-12-11,2025-01-05,2025-01-05,,,101,CRM Pro,Software,Salesperson_9,Europe,Inbound,Won,True
O-100671,OPP-200671,C-1827,2024-01-05,2024-01-26,2024-01-26,,12.0,102,Analytics Suite,Software,Salesperson_7,North America,,Won,True
O-100672,OPP-200672,C-4504,2024-10-21,2024-11-01,2024-11-01,1413.0,,201,POS Terminal,Hardware,Salesperson_5,North America,Partner,Qualified,True
O-100673,OPP-200673,C-2105,2024-10-09,2024-10-30,2024-10-30,18590.0,13.0,101,CRM Pro,Software,,North America,,Lost,False
O-100674,OPP-200674,C-2700,2023-06-23,2023-07-01,,2916.0,6.0,101,CRM Pro,Software,Salesperson_6,Europe,Partner,Qualified,False
O-100675,OPP-200675,C-2121,2023-05-07,2023-05-29,2023-05-29,2600.0,4.0,101,CRM Pro,Software,Salesperson_9,Asia,Outbound,Qualified,True
O-100676,OPP-200676,C-1853,2024-02-05,2024-02-27,2024-02-27,13006.0,14.0,101,CRM Pro,Software,,North America,,Qualified,False
O-100677,OPP-200677,C-3093,2023-05-14,2023-06-02,2023-06-02,7275.0,5.0,102,Analytics Suite,Software,Salesperson_9,Europe,,Qualified,False
O-100678,OPP-200678,C-4951,2023-05-29,,,17030.0,13.0,201,POS Terminal,Hardware,Salesperson_9,North America,Partner,Lead,True
O-100679,OPP-200679,C-3043,2023-05-15,2023-06-04,2023-06-04,4433.0,13.0,201,POS Terminal,Hardware,Salesperson_10,North America,Outbound,Lead,False
O-100680,OPP-200680,C-4091,2023-07-20,2023-07-31,2023-07-31,17208.0,12.0,102,Analytics Suite,Software,Salesperson_3,Asia,,Won,False
O-100681,OPP-200681,C-1697,2023-06-16,,,,13.0,101,CRM Pro,Software,Salesperson_7,North America,Inbound,Qualified,True
O-100682,OPP-200682,C-2896,2023-07-15,2023-07-27,2023-07-27,5310.0,6.0,101,CRM Pro,Software,,Europe,Inbound,Won,False
O-100683,OPP-200683,C-3136,2023-04-03,2023-04-26,2023-04-26,3132.0,3.0,101,CRM Pro,Software,Salesperson_8,Asia,Partner,Won,False
O-100684,OPP-200684,C-4594,2024-05-22,2024-06-09,2024-06-09,9810.0,15.0,103,Sales Booster,Software,Salesperson_1,Asia,Inbound,Lead,True
O-100685,OPP-200685,C-4060,2023-03-23,2023-03-29,2023-03-29,,14.0,201,POS Terminal,Hardware,,North America,Outbound,Qualified,False
O-100686,OPP-200686,C-4264,2024-10-04,2024-10-19,2024-10-19,1729.0,13.0,201,POS Terminal,Hardware,,North America,,Won,False
O-100687,OPP-200687,C-1529,2023-06-30,2023-07-05,2023-07-05,,7.0,103,Sales Booster,Software,,North America,Outbound,Qualified,False
O-100688,OPP-200688,C-4572,2024-05-02,2024-05-15,2024-05-15,1814.0,2.0,102,Analytics Suite,Software,Salesperson_4,Asia,,Lead,True
O-100689,OPP-200689,C-2604,2023-03-25,,,12815.0,11.0,103,Sales Booster,Software,Salesperson_7,Asia,Partner,Lost,True
O-100690,OPP-200690,C-4630,2024-12-05,2024-12-19,2024-12-19,,3.0,101,CRM Pro,Software,Salesperson_6,North America,Partner,Lead,False
O-100691,OPP-200691,C-2896,2024-12-03,,,,11.0,101,CRM Pro,Software,,Europe,Partner,Lost,True
O-100692,OPP-200692,C-4995,2024-05-16,,,1146.0,2.0,101,CRM Pro,Software,Salesperson_3,North America,Outbound,Won,True
O-100693,OPP-200693,C-1567,2023-04-22,2023-05-12,2023-05-12,,8.0,201,POS Terminal,Hardware,,Europe,Partner,Lead,True
O-100694,OPP-200694,C-3906,2023-12-07,2023-12-16,2023-12-16,8484.0,7.0,201,POS Terminal,Hardware,Salesperson_10,Europe,Inbound,Lead,
O-100695,OPP-200695,C-2316,2024-04-11,2024-04-20,2024-04-20,5528.0,,201,POS Terminal,Hardware,Salesperson_2,North America,Partner,Won,False
O-100696,OPP-200696,C-4199,2024-07-02,2024-07-23,2024-07-23,6790.0,10.0,101,CRM Pro,Software,Salesperson_6,Asia,Partner,Qualified,
O-100697,OPP-200697,C-3989,2024-05-11,2024-05-22,,12276.0,9.0,101,CRM Pro,Software,Salesperson_4,North America,Inbound,Qualified,False
O-100698,OPP-200698,C-3600,2023-04-27,2023-05-17,2023-05-17,2415.0,3.0,103,Sales Booster,Software,Salesperson_7,Asia,Outbound,Won,True
O-100699,OPP-200699,C-4442,2023-12-09,2023-12-18,,,13.0,103,Sales Booster,Software,Salesperson_9,Europe,Inbound,Won,False
O-100700,OPP-200700,C-2904,2023-07-07,2023-07-24,2023-07-24,10416.0,12.0,201,POS Terminal,Hardware,Salesperson_1,North America,Outbound,Qualified,False
O-100701,OPP-200701,C-2621,2024-04-17,,,10283.0,7.0,201,POS Terminal,Hardware,Salesperson_3,North America,Partner,Qualified,False
O-100702,OPP-200702,C-1416,2024-03-16,2024-04-03,2024-04-03,17004.0,12.0,201,POS Terminal,Hardware,Salesperson_1,Europe,Inbound,Lead,False
O-100703,OPP-200703,C-1461,2024-10-13,2024-10-28,2024-10-28,2529.0,9.0,101,CRM Pro,Software,Salesperson_2,Asia,Partner,Lost,False
O-100704,OPP-200704,C-1174,2024-09-19,2024-09-29,2024-09-29,14069.0,11.0,201,POS Terminal,Hardware,Salesperson_4,Europe,,Won,True
O-100705,OPP-200705,C-1483,2023-11-03,2023-11-22,2023-11-22,958.0,1.0,101,CRM Pro,Software,Salesperson_8,Asia,Inbound,Qualified,False
O-100706,OPP-200706,C-1548,2024-01-16,2024-02-03,2024-02-03,9924.0,12.0,201,POS Terminal,Hardware,Salesperson_9,North America,Inbound,Lost,
O-100707,OPP-200707,C-2333,2024-07-23,2024-08-01,2024-08-01,504.0,1.0,201,POS Terminal,Hardware,Salesperson_1,Asia,Outbound,Lead,False
O-100708,OPP-200708,C-4564,2024-03-07,,,,6.0,201,POS Terminal,Hardware,Salesperson_8,Europe,Outbound,Lead,False
O-100709,OPP-200709,C-4383,2023-07-05,2023-07-22,2023-07-22,11488.0,8.0,101,CRM Pro,Software,Salesperson_9,Asia,Partner,Won,False
O-100710,OPP-200710,C-1732,2024-12-05,2024-12-19,,,9.0,201,POS Terminal,Hardware,Salesperson_4,North America,Inbound,Qualified,False
O-100711,OPP-200711,C-4437,2024-02-26,2024-03-02,2024-03-02,2932.0,2.0,101,CRM Pro,Software,,North America,Outbound,Lost,False
O-100712,OPP-200712,C-1708,2024-12-23,,,723.0,3.0,103,Sales Booster,Software,Salesperson_10,Asia,Inbound,Lost,False
O-100713,OPP-200713,C-3947,2024-01-03,2024-01-23,2024-01-23,7847.0,7.0,102,Analytics Suite,Software,Salesperson_7,North America,Inbound,Lost,False
O-100714,OPP-200714,C-3038,2023-08-23,2023-09-09,2023-09-09,1186.0,1.0,101,CRM Pro,Software,Salesperson_5,Europe,Partner,Won,
,OPP-200715,C-4043,2023-05-21,2023-06-06,2023-06-06,9555.0,15.0,101,CRM Pro,Software,Salesperson_8,Asia,Partner,Lost,True
,OPP-200716,C-4286,2023-12-07,2023-12-15,2023-12-15,,14.0,103,Sales Booster,Software,Salesperson_2,Asia,,Qualified,
O-100717,OPP-200717,C-2510,2024-07-29,2024-08-21,2024-08-21,3472.0,7.0,101,CRM Pro,Software,Salesperson_8,Europe,Outbound,Lost,True
O-100718,OPP-200718,C-4010,2023-07-11,2023-07-28,,1780.0,4.0,102,Analytics Suite,Software,,Asia,,Won,
O-100719,OPP-200719,C-2795,2023-11-15,,,9576.0,9.0,102,Analytics Suite,Software,Salesperson_8,North America,Outbound,Lead,False
O-100720,OPP-200720,C-3137,2024-06-02,2024-06-16,2024-06-16,1304.0,4.0,201,POS Terminal,Hardware,Salesperson_4,North America,,Lost,True
O-100721,OPP-200721,C-4768,2023-04-22,2023-05-05,2023-05-05,710.0,2.0,103,Sales Booster,Software,Salesperson_10,Europe,,Qualified,True
O-100722,OPP-200722,C-4663,2023-11-20,2023-12-05,2023-12-05,4182.0,6.0,201,POS Terminal,Hardware,Salesperson_2,Asia,Inbound,Qualified,
O-100723,OPP-200723,C-2508,2024-08-21,2024-08-29,2024-08-29,11648.0,14.0,101,CRM Pro,Software,Salesperson_1,North America,Outbound,Lead,False
O-100724,OPP-200724,C-3566,2023-12-30,2024-01-06,2024-01-06,2385.0,9.0,102,Analytics Suite,Software,Salesperson_2,Europe,Inbound,Lost,False
O-100725,OPP-200725,C-4038,2024-10-19,2024-10-27,2024-10-27,,5.0,201,POS Terminal,Hardware,Salesperson_9,Europe,Partner,Won,False
O-100726,OPP-200726,C-4392,2024-05-28,2024-06-15,2024-06-15,9960.0,8.0,102,Analytics Suite,Software,Salesperson_9,Asia,,Lost,False
O-100727,OPP-200727,C-1387,2024-02-01,2024-02-12,2024-02-12,2170.0,5.0,101,CRM Pro,Software,Salesperson_5,Europe,Inbound,Qualified,
O-100728,OPP-200728,C-2229,2024-04-26,2024-05-11,2024-05-11,17388.0,14.0,102,Analytics Suite,Software,Salesperson_2,Europe,Partner,Qualified,
O-100729,OPP-200729,C-2990,2024-07-31,2024-08-06,2024-08-06,3520.0,11.0,101,CRM Pro,Software,Salesperson_7,Asia,Inbound,Qualified,True
O-100730,OPP-200730,C-1247,2023-11-19,2023-12-09,2023-12-09,11664.0,9.0,101,CRM Pro,Software,Salesperson_1,North America,Outbound,Lead,False
O-100731,OPP-200731,C-3041,2024-04-08,2024-04-19,2024-04-19,595.0,5.0,102,Analytics Suite,Software,Salesperson_3,Europe,Partner,Lead,True
O-100732,OPP-200732,C-2330,2024-05-22,2024-06-10,2024-06-10,1526.0,7.0,101,CRM Pro,Software,Salesperson_1,Asia,Partner,Qualified,True
O-100733,OPP-200733,C-1656,2023-07-28,2023-08-16,2023-08-16,9470.0,10.0,201,POS Terminal,Hardware,Salesperson_3,Asia,Partner,Lost,False
O-100734,OPP-200734,C-3068,2024-08-31,2024-09-25,2024-09-25,1486.0,2.0,102,Analytics Suite,Software,Salesperson_8,Asia,Inbound,Qualified,False
O-100735,OPP-200735,C-4918,2024-01-20,2024-02-14,2024-02-14,2481.0,3.0,201,POS Terminal,Hardware,Salesperson_6,North America,Partner,Qualified,True
O-100736,OPP-200736,C-3951,2024-07-05,2024-07-29,2024-07-29,3000.0,,101,CRM Pro,Software,Salesperson_5,Europe,Partner,Qualified,True
O-100737,OPP-200737,C-1727,2024-11-01,2024-11-14,2024-11-14,2277.0,11.0,101,CRM Pro,Software,,Europe,,Lead,False
O-100738,OPP-200738,C-2633,2024-07-06,2024-07-27,2024-07-27,,12.0,102,Analytics Suite,Software,Salesperson_8,Europe,Outbound,Won,True
O-100739,OPP-200739,C-3953,2023-03-30,2023-04-08,2023-04-08,17430.0,15.0,101,CRM Pro,Software,Salesperson_5,North America,Inbound,Qualified,True
O-100740,OPP-200740,C-1758,2023-09-06,2023-09-29,2023-09-29,1248.0,3.0,101,CRM Pro,Software,Salesperson_2,Asia,Outbound,Qualified,True
O-100741,OPP-200741,C-3240,2024-05-01,2024-05-25,2024-05-25,19138.0,14.0,103,Sales Booster,Software,Salesperson_7,Asia,,Qualified,False
O-100742,OPP-200742,C-2851,2024-05-05,,,1288.0,1.0,103,Sales Booster,Software,Salesperson_8,Asia,,Lead,True
O-100743,OPP-200743,C-1727,2023-09-10,2023-09-15,2023-09-15,6600.0,6.0,103,Sales Booster,Software,Salesperson_1,Asia,Partner,Won,False
O-100744,OPP-200744,C-1793,2023-02-12,,,6264.0,12.0,103,Sales Booster,Software,Salesperson_9,North America,Outbound,Lead,True
O-100745,OPP-200745,C-3467,2024-08-20,2024-08-27,2024-08-27,5185.0,5.0,101,CRM Pro,Software,,Europe,Inbound,Lead,False
O-100746,OPP-200746,C-2457,2024-05-17,,,4210.0,,103,Sales Booster,Software,Salesperson_3,Asia,Outbound,Lost,True
O-100747,OPP-200747,C-2313,2023-10-06,2023-10-19,2023-10-19,,6.0,101,CRM Pro,Software,,Asia,Outbound,Lost,True
O-100748,OPP-200748,C-2645,2023-06-27,2023-07-08,2023-07-08,12705.0,15.0,101,CRM Pro,Software,,North America,Partner,Lost,True
O-100749,OPP-200749,C-1312,2023-12-10,,,3865.0,5.0,201,POS Terminal,Hardware,Salesperson_4,North America,Outbound,Lead,False
O-100750,OPP-200750,C-4530,2023-09-09,2023-09-20,2023-09-20,,,103,Sales Booster,Software,Salesperson_8,North America,Inbound,Won,False
O-100751,OPP-200751,C-1359,2023-08-25,2023-09-06,2023-09-06,6102.0,9.0,102,Analytics Suite,Software,Salesperson_3,North America,Inbound,Won,False
O-100752,OPP-200752,C-2268,2023-06-10,2023-06-20,2023-06-20,3735.0,9.0,101,CRM Pro,Software,,Asia,Inbound,Lead,
O-100753,OPP-200753,C-1184,2024-03-23,2024-04-17,2024-04-17,5535.0,5.0,201,POS Terminal,Hardware,Salesperson_9,Asia,Partner,Qualified,False
O-100754,OPP-200754,C-3888,2024-09-07,2024-09-21,2024-09-21,4440.0,12.0,102,Analytics Suite,Software,Salesperson_6,North America,Inbound,Qualified,False
O-100755,OPP-200755,C-1016,2024-02-13,2024-03-09,,6430.0,10.0,103,Sales Booster,Software,Salesperson_2,Europe,,Won,False
O-100756,OPP-200756,C-4545,2023-11-07,2023-11-29,2023-11-29,1870.0,2.0,101,CRM Pro,Software,Salesperson_7,North America,Partner,Lead,False
O-100757,OPP-200757,C-4484,2024-05-07,2024-05-18,2024-05-18,,5.0,102,Analytics Suite,Software,Salesperson_7,Asia,Inbound,Lost,False
O-100758,OPP-200758,C-3929,2023-07-01,2023-07-23,2023-07-23,18144.0,14.0,101,CRM Pro,Software,Salesperson_9,Asia,Partner,Lost,True
O-100759,OPP-200759,C-1045,2024-10-03,2024-10-28,2024-10-28,1392.0,,102,Analytics Suite,Software,Salesperson_5,Europe,Inbound,Lost,True
O-100760,OPP-200760,C-3156,2024-01-14,2024-01-24,2024-01-24,3152.0,4.0,201,POS Terminal,Hardware,Salesperson_10,North America,Inbound,Qualified,True
O-100761,OPP-200761,C-3982,2023-10-04,2023-10-24,2023-10-24,,7.0,102,Analytics Suite,Software,Salesperson_7,Asia,Partner,Lost,True
O-100762,OPP-200762,C-3715,2024-09-16,2024-09-30,2024-09-30,1498.0,1.0,103,Sales Booster,Software,,Europe,Outbound,Lost,True
O-100763,OPP-200763,C-3546,2023-01-10,2023-01-21,2023-01-21,5661.0,9.0,101,CRM Pro,Software,Salesperson_7,North America,Partner,Lead,False
,OPP-200764,C-2309,2024-11-23,,,315.0,1.0,103,Sales Booster,Software,,Asia,Outbound,Lead,True
O-100765,OPP-200765,C-1510,2023-02-19,2023-03-08,2023-03-08,1473.0,3.0,103,Sales Booster,Software,Salesperson_3,Europe,Partner,Lost,True
O-100766,OPP-200766,C-1146,2024-05-20,,,8280.0,8.0,201,POS Terminal,Hardware,Salesperson_6,Asia,Inbound,Lead,False
O-100767,OPP-200767,C-3137,2024-02-05,2024-02-14,2024-02-14,7423.0,,101,CRM Pro,Software,Salesperson_7,Europe,Partner,Qualified,True
O-100768,OPP-200768,C-3756,2023-05-14,2023-06-02,2023-06-02,626.0,2.0,102,Analytics Suite,Software,Salesperson_3,North America,Inbound,Lost,False
O-100769,OPP-200769,C-3468,2023-09-02,2023-09-23,2023-09-23,,1.0,102,Analytics Suite,Software,Salesperson_10,North America,Partner,Lost,
O-100770,OPP-200770,C-4717,2024-01-18,2024-01-24,2024-01-24,3990.0,,103,Sales Booster,Software,Salesperson_3,North America,Outbound,Qualified,False
O-100771,OPP-200771,C-2389,2023-11-05,,,8613.0,,102,Analytics Suite,Software,Salesperson_3,North America,Outbound,Qualified,False
O-100772,OPP-200772,C-1837,2023-08-25,,,8680.0,7.0,102,Analytics Suite,Software,Salesperson_5,Europe,Outbound,Lead,
O-100773,OPP-200773,C-1972,2024-12-12,,,,6.0,201,POS Terminal,Hardware,Salesperson_6,North America,Outbound,Lost,
O-100774,OPP-200774,C-1939,2023-03-18,2023-04-09,2023-04-09,9144.0,8.0,102,Analytics Suite,Software,,Asia,Partner,Lost,
O-100775,OPP-200775,C-3073,2024-02-16,2024-03-06,2024-03-06,2853.0,3.0,201,POS Terminal,Hardware,Salesperson_6,Asia,Outbound,Lead,False
O-100776,OPP-200776,C-1382,2023-05-07,2023-05-27,,12012.0,13.0,201,POS Terminal,Hardware,Salesperson_6,North America,Inbound,Lead,False
O-100777,OPP-200777,C-3432,2024-11-04,2024-11-18,2024-11-18,924.0,4.0,103,Sales Booster,Software,Salesperson_8,Europe,Outbound,Lead,False
O-100778,OPP-200778,C-4738,2023-04-03,2023-04-17,2023-04-17,3165.0,3.0,101,CRM Pro,Software,Salesperson_7,Europe,Partner,Qualified,False
O-100779,OPP-200779,C-4616,2023-07-04,2023-07-09,,,1.0,201,POS Terminal,Hardware,Salesperson_2,North America,Outbound,Qualified,False
O-100780,OPP-200780,C-2747,2024-01-21,2024-02-10,2024-02-10,6420.0,6.0,102,Analytics Suite,Software,Salesperson_7,Asia,Inbound,Lead,True
O-100781,OPP-200781,C-2855,2024-06-30,2024-07-10,2024-07-10,1698.0,,102,Analytics Suite,Software,Salesperson_8,Asia,Partner,Lost,True
O-100782,OPP-200782,C-1512,2023-09-23,2023-10-09,2023-10-09,5144.0,8.0,102,Analytics Suite,Software,Salesperson_3,North America,Inbound,Won,False
O-100783,OPP-200783,C-2438,2023-05-29,2023-06-13,2023-06-13,2527.0,7.0,102,Analytics Suite,Software,Salesperson_6,North America,Partner,Won,True
O-100784,OPP-200784,C-4660,2024-07-11,,,2765.0,7.0,103,Sales Booster,Software,,Asia,,Qualified,
O-100785,OPP-200785,C-1453,2024-10-24,2024-11-15,2024-11-15,3468.0,6.0,201,POS Terminal,Hardware,Salesperson_5,Europe,Outbound,Won,True
O-100786,OPP-200786,C-1678,2023-08-23,2023-09-16,2023-09-16,,8.0,101,CRM Pro,Software,Salesperson_3,Asia,,Won,False
O-100787,OPP-200787,C-2229,2024-12-06,2024-12-13,,12254.0,11.0,103,Sales Booster,Software,Salesperson_4,North America,,Won,True
O-100788,OPP-200788,C-4156,2024-12-18,2024-12-27,2024-12-27,5643.0,9.0,102,Analytics Suite,Software,Salesperson_10,North America,Outbound,Lost,True
O-100789,OPP-200789,C-3384,2023-06-09,2023-07-02,2023-07-02,6195.0,5.0,101,CRM Pro,Software,,North America,Partner,Lost,False
O-100790,OPP-200790,C-2292,2023-09-24,2023-09-30,2023-09-30,2856.0,,101,CRM Pro,Software,Salesperson_1,Europe,Outbound,Lost,False
O-100791,OPP-200791,C-2637,2024-06-23,2024-07-07,2024-07-07,6979.0,7.0,201,POS Terminal,Hardware,,Asia,Inbound,Lost,True
O-100792,OPP-200792,C-1244,2024-09-20,2024-10-07,,11518.0,13.0,201,POS Terminal,Hardware,Salesperson_9,Asia,Partner,Lost,True
O-100793,OPP-200793,C-2628,2023-08-16,2023-08-27,2023-08-27,5742.0,11.0,102,Analytics Suite,Software,Salesperson_8,North America,Inbound,Lead,True
O-100794,OPP-200794,C-3720,2023-10-27,2023-11-10,,7264.0,,103,Sales Booster,Software,Salesperson_8,Europe,Inbound,Lost,False
O-100795,OPP-200795,C-2388,2024-03-26,,,,3.0,102,Analytics Suite,Software,,North America,,Won,False
O-100796,OPP-200796,C-3681,2023-06-23,2023-07-11,2023-07-11,9232.0,8.0,101,CRM Pro,Software,Salesperson_6,Europe,Partner,Won,True
O-100797,OPP-200797,C-3617,2024-02-26,2024-03-02,2024-03-02,1866.0,3.0,102,Analytics Suite,Software,Salesperson_10,North America,Inbound,Lost,True
O-100798,OPP-200798,C-1798,2023-08-22,,,13950.0,10.0,103,Sales Booster,Software,Salesperson_1,North America,Inbound,Qualified,True
O-100799,OPP-200799,C-2827,2023-08-20,,,8046.0,9.0,201,POS Terminal,Hardware,Salesperson_7,North America,Inbound,Lead,False
O-100800,OPP-200800,C-3080,2024-01-20,2024-02-08,2024-02-08,,14.0,201,POS Terminal,Hardware,Salesperson_9,Europe,Outbound,Lead,True
O-100801,OPP-200801,C-1610,2024-07-22,2024-08-02,2024-08-02,,13.0,102,Analytics Suite,Software,Salesperson_3,Asia,Outbound,Lost,
O-100802,OPP-200802,C-2617,2024-04-22,2024-05-08,,9855.0,9.0,103,Sales Booster,Software,Salesperson_8,Europe,Inbound,Lead,True
O-100803,OPP-200803,C-2219,2024-05-02,2024-05-23,,1592.0,4.0,101,CRM Pro,Software,Salesperson_3,Europe,,Lost,True
O-100804,OPP-200804,C-4070,2023-09-04,2023-09-26,2023-09-26,1701.0,9.0,101,CRM Pro,Software,Salesperson_5,North America,Partner,Lost,
O-100805,OPP-200805,C-4130,2024-04-09,,,6980.0,,103,Sales Booster,Software,Salesperson_10,Europe,,Won,True
O-100806,OPP-200806,C-2425,2023-12-07,2023-12-27,2023-12-27,17220.0,15.0,101,CRM Pro,Software,Salesperson_2,Europe,Inbound,Lost,True
O-100807,OPP-200807,C-4434,2023-12-23,2023-12-28,2023-12-28,16203.0,11.0,101,CRM Pro,Software,Salesperson_10,Asia,Outbound,Won,True
O-100808,OPP-200808,C-4891,2023-07-10,2023-08-03,2023-08-03,7692.0,6.0,102,Analytics Suite,Software,Salesperson_1,Asia,Outbound,Qualified,True
O-100809,OPP-200809,C-1859,2024-03-05,2024-03-16,2024-03-16,8160.0,8.0,102,Analytics Suite,Software,Salesperson_8,Asia,Inbound,Lead,False
O-100810,OPP-200810,C-1144,2024-09-13,2024-09-23,2024-09-23,1404.0,3.0,101,CRM Pro,Software,Salesperson_4,North America,Inbound,Lead,True
O-100811,OPP-200811,C-1719,2024-09-20,2024-10-02,2024-10-02,10703.0,,201,POS Terminal,Hardware,Salesperson_3,Europe,Inbound,Lost,True
O-100812,OPP-200812,C-1399,2024-06-05,2024-06-22,2024-06-22,,13.0,201,POS Terminal,Hardware,Salesperson_2,Europe,,Lost,True
O-100813,OPP-200813,C-4721,2024-11-20,,,,6.0,201,POS Terminal,Hardware,,Europe,Partner,Won,True
O-100814,OPP-200814,C-3996,2023-02-11,,,3857.0,7.0,102,Analytics Suite,Software,Salesperson_8,Asia,,Lost,True
O-100815,OPP-200815,C-4960,2024-08-15,,,,10.0,201,POS Terminal,Hardware,Salesperson_7,Asia,,Qualified,True
O-100816,OPP-200816,C-2864,2023-01-11,2023-02-03,2023-02-03,184.0,1.0,201,POS Terminal,Hardware,,Europe,Partner,Lost,False
O-100817,OPP-200817,C-3456,2024-04-08,,,18564.0,14.0,201,POS Terminal,Hardware,Salesperson_2,Asia,Inbound,Won,True
O-100818,OPP-200818,C-2286,2023-07-12,2023-07-29,2023-07-29,,14.0,103,Sales Booster,Software,,Asia,Partner,Qualified,False
O-100819,OPP-200819,C-1986,2024-01-16,2024-01-30,2024-01-30,,7.0,103,Sales Booster,Software,Salesperson_3,North America,Inbound,Lead,True
O-100820,OPP-200820,C-3741,2024-05-24,2024-06-09,2024-06-09,1190.0,1.0,201,POS Terminal,Hardware,Salesperson_3,Europe,Partner,Lead,False
O-100821,OPP-200821,C-3687,2024-06-02,2024-06-19,2024-06-19,4952.0,8.0,102,Analytics Suite,Software,Salesperson_8,North America,Partner,Won,True
O-100822,OPP-200822,C-1918,2024-03-16,2024-04-06,2024-04-06,15939.0,11.0,201,POS Terminal,Hardware,,Asia,,Lead,False
O-100823,OPP-200823,C-2824,2023-02-03,,,6447.0,7.0,101,CRM Pro,Software,Salesperson_10,North America,Outbound,Won,False
O-100824,OPP-200824,C-2759,2024-07-08,2024-07-24,2024-07-24,,1.0,101,CRM Pro,Software,Salesperson_1,Asia,Outbound,Qualified,True
O-100825,OPP-200825,C-3620,2024-03-12,,,2808.0,,201,POS Terminal,Hardware,Salesperson_9,Asia,,Lost,False
O-100826,OPP-200826,C-2734,2024-10-16,2024-10-21,2024-10-21,,,102,Analytics Suite,Software,,Asia,Partner,Lost,True
O-100827,OPP-200827,C-1737,2023-04-22,2023-05-12,2023-05-12,7119.0,7.0,201,POS Terminal,Hardware,Salesperson_1,North America,Partner,Lead,True
O-100828,OPP-200828,C-4565,2024-02-08,,,,1.0,103,Sales Booster,Software,Salesperson_5,Europe,Outbound,Won,True
O-100829,OPP-200829,C-4710,2024-07-17,2024-08-01,2024-08-01,,,103,Sales Booster,Software,Salesperson_4,Asia,Inbound,Lead,
O-100830,OPP-200830,C-4323,2024-03-16,2024-03-24,2024-03-24,,11.0,201,POS Terminal,Hardware,Salesperson_3,North America,Inbound,Qualified,True
O-100831,OPP-200831,C-4803,2024-06-20,2024-07-10,2024-07-10,,12.0,201,POS Terminal,Hardware,Salesperson_9,North America,,Lost,True
O-100832,OPP-200832,C-2080,2023-05-24,2023-06-15,2023-06-15,15906.0,11.0,102,Analytics Suite,Software,Salesperson_1,North America,Partner,Qualified,False
O-100833,OPP-200833,C-4252,2023-02-28,2023-03-21,2023-03-21,12701.0,13.0,102,Analytics Suite,Software,Salesperson_2,Europe,Inbound,Lost,False
O-100834,OPP-200834,C-2542,2023-09-05,2023-09-21,2023-09-21,17184.0,12.0,101,CRM Pro,Software,Salesperson_3,North America,Inbound,Lead,True
O-100835,OPP-200835,C-1576,2023-10-12,2023-10-29,2023-10-29,8244.0,9.0,101,CRM Pro,Software,Salesperson_3,North America,,Qualified,False
O-100836,OPP-200836,C-3882,2024-01-21,,,7540.0,13.0,101,CRM Pro,Software,Salesperson_7,North America,,Won,True
O-100837,OPP-200837,C-4699,2023-06-20,,,12750.0,15.0,101,CRM Pro,Software,Salesperson_3,Asia,Outbound,Qualified,True
O-100838,OPP-200838,C-4656,2024-07-06,,,,11.0,103,Sales Booster,Software,Salesperson_1,Europe,Inbound,Lead,True
O-100839,OPP-200839,C-2390,2023-01-15,,,6244.0,14.0,103,Sales Booster,Software,Salesperson_8,Europe,Partner,Won,False
O-100840,OPP-200840,C-4599,2024-12-06,2024-12-14,,,1.0,103,Sales Booster,Software,Salesperson_7,North America,Partner,Won,True
O-100841,OPP-200841,C-4055,2024-10-01,,,5695.0,,201,POS Terminal,Hardware,Salesperson_2,North America,Inbound,Qualified,True
O-100842,OPP-200842,C-4745,2024-10-05,2024-10-21,2024-10-21,,3.0,103,Sales Booster,Software,Salesperson_6,North America,,Lead,False
,OPP-200843,C-4653,2023-06-06,,,3531.0,3.0,101,CRM Pro,Software,,Asia,Outbound,Qualified,True
O-100844,OPP-200844,C-1542,2023-04-26,2023-05-10,2023-05-10,4320.0,10.0,102,Analytics Suite,Software,Salesperson_7,Asia,Partner,Lead,True
O-100845,OPP-200845,C-3883,2023-06-28,2023-07-10,2023-07-10,12826.0,11.0,103,Sales Booster,Software,Salesperson_7,North America,Inbound,Qualified,True
,OPP-200846,C-1137,2023-04-02,2023-04-12,2023-04-12,4199.0,13.0,101,CRM Pro,Software,Salesperson_9,Europe,Partner,Lead,False
O-100847,OPP-200847,C-1514,2023-02-08,,,10192.0,8.0,201,POS Terminal,Hardware,Salesperson_6,Asia,Inbound,Qualified,True
O-100848,OPP-200848,C-2482,2023-06-04,2023-06-21,2023-06-21,1724.0,2.0,101,CRM Pro,Software,Salesperson_10,Asia,Outbound,Lead,False
O-100849,OPP-200849,C-4758,2023-08-06,2023-08-22,2023-08-22,4788.0,7.0,201,POS Terminal,Hardware,Salesperson_6,Europe,,Lead,
O-100850,OPP-200850,C-2068,2023-01-01,2023-01-15,2023-01-15,6842.0,11.0,101,CRM Pro,Software,Salesperson_9,North America,Outbound,Lost,
,OPP-200851,C-3711,2023-09-25,2023-10-04,2023-10-04,,,102,Analytics Suite,Software,Salesperson_7,Asia,Outbound,Qualified,True
O-100852,OPP-200852,C-2238,2023-04-09,2023-04-14,,11640.0,10.0,101,CRM Pro,Software,Salesperson_7,North America,Outbound,Won,True
O-100853,OPP-200853,C-1721,2023-07-31,,,9666.0,,102,Analytics Suite,Software,Salesperson_6,Asia,,Qualified,True
O-100854,OPP-200854,C-3195,2024-12-22,2025-01-01,2025-01-01,10818.0,9.0,103,Sales Booster,Software,Salesperson_1,North America,Partner,Won,True
O-100855,OPP-200855,C-3832,2024-11-07,2024-11-23,2024-11-23,5814.0,6.0,101,CRM Pro,Software,,North America,Inbound,Qualified,False
O-100856,OPP-200856,C-3684,2024-05-03,2024-05-09,2024-05-09,5556.0,6.0,102,Analytics Suite,Software,Salesperson_10,Europe,Partner,Lost,True
O-100857,OPP-200857,C-3300,2023-02-17,,,,5.0,103,Sales Booster,Software,Salesperson_10,Asia,Inbound,Won,False
O-100858,OPP-200858,C-4990,2023-10-16,2023-10-30,2023-10-30,2890.0,2.0,103,Sales Booster,Software,,Asia,Outbound,Qualified,True
O-100859,OPP-200859,C-3688,2023-05-03,,,18284.0,14.0,101,CRM Pro,Software,Salesperson_4,North America,,Won,False
O-100860,OPP-200860,C-1480,2023-07-29,2023-08-11,2023-08-11,20040.0,15.0,101,CRM Pro,Software,Salesperson_2,Europe,Partner,Lost,False
,OPP-200861,C-4860,2023-10-15,,,3504.0,8.0,101,CRM Pro,Software,Salesperson_2,North America,Inbound,Won,False
O-100862,OPP-200862,C-2963,2024-01-20,2024-01-26,2024-01-26,888.0,4.0,102,Analytics Suite,Software,Salesperson_10,Europe,Outbound,Qualified,False
O-100863,OPP-200863,C-1798,2023-04-26,,,10374.0,13.0,103,Sales Booster,Software,Salesperson_3,North America,Partner,Won,False
O-100864,OPP-200864,C-3904,2024-03-13,,,,,101,CRM Pro,Software,Salesperson_10,Asia,Outbound,Won,True
O-100865,OPP-200865,C-2603,2023-05-11,2023-05-18,2023-05-18,7749.0,9.0,101,CRM Pro,Software,Salesperson_5,Europe,Outbound,Lost,True
O-100866,OPP-200866,C-2596,2024-07-15,2024-07-24,2024-07-24,11640.0,15.0,102,Analytics Suite,Software,Salesperson_5,Asia,Outbound,Lead,False
O-100867,OPP-200867,C-3342,2023-12-27,2024-01-19,,,13.0,201,POS Terminal,Hardware,Salesperson_1,Asia,,Won,True
O-100868,OPP-200868,C-2933,2023-04-27,,,1240.0,1.0,103,Sales Booster,Software,,Asia,Inbound,Won,True
O-100869,OPP-200869,C-4685,2024-10-29,2024-11-07,2024-11-07,9740.0,10.0,102,Analytics Suite,Software,Salesperson_2,Asia,Outbound,Qualified,False
O-100870,OPP-200870,C-2340,2023-08-07,2023-08-15,2023-08-15,6252.0,6.0,102,Analytics Suite,Software,Salesperson_5,Asia,,Lead,True
O-100871,OPP-200871,C-3042,2024-05-25,2024-06-13,2024-06-13,18285.0,15.0,102,Analytics Suite,Software,Salesperson_7,North America,Inbound,Won,False
O-100872,OPP-200872,C-3449,2023-11-07,2023-11-19,2023-11-19,1322.0,2.0,201,POS Terminal,Hardware,,Europe,Partner,Lost,True
O-100873,OPP-200873,C-2114,2024-09-25,2024-10-02,2024-10-02,8640.0,10.0,103,Sales Booster,Software,,Asia,Inbound,Lead,True
O-100874,OPP-200874,C-3900,2024-01-08,,,1640.0,,103,Sales Booster,Software,,Europe,Inbound,Lost,True
O-100875,OPP-200875,C-2686,2023-08-26,,,680.0,4.0,101,CRM Pro,Software,Salesperson_4,North America,Partner,Lost,True
O-100876,OPP-200876,C-4549,2023-06-21,2023-07-01,2023-07-01,8939.0,7.0,101,CRM Pro,Software,,Asia,Outbound,Lead,
O-100877,OPP-200877,C-2335,2023-08-08,,,514.0,1.0,101,CRM Pro,Software,Salesperson_1,Asia,,Lost,True
O-100878,OPP-200878,C-3920,2023-05-12,2023-05-21,2023-05-21,,9.0,101,CRM Pro,Software,Salesperson_4,Europe,Outbound,Qualified,True
O-100879,OPP-200879,C-3792,2024-11-30,2024-12-24,2024-12-24,,14.0,201,POS Terminal,Hardware,,North America,Partner,Lead,False
O-100880,OPP-200880,C-1408,2023-02-05,2023-02-26,,8239.0,11.0,103,Sales Booster,Software,Salesperson_8,North America,Outbound,Lead,True
O-100881,OPP-200881,C-1785,2023-09-08,2023-09-22,2023-09-22,,6.0,201,POS Terminal,Hardware,,Asia,,Lead,True
O-100882,OPP-200882,C-4748,2024-12-31,2025-01-08,2025-01-08,6856.0,8.0,101,CRM Pro,Software,,North America,Inbound,Lost,False
O-100883,OPP-200883,C-4090,2024-01-19,2024-01-29,2024-01-29,8437.0,11.0,201,POS Terminal,Hardware,Salesperson_7,North America,Inbound,Lead,False
O-100884,OPP-200884,C-1198,2024-01-18,2024-02-03,2024-02-03,10234.0,,102,Analytics Suite,Software,Salesperson_1,Asia,Inbound,Lead,
O-100885,OPP-200885,C-3851,2024-02-24,2024-03-12,2024-03-12,,14.0,101,CRM Pro,Software,Salesperson_2,Europe,Outbound,Won,False
O-100886,OPP-200886,C-2634,2024-02-29,2024-03-23,2024-03-23,,8.0,101,CRM Pro,Software,Salesperson_5,Europe,Partner,Won,True
O-100887,OPP-200887,C-3320,2024-09-05,2024-09-12,2024-09-12,3984.0,4.0,201,POS Terminal,Hardware,Salesperson_5,Asia,,Qualified,False
,OPP-200888,C-4689,2024-01-17,2024-02-03,2024-02-03,4296.0,3.0,102,Analytics Suite,Software,Salesperson_6,North America,Partner,Qualified,True
O-100889,OPP-200889,C-5000,2024-06-04,,,15232.0,14.0,201,POS Terminal,Hardware,Salesperson_10,Europe,,Won,False
O-100890,OPP-200890,C-4909,2024-04-02,2024-04-09,2024-04-09,745.0,1.0,101,CRM Pro,Software,Salesperson_5,Europe,Inbound,Lead,True
O-100891,OPP-200891,C-1574,2023-12-07,2023-12-22,2023-12-22,11864.0,8.0,101,CRM Pro,Software,,North America,Partner,Lead,False
O-100892,OPP-200892,C-3075,2024-11-06,2024-11-15,2024-11-15,3576.0,8.0,103,Sales Booster,Software,Salesperson_5,Asia,,Lost,False
O-100893,OPP-200893,C-1965,2023-04-14,2023-04-30,2023-04-30,8418.0,6.0,102,Analytics Suite,Software,Salesperson_8,North America,Outbound,Lead,False
O-100894,OPP-200894,C-3899,2023-04-21,2023-05-06,2023-05-06,12600.0,12.0,201,POS Terminal,Hardware,Salesperson_8,Asia,Outbound,Qualified,False
O-100895,OPP-200895,C-2519,2023-08-02,2023-08-07,2023-08-07,11268.0,12.0,102,Analytics Suite,Software,Salesperson_5,Europe,Outbound,Lost,False
O-100896,OPP-200896,C-4327,2023-10-26,2023-11-20,2023-11-20,1253.0,7.0,102,Analytics Suite,Software,,Europe,,Qualified,False
O-100897,OPP-200897,C-3734,2024-07-02,2024-07-14,2024-07-14,10737.0,9.0,103,Sales Booster,Software,,Europe,Outbound,Lead,True
O-100898,OPP-200898,C-2316,2023-08-20,2023-08-25,2023-08-25,9531.0,9.0,101,CRM Pro,Software,,Asia,Outbound,Qualified,True
O-100899,OPP-200899,C-3527,2023-03-07,,,932.0,,201,POS Terminal,Hardware,Salesperson_1,North America,Inbound,Won,True
O-100900,OPP-200900,C-1699,2023-12-05,2023-12-10,2023-12-10,4050.0,6.0,103,Sales Booster,Software,,North America,Inbound,Lead,
O-100901,OPP-200901,C-1793,2023-02-21,2023-03-10,2023-03-10,7381.0,11.0,201,POS Terminal,Hardware,,North America,Outbound,Lost,False
O-100902,OPP-200902,C-1019,2023-11-08,2023-11-14,,1179.0,9.0,201,POS Terminal,Hardware,Salesperson_2,Asia,Outbound,Won,True
O-100903,OPP-200903,C-3192,2024-06-23,2024-07-10,,894.0,2.0,103,Sales Booster,Software,,Asia,Outbound,Qualified,False
O-100904,OPP-200904,C-2197,2024-03-22,2024-04-13,2024-04-13,820.0,2.0,103,Sales Booster,Software,Salesperson_6,Asia,Partner,Qualified,True
O-100905,OPP-200905,C-4723,2024-03-22,2024-04-05,2024-04-05,4690.0,7.0,201,POS Terminal,Hardware,Salesperson_3,North America,Partner,Lost,True
O-100906,OPP-200906,C-4823,2024-06-30,2024-07-19,2024-07-19,5488.0,,101,CRM Pro,Software,Salesperson_4,Europe,,Lost,
O-100907,OPP-200907,C-3051,2023-03-07,2023-03-31,2023-03-31,1032.0,8.0,103,Sales Booster,Software,Salesperson_6,Asia,Inbound,Won,False
O-100908,OPP-200908,C-1228,2023-08-01,,,,13.0,103,Sales Booster,Software,Salesperson_10,North America,Inbound,Lead,False
O-100909,OPP-200909,C-3208,2023-10-08,2023-10-13,2023-10-13,1202.0,2.0,101,CRM Pro,Software,Salesperson_5,Asia,,Qualified,
O-100910,OPP-200910,C-1884,2023-01-23,2023-02-04,2023-02-04,5736.0,8.0,103,Sales Booster,Software,Salesperson_3,Europe,Outbound,Lost,True
O-100911,OPP-200911,C-2531,2023-09-22,2023-10-11,2023-10-11,5142.0,6.0,201,POS Terminal,Hardware,Salesperson_6,Asia,Outbound,Lost,True
O-100912,OPP-200912,C-4526,2023-06-06,2023-06-26,2023-06-26,20426.0,14.0,102,Analytics Suite,Software,Salesperson_4,North America,,Won,True
,OPP-200913,C-2990,2024-09-16,2024-09-22,2024-09-22,1765.0,5.0,102,Analytics Suite,Software,Salesperson_8,North America,Inbound,Won,True
O-100914,OPP-200914,C-4399,2023-09-14,2023-09-25,,2744.0,14.0,201,POS Terminal,Hardware,Salesperson_3,North America,Partner,Qualified,True
O-100915,OPP-200915,C-1972,2024-11-14,2024-11-22,2024-11-22,9944.0,8.0,102,Analytics Suite,Software,Salesperson_5,Europe,Outbound,Qualified,True
O-100916,OPP-200916,C-2211,2023-07-20,,,4251.0,13.0,103,Sales Booster,Software,Salesperson_6,Europe,,Won,True
O-100917,OPP-200917,C-4420,2023-09-13,2023-09-18,2023-09-18,10557.0,9.0,201,POS Terminal,Hardware,,Europe,Partner,Qualified,
O-100918,OPP-200918,C-3954,2023-06-26,2023-07-15,2023-07-15,800.0,1.0,201,POS Terminal,Hardware,Salesperson_1,Asia,,Lost,True
O-100919,OPP-200919,C-2362,2023-02-12,2023-02-26,2023-02-26,5330.0,10.0,102,Analytics Suite,Software,Salesperson_5,Europe,Partner,Lost,False
O-100920,OPP-200920,C-3776,2024-08-11,2024-08-24,2024-08-24,3934.0,14.0,102,Analytics Suite,Software,Salesperson_10,Asia,,Lead,False
O-100921,OPP-200921,C-3792,2024-02-21,2024-03-12,2024-03-12,8160.0,6.0,103,Sales Booster,Software,Salesperson_2,North America,Inbound,Lost,True
O-100922,OPP-200922,C-2645,2023-06-18,2023-06-23,2023-06-23,14300.0,11.0,201,POS Terminal,Hardware,Salesperson_1,Asia,Inbound,Qualified,True
O-100923,OPP-200923,C-1544,2023-01-30,2023-02-10,2023-02-10,14520.0,,201,POS Terminal,Hardware,Salesperson_5,Europe,Outbound,Won,False
O-100924,OPP-200924,C-4170,2024-10-29,2024-11-14,2024-11-14,8415.0,9.0,101,CRM Pro,Software,Salesperson_10,Europe,,Won,True
O-100925,OPP-200925,C-2532,2024-08-22,2024-08-27,2024-08-27,2170.0,14.0,102,Analytics Suite,Software,Salesperson_1,Europe,,Qualified,False
O-100926,OPP-200926,C-4356,2023-11-16,2023-11-26,2023-11-26,506.0,2.0,102,Analytics Suite,Software,,North America,,Lead,False
O-100927,OPP-200927,C-3019,2023-05-04,2023-05-20,2023-05-20,,,101,CRM Pro,Software,Salesperson_5,North America,Outbound,Qualified,False
,OPP-200928,C-2091,2024-09-19,,,1012.0,4.0,103,Sales Booster,Software,Salesperson_8,North America,Inbound,Lost,
O-100929,OPP-200929,C-4916,2023-06-16,2023-07-09,2023-07-09,10870.0,10.0,102,Analytics Suite,Software,Salesperson_4,Europe,Inbound,Qualified,True
O-100930,OPP-200930,C-4937,2024-10-02,2024-10-08,2024-10-08,2538.0,3.0,101,CRM Pro,Software,Salesperson_7,Asia,,Lost,True
O-100931,OPP-200931,C-2164,2023-06-14,,,1428.0,2.0,102,Analytics Suite,Software,Salesperson_2,North America,Inbound,Won,False
O-100932,OPP-200932,C-1765,2024-11-16,,,2148.0,3.0,101,CRM Pro,Software,Salesperson_9,North America,Inbound,Lead,True
O-100933,OPP-200933,C-4210,2023-03-26,2023-04-15,2023-04-15,5520.0,,201,POS Terminal,Hardware,Salesperson_1,Europe,Partner,Lost,True
O-100934,OPP-200934,C-1136,2023-12-11,2023-12-28,2023-12-28,,14.0,101,CRM Pro,Software,Salesperson_7,North America,Outbound,Lead,True
O-100935,OPP-200935,C-4056,2024-01-19,,,18044.0,13.0,103,Sales Booster,Software,Salesperson_1,North America,Inbound,Lost,
O-100936,OPP-200936,C-1010,2024-09-19,2024-10-09,2024-10-09,12830.0,10.0,102,Analytics Suite,Software,Salesperson_10,North America,Outbound,Lost,True
O-100937,OPP-200937,C-1343,2024-05-05,2024-05-26,2024-05-26,,14.0,201,POS Terminal,Hardware,Salesperson_1,North America,Outbound,Lead,False
O-100938,OPP-200938,C-1085,2023-09-11,2023-09-23,2023-09-23,,11.0,103,Sales Booster,Software,Salesperson_8,Europe,Inbound,Qualified,True
O-100939,OPP-200939,C-3653,2023-07-08,2023-08-02,2023-08-02,18915.0,,103,Sales Booster,Software,,Europe,,Won,
O-100940,OPP-200940,C-3546,2024-12-10,2024-12-22,,9890.0,10.0,103,Sales Booster,Software,Salesperson_1,North America,,Lead,True
O-100941,OPP-200941,C-2496,2024-08-16,,,7273.0,7.0,102,Analytics Suite,Software,Salesperson_9,Europe,Outbound,Qualified,True
O-100942,OPP-200942,C-3278,2024-09-13,2024-10-03,2024-10-03,5384.0,8.0,102,Analytics Suite,Software,Salesperson_10,North America,Inbound,Qualified,True
O-100943,OPP-200943,C-2490,2024-12-05,2024-12-29,2024-12-29,,11.0,201,POS Terminal,Hardware,Salesperson_4,North America,Partner,Lead,False
,OPP-200944,C-4101,2023-06-04,2023-06-19,2023-06-19,765.0,3.0,101,CRM Pro,Software,,Asia,Inbound,Won,True
O-100945,OPP-200945,C-4721,2024-01-15,2024-02-02,2024-02-02,3020.0,5.0,103,Sales Booster,Software,Salesperson_9,North America,Partner,Lead,False
O-100946,OPP-200946,C-3277,2023-06-14,2023-07-07,2023-07-07,9540.0,9.0,102,Analytics Suite,Software,,Europe,,Won,True
O-100947,OPP-200947,C-1876,2023-05-25,2023-06-16,2023-06-16,3060.0,,201,POS Terminal,Hardware,Salesperson_8,Europe,Inbound,Won,True
O-100948,OPP-200948,C-4572,2024-10-05,,,9468.0,12.0,201,POS Terminal,Hardware,Salesperson_1,Asia,,Lead,True
O-100949,OPP-200949,C-4174,2024-11-10,2024-12-03,2024-12-03,784.0,1.0,101,CRM Pro,Software,,Europe,Inbound,Lost,False
O-100950,OPP-200950,C-2310,2023-08-01,2023-08-17,2023-08-17,17265.0,15.0,103,Sales Booster,Software,Salesperson_3,Asia,Outbound,Lost,False
O-100951,OPP-200951,C-3332,2023-05-08,,,8340.0,15.0,103,Sales Booster,Software,Salesperson_6,Europe,Inbound,Lost,True
O-100952,OPP-200952,C-3517,2023-08-31,2023-09-06,2023-09-06,4128.0,4.0,101,CRM Pro,Software,Salesperson_9,Europe,Partner,Lost,True
O-100953,OPP-200953,C-2309,2024-05-06,2024-05-28,2024-05-28,11871.0,9.0,102,Analytics Suite,Software,,Europe,Partner,Qualified,True
,OPP-200954,C-1906,2024-08-17,2024-08-26,2024-08-26,3654.0,7.0,102,Analytics Suite,Software,Salesperson_8,Europe,Partner,Lost,True
O-100955,OPP-200955,C-2272,2024-09-10,2024-09-19,2024-09-19,7389.0,9.0,201,POS Terminal,Hardware,Salesperson_2,North America,,Lost,
O-100956,OPP-200956,C-4669,2024-09-29,2024-10-12,2024-10-12,796.0,1.0,103,Sales Booster,Software,Salesperson_6,North America,Inbound,Won,False
O-100957,OPP-200957,C-4858,2023-09-29,2023-10-23,2023-10-23,2672.0,8.0,102,Analytics Suite,Software,Salesperson_5,Asia,Partner,Lead,False
O-100958,OPP-200958,C-1898,2024-07-31,,,1422.0,2.0,101,CRM Pro,Software,Salesperson_8,Europe,Partner,Lost,True
O-100959,OPP-200959,C-1949,2023-03-13,,,9801.0,11.0,101,CRM Pro,Software,Salesperson_4,Europe,Partner,Lost,True
O-100960,OPP-200960,C-1851,2023-03-01,2023-03-26,,4665.0,5.0,201,POS Terminal,Hardware,Salesperson_7,North America,Partner,Lost,True
O-100961,OPP-200961,C-4907,2023-04-06,2023-04-22,2023-04-22,5670.0,6.0,101,CRM Pro,Software,Salesperson_10,North America,Inbound,Qualified,True
O-100962,OPP-200962,C-4316,2024-11-13,2024-11-28,2024-11-28,,2.0,103,Sales Booster,Software,,Asia,Outbound,Lead,False
O-100963,OPP-200963,C-3716,2024-07-07,2024-07-21,2024-07-21,,3.0,102,Analytics Suite,Software,,Asia,Inbound,Lead,True
O-100964,OPP-200964,C-3294,2023-03-14,2023-03-25,2023-03-25,5550.0,15.0,102,Analytics Suite,Software,Salesperson_1,North America,,Lost,True
O-100965,OPP-200965,C-1236,2024-07-14,2024-07-22,2024-07-22,4239.0,3.0,102,Analytics Suite,Software,Salesperson_9,North America,Inbound,Lost,True
O-100966,OPP-200966,C-1137,2024-12-23,2025-01-03,2025-01-03,12810.0,14.0,103,Sales Booster,Software,Salesperson_7,Asia,Outbound,Won,True
O-100967,OPP-200967,C-2081,2024-01-21,2024-02-05,,,14.0,101,CRM Pro,Software,,Asia,Partner,Lost,False
O-100968,OPP-200968,C-2662,2024-09-05,,,1434.0,3.0,201,POS Terminal,Hardware,Salesperson_8,Europe,Inbound,Lost,False
O-100969,OPP-200969,C-3781,2023-03-09,2023-04-01,,3744.0,4.0,102,Analytics Suite,Software,Salesperson_4,North America,Partner,Qualified,
O-100970,OPP-200970,C-2218,2024-08-20,2024-09-02,2024-09-02,,11.0,101,CRM Pro,Software,Salesperson_10,Europe,Outbound,Won,False
O-100971,OPP-200971,C-1737,2024-05-01,2024-05-12,2024-05-12,7240.0,10.0,102,Analytics Suite,Software,Salesperson_5,Asia,Partner,Lead,False
O-100972,OPP-200972,C-1765,2024-12-11,2024-12-30,,6744.0,,201,POS Terminal,Hardware,Salesperson_7,Europe,Partner,Lead,True
O-100973,OPP-200973,C-4892,2023-11-09,2023-11-17,2023-11-17,2460.0,4.0,201,POS Terminal,Hardware,,North America,Partner,Qualified,False
O-100974,OPP-200974,C-4483,2023-10-13,2023-11-04,2023-11-04,,10.0,201,POS Terminal,Hardware,Salesperson_5,Asia,Outbound,Lead,False
O-100975,OPP-200975,C-1355,2023-09-29,2023-10-20,2023-10-20,6726.0,6.0,103,Sales Booster,Software,Salesperson_3,Europe,,Lost,False
O-100976,OPP-200976,C-1521,2023-03-23,,,2814.0,14.0,201,POS Terminal,Hardware,Salesperson_9,Asia,Inbound,Qualified,False
O-100977,OPP-200977,C-3867,2024-10-05,2024-10-29,2024-10-29,10224.0,9.0,101,CRM Pro,Software,Salesperson_3,Europe,,Won,True
O-100978,OPP-200978,C-4663,2024-09-16,2024-10-10,2024-10-10,15450.0,15.0,101,CRM Pro,Software,Salesperson_1,Asia,Inbound,Lost,True
,OPP-200979,C-3642,2023-04-30,2023-05-24,2023-05-24,11430.0,9.0,103,Sales Booster,Software,Salesperson_9,Asia,Inbound,Lost,True
O-100980,OPP-200980,C-4994,2023-11-24,2023-12-07,2023-12-07,12714.0,13.0,103,Sales Booster,Software,Salesperson_4,Asia,Outbound,Lost,False
O-100981,OPP-200981,C-4579,2024-04-14,,,3305.0,5.0,101,CRM Pro,Software,Salesperson_6,North America,Partner,Won,True
O-100982,OPP-200982,C-4810,2024-07-19,2024-07-28,2024-07-28,2280.0,5.0,103,Sales Booster,Software,,North America,Partner,Qualified,
O-100983,OPP-200983,C-3613,2023-01-21,2023-02-10,2023-02-10,7938.0,6.0,201,POS Terminal,Hardware,Salesperson_9,North America,,Lost,True
O-100984,OPP-200984,C-1194,2024-04-17,2024-05-09,2024-05-09,1086.0,,103,Sales Booster,Software,Salesperson_8,Asia,Inbound,Qualified,False
O-100985,OPP-200985,C-3206,2024-09-08,2024-09-25,2024-09-25,9583.0,7.0,102,Analytics Suite,Software,Salesperson_7,Europe,Outbound,Won,False
O-100986,OPP-200986,C-1740,2023-08-09,2023-08-24,,2628.0,12.0,102,Analytics Suite,Software,Salesperson_1,North America,Partner,Lead,False
O-100987,OPP-200987,C-1616,2023-03-10,2023-03-30,2023-03-30,8904.0,8.0,102,Analytics Suite,Software,Salesperson_4,Asia,Partner,Won,True
O-100988,OPP-200988,C-4444,2023-10-30,2023-11-16,2023-11-16,564.0,,201,POS Terminal,Hardware,Salesperson_8,Europe,Partner,Won,False
O-100989,OPP-200989,C-2299,2024-02-25,2024-03-13,2024-03-13,1628.0,2.0,101,CRM Pro,Software,Salesperson_2,North America,Outbound,Qualified,True
O-100990,OPP-200990,C-3689,2023-01-28,2023-02-10,2023-02-10,2690.0,2.0,201,POS Terminal,Hardware,Salesperson_4,Europe,Outbound,Qualified,False
O-100991,OPP-200991,C-1889,2024-04-11,2024-04-26,2024-04-26,1670.0,2.0,201,POS Terminal,Hardware,Salesperson_7,North America,,Won,False
O-100992,OPP-200992,C-4774,2024-01-18,,,17628.0,13.0,201,POS Terminal,Hardware,Salesperson_2,North America,Partner,Qualified,True
,OPP-200993,C-4288,2023-04-18,2023-05-10,2023-05-10,5736.0,6.0,102,Analytics Suite,Software,Salesperson_9,Asia,Outbound,Lost,False
O-100994,OPP-200994,C-4329,2023-09-27,2023-10-06,2023-10-06,9560.0,,101,CRM Pro,Software,Salesperson_8,Asia,Partner,Lead,False
O-100995,OPP-200995,C-1102,2023-08-16,2023-08-21,2023-08-21,1312.0,,101,CRM Pro,Software,Salesperson_3,North America,Outbound,Lost,False
O-100996,OPP-200996,C-4847,2023-08-25,2023-09-14,2023-09-14,1572.0,3.0,103,Sales Booster,Software,Salesperson_4,North America,Inbound,Lead,False
O-100997,OPP-200997,C-2722,2024-02-13,2024-02-22,2024-02-22,5980.0,,201,POS Terminal,Hardware,Salesperson_6,North America,Outbound,Qualified,False
O-100998,OPP-200998,C-4400,2024-07-19,2024-08-11,2024-08-11,,8.0,201,POS Terminal,Hardware,Salesperson_1,North America,,Won,True
O-100999,OPP-200999,C-3936,2024-12-12,2025-01-03,2025-01-03,7080.0,8.0,103,Sales Booster,Software,,Asia,Partner,Won,True
O-101000,OPP-201000,C-4589,2024-08-24,2024-09-04,2024-09-04,18970.0,14.0,101,CRM Pro,Software,Salesperson_2,Europe,Outbound,Qualified,False
O-101001,OPP-201001,C-1386,2023-01-18,2023-02-03,2023-02-03,12064.0,13.0,101,CRM Pro,Software,Salesperson_6,North America,Partner,Lead,True
O-101002,OPP-201002,C-4568,2023-04-13,2023-04-18,2023-04-18,15840.0,11.0,102,Analytics Suite,Software,Salesperson_3,Asia,Partner,Won,False
O-101003,OPP-201003,C-3363,2024-09-27,2024-10-17,2024-10-17,1998.0,9.0,201,POS Terminal,Hardware,Salesperson_1,North America,Outbound,Won,False
O-101004,OPP-201004,C-3019,2024-12-02,2024-12-12,2024-12-12,2889.0,,103,Sales Booster,Software,Salesperson_7,Europe,Outbound,Won,
O-101005,OPP-201005,C-3024,2023-12-16,,,7950.0,15.0,103,Sales Booster,Software,Salesperson_3,North America,Inbound,Lost,True
O-101006,OPP-201006,C-4384,2024-12-26,,,15405.0,13.0,101,CRM Pro,Software,Salesperson_4,Asia,Partner,Lost,True
,OPP-201007,C-2432,2024-02-16,2024-02-24,2024-02-24,3870.0,6.0,201,POS Terminal,Hardware,,Asia,,Won,
O-101008,OPP-201008,C-2820,2024-09-29,2024-10-06,2024-10-06,15642.0,11.0,101,CRM Pro,Software,Salesperson_1,Europe,Inbound,Qualified,True
O-101009,OPP-201009,C-1407,2024-07-13,2024-07-23,,14376.0,,101,CRM Pro,Software,Salesperson_4,Asia,,Qualified,False
O-101010,OPP-201010,C-4100,2024-10-03,,,6360.0,6.0,201,POS Terminal,Hardware,Salesperson_4,Europe,Partner,Lost,False
O-101011,OPP-201011,C-2350,2024-10-04,2024-10-27,2024-10-27,,9.0,103,Sales Booster,Software,,Asia,,Lead,False
O-101012,OPP-201012,C-1135,2023-03-03,2023-03-15,2023-03-15,5902.0,13.0,103,Sales Booster,Software,,Europe,Outbound,Qualified,False
O-101013,OPP-201013,C-1115,2023-01-06,2023-01-20,2023-01-20,2982.0,7.0,201,POS Terminal,Hardware,Salesperson_5,North America,Outbound,Qualified,
O-101014,OPP-201014,C-1016,2023-09-10,2023-10-04,2023-10-04,14084.0,14.0,103,Sales Booster,Software,Salesperson_5,Europe,,Lead,True
O-101015,OPP-201015,C-4824,2023-07-01,2023-07-06,2023-07-06,,12.0,103,Sales Booster,Software,Salesperson_10,Asia,Inbound,Lead,True
O-101016,OPP-201016,C-1779,2024-06-27,,,,15.0,102,Analytics Suite,Software,Salesperson_4,North America,Partner,Won,False
O-101017,OPP-201017,C-4272,2024-11-15,,,3448.0,4.0,201,POS Terminal,Hardware,Salesperson_9,Asia,Inbound,Won,False
O-101018,OPP-201018,C-1132,2023-08-19,2023-09-13,2023-09-13,,4.0,103,Sales Booster,Software,Salesperson_1,North America,Outbound,Won,False
O-101019,OPP-201019,C-2870,2023-08-28,,,9252.0,12.0,102,Analytics Suite,Software,Salesperson_5,Asia,Inbound,Lead,False
O-101020,OPP-201020,C-3587,2024-08-13,2024-08-20,2024-08-20,,,102,Analytics Suite,Software,Salesperson_9,Asia,Inbound,Qualified,True
O-101021,OPP-201021,C-1133,2024-11-24,2024-12-10,2024-12-10,4205.0,5.0,102,Analytics Suite,Software,Salesperson_10,North America,Partner,Lead,False
O-101022,OPP-201022,C-4555,2023-08-22,2023-09-14,2023-09-14,15587.0,,101,CRM Pro,Software,Salesperson_8,Asia,Partner,Won,False
O-101023,OPP-201023,C-2547,2024-07-31,2024-08-16,2024-08-16,2692.0,2.0,102,Analytics Suite,Software,Salesperson_2,Asia,Inbound,Won,False
O-101024,OPP-201024,C-4984,2023-03-29,2023-04-11,2023-04-11,8412.0,12.0,103,Sales Booster,Software,Salesperson_10,Europe,,Lead,True
O-101025,OPP-201025,C-4434,2024-07-10,2024-08-02,2024-08-02,12465.0,,102,Analytics Suite,Software,Salesperson_9,Europe,,Lost,True
O-101026,OPP-201026,C-3444,2024-01-01,2024-01-25,2024-01-25,2096.0,2.0,103,Sales Booster,Software,Salesperson_9,Asia,Inbound,Qualified,False
O-101027,OPP-201027,C-1461,2023-01-07,,,2282.0,2.0,101,CRM Pro,Software,Salesperson_10,North America,Inbound,Lost,False
O-101028,OPP-201028,C-2318,2024-09-10,,,2724.0,,103,Sales Booster,Software,Salesperson_10,Europe,Partner,Qualified,True
O-101029,OPP-201029,C-2227,2023-04-27,2023-05-06,2023-05-06,6540.0,12.0,103,Sales Booster,Software,Salesperson_3,Europe,Outbound,Lost,False
O-101030,OPP-201030,C-3831,2023-03-05,,,2600.0,13.0,102,Analytics Suite,Software,Salesperson_3,Asia,Outbound,Won,True
O-101031,OPP-201031,C-4851,2023-07-04,2023-07-11,2023-07-11,16632.0,12.0,103,Sales Booster,Software,Salesperson_10,Asia,,Won,False
O-101032,OPP-201032,C-4820,2023-12-18,2024-01-04,2024-01-04,8526.0,14.0,201,POS Terminal,Hardware,,Europe,Inbound,Lead,True
O-101033,OPP-201033,C-1769,2023-09-07,2023-09-12,2023-09-12,15228.0,12.0,101,CRM Pro,Software,Salesperson_6,Asia,,Won,True
O-101034,OPP-201034,C-3965,2024-04-25,2024-05-01,2024-05-01,,2.0,102,Analytics Suite,Software,Salesperson_3,Europe,Partner,Qualified,
O-101035,OPP-201035,C-4860,2024-01-31,2024-02-19,2024-02-19,2112.0,6.0,101,CRM Pro,Software,Salesperson_8,North America,Outbound,Won,True
O-101036,OPP-201036,C-1091,2024-01-10,2024-01-24,2024-01-24,7062.0,11.0,201,POS Terminal,Hardware,,Europe,Partner,Qualified,False
O-101037,OPP-201037,C-3124,2023-10-08,2023-11-01,2023-11-01,14235.0,13.0,102,Analytics Suite,Software,Salesperson_1,Asia,Partner,Won,True
O-101038,OPP-201038,C-4058,2023-01-23,2023-02-06,2023-02-06,1449.0,3.0,201,POS Terminal,Hardware,Salesperson_2,Europe,Outbound,Lost,True
O-101039,OPP-201039,C-2595,2024-05-23,,,8940.0,10.0,201,POS Terminal,Hardware,Salesperson_9,North America,Partner,Lead,
O-101040,OPP-201040,C-4004,2024-07-12,2024-08-05,2024-08-05,6838.0,13.0,103,Sales Booster,Software,Salesperson_8,Asia,Inbound,Qualified,True
O-101041,OPP-201041,C-3309,2024-02-27,2024-03-15,2024-03-15,,4.0,103,Sales Booster,Software,Salesperson_5,Europe,Inbound,Won,False
O-101042,OPP-201042,C-2270,2024-02-18,2024-03-14,2024-03-14,9520.0,7.0,102,Analytics Suite,Software,Salesperson_6,North America,Partner,Lost,False
,OPP-201043,C-3129,2024-06-22,2024-06-27,,,,201,POS Terminal,Hardware,,Asia,Inbound,Qualified,
O-101044,OPP-201044,C-4287,2024-10-26,,,1582.0,7.0,102,Analytics Suite,Software,Salesperson_1,Europe,,Lead,
O-101045,OPP-201045,C-1899,2023-05-04,2023-05-18,2023-05-18,5068.0,14.0,102,Analytics Suite,Software,Salesperson_1,North America,Partner,Lost,False
O-101046,OPP-201046,C-3511,2023-07-14,2023-07-21,2023-07-21,15435.0,15.0,103,Sales Booster,Software,,Europe,Outbound,Qualified,True
O-101047,OPP-201047,C-2577,2024-09-16,,,6972.0,7.0,102,Analytics Suite,Software,Salesperson_1,North America,Partner,Lost,True
O-101048,OPP-201048,C-2051,2024-12-14,2024-12-29,2024-12-29,3632.0,4.0,201,POS Terminal,Hardware,Salesperson_2,North America,,Qualified,False
O-101049,OPP-201049,C-2358,2024-04-11,2024-04-25,,,9.0,201,POS Terminal,Hardware,Salesperson_9,Europe,,Won,False
O-101050,OPP-201050,C-1612,2024-10-04,2024-10-25,2024-10-25,8805.0,15.0,101,CRM Pro,Software,Salesperson_6,Asia,Partner,Qualified,True
O-101051,OPP-201051,C-2860,2024-05-06,2024-05-14,2024-05-14,2710.0,2.0,102,Analytics Suite,Software,Salesperson_6,Asia,Inbound,Qualified,True
O-101052,OPP-201052,C-1049,2023-05-02,2023-05-11,2023-05-11,13350.0,10.0,101,CRM Pro,Software,,Europe,Outbound,Lead,True
O-101053,OPP-201053,C-4492,2024-01-06,2024-01-22,,4815.0,15.0,103,Sales Booster,Software,Salesperson_1,Asia,Inbound,Qualified,True
O-101054,OPP-201054,C-3092,2024-01-09,,,246.0,,101,CRM Pro,Software,Salesperson_5,Asia,Inbound,Lost,True
,OPP-201055,C-4931,2023-10-31,2023-11-10,2023-11-10,13068.0,11.0,201,POS Terminal,Hardware,Salesperson_8,Europe,Partner,Lead,True
O-101056,OPP-201056,C-3862,2024-11-07,2024-11-19,,4896.0,12.0,101,CRM Pro,Software,Salesperson_1,Asia,,Won,False
O-101057,OPP-201057,C-1004,2023-08-15,2023-08-27,2023-08-27,,4.0,201,POS Terminal,Hardware,Salesperson_2,Asia,,Qualified,
O-101058,OPP-201058,C-2097,2024-07-22,2024-08-08,2024-08-08,2040.0,12.0,201,POS Terminal,Hardware,Salesperson_4,Asia,Inbound,Lost,False
O-101059,OPP-201059,C-2377,2024-01-21,2024-02-11,2024-02-11,5325.0,5.0,201,POS Terminal,Hardware,Salesperson_8,Asia,Inbound,Lead,True
O-101060,OPP-201060,C-3624,2023-05-10,,,20804.0,14.0,201,POS Terminal,Hardware,Salesperson_6,Asia,Inbound,Qualified,False
O-101061,OPP-201061,C-2591,2024-12-16,2024-12-24,2024-12-24,1230.0,6.0,201,POS Terminal,Hardware,Salesperson_10,Europe,Outbound,Lost,
O-101062,OPP-201062,C-1125,2023-04-16,2023-05-04,2023-05-04,13936.0,13.0,103,Sales Booster,Software,Salesperson_8,North America,Inbound,Lost,True
O-101063,OPP-201063,C-3135,2023-12-04,2023-12-29,2023-12-29,,3.0,101,CRM Pro,Software,Salesperson_7,Europe,,Qualified,True
O-101064,OPP-201064,C-3292,2024-03-20,,,12502.0,14.0,103,Sales Booster,Software,Salesperson_5,North America,Inbound,Won,True
O-101065,OPP-201065,C-3259,2023-05-11,2023-05-20,2023-05-20,9816.0,8.0,103,Sales Booster,Software,Salesperson_7,Europe,Partner,Lead,False
O-101066,OPP-201066,C-1529,2023-11-07,2023-11-26,,4732.0,7.0,201,POS Terminal,Hardware,Salesperson_9,Asia,Inbound,Qualified,True
O-101067,OPP-201067,C-4805,2023-06-15,2023-06-29,2023-06-29,4288.0,4.0,103,Sales Booster,Software,Salesperson_7,North America,Inbound,Qualified,True
O-101068,OPP-201068,C-2977,2023-06-12,2023-06-20,2023-06-20,4338.0,3.0,201,POS Terminal,Hardware,Salesperson_6,Asia,Partner,Qualified,True
O-101069,OPP-201069,C-4054,2023-03-22,2023-04-06,2023-04-06,16005.0,11.0,101,CRM Pro,Software,Salesperson_5,North America,,Lost,True
O-101070,OPP-201070,C-2076,2023-10-25,,,,13.0,103,Sales Booster,Software,Salesperson_1,Europe,Partner,Lost,False
O-101071,OPP-201071,C-1797,2023-07-12,2023-07-20,2023-07-20,,9.0,101,CRM Pro,Software,Salesperson_10,North America,Outbound,Qualified,False
O-101072,OPP-201072,C-1118,2023-06-24,2023-07-02,2023-07-02,,15.0,102,Analytics Suite,Software,Salesperson_7,Asia,Partner,Won,False
O-101073,OPP-201073,C-3827,2023-10-26,,,3800.0,4.0,103,Sales Booster,Software,Salesperson_10,North America,Inbound,Qualified,False
O-101074,OPP-201074,C-2124,2023-04-05,2023-04-10,2023-04-10,,12.0,201,POS Terminal,Hardware,Salesperson_1,Asia,,Won,True
O-101075,OPP-201075,C-1202,2023-02-18,2023-03-01,2023-03-01,12660.0,10.0,103,Sales Booster,Software,Salesperson_3,North America,,Lead,False
O-101076,OPP-201076,C-2385,2024-05-17,,,13594.0,14.0,201,POS Terminal,Hardware,Salesperson_2,North America,Partner,Lead,True
O-101077,OPP-201077,C-4310,2023-04-24,,,12780.0,15.0,101,CRM Pro,Software,Salesperson_10,North America,Partner,Lost,False
O-101078,OPP-201078,C-2116,2024-07-22,2024-08-16,2024-08-16,5166.0,9.0,201,POS Terminal,Hardware,Salesperson_7,Europe,Partner,Won,True
O-101079,OPP-201079,C-4473,2023-02-13,2023-02-25,2023-02-25,2340.0,3.0,201,POS Terminal,Hardware,Salesperson_9,Europe,Partner,Won,True
O-101080,OPP-201080,C-4237,2023-02-21,2023-03-11,2023-03-11,17329.0,13.0,201,POS Terminal,Hardware,Salesperson_5,Asia,Inbound,Won,True
O-101081,OPP-201081,C-4240,2023-10-31,2023-11-14,2023-11-14,,3.0,102,Analytics Suite,Software,Salesperson_8,North America,Outbound,Lead,True
O-101082,OPP-201082,C-1354,2024-09-22,2024-10-10,2024-10-10,,15.0,201,POS Terminal,Hardware,Salesperson_5,Asia,Partner,Qualified,False
O-101083,OPP-201083,C-2928,2024-02-22,2024-02-29,2024-02-29,970.0,1.0,201,POS Terminal,Hardware,Salesperson_3,Asia,Outbound,Lead,False
O-101084,OPP-201084,C-3579,2023-09-17,2023-10-08,2023-10-08,,8.0,102,Analytics Suite,Software,Salesperson_9,Asia,Partner,Won,False
O-101085,OPP-201085,C-4679,2023-06-23,2023-07-02,2023-07-02,6292.0,,201,POS Terminal,Hardware,Salesperson_2,Asia,Partner,Lead,
O-101086,OPP-201086,C-2936,2023-08-23,2023-09-17,2023-09-17,,14.0,101,CRM Pro,Software,Salesperson_7,Europe,Outbound,Qualified,True
O-101087,OPP-201087,C-4923,2024-06-22,2024-07-09,2024-07-09,2112.0,2.0,102,Analytics Suite,Software,Salesperson_2,North America,Inbound,Qualified,True
O-101088,OPP-201088,C-1920,2023-12-20,2024-01-05,2024-01-05,1164.0,2.0,102,Analytics Suite,Software,Salesperson_9,North America,Outbound,Qualified,False
O-101089,OPP-201089,C-3360,2023-11-30,,,11004.0,12.0,102,Analytics Suite,Software,Salesperson_10,Asia,Outbound,Qualified,False
O-101090,OPP-201090,C-1725,2024-12-02,2024-12-26,2024-12-26,5710.0,,201,POS Terminal,Hardware,,North America,Outbound,Lost,True
O-101091,OPP-201091,C-3365,2023-11-09,2023-12-01,2023-12-01,13420.0,10.0,101,CRM Pro,Software,Salesperson_1,Europe,,Qualified,False
O-101092,OPP-201092,C-3100,2024-01-25,2024-02-16,2024-02-16,12804.0,12.0,102,Analytics Suite,Software,Salesperson_1,North America,Outbound,Lead,True
O-101093,OPP-201093,C-1843,2024-05-24,,,,12.0,102,Analytics Suite,Software,Salesperson_3,Asia,Inbound,Lead,True
O-101094,OPP-201094,C-4649,2023-08-31,2023-09-23,2023-09-23,113.0,1.0,201,POS Terminal,Hardware,Salesperson_3,Asia,,Lead,True
O-101095,OPP-201095,C-2887,2024-10-11,,,,4.0,101,CRM Pro,Software,Salesperson_1,North America,Inbound,Qualified,True
O-101096,OPP-201096,C-1842,2024-11-25,2024-12-02,2024-12-02,13600.0,10.0,103,Sales Booster,Software,Salesperson_8,Europe,Outbound,Won,True
O-101097,OPP-201097,C-4151,2024-04-23,2024-05-13,2024-05-13,,8.0,102,Analytics Suite,Software,,Europe,Partner,Lead,True
O-101098,OPP-201098,C-2924,2024-10-20,2024-11-13,,,,102,Analytics Suite,Software,Salesperson_9,Asia,Inbound,Won,False
O-101099,OPP-201099,C-2304,2024-09-14,2024-09-30,2024-09-30,3330.0,6.0,101,CRM Pro,Software,Salesperson_10,North America,,Won,
O-101100,OPP-201100,C-2869,2023-01-24,2023-02-10,2023-02-10,11064.0,12.0,103,Sales Booster,Software,Salesperson_10,North America,Inbound,Lead,True
O-101101,OPP-201101,C-4531,2024-12-26,2025-01-08,2025-01-08,2249.0,13.0,101,CRM Pro,Software,,Asia,Outbound,Won,
O-101102,OPP-201102,C-2986,2024-04-17,2024-05-06,2024-05-06,16142.0,14.0,101,CRM Pro,Software,Salesperson_7,North America,Partner,Won,False
O-101103,OPP-201103,C-4140,2023-04-29,2023-05-07,2023-05-07,8206.0,11.0,101,CRM Pro,Software,Salesperson_6,North America,Partner,Lead,False
O-101104,OPP-201104,C-4702,2024-11-22,2024-12-04,2024-12-04,,2.0,101,CRM Pro,Software,Salesperson_5,North America,Outbound,Lead,False
,OPP-201105,C-1462,2023-02-23,,,13510.0,10.0,101,CRM Pro,Software,Salesperson_5,North America,Outbound,Won,False
O-101106,OPP-201106,C-3041,2024-11-05,,,13608.0,12.0,101,CRM Pro,Software,Salesperson_10,Asia,Partner,Won,True
O-101107,OPP-201107,C-1333,2023-05-12,2023-05-17,2023-05-17,5958.0,6.0,201,POS Terminal,Hardware,Salesperson_9,North America,Inbound,Lead,False
O-101108,OPP-201108,C-3386,2023-07-12,2023-07-22,2023-07-22,5628.0,7.0,101,CRM Pro,Software,Salesperson_2,North America,Partner,Lost,False
O-101109,OPP-201109,C-4069,2023-01-10,,,10440.0,10.0,102,Analytics Suite,Software,,North America,Outbound,Won,False
O-101110,OPP-201110,C-1930,2024-12-29,,,1770.0,3.0,101,CRM Pro,Software,,Asia,Partner,Lost,False
O-101111,OPP-201111,C-1620,2024-12-15,2024-12-29,2024-12-29,3029.0,13.0,102,Analytics Suite,Software,Salesperson_2,Europe,Outbound,Lead,True
O-101112,OPP-201112,C-4393,2024-01-25,2024-02-10,2024-02-10,1362.0,1.0,103,Sales Booster,Software,Salesperson_5,Europe,Inbound,Lead,False
O-101113,OPP-201113,C-2016,2023-10-16,2023-10-31,2023-10-31,13981.0,11.0,102,Analytics Suite,Software,,Asia,Outbound,Lead,True
O-101114,OPP-201114,C-2541,2024-07-08,2024-07-31,2024-07-31,,6.0,103,Sales Booster,Software,Salesperson_5,Asia,Inbound,Won,True
O-101115,OPP-201115,C-2121,2023-06-23,2023-07-06,2023-07-06,3270.0,3.0,103,Sales Booster,Software,Salesperson_9,Asia,Outbound,Lost,False
O-101116,OPP-201116,C-4917,2023-01-25,2023-02-17,2023-02-17,7413.0,7.0,103,Sales Booster,Software,Salesperson_6,Europe,,Qualified,True
O-101117,OPP-201117,C-4197,2024-12-14,2025-01-08,2025-01-08,18705.0,15.0,201,POS Terminal,Hardware,,Europe,,Won,True
O-101118,OPP-201118,C-4815,2024-01-19,2024-01-24,2024-01-24,711.0,3.0,101,CRM Pro,Software,Salesperson_9,Asia,Outbound,Qualified,True
O-101119,OPP-201119,C-2530,2024-04-25,2024-05-14,2024-05-14,,15.0,102,Analytics Suite,Software,Salesperson_3,Asia,,Qualified,False
O-101120,OPP-201120,C-3904,2023-11-24,2023-11-29,2023-11-29,2280.0,2.0,101,CRM Pro,Software,Salesperson_10,Asia,Inbound,Won,True
O-101121,OPP-201121,C-3242,2023-05-22,2023-06-06,2023-06-06,5956.0,4.0,201,POS Terminal,Hardware,Salesperson_4,Europe,,Lead,True
O-101122,OPP-201122,C-1975,2023-01-19,2023-02-12,2023-02-12,15735.0,15.0,201,POS Terminal,Hardware,Salesperson_7,North America,,Qualified,False
O-101123,OPP-201123,C-3932,2023-10-30,,,1086.0,6.0,201,POS Terminal,Hardware,Salesperson_1,North America,,Qualified,True
O-101124,OPP-201124,C-3493,2023-04-10,2023-04-28,2023-04-28,5446.0,14.0,102,Analytics Suite,Software,Salesperson_2,Europe,Inbound,Won,False
O-101125,OPP-201125,C-4826,2023-12-12,2023-12-18,2023-12-18,6115.0,5.0,101,CRM Pro,Software,Salesperson_6,Asia,Inbound,Won,True
O-101126,OPP-201126,C-3603,2023-01-07,2023-02-01,2023-02-01,6552.0,6.0,101,CRM Pro,Software,Salesperson_6,Asia,Outbound,Lost,True
O-101127,OPP-201127,C-3535,2024-01-24,,,,2.0,101,CRM Pro,Software,Salesperson_7,Europe,Partner,Qualified,True
O-101128,OPP-201128,C-1731,2024-10-29,2024-11-17,2024-11-17,3537.0,9.0,103,Sales Booster,Software,Salesperson_9,Europe,Outbound,Lost,True
O-101129,OPP-201129,C-2066,2023-04-28,2023-05-08,,273.0,1.0,102,Analytics Suite,Software,Salesperson_4,Europe,Inbound,Lead,False
O-101130,OPP-201130,C-4329,2024-04-23,2024-05-04,2024-05-04,12068.0,14.0,103,Sales Booster,Software,Salesperson_9,Asia,Inbound,Lost,True
O-101131,OPP-201131,C-1104,2023-01-01,2023-01-16,2023-01-16,4806.0,,201,POS Terminal,Hardware,Salesperson_9,Asia,,Lost,False
O-101132,OPP-201132,C-2364,2024-11-30,2024-12-18,2024-12-18,,,103,Sales Booster,Software,Salesperson_3,North America,Inbound,Qualified,False
O-101133,OPP-201133,C-2255,2023-08-28,,,12925.0,11.0,102,Analytics Suite,Software,Salesperson_2,Europe,Outbound,Lead,False
O-101134,OPP-201134,C-2555,2024-03-12,,,,3.0,201,POS Terminal,Hardware,Salesperson_9,Asia,Inbound,Lead,True
O-101135,OPP-201135,C-1636,2024-01-20,2024-02-07,2024-02-07,5010.0,10.0,101,CRM Pro,Software,,Asia,Inbound,Lost,
O-101136,OPP-201136,C-4791,2024-06-02,,,,,102,Analytics Suite,Software,Salesperson_5,Europe,Partner,Lead,False
O-101137,OPP-201137,C-1609,2023-02-20,,,12572.0,14.0,102,Analytics Suite,Software,Salesperson_2,Europe,Partner,Won,True
O-101138,OPP-201138,C-4924,2024-09-02,2024-09-19,2024-09-19,1144.0,2.0,101,CRM Pro,Software,Salesperson_3,North America,Inbound,Won,True
O-101139,OPP-201139,C-4202,2024-05-30,2024-06-16,2024-06-16,882.0,3.0,201,POS Terminal,Hardware,Salesperson_10,Asia,Partner,Won,True
O-101140,OPP-201140,C-1165,2024-03-25,,,6885.0,15.0,201,POS Terminal,Hardware,Salesperson_5,North America,Inbound,Won,False
O-101141,OPP-201141,C-4246,2024-12-10,2025-01-02,,9443.0,7.0,103,Sales Booster,Software,Salesperson_3,Asia,Partner,Lost,False
O-101142,OPP-201142,C-4516,2024-01-03,,,,,101,CRM Pro,Software,Salesperson_2,Europe,,Lost,False
O-101143,OPP-201143,C-2169,2023-10-08,,,,5.0,102,Analytics Suite,Software,,Asia,Outbound,Lost,True
O-101144,OPP-201144,C-3024,2024-11-07,2024-11-30,2024-11-30,2482.0,2.0,201,POS Terminal,Hardware,Salesperson_7,Asia,Inbound,Lead,
,OPP-201145,C-2616,2024-08-18,2024-08-31,2024-08-31,,5.0,201,POS Terminal,Hardware,Salesperson_2,Europe,Inbound,Lead,
O-101146,OPP-201146,C-1675,2023-02-18,,,,13.0,201,POS Terminal,Hardware,Salesperson_6,North America,Inbound,Won,True
O-101147,OPP-201147,C-3772,2023-05-24,2023-05-31,2023-05-31,2526.0,3.0,201,POS Terminal,Hardware,Salesperson_9,Asia,Partner,Lost,
O-101148,OPP-201148,C-2491,2024-08-21,2024-08-31,2024-08-31,9510.0,10.0,103,Sales Booster,Software,Salesperson_4,Europe,Partner,Lost,True
O-101149,OPP-201149,C-1328,2024-06-16,,,7956.0,12.0,201,POS Terminal,Hardware,,Asia,Outbound,Won,True
O-101150,OPP-201150,C-3970,2024-03-05,2024-03-20,2024-03-20,,13.0,101,CRM Pro,Software,Salesperson_7,Asia,Outbound,Lost,True
O-101151,OPP-201151,C-3771,2024-07-25,2024-07-30,2024-07-30,,8.0,102,Analytics Suite,Software,Salesperson_4,Asia,Partner,Won,
O-101152,OPP-201152,C-4965,2023-12-02,2023-12-12,2023-12-12,9027.0,9.0,102,Analytics Suite,Software,Salesperson_4,North America,Outbound,Lead,False
O-101153,OPP-201153,C-3141,2024-03-06,2024-03-14,2024-03-14,582.0,2.0,201,POS Terminal,Hardware,,Europe,Inbound,Won,False
O-101154,OPP-201154,C-4818,2024-10-30,2024-11-20,2024-11-20,3684.0,3.0,102,Analytics Suite,Software,Salesperson_9,Europe,Inbound,Qualified,True
O-101155,OPP-201155,C-3637,2023-09-01,2023-09-11,2023-09-11,,2.0,101,CRM Pro,Software,Salesperson_9,Europe,Outbound,Won,True
O-101156,OPP-201156,C-1408,2024-07-24,2024-08-02,2024-08-02,,9.0,201,POS Terminal,Hardware,,Europe,Partner,Lead,True
O-101157,OPP-201157,C-4727,2023-03-22,,,16276.0,,103,Sales Booster,Software,Salesperson_7,North America,,Lost,
O-101158,OPP-201158,C-4830,2023-04-15,2023-05-03,2023-05-03,10361.0,13.0,102,Analytics Suite,Software,Salesperson_5,Europe,Partner,Lead,False
O-101159,OPP-201159,C-4790,2024-04-30,2024-05-22,2024-05-22,10090.0,10.0,102,Analytics Suite,Software,Salesperson_2,North America,Partner,Lost,False
O-101160,OPP-201160,C-2809,2023-09-17,2023-10-09,2023-10-09,1885.0,5.0,201,POS Terminal,Hardware,Salesperson_7,North America,Partner,Lead,True
O-101161,OPP-201161,C-2150,2024-02-12,2024-03-01,,,5.0,201,POS Terminal,Hardware,Salesperson_9,North America,Outbound,Lead,False
O-101162,OPP-201162,C-3336,2024-11-21,,,2944.0,4.0,103,Sales Booster,Software,Salesperson_9,Europe,Partner,Qualified,True
O-101163,OPP-201163,C-2409,2024-01-23,2024-02-02,2024-02-02,5152.0,4.0,101,CRM Pro,Software,Salesperson_4,North America,,Lead,True
O-101164,OPP-201164,C-2242,2024-03-11,2024-04-04,2024-04-04,13419.0,9.0,201,POS Terminal,Hardware,Salesperson_2,Asia,Partner,Lead,False
O-101165,OPP-201165,C-3622,2023-08-13,,,4760.0,14.0,101,CRM Pro,Software,Salesperson_6,Europe,Outbound,Qualified,True
O-101166,OPP-201166,C-4979,2024-12-24,2025-01-02,2025-01-02,2555.0,7.0,102,Analytics Suite,Software,Salesperson_6,Asia,Outbound,Lost,True
O-101167,OPP-201167,C-1732,2024-09-07,2024-10-01,2024-10-01,2292.0,12.0,102,Analytics Suite,Software,Salesperson_10,North America,,Qualified,False
O-101168,OPP-201168,C-2716,2023-12-27,2024-01-16,2024-01-16,752.0,2.0,101,CRM Pro,Software,Salesperson_7,Europe,Partner,Qualified,True
O-101169,OPP-201169,C-1426,2024-11-24,2024-12-12,2024-12-12,,2.0,101,CRM Pro,Software,Salesperson_3,Asia,Inbound,Qualified,False
O-101170,OPP-201170,C-3159,2023-08-18,2023-09-09,2023-09-09,4388.0,4.0,102,Analytics Suite,Software,Salesperson_4,Asia,Outbound,Lost,False
O-101171,OPP-201171,C-2796,2024-06-13,,,1124.0,2.0,201,POS Terminal,Hardware,Salesperson_6,Asia,Outbound,Lost,True
O-101172,OPP-201172,C-4260,2023-10-17,2023-10-22,2023-10-22,9315.0,15.0,103,Sales Booster,Software,Salesperson_4,Europe,Inbound,Lost,
O-101173,OPP-201173,C-2894,2023-01-20,2023-01-25,2023-01-25,,10.0,101,CRM Pro,Software,Salesperson_9,North America,,Lead,True
O-101174,OPP-201174,C-4155,2023-08-18,,,11256.0,14.0,201,POS Terminal,Hardware,Salesperson_6,Europe,Partner,Won,False
O-101175,OPP-201175,C-1573,2024-04-11,2024-04-18,2024-04-18,3135.0,15.0,201,POS Terminal,Hardware,Salesperson_9,North America,Partner,Lost,True
O-101176,OPP-201176,C-2841,2024-02-19,2024-02-25,2024-02-25,4740.0,12.0,102,Analytics Suite,Software,Salesperson_5,Asia,Inbound,Lost,False
O-101177,OPP-201177,C-3970,2023-07-12,2023-07-22,2023-07-22,7482.0,,102,Analytics Suite,Software,Salesperson_4,Asia,Inbound,Lead,True
O-101178,OPP-201178,C-4016,2023-12-14,2023-12-21,2023-12-21,10632.0,8.0,101,CRM Pro,Software,Salesperson_9,North America,Outbound,Lost,True
O-101179,OPP-201179,C-2419,2024-02-06,2024-02-16,2024-02-16,8115.0,15.0,103,Sales Booster,Software,Salesperson_7,Asia,Outbound,Lead,True
O-101180,OPP-201180,C-1497,2023-03-07,2023-03-20,2023-03-20,12826.0,11.0,103,Sales Booster,Software,Salesperson_2,North America,,Lead,True
O-101181,OPP-201181,C-4312,2023-09-04,,,7350.0,15.0,201,POS Terminal,Hardware,Salesperson_10,North America,,Lead,True
O-101182,OPP-201182,C-4774,2023-05-15,2023-06-03,2023-06-03,,3.0,102,Analytics Suite,Software,Salesperson_2,Asia,Partner,Won,False
O-101183,OPP-201183,C-3099,2024-01-03,2024-01-23,2024-01-23,3640.0,13.0,201,POS Terminal,Hardware,,Asia,Outbound,Won,True
O-101184,OPP-201184,C-1354,2024-04-13,2024-05-02,2024-05-02,654.0,3.0,102,Analytics Suite,Software,Salesperson_2,Asia,Partner,Lost,False
O-101185,OPP-201185,C-3006,2023-10-02,2023-10-21,2023-10-21,4062.0,3.0,101,CRM Pro,Software,,Europe,Inbound,Lead,True
O-101186,OPP-201186,C-2505,2024-12-11,2024-12-24,2024-12-24,,8.0,201,POS Terminal,Hardware,Salesperson_1,Asia,Inbound,Lost,False
O-101187,OPP-201187,C-3088,2023-01-16,2023-02-01,2023-02-01,,5.0,103,Sales Booster,Software,Salesperson_6,North America,Inbound,Lost,False
O-101188,OPP-201188,C-1781,2024-11-25,2024-12-02,2024-12-02,,11.0,101,CRM Pro,Software,Salesperson_3,Asia,Outbound,Qualified,True
O-101189,OPP-201189,C-2737,2024-09-01,2024-09-19,2024-09-19,6822.0,6.0,101,CRM Pro,Software,Salesperson_5,North America,,Lost,False
O-101190,OPP-201190,C-4443,2023-12-12,,,7644.0,13.0,102,Analytics Suite,Software,Salesperson_10,Europe,,Qualified,False
O-101191,OPP-201191,C-4493,2023-02-08,,,7085.0,5.0,101,CRM Pro,Software,,North America,Partner,Qualified,False
,OPP-201192,C-2677,2023-03-30,2023-04-19,,1765.0,,102,Analytics Suite,Software,Salesperson_5,North America,,Lost,False
,OPP-201193,C-1868,2024-04-13,2024-05-07,2024-05-07,,9.0,103,Sales Booster,Software,Salesperson_4,Asia,Inbound,Won,True
O-101194,OPP-201194,C-4894,2023-07-17,2023-08-11,2023-08-11,,,201,POS Terminal,Hardware,Salesperson_10,Asia,Outbound,Won,True
O-101195,OPP-201195,C-3475,2023-09-23,2023-10-18,2023-10-18,11640.0,15.0,103,Sales Booster,Software,Salesperson_1,Asia,Partner,Won,True
O-101196,OPP-201196,C-1941,2023-03-10,2023-03-25,2023-03-25,5088.0,12.0,103,Sales Booster,Software,Salesperson_10,Europe,Outbound,Lead,True
O-101197,OPP-201197,C-1534,2023-08-27,2023-09-01,2023-09-01,6445.0,5.0,101,CRM Pro,Software,Salesperson_4,North America,Outbound,Lost,False
,OPP-201198,C-2871,2023-02-06,,,,12.0,201,POS Terminal,Hardware,Salesperson_5,Europe,Outbound,Lost,False
O-101199,OPP-201199,C-2001,2024-07-23,2024-08-17,2024-08-17,8810.0,10.0,102,Analytics Suite,Software,Salesperson_3,Asia,Inbound,Lead,True
,OPP-201200,C-2692,2023-07-05,2023-07-24,2023-07-24,13574.0,11.0,201,POS Terminal,Hardware,Salesperson_4,North America,Outbound,Qualified,False
O-101201,OPP-201201,C-3380,2024-08-10,2024-08-30,,4500.0,5.0,103,Sales Booster,Software,Salesperson_3,North America,,Lead,False
O-101202,OPP-201202,C-2079,2023-05-11,2023-06-04,2023-06-04,14220.0,10.0,103,Sales Booster,Software,Salesperson_6,Europe,Outbound,Lost,False
O-101203,OPP-201203,C-1094,2023-08-02,2023-08-09,2023-08-09,8415.0,15.0,201,POS Terminal,Hardware,Salesperson_10,Europe,Outbound,Qualified,False
O-101204,OPP-201204,C-2986,2023-05-14,2023-05-21,2023-05-21,1698.0,6.0,101,CRM Pro,Software,Salesperson_6,Europe,Outbound,Lost,True
O-101205,OPP-201205,C-1316,2024-01-16,2024-02-09,2024-02-09,3572.0,4.0,102,Analytics Suite,Software,Salesperson_8,Asia,Partner,Won,False
O-101206,OPP-201206,C-3925,2024-07-10,2024-07-16,2024-07-16,,10.0,101,CRM Pro,Software,Salesperson_8,North America,Outbound,Lost,False
O-101207,OPP-201207,C-1103,2024-06-25,2024-07-03,2024-07-03,1330.0,5.0,103,Sales Booster,Software,,North America,Partner,Won,True
O-101208,OPP-201208,C-3553,2024-07-28,2024-08-07,2024-08-07,2826.0,2.0,201,POS Terminal,Hardware,Salesperson_8,Europe,Partner,Lead,True
O-101209,OPP-201209,C-3078,2023-04-24,,,2200.0,10.0,102,Analytics Suite,Software,,Asia,,Qualified,
O-101210,OPP-201210,C-2586,2024-02-21,2024-03-10,2024-03-10,15613.0,13.0,102,Analytics Suite,Software,Salesperson_1,North America,Partner,Won,False
O-101211,OPP-201211,C-2422,2023-10-15,2023-10-31,2023-10-31,3970.0,10.0,103,Sales Booster,Software,Salesperson_1,North America,Partner,Lost,True
,OPP-201212,C-4167,2023-12-29,2024-01-22,2024-01-22,12672.0,12.0,101,CRM Pro,Software,Salesperson_8,Asia,Outbound,Qualified,False
O-101213,OPP-201213,C-1054,2024-03-22,,,1493.0,,103,Sales Booster,Software,,North America,Partner,Won,False
O-101214,OPP-201214,C-4468,2023-02-22,,,10790.0,10.0,101,CRM Pro,Software,Salesperson_4,North America,Inbound,Lost,True
O-101215,OPP-201215,C-4941,2023-11-15,2023-12-01,2023-12-01,,14.0,201,POS Terminal,Hardware,,Asia,Partner,Won,True
,OPP-201216,C-2578,2023-07-30,,,,8.0,103,Sales Booster,Software,Salesperson_10,North America,Partner,Qualified,False
O-101217,OPP-201217,C-2855,2024-05-05,2024-05-13,2024-05-13,16796.0,13.0,201,POS Terminal,Hardware,Salesperson_9,Asia,Inbound,Qualified,False
O-101218,OPP-201218,C-4426,2023-08-06,2023-08-16,2023-08-16,590.0,2.0,103,Sales Booster,Software,Salesperson_1,Europe,Outbound,Qualified,True
O-101219,OPP-201219,C-3273,2023-01-23,2023-02-01,,534.0,3.0,102,Analytics Suite,Software,Salesperson_4,North America,Partner,Lost,True
O-101220,OPP-201220,C-3712,2023-09-13,2023-10-04,2023-10-04,,9.0,101,CRM Pro,Software,Salesperson_8,Asia,,Lead,
O-101221,OPP-201221,C-3402,2023-05-28,,,4475.0,5.0,201,POS Terminal,Hardware,Salesperson_2,North America,,Qualified,False
O-101222,OPP-201222,C-2407,2023-02-06,2023-02-20,2023-02-20,16520.0,14.0,103,Sales Booster,Software,Salesperson_6,Asia,Partner,Lost,True
O-101223,OPP-201223,C-4695,2023-01-14,,,5448.0,4.0,102,Analytics Suite,Software,,Europe,,Won,False
O-101224,OPP-201224,C-1780,2023-06-13,2023-06-19,2023-06-19,,13.0,102,Analytics Suite,Software,Salesperson_7,Europe,,Qualified,True
O-101225,OPP-201225,C-3807,2023-11-02,,,12909.0,13.0,201,POS Terminal,Hardware,Salesperson_2,North America,Inbound,Lead,
O-101226,OPP-201226,C-2898,2023-12-04,2023-12-17,2023-12-17,10332.0,9.0,103,Sales Booster,Software,Salesperson_5,Asia,Inbound,Qualified,False
O-101227,OPP-201227,C-2431,2023-12-25,2024-01-11,2024-01-11,1167.0,1.0,101,CRM Pro,Software,Salesperson_2,Europe,Outbound,Lost,True
O-101228,OPP-201228,C-4926,2023-07-06,,,7068.0,12.0,103,Sales Booster,Software,Salesperson_1,Europe,Partner,Qualified,True
O-101229,OPP-201229,C-2187,2023-12-25,,,899.0,,102,Analytics Suite,Software,Salesperson_2,Europe,,Lead,True
O-101230,OPP-201230,C-4289,2024-07-09,2024-08-02,2024-08-02,13176.0,9.0,101,CRM Pro,Software,Salesperson_10,Asia,Partner,Lost,False
O-101231,OPP-201231,C-3587,2023-06-09,2023-06-26,2023-06-26,6566.0,7.0,101,CRM Pro,Software,Salesperson_1,Asia,Inbound,Won,False
,OPP-201232,C-1839,2023-04-16,2023-05-10,2023-05-10,1514.0,2.0,102,Analytics Suite,Software,Salesperson_8,Europe,,Won,True
O-101233,OPP-201233,C-1066,2024-08-27,2024-09-11,2024-09-11,737.0,1.0,101,CRM Pro,Software,Salesperson_8,Asia,Outbound,Qualified,True
O-101234,OPP-201234,C-4385,2024-04-11,,,12780.0,12.0,102,Analytics Suite,Software,Salesperson_7,North America,Partner,Qualified,True
O-101235,OPP-201235,C-4074,2024-05-19,2024-05-30,2024-05-30,,2.0,101,CRM Pro,Software,Salesperson_1,North America,Partner,Lead,True
O-101236,OPP-201236,C-2795,2023-08-03,2023-08-13,2023-08-13,20846.0,14.0,101,CRM Pro,Software,Salesperson_1,Europe,Partner,Lost,False
O-101237,OPP-201237,C-3720,2024-04-26,2024-05-03,2024-05-03,8154.0,6.0,103,Sales Booster,Software,Salesperson_4,Europe,Partner,Lost,False
O-101238,OPP-201238,C-2484,2024-12-30,,,,1.0,102,Analytics Suite,Software,Salesperson_1,North America,Outbound,Won,True
O-101239,OPP-201239,C-2199,2023-07-17,,,,5.0,103,Sales Booster,Software,Salesperson_9,Europe,Inbound,Lead,False
O-101240,OPP-201240,C-1001,2024-01-22,2024-02-12,2024-02-12,7470.0,5.0,102,Analytics Suite,Software,,Europe,,Qualified,True
O-101241,OPP-201241,C-2034,2024-11-03,2024-11-25,2024-11-25,18676.0,14.0,101,CRM Pro,Software,,North America,Partner,Won,True
O-101242,OPP-201242,C-2867,2024-02-04,,,10373.0,11.0,102,Analytics Suite,Software,Salesperson_6,Europe,Inbound,Lead,False
O-101243,OPP-201243,C-2789,2024-09-02,,,,10.0,101,CRM Pro,Software,Salesperson_4,Europe,Inbound,Lead,False
O-101244,OPP-201244,C-4445,2024-03-14,2024-03-20,2024-03-20,,7.0,201,POS Terminal,Hardware,Salesperson_6,Asia,Inbound,Lead,False
O-101245,OPP-201245,C-1192,2024-07-20,2024-08-02,2024-08-02,2252.0,2.0,102,Analytics Suite,Software,Salesperson_4,North America,Inbound,Lost,False
O-101246,OPP-201246,C-2769,2023-01-24,2023-02-09,2023-02-09,,11.0,101,CRM Pro,Software,Salesperson_5,North America,Outbound,Lead,True
O-101247,OPP-201247,C-1232,2024-01-30,,,4185.0,15.0,103,Sales Booster,Software,Salesperson_7,Europe,Outbound,Qualified,
O-101248,OPP-201248,C-4371,2024-05-16,2024-05-23,2024-05-23,372.0,1.0,102,Analytics Suite,Software,Salesperson_6,Europe,Partner,Won,True
O-101249,OPP-201249,C-4630,2023-04-24,2023-05-01,2023-05-01,8052.0,6.0,201,POS Terminal,Hardware,Salesperson_2,Europe,Outbound,Won,True
,OPP-201250,C-3210,2023-06-21,,,,6.0,101,CRM Pro,Software,Salesperson_4,Asia,Inbound,Qualified,False
O-101251,OPP-201251,C-1261,2023-12-15,2024-01-09,2024-01-09,5952.0,8.0,201,POS Terminal,Hardware,Salesperson_8,North America,Partner,Lead,True
O-101252,OPP-201252,C-3309,2024-07-16,2024-07-21,2024-07-21,,15.0,102,Analytics Suite,Software,Salesperson_3,Asia,,Won,False
O-101253,OPP-201253,C-4184,2023-02-15,2023-03-08,2023-03-08,1525.0,5.0,103,Sales Booster,Software,Salesperson_8,Europe,,Lost,False
O-101254,OPP-201254,C-3535,2024-11-18,2024-11-26,2024-11-26,,,103,Sales Booster,Software,Salesperson_2,Asia,,Lost,True
O-101255,OPP-201255,C-2870,2023-05-13,2023-05-24,2023-05-24,2142.0,14.0,201,POS Terminal,Hardware,Salesperson_3,Asia,Partner,Qualified,True
O-101256,OPP-201256,C-2981,2024-09-16,,,14850.0,10.0,201,POS Terminal,Hardware,Salesperson_3,Asia,Partner,Lead,True
O-101257,OPP-201257,C-2351,2023-08-01,,,,,102,Analytics Suite,Software,,North America,Outbound,Lost,True
,OPP-201258,C-4564,2023-05-14,2023-06-01,2023-06-01,2676.0,3.0,102,Analytics Suite,Software,Salesperson_5,Europe,Inbound,Lead,False
O-101259,OPP-201259,C-4590,2024-01-03,,,16159.0,13.0,101,CRM Pro,Software,Salesperson_10,Europe,Partner,Lost,False
O-101260,OPP-201260,C-4759,2024-03-13,2024-03-20,,1876.0,7.0,102,Analytics Suite,Software,Salesperson_10,Europe,Partner,Lead,True
O-101261,OPP-201261,C-1520,2024-12-07,2024-12-25,2024-12-25,6198.0,6.0,101,CRM Pro,Software,Salesperson_9,Asia,Inbound,Qualified,
O-101262,OPP-201262,C-4392,2023-06-18,,,9999.0,,103,Sales Booster,Software,,Europe,Outbound,Lead,False
O-101263,OPP-201263,C-2554,2023-06-02,,,2986.0,2.0,101,CRM Pro,Software,Salesperson_3,Europe,Outbound,Lead,True
,OPP-201264,C-1089,2024-10-23,2024-11-02,2024-11-02,20190.0,,103,Sales Booster,Software,,Asia,Partner,Lost,False
O-101265,OPP-201265,C-2140,2024-05-21,2024-06-03,2024-06-03,,7.0,103,Sales Booster,Software,,Asia,Partner,Won,False
O-101266,OPP-201266,C-3263,2023-08-29,,,2989.0,7.0,103,Sales Booster,Software,Salesperson_4,North America,Inbound,Lead,True
O-101267,OPP-201267,C-1481,2024-01-18,2024-02-09,2024-02-09,3420.0,10.0,103,Sales Booster,Software,,Asia,Inbound,Lead,
O-101268,OPP-201268,C-3219,2023-03-18,,,4907.0,7.0,103,Sales Booster,Software,Salesperson_8,North America,Outbound,Lead,False
O-101269,OPP-201269,C-2250,2024-01-26,,,1932.0,3.0,102,Analytics Suite,Software,Salesperson_4,North America,Partner,Lead,False
O-101270,OPP-201270,C-3624,2023-11-12,,,5660.0,,102,Analytics Suite,Software,Salesperson_3,Asia,Inbound,Qualified,False
O-101271,OPP-201271,C-3484,2023-09-06,2023-09-30,2023-09-30,,,201,POS Terminal,Hardware,Salesperson_6,Europe,Inbound,Lost,False
O-101272,OPP-201272,C-3370,2024-03-01,2024-03-17,2024-03-17,365.0,1.0,102,Analytics Suite,Software,Salesperson_8,North America,,Lead,True
O-101273,OPP-201273,C-1831,2023-03-11,,,15631.0,11.0,201,POS Terminal,Hardware,Salesperson_8,Europe,Inbound,Won,False
O-101274,OPP-201274,C-3963,2024-11-11,2024-12-06,2024-12-06,4056.0,3.0,101,CRM Pro,Software,Salesperson_8,Asia,Partner,Lead,
O-101275,OPP-201275,C-4207,2024-12-31,2025-01-15,2025-01-15,5916.0,12.0,201,POS Terminal,Hardware,Salesperson_5,Asia,Inbound,Lost,True
O-101276,OPP-201276,C-3150,2024-10-07,2024-10-25,,9711.0,9.0,102,Analytics Suite,Software,Salesperson_6,North America,Outbound,Qualified,
O-101277,OPP-201277,C-3651,2024-12-23,2025-01-03,2025-01-03,5798.0,,101,CRM Pro,Software,Salesperson_5,Europe,,Qualified,True
O-101278,OPP-201278,C-4293,2024-12-27,2025-01-13,,12078.0,9.0,101,CRM Pro,Software,Salesperson_3,Europe,Inbound,Won,False
,OPP-201279,C-1933,2024-12-11,2024-12-22,2024-12-22,,14.0,201,POS Terminal,Hardware,Salesperson_5,North America,Partner,Lost,
O-101280,OPP-201280,C-2439,2023-12-17,,,15092.0,14.0,102,Analytics Suite,Software,,Europe,Outbound,Lead,False
O-101281,OPP-201281,C-3768,2023-10-12,,,12090.0,10.0,102,Analytics Suite,Software,Salesperson_1,Asia,Inbound,Won,False
O-101282,OPP-201282,C-4375,2024-02-26,,,4428.0,3.0,103,Sales Booster,Software,Salesperson_9,North America,Outbound,Lead,False
O-101283,OPP-201283,C-3748,2024-12-24,2025-01-10,2025-01-10,,7.0,201,POS Terminal,Hardware,Salesperson_3,Asia,Partner,Won,False
O-101284,OPP-201284,C-2914,2023-06-17,2023-06-27,2023-06-27,1736.0,7.0,201,POS Terminal,Hardware,Salesperson_4,Europe,Inbound,Lead,False
O-101285,OPP-201285,C-1355,2024-07-11,2024-07-23,2024-07-23,5044.0,13.0,102,Analytics Suite,Software,Salesperson_6,Europe,,Lead,True
O-101286,OPP-201286,C-3498,2023-08-29,2023-09-20,2023-09-20,10560.0,8.0,102,Analytics Suite,Software,Salesperson_1,North America,Outbound,Lead,False
,OPP-201287,C-3140,2023-06-28,2023-07-20,2023-07-20,6360.0,5.0,101,CRM Pro,Software,Salesperson_2,North America,Inbound,Lost,True
O-101288,OPP-201288,C-1326,2023-10-28,2023-11-03,,5076.0,12.0,102,Analytics Suite,Software,Salesperson_10,Europe,Outbound,Lost,False
,OPP-201289,C-2574,2024-12-11,,,5020.0,4.0,103,Sales Booster,Software,Salesperson_9,Europe,,Lead,False
O-101290,OPP-201290,C-4282,2023-01-04,2023-01-14,2023-01-14,982.0,2.0,101,CRM Pro,Software,Salesperson_2,Asia,Inbound,Lost,False
O-101291,OPP-201291,C-3540,2024-04-20,2024-05-12,,10284.0,12.0,103,Sales Booster,Software,Salesperson_6,North America,Partner,Lost,False
O-101292,OPP-201292,C-3124,2023-10-18,,,4080.0,5.0,102,Analytics Suite,Software,Salesperson_4,North America,Partner,Lead,True
O-101293,OPP-201293,C-3119,2023-03-03,2023-03-08,2023-03-08,3804.0,6.0,102,Analytics Suite,Software,Salesperson_9,Asia,Outbound,Won,True
O-101294,OPP-201294,C-2552,2023-02-17,2023-03-09,2023-03-09,3064.0,4.0,103,Sales Booster,Software,,Europe,,Won,
O-101295,OPP-201295,C-4907,2024-07-11,2024-08-05,2024-08-05,12857.0,13.0,103,Sales Booster,Software,Salesperson_8,Europe,,Qualified,True
O-101296,OPP-201296,C-1696,2023-07-11,2023-07-20,2023-07-20,1020.0,10.0,102,Analytics Suite,Software,Salesperson_8,North America,Outbound,Lead,True
O-101297,OPP-201297,C-1029,2024-05-05,2024-05-12,2024-05-12,15570.0,,103,Sales Booster,Software,Salesperson_2,Europe,Partner,Lead,True
O-101298,OPP-201298,C-4319,2023-02-13,2023-02-26,2023-02-26,4381.0,13.0,103,Sales Booster,Software,Salesperson_4,Europe,Inbound,Won,True
O-101299,OPP-201299,C-3181,2023-06-25,2023-07-04,2023-07-04,3030.0,10.0,103,Sales Booster,Software,Salesperson_4,North America,Partner,Lost,False
O-101300,OPP-201300,C-3408,2024-02-10,2024-02-25,2024-02-25,10539.0,9.0,103,Sales Booster,Software,Salesperson_4,Europe,Inbound,Won,False
,OPP-201301,C-1637,2023-09-12,2023-09-27,2023-09-27,2338.0,14.0,101,CRM Pro,Software,,Asia,Inbound,Qualified,True
O-101302,OPP-201302,C-1116,2024-01-13,2024-01-18,2024-01-18,728.0,1.0,201,POS Terminal,Hardware,Salesperson_9,Europe,Partner,Qualified,True
O-101303,OPP-201303,C-1255,2023-11-29,,,,,101,CRM Pro,Software,Salesperson_4,Asia,Outbound,Won,True
O-101304,OPP-201304,C-4403,2023-12-31,2024-01-21,2024-01-21,5180.0,5.0,102,Analytics Suite,Software,Salesperson_5,North America,Inbound,Qualified,
O-101305,OPP-201305,C-3886,2024-01-01,2024-01-15,2024-01-15,1335.0,1.0,102,Analytics Suite,Software,Salesperson_4,North America,Inbound,Lead,True
,OPP-201306,C-1083,2023-03-23,2023-04-15,2023-04-15,,4.0,201,POS Terminal,Hardware,Salesperson_9,Europe,Outbound,Lost,True
O-101307,OPP-201307,C-4680,2023-07-25,2023-08-01,2023-08-01,,2.0,102,Analytics Suite,Software,Salesperson_6,Asia,Outbound,Lost,True
O-101308,OPP-201308,C-1093,2023-07-11,2023-07-20,2023-07-20,16755.0,15.0,102,Analytics Suite,Software,Salesperson_2,Asia,Partner,Qualified,True
O-101309,OPP-201309,C-4181,2023-12-20,2024-01-06,2024-01-06,,8.0,101,CRM Pro,Software,Salesperson_10,Asia,Outbound,Won,False
O-101310,OPP-201310,C-4340,2023-09-26,2023-10-14,2023-10-14,7785.0,15.0,103,Sales Booster,Software,Salesperson_4,Europe,Partner,Lost,False
O-101311,OPP-201311,C-1828,2023-04-08,2023-04-17,2023-04-17,1833.0,13.0,201,POS Terminal,Hardware,Salesperson_2,Asia,Outbound,Lead,False
O-101312,OPP-201312,C-3757,2024-10-12,,,4158.0,7.0,103,Sales Booster,Software,Salesperson_7,North America,Outbound,Lost,True
O-101313,OPP-201313,C-1860,2023-03-29,2023-04-16,2023-04-16,3162.0,3.0,201,POS Terminal,Hardware,Salesperson_3,North America,,Won,True
O-101314,OPP-201314,C-1013,2023-07-28,2023-08-13,2023-08-13,13620.0,12.0,102,Analytics Suite,Software,Salesperson_1,Asia,Partner,Lost,False
O-101315,OPP-201315,C-4566,2024-02-19,2024-03-05,2024-03-05,1450.0,,103,Sales Booster,Software,Salesperson_8,North America,Inbound,Lead,True
O-101316,OPP-201316,C-1183,2023-12-29,2024-01-17,2024-01-17,1898.0,2.0,101,CRM Pro,Software,,Europe,Inbound,Qualified,True
O-101317,OPP-201317,C-1582,2024-11-11,,,7528.0,8.0,102,Analytics Suite,Software,Salesperson_9,Europe,Inbound,Won,False
O-101318,OPP-201318,C-2465,2023-05-17,,,14509.0,11.0,201,POS Terminal,Hardware,,Asia,Outbound,Won,True
O-101319,OPP-201319,C-2370,2023-08-23,2023-09-08,2023-09-08,,12.0,102,Analytics Suite,Software,,Europe,,Lead,False
O-101320,OPP-201320,C-4740,2024-05-14,,,11000.0,11.0,102,Analytics Suite,Software,Salesperson_1,Asia,Inbound,Qualified,True
O-101321,OPP-201321,C-2586,2024-05-08,2024-05-20,2024-05-20,,12.0,103,Sales Booster,Software,Salesperson_9,Asia,Inbound,Won,True
O-101322,OPP-201322,C-2749,2024-01-04,2024-01-09,2024-01-09,308.0,1.0,103,Sales Booster,Software,Salesperson_2,North America,Partner,Won,False
O-101323,OPP-201323,C-2840,2023-02-24,2023-03-19,2023-03-19,,2.0,101,CRM Pro,Software,Salesperson_5,North America,Partner,Won,True
O-101324,OPP-201324,C-2994,2024-01-07,2024-01-26,2024-01-26,14250.0,,102,Analytics Suite,Software,Salesperson_9,North America,Outbound,Won,True
O-101325,OPP-201325,C-2906,2023-04-01,,,7170.0,6.0,101,CRM Pro,Software,Salesperson_9,Europe,Outbound,Lead,False
O-101326,OPP-201326,C-4753,2024-04-06,2024-04-30,2024-04-30,3094.0,7.0,103,Sales Booster,Software,Salesperson_8,North America,Outbound,Qualified,
O-101327,OPP-201327,C-1344,2024-03-31,,,11810.0,10.0,102,Analytics Suite,Software,Salesperson_5,North America,Outbound,Lost,False
O-101328,OPP-201328,C-2354,2023-09-12,2023-10-04,2023-10-04,4910.0,,201,POS Terminal,Hardware,Salesperson_9,Asia,,Lost,True
O-101329,OPP-201329,C-4395,2023-09-24,,,1224.0,1.0,102,Analytics Suite,Software,Salesperson_7,Asia,,Lost,True
O-101330,OPP-201330,C-2953,2024-08-18,2024-08-26,,2020.0,5.0,201,POS Terminal,Hardware,Salesperson_6,North America,Inbound,Won,
O-101331,OPP-201331,C-2846,2023-03-06,2023-03-14,2023-03-14,2912.0,13.0,201,POS Terminal,Hardware,Salesperson_6,Europe,Outbound,Lead,True
O-101332,OPP-201332,C-1495,2023-01-10,,,9893.0,13.0,201,POS Terminal,Hardware,Salesperson_1,North America,,Lost,True
O-101333,OPP-201333,C-4443,2023-11-13,,,9783.0,9.0,201,POS Terminal,Hardware,Salesperson_3,Asia,Partner,Lost,False
O-101334,OPP-201334,C-2265,2023-08-27,2023-09-09,2023-09-09,4806.0,6.0,102,Analytics Suite,Software,Salesperson_1,North America,Inbound,Lead,False
O-101335,OPP-201335,C-4331,2023-08-22,2023-09-14,2023-09-14,1990.0,5.0,101,CRM Pro,Software,Salesperson_10,Asia,,Qualified,False
O-101336,OPP-201336,C-3826,2024-11-24,2024-12-01,2024-12-01,9464.0,14.0,103,Sales Booster,Software,Salesperson_8,Europe,Inbound,Qualified,
O-101337,OPP-201337,C-1365,2024-09-19,2024-10-04,2024-10-04,2630.0,,201,POS Terminal,Hardware,Salesperson_10,Europe,Inbound,Lead,True
O-101338,OPP-201338,C-3222,2024-08-01,2024-08-25,2024-08-25,393.0,1.0,103,Sales Booster,Software,,Europe,Partner,Won,True
O-101339,OPP-201339,C-2358,2023-05-26,2023-06-19,2023-06-19,954.0,6.0,101,CRM Pro,Software,Salesperson_7,Asia,Partner,Qualified,False
O-101340,OPP-201340,C-3105,2023-10-12,2023-10-23,2023-10-23,9536.0,8.0,101,CRM Pro,Software,Salesperson_5,Europe,Inbound,Qualified,False
O-101341,OPP-201341,C-3906,2024-12-19,2024-12-27,2024-12-27,2610.0,3.0,101,CRM Pro,Software,Salesperson_10,Europe,,Lost,
O-101342,OPP-201342,C-2489,2023-05-28,,,,13.0,101,CRM Pro,Software,Salesperson_8,Europe,,Lost,True
O-101343,OPP-201343,C-1344,2024-01-03,,,6972.0,12.0,103,Sales Booster,Software,Salesperson_4,Europe,Outbound,Lead,True
O-101344,OPP-201344,C-1601,2023-07-29,2023-08-05,2023-08-05,14355.0,11.0,201,POS Terminal,Hardware,Salesperson_5,North America,Inbound,Qualified,True
O-101345,OPP-201345,C-4518,2024-08-02,,,,7.0,103,Sales Booster,Software,Salesperson_10,North America,Inbound,Lead,True
O-101346,OPP-201346,C-1820,2024-06-02,2024-06-08,2024-06-08,11088.0,,201,POS Terminal,Hardware,Salesperson_6,Europe,Outbound,Qualified,False
O-101347,OPP-201347,C-2375,2023-01-29,2023-02-19,2023-02-19,8470.0,10.0,201,POS Terminal,Hardware,Salesperson_8,Europe,Outbound,Lost,False
O-101348,OPP-201348,C-2625,2023-01-14,,,10065.0,15.0,101,CRM Pro,Software,Salesperson_1,North America,Partner,Lost,False
O-101349,OPP-201349,C-3526,2023-11-18,,,14076.0,12.0,102,Analytics Suite,Software,Salesperson_7,Asia,Outbound,Lost,True
O-101350,OPP-201350,C-2989,2023-10-01,,,11592.0,14.0,101,CRM Pro,Software,,Europe,Inbound,Lead,False
O-101351,OPP-201351,C-3246,2023-05-10,2023-05-21,2023-05-21,2352.0,7.0,103,Sales Booster,Software,Salesperson_2,North America,Outbound,Lost,False
O-101352,OPP-201352,C-2722,2024-11-26,2024-12-15,2024-12-15,9009.0,11.0,102,Analytics Suite,Software,,Asia,Partner,Lead,False
O-101353,OPP-201353,C-1022,2024-04-20,,,,7.0,201,POS Terminal,Hardware,Salesperson_8,North America,Outbound,Won,False
O-101354,OPP-201354,C-3241,2023-10-07,2023-10-17,,,8.0,101,CRM Pro,Software,Salesperson_9,Europe,Partner,Lost,True
O-101355,OPP-201355,C-1154,2024-09-15,2024-10-03,2024-10-03,18746.0,13.0,102,Analytics Suite,Software,Salesperson_4,North America,Outbound,Lead,False
O-101356,OPP-201356,C-1536,2023-02-06,2023-02-15,2023-02-15,4158.0,3.0,101,CRM Pro,Software,Salesperson_5,Europe,Outbound,Won,True
O-101357,OPP-201357,C-3998,2024-07-20,2024-08-10,,,15.0,103,Sales Booster,Software,Salesperson_10,North America,,Won,True
O-101358,OPP-201358,C-4777,2023-03-03,,,,4.0,101,CRM Pro,Software,Salesperson_8,North America,Inbound,Won,False
O-101359,OPP-201359,C-2327,2024-02-04,2024-02-17,2024-02-17,,,102,Analytics Suite,Software,Salesperson_10,Europe,Inbound,Won,False
O-101360,OPP-201360,C-4801,2024-11-13,2024-11-19,2024-11-19,14751.0,11.0,103,Sales Booster,Software,Salesperson_8,Europe,,Won,False
O-101361,OPP-201361,C-3794,2023-08-05,2023-08-18,2023-08-18,2664.0,9.0,103,Sales Booster,Software,Salesperson_6,North America,,Lost,True
O-101362,OPP-201362,C-3461,2024-10-14,2024-11-06,,11494.0,14.0,102,Analytics Suite,Software,Salesperson_2,Europe,,Won,True
O-101363,OPP-201363,C-2934,2024-10-28,2024-11-18,2024-11-18,8680.0,10.0,103,Sales Booster,Software,,Asia,,Lead,False
O-101364,OPP-201364,C-4403,2023-05-02,2023-05-25,2023-05-25,10241.0,11.0,102,Analytics Suite,Software,Salesperson_2,Europe,Inbound,Qualified,False
O-101365,OPP-201365,C-4037,2023-04-18,2023-05-04,2023-05-04,1589.0,7.0,101,CRM Pro,Software,Salesperson_4,Asia,,Lead,False
O-101366,OPP-201366,C-3856,2024-08-09,2024-08-27,2024-08-27,2236.0,,102,Analytics Suite,Software,,Asia,,Won,True
,OPP-201367,C-2636,2024-04-17,,,14780.0,10.0,201,POS Terminal,Hardware,Salesperson_3,Europe,Outbound,Qualified,False
O-101368,OPP-201368,C-1495,2023-08-10,2023-08-26,2023-08-26,12393.0,9.0,101,CRM Pro,Software,Salesperson_2,Asia,Outbound,Lead,False
O-101369,OPP-201369,C-3763,2023-10-20,2023-11-08,2023-11-08,682.0,2.0,102,Analytics Suite,Software,Salesperson_4,Europe,Inbound,Qualified,True
O-101370,OPP-201370,C-4069,2023-12-17,,,,1.0,101,CRM Pro,Software,Salesperson_10,Europe,Partner,Lost,False
O-101371,OPP-201371,C-1193,2023-11-30,2023-12-24,,9926.0,14.0,201,POS Terminal,Hardware,Salesperson_4,Europe,,Lost,True
O-101372,OPP-201372,C-3154,2024-04-27,,,2849.0,11.0,101,CRM Pro,Software,Salesperson_4,Asia,Partner,Lead,True
O-101373,OPP-201373,C-1564,2024-04-29,,,,9.0,201,POS Terminal,Hardware,Salesperson_7,Asia,,Lead,False
,OPP-201374,C-1676,2024-11-19,2024-11-24,2024-11-24,7056.0,7.0,201,POS Terminal,Hardware,Salesperson_7,Europe,Partner,Won,True
O-101375,OPP-201375,C-4846,2024-10-10,2024-10-29,2024-10-29,4340.0,4.0,101,CRM Pro,Software,Salesperson_1,Asia,Inbound,Lost,True
O-101376,OPP-201376,C-4784,2024-05-29,2024-06-11,2024-06-11,2196.0,6.0,103,Sales Booster,Software,Salesperson_2,Europe,Outbound,Qualified,False
O-101377,OPP-201377,C-3046,2024-06-28,2024-07-21,2024-07-21,2256.0,12.0,102,Analytics Suite,Software,Salesperson_2,Europe,Partner,Qualified,True
O-101378,OPP-201378,C-3525,2023-06-04,2023-06-17,2023-06-17,,14.0,102,Analytics Suite,Software,,Asia,Outbound,Lost,True
O-101379,OPP-201379,C-4871,2024-03-24,2024-04-07,2024-04-07,144.0,1.0,201,POS Terminal,Hardware,Salesperson_3,North America,Outbound,Lead,False
O-101380,OPP-201380,C-1711,2023-03-10,2023-03-27,2023-03-27,16248.0,12.0,101,CRM Pro,Software,Salesperson_1,Asia,,Won,False
O-101381,OPP-201381,C-2801,2023-07-05,2023-07-23,2023-07-23,3192.0,4.0,101,CRM Pro,Software,Salesperson_1,Europe,Inbound,Qualified,False
O-101382,OPP-201382,C-1519,2024-09-03,,,,5.0,101,CRM Pro,Software,Salesperson_2,Europe,Outbound,Qualified,False
O-101383,OPP-201383,C-4189,2024-05-10,2024-05-26,2024-05-26,2766.0,3.0,102,Analytics Suite,Software,Salesperson_5,Asia,Partner,Qualified,True
O-101384,OPP-201384,C-3309,2023-03-12,2023-03-20,2023-03-20,9178.0,13.0,102,Analytics Suite,Software,Salesperson_9,North America,Outbound,Lost,
,OPP-201385,C-4109,2024-12-04,2024-12-19,2024-12-19,870.0,5.0,102,Analytics Suite,Software,Salesperson_4,Asia,,Lost,False
O-101386,OPP-201386,C-2123,2023-12-11,2023-12-27,2023-12-27,3450.0,5.0,101,CRM Pro,Software,Salesperson_3,Europe,Inbound,Lost,False
O-101387,OPP-201387,C-3710,2024-01-28,2024-02-06,2024-02-06,2132.0,4.0,101,CRM Pro,Software,Salesperson_5,Europe,Inbound,Qualified,False
O-101388,OPP-201388,C-4555,2023-04-18,2023-05-10,2023-05-10,15054.0,13.0,102,Analytics Suite,Software,Salesperson_8,Asia,Outbound,Lost,True
O-101389,OPP-201389,C-3152,2024-11-12,,,,11.0,103,Sales Booster,Software,Salesperson_9,Asia,,Lead,False
O-101390,OPP-201390,C-2241,2024-11-22,2024-12-11,2024-12-11,2041.0,13.0,102,Analytics Suite,Software,Salesperson_4,Europe,Partner,Lost,
O-101391,OPP-201391,C-3626,2024-12-16,2024-12-27,2024-12-27,,,201,POS Terminal,Hardware,Salesperson_4,Europe,Inbound,Won,True
O-101392,OPP-201392,C-1126,2023-02-24,2023-03-04,,9515.0,11.0,103,Sales Booster,Software,Salesperson_10,Asia,Partner,Lost,
O-101393,OPP-201393,C-1450,2023-10-11,2023-10-23,2023-10-23,19334.0,14.0,103,Sales Booster,Software,Salesperson_3,Asia,Partner,Lead,True
O-101394,OPP-201394,C-4023,2023-06-02,,,5660.0,10.0,101,CRM Pro,Software,,North America,,Lost,True
O-101395,OPP-201395,C-3393,2023-12-22,,,,3.0,101,CRM Pro,Software,Salesperson_4,Asia,,Lost,False
O-101396,OPP-201396,C-3502,2024-07-09,2024-07-22,2024-07-22,10900.0,10.0,102,Analytics Suite,Software,Salesperson_8,Europe,,Lost,
O-101397,OPP-201397,C-3169,2023-01-05,2023-01-25,2023-01-25,6800.0,8.0,101,CRM Pro,Software,,Europe,Inbound,Lost,True
O-101398,OPP-201398,C-2302,2024-12-09,2024-12-31,2024-12-31,1750.0,14.0,101,CRM Pro,Software,Salesperson_2,North America,Partner,Lead,True
O-101399,OPP-201399,C-3568,2023-01-18,,,,4.0,103,Sales Booster,Software,Salesperson_10,Europe,Partner,Won,False
O-101400,OPP-201400,C-2114,2023-09-13,2023-09-30,2023-09-30,4038.0,3.0,201,POS Terminal,Hardware,Salesperson_1,Europe,Partner,Qualified,True
O-101401,OPP-201401,C-4213,2024-09-25,2024-10-01,2024-10-01,14531.0,11.0,101,CRM Pro,Software,Salesperson_6,Asia,Partner,Lost,True
O-101402,OPP-201402,C-2603,2023-10-19,,,7744.0,8.0,201,POS Terminal,Hardware,Salesperson_10,Asia,,Qualified,True
O-101403,OPP-201403,C-2133,2023-06-30,,,12750.0,10.0,101,CRM Pro,Software,Salesperson_9,North America,,Won,True
O-101404,OPP-201404,C-3506,2024-02-13,2024-03-02,2024-03-02,,3.0,101,CRM Pro,Software,Salesperson_7,Europe,Partner,Lead,True
O-101405,OPP-201405,C-1826,2024-01-11,2024-01-30,2024-01-30,622.0,2.0,102,Analytics Suite,Software,Salesperson_9,Europe,Outbound,Qualified,True
O-101406,OPP-201406,C-3231,2023-01-29,2023-02-20,2023-02-20,9893.0,13.0,101,CRM Pro,Software,Salesperson_3,North America,Outbound,Lead,True
,OPP-201407,C-2078,2023-04-18,2023-04-24,2023-04-24,948.0,2.0,201,POS Terminal,Hardware,Salesperson_5,North America,,Lead,True
O-101408,OPP-201408,C-3213,2024-12-03,,,13690.0,10.0,101,CRM Pro,Software,Salesperson_1,North America,,Won,False
O-101409,OPP-201409,C-4039,2024-01-23,2024-02-17,2024-02-17,2760.0,10.0,102,Analytics Suite,Software,Salesperson_7,Europe,Outbound,Lost,False
,OPP-201410,C-4156,2024-03-24,2024-04-07,2024-04-07,11264.0,11.0,201,POS Terminal,Hardware,Salesperson_8,Europe,Inbound,Lead,True
O-101411,OPP-201411,C-3486,2024-09-17,,,14313.0,13.0,201,POS Terminal,Hardware,Salesperson_5,Europe,Inbound,Qualified,True
O-101412,OPP-201412,C-3768,2023-09-22,2023-10-09,2023-10-09,17528.0,14.0,101,CRM Pro,Software,Salesperson_5,Europe,,Lead,True
O-101413,OPP-201413,C-3691,2024-02-02,2024-02-15,2024-02-15,,4.0,101,CRM Pro,Software,Salesperson_10,Asia,Outbound,Lead,False
O-101414,OPP-201414,C-3605,2023-12-21,2023-12-31,2023-12-31,1821.0,3.0,102,Analytics Suite,Software,Salesperson_9,Asia,Partner,Qualified,False
O-101415,OPP-201415,C-3681,2024-04-24,2024-05-19,2024-05-19,2796.0,12.0,101,CRM Pro,Software,,Asia,Partner,Lead,True
O-101416,OPP-201416,C-3297,2023-02-01,,,3000.0,12.0,103,Sales Booster,Software,Salesperson_2,Asia,,Lost,
O-101417,OPP-201417,C-3743,2023-11-18,2023-12-03,2023-12-03,,15.0,103,Sales Booster,Software,Salesperson_9,Asia,Outbound,Lead,True
O-101418,OPP-201418,C-1579,2024-08-29,2024-09-19,2024-09-19,9456.0,12.0,201,POS Terminal,Hardware,,North America,,Lead,True
O-101419,OPP-201419,C-4616,2024-03-25,2024-04-13,,273.0,1.0,103,Sales Booster,Software,,Asia,Partner,Lost,False
O-101420,OPP-201420,C-4263,2023-11-19,2023-12-11,2023-12-11,135.0,,101,CRM Pro,Software,,Europe,Inbound,Won,False
O-101421,OPP-201421,C-3339,2024-09-02,2024-09-14,2024-09-14,15636.0,12.0,201,POS Terminal,Hardware,Salesperson_8,Europe,Partner,Qualified,True
O-101422,OPP-201422,C-2594,2024-06-12,,,7362.0,9.0,103,Sales Booster,Software,Salesperson_7,Europe,Inbound,Qualified,True
O-101423,OPP-201423,C-2277,2024-08-18,,,937.0,1.0,102,Analytics Suite,Software,Salesperson_10,North America,Inbound,Qualified,True
O-101424,OPP-201424,C-4081,2024-12-09,,,6885.0,5.0,201,POS Terminal,Hardware,Salesperson_6,Asia,Outbound,Lost,False
O-101425,OPP-201425,C-4765,2023-01-20,2023-02-13,2023-02-13,7852.0,13.0,103,Sales Booster,Software,Salesperson_3,Asia,Inbound,Won,False
O-101426,OPP-201426,C-1652,2023-12-11,2023-12-28,2023-12-28,1050.0,3.0,101,CRM Pro,Software,Salesperson_4,Europe,Outbound,Lost,True
O-101427,OPP-201427,C-1997,2023-08-15,2023-09-05,2023-09-05,,14.0,102,Analytics Suite,Software,Salesperson_8,North America,Partner,Qualified,False
O-101428,OPP-201428,C-2782,2024-02-07,2024-02-12,2024-02-12,2884.0,4.0,101,CRM Pro,Software,Salesperson_1,North America,Partner,Lead,True
O-101429,OPP-201429,C-3503,2023-02-28,2023-03-25,2023-03-25,7791.0,7.0,103,Sales Booster,Software,Salesperson_2,Asia,Outbound,Qualified,False
O-101430,OPP-201430,C-4894,2023-12-27,2024-01-20,2024-01-20,,10.0,103,Sales Booster,Software,Salesperson_6,North America,Inbound,Won,True
O-101431,OPP-201431,C-4853,2024-07-29,2024-08-07,,1948.0,2.0,101,CRM Pro,Software,,Asia,Outbound,Won,False
O-101432,OPP-201432,C-4316,2024-10-18,,,13740.0,15.0,102,Analytics Suite,Software,Salesperson_8,Europe,Partner,Lead,False
O-101433,OPP-201433,C-1974,2024-07-28,2024-08-22,2024-08-22,13080.0,10.0,101,CRM Pro,Software,Salesperson_6,North America,,Lost,False
O-101434,OPP-201434,C-3402,2024-04-18,2024-04-23,,2572.0,4.0,102,Analytics Suite,Software,Salesperson_5,North America,Partner,Qualified,True
O-101435,OPP-201435,C-3686,2024-06-07,2024-06-18,,,15.0,101,CRM Pro,Software,Salesperson_4,Asia,Outbound,Won,True
O-101436,OPP-201436,C-4784,2023-06-04,2023-06-16,2023-06-16,3372.0,12.0,201,POS Terminal,Hardware,Salesperson_2,Europe,Inbound,Lost,True
O-101437,OPP-201437,C-4472,2023-06-14,2023-07-01,2023-07-01,8918.0,13.0,101,CRM Pro,Software,Salesperson_4,Asia,Outbound,Qualified,False
O-101438,OPP-201438,C-2625,2024-06-28,2024-07-10,2024-07-10,11470.0,10.0,101,CRM Pro,Software,Salesperson_8,Europe,Inbound,Lead,False
O-101439,OPP-201439,C-2146,2024-08-01,2024-08-12,2024-08-12,598.0,2.0,102,Analytics Suite,Software,Salesperson_6,North America,Partner,Qualified,False
O-101440,OPP-201440,C-4069,2023-09-28,2023-10-18,2023-10-18,2990.0,2.0,102,Analytics Suite,Software,Salesperson_1,Europe,Outbound,Lead,True
O-101441,OPP-201441,C-4497,2023-05-09,2023-05-25,2023-05-25,3270.0,6.0,201,POS Terminal,Hardware,Salesperson_10,Europe,Partner,Qualified,False
O-101442,OPP-201442,C-2031,2024-05-05,2024-05-16,2024-05-16,854.0,1.0,103,Sales Booster,Software,Salesperson_1,North America,Outbound,Lost,True
O-101443,OPP-201443,C-1457,2024-07-07,2024-07-23,2024-07-23,6968.0,,103,Sales Booster,Software,Salesperson_5,Europe,Partner,Won,
O-101444,OPP-201444,C-3290,2023-05-11,2023-05-23,2023-05-23,272.0,1.0,102,Analytics Suite,Software,,Asia,Partner,Won,False
O-101445,OPP-201445,C-2790,2024-01-12,2024-02-05,2024-02-05,5850.0,9.0,102,Analytics Suite,Software,Salesperson_8,Asia,,Won,False
O-101446,OPP-201446,C-2360,2024-10-23,2024-11-11,2024-11-11,4730.0,10.0,201,POS Terminal,Hardware,Salesperson_3,Europe,Partner,Lost,False
O-101447,OPP-201447,C-3097,2023-10-10,2023-10-15,2023-10-15,8595.0,15.0,101,CRM Pro,Software,,Asia,Outbound,Lead,True
O-101448,OPP-201448,C-2351,2024-06-06,,,10373.0,11.0,201,POS Terminal,Hardware,Salesperson_5,Asia,Outbound,Won,True
O-101449,OPP-201449,C-1131,2023-12-09,2023-12-17,2023-12-17,3070.0,10.0,103,Sales Booster,Software,Salesperson_3,Asia,Partner,Lead,False
O-101450,OPP-201450,C-1527,2023-12-06,,,1540.0,11.0,201,POS Terminal,Hardware,Salesperson_5,Europe,Partner,Lost,False
O-101451,OPP-201451,C-3311,2024-09-02,,,,15.0,201,POS Terminal,Hardware,,Asia,Outbound,Lead,False
O-101452,OPP-201452,C-2444,2024-09-14,2024-10-06,2024-10-06,4972.0,11.0,102,Analytics Suite,Software,,North America,Partner,Won,False
O-101453,OPP-201453,C-4691,2023-06-16,2023-07-11,2023-07-11,6282.0,9.0,101,CRM Pro,Software,Salesperson_4,Europe,Partner,Won,True
O-101454,OPP-201454,C-4668,2023-05-05,2023-05-13,,13680.0,12.0,102,Analytics Suite,Software,,Europe,Outbound,Won,False
O-101455,OPP-201455,C-1430,2024-02-12,,,,,101,CRM Pro,Software,Salesperson_8,North America,Partner,Lead,False
O-101456,OPP-201456,C-3293,2023-12-23,2024-01-11,2024-01-11,4724.0,4.0,102,Analytics Suite,Software,Salesperson_5,Europe,Partner,Won,True
O-101457,OPP-201457,C-1989,2024-09-23,,,850.0,2.0,102,Analytics Suite,Software,,Europe,,Lead,True
O-101458,OPP-201458,C-3638,2024-06-18,2024-06-27,2024-06-27,4976.0,8.0,101,CRM Pro,Software,Salesperson_4,Asia,Inbound,Lost,True
O-101459,OPP-201459,C-1996,2023-12-07,2023-12-23,2023-12-23,4249.0,7.0,201,POS Terminal,Hardware,Salesperson_1,North America,Inbound,Qualified,False
O-101460,OPP-201460,C-3972,2024-01-04,2024-01-25,2024-01-25,3968.0,4.0,103,Sales Booster,Software,Salesperson_2,Asia,Partner,Lead,True
O-101461,OPP-201461,C-1003,2024-07-05,2024-07-26,2024-07-26,15176.0,,101,CRM Pro,Software,Salesperson_9,North America,Inbound,Lost,False
O-101462,OPP-201462,C-2102,2023-09-23,2023-10-16,2023-10-16,,11.0,102,Analytics Suite,Software,Salesperson_9,Europe,Partner,Qualified,False
O-101463,OPP-201463,C-2535,2024-06-11,,,13580.0,14.0,101,CRM Pro,Software,Salesperson_7,Asia,Inbound,Qualified,False
O-101464,OPP-201464,C-1500,2024-06-02,2024-06-15,2024-06-15,,8.0,103,Sales Booster,Software,Salesperson_5,Europe,Partner,Lost,False
O-101465,OPP-201465,C-3814,2024-11-28,2024-12-10,2024-12-10,8560.0,8.0,201,POS Terminal,Hardware,Salesperson_8,Asia,,Qualified,False
O-101466,OPP-201466,C-2012,2024-03-28,2024-04-04,2024-04-04,13068.0,11.0,201,POS Terminal,Hardware,Salesperson_1,Europe,Outbound,Lost,
O-101467,OPP-201467,C-1141,2024-12-28,2025-01-14,2025-01-14,,3.0,103,Sales Booster,Software,,North America,Partner,Won,True
O-101468,OPP-201468,C-4613,2023-03-14,2023-03-24,2023-03-24,642.0,,101,CRM Pro,Software,Salesperson_1,North America,Inbound,Lost,True
O-101469,OPP-201469,C-1473,2023-11-14,2023-11-23,2023-11-23,12990.0,15.0,101,CRM Pro,Software,Salesperson_10,North America,Outbound,Qualified,True
O-101470,OPP-201470,C-2882,2023-04-27,2023-05-05,2023-05-05,6130.0,10.0,101,CRM Pro,Software,Salesperson_1,Asia,Inbound,Qualified,False
O-101471,OPP-201471,C-3594,2023-06-01,2023-06-18,2023-06-18,2844.0,9.0,103,Sales Booster,Software,,Asia,,Qualified,False
O-101472,OPP-201472,C-3591,2023-12-20,2023-12-28,2023-12-28,22275.0,15.0,102,Analytics Suite,Software,Salesperson_6,Europe,,Lost,False
O-101473,OPP-201473,C-1060,2024-05-02,,,3153.0,3.0,102,Analytics Suite,Software,Salesperson_3,Asia,Partner,Lead,False
O-101474,OPP-201474,C-1515,2023-03-05,2023-03-12,2023-03-12,,5.0,101,CRM Pro,Software,Salesperson_6,Europe,Inbound,Lost,True
O-101475,OPP-201475,C-3753,2024-02-18,,,,8.0,102,Analytics Suite,Software,Salesperson_3,Europe,Outbound,Lead,True
O-101476,OPP-201476,C-4528,2024-08-09,2024-08-19,2024-08-19,8988.0,7.0,103,Sales Booster,Software,,Asia,Partner,Lead,True
O-101477,OPP-201477,C-1415,2024-03-04,2024-03-09,2024-03-09,2750.0,2.0,102,Analytics Suite,Software,,Asia,Outbound,Lost,True
O-101478,OPP-201478,C-1286,2024-12-24,2025-01-03,2025-01-03,10460.0,10.0,102,Analytics Suite,Software,Salesperson_2,Asia,Partner,Lost,False
O-101479,OPP-201479,C-3353,2023-09-14,2023-09-26,2023-09-26,2336.0,2.0,103,Sales Booster,Software,Salesperson_2,Asia,Partner,Lead,False
O-101480,OPP-201480,C-4380,2023-11-25,2023-12-07,2023-12-07,2364.0,3.0,101,CRM Pro,Software,Salesperson_8,Europe,,Qualified,False
O-101481,OPP-201481,C-1698,2023-05-12,2023-05-27,2023-05-27,2136.0,,103,Sales Booster,Software,Salesperson_4,Asia,,Qualified,False
O-101482,OPP-201482,C-2746,2024-07-02,2024-07-09,2024-07-09,5544.0,,201,POS Terminal,Hardware,,Asia,Partner,Won,False
O-101483,OPP-201483,C-4782,2023-08-25,2023-09-06,2023-09-06,,4.0,103,Sales Booster,Software,Salesperson_4,Europe,Outbound,Lead,True
O-101484,OPP-201484,C-2430,2024-11-16,,,2433.0,3.0,102,Analytics Suite,Software,Salesperson_9,Europe,Inbound,Lead,False
O-101485,OPP-201485,C-4904,2024-01-29,2024-02-21,2024-02-21,,5.0,101,CRM Pro,Software,,Europe,Partner,Lead,True
,OPP-201486,C-1266,2023-12-11,2023-12-24,2023-12-24,14172.0,12.0,101,CRM Pro,Software,Salesperson_10,North America,Inbound,Won,True
O-101487,OPP-201487,C-2305,2024-02-11,,,14313.0,13.0,103,Sales Booster,Software,Salesperson_4,Asia,Partner,Qualified,False
O-101488,OPP-201488,C-4166,2023-03-30,,,3042.0,13.0,102,Analytics Suite,Software,Salesperson_9,Europe,Partner,Won,True
O-101489,OPP-201489,C-1266,2024-12-01,2024-12-08,2024-12-08,19410.0,15.0,201,POS Terminal,Hardware,Salesperson_1,North America,,Lost,False
O-101490,OPP-201490,C-3611,2024-07-23,,,3240.0,5.0,103,Sales Booster,Software,Salesperson_7,Asia,Inbound,Lead,
O-101491,OPP-201491,C-1073,2023-03-14,2023-03-30,2023-03-30,6114.0,6.0,101,CRM Pro,Software,,Asia,Partner,Won,True
O-101492,OPP-201492,C-4174,2023-03-16,,,4501.0,7.0,102,Analytics Suite,Software,Salesperson_10,Asia,Partner,Lead,True
O-101493,OPP-201493,C-4435,2024-08-06,2024-08-30,2024-08-30,1774.0,2.0,201,POS Terminal,Hardware,,Asia,Partner,Lost,False
,OPP-201494,C-3579,2023-03-23,2023-04-09,2023-04-09,1954.0,,102,Analytics Suite,Software,Salesperson_5,Asia,,Qualified,True
O-101495,OPP-201495,C-4837,2024-06-04,2024-06-19,2024-06-19,7836.0,12.0,102,Analytics Suite,Software,,North America,Partner,Lost,False
O-101496,OPP-201496,C-4803,2023-03-27,2023-04-09,2023-04-09,1662.0,2.0,103,Sales Booster,Software,Salesperson_4,Europe,Outbound,Qualified,False
O-101497,OPP-201497,C-3796,2023-12-26,2024-01-18,2024-01-18,14688.0,12.0,201,POS Terminal,Hardware,Salesperson_7,North America,,Lead,True
O-101498,OPP-201498,C-1777,2024-04-17,2024-05-04,,9450.0,7.0,102,Analytics Suite,Software,Salesperson_5,Asia,Outbound,Lead,False
O-101499,OPP-201499,C-1061,2023-02-03,2023-02-20,,1200.0,1.0,101,CRM Pro,Software,Salesperson_2,Europe,,Lost,False
O-101500,OPP-201500,C-3814,2024-06-28,2024-07-20,2024-07-20,8109.0,9.0,201,POS Terminal,Hardware,Salesperson_10,Europe,Partner,Qualified,False
O-101501,OPP-201501,C-1376,2023-06-16,2023-07-04,2023-07-04,,8.0,103,Sales Booster,Software,Salesperson_9,Asia,Inbound,Lost,True
O-101502,OPP-201502,C-2528,2024-07-14,2024-08-06,2024-08-06,22440.0,15.0,102,Analytics Suite,Software,,Asia,,Won,
O-101503,OPP-201503,C-1845,2024-12-03,2024-12-20,2024-12-20,2940.0,7.0,101,CRM Pro,Software,Salesperson_7,Asia,,Qualified,
O-101504,OPP-201504,C-3899,2024-03-20,2024-04-01,,2804.0,2.0,103,Sales Booster,Software,,Europe,Partner,Lost,False
O-101505,OPP-201505,C-1814,2024-10-02,2024-10-23,2024-10-23,1224.0,4.0,103,Sales Booster,Software,Salesperson_7,Europe,Partner,Lost,True
O-101506,OPP-201506,C-1411,2023-12-18,2024-01-01,2024-01-01,900.0,3.0,103,Sales Booster,Software,,Europe,,Lost,False
O-101507,OPP-201507,C-2752,2024-04-12,,,,2.0,102,Analytics Suite,Software,Salesperson_10,Europe,,Lead,True
O-101508,OPP-201508,C-1513,2023-11-20,2023-12-15,2023-12-15,9338.0,14.0,101,CRM Pro,Software,Salesperson_7,Europe,Partner,Lead,False
O-101509,OPP-201509,C-3991,2023-09-03,2023-09-23,2023-09-23,7056.0,12.0,101,CRM Pro,Software,Salesperson_1,North America,Outbound,Lead,True
O-101510,OPP-201510,C-4158,2023-01-22,2023-02-08,2023-02-08,,10.0,101,CRM Pro,Software,Salesperson_5,North America,Outbound,Lost,True
O-101511,OPP-201511,C-2610,2023-07-15,2023-07-24,2023-07-24,672.0,2.0,201,POS Terminal,Hardware,Salesperson_3,Europe,,Won,True
O-101512,OPP-201512,C-4724,2023-01-11,,,,13.0,102,Analytics Suite,Software,Salesperson_4,Asia,Inbound,Lead,True
O-101513,OPP-201513,C-1317,2023-04-10,2023-04-30,2023-04-30,,15.0,102,Analytics Suite,Software,Salesperson_4,Europe,Inbound,Lead,False
O-101514,OPP-201514,C-5000,2023-02-02,,,2996.0,14.0,101,CRM Pro,Software,Salesperson_3,North America,Outbound,Qualified,True
O-101515,OPP-201515,C-1868,2024-02-04,,,354.0,1.0,103,Sales Booster,Software,Salesperson_4,North America,,Lead,False
,OPP-201516,C-3309,2024-04-04,,,2688.0,14.0,102,Analytics Suite,Software,Salesperson_10,Asia,Outbound,Lead,True
O-101517,OPP-201517,C-4463,2023-08-07,2023-08-15,2023-08-15,2896.0,8.0,103,Sales Booster,Software,Salesperson_1,North America,Partner,Won,False
O-101518,OPP-201518,C-1486,2023-04-18,2023-05-09,2023-05-09,,3.0,103,Sales Booster,Software,Salesperson_1,Asia,Outbound,Lost,False
O-101519,OPP-201519,C-3026,2023-10-05,2023-10-16,2023-10-16,,3.0,101,CRM Pro,Software,,Europe,Outbound,Lost,True
O-101520,OPP-201520,C-2822,2023-03-25,2023-04-17,2023-04-17,4070.0,,201,POS Terminal,Hardware,Salesperson_10,Europe,Outbound,Won,False
O-101521,OPP-201521,C-2596,2023-01-24,2023-02-06,2023-02-06,,12.0,103,Sales Booster,Software,Salesperson_3,Asia,Partner,Lost,False
O-101522,OPP-201522,C-3569,2024-01-10,2024-01-25,2024-01-25,,13.0,102,Analytics Suite,Software,Salesperson_7,Europe,Partner,Won,False
O-101523,OPP-201523,C-2670,2024-01-24,2024-02-08,2024-02-08,2272.0,2.0,102,Analytics Suite,Software,Salesperson_10,Asia,Inbound,Won,True
O-101524,OPP-201524,C-1739,2024-12-03,,,16058.0,14.0,101,CRM Pro,Software,Salesperson_7,Asia,Inbound,Qualified,True
O-101525,OPP-201525,C-2508,2024-06-18,2024-07-01,2024-07-01,10570.0,14.0,201,POS Terminal,Hardware,Salesperson_9,Asia,,Won,True
O-101526,OPP-201526,C-1090,2023-07-11,2023-07-27,2023-07-27,8872.0,8.0,201,POS Terminal,Hardware,,Asia,Inbound,Qualified,
O-101527,OPP-201527,C-2268,2023-10-31,,,12024.0,,103,Sales Booster,Software,Salesperson_10,Europe,Partner,Lost,True
,OPP-201528,C-2165,2024-10-22,2024-11-05,2024-11-05,966.0,3.0,201,POS Terminal,Hardware,Salesperson_6,Asia,Inbound,Lead,False
O-101529,OPP-201529,C-3686,2024-06-09,2024-06-27,2024-06-27,1427.0,1.0,201,POS Terminal,Hardware,,North America,,Won,True
O-101530,OPP-201530,C-2341,2024-05-19,,,,13.0,101,CRM Pro,Software,Salesperson_10,Europe,Inbound,Qualified,True
O-101531,OPP-201531,C-3863,2024-09-23,2024-10-04,2024-10-04,9780.0,15.0,101,CRM Pro,Software,Salesperson_3,Asia,Outbound,Qualified,True
O-101532,OPP-201532,C-4554,2023-08-26,2023-09-19,2023-09-19,3297.0,3.0,103,Sales Booster,Software,Salesperson_10,North America,Outbound,Lead,False
O-101533,OPP-201533,C-3550,2023-08-03,2023-08-10,2023-08-10,4424.0,14.0,201,POS Terminal,Hardware,Salesperson_2,Europe,Partner,Won,True
O-101534,OPP-201534,C-1015,2024-09-26,2024-10-08,,,2.0,101,CRM Pro,Software,Salesperson_10,North America,,Lost,True
O-101535,OPP-201535,C-2593,2024-02-14,2024-03-09,2024-03-09,4788.0,6.0,101,CRM Pro,Software,Salesperson_7,Asia,,Qualified,
O-101536,OPP-201536,C-1691,2024-02-22,2024-03-01,,3296.0,8.0,103,Sales Booster,Software,Salesperson_10,North America,Partner,Qualified,True
O-101537,OPP-201537,C-3733,2024-04-12,2024-04-24,2024-04-24,9366.0,7.0,201,POS Terminal,Hardware,Salesperson_6,Asia,Inbound,Won,False
O-101538,OPP-201538,C-1871,2023-09-05,2023-09-27,2023-09-27,6282.0,9.0,101,CRM Pro,Software,Salesperson_4,Europe,,Qualified,True
O-101539,OPP-201539,C-2096,2024-09-10,2024-09-16,2024-09-16,16291.0,,102,Analytics Suite,Software,Salesperson_7,Europe,Outbound,Won,True
,OPP-201540,C-3082,2024-10-22,,,11494.0,14.0,201,POS Terminal,Hardware,Salesperson_4,North America,Inbound,Won,False
O-101541,OPP-201541,C-4837,2024-02-05,,,11438.0,,201,POS Terminal,Hardware,,North America,Outbound,Won,True
O-101542,OPP-201542,C-3630,2024-06-06,,,,1.0,102,Analytics Suite,Software,,North America,,Lead,False
O-101543,OPP-201543,C-2570,2023-12-27,2024-01-12,2024-01-12,4556.0,4.0,102,Analytics Suite,Software,Salesperson_7,North America,Inbound,Lead,False
O-101544,OPP-201544,C-3029,2023-04-10,,,1881.0,3.0,201,POS Terminal,Hardware,Salesperson_10,Europe,Inbound,Won,True
O-101545,OPP-201545,C-1441,2024-03-20,,,3012.0,12.0,102,Analytics Suite,Software,Salesperson_4,Europe,Partner,Lead,False
O-101546,OPP-201546,C-1489,2024-11-18,2024-12-03,,14966.0,14.0,201,POS Terminal,Hardware,Salesperson_4,Europe,Outbound,Lead,True
O-101547,OPP-201547,C-3377,2024-05-01,,,1422.0,6.0,101,CRM Pro,Software,Salesperson_2,North America,Partner,Qualified,False
O-101548,OPP-201548,C-4651,2023-03-18,,,,5.0,103,Sales Booster,Software,Salesperson_6,Europe,,Lost,False
O-101549,OPP-201549,C-2146,2024-01-04,2024-01-16,2024-01-16,6184.0,8.0,201,POS Terminal,Hardware,Salesperson_10,Asia,Inbound,Lost,True
O-101550,OPP-201550,C-4880,2024-12-22,,,,14.0,101,CRM Pro,Software,Salesperson_2,North America,Outbound,Qualified,False
O-101551,OPP-201551,C-3348,2024-03-20,,,570.0,1.0,103,Sales Booster,Software,,Europe,,Lost,False
O-101552,OPP-201552,C-2023,2023-08-09,,,7560.0,6.0,201,POS Terminal,Hardware,Salesperson_10,Asia,Outbound,Qualified,False
O-101553,OPP-201553,C-3640,2023-10-17,,,13530.0,15.0,103,Sales Booster,Software,Salesperson_8,Asia,Partner,Won,False
O-101554,OPP-201554,C-2374,2024-02-19,2024-03-04,2024-03-04,2568.0,,201,POS Terminal,Hardware,,Europe,Outbound,Won,True
O-101555,OPP-201555,C-1063,2023-07-22,,,2996.0,2.0,103,Sales Booster,Software,Salesperson_8,North America,Outbound,Lead,False
O-101556,OPP-201556,C-4962,2024-02-08,2024-02-28,2024-02-28,2343.0,3.0,101,CRM Pro,Software,,North America,Inbound,Won,True
O-101557,OPP-201557,C-4819,2023-06-16,2023-07-06,2023-07-06,,9.0,102,Analytics Suite,Software,Salesperson_9,Europe,Partner,Qualified,False
O-101558,OPP-201558,C-2012,2023-12-16,2023-12-28,2023-12-28,1417.0,,103,Sales Booster,Software,Salesperson_9,North America,,Lead,
O-101559,OPP-201559,C-4451,2024-01-17,,,16489.0,11.0,101,CRM Pro,Software,Salesperson_6,Europe,Inbound,Won,True
O-101560,OPP-201560,C-4393,2023-07-08,2023-07-21,2023-07-21,666.0,3.0,101,CRM Pro,Software,Salesperson_3,Europe,Partner,Qualified,True
O-101561,OPP-201561,C-2253,2023-05-30,,,2799.0,9.0,103,Sales Booster,Software,Salesperson_2,North America,,Won,False
O-101562,OPP-201562,C-3017,2024-02-10,2024-02-22,2024-02-22,1419.0,1.0,201,POS Terminal,Hardware,Salesperson_2,Asia,Partner,Lead,True
O-101563,OPP-201563,C-3225,2023-08-20,2023-09-03,2023-09-03,17147.0,13.0,201,POS Terminal,Hardware,Salesperson_4,North America,Partner,Lead,
O-101564,OPP-201564,C-2388,2024-11-02,2024-11-26,2024-11-26,597.0,1.0,103,Sales Booster,Software,Salesperson_6,North America,Outbound,Won,False
O-101565,OPP-201565,C-1270,2024-09-30,,,6381.0,9.0,103,Sales Booster,Software,,Europe,Inbound,Qualified,True
O-101566,OPP-201566,C-1024,2024-03-10,,,9926.0,7.0,102,Analytics Suite,Software,Salesperson_2,Asia,Partner,Won,True
O-101567,OPP-201567,C-1261,2023-11-17,,,2301.0,3.0,102,Analytics Suite,Software,Salesperson_5,Asia,Outbound,Qualified,True
O-101568,OPP-201568,C-3361,2023-06-24,2023-07-02,2023-07-02,,5.0,201,POS Terminal,Hardware,,Asia,Inbound,Lead,True
O-101569,OPP-201569,C-1346,2023-07-14,2023-08-02,2023-08-02,1356.0,2.0,201,POS Terminal,Hardware,Salesperson_10,North America,Inbound,Lead,False
O-101570,OPP-201570,C-3266,2024-01-09,2024-01-14,2024-01-14,14663.0,11.0,201,POS Terminal,Hardware,Salesperson_2,Asia,Outbound,Won,True
O-101571,OPP-201571,C-3280,2024-07-04,2024-07-14,2024-07-14,1615.0,5.0,103,Sales Booster,Software,Salesperson_7,Asia,Inbound,Lead,
O-101572,OPP-201572,C-3836,2023-07-18,2023-07-26,2023-07-26,13490.0,10.0,101,CRM Pro,Software,,North America,Partner,Lost,True
O-101573,OPP-201573,C-2234,2024-02-28,,,12386.0,11.0,201,POS Terminal,Hardware,Salesperson_10,Asia,Partner,Won,True
O-101574,OPP-201574,C-4440,2023-04-27,,,2564.0,4.0,201,POS Terminal,Hardware,Salesperson_5,Europe,,Lead,True
O-101575,OPP-201575,C-2376,2024-08-26,2024-09-19,2024-09-19,1457.0,1.0,201,POS Terminal,Hardware,Salesperson_6,Asia,Partner,Won,False
O-101576,OPP-201576,C-4046,2024-09-06,2024-09-20,2024-09-20,3550.0,10.0,201,POS Terminal,Hardware,Salesperson_1,North America,Inbound,Lost,True
O-101577,OPP-201577,C-2872,2024-06-06,2024-06-28,2024-06-28,1430.0,11.0,102,Analytics Suite,Software,Salesperson_9,Asia,Inbound,Lead,True
O-101578,OPP-201578,C-2931,2023-01-22,2023-01-29,2023-01-29,4740.0,12.0,201,POS Terminal,Hardware,Salesperson_9,Asia,Inbound,Lead,False
O-101579,OPP-201579,C-1939,2024-12-06,2024-12-17,2024-12-17,1218.0,6.0,103,Sales Booster,Software,,North America,Partner,Lost,False
O-101580,OPP-201580,C-4328,2024-08-12,2024-08-21,2024-08-21,18930.0,15.0,201,POS Terminal,Hardware,Salesperson_3,Europe,Partner,Won,False
O-101581,OPP-201581,C-1823,2023-12-25,,,1683.0,3.0,103,Sales Booster,Software,Salesperson_5,Europe,Partner,Lost,False
O-101582,OPP-201582,C-4353,2023-09-15,,,2624.0,8.0,101,CRM Pro,Software,Salesperson_4,Europe,Inbound,Qualified,False
O-101583,OPP-201583,C-3166,2023-01-13,2023-01-18,2023-01-18,2788.0,4.0,101,CRM Pro,Software,,Europe,Outbound,Qualified,False
O-101584,OPP-201584,C-3910,2024-12-20,2025-01-07,,9279.0,9.0,102,Analytics Suite,Software,Salesperson_8,Asia,Inbound,Won,True
O-101585,OPP-201585,C-4268,2023-02-09,2023-03-06,2023-03-06,2428.0,2.0,103,Sales Booster,Software,Salesperson_10,Europe,Outbound,Lost,True
O-101586,OPP-201586,C-3411,2024-02-03,,,2013.0,11.0,103,Sales Booster,Software,Salesperson_10,Europe,Partner,Lead,True
,OPP-201587,C-2720,2024-08-21,2024-09-04,2024-09-04,2355.0,5.0,103,Sales Booster,Software,Salesperson_9,North America,Outbound,Lead,False
O-101588,OPP-201588,C-3156,2024-12-05,2024-12-30,2024-12-30,351.0,1.0,101,CRM Pro,Software,Salesperson_3,Asia,Partner,Lead,
O-101589,OPP-201589,C-4059,2024-11-23,,,2088.0,3.0,201,POS Terminal,Hardware,Salesperson_9,Asia,Partner,Lead,
O-101590,OPP-201590,C-1692,2023-10-24,,,3360.0,6.0,102,Analytics Suite,Software,Salesperson_2,Europe,Inbound,Qualified,False
O-101591,OPP-201591,C-3146,2024-04-13,2024-04-20,2024-04-20,1014.0,6.0,101,CRM Pro,Software,Salesperson_5,Asia,,Won,False
O-101592,OPP-201592,C-4839,2023-08-14,2023-08-24,2023-08-24,5112.0,6.0,101,CRM Pro,Software,,Europe,Inbound,Won,
,OPP-201593,C-3053,2023-10-04,2023-10-25,,5838.0,14.0,102,Analytics Suite,Software,Salesperson_6,Asia,Partner,Qualified,False
O-101594,OPP-201594,C-1385,2024-11-17,2024-12-01,,6435.0,11.0,101,CRM Pro,Software,,Asia,Outbound,Lead,False
O-101595,OPP-201595,C-4840,2023-07-08,2023-07-14,2023-07-14,,14.0,103,Sales Booster,Software,,Europe,Outbound,Lost,False
O-101596,OPP-201596,C-3842,2024-04-19,2024-05-05,2024-05-05,11220.0,10.0,201,POS Terminal,Hardware,,North America,Inbound,Lost,True
O-101597,OPP-201597,C-2359,2024-08-04,2024-08-11,2024-08-11,8052.0,12.0,102,Analytics Suite,Software,Salesperson_3,Asia,Outbound,Won,False
O-101598,OPP-201598,C-3564,2023-06-21,2023-06-29,2023-06-29,9149.0,7.0,101,CRM Pro,Software,Salesperson_1,Asia,,Lead,False
O-101599,OPP-201599,C-1837,2023-08-21,2023-09-06,2023-09-06,8514.0,9.0,201,POS Terminal,Hardware,Salesperson_9,Europe,,Lead,True
O-101600,OPP-201600,C-3940,2023-06-20,2023-07-14,2023-07-14,486.0,3.0,102,Analytics Suite,Software,Salesperson_7,North America,Partner,Won,False
O-101601,OPP-201601,C-4812,2024-10-11,2024-10-31,2024-10-31,,1.0,102,Analytics Suite,Software,Salesperson_10,Europe,Inbound,Lost,False
O-101602,OPP-201602,C-3656,2023-04-30,2023-05-17,2023-05-17,10088.0,,201,POS Terminal,Hardware,Salesperson_1,North America,Outbound,Lead,True
O-101603,OPP-201603,C-4977,2024-05-02,2024-05-12,2024-05-12,1232.0,7.0,102,Analytics Suite,Software,Salesperson_1,North America,Inbound,Won,True
O-101604,OPP-201604,C-1115,2023-02-21,2023-03-11,2023-03-11,1200.0,8.0,103,Sales Booster,Software,,Asia,Inbound,Lost,False
O-101605,OPP-201605,C-4777,2023-10-02,,,14976.0,,201,POS Terminal,Hardware,Salesperson_1,Europe,,Won,False
O-101606,OPP-201606,C-1484,2023-10-11,2023-10-25,2023-10-25,10620.0,9.0,102,Analytics Suite,Software,Salesperson_3,Asia,Partner,Won,True
O-101607,OPP-201607,C-2326,2023-05-30,2023-06-17,2023-06-17,10810.0,10.0,102,Analytics Suite,Software,Salesperson_6,Europe,Partner,Lead,True
O-101608,OPP-201608,C-3519,2023-10-24,,,1224.0,9.0,201,POS Terminal,Hardware,Salesperson_8,Asia,Partner,Lead,False
O-101609,OPP-201609,C-3670,2023-11-20,2023-12-05,2023-12-05,19460.0,14.0,201,POS Terminal,Hardware,Salesperson_6,Asia,Outbound,Lost,True
O-101610,OPP-201610,C-4439,2023-07-10,2023-07-16,2023-07-16,4002.0,3.0,201,POS Terminal,Hardware,Salesperson_6,Europe,Partner,Qualified,False
O-101611,OPP-201611,C-4820,2023-12-13,2024-01-06,2024-01-06,6465.0,5.0,201,POS Terminal,Hardware,Salesperson_9,North America,Outbound,Qualified,
O-101612,OPP-201612,C-4080,2024-09-18,,,16086.0,14.0,102,Analytics Suite,Software,Salesperson_8,North America,Partner,Qualified,False
O-101613,OPP-201613,C-2338,2024-02-13,,,1573.0,11.0,201,POS Terminal,Hardware,Salesperson_1,Europe,Inbound,Won,
O-101614,OPP-201614,C-3096,2024-06-13,,,8253.0,9.0,201,POS Terminal,Hardware,Salesperson_3,North America,Inbound,Lead,False
O-101615,OPP-201615,C-2003,2023-02-22,,,14500.0,10.0,103,Sales Booster,Software,,Asia,,Lead,True
O-101616,OPP-201616,C-1101,2023-05-17,2023-05-23,2023-05-23,2052.0,2.0,201,POS Terminal,Hardware,Salesperson_10,Asia,Outbound,Lead,True
O-101617,OPP-201617,C-2485,2024-12-31,,,1980.0,12.0,201,POS Terminal,Hardware,Salesperson_3,Europe,Inbound,Qualified,
,OPP-201618,C-4643,2023-02-03,2023-02-11,2023-02-11,3864.0,4.0,101,CRM Pro,Software,Salesperson_9,North America,Inbound,Lead,True
O-101619,OPP-201619,C-4804,2023-04-08,,,10387.0,13.0,101,CRM Pro,Software,Salesperson_4,North America,,Lead,True
O-101620,OPP-201620,C-1649,2024-06-01,2024-06-12,2024-06-12,857.0,1.0,103,Sales Booster,Software,Salesperson_6,Asia,Outbound,Lead,False
O-101621,OPP-201621,C-1268,2023-11-24,,,4818.0,11.0,102,Analytics Suite,Software,Salesperson_1,Europe,,Lead,True
O-101622,OPP-201622,C-2261,2024-01-12,2024-01-17,2024-01-17,2142.0,3.0,201,POS Terminal,Hardware,Salesperson_6,Asia,Inbound,Lead,False
O-101623,OPP-201623,C-1786,2023-03-07,,,,11.0,101,CRM Pro,Software,Salesperson_7,North America,Partner,Qualified,True
O-101624,OPP-201624,C-2667,2023-01-10,2023-01-22,2023-01-22,8208.0,6.0,201,POS Terminal,Hardware,Salesperson_1,Asia,Inbound,Lost,True
O-101625,OPP-201625,C-4911,2023-05-03,2023-05-27,2023-05-27,17095.0,13.0,201,POS Terminal,Hardware,,Asia,,Qualified,False
O-101626,OPP-201626,C-1889,2023-08-21,2023-08-26,2023-08-26,,4.0,201,POS Terminal,Hardware,Salesperson_10,Europe,Partner,Won,True
O-101627,OPP-201627,C-2972,2023-12-10,2023-12-22,2023-12-22,,2.0,201,POS Terminal,Hardware,Salesperson_5,North America,Outbound,Lead,True
O-101628,OPP-201628,C-4033,2023-07-30,2023-08-17,2023-08-17,2868.0,3.0,201,POS Terminal,Hardware,Salesperson_5,Asia,Inbound,Lead,
O-101629,OPP-201629,C-3179,2024-12-26,2025-01-17,2025-01-17,3267.0,,201,POS Terminal,Hardware,,North America,Inbound,Qualified,False
O-101630,OPP-201630,C-1436,2024-01-19,2024-02-02,2024-02-02,,14.0,102,Analytics Suite,Software,Salesperson_4,Europe,Partner,Won,
O-101631,OPP-201631,C-3029,2024-02-25,2024-03-20,2024-03-20,2242.0,2.0,103,Sales Booster,Software,Salesperson_1,North America,Inbound,Lead,
O-101632,OPP-201632,C-3736,2023-02-09,2023-02-14,2023-02-14,1320.0,,201,POS Terminal,Hardware,,Asia,Partner,Lead,
O-101633,OPP-201633,C-3343,2024-12-27,,,5724.0,4.0,103,Sales Booster,Software,Salesperson_4,North America,,Lost,False
O-101634,OPP-201634,C-4417,2023-11-07,,,1421.0,1.0,101,CRM Pro,Software,,Asia,Outbound,Lost,False
O-101635,OPP-201635,C-2819,2023-07-02,2023-07-16,2023-07-16,7075.0,5.0,201,POS Terminal,Hardware,Salesperson_5,North America,Inbound,Qualified,False
O-101636,OPP-201636,C-3053,2023-03-01,2023-03-17,2023-03-17,5936.0,8.0,101,CRM Pro,Software,Salesperson_9,North America,,Lead,False
O-101637,OPP-201637,C-4929,2024-08-10,,,17318.0,,102,Analytics Suite,Software,Salesperson_5,Asia,Outbound,Lead,True
O-101638,OPP-201638,C-4087,2024-02-07,,,,5.0,103,Sales Booster,Software,Salesperson_5,Europe,,Won,True
O-101639,OPP-201639,C-1871,2024-02-15,2024-03-04,2024-03-04,8030.0,10.0,103,Sales Booster,Software,Salesperson_2,Europe,Outbound,Lead,False
O-101640,OPP-201640,C-1382,2024-12-20,2025-01-03,2025-01-03,,4.0,103,Sales Booster,Software,Salesperson_8,Europe,Inbound,Lead,False
O-101641,OPP-201641,C-3188,2024-12-24,2024-12-31,2024-12-31,5382.0,13.0,201,POS Terminal,Hardware,Salesperson_6,Europe,Partner,Lost,True
O-101642,OPP-201642,C-3262,2024-01-29,,,7090.0,10.0,102,Analytics Suite,Software,Salesperson_6,Asia,Outbound,Won,False
O-101643,OPP-201643,C-2166,2024-07-27,2024-08-20,2024-08-20,,15.0,101,CRM Pro,Software,,North America,Outbound,Won,False
O-101644,OPP-201644,C-2835,2024-08-25,2024-09-18,,9387.0,7.0,101,CRM Pro,Software,Salesperson_1,Europe,Outbound,Lost,False
O-101645,OPP-201645,C-1328,2023-07-11,2023-08-01,2023-08-01,7050.0,15.0,201,POS Terminal,Hardware,Salesperson_6,North America,Outbound,Lost,True
O-101646,OPP-201646,C-4401,2023-10-05,,,4365.0,5.0,102,Analytics Suite,Software,,North America,Inbound,Won,False
O-101647,OPP-201647,C-4230,2024-07-15,2024-08-09,2024-08-09,10864.0,14.0,103,Sales Booster,Software,Salesperson_3,North America,Partner,Lost,False
O-101648,OPP-201648,C-2855,2023-03-30,,,21165.0,15.0,102,Analytics Suite,Software,Salesperson_9,Europe,Outbound,Lead,True
O-101649,OPP-201649,C-2874,2024-06-05,2024-06-10,2024-06-10,1242.0,1.0,201,POS Terminal,Hardware,,Europe,Outbound,Lost,False
O-101650,OPP-201650,C-3688,2024-07-03,,,,10.0,103,Sales Booster,Software,Salesperson_4,Europe,,Won,True
O-101651,OPP-201651,C-2046,2023-11-29,2023-12-09,2023-12-09,4308.0,4.0,101,CRM Pro,Software,Salesperson_3,North America,,Lead,
O-101652,OPP-201652,C-4755,2024-04-20,2024-05-14,2024-05-14,11230.0,10.0,201,POS Terminal,Hardware,Salesperson_9,North America,Outbound,Won,True
O-101653,OPP-201653,C-4943,2023-09-28,2023-10-06,2023-10-06,8459.0,11.0,103,Sales Booster,Software,Salesperson_9,North America,,Won,True
O-101654,OPP-201654,C-4122,2023-07-06,2023-07-16,2023-07-16,4413.0,3.0,101,CRM Pro,Software,Salesperson_10,Europe,Partner,Won,
O-101655,OPP-201655,C-4092,2023-04-08,2023-04-22,,18240.0,15.0,101,CRM Pro,Software,Salesperson_3,North America,Outbound,Lead,False
O-101656,OPP-201656,C-1497,2023-02-01,2023-02-23,2023-02-23,9465.0,15.0,101,CRM Pro,Software,,North America,Partner,Qualified,False
O-101657,OPP-201657,C-2223,2024-03-02,,,2392.0,4.0,103,Sales Booster,Software,Salesperson_6,North America,Inbound,Qualified,True
O-101658,OPP-201658,C-2147,2024-12-26,2025-01-14,2025-01-14,4690.0,10.0,103,Sales Booster,Software,Salesperson_4,Europe,Partner,Lost,True
O-101659,OPP-201659,C-4955,2023-07-13,,,,13.0,101,CRM Pro,Software,,North America,Outbound,Qualified,
O-101660,OPP-201660,C-2758,2024-02-17,,,3105.0,5.0,103,Sales Booster,Software,Salesperson_9,North America,Inbound,Qualified,False
O-101661,OPP-201661,C-3299,2023-04-07,2023-04-18,2023-04-18,6019.0,13.0,102,Analytics Suite,Software,Salesperson_7,North America,,Lead,True
O-101662,OPP-201662,C-4910,2023-09-02,,,13824.0,12.0,201,POS Terminal,Hardware,,Asia,Inbound,Won,False
O-101663,OPP-201663,C-2116,2024-05-24,2024-06-04,2024-06-04,19026.0,14.0,102,Analytics Suite,Software,Salesperson_8,Asia,Inbound,Lead,False
O-101664,OPP-201664,C-2652,2024-11-11,2024-12-06,2024-12-06,4960.0,8.0,201,POS Terminal,Hardware,,Asia,Outbound,Won,False
O-101665,OPP-201665,C-2876,2023-06-13,2023-06-19,2023-06-19,5382.0,6.0,103,Sales Booster,Software,Salesperson_10,Asia,,Lead,True
O-101666,OPP-201666,C-2856,2024-07-15,2024-08-09,2024-08-09,140.0,1.0,102,Analytics Suite,Software,Salesperson_2,Asia,Partner,Lead,True
O-101667,OPP-201667,C-2134,2023-08-31,2023-09-13,2023-09-13,13660.0,10.0,103,Sales Booster,Software,Salesperson_5,Asia,Inbound,Won,False
O-101668,OPP-201668,C-4811,2023-01-01,2023-01-23,2023-01-23,14376.0,12.0,201,POS Terminal,Hardware,Salesperson_5,Asia,Outbound,Qualified,False
O-101669,OPP-201669,C-3499,2023-10-03,2023-10-23,2023-10-23,607.0,1.0,201,POS Terminal,Hardware,,Asia,,Won,True
O-101670,OPP-201670,C-4472,2024-12-12,2024-12-22,2024-12-22,166.0,1.0,201,POS Terminal,Hardware,Salesperson_3,North America,,Lost,False
O-101671,OPP-201671,C-4046,2024-09-25,2024-10-10,2024-10-10,,4.0,101,CRM Pro,Software,,Asia,Inbound,Won,False
O-101672,OPP-201672,C-2034,2023-10-05,2023-10-17,2023-10-17,11882.0,13.0,102,Analytics Suite,Software,Salesperson_1,North America,Outbound,Qualified,True
O-101673,OPP-201673,C-3435,2023-06-10,,,6507.0,9.0,201,POS Terminal,Hardware,Salesperson_4,Asia,Outbound,Lead,True
O-101674,OPP-201674,C-1135,2023-12-14,,,1560.0,,102,Analytics Suite,Software,Salesperson_7,Asia,Outbound,Lost,False
O-101675,OPP-201675,C-2008,2024-07-24,2024-08-15,2024-08-15,,,103,Sales Booster,Software,Salesperson_10,Asia,Partner,Lead,False
O-101676,OPP-201676,C-4084,2023-04-14,2023-05-02,2023-05-02,13200.0,15.0,103,Sales Booster,Software,,Europe,Inbound,Lead,True
O-101677,OPP-201677,C-3370,2024-06-20,,,,12.0,102,Analytics Suite,Software,Salesperson_4,Asia,Partner,Lead,False
O-101678,OPP-201678,C-2611,2024-02-16,2024-03-09,2024-03-09,690.0,5.0,103,Sales Booster,Software,Salesperson_8,Asia,Partner,Lead,False
,OPP-201679,C-3748,2023-08-13,2023-08-26,,17550.0,15.0,201,POS Terminal,Hardware,Salesperson_4,Europe,,Lost,True
O-101680,OPP-201680,C-2457,2024-07-01,2024-07-08,2024-07-08,5344.0,4.0,101,CRM Pro,Software,Salesperson_3,Asia,Inbound,Lost,
O-101681,OPP-201681,C-1134,2024-08-13,2024-08-22,2024-08-22,810.0,,103,Sales Booster,Software,Salesperson_9,Europe,Outbound,Lead,True
O-101682,OPP-201682,C-4185,2023-08-10,2023-08-19,2023-08-19,4626.0,9.0,101,CRM Pro,Software,Salesperson_4,North America,Partner,Lead,False
O-101683,OPP-201683,C-1969,2024-10-07,2024-10-12,2024-10-12,5810.0,5.0,101,CRM Pro,Software,Salesperson_7,Europe,,Lead,False
O-101684,OPP-201684,C-2887,2024-07-11,2024-07-25,2024-07-25,3432.0,12.0,102,Analytics Suite,Software,Salesperson_6,Asia,Inbound,Lost,False
O-101685,OPP-201685,C-3286,2023-06-10,2023-06-22,2023-06-22,,,102,Analytics Suite,Software,Salesperson_7,Europe,Partner,Won,True
O-101686,OPP-201686,C-1124,2024-06-13,2024-06-28,2024-06-28,,13.0,201,POS Terminal,Hardware,Salesperson_3,North America,Inbound,Lead,True
O-101687,OPP-201687,C-1440,2024-08-07,2024-08-21,2024-08-21,6028.0,,102,Analytics Suite,Software,Salesperson_1,Europe,,Lost,False
O-101688,OPP-201688,C-2488,2024-06-23,2024-07-06,2024-07-06,13776.0,12.0,201,POS Terminal,Hardware,Salesperson_10,Asia,Partner,Lost,False
O-101689,OPP-201689,C-3671,2023-07-01,2023-07-23,2023-07-23,1719.0,9.0,102,Analytics Suite,Software,Salesperson_5,Europe,Partner,Lost,True
O-101690,OPP-201690,C-1313,2023-08-28,2023-09-13,2023-09-13,6240.0,12.0,201,POS Terminal,Hardware,Salesperson_10,North America,Partner,Won,True
O-101691,OPP-201691,C-3030,2023-07-29,,,6305.0,,201,POS Terminal,Hardware,,Europe,Outbound,Won,False
O-101692,OPP-201692,C-2922,2023-08-20,2023-09-04,,2337.0,,201,POS Terminal,Hardware,Salesperson_3,Asia,,Lead,False
O-101693,OPP-201693,C-3161,2024-02-14,2024-02-19,2024-02-19,4172.0,7.0,201,POS Terminal,Hardware,Salesperson_2,Europe,Partner,Qualified,True
O-101694,OPP-201694,C-3940,2024-12-11,2024-12-17,2024-12-17,3960.0,6.0,103,Sales Booster,Software,,Europe,Outbound,Won,True
O-101695,OPP-201695,C-4564,2023-12-14,,,3486.0,7.0,101,CRM Pro,Software,Salesperson_8,Europe,Outbound,Lost,False
O-101696,OPP-201696,C-2421,2023-07-08,2023-07-17,2023-07-17,,1.0,101,CRM Pro,Software,Salesperson_10,North America,,Lost,False
O-101697,OPP-201697,C-1683,2023-01-22,2023-02-16,,,3.0,103,Sales Booster,Software,Salesperson_8,Europe,,Lost,True
O-101698,OPP-201698,C-3717,2023-12-10,2023-12-31,2023-12-31,,,101,CRM Pro,Software,,Europe,Partner,Won,True
O-101699,OPP-201699,C-1445,2023-01-13,2023-01-21,,4389.0,3.0,103,Sales Booster,Software,,Europe,Outbound,Lead,True
O-101700,OPP-201700,C-3129,2024-08-13,2024-08-24,2024-08-24,17430.0,15.0,102,Analytics Suite,Software,,Europe,Inbound,Lost,
O-101701,OPP-201701,C-1028,2024-09-07,2024-09-29,2024-09-29,,4.0,103,Sales Booster,Software,Salesperson_10,North America,Partner,Lead,True
O-101702,OPP-201702,C-2065,2024-12-20,2024-12-30,2024-12-30,,15.0,201,POS Terminal,Hardware,,Asia,Outbound,Lost,True
O-101703,OPP-201703,C-3806,2023-11-05,2023-11-19,2023-11-19,2652.0,3.0,201,POS Terminal,Hardware,Salesperson_8,Asia,Partner,Qualified,True
O-101704,OPP-201704,C-2337,2024-09-01,2024-09-13,2024-09-13,1498.0,14.0,102,Analytics Suite,Software,,Asia,Partner,Lead,
O-101705,OPP-201705,C-4797,2023-05-21,2023-06-01,2023-06-01,3744.0,13.0,201,POS Terminal,Hardware,Salesperson_1,North America,Partner,Qualified,False
O-101706,OPP-201706,C-1185,2024-06-16,,,1410.0,6.0,103,Sales Booster,Software,Salesperson_5,North America,Outbound,Lost,True
O-101707,OPP-201707,C-1125,2023-09-03,2023-09-27,2023-09-27,8406.0,9.0,201,POS Terminal,Hardware,Salesperson_4,Asia,Inbound,Qualified,True
O-101708,OPP-201708,C-4049,2024-01-13,2024-01-25,2024-01-25,,12.0,103,Sales Booster,Software,Salesperson_5,North America,Outbound,Lost,
O-101709,OPP-201709,C-2062,2024-02-01,2024-02-07,2024-02-07,2632.0,7.0,101,CRM Pro,Software,Salesperson_8,Asia,Outbound,Lead,True
O-101710,OPP-201710,C-2276,2023-11-15,,,9568.0,13.0,201,POS Terminal,Hardware,,Europe,Outbound,Lost,True
O-101711,OPP-201711,C-4425,2023-08-26,2023-09-03,2023-09-03,1360.0,,103,Sales Booster,Software,Salesperson_9,Europe,Inbound,Won,
O-101712,OPP-201712,C-2035,2024-04-16,,,,9.0,102,Analytics Suite,Software,Salesperson_1,Asia,Outbound,Won,False
O-101713,OPP-201713,C-4664,2023-12-04,2023-12-19,2023-12-19,3570.0,7.0,103,Sales Booster,Software,Salesperson_4,North America,Inbound,Lead,
O-101714,OPP-201714,C-4616,2024-02-16,2024-03-04,2024-03-04,5060.0,10.0,201,POS Terminal,Hardware,Salesperson_4,Asia,Outbound,Qualified,False
,OPP-201715,C-1464,2024-06-17,,,8008.0,14.0,101,CRM Pro,Software,Salesperson_6,North America,Outbound,Won,False
O-101716,OPP-201716,C-1560,2023-01-04,,,4872.0,14.0,101,CRM Pro,Software,Salesperson_4,North America,Partner,Won,True
O-101717,OPP-201717,C-4564,2024-03-19,2024-03-24,2024-03-24,9321.0,13.0,102,Analytics Suite,Software,Salesperson_2,North America,Inbound,Qualified,True
O-101718,OPP-201718,C-4801,2024-09-26,2024-10-02,2024-10-02,,,102,Analytics Suite,Software,Salesperson_7,Europe,Inbound,Won,True
,OPP-201719,C-4005,2024-06-06,2024-06-29,2024-06-29,14625.0,15.0,201,POS Terminal,Hardware,Salesperson_4,Europe,Outbound,Lead,True
O-101720,OPP-201720,C-1127,2023-05-20,2023-05-29,2023-05-29,,3.0,101,CRM Pro,Software,Salesperson_7,Europe,Inbound,Qualified,
O-101721,OPP-201721,C-3633,2023-06-08,2023-07-01,2023-07-01,12987.0,13.0,101,CRM Pro,Software,Salesperson_10,Asia,Partner,Lost,False
O-101722,OPP-201722,C-3459,2023-01-19,,,9499.0,7.0,103,Sales Booster,Software,Salesperson_1,Europe,Partner,Lost,False
O-101723,OPP-201723,C-1653,2023-04-13,,,11518.0,13.0,102,Analytics Suite,Software,Salesperson_6,North America,Inbound,Lead,
O-101724,OPP-201724,C-1347,2024-03-22,,,15972.0,12.0,102,Analytics Suite,Software,Salesperson_5,Europe,Inbound,Won,False
O-101725,OPP-201725,C-1080,2023-08-05,2023-08-28,2023-08-28,6144.0,6.0,103,Sales Booster,Software,Salesperson_10,Europe,Partner,Lead,
O-101726,OPP-201726,C-1200,2024-05-07,2024-05-25,2024-05-25,300.0,3.0,101,CRM Pro,Software,Salesperson_8,Europe,Outbound,Qualified,False
O-101727,OPP-201727,C-3591,2024-05-28,,,16159.0,11.0,101,CRM Pro,Software,Salesperson_3,Asia,Outbound,Won,True
O-101728,OPP-201728,C-1364,2024-05-07,2024-05-17,2024-05-17,6824.0,8.0,101,CRM Pro,Software,Salesperson_2,Europe,Outbound,Qualified,
O-101729,OPP-201729,C-2502,2023-08-11,2023-08-23,2023-08-23,1715.0,7.0,102,Analytics Suite,Software,Salesperson_8,Asia,,Lost,True
O-101730,OPP-201730,C-2226,2023-05-09,2023-05-30,2023-05-30,11660.0,11.0,102,Analytics Suite,Software,Salesperson_9,Asia,Inbound,Won,False
O-101731,OPP-201731,C-4536,2024-11-05,2024-11-12,2024-11-12,,5.0,101,CRM Pro,Software,Salesperson_3,Asia,Outbound,Qualified,True
O-101732,OPP-201732,C-3581,2023-09-24,2023-10-10,2023-10-10,,13.0,102,Analytics Suite,Software,,Asia,Inbound,Won,False
O-101733,OPP-201733,C-4142,2023-11-29,2023-12-07,2023-12-07,390.0,2.0,201,POS Terminal,Hardware,,Europe,,Lead,True
O-101734,OPP-201734,C-4416,2023-06-30,2023-07-20,,6750.0,15.0,103,Sales Booster,Software,Salesperson_9,North America,Partner,Lead,True
O-101735,OPP-201735,C-4270,2023-10-07,2023-10-31,2023-10-31,1860.0,3.0,103,Sales Booster,Software,Salesperson_5,Europe,Outbound,Lead,True
O-101736,OPP-201736,C-3034,2024-02-11,2024-02-26,2024-02-26,4470.0,15.0,102,Analytics Suite,Software,Salesperson_6,Europe,,Lead,True
O-101737,OPP-201737,C-2862,2023-08-10,2023-08-27,,,7.0,103,Sales Booster,Software,Salesperson_10,Asia,,Lead,
O-101738,OPP-201738,C-2825,2023-07-15,2023-08-07,,4308.0,,103,Sales Booster,Software,,Asia,Partner,Lead,True
O-101739,OPP-201739,C-3156,2023-07-06,2023-07-20,2023-07-20,,11.0,103,Sales Booster,Software,,North America,,Won,True
O-101740,OPP-201740,C-3843,2023-07-04,,,12488.0,14.0,102,Analytics Suite,Software,Salesperson_1,Asia,,Lost,
,OPP-201741,C-4101,2023-05-06,2023-05-12,2023-05-12,6132.0,12.0,201,POS Terminal,Hardware,Salesperson_10,North America,Inbound,Won,False
O-101742,OPP-201742,C-4674,2024-10-12,2024-10-20,2024-10-20,5313.0,7.0,102,Analytics Suite,Software,Salesperson_10,North America,Outbound,Lead,False
O-101743,OPP-201743,C-1984,2024-02-01,,,3714.0,,103,Sales Booster,Software,Salesperson_2,Asia,Partner,Qualified,True
O-101744,OPP-201744,C-3821,2024-07-21,2024-07-27,2024-07-27,2112.0,2.0,101,CRM Pro,Software,Salesperson_1,Asia,Outbound,Lead,True
O-101745,OPP-201745,C-3679,2023-02-20,,,19935.0,15.0,102,Analytics Suite,Software,Salesperson_9,Asia,Outbound,Won,False
O-101746,OPP-201746,C-3015,2024-11-04,,,2880.0,2.0,101,CRM Pro,Software,Salesperson_6,Europe,Partner,Lead,False
O-101747,OPP-201747,C-4692,2024-02-18,2024-03-10,2024-03-10,3612.0,7.0,103,Sales Booster,Software,Salesperson_8,North America,Partner,Lost,
O-101748,OPP-201748,C-1103,2024-11-14,2024-11-24,2024-11-24,21435.0,15.0,201,POS Terminal,Hardware,Salesperson_6,Asia,,Won,False
O-101749,OPP-201749,C-2945,2024-07-17,2024-08-04,2024-08-04,1995.0,5.0,102,Analytics Suite,Software,Salesperson_2,Europe,Outbound,Lead,True
O-101750,OPP-201750,C-4839,2023-03-15,2023-03-24,2023-03-24,3576.0,6.0,101,CRM Pro,Software,Salesperson_3,Europe,Inbound,Lead,False
O-101751,OPP-201751,C-1652,2023-11-17,,,10571.0,11.0,103,Sales Booster,Software,Salesperson_4,Asia,Partner,Qualified,True
O-101752,OPP-201752,C-1801,2024-07-12,2024-07-29,,3840.0,4.0,201,POS Terminal,Hardware,Salesperson_4,North America,Partner,Qualified,
O-101753,OPP-201753,C-4152,2024-02-04,2024-02-18,2024-02-18,6384.0,7.0,102,Analytics Suite,Software,,North America,Inbound,Won,False
O-101754,OPP-201754,C-2049,2023-07-03,2023-07-22,2023-07-22,12089.0,11.0,101,CRM Pro,Software,Salesperson_1,Europe,Partner,Won,True
O-101755,OPP-201755,C-1438,2023-04-13,2023-04-18,,,,101,CRM Pro,Software,,North America,Partner,Lead,False
O-101756,OPP-201756,C-1019,2024-06-28,2024-07-03,,2184.0,4.0,102,Analytics Suite,Software,Salesperson_5,Asia,Inbound,Lost,False
O-101757,OPP-201757,C-2568,2023-01-25,2023-02-13,2023-02-13,13936.0,13.0,103,Sales Booster,Software,Salesperson_6,Europe,Inbound,Won,False
O-101758,OPP-201758,C-1524,2024-05-13,,,16156.0,14.0,201,POS Terminal,Hardware,Salesperson_6,Asia,,Won,True
O-101759,OPP-201759,C-2510,2024-02-21,2024-03-15,2024-03-15,15120.0,14.0,101,CRM Pro,Software,,Asia,Inbound,Lead,False
O-101760,OPP-201760,C-1071,2023-11-01,2023-11-14,2023-11-14,,13.0,103,Sales Booster,Software,,Asia,Partner,Qualified,
O-101761,OPP-201761,C-4657,2024-08-18,2024-08-27,2024-08-27,,4.0,102,Analytics Suite,Software,Salesperson_4,Europe,Inbound,Won,False
O-101762,OPP-201762,C-3352,2024-01-18,,,1928.0,2.0,103,Sales Booster,Software,Salesperson_4,North America,Outbound,Lead,True
O-101763,OPP-201763,C-1085,2023-01-13,,,,8.0,201,POS Terminal,Hardware,Salesperson_2,Asia,Inbound,Lost,True
O-101764,OPP-201764,C-1054,2024-11-14,2024-12-04,2024-12-04,9492.0,12.0,201,POS Terminal,Hardware,Salesperson_6,North America,Partner,Won,True
O-101765,OPP-201765,C-4182,2023-08-02,,,5796.0,9.0,102,Analytics Suite,Software,Salesperson_5,Europe,Inbound,Qualified,False
O-101766,OPP-201766,C-1266,2024-09-08,2024-09-21,2024-09-21,,4.0,101,CRM Pro,Software,Salesperson_3,North America,Outbound,Lead,True
O-101767,OPP-201767,C-1302,2024-03-21,,,8024.0,8.0,201,POS Terminal,Hardware,Salesperson_8,Europe,Outbound,Lead,False
O-101768,OPP-201768,C-3347,2023-04-07,2023-04-23,,643.0,,101,CRM Pro,Software,Salesperson_9,North America,Inbound,Qualified,True
O-101769,OPP-201769,C-1657,2023-01-25,2023-02-02,2023-02-02,21075.0,15.0,101,CRM Pro,Software,Salesperson_7,Asia,Partner,Lost,False
O-101770,OPP-201770,C-2033,2023-08-26,,,618.0,6.0,101,CRM Pro,Software,Salesperson_1,North America,,Qualified,False
O-101771,OPP-201771,C-1460,2023-10-19,2023-11-01,2023-11-01,2908.0,2.0,103,Sales Booster,Software,Salesperson_2,Asia,Partner,Qualified,True
O-101772,OPP-201772,C-3921,2024-03-21,2024-04-05,,7605.0,15.0,101,CRM Pro,Software,Salesperson_6,Asia,Partner,Lead,False
O-101773,OPP-201773,C-2505,2024-05-24,2024-06-04,2024-06-04,2885.0,5.0,102,Analytics Suite,Software,Salesperson_6,Europe,Partner,Won,False
O-101774,OPP-201774,C-3327,2024-03-15,2024-04-02,2024-04-02,2382.0,3.0,201,POS Terminal,Hardware,Salesperson_3,North America,Outbound,Won,True
O-101775,OPP-201775,C-1007,2023-11-21,2023-12-16,2023-12-16,,7.0,103,Sales Booster,Software,Salesperson_7,North America,Inbound,Qualified,False
O-101776,OPP-201776,C-3156,2024-08-28,2024-09-18,2024-09-18,6210.0,10.0,103,Sales Booster,Software,Salesperson_9,Asia,Partner,Lead,True
O-101777,OPP-201777,C-1525,2023-03-18,2023-04-05,2023-04-05,14092.0,13.0,103,Sales Booster,Software,Salesperson_1,Europe,Inbound,Won,False
O-101778,OPP-201778,C-2289,2023-10-19,2023-11-08,2023-11-08,,6.0,101,CRM Pro,Software,Salesperson_9,Asia,Partner,Qualified,True
O-101779,OPP-201779,C-1975,2023-02-22,,,2875.0,5.0,102,Analytics Suite,Software,Salesperson_2,Europe,Outbound,Lost,False
O-101780,OPP-201780,C-2843,2024-09-06,,,10912.0,11.0,103,Sales Booster,Software,Salesperson_3,Asia,,Qualified,False
O-101781,OPP-201781,C-4702,2023-02-06,2023-02-14,2023-02-14,2204.0,2.0,201,POS Terminal,Hardware,Salesperson_5,Asia,Outbound,Qualified,False
O-101782,OPP-201782,C-2489,2024-03-08,2024-03-16,2024-03-16,8931.0,13.0,102,Analytics Suite,Software,Salesperson_3,Europe,Partner,Qualified,False
O-101783,OPP-201783,C-3772,2023-03-09,2023-03-27,2023-03-27,6132.0,12.0,101,CRM Pro,Software,,North America,Inbound,Won,False
O-101784,OPP-201784,C-4765,2024-07-26,,,,7.0,102,Analytics Suite,Software,Salesperson_6,North America,Partner,Lost,True
O-101785,OPP-201785,C-1123,2024-07-25,2024-08-07,2024-08-07,,12.0,102,Analytics Suite,Software,Salesperson_1,Asia,Inbound,Qualified,False
O-101786,OPP-201786,C-3380,2024-10-11,2024-10-21,2024-10-21,3730.0,10.0,103,Sales Booster,Software,,North America,Partner,Lost,True
,OPP-201787,C-2120,2024-06-23,,,493.0,1.0,101,CRM Pro,Software,Salesperson_9,North America,Partner,Qualified,True
O-101788,OPP-201788,C-3421,2023-06-26,2023-07-11,2023-07-11,8099.0,,101,CRM Pro,Software,Salesperson_9,North America,Outbound,Lead,False
O-101789,OPP-201789,C-4957,2023-04-23,2023-05-10,2023-05-10,8624.0,11.0,201,POS Terminal,Hardware,Salesperson_6,Europe,,Won,True
O-101790,OPP-201790,C-3229,2023-07-01,2023-07-13,2023-07-13,1438.0,2.0,201,POS Terminal,Hardware,Salesperson_6,North America,Outbound,Won,False
O-101791,OPP-201791,C-4571,2024-08-13,,,101.0,1.0,201,POS Terminal,Hardware,Salesperson_1,North America,,Won,True
O-101792,OPP-201792,C-1782,2024-07-04,2024-07-26,2024-07-26,,5.0,102,Analytics Suite,Software,Salesperson_4,Asia,Inbound,Lead,True
O-101793,OPP-201793,C-1923,2023-12-09,,,6780.0,5.0,103,Sales Booster,Software,Salesperson_6,North America,Inbound,Qualified,True
O-101794,OPP-201794,C-2475,2023-04-18,2023-04-30,2023-04-30,,7.0,103,Sales Booster,Software,Salesperson_9,Europe,Outbound,Lead,False
O-101795,OPP-201795,C-3099,2024-09-09,,,6952.0,8.0,101,CRM Pro,Software,Salesperson_10,Europe,,Won,True
O-101796,OPP-201796,C-1066,2024-06-26,2024-07-16,2024-07-16,,2.0,101,CRM Pro,Software,Salesperson_10,Europe,Inbound,Lead,True
O-101797,OPP-201797,C-3307,2024-09-13,2024-09-18,2024-09-18,3592.0,4.0,201,POS Terminal,Hardware,,North America,Inbound,Lead,True
O-101798,OPP-201798,C-3728,2023-03-05,,,4035.0,15.0,102,Analytics Suite,Software,Salesperson_9,Asia,Outbound,Lost,True
O-101799,OPP-201799,C-1284,2024-10-16,2024-10-21,2024-10-21,,12.0,103,Sales Booster,Software,Salesperson_4,Europe,Inbound,Lost,True
O-101800,OPP-201800,C-1101,2023-12-05,2023-12-29,2023-12-29,5085.0,15.0,201,POS Terminal,Hardware,Salesperson_4,Asia,Inbound,Qualified,False
O-101801,OPP-201801,C-1710,2024-12-25,2025-01-16,2025-01-16,,7.0,201,POS Terminal,Hardware,Salesperson_6,Asia,Outbound,Lead,True
O-101802,OPP-201802,C-2982,2023-07-22,2023-08-12,2023-08-12,1028.0,4.0,102,Analytics Suite,Software,Salesperson_7,Asia,Outbound,Won,True
,OPP-201803,C-3974,2023-01-09,,,5780.0,4.0,101,CRM Pro,Software,Salesperson_1,Asia,Inbound,Qualified,False
O-101804,OPP-201804,C-3061,2024-03-31,,,15639.0,13.0,102,Analytics Suite,Software,Salesperson_7,Asia,Outbound,Lost,True
O-101805,OPP-201805,C-3895,2023-11-12,2023-12-03,2023-12-03,2000.0,2.0,201,POS Terminal,Hardware,,North America,Outbound,Lost,False
O-101806,OPP-201806,C-4714,2024-05-09,2024-05-30,2024-05-30,17080.0,,201,POS Terminal,Hardware,Salesperson_6,Europe,,Qualified,False
O-101807,OPP-201807,C-4012,2024-07-08,2024-07-17,2024-07-17,1409.0,1.0,102,Analytics Suite,Software,Salesperson_2,Europe,Outbound,Won,True
O-101808,OPP-201808,C-3830,2023-03-02,2023-03-08,,9243.0,13.0,103,Sales Booster,Software,Salesperson_9,Asia,Partner,Lead,False
O-101809,OPP-201809,C-2142,2024-06-15,,,11063.0,13.0,201,POS Terminal,Hardware,,Europe,,Qualified,True
O-101810,OPP-201810,C-3893,2023-03-10,2023-03-26,2023-03-26,2148.0,12.0,201,POS Terminal,Hardware,Salesperson_3,Europe,Outbound,Lost,
O-101811,OPP-201811,C-1646,2024-04-23,,,8400.0,8.0,101,CRM Pro,Software,Salesperson_3,North America,Outbound,Qualified,False
O-101812,OPP-201812,C-1433,2024-08-26,2024-09-13,2024-09-13,4431.0,7.0,101,CRM Pro,Software,,Europe,Outbound,Lost,
O-101813,OPP-201813,C-4456,2024-11-20,2024-12-09,2024-12-09,,15.0,101,CRM Pro,Software,Salesperson_7,Europe,,Won,False
O-101814,OPP-201814,C-2103,2024-02-29,,,17400.0,15.0,102,Analytics Suite,Software,Salesperson_1,Europe,,Lead,False
,OPP-201815,C-1848,2024-10-20,2024-11-05,2024-11-05,10257.0,13.0,101,CRM Pro,Software,Salesperson_3,Asia,,Won,False
,OPP-201816,C-3668,2023-07-28,2023-08-18,2023-08-18,,,201,POS Terminal,Hardware,Salesperson_5,North America,Partner,Won,False
O-101817,OPP-201817,C-4781,2024-06-16,2024-06-22,2024-06-22,1064.0,8.0,101,CRM Pro,Software,Salesperson_3,North America,,Lead,False
,OPP-201818,C-1895,2023-12-10,2023-12-26,2023-12-26,878.0,1.0,103,Sales Booster,Software,Salesperson_3,Asia,,Lost,
O-101819,OPP-201819,C-3914,2023-09-25,,,4407.0,3.0,103,Sales Booster,Software,Salesperson_4,North America,,Won,False
O-101820,OPP-201820,C-3733,2024-01-14,2024-01-30,2024-01-30,4716.0,12.0,101,CRM Pro,Software,Salesperson_7,North America,Outbound,Lead,True
O-101821,OPP-201821,C-4233,2023-09-24,2023-10-13,,,12.0,103,Sales Booster,Software,Salesperson_6,Asia,Outbound,Lost,True
O-101822,OPP-201822,C-1003,2023-10-09,2023-10-20,2023-10-20,4755.0,15.0,201,POS Terminal,Hardware,Salesperson_10,Europe,Partner,Lost,True
,OPP-201823,C-4752,2023-11-04,2023-11-14,2023-11-14,4072.0,4.0,103,Sales Booster,Software,Salesperson_3,Europe,Outbound,Lost,True
O-101824,OPP-201824,C-3324,2024-05-13,,,,5.0,103,Sales Booster,Software,Salesperson_6,Europe,,Won,False
O-101825,OPP-201825,C-1529,2024-08-30,2024-09-05,2024-09-05,2716.0,14.0,102,Analytics Suite,Software,Salesperson_7,North America,,Won,True
O-101826,OPP-201826,C-4277,2023-08-09,,,4257.0,9.0,101,CRM Pro,Software,,Asia,Inbound,Lost,True
O-101827,OPP-201827,C-3466,2023-03-30,2023-04-24,2023-04-24,2564.0,4.0,201,POS Terminal,Hardware,Salesperson_5,Europe,Outbound,Lead,True
O-101828,OPP-201828,C-3377,2023-09-10,2023-09-27,2023-09-27,,4.0,101,CRM Pro,Software,Salesperson_2,Europe,Outbound,Lead,False
O-101829,OPP-201829,C-2728,2023-07-12,,,1056.0,8.0,201,POS Terminal,Hardware,Salesperson_7,Europe,,Won,True
O-101830,OPP-201830,C-3409,2023-06-12,2023-06-30,2023-06-30,18291.0,13.0,103,Sales Booster,Software,,Asia,Outbound,Lead,False
O-101831,OPP-201831,C-3690,2024-09-19,2024-10-10,2024-10-10,2620.0,10.0,201,POS Terminal,Hardware,Salesperson_2,North America,Outbound,Lost,True
O-101832,OPP-201832,C-2996,2023-02-19,2023-03-15,,,8.0,102,Analytics Suite,Software,Salesperson_2,North America,Inbound,Lost,True
O-101833,OPP-201833,C-1081,2023-11-16,2023-12-11,2023-12-11,13800.0,12.0,101,CRM Pro,Software,Salesperson_4,North America,Partner,Qualified,True
O-101834,OPP-201834,C-2327,2024-10-08,2024-10-31,2024-10-31,1341.0,3.0,102,Analytics Suite,Software,Salesperson_9,North America,Inbound,Qualified,False
O-101835,OPP-201835,C-3153,2024-06-06,,,,3.0,103,Sales Booster,Software,Salesperson_2,Asia,Inbound,Won,False
O-101836,OPP-201836,C-3710,2023-06-06,2023-06-16,2023-06-16,9352.0,7.0,103,Sales Booster,Software,Salesperson_5,Europe,Outbound,Qualified,False
O-101837,OPP-201837,C-4195,2024-11-18,2024-11-26,2024-11-26,,15.0,102,Analytics Suite,Software,,North America,Inbound,Lost,False
O-101838,OPP-201838,C-1708,2024-09-15,2024-09-22,,14670.0,10.0,102,Analytics Suite,Software,Salesperson_6,North America,Inbound,Lead,False
O-101839,OPP-201839,C-3205,2024-08-18,,,1690.0,2.0,201,POS Terminal,Hardware,Salesperson_8,Asia,Inbound,Lost,
O-101840,OPP-201840,C-2154,2023-10-05,2023-10-26,2023-10-26,3493.0,7.0,102,Analytics Suite,Software,Salesperson_8,Europe,,Qualified,True
O-101841,OPP-201841,C-2205,2023-01-31,2023-02-06,2023-02-06,7576.0,8.0,201,POS Terminal,Hardware,,North America,Outbound,Lead,True
O-101842,OPP-201842,C-2226,2024-01-29,2024-02-10,2024-02-10,4760.0,4.0,102,Analytics Suite,Software,Salesperson_3,Asia,Partner,Qualified,False
O-101843,OPP-201843,C-4998,2024-10-31,2024-11-22,2024-11-22,1248.0,,102,Analytics Suite,Software,Salesperson_8,North America,Inbound,Won,True
O-101844,OPP-201844,C-2918,2024-01-26,2024-02-03,2024-02-03,12864.0,12.0,201,POS Terminal,Hardware,Salesperson_5,Asia,Inbound,Lost,True
O-101845,OPP-201845,C-4926,2024-02-04,2024-02-13,2024-02-13,119.0,1.0,101,CRM Pro,Software,Salesperson_8,North America,Partner,Lost,True
O-101846,OPP-201846,C-3598,2024-01-06,2024-01-20,2024-01-20,8274.0,14.0,201,POS Terminal,Hardware,Salesperson_5,Europe,,Qualified,False
O-101847,OPP-201847,C-1044,2023-10-18,2023-11-05,2023-11-05,2316.0,2.0,101,CRM Pro,Software,Salesperson_9,Europe,Inbound,Lead,False
O-101848,OPP-201848,C-1462,2024-07-08,2024-07-16,2024-07-16,2316.0,3.0,103,Sales Booster,Software,Salesperson_3,Europe,,Lost,False
O-101849,OPP-201849,C-1359,2024-04-15,2024-05-07,2024-05-07,2502.0,2.0,102,Analytics Suite,Software,Salesperson_4,Asia,Inbound,Qualified,True
O-101850,OPP-201850,C-4761,2024-04-10,2024-04-15,,,2.0,102,Analytics Suite,Software,Salesperson_2,Europe,Partner,Lead,True
O-101851,OPP-201851,C-2510,2024-11-10,2024-11-19,2024-11-19,1782.0,2.0,103,Sales Booster,Software,Salesperson_3,North America,Inbound,Lost,False
O-101852,OPP-201852,C-3484,2024-04-12,2024-04-19,,4422.0,,103,Sales Booster,Software,Salesperson_7,Asia,,Won,False
O-101853,OPP-201853,C-3887,2023-12-01,2023-12-16,2023-12-16,9480.0,12.0,101,CRM Pro,Software,,Asia,Outbound,Lead,
O-101854,OPP-201854,C-2561,2023-05-10,2023-05-26,,,3.0,102,Analytics Suite,Software,Salesperson_10,North America,Outbound,Won,False
O-101855,OPP-201855,C-3510,2024-02-18,,,1530.0,3.0,103,Sales Booster,Software,Salesperson_1,North America,Outbound,Lost,True
O-101856,OPP-201856,C-1170,2023-07-15,,,6624.0,6.0,101,CRM Pro,Software,Salesperson_7,North America,Inbound,Lost,False
O-101857,OPP-201857,C-2392,2024-04-29,2024-05-22,2024-05-22,13678.0,14.0,102,Analytics Suite,Software,,Asia,Outbound,Lost,True
O-101858,OPP-201858,C-4573,2024-04-06,2024-04-13,2024-04-13,1302.0,3.0,101,CRM Pro,Software,Salesperson_9,Europe,Inbound,Lost,True
O-101859,OPP-201859,C-1279,2023-06-13,2023-07-05,2023-07-05,,11.0,201,POS Terminal,Hardware,Salesperson_2,North America,,Won,False
O-101860,OPP-201860,C-3138,2023-05-25,2023-06-10,2023-06-10,3618.0,6.0,101,CRM Pro,Software,Salesperson_6,North America,Outbound,Lost,False
O-101861,OPP-201861,C-3257,2024-10-25,2024-11-02,2024-11-02,8220.0,15.0,101,CRM Pro,Software,,North America,Inbound,Lost,True
,OPP-201862,C-3632,2024-04-27,2024-05-15,,1166.0,1.0,101,CRM Pro,Software,Salesperson_4,North America,Outbound,Won,False
O-101863,OPP-201863,C-3164,2024-09-15,,,14245.0,11.0,102,Analytics Suite,Software,Salesperson_7,Europe,,Lost,True
O-101864,OPP-201864,C-4771,2023-04-11,2023-04-27,2023-04-27,,3.0,102,Analytics Suite,Software,Salesperson_3,Asia,Partner,Qualified,False
O-101865,OPP-201865,C-3459,2024-11-08,2024-11-13,2024-11-13,10052.0,14.0,201,POS Terminal,Hardware,,North America,,Won,False
O-101866,OPP-201866,C-2207,2024-07-22,2024-08-02,2024-08-02,7502.0,11.0,103,Sales Booster,Software,,Asia,Outbound,Qualified,True
O-101867,OPP-201867,C-3673,2023-04-04,,,5568.0,6.0,103,Sales Booster,Software,,Asia,Partner,Lead,True
O-101868,OPP-201868,C-3549,2024-12-31,2025-01-24,2025-01-24,11400.0,15.0,102,Analytics Suite,Software,Salesperson_7,North America,Inbound,Lost,False
O-101869,OPP-201869,C-2513,2024-11-26,,,133.0,,102,Analytics Suite,Software,Salesperson_4,Europe,Inbound,Lost,False
O-101870,OPP-201870,C-4193,2024-01-25,,,11920.0,10.0,101,CRM Pro,Software,,Europe,Partner,Qualified,
O-101871,OPP-201871,C-2295,2024-09-20,2024-10-03,2024-10-03,2592.0,4.0,102,Analytics Suite,Software,Salesperson_4,North America,Outbound,Lead,
O-101872,OPP-201872,C-1917,2024-12-17,2025-01-06,2025-01-06,713.0,1.0,201,POS Terminal,Hardware,,Europe,Partner,Lost,True
O-101873,OPP-201873,C-3337,2024-07-06,2024-07-12,2024-07-12,14300.0,10.0,103,Sales Booster,Software,Salesperson_5,North America,Inbound,Lead,False
O-101874,OPP-201874,C-2085,2023-06-23,2023-07-11,2023-07-11,12790.0,,101,CRM Pro,Software,Salesperson_10,North America,Partner,Lost,False
O-101875,OPP-201875,C-1365,2023-09-23,2023-10-07,2023-10-07,17808.0,12.0,201,POS Terminal,Hardware,Salesperson_6,North America,Outbound,Lost,True
O-101876,OPP-201876,C-3867,2023-01-06,,,,4.0,102,Analytics Suite,Software,Salesperson_5,Asia,Inbound,Won,
O-101877,OPP-201877,C-4011,2023-11-06,2023-11-24,,20280.0,15.0,102,Analytics Suite,Software,,Asia,Partner,Qualified,True
,OPP-201878,C-1519,2024-09-02,2024-09-13,2024-09-13,1460.0,2.0,102,Analytics Suite,Software,Salesperson_9,North America,Inbound,Lost,True
O-101879,OPP-201879,C-4965,2023-02-26,2023-03-17,2023-03-17,5796.0,,101,CRM Pro,Software,,North America,Partner,Qualified,True
O-101880,OPP-201880,C-2606,2023-11-28,2023-12-19,2023-12-19,11601.0,9.0,201,POS Terminal,Hardware,,North America,Outbound,Qualified,
O-101881,OPP-201881,C-1924,2024-10-23,,,4147.0,13.0,102,Analytics Suite,Software,Salesperson_4,Europe,Outbound,Qualified,
,OPP-201882,C-1361,2023-04-10,,,1866.0,6.0,103,Sales Booster,Software,Salesperson_2,Europe,Outbound,Lead,False
O-101883,OPP-201883,C-2697,2023-06-27,2023-07-22,2023-07-22,,7.0,201,POS Terminal,Hardware,Salesperson_4,North America,Outbound,Qualified,False
O-101884,OPP-201884,C-4621,2023-01-06,2023-01-28,,,8.0,102,Analytics Suite,Software,Salesperson_2,Asia,,Won,False
O-101885,OPP-201885,C-1201,2023-11-29,2023-12-08,2023-12-08,,15.0,201,POS Terminal,Hardware,Salesperson_5,Asia,,Lost,False
O-101886,OPP-201886,C-4355,2023-01-15,,,3612.0,7.0,201,POS Terminal,Hardware,,Asia,Inbound,Lead,False
O-101887,OPP-201887,C-4179,2024-01-23,2024-02-06,2024-02-06,2928.0,8.0,102,Analytics Suite,Software,Salesperson_7,North America,Partner,Qualified,False
O-101888,OPP-201888,C-2484,2024-02-18,2024-02-28,2024-02-28,,,201,POS Terminal,Hardware,Salesperson_2,North America,Outbound,Lost,False
O-101889,OPP-201889,C-2616,2024-01-06,,,4092.0,6.0,103,Sales Booster,Software,Salesperson_4,Asia,Inbound,Won,True
,OPP-201890,C-1573,2023-03-03,2023-03-21,2023-03-21,,14.0,102,Analytics Suite,Software,Salesperson_10,Asia,Inbound,Lost,False
O-101891,OPP-201891,C-2210,2024-07-04,2024-07-18,,16716.0,14.0,201,POS Terminal,Hardware,Salesperson_6,North America,Outbound,Lead,False
O-101892,OPP-201892,C-2724,2023-06-24,,,2622.0,6.0,201,POS Terminal,Hardware,Salesperson_5,Europe,Partner,Lead,False
O-101893,OPP-201893,C-1857,2023-03-26,2023-04-02,2023-04-02,3924.0,4.0,101,CRM Pro,Software,Salesperson_2,North America,Partner,Qualified,True
O-101894,OPP-201894,C-1116,2024-04-13,2024-04-22,2024-04-22,588.0,3.0,201,POS Terminal,Hardware,Salesperson_2,North America,Outbound,Qualified,True
O-101895,OPP-201895,C-3606,2023-12-09,2023-12-30,2023-12-30,1132.0,4.0,102,Analytics Suite,Software,,North America,Outbound,Won,True
O-101896,OPP-201896,C-2570,2024-09-19,2024-10-02,2024-10-02,525.0,5.0,101,CRM Pro,Software,Salesperson_6,North America,Inbound,Lead,False
O-101897,OPP-201897,C-2753,2024-09-07,2024-09-26,2024-09-26,5172.0,4.0,103,Sales Booster,Software,Salesperson_10,Europe,,Lost,
O-101898,OPP-201898,C-4934,2024-01-29,2024-02-07,2024-02-07,7370.0,5.0,201,POS Terminal,Hardware,Salesperson_10,Asia,Partner,Lost,False
,OPP-201899,C-2020,2024-04-20,,,5782.0,7.0,101,CRM Pro,Software,Salesperson_5,North America,Outbound,Lost,False
O-101900,OPP-201900,C-4529,2023-01-24,2023-02-11,2023-02-11,,9.0,102,Analytics Suite,Software,Salesperson_3,Asia,Partner,Won,
O-101901,OPP-201901,C-1811,2023-12-07,2023-12-22,2023-12-22,,11.0,103,Sales Booster,Software,Salesperson_4,Asia,Outbound,Won,False
O-101902,OPP-201902,C-2301,2024-10-17,2024-11-08,2024-11-08,9000.0,8.0,101,CRM Pro,Software,Salesperson_3,Europe,Inbound,Lost,True
O-101903,OPP-201903,C-4188,2023-12-20,2023-12-27,2023-12-27,5761.0,7.0,101,CRM Pro,Software,Salesperson_5,North America,Outbound,Won,True
O-101904,OPP-201904,C-4476,2024-09-23,2024-10-13,2024-10-13,4038.0,3.0,103,Sales Booster,Software,Salesperson_5,North America,Partner,Lead,False
O-101905,OPP-201905,C-1747,2024-03-27,,,,15.0,101,CRM Pro,Software,Salesperson_4,Europe,Partner,Lost,True
O-101906,OPP-201906,C-4630,2023-10-16,,,8659.0,7.0,101,CRM Pro,Software,Salesperson_9,Asia,,Qualified,True
O-101907,OPP-201907,C-3986,2024-02-27,2024-03-06,2024-03-06,4578.0,7.0,201,POS Terminal,Hardware,Salesperson_3,Asia,Inbound,Lost,True
O-101908,OPP-201908,C-2645,2024-12-02,,,,14.0,102,Analytics Suite,Software,,Europe,Inbound,Won,
O-101909,OPP-201909,C-2067,2024-09-19,2024-10-10,,4475.0,5.0,201,POS Terminal,Hardware,Salesperson_1,Asia,Partner,Qualified,False
O-101910,OPP-201910,C-1965,2023-11-21,,,9880.0,8.0,103,Sales Booster,Software,Salesperson_7,Europe,,Lead,
O-101911,OPP-201911,C-1736,2023-10-16,2023-11-06,,8708.0,14.0,201,POS Terminal,Hardware,Salesperson_6,Europe,Inbound,Lead,True
O-101912,OPP-201912,C-1220,2023-01-28,2023-02-15,2023-02-15,1412.0,1.0,103,Sales Booster,Software,Salesperson_3,North America,Outbound,Lead,True
O-101913,OPP-201913,C-1963,2023-07-19,2023-07-28,2023-07-28,7980.0,15.0,102,Analytics Suite,Software,Salesperson_5,North America,,Won,False
O-101914,OPP-201914,C-1525,2023-01-21,2023-02-05,,10794.0,14.0,201,POS Terminal,Hardware,Salesperson_6,North America,,Won,True
O-101915,OPP-201915,C-4037,2024-11-11,2024-11-27,2024-11-27,,6.0,103,Sales Booster,Software,,Asia,Inbound,Qualified,False
O-101916,OPP-201916,C-1070,2024-09-29,2024-10-19,2024-10-19,13210.0,10.0,201,POS Terminal,Hardware,Salesperson_2,Asia,Partner,Lost,True
O-101917,OPP-201917,C-2003,2024-06-11,,,16049.0,11.0,103,Sales Booster,Software,Salesperson_2,Europe,,Qualified,True
O-101918,OPP-201918,C-4806,2024-05-07,2024-05-14,2024-05-14,15686.0,,103,Sales Booster,Software,Salesperson_3,Europe,Partner,Lead,False
O-101919,OPP-201919,C-3852,2023-06-17,2023-07-11,2023-07-11,1166.0,11.0,102,Analytics Suite,Software,Salesperson_6,North America,Inbound,Lead,False
O-101920,OPP-201920,C-1265,2024-05-24,,,,12.0,103,Sales Booster,Software,Salesperson_7,North America,Partner,Won,True
O-101921,OPP-201921,C-4156,2024-05-12,2024-05-28,,5810.0,7.0,103,Sales Booster,Software,Salesperson_10,Asia,Inbound,Won,False
O-101922,OPP-201922,C-4447,2023-12-29,2024-01-22,2024-01-22,1980.0,15.0,102,Analytics Suite,Software,Salesperson_9,Asia,Outbound,Won,False
O-101923,OPP-201923,C-1105,2024-05-26,2024-06-13,2024-06-13,11928.0,12.0,201,POS Terminal,Hardware,,Europe,Outbound,Lost,False
O-101924,OPP-201924,C-4554,2023-06-19,2023-07-09,2023-07-09,1131.0,3.0,103,Sales Booster,Software,Salesperson_6,North America,Partner,Qualified,True
O-101925,OPP-201925,C-1063,2023-01-30,2023-02-08,2023-02-08,,,102,Analytics Suite,Software,Salesperson_3,Asia,Partner,Qualified,True
O-101926,OPP-201926,C-3985,2024-05-05,,,2181.0,3.0,102,Analytics Suite,Software,Salesperson_1,Europe,Inbound,Lost,False
O-101927,OPP-201927,C-3357,2023-03-16,2023-04-04,2023-04-04,130.0,1.0,102,Analytics Suite,Software,,Asia,Partner,Qualified,True
,OPP-201928,C-1027,2024-11-25,2024-12-01,,2948.0,,103,Sales Booster,Software,,Europe,Outbound,Qualified,True
O-101929,OPP-201929,C-2341,2023-08-07,2023-08-19,2023-08-19,3402.0,14.0,102,Analytics Suite,Software,Salesperson_1,Asia,Inbound,Won,True
O-101930,OPP-201930,C-1493,2023-12-05,2023-12-28,2023-12-28,9828.0,9.0,201,POS Terminal,Hardware,Salesperson_3,Europe,Partner,Lead,False
O-101931,OPP-201931,C-2085,2023-09-07,2023-09-28,2023-09-28,3760.0,,103,Sales Booster,Software,Salesperson_3,Asia,Inbound,Lead,True
O-101932,OPP-201932,C-2880,2023-12-26,2024-01-05,2024-01-05,21075.0,,201,POS Terminal,Hardware,Salesperson_4,Europe,Partner,Qualified,False
O-101933,OPP-201933,C-4349,2023-08-02,2023-08-27,2023-08-27,,10.0,102,Analytics Suite,Software,Salesperson_8,Europe,Inbound,Won,
,OPP-201934,C-4389,2023-05-13,2023-05-26,2023-05-26,231.0,,201,POS Terminal,Hardware,Salesperson_7,Asia,Inbound,Won,False
O-101935,OPP-201935,C-1251,2024-11-16,,,13221.0,13.0,201,POS Terminal,Hardware,Salesperson_6,North America,,Won,True
O-101936,OPP-201936,C-1836,2023-03-03,2023-03-20,2023-03-20,13760.0,10.0,201,POS Terminal,Hardware,Salesperson_8,Europe,Partner,Won,
O-101937,OPP-201937,C-4249,2024-11-16,2024-11-26,2024-11-26,13507.0,13.0,201,POS Terminal,Hardware,,Asia,,Qualified,True
O-101938,OPP-201938,C-4029,2023-05-21,2023-06-06,,2708.0,4.0,201,POS Terminal,Hardware,Salesperson_4,Europe,Outbound,Qualified,True
O-101939,OPP-201939,C-3981,2024-11-13,2024-12-03,,9541.0,7.0,101,CRM Pro,Software,Salesperson_4,North America,,Lead,False
O-101940,OPP-201940,C-2567,2023-10-15,2023-10-24,2023-10-24,13810.0,10.0,201,POS Terminal,Hardware,Salesperson_4,Europe,Partner,Qualified,False
O-101941,OPP-201941,C-1496,2023-02-15,2023-03-11,2023-03-11,10224.0,9.0,102,Analytics Suite,Software,Salesperson_9,Europe,,Qualified,False
O-101942,OPP-201942,C-2723,2024-12-15,,,12380.0,10.0,101,CRM Pro,Software,Salesperson_2,North America,Partner,Lead,False
O-101943,OPP-201943,C-4205,2024-12-23,2025-01-16,2025-01-16,22185.0,15.0,201,POS Terminal,Hardware,,Asia,Inbound,Qualified,True
O-101944,OPP-201944,C-3248,2024-06-22,2024-06-30,2024-06-30,13176.0,9.0,102,Analytics Suite,Software,Salesperson_5,Asia,,Lead,False
O-101945,OPP-201945,C-3414,2023-04-13,2023-04-18,2023-04-18,2058.0,3.0,102,Analytics Suite,Software,Salesperson_9,Europe,Inbound,Lead,False
O-101946,OPP-201946,C-3243,2023-07-27,,,708.0,3.0,103,Sales Booster,Software,Salesperson_3,Asia,Partner,Lead,False
O-101947,OPP-201947,C-4994,2023-04-14,2023-04-27,2023-04-27,2448.0,12.0,103,Sales Booster,Software,Salesperson_4,North America,Partner,Won,True
,OPP-201948,C-4072,2024-01-08,2024-01-31,2024-01-31,2486.0,11.0,102,Analytics Suite,Software,Salesperson_2,Asia,Outbound,Lead,False
O-101949,OPP-201949,C-2193,2024-07-10,,,13266.0,11.0,101,CRM Pro,Software,Salesperson_10,Europe,,Won,True
O-101950,OPP-201950,C-1946,2023-03-05,,,19995.0,15.0,101,CRM Pro,Software,Salesperson_1,Europe,,Lost,False
O-101951,OPP-201951,C-4691,2023-11-27,2023-12-15,2023-12-15,1032.0,,101,CRM Pro,Software,Salesperson_6,North America,Outbound,Lead,True
O-101952,OPP-201952,C-3517,2023-04-29,,,5292.0,7.0,201,POS Terminal,Hardware,Salesperson_4,Europe,Outbound,Qualified,True
O-101953,OPP-201953,C-3794,2024-07-06,2024-07-12,2024-07-12,,10.0,101,CRM Pro,Software,Salesperson_8,Asia,Inbound,Lead,False
,OPP-201954,C-4768,2023-12-02,2023-12-13,2023-12-13,,5.0,201,POS Terminal,Hardware,Salesperson_4,North America,Partner,Won,False
O-101955,OPP-201955,C-1687,2023-11-22,,,4176.0,,103,Sales Booster,Software,,Asia,,Qualified,False
O-101956,OPP-201956,C-4819,2024-12-01,2024-12-15,2024-12-15,1626.0,3.0,102,Analytics Suite,Software,Salesperson_10,Asia,Partner,Qualified,False
O-101957,OPP-201957,C-4530,2024-05-29,2024-06-23,,1968.0,4.0,101,CRM Pro,Software,Salesperson_6,Asia,Partner,Lead,False
O-101958,OPP-201958,C-2317,2023-02-27,2023-03-06,2023-03-06,3906.0,14.0,102,Analytics Suite,Software,Salesperson_10,Asia,Inbound,Won,True
O-101959,OPP-201959,C-2176,2024-08-23,2024-09-03,2024-09-03,1552.0,2.0,102,Analytics Suite,Software,Salesperson_9,Asia,Partner,Lost,True
O-101960,OPP-201960,C-3582,2024-07-23,,,4816.0,8.0,102,Analytics Suite,Software,,Europe,Partner,Qualified,
O-101961,OPP-201961,C-1301,2023-10-08,2023-10-29,2023-10-29,1235.0,5.0,101,CRM Pro,Software,Salesperson_4,Europe,Inbound,Won,False
O-101962,OPP-201962,C-1603,2024-06-03,2024-06-20,2024-06-20,260.0,1.0,103,Sales Booster,Software,Salesperson_9,Asia,Inbound,Won,False
O-101963,OPP-201963,C-4803,2024-07-07,,,8100.0,9.0,103,Sales Booster,Software,Salesperson_10,Asia,Inbound,Qualified,True
O-101964,OPP-201964,C-3011,2023-05-24,,,,10.0,201,POS Terminal,Hardware,Salesperson_3,Europe,Partner,Won,True
O-101965,OPP-201965,C-4326,2024-02-28,2024-03-06,2024-03-06,12267.0,9.0,103,Sales Booster,Software,,Europe,,Won,True
O-101966,OPP-201966,C-4281,2024-11-18,2024-11-29,2024-11-29,18956.0,14.0,103,Sales Booster,Software,Salesperson_1,Asia,,Won,False
O-101967,OPP-201967,C-2872,2023-04-03,2023-04-23,2023-04-23,14184.0,12.0,201,POS Terminal,Hardware,,Europe,Inbound,Won,True
O-101968,OPP-201968,C-4366,2023-01-13,2023-01-23,2023-01-23,14232.0,12.0,102,Analytics Suite,Software,Salesperson_5,Asia,,Lead,True
O-101969,OPP-201969,C-1923,2023-07-17,2023-07-24,2023-07-24,,10.0,102,Analytics Suite,Software,Salesperson_10,Asia,Inbound,Lead,False
O-101970,OPP-201970,C-1123,2024-02-22,2024-03-16,2024-03-16,1036.0,2.0,101,CRM Pro,Software,Salesperson_2,North America,Outbound,Lead,False
O-101971,OPP-201971,C-3736,2023-12-06,2023-12-20,2023-12-20,3285.0,3.0,201,POS Terminal,Hardware,,North America,Inbound,Qualified,False
O-101972,OPP-201972,C-2187,2023-10-14,2023-11-08,2023-11-08,1248.0,12.0,201,POS Terminal,Hardware,Salesperson_2,Europe,,Qualified,False
O-101973,OPP-201973,C-2438,2024-06-03,2024-06-16,2024-06-16,,9.0,103,Sales Booster,Software,Salesperson_5,Europe,Partner,Qualified,False
O-101974,OPP-201974,C-1580,2023-02-24,,,3024.0,4.0,103,Sales Booster,Software,Salesperson_5,Asia,Inbound,Won,False
O-101975,OPP-201975,C-1045,2024-12-28,,,,14.0,201,POS Terminal,Hardware,Salesperson_1,Asia,Outbound,Qualified,False
O-101976,OPP-201976,C-4229,2024-11-02,,,3260.0,10.0,103,Sales Booster,Software,,Asia,Outbound,Qualified,True
O-101977,OPP-201977,C-4300,2024-12-06,,,1050.0,5.0,103,Sales Booster,Software,Salesperson_10,Asia,Partner,Qualified,False
O-101978,OPP-201978,C-2698,2024-05-12,,,9108.0,9.0,102,Analytics Suite,Software,Salesperson_3,North America,Inbound,Qualified,True
O-101979,OPP-201979,C-1462,2023-04-19,,,12303.0,9.0,103,Sales Booster,Software,Salesperson_7,North America,Outbound,Qualified,True
O-101980,OPP-201980,C-1069,2023-10-30,2023-11-21,2023-11-21,13860.0,10.0,102,Analytics Suite,Software,Salesperson_3,Europe,Inbound,Lead,False
O-101981,OPP-201981,C-3766,2023-04-26,2023-05-14,2023-05-14,4045.0,5.0,201,POS Terminal,Hardware,Salesperson_1,North America,Outbound,Qualified,True
O-101982,OPP-201982,C-4575,2023-09-27,,,1016.0,4.0,102,Analytics Suite,Software,Salesperson_4,Asia,,Lost,False
O-101983,OPP-201983,C-2932,2024-11-26,2024-12-18,2024-12-18,3978.0,13.0,201,POS Terminal,Hardware,Salesperson_7,Asia,Inbound,Lost,True
O-101984,OPP-201984,C-1915,2023-12-24,2024-01-11,2024-01-11,3438.0,6.0,102,Analytics Suite,Software,Salesperson_8,North America,Outbound,Qualified,
O-101985,OPP-201985,C-1139,2023-05-13,,,,11.0,101,CRM Pro,Software,Salesperson_6,Europe,Inbound,Qualified,True
O-101986,OPP-201986,C-3861,2023-12-02,,,,5.0,201,POS Terminal,Hardware,Salesperson_6,Asia,Inbound,Won,False
O-101987,OPP-201987,C-1803,2024-08-01,,,,14.0,103,Sales Booster,Software,Salesperson_6,Asia,Outbound,Lead,False
O-101988,OPP-201988,C-2907,2024-08-21,2024-09-02,2024-09-02,6331.0,13.0,102,Analytics Suite,Software,Salesperson_6,Europe,Inbound,Won,False
O-101989,OPP-201989,C-2019,2024-03-03,2024-03-22,2024-03-22,5000.0,5.0,101,CRM Pro,Software,Salesperson_2,North America,Inbound,Lost,False
O-101990,OPP-201990,C-2789,2023-05-19,2023-05-28,2023-05-28,597.0,1.0,101,CRM Pro,Software,Salesperson_6,Europe,Inbound,Lost,False
O-101991,OPP-201991,C-3367,2024-09-29,2024-10-19,2024-10-19,4039.0,7.0,103,Sales Booster,Software,Salesperson_1,Asia,Partner,Lost,True
O-101992,OPP-201992,C-3809,2023-10-01,2023-10-21,2023-10-21,1890.0,6.0,201,POS Terminal,Hardware,Salesperson_4,North America,Inbound,Lost,False
O-101993,OPP-201993,C-5000,2024-06-01,,,4578.0,7.0,101,CRM Pro,Software,,Europe,,Lead,
O-101994,OPP-201994,C-4813,2023-02-26,,,12120.0,10.0,101,CRM Pro,Software,Salesperson_9,Asia,Inbound,Lost,
O-101995,OPP-201995,C-1272,2023-02-25,2023-03-19,2023-03-19,,13.0,101,CRM Pro,Software,,Asia,Inbound,Lost,True
,OPP-201996,C-2237,2023-10-04,2023-10-26,,2968.0,7.0,103,Sales Booster,Software,Salesperson_2,Asia,Outbound,Lead,True
O-101997,OPP-201997,C-1530,2023-08-03,2023-08-24,2023-08-24,1419.0,,103,Sales Booster,Software,Salesperson_9,Europe,Inbound,Qualified,
O-101998,OPP-201998,C-1891,2023-09-03,2023-09-10,2023-09-10,3120.0,12.0,102,Analytics Suite,Software,Salesperson_1,Europe,,Won,True
O-101999,OPP-201999,C-2461,2024-10-23,2024-11-14,2024-11-14,10408.0,8.0,201,POS Terminal,Hardware,Salesperson_4,North America,Outbound,Qualified,True
O-102000,OPP-202000,C-3932,2024-03-29,2024-04-15,2024-04-15,,2.0,101,CRM Pro,Software,Salesperson_3,Europe,,Qualified,True
O-102001,OPP-202001,C-2528,2024-12-26,,,7716.0,12.0,103,Sales Booster,Software,Salesperson_8,North America,Partner,Lost,False
O-102002,OPP-202002,C-1084,2024-11-02,2024-11-09,2024-11-09,7749.0,9.0,101,CRM Pro,Software,Salesperson_6,North America,Partner,Lost,False
O-102003,OPP-202003,C-1827,2023-05-27,2023-06-17,,15433.0,11.0,101,CRM Pro,Software,Salesperson_2,Asia,Inbound,Lead,True
O-102004,OPP-202004,C-2276,2023-01-01,2023-01-21,,6030.0,5.0,103,Sales Booster,Software,Salesperson_6,North America,Outbound,Qualified,True
,OPP-202005,C-3653,2023-01-11,2023-01-16,2023-01-16,668.0,,103,Sales Booster,Software,,North America,Outbound,Lead,False
O-102006,OPP-202006,C-3803,2023-01-16,,,8100.0,9.0,102,Analytics Suite,Software,Salesperson_2,Europe,,Won,False
O-102007,OPP-202007,C-1116,2024-02-03,2024-02-15,2024-02-15,16188.0,12.0,201,POS Terminal,Hardware,Salesperson_7,Asia,Outbound,Lost,
O-102008,OPP-202008,C-2283,2024-02-13,,,3438.0,9.0,101,CRM Pro,Software,Salesperson_5,Asia,Outbound,Lead,False
O-102009,OPP-202009,C-4873,2024-03-30,2024-04-15,2024-04-15,9376.0,,102,Analytics Suite,Software,Salesperson_2,Europe,Partner,Won,False
O-102010,OPP-202010,C-4346,2023-04-06,2023-04-16,2023-04-16,938.0,7.0,201,POS Terminal,Hardware,Salesperson_6,North America,Inbound,Lead,
O-102011,OPP-202011,C-4852,2024-01-14,2024-01-20,2024-01-20,13247.0,13.0,101,CRM Pro,Software,,North America,Inbound,Won,False
O-102012,OPP-202012,C-2506,2023-02-06,2023-03-01,2023-03-01,10600.0,,102,Analytics Suite,Software,Salesperson_9,North America,Partner,Lost,True
O-102013,OPP-202013,C-3653,2023-09-04,2023-09-09,2023-09-09,6132.0,14.0,101,CRM Pro,Software,Salesperson_5,Europe,Inbound,Lost,False
O-102014,OPP-202014,C-1895,2023-12-09,,,1104.0,6.0,102,Analytics Suite,Software,,North America,,Won,False
,OPP-202015,C-3711,2024-03-07,2024-03-25,2024-03-25,,11.0,102,Analytics Suite,Software,Salesperson_4,Europe,Partner,Won,False
O-102016,OPP-202016,C-1278,2024-09-10,2024-09-17,2024-09-17,13637.0,13.0,101,CRM Pro,Software,Salesperson_7,Asia,Inbound,Lost,True
O-102017,OPP-202017,C-2208,2023-03-16,,,3548.0,4.0,102,Analytics Suite,Software,Salesperson_1,Asia,Outbound,Lost,False
O-102018,OPP-202018,C-3019,2024-04-04,2024-04-18,2024-04-18,7240.0,10.0,102,Analytics Suite,Software,Salesperson_9,Europe,Outbound,Won,False
O-102019,OPP-202019,C-3840,2024-01-05,,,3195.0,15.0,201,POS Terminal,Hardware,,North America,Outbound,Qualified,True
O-102020,OPP-202020,C-3450,2024-01-19,2024-02-07,2024-02-07,1334.0,2.0,201,POS Terminal,Hardware,Salesperson_5,North America,Inbound,Lead,False
O-102021,OPP-202021,C-1648,2023-04-18,,,2544.0,8.0,201,POS Terminal,Hardware,Salesperson_5,North America,,Lost,True
O-102022,OPP-202022,C-1634,2023-09-06,2023-09-21,2023-09-21,13560.0,15.0,102,Analytics Suite,Software,Salesperson_8,Asia,Outbound,Lost,
O-102023,OPP-202023,C-2721,2024-05-24,2024-06-14,,707.0,1.0,101,CRM Pro,Software,Salesperson_1,North America,Inbound,Lead,False
O-102024,OPP-202024,C-3893,2024-03-22,2024-04-01,,,7.0,102,Analytics Suite,Software,Salesperson_10,Europe,Inbound,Qualified,True
O-102025,OPP-202025,C-3768,2023-01-08,2023-01-17,2023-01-17,11895.0,15.0,201,POS Terminal,Hardware,,Asia,Partner,Lead,False
O-102026,OPP-202026,C-1536,2023-04-03,2023-04-13,2023-04-13,2580.0,10.0,103,Sales Booster,Software,Salesperson_2,Asia,Outbound,Lead,False
O-102027,OPP-202027,C-4564,2023-01-26,,,10550.0,10.0,101,CRM Pro,Software,Salesperson_5,Asia,Inbound,Won,True
,OPP-202028,C-1627,2023-05-23,2023-06-11,2023-06-11,3928.0,8.0,201,POS Terminal,Hardware,Salesperson_4,North America,Inbound,Qualified,False
O-102029,OPP-202029,C-1838,2024-01-10,,,4632.0,8.0,103,Sales Booster,Software,Salesperson_1,North America,Inbound,Won,False
O-102030,OPP-202030,C-4072,2023-01-29,,,3276.0,4.0,101,CRM Pro,Software,Salesperson_3,Europe,Outbound,Lead,
O-102031,OPP-202031,C-3155,2023-01-10,2023-02-02,,3204.0,9.0,201,POS Terminal,Hardware,,North America,Inbound,Won,False
O-102032,OPP-202032,C-1411,2024-10-05,2024-10-10,2024-10-10,15169.0,11.0,103,Sales Booster,Software,Salesperson_7,Asia,Outbound,Lead,True
O-102033,OPP-202033,C-4337,2024-08-23,,,4818.0,11.0,101,CRM Pro,Software,Salesperson_2,North America,,Lead,True
O-102034,OPP-202034,C-2788,2023-11-03,2023-11-28,2023-11-28,,2.0,103,Sales Booster,Software,Salesperson_7,North America,Inbound,Lost,False
O-102035,OPP-202035,C-4562,2024-05-25,2024-06-19,2024-06-19,7620.0,15.0,201,POS Terminal,Hardware,,Asia,Inbound,Lost,True
O-102036,OPP-202036,C-2832,2024-03-22,2024-04-13,2024-04-13,,15.0,201,POS Terminal,Hardware,Salesperson_4,Asia,,Won,True
O-102037,OPP-202037,C-2816,2024-12-24,2025-01-01,2025-01-01,3228.0,12.0,102,Analytics Suite,Software,Salesperson_10,North America,Outbound,Lost,False
O-102038,OPP-202038,C-3405,2023-09-14,2023-09-26,2023-09-26,,6.0,102,Analytics Suite,Software,Salesperson_5,Europe,Partner,Qualified,False
O-102039,OPP-202039,C-3028,2023-03-30,2023-04-24,2023-04-24,11780.0,10.0,101,CRM Pro,Software,Salesperson_1,Asia,Outbound,Lost,False
O-102040,OPP-202040,C-4110,2023-01-13,,,290.0,,201,POS Terminal,Hardware,Salesperson_4,Asia,Inbound,Lost,True
O-102041,OPP-202041,C-2468,2023-01-12,2023-01-17,2023-01-17,,12.0,101,CRM Pro,Software,Salesperson_4,Europe,Partner,Qualified,False
O-102042,OPP-202042,C-1183,2023-04-05,2023-04-20,2023-04-20,5948.0,4.0,103,Sales Booster,Software,Salesperson_7,Europe,Outbound,Won,True
,OPP-202043,C-4287,2024-04-12,2024-05-03,2024-05-03,,6.0,201,POS Terminal,Hardware,Salesperson_10,Asia,,Qualified,True
O-102044,OPP-202044,C-1973,2024-01-17,2024-01-28,2024-01-28,744.0,2.0,101,CRM Pro,Software,Salesperson_3,Asia,Inbound,Lost,True
O-102045,OPP-202045,C-3292,2023-04-05,2023-04-27,2023-04-27,8096.0,11.0,201,POS Terminal,Hardware,Salesperson_2,Asia,Partner,Lead,False
O-102046,OPP-202046,C-4278,2024-10-31,,,13552.0,11.0,201,POS Terminal,Hardware,Salesperson_6,Asia,Partner,Lead,True
O-102047,OPP-202047,C-4684,2023-06-09,,,,8.0,101,CRM Pro,Software,Salesperson_3,Europe,Inbound,Qualified,False
O-102048,OPP-202048,C-4566,2024-09-05,2024-09-26,2024-09-26,3213.0,3.0,102,Analytics Suite,Software,Salesperson_8,North America,Partner,Qualified,True
O-102049,OPP-202049,C-4278,2024-06-09,2024-07-02,2024-07-02,4532.0,4.0,102,Analytics Suite,Software,Salesperson_7,Europe,Partner,Won,False
O-102050,OPP-202050,C-1063,2023-05-04,2023-05-11,2023-05-11,15422.0,11.0,201,POS Terminal,Hardware,Salesperson_8,Asia,,Qualified,True
O-102051,OPP-202051,C-4340,2023-10-11,,,858.0,2.0,101,CRM Pro,Software,Salesperson_10,Asia,Inbound,Won,
O-102052,OPP-202052,C-2951,2023-07-31,,,2990.0,10.0,102,Analytics Suite,Software,,North America,,Lead,False
O-102053,OPP-202053,C-4487,2024-01-04,2024-01-21,2024-01-21,5460.0,7.0,102,Analytics Suite,Software,Salesperson_8,Europe,Inbound,Qualified,True
O-102054,OPP-202054,C-3042,2024-01-25,2024-02-02,2024-02-02,8505.0,9.0,101,CRM Pro,Software,Salesperson_10,North America,,Lost,
O-102055,OPP-202055,C-1880,2023-01-16,2023-02-04,2023-02-04,6105.0,15.0,103,Sales Booster,Software,Salesperson_7,Europe,Partner,Won,False
O-102056,OPP-202056,C-4257,2024-01-16,2024-02-05,2024-02-05,3980.0,4.0,101,CRM Pro,Software,,Europe,Inbound,Lost,True
O-102057,OPP-202057,C-3204,2023-12-04,2023-12-15,2023-12-15,446.0,1.0,201,POS Terminal,Hardware,Salesperson_10,Europe,Partner,Lost,False
O-102058,OPP-202058,C-1510,2023-08-20,,,1617.0,7.0,201,POS Terminal,Hardware,Salesperson_6,North America,Outbound,Lead,True
O-102059,OPP-202059,C-1639,2024-01-07,2024-01-21,2024-01-21,14274.0,13.0,101,CRM Pro,Software,Salesperson_9,Asia,,Lead,True
O-102060,OPP-202060,C-3535,2023-02-21,2023-03-11,2023-03-11,11495.0,11.0,201,POS Terminal,Hardware,Salesperson_10,North America,Partner,Lead,True
O-102061,OPP-202061,C-2464,2023-03-28,2023-04-20,2023-04-20,11907.0,9.0,102,Analytics Suite,Software,Salesperson_5,North America,Partner,Won,False
O-102062,OPP-202062,C-3516,2023-06-28,2023-07-09,2023-07-09,1227.0,3.0,201,POS Terminal,Hardware,,Asia,Partner,Lost,False
O-102063,OPP-202063,C-4396,2023-05-18,2023-05-27,2023-05-27,7567.0,7.0,102,Analytics Suite,Software,Salesperson_10,Asia,Partner,Lead,False
O-102064,OPP-202064,C-2775,2023-07-29,2023-08-15,2023-08-15,10720.0,,101,CRM Pro,Software,Salesperson_2,Asia,,Won,True
O-102065,OPP-202065,C-3422,2024-11-05,,,4952.0,8.0,103,Sales Booster,Software,Salesperson_1,North America,Inbound,Lost,
O-102066,OPP-202066,C-4870,2024-09-16,2024-10-11,2024-10-11,3910.0,5.0,201,POS Terminal,Hardware,Salesperson_2,Asia,Outbound,Lead,True
O-102067,OPP-202067,C-4031,2023-02-01,2023-02-17,,,12.0,101,CRM Pro,Software,Salesperson_3,Europe,Partner,Lead,False
O-102068,OPP-202068,C-3515,2023-09-29,2023-10-18,2023-10-18,2982.0,14.0,201,POS Terminal,Hardware,Salesperson_10,North America,,Lost,True
O-102069,OPP-202069,C-4400,2023-03-02,2023-03-14,2023-03-14,,1.0,103,Sales Booster,Software,Salesperson_9,Europe,Inbound,Qualified,True
O-102070,OPP-202070,C-2538,2024-05-17,,,9856.0,11.0,103,Sales Booster,Software,Salesperson_5,Europe,,Won,False
O-102071,OPP-202071,C-3392,2024-03-25,2024-04-13,2024-04-13,18941.0,13.0,102,Analytics Suite,Software,Salesperson_4,North America,Outbound,Lost,False
O-102072,OPP-202072,C-3533,2023-09-05,2023-09-21,2023-09-21,8477.0,7.0,201,POS Terminal,Hardware,Salesperson_2,Europe,Inbound,Lead,
O-102073,OPP-202073,C-3713,2024-09-04,2024-09-14,2024-09-14,2886.0,6.0,103,Sales Booster,Software,Salesperson_3,Asia,Partner,Lead,
O-102074,OPP-202074,C-2631,2024-05-14,2024-05-31,2024-05-31,,3.0,102,Analytics Suite,Software,Salesperson_10,North America,Outbound,Qualified,False
O-102075,OPP-202075,C-3637,2023-08-18,2023-09-11,2023-09-11,,3.0,201,POS Terminal,Hardware,Salesperson_10,North America,,Won,False
O-102076,OPP-202076,C-2227,2023-08-13,2023-08-21,2023-08-21,3920.0,10.0,201,POS Terminal,Hardware,Salesperson_6,Europe,Outbound,Qualified,True
O-102077,OPP-202077,C-2501,2024-12-13,2024-12-26,2024-12-26,1690.0,13.0,103,Sales Booster,Software,Salesperson_8,Asia,Outbound,Lead,True
O-102078,OPP-202078,C-3968,2023-06-26,2023-07-14,2023-07-14,11430.0,9.0,101,CRM Pro,Software,Salesperson_5,Europe,Outbound,Lost,False
O-102079,OPP-202079,C-2755,2023-04-05,2023-04-30,2023-04-30,9198.0,,103,Sales Booster,Software,Salesperson_8,Europe,Outbound,Lead,False
O-102080,OPP-202080,C-1217,2023-08-02,2023-08-27,2023-08-27,18330.0,15.0,101,CRM Pro,Software,Salesperson_7,North America,Outbound,Lead,False
O-102081,OPP-202081,C-4231,2024-01-27,2024-02-16,2024-02-16,4438.0,14.0,101,CRM Pro,Software,Salesperson_7,Asia,Inbound,Lead,True
O-102082,OPP-202082,C-4618,2024-11-08,2024-11-30,2024-11-30,910.0,5.0,101,CRM Pro,Software,,North America,Inbound,Won,False
O-102083,OPP-202083,C-4798,2023-02-21,2023-03-02,2023-03-02,4014.0,3.0,101,CRM Pro,Software,Salesperson_6,Asia,,Qualified,False
O-102084,OPP-202084,C-3992,2023-05-22,,,532.0,1.0,101,CRM Pro,Software,Salesperson_9,Europe,Outbound,Lost,True
O-102085,OPP-202085,C-1268,2024-05-16,,,7070.0,10.0,201,POS Terminal,Hardware,Salesperson_1,Asia,Outbound,Lost,True
O-102086,OPP-202086,C-1322,2024-10-23,,,,10.0,201,POS Terminal,Hardware,Salesperson_6,Europe,Partner,Lost,False
O-102087,OPP-202087,C-2337,2024-03-09,2024-04-02,2024-04-02,10170.0,10.0,101,CRM Pro,Software,Salesperson_7,Europe,,Qualified,False
O-102088,OPP-202088,C-2320,2024-03-22,2024-03-31,2024-03-31,2884.0,2.0,102,Analytics Suite,Software,Salesperson_7,Asia,Partner,Qualified,True
O-102089,OPP-202089,C-4458,2024-05-28,,,9744.0,7.0,103,Sales Booster,Software,Salesperson_5,Europe,Partner,Won,False
O-102090,OPP-202090,C-4281,2024-10-28,2024-11-16,2024-11-16,8310.0,,103,Sales Booster,Software,Salesperson_1,Asia,,Lost,False
O-102091,OPP-202091,C-3955,2023-12-31,,,3064.0,8.0,201,POS Terminal,Hardware,Salesperson_6,North America,Inbound,Won,True
O-102092,OPP-202092,C-4742,2023-12-21,2024-01-05,2024-01-05,7974.0,6.0,101,CRM Pro,Software,,North America,Partner,Won,True
O-102093,OPP-202093,C-2290,2024-03-07,,,11759.0,11.0,102,Analytics Suite,Software,Salesperson_3,Asia,Outbound,Won,
O-102094,OPP-202094,C-3578,2024-10-14,2024-10-28,2024-10-28,7392.0,,101,CRM Pro,Software,Salesperson_8,North America,Inbound,Lost,True
O-102095,OPP-202095,C-1689,2023-12-16,2023-12-27,2023-12-27,3951.0,9.0,201,POS Terminal,Hardware,Salesperson_3,North America,Partner,Qualified,True
O-102096,OPP-202096,C-3942,2024-12-26,2025-01-11,2025-01-11,,4.0,201,POS Terminal,Hardware,Salesperson_4,Asia,Partner,Qualified,True
O-102097,OPP-202097,C-3268,2023-02-25,2023-03-18,2023-03-18,2466.0,,102,Analytics Suite,Software,Salesperson_6,North America,Outbound,Won,False
O-102098,OPP-202098,C-1005,2024-07-24,2024-08-16,2024-08-16,11565.0,15.0,103,Sales Booster,Software,Salesperson_1,Asia,,Won,
O-102099,OPP-202099,C-3827,2023-12-13,2023-12-19,2023-12-19,,15.0,103,Sales Booster,Software,Salesperson_3,Europe,Inbound,Won,True
O-102100,OPP-202100,C-1515,2023-08-08,,,,12.0,102,Analytics Suite,Software,Salesperson_7,Asia,Outbound,Qualified,False
O-102101,OPP-202101,C-2461,2023-04-13,2023-05-02,,,3.0,103,Sales Booster,Software,Salesperson_2,North America,Partner,Lead,False
O-102102,OPP-202102,C-2508,2024-10-05,2024-10-29,2024-10-29,1996.0,2.0,102,Analytics Suite,Software,Salesperson_4,Asia,Inbound,Won,False
O-102103,OPP-202103,C-1038,2024-12-04,2024-12-14,2024-12-14,2394.0,2.0,103,Sales Booster,Software,Salesperson_8,North America,,Lost,True
O-102104,OPP-202104,C-3126,2024-09-11,2024-09-28,2024-09-28,3514.0,14.0,102,Analytics Suite,Software,Salesperson_6,North America,,Qualified,True
O-102105,OPP-202105,C-1476,2024-01-27,,,2800.0,2.0,102,Analytics Suite,Software,,Asia,Inbound,Won,
O-102106,OPP-202106,C-4390,2024-10-03,2024-10-14,2024-10-14,1079.0,1.0,201,POS Terminal,Hardware,Salesperson_2,Europe,Partner,Lead,True
O-102107,OPP-202107,C-4818,2023-01-30,2023-02-08,2023-02-08,5328.0,8.0,102,Analytics Suite,Software,Salesperson_4,Europe,Inbound,Won,True
O-102108,OPP-202108,C-3539,2023-05-17,2023-06-06,2023-06-06,,8.0,103,Sales Booster,Software,Salesperson_7,Europe,Inbound,Lead,False
O-102109,OPP-202109,C-1625,2024-04-08,2024-04-22,2024-04-22,,4.0,102,Analytics Suite,Software,Salesperson_10,North America,Outbound,Lost,True
O-102110,OPP-202110,C-1074,2023-11-14,2023-11-28,2023-11-28,,1.0,201,POS Terminal,Hardware,Salesperson_4,Asia,,Lost,True
O-102111,OPP-202111,C-1209,2024-12-21,2025-01-15,2025-01-15,3115.0,5.0,102,Analytics Suite,Software,Salesperson_10,North America,,Qualified,
O-102112,OPP-202112,C-4196,2024-04-22,2024-05-09,2024-05-09,3653.0,13.0,103,Sales Booster,Software,Salesperson_10,Asia,,Won,False
O-102113,OPP-202113,C-4929,2024-04-30,2024-05-19,2024-05-19,,,101,CRM Pro,Software,Salesperson_2,North America,Partner,Qualified,False
O-102114,OPP-202114,C-2304,2024-05-29,2024-06-15,,762.0,2.0,101,CRM Pro,Software,Salesperson_1,Asia,,Lost,False
O-102115,OPP-202115,C-1256,2023-05-12,,,22110.0,15.0,101,CRM Pro,Software,Salesperson_2,Asia,,Lead,True
O-102116,OPP-202116,C-2983,2023-11-05,2023-11-22,,2028.0,12.0,101,CRM Pro,Software,Salesperson_10,Europe,Inbound,Qualified,True
O-102117,OPP-202117,C-3276,2024-03-28,,,10524.0,12.0,102,Analytics Suite,Software,,Asia,Outbound,Qualified,
O-102118,OPP-202118,C-1466,2024-05-06,,,,3.0,101,CRM Pro,Software,Salesperson_6,Europe,Partner,Lead,True
O-102119,OPP-202119,C-1695,2023-05-29,2023-06-12,2023-06-12,3465.0,15.0,102,Analytics Suite,Software,Salesperson_6,Asia,Outbound,Won,True
O-102120,OPP-202120,C-3518,2024-08-24,,,3332.0,,101,CRM Pro,Software,Salesperson_1,North America,Outbound,Won,False
O-102121,OPP-202121,C-3552,2024-01-25,2024-02-13,2024-02-13,1818.0,9.0,201,POS Terminal,Hardware,Salesperson_2,North America,Inbound,Lost,True
O-102122,OPP-202122,C-1547,2023-12-05,2023-12-15,,4992.0,4.0,101,CRM Pro,Software,,Asia,Outbound,Won,True
O-102123,OPP-202123,C-3431,2024-07-11,,,9549.0,9.0,201,POS Terminal,Hardware,Salesperson_6,Asia,Partner,Lost,False
O-102124,OPP-202124,C-4161,2024-05-31,,,5754.0,14.0,201,POS Terminal,Hardware,Salesperson_5,North America,Inbound,Lead,False
,OPP-202125,C-2422,2023-11-06,2023-11-21,2023-11-21,,,101,CRM Pro,Software,Salesperson_4,Europe,Partner,Won,True
O-102126,OPP-202126,C-1089,2024-01-19,,,10890.0,9.0,103,Sales Booster,Software,Salesperson_6,Europe,,Qualified,False
O-102127,OPP-202127,C-1532,2024-01-17,2024-02-10,2024-02-10,16140.0,,101,CRM Pro,Software,Salesperson_2,North America,Partner,Lead,True
O-102128,OPP-202128,C-1179,2023-09-21,2023-10-08,2023-10-08,,3.0,201,POS Terminal,Hardware,Salesperson_9,Asia,,Lost,False
O-102129,OPP-202129,C-1126,2023-04-03,,,13752.0,12.0,201,POS Terminal,Hardware,,Europe,Partner,Won,False
O-102130,OPP-202130,C-3270,2024-01-24,,,,,201,POS Terminal,Hardware,Salesperson_4,Europe,Partner,Won,False
,OPP-202131,C-2536,2023-01-31,2023-02-20,2023-02-20,1529.0,11.0,201,POS Terminal,Hardware,Salesperson_9,North America,Partner,Lost,False
O-102132,OPP-202132,C-2833,2024-08-05,,,2772.0,3.0,101,CRM Pro,Software,Salesperson_5,North America,,Lost,False
O-102133,OPP-202133,C-2770,2023-07-14,2023-07-25,2023-07-25,1281.0,7.0,103,Sales Booster,Software,Salesperson_5,Europe,,Lead,True
O-102134,OPP-202134,C-3668,2024-05-07,2024-05-23,2024-05-23,2736.0,3.0,103,Sales Booster,Software,Salesperson_10,North America,,Lead,True
O-102135,OPP-202135,C-1590,2023-05-17,,,858.0,6.0,102,Analytics Suite,Software,,Europe,Partner,Qualified,False
O-102136,OPP-202136,C-4500,2023-05-04,2023-05-27,2023-05-27,905.0,,102,Analytics Suite,Software,Salesperson_9,Asia,Inbound,Won,True
O-102137,OPP-202137,C-2073,2023-07-29,,,1358.0,1.0,103,Sales Booster,Software,Salesperson_7,North America,Outbound,Won,True
O-102138,OPP-202138,C-2406,2023-12-18,2023-12-30,2023-12-30,,13.0,101,CRM Pro,Software,Salesperson_1,Europe,Inbound,Lost,True
O-102139,OPP-202139,C-2958,2024-06-20,2024-07-11,2024-07-11,6220.0,10.0,102,Analytics Suite,Software,Salesperson_1,North America,Partner,Qualified,True
O-102140,OPP-202140,C-2124,2023-01-31,2023-02-07,2023-02-07,6645.0,5.0,103,Sales Booster,Software,Salesperson_8,Asia,Inbound,Won,True
O-102141,OPP-202141,C-2949,2023-10-22,2023-11-12,2023-11-12,6111.0,7.0,101,CRM Pro,Software,Salesperson_10,Europe,Outbound,Lost,False
O-102142,OPP-202142,C-3253,2023-04-05,2023-04-12,2023-04-12,19852.0,14.0,103,Sales Booster,Software,,North America,Partner,Lost,False
O-102143,OPP-202143,C-3018,2023-06-21,2023-07-12,2023-07-12,17145.0,15.0,201,POS Terminal,Hardware,Salesperson_7,Asia,,Won,False
O-102144,OPP-202144,C-4973,2024-02-25,2024-03-20,2024-03-20,6656.0,8.0,102,Analytics Suite,Software,Salesperson_4,North America,Partner,Lost,True
O-102145,OPP-202145,C-2051,2024-12-05,2024-12-16,2024-12-16,6444.0,6.0,201,POS Terminal,Hardware,Salesperson_1,Europe,Partner,Lead,False
O-102146,OPP-202146,C-2228,2023-04-21,,,2830.0,5.0,101,CRM Pro,Software,Salesperson_9,Europe,Inbound,Lost,False
O-102147,OPP-202147,C-1984,2023-09-18,2023-09-29,2023-09-29,6012.0,6.0,102,Analytics Suite,Software,Salesperson_2,Asia,Partner,Lost,True
O-102148,OPP-202148,C-1406,2024-12-22,2025-01-01,2025-01-01,13046.0,11.0,102,Analytics Suite,Software,Salesperson_2,North America,Outbound,Lost,True
O-102149,OPP-202149,C-1754,2024-11-07,2024-11-28,2024-11-28,10822.0,14.0,102,Analytics Suite,Software,Salesperson_10,Asia,,Won,True
O-102150,OPP-202150,C-4348,2023-12-02,2023-12-10,2023-12-10,1122.0,2.0,101,CRM Pro,Software,,North America,,Lost,False
O-102151,OPP-202151,C-1867,2023-03-15,2023-03-29,2023-03-29,,10.0,103,Sales Booster,Software,Salesperson_9,North America,,Qualified,True
O-102152,OPP-202152,C-2257,2023-06-27,2023-07-12,2023-07-12,3600.0,,103,Sales Booster,Software,Salesperson_5,Asia,Outbound,Qualified,True
O-102153,OPP-202153,C-1278,2023-02-23,,,11396.0,11.0,103,Sales Booster,Software,Salesperson_7,Europe,Outbound,Lost,False
,OPP-202154,C-4698,2024-03-25,2024-04-06,2024-04-06,,,201,POS Terminal,Hardware,Salesperson_7,North America,,Lost,False
O-102155,OPP-202155,C-4976,2024-09-10,,,,6.0,201,POS Terminal,Hardware,Salesperson_1,North America,Inbound,Lead,False
O-102156,OPP-202156,C-4108,2023-03-07,2023-03-14,2023-03-14,6492.0,12.0,101,CRM Pro,Software,Salesperson_3,Asia,Partner,Lead,True
O-102157,OPP-202157,C-2434,2023-04-26,2023-05-16,2023-05-16,1991.0,11.0,201,POS Terminal,Hardware,Salesperson_10,North America,Partner,Lead,False
O-102158,OPP-202158,C-4698,2023-06-26,,,19152.0,14.0,201,POS Terminal,Hardware,Salesperson_4,Europe,,Won,False
O-102159,OPP-202159,C-1017,2024-04-09,2024-05-01,2024-05-01,12948.0,13.0,201,POS Terminal,Hardware,Salesperson_5,Europe,,Won,False
O-102160,OPP-202160,C-3822,2023-12-01,,,1978.0,2.0,103,Sales Booster,Software,,North America,Partner,Won,False
O-102161,OPP-202161,C-2595,2023-01-20,2023-02-04,2023-02-04,1584.0,4.0,101,CRM Pro,Software,,Europe,Partner,Qualified,False
O-102162,OPP-202162,C-4383,2024-07-09,2024-07-25,2024-07-25,892.0,4.0,201,POS Terminal,Hardware,Salesperson_9,North America,Outbound,Won,True
O-102163,OPP-202163,C-2384,2023-03-12,2023-03-27,2023-03-27,657.0,,101,CRM Pro,Software,Salesperson_10,North America,Inbound,Lost,
O-102164,OPP-202164,C-1585,2023-02-26,2023-03-12,2023-03-12,5409.0,9.0,102,Analytics Suite,Software,Salesperson_5,North America,,Qualified,False
O-102165,OPP-202165,C-3662,2023-08-27,2023-09-03,,11520.0,10.0,101,CRM Pro,Software,Salesperson_6,Asia,Partner,Won,
O-102166,OPP-202166,C-3259,2024-02-02,,,,11.0,102,Analytics Suite,Software,Salesperson_9,North America,Outbound,Lead,True
O-102167,OPP-202167,C-2549,2023-03-08,,,1566.0,6.0,201,POS Terminal,Hardware,Salesperson_8,North America,,Qualified,True
O-102168,OPP-202168,C-4741,2023-08-07,2023-08-26,2023-08-26,6630.0,6.0,201,POS Terminal,Hardware,Salesperson_1,Europe,Partner,Won,True
O-102169,OPP-202169,C-3628,2024-10-28,2024-11-21,2024-11-21,6036.0,6.0,101,CRM Pro,Software,Salesperson_8,North America,Inbound,Lead,False
O-102170,OPP-202170,C-2251,2024-08-20,2024-08-27,2024-08-27,16390.0,11.0,103,Sales Booster,Software,Salesperson_6,Asia,Partner,Lead,
O-102171,OPP-202171,C-1161,2023-10-23,2023-10-28,2023-10-28,17190.0,15.0,201,POS Terminal,Hardware,Salesperson_1,Europe,Partner,Lead,False
O-102172,OPP-202172,C-2130,2024-07-16,2024-08-07,2024-08-07,302.0,2.0,201,POS Terminal,Hardware,Salesperson_7,Europe,Partner,Won,True
O-102173,OPP-202173,C-1822,2024-08-05,2024-08-22,2024-08-22,6045.0,15.0,102,Analytics Suite,Software,Salesperson_7,Asia,,Lost,False
O-102174,OPP-202174,C-2891,2024-04-05,2024-04-21,2024-04-21,,1.0,102,Analytics Suite,Software,Salesperson_5,Europe,Outbound,Lead,True
O-102175,OPP-202175,C-4616,2023-10-23,2023-11-12,2023-11-12,5172.0,,201,POS Terminal,Hardware,Salesperson_4,Asia,,Won,True
O-102176,OPP-202176,C-2411,2024-03-14,,,7645.0,11.0,102,Analytics Suite,Software,Salesperson_4,Asia,Outbound,Lost,
O-102177,OPP-202177,C-1284,2024-03-09,2024-03-15,2024-03-15,,7.0,103,Sales Booster,Software,Salesperson_7,Asia,Partner,Lead,True
O-102178,OPP-202178,C-2080,2023-02-09,2023-02-15,2023-02-15,3896.0,8.0,201,POS Terminal,Hardware,,Asia,Partner,Won,False
O-102179,OPP-202179,C-4254,2024-09-27,2024-10-05,2024-10-05,,6.0,101,CRM Pro,Software,Salesperson_4,Asia,Partner,Won,
O-102180,OPP-202180,C-1985,2023-07-19,,,5440.0,,102,Analytics Suite,Software,,Europe,Outbound,Lead,True
,OPP-202181,C-3443,2023-05-05,,,,15.0,101,CRM Pro,Software,Salesperson_9,Europe,Outbound,Lead,True
O-102182,OPP-202182,C-2059,2024-09-14,2024-09-21,2024-09-21,3552.0,,103,Sales Booster,Software,,North America,Partner,Lead,False
O-102183,OPP-202183,C-4664,2023-04-04,2023-04-17,2023-04-17,2850.0,2.0,102,Analytics Suite,Software,Salesperson_4,North America,Outbound,Won,True
O-102184,OPP-202184,C-2564,2024-07-12,,,12876.0,,103,Sales Booster,Software,,North America,,Lead,
O-102185,OPP-202185,C-3708,2023-09-27,2023-10-04,2023-10-04,920.0,8.0,103,Sales Booster,Software,Salesperson_5,Asia,Outbound,Won,True
O-102186,OPP-202186,C-1620,2024-05-26,2024-06-01,2024-06-01,,14.0,101,CRM Pro,Software,Salesperson_4,North America,Outbound,Won,True
O-102187,OPP-202187,C-3980,2023-03-22,,,,4.0,101,CRM Pro,Software,Salesperson_8,Europe,Partner,Won,False
O-102188,OPP-202188,C-1007,2024-12-03,2024-12-19,2024-12-19,11209.0,11.0,101,CRM Pro,Software,Salesperson_1,Asia,Inbound,Won,
O-102189,OPP-202189,C-1137,2023-02-10,,,11730.0,10.0,201,POS Terminal,Hardware,Salesperson_9,North America,Inbound,Qualified,False
O-102190,OPP-202190,C-4107,2024-12-17,2025-01-07,2025-01-07,13202.0,14.0,103,Sales Booster,Software,Salesperson_10,Asia,Partner,Won,
O-102191,OPP-202191,C-4739,2023-04-27,2023-05-12,2023-05-12,4459.0,,102,Analytics Suite,Software,Salesperson_6,Asia,,Qualified,False
O-102192,OPP-202192,C-1137,2024-10-07,2024-10-30,2024-10-30,,2.0,103,Sales Booster,Software,Salesperson_9,Asia,Partner,Lead,False
O-102193,OPP-202193,C-4025,2024-01-11,2024-02-01,,6512.0,8.0,103,Sales Booster,Software,Salesperson_1,Asia,Outbound,Lead,True
O-102194,OPP-202194,C-3605,2024-04-22,2024-05-08,2024-05-08,2475.0,15.0,102,Analytics Suite,Software,Salesperson_9,North America,Outbound,Qualified,True
O-102195,OPP-202195,C-4403,2023-05-19,2023-06-07,2023-06-07,1414.0,1.0,201,POS Terminal,Hardware,Salesperson_7,Europe,Partner,Qualified,False
O-102196,OPP-202196,C-2907,2024-05-25,2024-06-02,2024-06-02,,2.0,102,Analytics Suite,Software,Salesperson_9,Asia,Outbound,Lost,False
O-102197,OPP-202197,C-3791,2023-09-19,2023-09-30,2023-09-30,8320.0,8.0,102,Analytics Suite,Software,Salesperson_1,North America,Inbound,Lead,False
O-102198,OPP-202198,C-4015,2023-05-09,2023-05-26,2023-05-26,3941.0,7.0,101,CRM Pro,Software,Salesperson_4,Europe,Outbound,Lead,False
O-102199,OPP-202199,C-2676,2024-09-27,2024-10-13,2024-10-13,2375.0,5.0,101,CRM Pro,Software,,Asia,Outbound,Won,False
O-102200,OPP-202200,C-2730,2024-06-27,,,6314.0,14.0,102,Analytics Suite,Software,Salesperson_4,North America,Outbound,Won,False
O-102201,OPP-202201,C-4397,2024-12-31,2025-01-07,2025-01-07,12690.0,9.0,102,Analytics Suite,Software,Salesperson_8,Europe,Partner,Won,False
O-102202,OPP-202202,C-4071,2023-03-23,2023-04-13,2023-04-13,18060.0,15.0,201,POS Terminal,Hardware,,Europe,Inbound,Lead,True
O-102203,OPP-202203,C-3026,2023-05-04,2023-05-19,2023-05-19,16995.0,15.0,101,CRM Pro,Software,,Europe,,Won,
O-102204,OPP-202204,C-3507,2024-05-01,2024-05-24,2024-05-24,,4.0,101,CRM Pro,Software,Salesperson_8,Asia,Inbound,Lead,True
O-102205,OPP-202205,C-3142,2023-11-14,2023-12-01,2023-12-01,4059.0,3.0,102,Analytics Suite,Software,,North America,,Lost,
O-102206,OPP-202206,C-2593,2023-06-01,2023-06-18,2023-06-18,,4.0,102,Analytics Suite,Software,Salesperson_6,Europe,Outbound,Lost,False
,OPP-202207,C-3721,2023-10-11,2023-10-28,2023-10-28,4788.0,6.0,201,POS Terminal,Hardware,Salesperson_7,North America,Outbound,Lead,True
O-102208,OPP-202208,C-1639,2023-06-19,,,3483.0,9.0,201,POS Terminal,Hardware,Salesperson_8,Asia,Inbound,Lost,False
O-102209,OPP-202209,C-1340,2023-03-19,2023-04-11,,,1.0,102,Analytics Suite,Software,Salesperson_8,Asia,Outbound,Lead,True
O-102210,OPP-202210,C-2629,2024-11-30,,,10584.0,14.0,101,CRM Pro,Software,Salesperson_10,Europe,,Lost,False
O-102211,OPP-202211,C-4982,2024-03-17,2024-04-09,2024-04-09,1085.0,7.0,201,POS Terminal,Hardware,Salesperson_2,Europe,Partner,Lost,False
O-102212,OPP-202212,C-2676,2023-10-31,2023-11-17,2023-11-17,4151.0,7.0,103,Sales Booster,Software,Salesperson_7,North America,Outbound,Lost,False
O-102213,OPP-202213,C-2633,2024-10-23,2024-11-04,2024-11-04,13030.0,10.0,103,Sales Booster,Software,Salesperson_6,North America,Inbound,Lead,True
O-102214,OPP-202214,C-2235,2023-06-12,,,7852.0,13.0,103,Sales Booster,Software,Salesperson_9,Europe,Partner,Lost,False
O-102215,OPP-202215,C-1151,2024-08-14,2024-08-22,2024-08-22,,15.0,102,Analytics Suite,Software,Salesperson_1,Asia,,Qualified,False
O-102216,OPP-202216,C-3341,2023-11-02,,,1086.0,6.0,101,CRM Pro,Software,Salesperson_4,North America,Outbound,Lost,True
O-102217,OPP-202217,C-4257,2024-02-09,,,5593.0,7.0,201,POS Terminal,Hardware,Salesperson_8,Europe,Outbound,Qualified,
O-102218,OPP-202218,C-4609,2023-07-09,2023-07-22,2023-07-22,15090.0,15.0,101,CRM Pro,Software,Salesperson_1,Europe,Partner,Lead,True
O-102219,OPP-202219,C-3901,2024-09-30,2024-10-09,2024-10-09,9256.0,8.0,101,CRM Pro,Software,Salesperson_1,North America,Partner,Lost,False
O-102220,OPP-202220,C-4800,2023-04-01,2023-04-18,2023-04-18,9603.0,,103,Sales Booster,Software,Salesperson_10,Asia,,Lost,False
O-102221,OPP-202221,C-1718,2024-01-23,,,2700.0,10.0,102,Analytics Suite,Software,,North America,Outbound,Lost,False
O-102222,OPP-202222,C-3652,2023-11-15,,,,13.0,101,CRM Pro,Software,Salesperson_8,Europe,Outbound,Lead,True
O-102223,OPP-202223,C-3249,2023-12-08,2023-12-31,2023-12-31,5118.0,6.0,101,CRM Pro,Software,Salesperson_3,Europe,Outbound,Lost,False
O-102224,OPP-202224,C-4617,2023-05-08,2023-05-13,2023-05-13,1309.0,11.0,101,CRM Pro,Software,Salesperson_1,North America,Outbound,Lead,True
O-102225,OPP-202225,C-4353,2023-04-08,2023-04-17,2023-04-17,8568.0,9.0,102,Analytics Suite,Software,Salesperson_2,Asia,Outbound,Lead,True
O-102226,OPP-202226,C-4655,2024-04-13,,,3948.0,,103,Sales Booster,Software,Salesperson_3,North America,Partner,Lead,
O-102227,OPP-202227,C-3730,2024-12-19,,,11450.0,10.0,103,Sales Booster,Software,,Asia,Outbound,Lost,False
O-102228,OPP-202228,C-3261,2024-10-23,,,4774.0,14.0,201,POS Terminal,Hardware,Salesperson_10,Europe,,Lead,False
O-102229,OPP-202229,C-4093,2024-02-25,2024-03-12,2024-03-12,6874.0,7.0,103,Sales Booster,Software,Salesperson_9,Europe,Outbound,Qualified,False
O-102230,OPP-202230,C-4142,2023-03-25,,,812.0,2.0,201,POS Terminal,Hardware,Salesperson_1,Asia,Inbound,Lost,True
O-102231,OPP-202231,C-2450,2023-05-16,,,,15.0,102,Analytics Suite,Software,Salesperson_5,North America,,Lead,False
O-102232,OPP-202232,C-3710,2024-08-17,2024-09-06,2024-09-06,,15.0,102,Analytics Suite,Software,Salesperson_6,Europe,Outbound,Lead,True
,OPP-202233,C-1903,2024-10-12,2024-10-23,2024-10-23,,10.0,101,CRM Pro,Software,Salesperson_6,North America,,Lead,False
O-102234,OPP-202234,C-4710,2023-11-26,2023-12-03,2023-12-03,10521.0,9.0,101,CRM Pro,Software,,Asia,Outbound,Lost,True
O-102235,OPP-202235,C-2087,2023-10-16,2023-10-23,,13728.0,12.0,201,POS Terminal,Hardware,Salesperson_8,Europe,Outbound,Won,False
O-102236,OPP-202236,C-4892,2024-04-25,2024-05-05,2024-05-05,1111.0,11.0,103,Sales Booster,Software,Salesperson_7,Europe,Partner,Won,True
O-102237,OPP-202237,C-4546,2024-10-07,2024-10-16,2024-10-16,,6.0,103,Sales Booster,Software,Salesperson_6,Asia,,Lost,False
O-102238,OPP-202238,C-4119,2024-06-08,,,12278.0,14.0,201,POS Terminal,Hardware,Salesperson_6,North America,Outbound,Lead,False
O-102239,OPP-202239,C-3324,2024-03-20,2024-03-28,2024-03-28,6398.0,,102,Analytics Suite,Software,Salesperson_4,Europe,Partner,Qualified,False
O-102240,OPP-202240,C-3132,2024-11-18,2024-11-25,2024-11-25,172.0,1.0,103,Sales Booster,Software,Salesperson_6,Asia,Partner,Won,True
O-102241,OPP-202241,C-2375,2024-12-11,,,6900.0,15.0,103,Sales Booster,Software,,North America,Partner,Lead,True
O-102242,OPP-202242,C-1224,2024-07-30,2024-08-04,2024-08-04,,13.0,102,Analytics Suite,Software,Salesperson_1,Asia,Inbound,Lead,
O-102243,OPP-202243,C-1019,2024-08-20,,,,8.0,102,Analytics Suite,Software,Salesperson_8,Asia,Inbound,Won,False
O-102244,OPP-202244,C-2106,2023-09-10,2023-10-01,2023-10-01,9352.0,8.0,101,CRM Pro,Software,Salesperson_3,Asia,Partner,Won,False
O-102245,OPP-202245,C-4384,2024-04-19,2024-05-09,2024-05-09,1275.0,,103,Sales Booster,Software,Salesperson_4,Asia,Outbound,Won,False
,OPP-202246,C-1952,2024-07-08,2024-07-30,2024-07-30,11385.0,9.0,201,POS Terminal,Hardware,Salesperson_3,Europe,Partner,Qualified,True
O-102247,OPP-202247,C-1457,2023-01-11,2023-01-16,2023-01-16,4344.0,4.0,101,CRM Pro,Software,Salesperson_1,Asia,Outbound,Won,False
O-102248,OPP-202248,C-3003,2024-11-25,2024-12-13,2024-12-13,4239.0,3.0,101,CRM Pro,Software,Salesperson_7,Asia,Partner,Won,True
O-102249,OPP-202249,C-4231,2023-12-02,2023-12-15,2023-12-15,,,101,CRM Pro,Software,Salesperson_4,Europe,Inbound,Won,True
O-102250,OPP-202250,C-4523,2023-06-25,2023-07-08,,2976.0,6.0,201,POS Terminal,Hardware,,Europe,Partner,Lead,False
O-102251,OPP-202251,C-1544,2024-12-03,2024-12-09,2024-12-09,,15.0,101,CRM Pro,Software,Salesperson_1,Asia,Inbound,Qualified,False
O-102252,OPP-202252,C-3522,2024-03-20,2024-04-12,2024-04-12,4382.0,7.0,103,Sales Booster,Software,Salesperson_5,Asia,Inbound,Lead,True
O-102253,OPP-202253,C-1710,2024-07-22,2024-07-28,2024-07-28,10860.0,10.0,102,Analytics Suite,Software,Salesperson_10,North America,,Won,True
O-102254,OPP-202254,C-1557,2023-09-22,2023-10-08,2023-10-08,11130.0,10.0,201,POS Terminal,Hardware,Salesperson_5,North America,,Won,True
O-102255,OPP-202255,C-1651,2023-07-05,,,8080.0,10.0,103,Sales Booster,Software,Salesperson_9,North America,Partner,Lead,True
O-102256,OPP-202256,C-3290,2023-11-23,2023-12-18,2023-12-18,276.0,1.0,103,Sales Booster,Software,Salesperson_10,North America,,Lead,True
O-102257,OPP-202257,C-2469,2023-02-23,2023-03-08,2023-03-08,1600.0,10.0,102,Analytics Suite,Software,Salesperson_10,North America,Outbound,Won,True
O-102258,OPP-202258,C-4240,2024-02-20,,,,12.0,102,Analytics Suite,Software,Salesperson_8,North America,Outbound,Lost,False
O-102259,OPP-202259,C-1450,2023-06-10,,,10524.0,12.0,102,Analytics Suite,Software,Salesperson_3,Asia,Outbound,Qualified,True
O-102260,OPP-202260,C-1574,2024-03-11,,,,12.0,201,POS Terminal,Hardware,Salesperson_8,North America,Inbound,Qualified,False
O-102261,OPP-202261,C-1285,2023-05-11,2023-06-04,2023-06-04,1405.0,1.0,201,POS Terminal,Hardware,Salesperson_5,North America,Partner,Lost,True
,OPP-202262,C-3380,2023-02-11,2023-02-25,2023-02-25,4015.0,5.0,101,CRM Pro,Software,Salesperson_5,Asia,Inbound,Qualified,True
O-102263,OPP-202263,C-1906,2024-02-12,,,7688.0,8.0,102,Analytics Suite,Software,,North America,Partner,Qualified,False
O-102264,OPP-202264,C-1741,2023-01-12,2023-01-23,2023-01-23,13596.0,11.0,103,Sales Booster,Software,Salesperson_9,North America,Outbound,Lost,True
O-102265,OPP-202265,C-2664,2023-09-07,,,2520.0,2.0,103,Sales Booster,Software,Salesperson_3,North America,Partner,Lost,True
O-102266,OPP-202266,C-4416,2023-04-12,2023-04-17,2023-04-17,6732.0,12.0,102,Analytics Suite,Software,Salesperson_4,Asia,Outbound,Lost,True
,OPP-202267,C-1302,2024-10-20,2024-10-31,2024-10-31,,8.0,103,Sales Booster,Software,Salesperson_2,Asia,Inbound,Qualified,True
O-102268,OPP-202268,C-1200,2024-02-13,,,8939.0,7.0,201,POS Terminal,Hardware,Salesperson_10,North America,Inbound,Lost,True
O-102269,OPP-202269,C-4529,2024-07-16,,,2858.0,2.0,101,CRM Pro,Software,Salesperson_4,Europe,,Won,True
O-102270,OPP-202270,C-2746,2023-11-27,2023-12-15,,,12.0,101,CRM Pro,Software,Salesperson_7,Europe,Inbound,Qualified,False
O-102271,OPP-202271,C-2479,2024-06-12,,,,,201,POS Terminal,Hardware,Salesperson_3,North America,Partner,Qualified,False
O-102272,OPP-202272,C-2794,2024-03-06,2024-03-28,2024-03-28,,12.0,101,CRM Pro,Software,Salesperson_7,Europe,Outbound,Lost,False
O-102273,OPP-202273,C-1678,2023-08-02,2023-08-17,2023-08-17,7535.0,11.0,102,Analytics Suite,Software,Salesperson_9,North America,Outbound,Won,False
O-102274,OPP-202274,C-4021,2023-01-31,2023-02-22,2023-02-22,15945.0,15.0,101,CRM Pro,Software,Salesperson_7,Asia,Inbound,Won,False
O-102275,OPP-202275,C-4260,2024-03-22,2024-04-12,2024-04-12,1776.0,8.0,101,CRM Pro,Software,Salesperson_9,Europe,Inbound,Qualified,False
O-102276,OPP-202276,C-2425,2023-11-01,,,,1.0,201,POS Terminal,Hardware,,Asia,Partner,Qualified,
O-102277,OPP-202277,C-2441,2024-02-08,,,1359.0,3.0,201,POS Terminal,Hardware,Salesperson_9,Europe,Inbound,Lead,
O-102278,OPP-202278,C-3721,2024-05-20,,,13211.0,11.0,102,Analytics Suite,Software,,Asia,Outbound,Won,True
O-102279,OPP-202279,C-2709,2024-04-14,2024-04-28,2024-04-28,6435.0,,201,POS Terminal,Hardware,Salesperson_5,North America,,Qualified,False
O-102280,OPP-202280,C-4044,2024-10-29,2024-11-04,2024-11-04,11913.0,11.0,103,Sales Booster,Software,Salesperson_7,North America,Partner,Lead,False
O-102281,OPP-202281,C-4687,2024-07-27,2024-08-12,2024-08-12,618.0,2.0,101,CRM Pro,Software,Salesperson_6,Asia,,Lead,False
O-102282,OPP-202282,C-3468,2023-12-28,2024-01-07,2024-01-07,6120.0,8.0,201,POS Terminal,Hardware,Salesperson_6,Europe,Partner,Lost,False
O-102283,OPP-202283,C-2589,2023-12-25,2024-01-14,2024-01-14,5085.0,5.0,102,Analytics Suite,Software,Salesperson_4,Asia,Outbound,Won,
O-102284,OPP-202284,C-4121,2023-02-14,2023-03-09,2023-03-09,3795.0,5.0,201,POS Terminal,Hardware,,Asia,Outbound,Qualified,True
O-102285,OPP-202285,C-1786,2024-07-22,2024-08-10,2024-08-10,,10.0,101,CRM Pro,Software,,Europe,Partner,Lead,True
O-102286,OPP-202286,C-1738,2023-11-01,2023-11-11,2023-11-11,3405.0,5.0,102,Analytics Suite,Software,,Europe,Outbound,Lost,True
O-102287,OPP-202287,C-1387,2024-01-10,,,8235.0,15.0,103,Sales Booster,Software,Salesperson_5,Europe,Partner,Won,True
,OPP-202288,C-4356,2023-07-06,2023-07-13,2023-07-13,13343.0,11.0,101,CRM Pro,Software,Salesperson_8,Asia,,Lead,False
O-102289,OPP-202289,C-2042,2024-06-26,,,3460.0,5.0,103,Sales Booster,Software,,Europe,Outbound,Qualified,
,OPP-202290,C-3732,2023-09-17,2023-09-27,2023-09-27,398.0,1.0,201,POS Terminal,Hardware,Salesperson_4,Europe,Partner,Won,False
O-102291,OPP-202291,C-2487,2024-09-08,2024-09-20,2024-09-20,,4.0,201,POS Terminal,Hardware,,Asia,Inbound,Qualified,False
O-102292,OPP-202292,C-3697,2024-12-02,2024-12-20,2024-12-20,14724.0,12.0,102,Analytics Suite,Software,Salesperson_4,Europe,,Lost,True
O-102293,OPP-202293,C-3248,2023-01-22,,,8718.0,6.0,201,POS Terminal,Hardware,,North America,,Won,True
O-102294,OPP-202294,C-2025,2024-01-27,2024-02-04,2024-02-04,2412.0,3.0,103,Sales Booster,Software,,Europe,Partner,Won,True
O-102295,OPP-202295,C-4500,2024-12-13,,,4180.0,,102,Analytics Suite,Software,Salesperson_10,North America,Outbound,Won,True
O-102296,OPP-202296,C-4137,2023-08-07,2023-08-27,2023-08-27,,12.0,201,POS Terminal,Hardware,Salesperson_6,Asia,,Lead,True
O-102297,OPP-202297,C-1886,2024-09-22,2024-10-03,2024-10-03,,,101,CRM Pro,Software,Salesperson_5,North America,Outbound,Qualified,False
O-102298,OPP-202298,C-2358,2024-01-01,2024-01-23,2024-01-23,7025.0,5.0,103,Sales Booster,Software,Salesperson_10,Europe,,Qualified,False
O-102299,OPP-202299,C-3627,2023-05-25,2023-06-06,2023-06-06,2358.0,3.0,103,Sales Booster,Software,Salesperson_1,Europe,Inbound,Lost,
O-102300,OPP-202300,C-4111,2023-01-23,2023-01-31,2023-01-31,474.0,1.0,102,Analytics Suite,Software,Salesperson_4,Asia,Inbound,Lost,
O-102301,OPP-202301,C-2280,2023-04-22,2023-05-03,2023-05-03,740.0,4.0,201,POS Terminal,Hardware,Salesperson_8,Asia,Outbound,Lost,True
O-102302,OPP-202302,C-1937,2023-01-30,2023-02-14,2023-02-14,992.0,2.0,102,Analytics Suite,Software,Salesperson_5,Asia,Partner,Lead,False
O-102303,OPP-202303,C-1128,2024-05-28,2024-06-04,2024-06-04,,10.0,101,CRM Pro,Software,Salesperson_9,Europe,Inbound,Lost,False
O-102304,OPP-202304,C-1924,2024-06-18,,,1260.0,1.0,201,POS Terminal,Hardware,Salesperson_8,North America,Outbound,Qualified,False
O-102305,OPP-202305,C-1901,2023-08-16,2023-08-26,2023-08-26,1482.0,1.0,101,CRM Pro,Software,Salesperson_4,North America,Inbound,Lost,True
O-102306,OPP-202306,C-1683,2023-11-02,2023-11-23,2023-11-23,,4.0,101,CRM Pro,Software,Salesperson_4,Europe,,Qualified,False
O-102307,OPP-202307,C-2680,2023-05-19,,,6656.0,13.0,101,CRM Pro,Software,,Europe,Partner,Won,True
,OPP-202308,C-3934,2023-06-09,,,,9.0,101,CRM Pro,Software,Salesperson_4,North America,Outbound,Won,True
O-102309,OPP-202309,C-3060,2023-10-05,,,2640.0,10.0,101,CRM Pro,Software,Salesperson_8,North America,Inbound,Qualified,False
O-102310,OPP-202310,C-1770,2024-11-03,2024-11-21,2024-11-21,2344.0,8.0,103,Sales Booster,Software,Salesperson_4,North America,Partner,Qualified,True
O-102311,OPP-202311,C-4720,2023-09-27,2023-10-08,2023-10-08,9468.0,,201,POS Terminal,Hardware,Salesperson_8,Asia,Partner,Lost,False
O-102312,OPP-202312,C-2712,2023-02-03,2023-02-21,2023-02-21,17485.0,13.0,103,Sales Booster,Software,Salesperson_8,Asia,Inbound,Won,False
O-102313,OPP-202313,C-4702,2023-11-17,2023-12-02,2023-12-02,,14.0,101,CRM Pro,Software,Salesperson_10,Europe,Outbound,Won,True
O-102314,OPP-202314,C-4153,2024-01-25,,,1398.0,,102,Analytics Suite,Software,Salesperson_10,North America,,Won,False
O-102315,OPP-202315,C-4958,2024-06-16,2024-07-08,2024-07-08,,14.0,101,CRM Pro,Software,Salesperson_7,Asia,Outbound,Qualified,False
O-102316,OPP-202316,C-1050,2024-07-31,,,3295.0,5.0,201,POS Terminal,Hardware,Salesperson_4,North America,Outbound,Lead,False
O-102317,OPP-202317,C-3247,2023-10-19,2023-10-24,2023-10-24,2958.0,2.0,201,POS Terminal,Hardware,Salesperson_2,Asia,Partner,Qualified,True
O-102318,OPP-202318,C-1551,2023-08-26,2023-09-06,2023-09-06,16836.0,12.0,102,Analytics Suite,Software,Salesperson_6,North America,Partner,Won,False
O-102319,OPP-202319,C-3039,2024-10-20,2024-11-08,2024-11-08,421.0,1.0,102,Analytics Suite,Software,Salesperson_10,Europe,Inbound,Won,False
O-102320,OPP-202320,C-3969,2024-06-23,2024-06-29,,12456.0,9.0,101,CRM Pro,Software,Salesperson_2,Europe,Outbound,Lost,True
O-102321,OPP-202321,C-1508,2024-06-14,2024-06-25,2024-06-25,1935.0,3.0,101,CRM Pro,Software,Salesperson_2,Europe,Outbound,Lead,False
O-102322,OPP-202322,C-4094,2023-10-23,2023-11-17,,5864.0,8.0,103,Sales Booster,Software,Salesperson_4,Europe,Inbound,Qualified,False
O-102323,OPP-202323,C-3762,2023-10-06,2023-10-14,,,3.0,103,Sales Booster,Software,,Asia,,Won,True
O-102324,OPP-202324,C-2094,2024-02-17,,,5345.0,5.0,201,POS Terminal,Hardware,Salesperson_6,Europe,Outbound,Lead,True
O-102325,OPP-202325,C-1010,2024-07-19,2024-08-04,2024-08-04,8896.0,8.0,101,CRM Pro,Software,Salesperson_8,Asia,Outbound,Lost,False
O-102326,OPP-202326,C-4104,2023-02-01,,,4779.0,9.0,103,Sales Booster,Software,Salesperson_1,Europe,Outbound,Lead,True
O-102327,OPP-202327,C-4532,2023-12-06,2023-12-27,2023-12-27,15477.0,11.0,201,POS Terminal,Hardware,Salesperson_3,Europe,Partner,Qualified,
O-102328,OPP-202328,C-4399,2024-04-30,2024-05-18,2024-05-18,15240.0,12.0,103,Sales Booster,Software,Salesperson_8,North America,Partner,Qualified,True
O-102329,OPP-202329,C-4304,2023-09-17,2023-10-02,2023-10-02,8805.0,15.0,101,CRM Pro,Software,Salesperson_8,North America,,Lead,False
O-102330,OPP-202330,C-1558,2024-04-21,2024-05-01,2024-05-01,15457.0,,102,Analytics Suite,Software,Salesperson_5,North America,Inbound,Lost,False
O-102331,OPP-202331,C-2257,2023-12-29,,,7535.0,11.0,102,Analytics Suite,Software,Salesperson_1,North America,Partner,Lead,True
O-102332,OPP-202332,C-3815,2023-04-06,2023-04-11,2023-04-11,465.0,,102,Analytics Suite,Software,,Europe,Outbound,Qualified,False
O-102333,OPP-202333,C-4643,2024-10-14,2024-10-25,2024-10-25,3759.0,3.0,102,Analytics Suite,Software,Salesperson_4,Asia,Outbound,Lost,True
O-102334,OPP-202334,C-2072,2024-01-14,2024-02-06,2024-02-06,1296.0,2.0,201,POS Terminal,Hardware,Salesperson_10,Asia,Partner,Lost,False
O-102335,OPP-202335,C-1502,2023-03-09,2023-03-29,2023-03-29,4197.0,3.0,101,CRM Pro,Software,Salesperson_6,North America,,Lead,True
O-102336,OPP-202336,C-1558,2024-07-25,2024-08-19,2024-08-19,894.0,6.0,201,POS Terminal,Hardware,,Europe,Inbound,Lost,False
O-102337,OPP-202337,C-1128,2023-12-24,,,5844.0,12.0,201,POS Terminal,Hardware,Salesperson_3,North America,Partner,Lead,True
O-102338,OPP-202338,C-1604,2023-07-28,2023-08-15,2023-08-15,13401.0,9.0,101,CRM Pro,Software,Salesperson_1,North America,Partner,Won,False
O-102339,OPP-202339,C-4134,2023-07-26,2023-08-14,2023-08-14,1260.0,4.0,201,POS Terminal,Hardware,Salesperson_5,Europe,Outbound,Qualified,True
O-102340,OPP-202340,C-3155,2023-04-12,2023-05-05,2023-05-05,7956.0,12.0,201,POS Terminal,Hardware,Salesperson_5,Asia,Inbound,Qualified,True
O-102341,OPP-202341,C-3322,2023-08-27,,,4272.0,8.0,201,POS Terminal,Hardware,,Asia,Outbound,Lost,False
O-102342,OPP-202342,C-2977,2024-07-30,2024-08-15,2024-08-15,4497.0,3.0,102,Analytics Suite,Software,Salesperson_8,North America,Inbound,Won,True
O-102343,OPP-202343,C-4029,2024-11-29,2024-12-10,2024-12-10,2952.0,3.0,101,CRM Pro,Software,Salesperson_4,Asia,,Qualified,False
O-102344,OPP-202344,C-2001,2023-07-30,2023-08-06,2023-08-06,1995.0,7.0,201,POS Terminal,Hardware,Salesperson_6,Europe,Partner,Qualified,False
O-102345,OPP-202345,C-1470,2024-05-08,2024-05-20,2024-05-20,7620.0,10.0,201,POS Terminal,Hardware,Salesperson_8,North America,Inbound,Qualified,False
O-102346,OPP-202346,C-2758,2023-08-13,2023-09-07,2023-09-07,6882.0,6.0,103,Sales Booster,Software,Salesperson_2,North America,Partner,Lead,True
O-102347,OPP-202347,C-3656,2024-05-18,,,,12.0,101,CRM Pro,Software,,Europe,Outbound,Lead,False
O-102348,OPP-202348,C-4516,2024-09-15,2024-09-24,2024-09-24,15210.0,13.0,103,Sales Booster,Software,,Europe,Outbound,Won,True
O-102349,OPP-202349,C-1861,2024-08-26,2024-09-02,2024-09-02,,13.0,102,Analytics Suite,Software,Salesperson_1,North America,Outbound,Lead,True
O-102350,OPP-202350,C-2073,2024-05-31,2024-06-06,2024-06-06,286.0,1.0,101,CRM Pro,Software,Salesperson_7,North America,Inbound,Won,True
O-102351,OPP-202351,C-1031,2024-07-05,2024-07-15,2024-07-15,,12.0,102,Analytics Suite,Software,Salesperson_9,Europe,Partner,Lead,False
O-102352,OPP-202352,C-2478,2024-07-05,,,6706.0,14.0,101,CRM Pro,Software,Salesperson_5,Europe,Inbound,Qualified,False
O-102353,OPP-202353,C-2653,2024-05-12,2024-06-04,2024-06-04,9790.0,10.0,103,Sales Booster,Software,Salesperson_9,Asia,,Qualified,True
O-102354,OPP-202354,C-1683,2024-01-17,,,12980.0,11.0,102,Analytics Suite,Software,Salesperson_7,North America,Partner,Lead,True
O-102355,OPP-202355,C-3039,2024-04-30,2024-05-18,2024-05-18,10712.0,8.0,201,POS Terminal,Hardware,Salesperson_1,Asia,,Lead,True
O-102356,OPP-202356,C-3615,2023-07-03,2023-07-17,2023-07-17,6633.0,9.0,101,CRM Pro,Software,,Asia,Inbound,Won,False
O-102357,OPP-202357,C-2077,2024-07-19,2024-08-07,2024-08-07,8238.0,6.0,103,Sales Booster,Software,Salesperson_3,North America,Inbound,Qualified,False
O-102358,OPP-202358,C-1342,2024-11-07,2024-11-15,2024-11-15,7500.0,12.0,102,Analytics Suite,Software,Salesperson_3,North America,Partner,Lead,True
O-102359,OPP-202359,C-2677,2023-10-18,2023-10-29,2023-10-29,6650.0,5.0,201,POS Terminal,Hardware,Salesperson_4,Europe,Inbound,Lost,False
O-102360,OPP-202360,C-3733,2024-06-07,2024-06-16,2024-06-16,1995.0,7.0,201,POS Terminal,Hardware,Salesperson_6,Asia,Outbound,Qualified,False
O-102361,OPP-202361,C-4198,2023-06-08,2023-06-26,2023-06-26,12376.0,13.0,103,Sales Booster,Software,Salesperson_1,Asia,Partner,Lost,False
O-102362,OPP-202362,C-4094,2023-07-31,2023-08-25,2023-08-25,10361.0,13.0,101,CRM Pro,Software,Salesperson_10,Asia,Outbound,Qualified,True
O-102363,OPP-202363,C-4080,2023-01-03,,,2193.0,3.0,102,Analytics Suite,Software,,Asia,Outbound,Won,True
O-102364,OPP-202364,C-2234,2023-01-18,2023-01-27,2023-01-27,7938.0,7.0,201,POS Terminal,Hardware,Salesperson_10,Europe,Partner,Lead,False
,OPP-202365,C-2266,2023-04-29,2023-05-20,2023-05-20,7170.0,10.0,201,POS Terminal,Hardware,Salesperson_6,Asia,Partner,Won,False
O-102366,OPP-202366,C-1786,2024-11-14,2024-11-26,2024-11-26,3270.0,6.0,201,POS Terminal,Hardware,Salesperson_5,Europe,Inbound,Lost,True
O-102367,OPP-202367,C-4982,2024-04-07,2024-04-18,2024-04-18,3075.0,5.0,102,Analytics Suite,Software,,Europe,,Won,False
O-102368,OPP-202368,C-3414,2024-05-06,2024-05-24,2024-05-24,5864.0,4.0,103,Sales Booster,Software,Salesperson_10,Europe,,Won,
O-102369,OPP-202369,C-4171,2024-04-20,2024-04-26,2024-04-26,595.0,1.0,103,Sales Booster,Software,Salesperson_10,Asia,,Won,True
O-102370,OPP-202370,C-1509,2024-09-14,2024-10-08,2024-10-08,,14.0,102,Analytics Suite,Software,Salesperson_3,Asia,Partner,Lost,True
O-102371,OPP-202371,C-1747,2024-07-18,2024-08-12,2024-08-12,1794.0,2.0,201,POS Terminal,Hardware,Salesperson_3,Asia,Partner,Lost,True
O-102372,OPP-202372,C-4439,2023-10-16,2023-11-06,2023-11-06,10200.0,15.0,201,POS Terminal,Hardware,Salesperson_7,North America,Partner,Lost,True
O-102373,OPP-202373,C-4462,2024-08-05,2024-08-17,2024-08-17,5784.0,12.0,103,Sales Booster,Software,Salesperson_2,North America,Partner,Lost,True
O-102374,OPP-202374,C-4451,2024-04-29,2024-05-23,2024-05-23,1755.0,,102,Analytics Suite,Software,,North America,Outbound,Qualified,True
O-102375,OPP-202375,C-1597,2024-08-30,2024-09-06,2024-09-06,2379.0,13.0,201,POS Terminal,Hardware,Salesperson_2,North America,Partner,Lost,False
O-102376,OPP-202376,C-3582,2023-06-11,,,,14.0,201,POS Terminal,Hardware,Salesperson_2,Asia,Partner,Lost,
O-102377,OPP-202377,C-4017,2023-02-09,,,,11.0,101,CRM Pro,Software,,North America,,Lost,False
O-102378,OPP-202378,C-1297,2023-06-02,2023-06-27,2023-06-27,10024.0,8.0,201,POS Terminal,Hardware,,Europe,Partner,Lost,False
,OPP-202379,C-4898,2023-09-08,2023-09-20,2023-09-20,4620.0,14.0,201,POS Terminal,Hardware,Salesperson_1,North America,Outbound,Won,False
O-102380,OPP-202380,C-1151,2024-06-07,2024-06-16,,12156.0,12.0,101,CRM Pro,Software,Salesperson_5,Asia,Outbound,Qualified,
O-102381,OPP-202381,C-1353,2023-07-12,2023-07-26,,974.0,2.0,102,Analytics Suite,Software,Salesperson_6,North America,Inbound,Qualified,
O-102382,OPP-202382,C-2834,2024-01-10,2024-01-22,2024-01-22,,1.0,201,POS Terminal,Hardware,,Europe,Partner,Qualified,False
O-102383,OPP-202383,C-3370,2024-02-17,2024-03-01,2024-03-01,2792.0,4.0,101,CRM Pro,Software,Salesperson_1,North America,Inbound,Qualified,
O-102384,OPP-202384,C-1700,2023-07-10,,,582.0,2.0,101,CRM Pro,Software,Salesperson_7,Asia,Inbound,Lead,
,OPP-202385,C-1690,2024-04-22,2024-05-07,2024-05-07,1066.0,2.0,103,Sales Booster,Software,,Asia,Outbound,Lead,True
O-102386,OPP-202386,C-2809,2023-07-24,2023-08-07,2023-08-07,,12.0,102,Analytics Suite,Software,,Asia,Outbound,Won,False
O-102387,OPP-202387,C-2853,2024-09-12,,,19992.0,14.0,201,POS Terminal,Hardware,,Europe,,Won,True
O-102388,OPP-202388,C-4657,2024-04-04,2024-04-13,2024-04-13,,3.0,102,Analytics Suite,Software,Salesperson_4,Asia,Inbound,Won,True
O-102389,OPP-202389,C-3331,2023-06-22,2023-07-01,2023-07-01,7424.0,8.0,201,POS Terminal,Hardware,Salesperson_5,Asia,Outbound,Qualified,True
O-102390,OPP-202390,C-4359,2024-11-25,2024-12-02,2024-12-02,,4.0,102,Analytics Suite,Software,Salesperson_7,North America,Outbound,Qualified,True
O-102391,OPP-202391,C-4137,2024-10-20,2024-11-13,2024-11-13,11869.0,11.0,103,Sales Booster,Software,Salesperson_10,North America,Outbound,Qualified,False
O-102392,OPP-202392,C-2003,2023-03-13,,,,8.0,103,Sales Booster,Software,Salesperson_3,Europe,Partner,Lead,
O-102393,OPP-202393,C-4678,2024-08-27,2024-09-01,2024-09-01,9275.0,7.0,201,POS Terminal,Hardware,Salesperson_10,Asia,,Won,True
O-102394,OPP-202394,C-4506,2023-11-01,,,990.0,6.0,102,Analytics Suite,Software,Salesperson_9,North America,Outbound,Qualified,
O-102395,OPP-202395,C-4306,2024-11-15,2024-11-24,2024-11-24,4875.0,,201,POS Terminal,Hardware,Salesperson_1,Europe,Outbound,Won,False
O-102396,OPP-202396,C-3173,2024-06-30,,,2404.0,4.0,101,CRM Pro,Software,,Europe,,Lead,True
O-102397,OPP-202397,C-3454,2024-01-04,2024-01-11,2024-01-11,2165.0,,103,Sales Booster,Software,Salesperson_2,North America,Partner,Won,True
O-102398,OPP-202398,C-3842,2024-04-23,,,,8.0,103,Sales Booster,Software,Salesperson_8,Asia,Inbound,Lost,True
O-102399,OPP-202399,C-4141,2023-12-15,,,5670.0,5.0,102,Analytics Suite,Software,Salesperson_6,North America,Partner,Qualified,False
O-102400,OPP-202400,C-3103,2023-05-12,2023-05-18,2023-05-18,6570.0,6.0,102,Analytics Suite,Software,Salesperson_5,Europe,,Lost,True
O-102401,OPP-202401,C-2112,2024-03-17,2024-04-09,2024-04-09,2310.0,5.0,103,Sales Booster,Software,Salesperson_3,Europe,Partner,Lead,True
O-102402,OPP-202402,C-2612,2024-03-08,,,2114.0,2.0,102,Analytics Suite,Software,Salesperson_7,Asia,Outbound,Lost,True
O-102403,OPP-202403,C-4126,2024-03-24,2024-04-01,2024-04-01,5560.0,,201,POS Terminal,Hardware,Salesperson_10,Asia,Partner,Lead,False
O-102404,OPP-202404,C-1268,2024-09-14,,,1630.0,10.0,201,POS Terminal,Hardware,Salesperson_7,Asia,Inbound,Qualified,False
O-102405,OPP-202405,C-4261,2024-01-28,2024-02-09,2024-02-09,,11.0,102,Analytics Suite,Software,Salesperson_4,Europe,Inbound,Won,True
O-102406,OPP-202406,C-1188,2024-05-09,2024-05-20,,3315.0,15.0,201,POS Terminal,Hardware,Salesperson_4,North America,Partner,Lead,True
,OPP-202407,C-2809,2023-08-17,,,7512.0,6.0,103,Sales Booster,Software,Salesperson_10,Asia,,Lost,False
O-102408,OPP-202408,C-2841,2024-08-03,2024-08-08,2024-08-08,3393.0,3.0,201,POS Terminal,Hardware,,Europe,Partner,Won,False
O-102409,OPP-202409,C-4603,2024-09-25,2024-10-11,2024-10-11,,1.0,102,Analytics Suite,Software,Salesperson_10,North America,Inbound,Qualified,False
O-102410,OPP-202410,C-1433,2024-02-10,,,5424.0,4.0,102,Analytics Suite,Software,Salesperson_9,Europe,,Won,False
O-102411,OPP-202411,C-1000,2023-02-19,2023-03-06,2023-03-06,15624.0,12.0,101,CRM Pro,Software,Salesperson_6,North America,Inbound,Won,True
,OPP-202412,C-3776,2024-11-27,2024-12-02,2024-12-02,1270.0,10.0,101,CRM Pro,Software,Salesperson_7,North America,Outbound,Won,True
O-102413,OPP-202413,C-2342,2023-10-06,2023-10-11,,2800.0,5.0,201,POS Terminal,Hardware,Salesperson_6,Asia,Outbound,Won,False
O-102414,OPP-202414,C-3816,2023-02-15,2023-03-10,2023-03-10,1081.0,1.0,103,Sales Booster,Software,Salesperson_7,Asia,Inbound,Lead,True
O-102415,OPP-202415,C-1285,2024-06-09,,,904.0,4.0,101,CRM Pro,Software,Salesperson_3,Europe,Outbound,Lead,False
O-102416,OPP-202416,C-4532,2024-06-17,,,,5.0,101,CRM Pro,Software,Salesperson_7,Europe,Outbound,Lost,True
O-102417,OPP-202417,C-3344,2023-11-02,2023-11-16,2023-11-16,7826.0,13.0,102,Analytics Suite,Software,Salesperson_2,Europe,Inbound,Lead,True
O-102418,OPP-202418,C-1136,2024-05-19,2024-06-13,2024-06-13,728.0,1.0,101,CRM Pro,Software,Salesperson_1,Asia,Inbound,Qualified,False
O-102419,OPP-202419,C-1128,2023-11-13,2023-11-19,2023-11-19,1466.0,,101,CRM Pro,Software,Salesperson_1,Europe,Outbound,Qualified,False
,OPP-202420,C-3779,2023-10-13,2023-11-02,2023-11-02,4433.0,13.0,103,Sales Booster,Software,Salesperson_2,North America,Partner,Qualified,False
O-102421,OPP-202421,C-1284,2024-03-07,2024-03-25,2024-03-25,2100.0,10.0,201,POS Terminal,Hardware,Salesperson_8,North America,,Lead,False
O-102422,OPP-202422,C-1352,2024-06-27,2024-07-12,2024-07-12,4580.0,5.0,103,Sales Booster,Software,Salesperson_1,Asia,,Qualified,False
O-102423,OPP-202423,C-2840,2023-10-08,,,,4.0,102,Analytics Suite,Software,Salesperson_4,Europe,,Lost,
,OPP-202424,C-4358,2024-11-04,2024-11-16,2024-11-16,3255.0,3.0,101,CRM Pro,Software,Salesperson_3,Europe,Partner,Lead,True
O-102425,OPP-202425,C-3857,2024-06-21,2024-07-10,2024-07-10,5232.0,12.0,101,CRM Pro,Software,Salesperson_2,Asia,,Qualified,False
O-102426,OPP-202426,C-3617,2024-02-13,2024-02-26,2024-02-26,2976.0,,201,POS Terminal,Hardware,Salesperson_5,Europe,Inbound,Lost,False
O-102427,OPP-202427,C-3064,2023-10-13,2023-10-31,2023-10-31,2178.0,,103,Sales Booster,Software,Salesperson_7,Asia,Inbound,Lead,True
O-102428,OPP-202428,C-3079,2023-11-20,2023-12-10,2023-12-10,11240.0,8.0,102,Analytics Suite,Software,Salesperson_6,Europe,Partner,Qualified,True
O-102429,OPP-202429,C-4918,2023-10-12,2023-11-03,2023-11-03,8076.0,6.0,103,Sales Booster,Software,Salesperson_3,Europe,Partner,Qualified,False
O-102430,OPP-202430,C-2466,2024-11-29,,,1206.0,3.0,103,Sales Booster,Software,Salesperson_3,North America,,Won,False
O-102431,OPP-202431,C-4625,2023-12-23,,,844.0,4.0,201,POS Terminal,Hardware,Salesperson_5,North America,Outbound,Lost,True
,OPP-202432,C-2060,2023-06-20,2023-06-27,2023-06-27,367.0,1.0,201,POS Terminal,Hardware,Salesperson_5,Europe,Partner,Lost,True
O-102433,OPP-202433,C-1239,2024-04-28,2024-05-13,2024-05-13,5160.0,8.0,101,CRM Pro,Software,Salesperson_3,North America,Outbound,Won,True
O-102434,OPP-202434,C-3280,2024-09-13,,,11908.0,13.0,101,CRM Pro,Software,Salesperson_3,Asia,Inbound,Qualified,
O-102435,OPP-202435,C-2183,2023-10-23,2023-11-08,2023-11-08,11924.0,11.0,201,POS Terminal,Hardware,Salesperson_4,Europe,Outbound,Lead,True
O-102436,OPP-202436,C-1824,2023-08-28,2023-09-15,2023-09-15,14292.0,12.0,201,POS Terminal,Hardware,Salesperson_10,Europe,Inbound,Won,False
,OPP-202437,C-4282,2023-12-04,2023-12-10,2023-12-10,11800.0,8.0,101,CRM Pro,Software,Salesperson_10,Europe,Inbound,Qualified,
O-102438,OPP-202438,C-4364,2023-09-19,2023-10-04,2023-10-04,10813.0,11.0,201,POS Terminal,Hardware,,Europe,Partner,Lost,True
O-102439,OPP-202439,C-1047,2024-04-27,2024-05-09,2024-05-09,1351.0,1.0,102,Analytics Suite,Software,Salesperson_5,Asia,Outbound,Lead,
O-102440,OPP-202440,C-3140,2023-01-07,2023-01-24,2023-01-24,4536.0,4.0,201,POS Terminal,Hardware,,North America,,Lead,False
O-102441,OPP-202441,C-3410,2023-09-10,2023-09-17,2023-09-17,354.0,2.0,101,CRM Pro,Software,Salesperson_5,Asia,Partner,Won,
O-102442,OPP-202442,C-1684,2023-01-11,,,18870.0,15.0,103,Sales Booster,Software,Salesperson_4,Europe,Partner,Won,False
,OPP-202443,C-2979,2023-03-10,,,3520.0,,101,CRM Pro,Software,,Asia,Outbound,Lost,True
O-102444,OPP-202444,C-2001,2024-01-03,2024-01-18,2024-01-18,,15.0,103,Sales Booster,Software,,Asia,,Qualified,False
O-102445,OPP-202445,C-4058,2023-09-02,,,4260.0,,101,CRM Pro,Software,Salesperson_2,Asia,Inbound,Qualified,True
O-102446,OPP-202446,C-1344,2024-01-11,2024-02-01,2024-02-01,4835.0,5.0,201,POS Terminal,Hardware,Salesperson_4,Europe,Partner,Qualified,
O-102447,OPP-202447,C-4067,2024-03-08,2024-03-31,2024-03-31,4620.0,7.0,102,Analytics Suite,Software,Salesperson_5,Europe,Partner,Qualified,False
O-102448,OPP-202448,C-1557,2023-10-19,,,9540.0,15.0,101,CRM Pro,Software,Salesperson_10,Asia,Outbound,Lead,False
O-102449,OPP-202449,C-1661,2024-07-06,2024-07-31,2024-07-31,775.0,5.0,201,POS Terminal,Hardware,Salesperson_1,Europe,Partner,Lead,False
O-102450,OPP-202450,C-4385,2024-02-22,2024-03-01,2024-03-01,11284.0,14.0,101,CRM Pro,Software,Salesperson_6,Europe,,Lead,True
O-102451,OPP-202451,C-2466,2023-11-01,2023-11-26,,12397.0,11.0,201,POS Terminal,Hardware,Salesperson_3,Asia,Inbound,Lost,True
O-102452,OPP-202452,C-2173,2024-05-28,2024-06-17,,,15.0,101,CRM Pro,Software,Salesperson_10,Asia,,Lead,True
O-102453,OPP-202453,C-1812,2024-06-02,2024-06-12,2024-06-12,9780.0,10.0,103,Sales Booster,Software,Salesperson_4,Asia,Outbound,Won,
O-102454,OPP-202454,C-1548,2023-02-05,,,2640.0,3.0,201,POS Terminal,Hardware,Salesperson_10,Europe,,Lead,False
O-102455,OPP-202455,C-2586,2024-09-03,2024-09-21,2024-09-21,2735.0,5.0,103,Sales Booster,Software,,North America,Inbound,Won,True
,OPP-202456,C-2650,2023-03-21,,,,11.0,103,Sales Booster,Software,Salesperson_2,Asia,Inbound,Qualified,True
O-102457,OPP-202457,C-2589,2023-06-09,,,10832.0,8.0,102,Analytics Suite,Software,Salesperson_7,North America,Partner,Lost,True
O-102458,OPP-202458,C-1304,2023-03-26,,,,9.0,201,POS Terminal,Hardware,Salesperson_6,Asia,,Won,True
O-102459,OPP-202459,C-2133,2023-06-29,,,2430.0,,201,POS Terminal,Hardware,Salesperson_1,North America,Partner,Won,True
O-102460,OPP-202460,C-1951,2024-04-22,,,,6.0,201,POS Terminal,Hardware,Salesperson_6,North America,Inbound,Lead,False
O-102461,OPP-202461,C-4462,2023-09-29,2023-10-16,2023-10-16,14265.0,15.0,201,POS Terminal,Hardware,Salesperson_4,Asia,,Lost,True
,OPP-202462,C-4943,2024-02-11,2024-03-03,2024-03-03,536.0,1.0,102,Analytics Suite,Software,Salesperson_1,Asia,Inbound,Qualified,True
O-102463,OPP-202463,C-4727,2024-07-16,2024-08-04,2024-08-04,5026.0,14.0,201,POS Terminal,Hardware,,Europe,Inbound,Won,False
O-102464,OPP-202464,C-4602,2023-11-09,2023-11-28,,936.0,1.0,102,Analytics Suite,Software,Salesperson_8,North America,Inbound,Lead,False
O-102465,OPP-202465,C-2602,2024-12-22,2025-01-09,2025-01-09,3894.0,,201,POS Terminal,Hardware,Salesperson_9,Asia,Partner,Qualified,True
O-102466,OPP-202466,C-1632,2024-10-19,2024-11-02,2024-11-02,4998.0,6.0,201,POS Terminal,Hardware,Salesperson_3,North America,Outbound,Qualified,False
O-102467,OPP-202467,C-3696,2023-08-16,,,,3.0,101,CRM Pro,Software,Salesperson_4,Asia,Outbound,Lead,False
O-102468,OPP-202468,C-4333,2024-04-06,2024-04-21,,2078.0,,103,Sales Booster,Software,Salesperson_8,Asia,Outbound,Lead,True
O-102469,OPP-202469,C-1748,2023-10-06,2023-10-23,2023-10-23,8392.0,8.0,102,Analytics Suite,Software,Salesperson_7,Europe,Outbound,Lost,False
O-102470,OPP-202470,C-1768,2023-06-22,,,9972.0,12.0,101,CRM Pro,Software,Salesperson_5,North America,Partner,Lost,True
O-102471,OPP-202471,C-3406,2024-07-15,2024-08-01,2024-08-01,11304.0,12.0,201,POS Terminal,Hardware,Salesperson_5,Asia,Outbound,Qualified,True
O-102472,OPP-202472,C-2744,2024-03-10,,,4938.0,6.0,101,CRM Pro,Software,,Europe,Inbound,Won,True
O-102473,OPP-202473,C-2485,2024-11-20,2024-12-09,2024-12-09,9225.0,9.0,201,POS Terminal,Hardware,Salesperson_9,North America,Outbound,Lead,False
O-102474,OPP-202474,C-3721,2024-02-20,2024-03-04,2024-03-04,12840.0,12.0,201,POS Terminal,Hardware,Salesperson_9,North America,Inbound,Lost,False
O-102475,OPP-202475,C-4248,2023-12-30,2024-01-09,2024-01-09,11033.0,11.0,103,Sales Booster,Software,Salesperson_9,North America,Inbound,Lead,False
O-102476,OPP-202476,C-3585,2023-04-06,2023-04-15,2023-04-15,3984.0,8.0,201,POS Terminal,Hardware,Salesperson_2,North America,Inbound,Won,False
O-102477,OPP-202477,C-2833,2023-01-29,,,,12.0,102,Analytics Suite,Software,Salesperson_10,North America,,Qualified,False
O-102478,OPP-202478,C-3640,2023-04-18,2023-04-29,2023-04-29,1002.0,6.0,201,POS Terminal,Hardware,Salesperson_3,Asia,,Qualified,True
O-102479,OPP-202479,C-3812,2024-05-25,2024-06-12,2024-06-12,11988.0,9.0,103,Sales Booster,Software,,North America,Inbound,Lost,False
,OPP-202480,C-3454,2024-05-08,2024-05-18,2024-05-18,2376.0,8.0,101,CRM Pro,Software,Salesperson_7,North America,,Won,
O-102481,OPP-202481,C-3695,2023-12-09,2023-12-29,2023-12-29,20805.0,15.0,103,Sales Booster,Software,,Europe,Partner,Won,True
O-102482,OPP-202482,C-2620,2024-08-27,,,10566.0,,103,Sales Booster,Software,Salesperson_1,Europe,Outbound,Won,True
O-102483,OPP-202483,C-1775,2023-01-28,2023-02-20,2023-02-20,700.0,,101,CRM Pro,Software,,Europe,Outbound,Qualified,True
O-102484,OPP-202484,C-4953,2023-06-01,,,8268.0,13.0,201,POS Terminal,Hardware,Salesperson_7,Asia,Inbound,Qualified,True
O-102485,OPP-202485,C-1267,2024-09-22,,,609.0,3.0,103,Sales Booster,Software,Salesperson_3,Europe,,Qualified,True
O-102486,OPP-202486,C-1194,2023-12-17,,,,3.0,201,POS Terminal,Hardware,Salesperson_2,North America,,Won,False
O-102487,OPP-202487,C-2076,2023-06-16,2023-06-22,2023-06-22,7210.0,5.0,201,POS Terminal,Hardware,Salesperson_2,North America,,Lost,False
O-102488,OPP-202488,C-3131,2023-02-22,2023-02-28,2023-02-28,,12.0,102,Analytics Suite,Software,Salesperson_4,Europe,Partner,Qualified,True
O-102489,OPP-202489,C-2125,2023-09-01,2023-09-17,2023-09-17,8190.0,14.0,102,Analytics Suite,Software,Salesperson_8,Asia,,Lost,True
O-102490,OPP-202490,C-1725,2024-06-04,2024-06-27,,123.0,1.0,201,POS Terminal,Hardware,Salesperson_6,North America,Partner,Won,False
O-102491,OPP-202491,C-4545,2024-04-08,,,3031.0,7.0,201,POS Terminal,Hardware,Salesperson_1,Europe,Inbound,Won,False
O-102492,OPP-202492,C-2248,2024-11-29,,,10972.0,,102,Analytics Suite,Software,Salesperson_9,Asia,Outbound,Lead,
O-102493,OPP-202493,C-2305,2023-10-10,,,,11.0,101,CRM Pro,Software,Salesperson_9,North America,Partner,Lost,True
O-102494,OPP-202494,C-2194,2024-08-14,2024-08-22,,3312.0,4.0,101,CRM Pro,Software,Salesperson_5,Europe,Inbound,Lost,True
O-102495,OPP-202495,C-4681,2024-12-19,2025-01-07,2025-01-07,2646.0,14.0,103,Sales Booster,Software,Salesperson_4,Europe,,Lost,False
O-102496,OPP-202496,C-4246,2024-01-31,2024-02-07,2024-02-07,,9.0,102,Analytics Suite,Software,Salesperson_3,Asia,,Lost,True
O-102497,OPP-202497,C-1072,2024-03-12,2024-04-05,2024-04-05,822.0,3.0,201,POS Terminal,Hardware,Salesperson_2,Europe,,Lost,False
O-102498,OPP-202498,C-2982,2024-04-07,,,4014.0,3.0,201,POS Terminal,Hardware,Salesperson_6,North America,Outbound,Won,False
O-102499,OPP-202499,C-4717,2024-01-19,,,,15.0,201,POS Terminal,Hardware,Salesperson_2,North America,Inbound,Won,
