order_id,order_date,customer_id,product_id,product_name,category,units,revenue,salesperson,region,source_system
O-500000,2024-07-27,C-3761,101,CRM Pro,Software,20,17640,Salesperson_6,Europe,CRM
O-500001,2024-04-03,C-1962,201,POS Terminal,Hardware,14,9590,Salesperson_1,Asia,CRM
O-500002,2023-11-24,C-2689,102,Analytics Suite,Software,8,9336,Salesperson_4,Asia,CRM
O-500003,2024-07-21,C-1035,102,Analytics Suite,Software,12,6168,Salesperson_10,North America,CRM
O-500004,2024-10-05,C-2964,101,CRM Pro,Software,6,7566,Salesperson_9,Europe,CRM
O-500005,2023-12-18,C-2808,201,POS Terminal,Hardware,8,8840,Salesperson_2,North America,CRM
O-500006,2023-09-23,C-2238,201,POS Terminal,Hardware,9,5292,Salesperson_1,Europe,CRM
O-500007,2023-05-09,C-2413,101,CRM Pro,Software,8,9432,Salesperson_4,Asia,CRM
O-500008,2023-02-03,C-1602,101,CRM Pro,Software,11,5236,Salesperson_7,Europe,CRM
O-500009,2023-06-06,C-1102,102,Analytics Suite,Software,5,3095,Salesperson_5,Europe,CRM
O-500010,2024-07-29,C-2130,201,POS Terminal,Hardware,18,25920,Salesperson_9,North America,CRM
O-500011,2023-10-17,C-3547,101,CRM Pro,Software,11,9988,Salesperson_6,North America,CRM
O-500012,2023-04-29,C-1913,102,Analytics Suite,Software,16,6384,Salesperson_5,North America,CRM
O-500013,2024-04-28,C-1789,201,POS Terminal,Hardware,17,24922,Salesperson_11,North America,CRM
O-500014,2024-04-02,C-2510,201,POS Terminal,Hardware,12,8532,Salesperson_9,North America,CRM
O-500015,2024-10-30,C-2204,102,Analytics Suite,Software,13,10088,Salesperson_2,North America,CRM
O-500016,2024-10-19,C-2323,102,Analytics Suite,Software,1,277,Salesperson_2,Asia,CRM
O-500017,2024-04-04,C-3625,101,CRM Pro,Software,13,3224,Salesperson_3,Europe,CRM
O-500018,2024-09-07,C-3412,102,Analytics Suite,Software,14,7518,Salesperson_2,Asia,CRM
O-500019,2024-10-16,C-2134,201,POS Terminal,Hardware,12,8088,Salesperson_11,Asia,CRM
O-500020,2024-05-20,C-3107,201,POS Terminal,Hardware,2,2040,Salesperson_2,Asia,CRM
O-500021,2023-04-18,C-3236,102,Analytics Suite,Software,17,16558,Salesperson_6,North America,CRM
O-500022,2024-11-13,C-1270,201,POS Terminal,Hardware,15,10935,Salesperson_1,Europe,CRM
O-500023,2024-03-23,C-3370,102,Analytics Suite,Software,10,10930,Salesperson_10,Asia,CRM
O-500024,2023-06-17,C-3525,201,POS Terminal,Hardware,4,1572,Salesperson_6,Europe,CRM
O-500025,2023-07-20,C-3422,201,POS Terminal,Hardware,16,12224,Salesperson_4,Europe,CRM
O-500026,2023-03-17,C-1018,201,POS Terminal,Hardware,6,7488,Salesperson_6,North America,CRM
O-500027,2023-10-30,C-1967,201,POS Terminal,Hardware,8,4792,Salesperson_4,North America,CRM
O-500028,2024-11-08,C-2202,201,POS Terminal,Hardware,17,11186,Salesperson_1,North America,CRM
O-500029,2024-12-10,C-3736,101,CRM Pro,Software,14,12180,Salesperson_1,Asia,CRM
O-500030,2024-02-11,C-1770,102,Analytics Suite,Software,16,11472,Salesperson_7,North America,CRM
O-500031,2023-12-22,C-2404,102,Analytics Suite,Software,14,5544,Salesperson_11,Europe,CRM
O-500032,2024-01-14,C-3554,201,POS Terminal,Hardware,7,5747,Salesperson_1,North America,CRM
O-500033,2024-08-02,C-3882,102,Analytics Suite,Software,9,3780,Salesperson_9,Europe,CRM
O-500034,2024-01-28,C-2483,101,CRM Pro,Software,19,14269,Salesperson_7,Asia,CRM
O-500035,2024-12-26,C-2451,201,POS Terminal,Hardware,4,2980,Salesperson_1,Asia,CRM
O-500036,2024-07-30,C-1994,102,Analytics Suite,Software,16,14992,Salesperson_9,North America,CRM
O-500037,2024-10-18,C-1868,201,POS Terminal,Hardware,17,16303,Salesperson_5,Europe,CRM
O-500038,2024-12-11,C-3591,101,CRM Pro,Software,2,2972,Salesperson_7,North America,CRM
O-500039,2023-10-10,C-3472,201,POS Terminal,Hardware,1,861,Salesperson_7,Asia,CRM
O-500040,2024-09-20,C-3179,201,POS Terminal,Hardware,11,15224,Salesperson_7,Europe,CRM
O-500041,2023-03-16,C-3935,201,POS Terminal,Hardware,11,12353,Salesperson_9,North America,CRM
O-500042,2023-10-09,C-1596,201,POS Terminal,Hardware,15,3630,Salesperson_4,North America,CRM
O-500043,2024-04-07,C-2115,201,POS Terminal,Hardware,19,24244,Salesperson_5,Asia,CRM
O-500044,2023-10-21,C-1060,201,POS Terminal,Hardware,15,10215,Salesperson_6,Europe,CRM
O-500045,2023-09-07,C-3719,102,Analytics Suite,Software,11,4719,Salesperson_8,North America,CRM
O-500046,2023-01-08,C-1749,101,CRM Pro,Software,13,3237,Salesperson_7,Asia,CRM
O-500047,2023-05-17,C-3757,101,CRM Pro,Software,1,554,Salesperson_4,North America,CRM
O-500048,2023-09-03,C-2997,101,CRM Pro,Software,17,16286,Salesperson_4,North America,CRM
O-500049,2024-03-07,C-3173,101,CRM Pro,Software,18,9198,Salesperson_7,Europe,CRM
O-500050,2024-04-01,C-2955,102,Analytics Suite,Software,11,6380,Salesperson_6,North America,CRM
O-500051,2024-09-20,C-3585,201,POS Terminal,Hardware,6,6426,Salesperson_4,Asia,CRM
O-500052,2024-03-01,C-1808,201,POS Terminal,Hardware,3,2625,Salesperson_6,Asia,CRM
O-500053,2024-08-04,C-2161,201,POS Terminal,Hardware,1,209,Salesperson_1,Europe,CRM
O-500054,2023-07-05,C-1011,201,POS Terminal,Hardware,1,1490,Salesperson_3,Europe,CRM
O-500055,2023-01-18,C-3692,101,CRM Pro,Software,18,12978,Salesperson_4,Asia,CRM
O-500056,2024-10-02,C-1938,201,POS Terminal,Hardware,1,1241,Salesperson_7,Europe,CRM
O-500057,2023-03-17,C-2239,201,POS Terminal,Hardware,3,3678,Salesperson_3,Asia,CRM
O-500058,2024-08-03,C-3593,102,Analytics Suite,Software,18,4716,Salesperson_1,Asia,CRM
O-500059,2024-05-31,C-1006,102,Analytics Suite,Software,1,782,Salesperson_5,North America,CRM
O-500060,2023-04-22,C-1311,101,CRM Pro,Software,11,5588,Salesperson_9,North America,CRM
O-500061,2024-07-09,C-3904,101,CRM Pro,Software,13,18850,Salesperson_5,Asia,CRM
O-500062,2023-03-23,C-1506,102,Analytics Suite,Software,2,1658,Salesperson_2,Asia,CRM
O-500063,2023-11-22,C-1309,102,Analytics Suite,Software,7,4214,Salesperson_5,North America,CRM
O-500064,2023-01-07,C-2857,101,CRM Pro,Software,17,6443,Salesperson_2,North America,CRM
O-500065,2024-11-06,C-3648,102,Analytics Suite,Software,20,25000,Salesperson_1,Europe,CRM
O-500066,2024-05-03,C-3917,102,Analytics Suite,Software,16,6112,Salesperson_9,North America,CRM
O-500067,2024-02-26,C-1461,102,Analytics Suite,Software,14,9100,Salesperson_3,Asia,CRM
O-500068,2024-05-04,C-2939,201,POS Terminal,Hardware,13,18304,Salesperson_8,Asia,CRM
O-500069,2023-09-14,C-2101,101,CRM Pro,Software,15,21150,Salesperson_10,Europe,CRM
O-500070,2024-06-08,C-3005,102,Analytics Suite,Software,14,12040,Salesperson_2,Europe,CRM
O-500071,2023-11-15,C-3155,201,POS Terminal,Hardware,9,4995,Salesperson_9,North America,CRM
O-500072,2023-06-01,C-3168,102,Analytics Suite,Software,15,17610,Salesperson_1,Asia,CRM
O-500073,2024-07-30,C-2482,102,Analytics Suite,Software,18,14292,Salesperson_9,Europe,CRM
O-500074,2024-08-25,C-1730,201,POS Terminal,Hardware,5,5335,Salesperson_9,Europe,CRM
O-500075,2024-06-12,C-3460,102,Analytics Suite,Software,7,2891,Salesperson_7,Asia,CRM
O-500076,2023-07-22,C-2523,101,CRM Pro,Software,15,9390,Salesperson_1,North America,CRM
O-500077,2024-10-30,C-1716,102,Analytics Suite,Software,17,3587,Salesperson_9,North America,CRM
O-500078,2024-03-31,C-1023,201,POS Terminal,Hardware,2,2292,Salesperson_6,Europe,CRM
O-500079,2024-11-06,C-2359,201,POS Terminal,Hardware,20,14340,Salesperson_6,North America,CRM
O-500080,2024-12-03,C-1138,101,CRM Pro,Software,20,21560,Salesperson_11,Europe,CRM
O-500081,2024-01-25,C-1612,201,POS Terminal,Hardware,11,8052,Salesperson_4,North America,CRM
O-500082,2023-12-25,C-3988,102,Analytics Suite,Software,11,5555,Salesperson_6,Europe,CRM
O-500083,2024-07-08,C-3002,201,POS Terminal,Hardware,9,5283,Salesperson_3,Europe,CRM
O-500084,2023-06-16,C-3344,201,POS Terminal,Hardware,4,3304,Salesperson_3,Asia,CRM
O-500085,2023-06-25,C-1183,102,Analytics Suite,Software,14,18718,Salesperson_6,North America,CRM
O-500086,2023-09-09,C-1516,101,CRM Pro,Software,12,6360,Salesperson_3,Europe,CRM
O-500087,2023-04-30,C-2918,201,POS Terminal,Hardware,1,490,Salesperson_2,Europe,CRM
O-500088,2023-09-30,C-3897,102,Analytics Suite,Software,17,12342,Salesperson_3,North America,CRM
O-500089,2024-08-30,C-3492,201,POS Terminal,Hardware,16,5792,Salesperson_8,Europe,CRM
O-500090,2024-06-05,C-2077,201,POS Terminal,Hardware,9,13347,Salesperson_11,Europe,CRM
O-500091,2024-04-18,C-3265,101,CRM Pro,Software,11,4092,Salesperson_5,Europe,CRM
O-500092,2023-05-04,C-3396,101,CRM Pro,Software,14,4606,Salesperson_8,North America,CRM
O-500093,2024-05-31,C-3909,101,CRM Pro,Software,9,13347,Salesperson_8,Asia,CRM
O-500094,2024-10-05,C-1616,201,POS Terminal,Hardware,19,18335,Salesperson_11,North America,CRM
O-500095,2024-06-02,C-3696,101,CRM Pro,Software,6,8502,Salesperson_10,North America,CRM
O-500096,2024-11-18,C-3756,201,POS Terminal,Hardware,4,2656,Salesperson_2,Europe,CRM
O-500097,2023-05-20,C-2181,101,CRM Pro,Software,17,17153,Salesperson_8,North America,CRM
O-500098,2023-05-04,C-2229,102,Analytics Suite,Software,11,8096,Salesperson_7,Asia,CRM
O-500099,2024-08-01,C-3279,102,Analytics Suite,Software,19,25650,Salesperson_9,North America,CRM
O-500100,2024-01-01,C-2325,102,Analytics Suite,Software,6,4014,Salesperson_2,Europe,CRM
O-500101,2024-03-06,C-3039,102,Analytics Suite,Software,14,16506,Salesperson_10,Asia,CRM
O-500102,2023-07-23,C-2116,102,Analytics Suite,Software,6,3876,Salesperson_5,North America,CRM
O-500103,2024-10-26,C-1791,102,Analytics Suite,Software,20,13540,Salesperson_2,Asia,CRM
O-500104,2024-02-14,C-3386,101,CRM Pro,Software,8,6984,Salesperson_8,North America,CRM
O-500105,2023-05-01,C-2206,101,CRM Pro,Software,4,2296,Salesperson_11,Asia,CRM
O-500106,2024-07-12,C-1339,102,Analytics Suite,Software,4,1388,Salesperson_8,North America,CRM
O-500107,2024-05-30,C-2621,101,CRM Pro,Software,11,14707,Salesperson_9,Asia,CRM
O-500108,2024-07-22,C-1482,102,Analytics Suite,Software,4,1716,Salesperson_4,North America,CRM
O-500109,2024-12-18,C-1530,102,Analytics Suite,Software,15,16380,Salesperson_11,Europe,CRM
O-500110,2023-01-09,C-1188,201,POS Terminal,Hardware,5,4945,Salesperson_3,Asia,CRM
O-500111,2024-03-11,C-1008,102,Analytics Suite,Software,11,3091,Salesperson_4,North America,CRM
O-500112,2024-05-24,C-3539,102,Analytics Suite,Software,10,5100,Salesperson_3,Asia,CRM
O-500113,2023-02-26,C-2668,101,CRM Pro,Software,15,13125,Salesperson_10,Asia,CRM
O-500114,2023-12-15,C-2846,101,CRM Pro,Software,9,2808,Salesperson_8,Europe,CRM
O-500115,2023-11-02,C-1227,101,CRM Pro,Software,19,9462,Salesperson_6,North America,CRM
O-500116,2023-05-05,C-2085,201,POS Terminal,Hardware,2,2222,Salesperson_3,North America,CRM
O-500117,2023-12-04,C-3517,201,POS Terminal,Hardware,10,14730,Salesperson_10,Asia,CRM
O-500118,2023-03-01,C-2597,101,CRM Pro,Software,6,8382,Salesperson_3,Asia,CRM
O-500119,2023-11-09,C-3962,201,POS Terminal,Hardware,9,7398,Salesperson_3,Asia,CRM
O-500120,2024-09-23,C-3097,102,Analytics Suite,Software,2,1220,Salesperson_1,Asia,CRM
O-500121,2024-03-13,C-1154,201,POS Terminal,Hardware,8,9872,Salesperson_6,Europe,CRM
O-500122,2023-10-17,C-1644,102,Analytics Suite,Software,3,4026,Salesperson_6,Europe,CRM
O-500123,2024-12-10,C-3796,102,Analytics Suite,Software,12,16812,Salesperson_2,Europe,CRM
O-500124,2023-06-14,C-2911,102,Analytics Suite,Software,13,15951,Salesperson_1,Asia,CRM
O-500125,2024-03-19,C-1820,201,POS Terminal,Hardware,12,5568,Salesperson_7,Europe,CRM
O-500126,2024-09-20,C-1363,102,Analytics Suite,Software,14,20762,Salesperson_4,Europe,CRM
O-500127,2023-09-24,C-3831,101,CRM Pro,Software,6,8070,Salesperson_5,Asia,CRM
O-500128,2024-02-22,C-1007,101,CRM Pro,Software,5,4480,Salesperson_6,North America,CRM
O-500129,2024-07-22,C-1813,102,Analytics Suite,Software,9,10746,Salesperson_5,Asia,CRM
O-500130,2024-07-25,C-3222,102,Analytics Suite,Software,2,914,Salesperson_11,Europe,CRM
O-500131,2024-06-01,C-3715,102,Analytics Suite,Software,16,15008,Salesperson_2,Asia,CRM
O-500132,2023-06-09,C-1062,201,POS Terminal,Hardware,14,15820,Salesperson_8,Asia,CRM
O-500133,2023-04-21,C-2801,201,POS Terminal,Hardware,19,27246,Salesperson_1,North America,CRM
O-500134,2023-02-05,C-2762,102,Analytics Suite,Software,4,5712,Salesperson_5,Asia,CRM
O-500135,2024-09-19,C-3216,101,CRM Pro,Software,18,5076,Salesperson_9,Europe,CRM
O-500136,2024-05-14,C-2545,102,Analytics Suite,Software,8,3640,Salesperson_10,Asia,CRM
O-500137,2023-10-04,C-2719,201,POS Terminal,Hardware,3,4155,Salesperson_11,Europe,CRM
O-500138,2024-05-06,C-2230,101,CRM Pro,Software,11,11330,Salesperson_10,North America,CRM
O-500139,2023-02-18,C-1461,101,CRM Pro,Software,7,7490,Salesperson_6,Europe,CRM
O-500140,2023-01-15,C-2846,201,POS Terminal,Hardware,7,6748,Salesperson_11,Asia,CRM
O-500141,2023-12-28,C-2308,101,CRM Pro,Software,11,13728,Salesperson_8,North America,CRM
O-500142,2024-06-23,C-2897,201,POS Terminal,Hardware,7,9555,Salesperson_2,North America,CRM
O-500143,2023-10-27,C-3575,101,CRM Pro,Software,12,3852,Salesperson_5,Europe,CRM
O-500144,2024-12-28,C-3105,102,Analytics Suite,Software,17,7718,Salesperson_2,Europe,CRM
O-500145,2023-01-30,C-2012,201,POS Terminal,Hardware,10,3960,Salesperson_6,Asia,CRM
O-500146,2024-01-27,C-3911,101,CRM Pro,Software,16,22160,Salesperson_9,North America,CRM
O-500147,2024-07-16,C-1022,102,Analytics Suite,Software,12,16176,Salesperson_1,Asia,CRM
O-500148,2024-08-19,C-3055,101,CRM Pro,Software,11,9328,Salesperson_6,North America,CRM
O-500149,2023-05-03,C-1369,102,Analytics Suite,Software,20,22660,Salesperson_1,North America,CRM
O-500150,2023-09-11,C-3992,102,Analytics Suite,Software,13,13507,Salesperson_9,Europe,CRM
O-500151,2024-05-16,C-1844,201,POS Terminal,Hardware,15,7020,Salesperson_7,North America,CRM
O-500152,2024-12-09,C-1043,101,CRM Pro,Software,3,2838,Salesperson_1,Asia,CRM
O-500153,2024-09-07,C-1584,101,CRM Pro,Software,8,7416,Salesperson_1,Europe,CRM
O-500154,2024-11-25,C-3684,101,CRM Pro,Software,7,5712,Salesperson_3,Europe,CRM
O-500155,2024-08-17,C-3071,102,Analytics Suite,Software,2,1296,Salesperson_5,Europe,CRM
O-500156,2024-12-21,C-2619,201,POS Terminal,Hardware,7,7875,Salesperson_5,Asia,CRM
O-500157,2024-05-15,C-1242,102,Analytics Suite,Software,4,3272,Salesperson_5,Asia,CRM
O-500158,2024-01-02,C-3150,102,Analytics Suite,Software,2,792,Salesperson_1,North America,CRM
O-500159,2024-03-21,C-2159,101,CRM Pro,Software,8,1736,Salesperson_11,North America,CRM
O-500160,2023-06-06,C-1645,201,POS Terminal,Hardware,11,10450,Salesperson_5,North America,CRM
O-500161,2024-06-01,C-2270,101,CRM Pro,Software,15,3690,Salesperson_6,North America,CRM
O-500162,2024-08-18,C-2062,102,Analytics Suite,Software,16,20608,Salesperson_5,Europe,CRM
O-500163,2023-05-10,C-2002,201,POS Terminal,Hardware,7,1666,Salesperson_7,Europe,CRM
O-500164,2024-11-19,C-1095,101,CRM Pro,Software,5,6100,Salesperson_6,Asia,CRM
O-500165,2024-12-17,C-3647,102,Analytics Suite,Software,5,6300,Salesperson_11,North America,CRM
O-500166,2023-05-22,C-2083,201,POS Terminal,Hardware,12,10632,Salesperson_3,North America,CRM
O-500167,2023-04-18,C-1183,102,Analytics Suite,Software,5,1985,Salesperson_8,Asia,CRM
O-500168,2024-12-22,C-1867,201,POS Terminal,Hardware,16,8288,Salesperson_3,Asia,CRM
O-500169,2023-03-27,C-2283,101,CRM Pro,Software,17,19890,Salesperson_2,Europe,CRM
O-500170,2023-04-19,C-2945,101,CRM Pro,Software,7,5873,Salesperson_3,Europe,CRM
O-500171,2024-03-23,C-3786,101,CRM Pro,Software,19,10488,Salesperson_1,Europe,CRM
O-500172,2024-11-17,C-1351,101,CRM Pro,Software,13,12207,Salesperson_1,North America,CRM
O-500173,2023-03-28,C-3247,102,Analytics Suite,Software,17,25330,Salesperson_7,North America,CRM
O-500174,2023-07-31,C-1581,201,POS Terminal,Hardware,17,7038,Salesperson_10,North America,CRM
O-500175,2023-07-03,C-1142,102,Analytics Suite,Software,7,5047,Salesperson_1,Asia,CRM
O-500176,2023-05-17,C-1302,102,Analytics Suite,Software,6,5046,Salesperson_10,Europe,CRM
O-500177,2023-05-24,C-2390,101,CRM Pro,Software,12,12552,Salesperson_1,Asia,CRM
O-500178,2023-02-27,C-1859,101,CRM Pro,Software,1,901,Salesperson_4,North America,CRM
O-500179,2024-03-31,C-2418,201,POS Terminal,Hardware,13,8632,Salesperson_10,Europe,CRM
O-500180,2023-12-03,C-1719,102,Analytics Suite,Software,10,6530,Salesperson_9,Europe,CRM
O-500181,2024-02-22,C-1706,102,Analytics Suite,Software,1,1483,Salesperson_1,Asia,CRM
O-500182,2024-12-29,C-1702,201,POS Terminal,Hardware,19,21470,Salesperson_6,Asia,CRM
O-500183,2024-07-10,C-3850,102,Analytics Suite,Software,14,6188,Salesperson_8,North America,CRM
O-500184,2024-06-12,C-1316,101,CRM Pro,Software,17,12359,Salesperson_3,Europe,CRM
O-500185,2023-06-03,C-1616,101,CRM Pro,Software,5,5620,Salesperson_6,North America,CRM
O-500186,2024-09-09,C-2174,101,CRM Pro,Software,10,11140,Salesperson_6,Asia,CRM
O-500187,2024-11-21,C-3475,101,CRM Pro,Software,17,11611,Salesperson_5,North America,CRM
O-500188,2023-06-09,C-1867,201,POS Terminal,Hardware,7,3073,Salesperson_7,Asia,CRM
O-500189,2023-07-09,C-1820,102,Analytics Suite,Software,13,5967,Salesperson_6,North America,CRM
O-500190,2024-09-18,C-3036,102,Analytics Suite,Software,1,854,Salesperson_10,Asia,CRM
O-500191,2024-03-24,C-1380,102,Analytics Suite,Software,11,4719,Salesperson_11,Asia,CRM
O-500192,2024-11-30,C-1531,102,Analytics Suite,Software,7,6839,Salesperson_9,Europe,CRM
O-500193,2024-07-01,C-1417,101,CRM Pro,Software,2,1564,Salesperson_9,Europe,CRM
O-500194,2023-05-28,C-1195,201,POS Terminal,Hardware,14,20930,Salesperson_11,Europe,CRM
O-500195,2024-07-26,C-3831,201,POS Terminal,Hardware,10,2300,Salesperson_9,North America,CRM
O-500196,2024-03-10,C-3982,101,CRM Pro,Software,20,22900,Salesperson_11,North America,CRM
O-500197,2023-06-15,C-3781,201,POS Terminal,Hardware,7,7483,Salesperson_3,Europe,CRM
O-500198,2023-04-27,C-2497,101,CRM Pro,Software,14,20818,Salesperson_2,North America,CRM
O-500199,2023-05-07,C-1615,201,POS Terminal,Hardware,20,24420,Salesperson_6,North America,CRM
O-500200,2023-08-30,C-3345,201,POS Terminal,Hardware,12,12240,Salesperson_11,North America,CRM
O-500201,2024-02-03,C-3022,101,CRM Pro,Software,13,15574,Salesperson_9,Asia,CRM
O-500202,2024-04-29,C-1554,102,Analytics Suite,Software,5,3765,Salesperson_7,Europe,CRM
O-500203,2023-09-12,C-3825,201,POS Terminal,Hardware,8,11216,Salesperson_6,Europe,CRM
O-500204,2023-10-14,C-2479,102,Analytics Suite,Software,14,4116,Salesperson_1,Europe,CRM
O-500205,2023-10-29,C-2405,102,Analytics Suite,Software,20,9640,Salesperson_4,Asia,CRM
O-500206,2023-05-20,C-3319,102,Analytics Suite,Software,3,3627,Salesperson_5,North America,CRM
O-500207,2023-04-11,C-1915,201,POS Terminal,Hardware,11,8613,Salesperson_5,Europe,CRM
O-500208,2023-12-14,C-3010,201,POS Terminal,Hardware,19,4465,Salesperson_4,Asia,CRM
O-500209,2023-05-20,C-2440,101,CRM Pro,Software,3,1806,Salesperson_10,Europe,CRM
O-500210,2023-12-27,C-3629,102,Analytics Suite,Software,12,5832,Salesperson_9,Asia,CRM
O-500211,2023-03-22,C-2981,101,CRM Pro,Software,5,2500,Salesperson_2,Europe,CRM
O-500212,2024-08-27,C-3928,201,POS Terminal,Hardware,1,571,Salesperson_6,Europe,CRM
O-500213,2023-01-10,C-1631,101,CRM Pro,Software,9,6444,Salesperson_7,North America,CRM
O-500214,2023-11-05,C-3138,102,Analytics Suite,Software,14,5334,Salesperson_3,Asia,CRM
O-500215,2023-08-07,C-2778,201,POS Terminal,Hardware,15,11325,Salesperson_1,Europe,CRM
O-500216,2024-02-20,C-1720,102,Analytics Suite,Software,1,1236,Salesperson_6,North America,CRM
O-500217,2024-02-03,C-3305,201,POS Terminal,Hardware,13,19487,Salesperson_2,North America,CRM
O-500218,2023-08-23,C-1776,101,CRM Pro,Software,4,3652,Salesperson_10,Europe,CRM
O-500219,2024-07-29,C-3994,102,Analytics Suite,Software,10,12510,Salesperson_10,North America,CRM
O-500220,2023-04-20,C-2919,101,CRM Pro,Software,15,21390,Salesperson_6,Europe,CRM
O-500221,2023-07-13,C-3771,101,CRM Pro,Software,4,2368,Salesperson_11,North America,CRM
O-500222,2024-10-14,C-1477,201,POS Terminal,Hardware,8,4552,Salesperson_11,North America,CRM
O-500223,2023-02-02,C-3776,102,Analytics Suite,Software,10,4000,Salesperson_5,North America,CRM
O-500224,2023-11-24,C-1446,101,CRM Pro,Software,11,14476,Salesperson_4,Europe,CRM
O-500225,2024-10-16,C-1012,102,Analytics Suite,Software,12,7116,Salesperson_2,North America,CRM
O-500226,2023-04-25,C-2758,101,CRM Pro,Software,9,12438,Salesperson_3,Europe,CRM
O-500227,2023-03-04,C-1946,101,CRM Pro,Software,5,5595,Salesperson_9,Europe,CRM
O-500228,2023-11-19,C-2456,102,Analytics Suite,Software,9,12573,Salesperson_7,Europe,CRM
O-500229,2023-01-02,C-1951,101,CRM Pro,Software,19,20691,Salesperson_5,Europe,CRM
O-500230,2023-04-19,C-1742,201,POS Terminal,Hardware,13,9919,Salesperson_2,Europe,CRM
O-500231,2024-04-13,C-2064,102,Analytics Suite,Software,18,7686,Salesperson_3,North America,CRM
O-500232,2023-06-18,C-3658,101,CRM Pro,Software,1,448,Salesperson_6,North America,CRM
O-500233,2023-03-15,C-1488,101,CRM Pro,Software,18,23436,Salesperson_11,North America,CRM
O-500234,2024-10-14,C-1544,102,Analytics Suite,Software,15,20850,Salesperson_1,Europe,CRM
O-500235,2024-01-22,C-3863,101,CRM Pro,Software,10,2690,Salesperson_2,Europe,CRM
O-500236,2023-09-18,C-1311,102,Analytics Suite,Software,8,4048,Salesperson_1,Europe,CRM
O-500237,2024-04-20,C-3403,102,Analytics Suite,Software,16,10528,Salesperson_6,Asia,CRM
O-500238,2024-11-01,C-1509,102,Analytics Suite,Software,14,6776,Salesperson_9,Europe,CRM
O-500239,2023-10-31,C-1588,102,Analytics Suite,Software,9,9135,Salesperson_4,Europe,CRM
O-500240,2023-04-08,C-2814,101,CRM Pro,Software,9,6939,Salesperson_3,North America,CRM
O-500241,2024-04-11,C-3314,102,Analytics Suite,Software,18,17046,Salesperson_7,North America,CRM
O-500242,2023-09-17,C-1148,201,POS Terminal,Hardware,10,5730,Salesperson_10,North America,CRM
O-500243,2024-09-10,C-2414,102,Analytics Suite,Software,19,18335,Salesperson_2,North America,CRM
O-500244,2023-06-11,C-2634,201,POS Terminal,Hardware,12,14676,Salesperson_7,Europe,CRM
O-500245,2023-07-26,C-3702,102,Analytics Suite,Software,1,738,Salesperson_3,Asia,CRM
O-500246,2024-06-26,C-1718,102,Analytics Suite,Software,8,3496,Salesperson_2,Asia,CRM
O-500247,2023-09-28,C-2303,201,POS Terminal,Hardware,17,23307,Salesperson_9,North America,CRM
O-500248,2023-04-07,C-2645,201,POS Terminal,Hardware,7,9016,Salesperson_1,Asia,CRM
O-500249,2023-09-03,C-1416,201,POS Terminal,Hardware,6,6060,Salesperson_3,Europe,CRM
O-500250,2024-10-28,C-2620,101,CRM Pro,Software,16,10368,Salesperson_2,North America,CRM
O-500251,2023-09-25,C-3925,101,CRM Pro,Software,18,19764,Salesperson_7,Europe,CRM
O-500252,2024-03-26,C-2986,102,Analytics Suite,Software,7,9849,Salesperson_10,North America,CRM
O-500253,2024-04-23,C-2265,101,CRM Pro,Software,18,5094,Salesperson_4,Europe,CRM
O-500254,2023-12-16,C-3307,201,POS Terminal,Hardware,5,3710,Salesperson_11,Europe,CRM
O-500255,2023-06-16,C-1006,102,Analytics Suite,Software,9,9801,Salesperson_2,Europe,CRM
O-500256,2024-08-28,C-1597,101,CRM Pro,Software,20,20840,Salesperson_2,Europe,CRM
O-500257,2023-07-15,C-2542,102,Analytics Suite,Software,13,19448,Salesperson_9,North America,CRM
O-500258,2024-09-02,C-1961,101,CRM Pro,Software,10,12970,Salesperson_6,North America,CRM
O-500259,2023-09-03,C-1451,101,CRM Pro,Software,4,3380,Salesperson_2,Europe,CRM
O-500260,2023-09-14,C-3655,201,POS Terminal,Hardware,12,6840,Salesperson_8,North America,CRM
O-500261,2023-07-07,C-1845,102,Analytics Suite,Software,5,5800,Salesperson_11,Europe,CRM
O-500262,2024-04-18,C-3626,201,POS Terminal,Hardware,4,2292,Salesperson_5,Asia,CRM
O-500263,2023-03-09,C-1761,201,POS Terminal,Hardware,10,10570,Salesperson_4,Asia,CRM
O-500264,2024-11-19,C-2843,101,CRM Pro,Software,12,7308,Salesperson_10,Europe,CRM
O-500265,2024-10-29,C-3958,201,POS Terminal,Hardware,20,5180,Salesperson_8,Europe,CRM
O-500266,2023-03-14,C-1139,201,POS Terminal,Hardware,16,9936,Salesperson_8,Asia,CRM
O-500267,2023-10-02,C-3142,101,CRM Pro,Software,5,6360,Salesperson_1,Europe,CRM
O-500268,2024-01-03,C-1410,101,CRM Pro,Software,1,282,Salesperson_7,Asia,CRM
O-500269,2023-01-10,C-3567,101,CRM Pro,Software,1,655,Salesperson_9,Asia,CRM
O-500270,2024-12-31,C-1169,102,Analytics Suite,Software,17,6324,Salesperson_7,Europe,CRM
O-500271,2023-01-17,C-2417,101,CRM Pro,Software,15,10500,Salesperson_9,Asia,CRM
O-500272,2024-12-05,C-2490,102,Analytics Suite,Software,6,3810,Salesperson_7,Asia,CRM
O-500273,2023-01-25,C-1746,201,POS Terminal,Hardware,15,5130,Salesperson_3,Europe,CRM
O-500274,2023-01-20,C-1575,201,POS Terminal,Hardware,2,828,Salesperson_5,Europe,CRM
O-500275,2024-02-10,C-3979,101,CRM Pro,Software,10,12080,Salesperson_11,Asia,CRM
O-500276,2024-06-14,C-1107,201,POS Terminal,Hardware,18,25344,Salesperson_4,Asia,CRM
O-500277,2024-10-05,C-1359,201,POS Terminal,Hardware,16,23376,Salesperson_6,Europe,CRM
O-500278,2024-01-29,C-2025,101,CRM Pro,Software,15,18195,Salesperson_2,North America,CRM
O-500279,2023-11-03,C-3699,101,CRM Pro,Software,9,5526,Salesperson_9,Europe,CRM
O-500280,2023-08-26,C-2119,101,CRM Pro,Software,5,2560,Salesperson_8,North America,CRM
O-500281,2024-09-04,C-2808,101,CRM Pro,Software,20,9080,Salesperson_8,Asia,CRM
O-500282,2024-02-27,C-3380,102,Analytics Suite,Software,4,2776,Salesperson_7,Asia,CRM
O-500283,2024-02-29,C-2111,201,POS Terminal,Hardware,3,4185,Salesperson_8,North America,CRM
O-500284,2023-09-20,C-1222,101,CRM Pro,Software,16,10400,Salesperson_11,Europe,CRM
O-500285,2023-03-23,C-1354,101,CRM Pro,Software,17,19108,Salesperson_8,Asia,CRM
O-500286,2024-04-19,C-3555,102,Analytics Suite,Software,8,9208,Salesperson_2,North America,CRM
O-500287,2024-10-22,C-3667,102,Analytics Suite,Software,13,7514,Salesperson_3,Europe,CRM
O-500288,2023-01-17,C-1581,101,CRM Pro,Software,3,3567,Salesperson_6,North America,CRM
O-500289,2023-10-14,C-2631,102,Analytics Suite,Software,4,5928,Salesperson_6,Asia,CRM
O-500290,2024-08-14,C-3160,101,CRM Pro,Software,19,4218,Salesperson_3,North America,CRM
O-500291,2024-04-03,C-2486,102,Analytics Suite,Software,20,15840,Salesperson_8,Asia,CRM
O-500292,2023-01-05,C-3543,102,Analytics Suite,Software,10,10630,Salesperson_6,Europe,CRM
O-500293,2024-11-13,C-1507,101,CRM Pro,Software,16,4464,Salesperson_5,North America,CRM
O-500294,2023-10-21,C-3302,201,POS Terminal,Hardware,16,17840,Salesperson_6,Europe,CRM
O-500295,2023-07-05,C-2268,201,POS Terminal,Hardware,11,14311,Salesperson_10,Asia,CRM
O-500296,2024-03-26,C-2734,201,POS Terminal,Hardware,12,13668,Salesperson_5,Asia,CRM
O-500297,2024-12-19,C-3619,102,Analytics Suite,Software,3,2919,Salesperson_7,Asia,CRM
O-500298,2023-07-25,C-3053,102,Analytics Suite,Software,18,5454,Salesperson_4,North America,CRM
O-500299,2024-11-06,C-3563,201,POS Terminal,Hardware,11,9427,Salesperson_4,North America,CRM
O-500300,2024-04-25,C-2565,201,POS Terminal,Hardware,8,2904,Salesperson_7,North America,CRM
O-500301,2023-07-14,C-1657,201,POS Terminal,Hardware,4,3060,Salesperson_5,Asia,CRM
O-500302,2023-04-27,C-1605,102,Analytics Suite,Software,10,4680,Salesperson_3,Asia,CRM
O-500303,2023-07-23,C-3120,101,CRM Pro,Software,19,20349,Salesperson_10,Europe,CRM
O-500304,2023-01-02,C-1725,101,CRM Pro,Software,10,3600,Salesperson_2,Asia,CRM
O-500305,2023-03-27,C-3638,101,CRM Pro,Software,19,15903,Salesperson_5,North America,CRM
O-500306,2023-09-08,C-3396,201,POS Terminal,Hardware,5,2565,Salesperson_4,Europe,CRM
O-500307,2023-03-06,C-3170,102,Analytics Suite,Software,3,2706,Salesperson_2,North America,CRM
O-500308,2024-08-24,C-2277,102,Analytics Suite,Software,9,6021,Salesperson_3,North America,CRM
O-500309,2023-03-26,C-2673,101,CRM Pro,Software,7,10276,Salesperson_9,Europe,CRM
O-500310,2024-03-06,C-3306,101,CRM Pro,Software,5,1070,Salesperson_6,Europe,CRM
O-500311,2023-09-01,C-2497,201,POS Terminal,Hardware,15,13095,Salesperson_8,Europe,CRM
O-500312,2024-12-22,C-2950,102,Analytics Suite,Software,18,23400,Salesperson_9,North America,CRM
O-500313,2024-08-21,C-3064,102,Analytics Suite,Software,13,2977,Salesperson_8,Europe,CRM
O-500314,2023-10-11,C-1093,101,CRM Pro,Software,18,7758,Salesperson_6,North America,CRM
O-500315,2024-02-27,C-3309,102,Analytics Suite,Software,2,2560,Salesperson_8,North America,CRM
O-500316,2024-05-12,C-3215,201,POS Terminal,Hardware,8,11576,Salesperson_1,North America,CRM
O-500317,2023-06-02,C-2924,101,CRM Pro,Software,20,6020,Salesperson_2,Asia,CRM
O-500318,2024-05-17,C-1461,101,CRM Pro,Software,1,429,Salesperson_9,Asia,CRM
O-500319,2023-01-20,C-2133,201,POS Terminal,Hardware,16,7104,Salesperson_11,Europe,CRM
O-500320,2023-01-01,C-1783,101,CRM Pro,Software,18,10296,Salesperson_9,Asia,CRM
O-500321,2024-10-01,C-1794,101,CRM Pro,Software,6,5670,Salesperson_10,Europe,CRM
O-500322,2024-12-02,C-3647,102,Analytics Suite,Software,14,9394,Salesperson_6,Asia,CRM
O-500323,2023-07-14,C-3136,101,CRM Pro,Software,15,13635,Salesperson_1,North America,CRM
O-500324,2023-12-09,C-2338,102,Analytics Suite,Software,11,14377,Salesperson_7,Asia,CRM
O-500325,2024-05-19,C-2425,201,POS Terminal,Hardware,3,2970,Salesperson_2,Europe,CRM
O-500326,2023-02-01,C-1936,201,POS Terminal,Hardware,20,16500,Salesperson_3,North America,CRM
O-500327,2024-01-22,C-2816,201,POS Terminal,Hardware,14,8190,Salesperson_1,Asia,CRM
O-500328,2024-02-16,C-3073,101,CRM Pro,Software,19,16017,Salesperson_6,North America,CRM
O-500329,2024-11-23,C-2523,102,Analytics Suite,Software,11,7425,Salesperson_6,Asia,CRM
O-500330,2024-01-07,C-3982,101,CRM Pro,Software,8,8608,Salesperson_11,North America,CRM
O-500331,2024-12-20,C-2285,102,Analytics Suite,Software,18,15516,Salesperson_6,North America,CRM
O-500332,2024-02-27,C-1391,102,Analytics Suite,Software,2,1218,Salesperson_10,North America,CRM
O-500333,2024-03-06,C-2377,102,Analytics Suite,Software,11,15301,Salesperson_3,Europe,CRM
O-500334,2024-10-19,C-2463,101,CRM Pro,Software,1,697,Salesperson_9,Asia,CRM
O-500335,2024-08-28,C-1284,101,CRM Pro,Software,3,3273,Salesperson_11,Europe,CRM
O-500336,2024-08-05,C-1478,201,POS Terminal,Hardware,17,9639,Salesperson_8,Asia,CRM
O-500337,2024-04-25,C-2440,201,POS Terminal,Hardware,15,21840,Salesperson_3,North America,CRM
O-500338,2024-12-28,C-3464,101,CRM Pro,Software,15,5325,Salesperson_11,Asia,CRM
O-500339,2024-03-01,C-1142,101,CRM Pro,Software,19,16435,Salesperson_9,North America,CRM
O-500340,2023-10-01,C-2324,201,POS Terminal,Hardware,17,5270,Salesperson_5,Asia,CRM
O-500341,2023-07-08,C-2605,201,POS Terminal,Hardware,13,14378,Salesperson_5,North America,CRM
O-500342,2024-05-02,C-2045,201,POS Terminal,Hardware,17,25194,Salesperson_7,Asia,CRM
O-500343,2023-05-06,C-2473,201,POS Terminal,Hardware,4,3976,Salesperson_6,Asia,CRM
O-500344,2024-03-13,C-3203,101,CRM Pro,Software,12,7812,Salesperson_2,Asia,CRM
O-500345,2023-10-17,C-2616,101,CRM Pro,Software,20,19600,Salesperson_4,Europe,CRM
O-500346,2024-11-19,C-1846,201,POS Terminal,Hardware,18,25128,Salesperson_11,Asia,CRM
O-500347,2023-01-25,C-1068,201,POS Terminal,Hardware,5,3115,Salesperson_3,Europe,CRM
O-500348,2024-07-18,C-1883,201,POS Terminal,Hardware,18,24912,Salesperson_3,North America,CRM
O-500349,2024-01-01,C-2850,102,Analytics Suite,Software,1,628,Salesperson_2,Europe,CRM
O-500350,2024-09-30,C-1703,102,Analytics Suite,Software,10,6980,Salesperson_10,North America,CRM
O-500351,2024-10-01,C-1418,101,CRM Pro,Software,15,8130,Salesperson_6,Europe,CRM
O-500352,2024-10-08,C-2353,201,POS Terminal,Hardware,9,10386,Salesperson_11,Europe,CRM
O-500353,2023-02-25,C-3764,102,Analytics Suite,Software,20,25000,Salesperson_11,Asia,CRM
O-500354,2024-03-24,C-1110,101,CRM Pro,Software,1,1082,Salesperson_6,North America,CRM
O-500355,2024-06-16,C-3707,101,CRM Pro,Software,6,3138,Salesperson_9,Europe,CRM
O-500356,2024-08-23,C-1372,101,CRM Pro,Software,2,2868,Salesperson_3,Europe,CRM
O-500357,2024-04-01,C-3456,102,Analytics Suite,Software,20,5780,Salesperson_3,North America,CRM
O-500358,2024-05-15,C-2556,101,CRM Pro,Software,9,2916,Salesperson_9,Europe,CRM
O-500359,2023-10-03,C-3090,201,POS Terminal,Hardware,12,4116,Salesperson_4,North America,CRM
O-500360,2024-06-29,C-2804,101,CRM Pro,Software,15,10065,Salesperson_10,Europe,CRM
O-500361,2023-03-04,C-3451,201,POS Terminal,Hardware,16,5312,Salesperson_8,North America,CRM
O-500362,2023-05-22,C-2950,201,POS Terminal,Hardware,8,10232,Salesperson_7,Europe,CRM
O-500363,2023-03-25,C-1812,201,POS Terminal,Hardware,12,11076,Salesperson_4,Europe,CRM
O-500364,2023-08-15,C-3786,101,CRM Pro,Software,7,9611,Salesperson_11,Europe,CRM
O-500365,2023-06-30,C-1585,101,CRM Pro,Software,12,13896,Salesperson_9,Asia,CRM
O-500366,2024-01-29,C-2242,101,CRM Pro,Software,15,14100,Salesperson_10,Europe,CRM
O-500367,2023-09-03,C-1783,201,POS Terminal,Hardware,19,8892,Salesperson_3,Europe,CRM
O-500368,2023-04-04,C-2125,101,CRM Pro,Software,14,14238,Salesperson_9,Asia,CRM
O-500369,2024-06-18,C-3237,102,Analytics Suite,Software,13,6565,Salesperson_5,Europe,CRM
O-500370,2023-10-09,C-2986,102,Analytics Suite,Software,3,3915,Salesperson_8,Asia,CRM
O-500371,2024-07-31,C-2575,201,POS Terminal,Hardware,3,4422,Salesperson_1,Asia,CRM
O-500372,2024-06-16,C-2649,102,Analytics Suite,Software,17,16388,Salesperson_9,Asia,CRM
O-500373,2023-08-21,C-3921,101,CRM Pro,Software,2,1362,Salesperson_8,Europe,CRM
O-500374,2023-09-24,C-1335,101,CRM Pro,Software,17,4947,Salesperson_7,Asia,CRM
O-500375,2024-06-07,C-2492,102,Analytics Suite,Software,3,1890,Salesperson_1,Europe,CRM
O-500376,2023-03-04,C-2271,201,POS Terminal,Hardware,20,20260,Salesperson_10,Europe,CRM
O-500377,2024-07-07,C-1421,101,CRM Pro,Software,3,1050,Salesperson_2,Europe,CRM
O-500378,2023-04-03,C-2361,201,POS Terminal,Hardware,5,5740,Salesperson_2,Europe,CRM
O-500379,2024-03-06,C-3490,201,POS Terminal,Hardware,9,7875,Salesperson_6,Asia,CRM
O-500380,2024-02-16,C-2857,101,CRM Pro,Software,15,8520,Salesperson_11,Europe,CRM
O-500381,2024-08-03,C-1726,102,Analytics Suite,Software,9,7065,Salesperson_10,Asia,CRM
O-500382,2023-03-22,C-1194,201,POS Terminal,Hardware,13,18434,Salesperson_4,Europe,CRM
O-500383,2023-11-03,C-3165,201,POS Terminal,Hardware,12,11436,Salesperson_1,Asia,CRM
O-500384,2024-01-13,C-1693,201,POS Terminal,Hardware,4,3560,Salesperson_10,Asia,CRM
O-500385,2024-05-31,C-1485,102,Analytics Suite,Software,19,19475,Salesperson_5,Asia,CRM
O-500386,2023-03-11,C-2436,201,POS Terminal,Hardware,20,13660,Salesperson_8,North America,CRM
O-500387,2024-08-11,C-2646,201,POS Terminal,Hardware,12,15348,Salesperson_7,Europe,CRM
O-500388,2023-05-26,C-3679,201,POS Terminal,Hardware,2,2262,Salesperson_8,North America,CRM
O-500389,2023-08-06,C-1824,102,Analytics Suite,Software,19,26524,Salesperson_1,North America,CRM
O-500390,2023-06-21,C-2303,102,Analytics Suite,Software,19,20976,Salesperson_11,North America,CRM
O-500391,2023-08-09,C-3657,102,Analytics Suite,Software,6,5178,Salesperson_6,North America,CRM
O-500392,2024-02-17,C-3669,201,POS Terminal,Hardware,4,920,Salesperson_3,Asia,CRM
O-500393,2023-03-11,C-3556,101,CRM Pro,Software,17,10200,Salesperson_1,North America,CRM
O-500394,2023-07-15,C-3247,101,CRM Pro,Software,17,16660,Salesperson_11,Asia,CRM
O-500395,2024-09-12,C-1288,201,POS Terminal,Hardware,17,18156,Salesperson_3,Asia,CRM
O-500396,2023-08-31,C-1136,101,CRM Pro,Software,9,12150,Salesperson_4,Asia,CRM
O-500397,2023-05-22,C-2761,201,POS Terminal,Hardware,14,12152,Salesperson_7,Europe,CRM
O-500398,2023-12-22,C-1878,201,POS Terminal,Hardware,3,3303,Salesperson_9,Europe,CRM
O-500399,2024-07-24,C-3597,101,CRM Pro,Software,17,5100,Salesperson_3,North America,CRM
O-500400,2024-11-16,C-1183,102,Analytics Suite,Software,18,8028,Salesperson_6,Europe,CRM
O-500401,2024-10-18,C-2561,102,Analytics Suite,Software,14,7980,Salesperson_5,North America,CRM
O-500402,2024-06-26,C-3411,102,Analytics Suite,Software,17,24514,Salesperson_3,North America,CRM
O-500403,2023-01-20,C-2418,102,Analytics Suite,Software,3,3969,Salesperson_8,Europe,CRM
O-500404,2024-07-08,C-3192,201,POS Terminal,Hardware,16,8272,Salesperson_2,North America,CRM
O-500405,2023-05-15,C-3803,101,CRM Pro,Software,3,4317,Salesperson_7,Asia,CRM
O-500406,2023-09-23,C-3556,101,CRM Pro,Software,1,689,Salesperson_8,Asia,CRM
O-500407,2024-08-04,C-2202,102,Analytics Suite,Software,8,2040,Salesperson_2,North America,CRM
O-500408,2023-01-06,C-3271,201,POS Terminal,Hardware,12,15396,Salesperson_2,North America,CRM
O-500409,2023-06-03,C-3347,201,POS Terminal,Hardware,2,2252,Salesperson_4,North America,CRM
O-500410,2023-04-30,C-1617,201,POS Terminal,Hardware,19,13585,Salesperson_10,Asia,CRM
O-500411,2024-09-14,C-1343,102,Analytics Suite,Software,20,29620,Salesperson_11,North America,CRM
O-500412,2023-12-03,C-3384,101,CRM Pro,Software,2,1964,Salesperson_1,North America,CRM
O-500413,2023-12-28,C-3837,102,Analytics Suite,Software,5,3000,Salesperson_9,Europe,CRM
O-500414,2023-01-29,C-1118,201,POS Terminal,Hardware,15,18765,Salesperson_5,Asia,CRM
O-500415,2023-08-15,C-3918,102,Analytics Suite,Software,18,17460,Salesperson_7,Europe,CRM
O-500416,2023-07-12,C-2125,102,Analytics Suite,Software,11,11792,Salesperson_11,North America,CRM
O-500417,2024-11-09,C-1695,102,Analytics Suite,Software,9,6642,Salesperson_6,North America,CRM
O-500418,2024-07-12,C-1096,101,CRM Pro,Software,16,21520,Salesperson_4,Europe,CRM
O-500419,2024-04-30,C-1562,101,CRM Pro,Software,10,14910,Salesperson_10,Europe,CRM
O-500420,2023-08-01,C-2666,201,POS Terminal,Hardware,20,14820,Salesperson_2,Asia,CRM
O-500421,2023-05-25,C-3273,201,POS Terminal,Hardware,19,4085,Salesperson_1,Europe,CRM
O-500422,2024-11-30,C-1330,101,CRM Pro,Software,6,5388,Salesperson_10,North America,CRM
O-500423,2023-01-11,C-1492,102,Analytics Suite,Software,12,15888,Salesperson_1,Europe,CRM
O-500424,2023-02-01,C-3460,102,Analytics Suite,Software,13,16614,Salesperson_9,North America,CRM
O-500425,2024-07-06,C-3143,201,POS Terminal,Hardware,5,2030,Salesperson_1,North America,CRM
O-500426,2023-04-02,C-2472,201,POS Terminal,Hardware,8,9552,Salesperson_4,Europe,CRM
O-500427,2024-08-27,C-2190,102,Analytics Suite,Software,2,630,Salesperson_6,Europe,CRM
O-500428,2024-04-16,C-1168,102,Analytics Suite,Software,13,11921,Salesperson_3,Asia,CRM
O-500429,2024-06-02,C-3496,102,Analytics Suite,Software,4,3536,Salesperson_5,Europe,CRM
O-500430,2024-09-21,C-3584,101,CRM Pro,Software,12,16092,Salesperson_7,Asia,CRM
O-500431,2024-09-22,C-1373,102,Analytics Suite,Software,10,10340,Salesperson_7,Europe,CRM
O-500432,2023-01-03,C-1791,101,CRM Pro,Software,14,17276,Salesperson_4,Europe,CRM
O-500433,2024-06-10,C-1753,101,CRM Pro,Software,15,11355,Salesperson_4,North America,CRM
O-500434,2023-11-29,C-2517,201,POS Terminal,Hardware,6,3966,Salesperson_8,Europe,CRM
O-500435,2023-03-05,C-1324,102,Analytics Suite,Software,3,1470,Salesperson_3,Europe,CRM
O-500436,2024-10-08,C-1836,101,CRM Pro,Software,19,26980,Salesperson_3,Europe,CRM
O-500437,2024-12-13,C-2611,101,CRM Pro,Software,20,24060,Salesperson_4,Europe,CRM
O-500438,2023-10-31,C-1347,102,Analytics Suite,Software,14,15848,Salesperson_10,Asia,CRM
O-500439,2024-02-22,C-3869,201,POS Terminal,Hardware,3,1167,Salesperson_3,North America,CRM
O-500440,2023-01-31,C-3812,201,POS Terminal,Hardware,12,13272,Salesperson_10,Europe,CRM
O-500441,2023-12-25,C-3106,201,POS Terminal,Hardware,17,22831,Salesperson_8,Asia,CRM
O-500442,2024-04-02,C-2913,102,Analytics Suite,Software,1,996,Salesperson_9,North America,CRM
O-500443,2023-03-26,C-2746,201,POS Terminal,Hardware,5,3975,Salesperson_4,Asia,CRM
O-500444,2024-08-12,C-2924,102,Analytics Suite,Software,2,1118,Salesperson_7,Europe,CRM
O-500445,2024-04-04,C-1994,201,POS Terminal,Hardware,3,4251,Salesperson_6,Asia,CRM
O-500446,2023-11-20,C-1487,102,Analytics Suite,Software,5,4690,Salesperson_2,North America,CRM
O-500447,2024-09-11,C-2594,101,CRM Pro,Software,8,7224,Salesperson_3,Asia,CRM
O-500448,2023-05-17,C-2721,101,CRM Pro,Software,10,6740,Salesperson_6,Asia,CRM
O-500449,2024-11-17,C-1939,101,CRM Pro,Software,10,10210,Salesperson_3,Europe,CRM
O-500450,2024-05-06,C-2329,101,CRM Pro,Software,6,7230,Salesperson_6,Asia,CRM
O-500451,2023-05-11,C-2205,102,Analytics Suite,Software,15,19545,Salesperson_9,Europe,CRM
O-500452,2023-02-07,C-2575,201,POS Terminal,Hardware,13,15418,Salesperson_1,North America,CRM
O-500453,2023-03-15,C-1712,101,CRM Pro,Software,10,2150,Salesperson_5,Europe,CRM
O-500454,2023-02-24,C-3271,102,Analytics Suite,Software,11,13816,Salesperson_2,North America,CRM
O-500455,2023-08-27,C-1497,102,Analytics Suite,Software,1,816,Salesperson_5,Europe,CRM
O-500456,2023-10-03,C-2050,102,Analytics Suite,Software,7,7623,Salesperson_10,North America,CRM
O-500457,2023-09-02,C-1883,201,POS Terminal,Hardware,11,13035,Salesperson_4,Asia,CRM
O-500458,2024-10-31,C-1862,102,Analytics Suite,Software,4,5804,Salesperson_5,Asia,CRM
O-500459,2023-06-23,C-2436,201,POS Terminal,Hardware,18,20160,Salesperson_10,Europe,CRM
O-500460,2024-03-07,C-2259,201,POS Terminal,Hardware,5,3535,Salesperson_10,Europe,CRM
O-500461,2024-06-14,C-3544,101,CRM Pro,Software,20,10100,Salesperson_4,North America,CRM
O-500462,2023-06-14,C-3086,101,CRM Pro,Software,20,18280,Salesperson_10,Asia,CRM
O-500463,2023-04-10,C-2163,102,Analytics Suite,Software,11,11198,Salesperson_8,North America,CRM
O-500464,2024-01-22,C-2090,101,CRM Pro,Software,2,576,Salesperson_8,Asia,CRM
O-500465,2024-08-18,C-3954,101,CRM Pro,Software,9,6588,Salesperson_5,North America,CRM
O-500466,2023-02-20,C-1245,201,POS Terminal,Hardware,2,2678,Salesperson_8,North America,CRM
O-500467,2024-08-12,C-1939,102,Analytics Suite,Software,8,7440,Salesperson_10,Europe,CRM
O-500468,2023-07-08,C-1260,101,CRM Pro,Software,5,6280,Salesperson_9,Europe,CRM
O-500469,2024-09-10,C-3388,102,Analytics Suite,Software,5,4825,Salesperson_1,Europe,CRM
O-500470,2023-01-16,C-1504,201,POS Terminal,Hardware,2,1798,Salesperson_5,Asia,CRM
O-500471,2024-07-14,C-1969,101,CRM Pro,Software,14,5348,Salesperson_4,North America,CRM
O-500472,2024-04-02,C-2816,201,POS Terminal,Hardware,1,1099,Salesperson_6,Europe,CRM
O-500473,2024-09-17,C-3475,101,CRM Pro,Software,17,22831,Salesperson_10,Asia,CRM
O-500474,2024-03-22,C-1937,201,POS Terminal,Hardware,11,12815,Salesperson_3,Asia,CRM
O-500475,2024-10-22,C-3537,102,Analytics Suite,Software,19,17100,Salesperson_9,Asia,CRM
O-500476,2023-11-09,C-2279,201,POS Terminal,Hardware,2,1084,Salesperson_9,North America,CRM
O-500477,2023-11-10,C-1593,102,Analytics Suite,Software,19,11419,Salesperson_4,North America,CRM
O-500478,2024-07-09,C-3712,201,POS Terminal,Hardware,7,9758,Salesperson_5,Europe,CRM
O-500479,2024-12-04,C-1375,102,Analytics Suite,Software,6,1212,Salesperson_7,Europe,CRM
O-500480,2023-10-30,C-2237,102,Analytics Suite,Software,10,13010,Salesperson_1,Europe,CRM
O-500481,2023-11-04,C-2019,102,Analytics Suite,Software,12,9456,Salesperson_5,Asia,CRM
O-500482,2024-12-27,C-3356,102,Analytics Suite,Software,9,6903,Salesperson_8,Europe,CRM
O-500483,2023-05-01,C-2244,102,Analytics Suite,Software,5,1350,Salesperson_10,Asia,CRM
O-500484,2023-09-09,C-2175,101,CRM Pro,Software,3,4476,Salesperson_4,Europe,CRM
O-500485,2024-04-30,C-1682,201,POS Terminal,Hardware,15,13410,Salesperson_11,North America,CRM
O-500486,2023-03-01,C-3307,101,CRM Pro,Software,7,1792,Salesperson_2,Asia,CRM
O-500487,2023-11-12,C-3584,101,CRM Pro,Software,1,552,Salesperson_5,North America,CRM
O-500488,2023-05-12,C-3838,201,POS Terminal,Hardware,8,1840,Salesperson_8,North America,CRM
O-500489,2023-09-04,C-2923,101,CRM Pro,Software,18,9216,Salesperson_10,Europe,CRM
O-500490,2023-07-02,C-1163,102,Analytics Suite,Software,6,8640,Salesperson_6,Asia,CRM
O-500491,2024-02-09,C-3426,201,POS Terminal,Hardware,19,26125,Salesperson_9,Europe,CRM
O-500492,2023-01-01,C-1484,201,POS Terminal,Hardware,5,4420,Salesperson_1,Asia,CRM
O-500493,2024-06-24,C-2887,101,CRM Pro,Software,11,13409,Salesperson_4,Europe,CRM
O-500494,2024-09-29,C-1677,101,CRM Pro,Software,2,1126,Salesperson_10,Europe,CRM
O-500495,2024-08-26,C-2019,102,Analytics Suite,Software,1,206,Salesperson_11,Europe,CRM
O-500496,2024-12-19,C-1619,101,CRM Pro,Software,15,12165,Salesperson_9,North America,CRM
O-500497,2023-04-06,C-2695,101,CRM Pro,Software,3,4371,Salesperson_2,Europe,CRM
O-500498,2024-01-15,C-2750,102,Analytics Suite,Software,17,12852,Salesperson_2,Europe,CRM
O-500499,2023-09-18,C-3813,101,CRM Pro,Software,14,11340,Salesperson_8,Asia,CRM
O-500500,2024-04-09,C-3543,102,Analytics Suite,Software,10,10690,Salesperson_11,Europe,CRM
O-500501,2024-12-19,C-2383,101,CRM Pro,Software,13,10582,Salesperson_7,Europe,CRM
O-500502,2023-02-15,C-1311,101,CRM Pro,Software,13,10816,Salesperson_9,North America,CRM
O-500503,2023-12-03,C-3912,201,POS Terminal,Hardware,19,16891,Salesperson_4,Asia,CRM
O-500504,2023-10-16,C-2583,102,Analytics Suite,Software,16,16784,Salesperson_3,Europe,CRM
O-500505,2024-09-19,C-2732,102,Analytics Suite,Software,2,826,Salesperson_10,Asia,CRM
O-500506,2024-12-16,C-3053,102,Analytics Suite,Software,8,6720,Salesperson_3,Asia,CRM
O-500507,2024-04-29,C-1797,102,Analytics Suite,Software,13,13611,Salesperson_11,Europe,CRM
O-500508,2024-06-15,C-1941,101,CRM Pro,Software,7,10304,Salesperson_9,Europe,CRM
O-500509,2024-04-09,C-1051,102,Analytics Suite,Software,5,7260,Salesperson_4,Asia,CRM
O-500510,2024-03-20,C-1451,201,POS Terminal,Hardware,4,4792,Salesperson_5,Asia,CRM
O-500511,2023-10-21,C-1132,102,Analytics Suite,Software,11,13409,Salesperson_1,Asia,CRM
O-500512,2023-01-06,C-2781,101,CRM Pro,Software,19,5320,Salesperson_6,Asia,CRM
O-500513,2024-03-05,C-2192,201,POS Terminal,Hardware,19,19646,Salesperson_11,Asia,CRM
O-500514,2023-04-20,C-3066,201,POS Terminal,Hardware,5,4680,Salesperson_3,North America,CRM
O-500515,2023-09-29,C-3274,201,POS Terminal,Hardware,15,5940,Salesperson_8,Asia,CRM
O-500516,2023-10-13,C-3852,102,Analytics Suite,Software,3,2052,Salesperson_8,Asia,CRM
O-500517,2024-03-19,C-1853,102,Analytics Suite,Software,17,18445,Salesperson_3,Asia,CRM
O-500518,2023-11-08,C-1804,101,CRM Pro,Software,15,6840,Salesperson_11,North America,CRM
O-500519,2023-06-25,C-2747,101,CRM Pro,Software,2,1442,Salesperson_11,North America,CRM
O-500520,2023-02-18,C-2598,101,CRM Pro,Software,5,3365,Salesperson_9,Asia,CRM
O-500521,2024-07-19,C-3322,101,CRM Pro,Software,8,2568,Salesperson_10,North America,CRM
O-500522,2023-11-02,C-1566,201,POS Terminal,Hardware,6,6648,Salesperson_11,Asia,CRM
O-500523,2024-06-08,C-2883,102,Analytics Suite,Software,16,23728,Salesperson_10,Europe,CRM
O-500524,2024-08-25,C-2868,102,Analytics Suite,Software,5,1575,Salesperson_5,Asia,CRM
O-500525,2024-04-12,C-2029,201,POS Terminal,Hardware,10,10430,Salesperson_3,Asia,CRM
O-500526,2023-07-08,C-3569,101,CRM Pro,Software,6,4368,Salesperson_5,North America,CRM
O-500527,2023-08-07,C-1112,201,POS Terminal,Hardware,5,5810,Salesperson_11,North America,CRM
O-500528,2023-06-12,C-1276,201,POS Terminal,Hardware,9,5580,Salesperson_9,North America,CRM
O-500529,2024-10-11,C-3588,101,CRM Pro,Software,7,3612,Salesperson_8,Europe,CRM
O-500530,2023-03-12,C-3457,201,POS Terminal,Hardware,15,6270,Salesperson_6,Asia,CRM
O-500531,2023-08-24,C-2988,102,Analytics Suite,Software,2,1842,Salesperson_9,Europe,CRM
O-500532,2023-12-01,C-1243,201,POS Terminal,Hardware,12,9720,Salesperson_7,Asia,CRM
O-500533,2024-11-21,C-1995,102,Analytics Suite,Software,7,4333,Salesperson_5,Asia,CRM
O-500534,2024-11-20,C-1223,201,POS Terminal,Hardware,17,8551,Salesperson_9,Europe,CRM
O-500535,2024-01-30,C-1618,102,Analytics Suite,Software,15,17805,Salesperson_9,North America,CRM
O-500536,2023-03-20,C-3146,101,CRM Pro,Software,11,15081,Salesperson_3,Asia,CRM
O-500537,2023-01-03,C-3315,102,Analytics Suite,Software,11,13035,Salesperson_7,Europe,CRM
O-500538,2023-11-11,C-2016,201,POS Terminal,Hardware,12,7560,Salesperson_4,Asia,CRM
O-500539,2023-11-27,C-3443,102,Analytics Suite,Software,16,6880,Salesperson_9,Asia,CRM
O-500540,2024-04-19,C-1474,102,Analytics Suite,Software,10,13690,Salesperson_11,North America,CRM
O-500541,2024-10-14,C-3756,201,POS Terminal,Hardware,15,10995,Salesperson_1,Asia,CRM
O-500542,2023-05-04,C-1352,102,Analytics Suite,Software,12,8532,Salesperson_4,Asia,CRM
O-500543,2024-09-21,C-3473,201,POS Terminal,Hardware,17,10965,Salesperson_11,Asia,CRM
O-500544,2024-02-21,C-1120,102,Analytics Suite,Software,17,24140,Salesperson_7,Asia,CRM
O-500545,2023-08-12,C-3944,102,Analytics Suite,Software,15,3075,Salesperson_5,Asia,CRM
O-500546,2023-05-12,C-1783,102,Analytics Suite,Software,2,2122,Salesperson_11,North America,CRM
O-500547,2023-02-07,C-1722,102,Analytics Suite,Software,16,18336,Salesperson_7,Europe,CRM
O-500548,2023-04-23,C-1174,101,CRM Pro,Software,11,12232,Salesperson_9,Asia,CRM
O-500549,2023-08-23,C-1992,201,POS Terminal,Hardware,1,302,Salesperson_7,North America,CRM
O-500550,2023-04-17,C-1787,201,POS Terminal,Hardware,18,5904,Salesperson_1,North America,CRM
O-500551,2024-07-28,C-3971,102,Analytics Suite,Software,13,12584,Salesperson_2,Europe,CRM
O-500552,2024-06-18,C-3990,101,CRM Pro,Software,7,10437,Salesperson_8,Europe,CRM
O-500553,2024-09-06,C-2975,101,CRM Pro,Software,9,4482,Salesperson_4,North America,CRM
O-500554,2024-02-27,C-1042,102,Analytics Suite,Software,2,596,Salesperson_2,Europe,CRM
O-500555,2023-10-30,C-3312,101,CRM Pro,Software,5,6970,Salesperson_3,Asia,CRM
O-500556,2024-08-07,C-3251,201,POS Terminal,Hardware,5,6885,Salesperson_11,North America,CRM
O-500557,2024-01-13,C-3826,102,Analytics Suite,Software,10,7540,Salesperson_11,North America,CRM
O-500558,2024-02-28,C-1353,101,CRM Pro,Software,9,10881,Salesperson_8,Europe,CRM
O-500559,2023-06-27,C-2399,102,Analytics Suite,Software,10,13040,Salesperson_6,Europe,CRM
O-500560,2024-09-05,C-3816,102,Analytics Suite,Software,13,3523,Salesperson_4,Europe,CRM
O-500561,2024-08-18,C-1306,102,Analytics Suite,Software,15,10740,Salesperson_5,Asia,CRM
O-500562,2023-04-03,C-1809,102,Analytics Suite,Software,20,21660,Salesperson_6,Asia,CRM
O-500563,2024-02-21,C-3719,102,Analytics Suite,Software,4,2100,Salesperson_10,Europe,CRM
O-500564,2023-12-08,C-2931,101,CRM Pro,Software,10,3010,Salesperson_10,Europe,CRM
O-500565,2023-03-02,C-2485,201,POS Terminal,Hardware,14,3192,Salesperson_1,Asia,CRM
O-500566,2023-04-10,C-1661,102,Analytics Suite,Software,9,6678,Salesperson_3,North America,CRM
O-500567,2023-01-05,C-3464,102,Analytics Suite,Software,10,10990,Salesperson_3,Asia,CRM
O-500568,2023-11-29,C-3643,201,POS Terminal,Hardware,8,8896,Salesperson_10,Europe,CRM
O-500569,2024-11-22,C-1660,102,Analytics Suite,Software,20,24940,Salesperson_3,Asia,CRM
O-500570,2024-02-18,C-1936,101,CRM Pro,Software,18,17010,Salesperson_11,Asia,CRM
O-500571,2024-09-12,C-2643,101,CRM Pro,Software,11,2915,Salesperson_2,Asia,CRM
O-500572,2024-04-21,C-3065,201,POS Terminal,Hardware,7,5600,Salesperson_8,Europe,CRM
O-500573,2024-03-31,C-2428,101,CRM Pro,Software,10,7420,Salesperson_9,North America,CRM
O-500574,2023-06-19,C-1851,201,POS Terminal,Hardware,3,1506,Salesperson_9,Asia,CRM
O-500575,2024-06-03,C-2706,102,Analytics Suite,Software,8,2904,Salesperson_10,Asia,CRM
O-500576,2023-01-26,C-2883,201,POS Terminal,Hardware,11,12474,Salesperson_5,North America,CRM
O-500577,2024-02-09,C-2489,201,POS Terminal,Hardware,8,11128,Salesperson_10,Asia,CRM
O-500578,2023-07-19,C-3309,201,POS Terminal,Hardware,5,5285,Salesperson_1,Europe,CRM
O-500579,2024-02-26,C-2758,102,Analytics Suite,Software,11,11473,Salesperson_2,Asia,CRM
O-500580,2023-10-18,C-2515,102,Analytics Suite,Software,5,1415,Salesperson_10,Europe,CRM
O-500581,2023-11-27,C-1243,201,POS Terminal,Hardware,13,10634,Salesperson_1,North America,CRM
O-500582,2023-03-12,C-1954,101,CRM Pro,Software,16,12032,Salesperson_9,Asia,CRM
O-500583,2024-07-06,C-2249,201,POS Terminal,Hardware,8,2208,Salesperson_2,North America,CRM
O-500584,2024-10-13,C-2416,102,Analytics Suite,Software,4,2404,Salesperson_7,North America,CRM
O-500585,2023-11-03,C-2625,101,CRM Pro,Software,20,20400,Salesperson_9,Asia,CRM
O-500586,2024-03-28,C-3191,102,Analytics Suite,Software,11,11341,Salesperson_1,Europe,CRM
O-500587,2023-02-20,C-2402,201,POS Terminal,Hardware,2,1694,Salesperson_6,Asia,CRM
O-500588,2023-10-24,C-2349,102,Analytics Suite,Software,16,11376,Salesperson_8,North America,CRM
O-500589,2023-08-16,C-3333,101,CRM Pro,Software,14,19656,Salesperson_6,North America,CRM
O-500590,2023-12-28,C-2158,201,POS Terminal,Hardware,3,1878,Salesperson_5,North America,CRM
O-500591,2023-05-08,C-3944,101,CRM Pro,Software,14,7420,Salesperson_11,Asia,CRM
O-500592,2024-09-19,C-2431,201,POS Terminal,Hardware,14,5810,Salesperson_6,Asia,CRM
O-500593,2023-04-23,C-1723,102,Analytics Suite,Software,7,8701,Salesperson_2,North America,CRM
O-500594,2023-07-27,C-1593,101,CRM Pro,Software,7,10115,Salesperson_6,Asia,CRM
O-500595,2024-11-20,C-1942,201,POS Terminal,Hardware,17,8653,Salesperson_11,North America,CRM
O-500596,2023-03-27,C-2242,102,Analytics Suite,Software,9,10530,Salesperson_8,North America,CRM
O-500597,2024-01-21,C-3976,101,CRM Pro,Software,2,974,Salesperson_1,Asia,CRM
O-500598,2023-01-01,C-1626,102,Analytics Suite,Software,16,23392,Salesperson_4,Asia,CRM
O-500599,2023-09-30,C-3221,102,Analytics Suite,Software,16,20096,Salesperson_6,Europe,CRM
O-500600,2024-06-25,C-3910,201,POS Terminal,Hardware,11,9086,Salesperson_3,Asia,CRM
O-500601,2023-05-31,C-3012,201,POS Terminal,Hardware,9,10710,Salesperson_5,Asia,CRM
O-500602,2023-09-14,C-2358,101,CRM Pro,Software,15,13605,Salesperson_3,Europe,CRM
O-500603,2023-03-31,C-3741,101,CRM Pro,Software,15,6270,Salesperson_5,North America,CRM
O-500604,2023-02-15,C-2874,201,POS Terminal,Hardware,6,3780,Salesperson_9,Europe,CRM
O-500605,2024-03-28,C-3435,101,CRM Pro,Software,14,11312,Salesperson_9,North America,CRM
O-500606,2023-07-03,C-2076,102,Analytics Suite,Software,13,18668,Salesperson_3,Europe,CRM
O-500607,2023-05-03,C-3551,101,CRM Pro,Software,7,5845,Salesperson_1,Europe,CRM
O-500608,2023-12-24,C-2356,101,CRM Pro,Software,18,7434,Salesperson_3,Europe,CRM
O-500609,2024-06-22,C-3669,101,CRM Pro,Software,18,7452,Salesperson_5,Europe,CRM
O-500610,2024-07-07,C-1877,102,Analytics Suite,Software,13,15652,Salesperson_4,Asia,CRM
O-500611,2024-05-29,C-2593,201,POS Terminal,Hardware,7,2107,Salesperson_1,Asia,CRM
O-500612,2023-08-13,C-2221,102,Analytics Suite,Software,15,22365,Salesperson_3,Asia,CRM
O-500613,2023-11-05,C-3676,102,Analytics Suite,Software,3,2298,Salesperson_6,North America,CRM
O-500614,2023-07-07,C-2264,102,Analytics Suite,Software,14,19054,Salesperson_8,Europe,CRM
O-500615,2023-07-12,C-3074,201,POS Terminal,Hardware,15,18090,Salesperson_10,Asia,CRM
O-500616,2024-01-21,C-1072,101,CRM Pro,Software,6,7944,Salesperson_11,North America,CRM
O-500617,2024-11-28,C-3646,101,CRM Pro,Software,5,2580,Salesperson_5,Europe,CRM
O-500618,2023-06-27,C-1204,201,POS Terminal,Hardware,4,1372,Salesperson_5,Europe,CRM
O-500619,2023-04-29,C-1471,102,Analytics Suite,Software,1,312,Salesperson_4,Asia,CRM
O-500620,2024-03-01,C-1286,201,POS Terminal,Hardware,19,11704,Salesperson_6,Europe,CRM
O-500621,2024-06-13,C-3690,101,CRM Pro,Software,18,11268,Salesperson_5,North America,CRM
O-500622,2023-02-05,C-3590,102,Analytics Suite,Software,10,8370,Salesperson_8,Europe,CRM
O-500623,2024-05-15,C-3846,201,POS Terminal,Hardware,4,5840,Salesperson_3,North America,CRM
O-500624,2023-03-23,C-3499,101,CRM Pro,Software,7,9751,Salesperson_3,Asia,CRM
O-500625,2023-03-12,C-2246,102,Analytics Suite,Software,10,2240,Salesperson_9,Asia,CRM
O-500626,2024-04-25,C-3302,102,Analytics Suite,Software,1,909,Salesperson_5,North America,CRM
O-500627,2023-12-01,C-1481,102,Analytics Suite,Software,8,8976,Salesperson_7,Asia,CRM
O-500628,2023-02-27,C-2830,101,CRM Pro,Software,15,15795,Salesperson_5,Europe,CRM
O-500629,2024-06-07,C-2212,102,Analytics Suite,Software,16,15360,Salesperson_11,Asia,CRM
O-500630,2023-06-30,C-3146,102,Analytics Suite,Software,3,1212,Salesperson_5,Europe,CRM
O-500631,2023-03-08,C-2654,102,Analytics Suite,Software,19,18905,Salesperson_4,Europe,CRM
O-500632,2024-07-29,C-1802,101,CRM Pro,Software,12,13068,Salesperson_10,North America,CRM
O-500633,2023-01-13,C-1950,201,POS Terminal,Hardware,20,5080,Salesperson_2,Asia,CRM
O-500634,2023-03-26,C-1891,102,Analytics Suite,Software,5,2655,Salesperson_1,Asia,CRM
O-500635,2023-02-17,C-3076,101,CRM Pro,Software,9,3807,Salesperson_8,Asia,CRM
O-500636,2023-04-03,C-3383,102,Analytics Suite,Software,17,3757,Salesperson_11,Asia,CRM
O-500637,2023-06-27,C-3889,102,Analytics Suite,Software,6,4638,Salesperson_1,Europe,CRM
O-500638,2023-04-24,C-2772,102,Analytics Suite,Software,15,21390,Salesperson_9,North America,CRM
O-500639,2023-01-20,C-1536,102,Analytics Suite,Software,3,3933,Salesperson_6,Europe,CRM
O-500640,2023-11-08,C-2577,102,Analytics Suite,Software,6,8340,Salesperson_1,Asia,CRM
O-500641,2024-06-07,C-3981,101,CRM Pro,Software,18,7056,Salesperson_1,Europe,CRM
O-500642,2024-03-08,C-3839,101,CRM Pro,Software,12,9576,Salesperson_2,North America,CRM
O-500643,2023-01-06,C-1780,201,POS Terminal,Hardware,15,5070,Salesperson_6,Asia,CRM
O-500644,2023-06-14,C-2826,201,POS Terminal,Hardware,10,11670,Salesperson_10,Asia,CRM
O-500645,2024-10-28,C-2654,101,CRM Pro,Software,12,8820,Salesperson_4,Europe,CRM
O-500646,2023-11-24,C-3323,201,POS Terminal,Hardware,18,25038,Salesperson_10,North America,CRM
O-500647,2023-05-21,C-1544,101,CRM Pro,Software,4,1036,Salesperson_9,Asia,CRM
O-500648,2024-10-25,C-2808,102,Analytics Suite,Software,19,8740,Salesperson_8,Asia,CRM
O-500649,2024-02-18,C-1308,101,CRM Pro,Software,11,10362,Salesperson_7,Asia,CRM
O-500650,2023-02-07,C-1861,101,CRM Pro,Software,16,21568,Salesperson_4,Asia,CRM
O-500651,2024-08-02,C-1392,102,Analytics Suite,Software,3,1146,Salesperson_10,North America,CRM
O-500652,2024-09-05,C-3146,102,Analytics Suite,Software,20,29160,Salesperson_4,Europe,CRM
O-500653,2024-09-29,C-3163,102,Analytics Suite,Software,5,3960,Salesperson_8,Europe,CRM
O-500654,2024-12-26,C-1688,201,POS Terminal,Hardware,17,16558,Salesperson_3,Europe,CRM
O-500655,2023-06-22,C-2936,102,Analytics Suite,Software,1,1025,Salesperson_10,Asia,CRM
O-500656,2024-05-19,C-2394,101,CRM Pro,Software,11,11836,Salesperson_8,Asia,CRM
O-500657,2023-01-24,C-2030,102,Analytics Suite,Software,13,10972,Salesperson_5,Europe,CRM
O-500658,2024-06-19,C-3810,201,POS Terminal,Hardware,6,2472,Salesperson_8,North America,CRM
O-500659,2023-06-08,C-1601,102,Analytics Suite,Software,19,3876,Salesperson_10,Europe,CRM
O-500660,2023-12-12,C-1823,201,POS Terminal,Hardware,14,18382,Salesperson_2,Asia,CRM
O-500661,2023-12-05,C-2970,101,CRM Pro,Software,14,11690,Salesperson_11,Asia,CRM
O-500662,2024-08-01,C-1507,102,Analytics Suite,Software,14,6090,Salesperson_7,North America,CRM
O-500663,2023-11-16,C-1667,201,POS Terminal,Hardware,16,6560,Salesperson_1,Asia,CRM
O-500664,2024-03-21,C-1691,102,Analytics Suite,Software,5,1240,Salesperson_8,Europe,CRM
O-500665,2024-07-31,C-2762,201,POS Terminal,Hardware,5,4450,Salesperson_1,Europe,CRM
O-500666,2023-01-24,C-2269,101,CRM Pro,Software,20,10180,Salesperson_1,Asia,CRM
O-500667,2023-07-12,C-2395,201,POS Terminal,Hardware,7,6706,Salesperson_2,Asia,CRM
O-500668,2024-04-27,C-1600,101,CRM Pro,Software,8,2912,Salesperson_9,Asia,CRM
O-500669,2024-09-17,C-3942,102,Analytics Suite,Software,2,602,Salesperson_7,Asia,CRM
O-500670,2024-09-22,C-3738,102,Analytics Suite,Software,5,2110,Salesperson_11,Asia,CRM
O-500671,2024-09-08,C-3474,101,CRM Pro,Software,18,21690,Salesperson_1,Asia,CRM
O-500672,2024-02-26,C-1746,101,CRM Pro,Software,7,2919,Salesperson_3,Asia,CRM
O-500673,2023-03-01,C-3265,101,CRM Pro,Software,8,5576,Salesperson_7,Europe,CRM
O-500674,2023-02-27,C-3719,102,Analytics Suite,Software,18,6552,Salesperson_10,Europe,CRM
O-500675,2024-10-04,C-2184,101,CRM Pro,Software,2,2050,Salesperson_4,Europe,CRM
O-500676,2023-12-30,C-1786,201,POS Terminal,Hardware,16,11088,Salesperson_9,Europe,CRM
O-500677,2023-08-22,C-3656,101,CRM Pro,Software,16,20416,Salesperson_2,Asia,CRM
O-500678,2023-08-21,C-2291,102,Analytics Suite,Software,20,10100,Salesperson_6,North America,CRM
O-500679,2024-03-08,C-2058,201,POS Terminal,Hardware,14,5516,Salesperson_7,Asia,CRM
O-500680,2024-01-14,C-2924,102,Analytics Suite,Software,9,10566,Salesperson_6,Europe,CRM
O-500681,2024-04-30,C-1429,201,POS Terminal,Hardware,11,14773,Salesperson_8,North America,CRM
O-500682,2023-03-23,C-2783,201,POS Terminal,Hardware,7,6874,Salesperson_11,Asia,CRM
O-500683,2024-01-13,C-2978,102,Analytics Suite,Software,2,716,Salesperson_2,Europe,CRM
O-500684,2024-12-11,C-3484,101,CRM Pro,Software,11,6600,Salesperson_8,Europe,CRM
O-500685,2024-06-21,C-1369,201,POS Terminal,Hardware,7,6531,Salesperson_8,Europe,CRM
O-500686,2024-11-20,C-1056,102,Analytics Suite,Software,15,3390,Salesperson_1,North America,CRM
O-500687,2023-11-30,C-2981,101,CRM Pro,Software,15,21030,Salesperson_9,North America,CRM
O-500688,2023-05-18,C-3777,201,POS Terminal,Hardware,11,5775,Salesperson_9,North America,CRM
O-500689,2024-08-11,C-3090,201,POS Terminal,Hardware,12,11016,Salesperson_1,Asia,CRM
O-500690,2023-05-07,C-1997,101,CRM Pro,Software,2,2650,Salesperson_4,North America,CRM
O-500691,2023-09-26,C-3963,102,Analytics Suite,Software,8,11880,Salesperson_4,Asia,CRM
O-500692,2023-06-22,C-1091,201,POS Terminal,Hardware,20,10280,Salesperson_8,Asia,CRM
O-500693,2024-07-23,C-3801,102,Analytics Suite,Software,1,1062,Salesperson_11,North America,CRM
O-500694,2024-07-17,C-3346,201,POS Terminal,Hardware,18,21312,Salesperson_4,Europe,CRM
O-500695,2024-04-30,C-1874,101,CRM Pro,Software,20,8520,Salesperson_3,Europe,CRM
O-500696,2023-03-23,C-1135,102,Analytics Suite,Software,17,19669,Salesperson_1,Europe,CRM
O-500697,2023-12-11,C-2620,102,Analytics Suite,Software,9,12726,Salesperson_5,Asia,CRM
O-500698,2024-06-03,C-2933,101,CRM Pro,Software,13,18928,Salesperson_3,Europe,CRM
O-500699,2023-12-19,C-1157,102,Analytics Suite,Software,14,6888,Salesperson_7,North America,CRM
O-500700,2024-01-03,C-2315,101,CRM Pro,Software,1,497,Salesperson_11,Asia,CRM
O-500701,2023-02-08,C-1209,101,CRM Pro,Software,15,18990,Salesperson_11,North America,CRM
O-500702,2024-03-04,C-2691,201,POS Terminal,Hardware,5,5215,Salesperson_9,Asia,CRM
O-500703,2024-06-29,C-1652,101,CRM Pro,Software,19,21983,Salesperson_11,Europe,CRM
O-500704,2024-01-11,C-2307,201,POS Terminal,Hardware,15,5325,Salesperson_8,North America,CRM
O-500705,2024-03-11,C-1979,102,Analytics Suite,Software,15,13425,Salesperson_4,Asia,CRM
O-500706,2024-01-19,C-3347,102,Analytics Suite,Software,14,13496,Salesperson_2,Europe,CRM
O-500707,2023-06-07,C-1201,201,POS Terminal,Hardware,9,9675,Salesperson_10,North America,CRM
O-500708,2023-08-10,C-1381,201,POS Terminal,Hardware,18,20646,Salesperson_7,North America,CRM
O-500709,2024-09-14,C-3706,102,Analytics Suite,Software,1,339,Salesperson_3,Europe,CRM
O-500710,2024-10-24,C-3076,102,Analytics Suite,Software,18,10098,Salesperson_5,Europe,CRM
O-500711,2024-11-15,C-2164,102,Analytics Suite,Software,19,21033,Salesperson_3,North America,CRM
O-500712,2024-08-08,C-2590,101,CRM Pro,Software,2,1230,Salesperson_1,Europe,CRM
O-500713,2024-05-12,C-1466,201,POS Terminal,Hardware,13,14729,Salesperson_7,Europe,CRM
O-500714,2023-01-15,C-1839,101,CRM Pro,Software,10,11190,Salesperson_1,North America,CRM
O-500715,2023-05-02,C-3555,201,POS Terminal,Hardware,17,7837,Salesperson_2,North America,CRM
O-500716,2024-12-29,C-2651,101,CRM Pro,Software,4,1528,Salesperson_5,North America,CRM
O-500717,2024-12-27,C-3412,102,Analytics Suite,Software,4,4292,Salesperson_10,North America,CRM
O-500718,2023-08-12,C-3438,102,Analytics Suite,Software,14,18984,Salesperson_11,North America,CRM
O-500719,2023-06-04,C-3449,201,POS Terminal,Hardware,7,3612,Salesperson_6,Asia,CRM
O-500720,2024-01-27,C-3553,102,Analytics Suite,Software,4,3724,Salesperson_6,North America,CRM
O-500721,2024-11-02,C-1770,201,POS Terminal,Hardware,9,12069,Salesperson_6,Europe,CRM
O-500722,2023-12-17,C-1557,201,POS Terminal,Hardware,17,6171,Salesperson_1,Europe,CRM
O-500723,2024-08-18,C-1345,102,Analytics Suite,Software,15,5430,Salesperson_6,Asia,CRM
O-500724,2023-02-18,C-3781,101,CRM Pro,Software,19,25631,Salesperson_5,Asia,CRM
O-500725,2023-04-21,C-3296,101,CRM Pro,Software,3,1935,Salesperson_11,North America,CRM
O-500726,2024-08-29,C-3143,201,POS Terminal,Hardware,18,4338,Salesperson_7,Asia,CRM
O-500727,2024-05-17,C-2448,201,POS Terminal,Hardware,11,16379,Salesperson_3,North America,CRM
O-500728,2024-08-09,C-3541,101,CRM Pro,Software,14,14308,Salesperson_9,Asia,CRM
O-500729,2024-11-28,C-1412,201,POS Terminal,Hardware,13,9802,Salesperson_3,Europe,CRM
O-500730,2023-07-06,C-3368,101,CRM Pro,Software,3,2070,Salesperson_3,Asia,CRM
O-500731,2024-12-16,C-2457,101,CRM Pro,Software,7,1617,Salesperson_9,North America,CRM
O-500732,2023-08-30,C-1205,101,CRM Pro,Software,9,10962,Salesperson_5,Asia,CRM
O-500733,2023-05-22,C-3811,101,CRM Pro,Software,7,8428,Salesperson_3,Asia,CRM
O-500734,2023-01-28,C-2976,101,CRM Pro,Software,1,567,Salesperson_2,North America,CRM
O-500735,2023-08-17,C-2114,102,Analytics Suite,Software,7,3038,Salesperson_4,Asia,CRM
O-500736,2023-12-31,C-3702,101,CRM Pro,Software,11,13563,Salesperson_5,Europe,CRM
O-500737,2024-06-23,C-1969,201,POS Terminal,Hardware,14,14280,Salesperson_6,Europe,CRM
O-500738,2023-11-27,C-2145,101,CRM Pro,Software,13,4693,Salesperson_6,North America,CRM
O-500739,2024-10-24,C-2866,201,POS Terminal,Hardware,7,7623,Salesperson_3,North America,CRM
O-500740,2024-05-27,C-2247,201,POS Terminal,Hardware,16,10288,Salesperson_1,Europe,CRM
O-500741,2024-10-25,C-3010,201,POS Terminal,Hardware,4,3504,Salesperson_3,Europe,CRM
O-500742,2024-08-06,C-2527,102,Analytics Suite,Software,12,13656,Salesperson_7,Europe,CRM
O-500743,2023-03-10,C-2272,201,POS Terminal,Hardware,11,4257,Salesperson_1,Asia,CRM
O-500744,2024-02-16,C-2592,201,POS Terminal,Hardware,12,9408,Salesperson_8,Asia,CRM
O-500745,2024-06-21,C-1015,101,CRM Pro,Software,8,6792,Salesperson_5,Europe,CRM
O-500746,2023-04-01,C-3688,101,CRM Pro,Software,7,3514,Salesperson_3,North America,CRM
O-500747,2024-05-30,C-2136,101,CRM Pro,Software,6,2328,Salesperson_1,Asia,CRM
O-500748,2023-01-28,C-2560,101,CRM Pro,Software,2,668,Salesperson_3,North America,CRM
O-500749,2023-01-17,C-1296,101,CRM Pro,Software,16,13360,Salesperson_2,Asia,CRM
O-500750,2023-04-27,C-2232,201,POS Terminal,Hardware,17,20638,Salesperson_5,Europe,CRM
O-500751,2023-04-09,C-1973,101,CRM Pro,Software,13,17732,Salesperson_1,Europe,CRM
O-500752,2024-08-17,C-3089,102,Analytics Suite,Software,6,7044,Salesperson_9,Asia,CRM
O-500753,2023-07-23,C-2640,201,POS Terminal,Hardware,20,21520,Salesperson_4,Europe,CRM
O-500754,2024-12-23,C-2018,101,CRM Pro,Software,19,13148,Salesperson_7,North America,CRM
O-500755,2024-10-29,C-1243,101,CRM Pro,Software,12,11664,Salesperson_1,North America,CRM
O-500756,2024-07-16,C-1158,102,Analytics Suite,Software,8,4888,Salesperson_1,North America,CRM
O-500757,2024-03-26,C-1685,101,CRM Pro,Software,10,4550,Salesperson_5,North America,CRM
O-500758,2023-01-30,C-3473,101,CRM Pro,Software,8,4064,Salesperson_1,Europe,CRM
O-500759,2023-11-05,C-3321,102,Analytics Suite,Software,4,5732,Salesperson_4,Asia,CRM
O-500760,2023-06-29,C-3099,201,POS Terminal,Hardware,14,15134,Salesperson_10,Europe,CRM
O-500761,2024-10-26,C-2946,102,Analytics Suite,Software,10,9640,Salesperson_7,Asia,CRM
O-500762,2023-10-13,C-3777,201,POS Terminal,Hardware,13,18135,Salesperson_9,Europe,CRM
O-500763,2024-04-24,C-1809,102,Analytics Suite,Software,17,20111,Salesperson_11,Europe,CRM
O-500764,2024-04-04,C-1127,102,Analytics Suite,Software,18,20628,Salesperson_10,Europe,CRM
O-500765,2024-01-04,C-2002,201,POS Terminal,Hardware,16,8832,Salesperson_9,North America,CRM
O-500766,2023-12-25,C-2661,101,CRM Pro,Software,2,1710,Salesperson_7,North America,CRM
O-500767,2024-04-08,C-3115,201,POS Terminal,Hardware,8,8240,Salesperson_2,North America,CRM
O-500768,2023-04-15,C-2891,101,CRM Pro,Software,15,14745,Salesperson_5,Europe,CRM
O-500769,2023-05-02,C-2060,102,Analytics Suite,Software,1,660,Salesperson_10,North America,CRM
O-500770,2024-10-11,C-3271,102,Analytics Suite,Software,20,13300,Salesperson_11,Europe,CRM
O-500771,2023-05-04,C-3723,101,CRM Pro,Software,11,2629,Salesperson_3,North America,CRM
O-500772,2023-02-25,C-2234,101,CRM Pro,Software,10,14420,Salesperson_1,Asia,CRM
O-500773,2024-10-20,C-3809,102,Analytics Suite,Software,7,5397,Salesperson_9,North America,CRM
O-500774,2024-10-24,C-2721,201,POS Terminal,Hardware,15,4125,Salesperson_6,Asia,CRM
O-500775,2023-10-15,C-2171,201,POS Terminal,Hardware,13,7657,Salesperson_7,Europe,CRM
O-500776,2024-01-23,C-2857,101,CRM Pro,Software,10,9990,Salesperson_1,Europe,CRM
O-500777,2023-05-09,C-3547,101,CRM Pro,Software,1,773,Salesperson_6,Asia,CRM
O-500778,2024-04-18,C-1557,102,Analytics Suite,Software,18,19422,Salesperson_6,Europe,CRM
O-500779,2023-08-29,C-3018,102,Analytics Suite,Software,16,11936,Salesperson_7,Europe,CRM
O-500780,2023-05-21,C-1737,201,POS Terminal,Hardware,5,6330,Salesperson_10,North America,CRM
O-500781,2024-05-21,C-3332,201,POS Terminal,Hardware,18,5130,Salesperson_10,North America,CRM
O-500782,2023-07-20,C-3611,101,CRM Pro,Software,7,9436,Salesperson_10,Europe,CRM
O-500783,2024-06-22,C-3491,102,Analytics Suite,Software,14,9240,Salesperson_7,Asia,CRM
O-500784,2024-05-21,C-3018,101,CRM Pro,Software,10,10130,Salesperson_9,Asia,CRM
O-500785,2024-06-08,C-2718,101,CRM Pro,Software,11,10219,Salesperson_4,Europe,CRM
O-500786,2023-01-27,C-1645,101,CRM Pro,Software,3,852,Salesperson_7,Asia,CRM
O-500787,2023-07-27,C-3101,102,Analytics Suite,Software,5,4230,Salesperson_4,Europe,CRM
O-500788,2023-05-21,C-3463,201,POS Terminal,Hardware,18,12006,Salesperson_3,Asia,CRM
O-500789,2023-07-02,C-3422,201,POS Terminal,Hardware,1,1499,Salesperson_10,Asia,CRM
O-500790,2024-11-29,C-1763,201,POS Terminal,Hardware,1,1256,Salesperson_6,North America,CRM
O-500791,2023-09-01,C-2804,201,POS Terminal,Hardware,1,697,Salesperson_6,Europe,CRM
O-500792,2023-07-06,C-1896,201,POS Terminal,Hardware,15,11685,Salesperson_9,Asia,CRM
O-500793,2024-01-24,C-2281,101,CRM Pro,Software,6,8070,Salesperson_6,Asia,CRM
O-500794,2024-07-16,C-3794,102,Analytics Suite,Software,11,11869,Salesperson_11,Europe,CRM
O-500795,2024-07-14,C-3747,102,Analytics Suite,Software,17,25364,Salesperson_8,Asia,CRM
O-500796,2023-08-01,C-2774,102,Analytics Suite,Software,17,24633,Salesperson_10,North America,CRM
O-500797,2024-11-05,C-1685,101,CRM Pro,Software,5,2945,Salesperson_8,Asia,CRM
O-500798,2024-06-16,C-1509,102,Analytics Suite,Software,18,7830,Salesperson_11,North America,CRM
O-500799,2023-07-03,C-2195,101,CRM Pro,Software,3,1341,Salesperson_1,North America,CRM
O-500800,2023-09-13,C-2113,102,Analytics Suite,Software,6,7398,Salesperson_8,Europe,CRM
O-500801,2024-05-06,C-2306,101,CRM Pro,Software,15,7005,Salesperson_11,Europe,CRM
O-500802,2023-01-30,C-3494,101,CRM Pro,Software,18,26460,Salesperson_1,Asia,CRM
O-500803,2024-06-13,C-2184,201,POS Terminal,Hardware,16,8704,Salesperson_3,Asia,CRM
O-500804,2023-02-17,C-3435,201,POS Terminal,Hardware,17,18734,Salesperson_4,Asia,CRM
O-500805,2024-04-02,C-1166,102,Analytics Suite,Software,18,3906,Salesperson_5,North America,CRM
O-500806,2023-08-24,C-3481,101,CRM Pro,Software,18,21402,Salesperson_7,North America,CRM
O-500807,2024-05-13,C-1186,201,POS Terminal,Hardware,10,11560,Salesperson_7,Asia,CRM
O-500808,2024-08-08,C-2783,102,Analytics Suite,Software,13,18486,Salesperson_6,North America,CRM
O-500809,2024-12-25,C-2445,201,POS Terminal,Hardware,9,13464,Salesperson_7,Asia,CRM
O-500810,2024-04-03,C-2354,102,Analytics Suite,Software,19,4769,Salesperson_3,Europe,CRM
O-500811,2024-06-15,C-3607,101,CRM Pro,Software,17,12665,Salesperson_3,Europe,CRM
O-500812,2024-08-10,C-1563,201,POS Terminal,Hardware,9,7128,Salesperson_7,Europe,CRM
O-500813,2024-05-23,C-1766,102,Analytics Suite,Software,15,4920,Salesperson_7,Europe,CRM
O-500814,2024-12-01,C-2008,102,Analytics Suite,Software,9,3573,Salesperson_1,North America,CRM
O-500815,2024-04-25,C-2296,102,Analytics Suite,Software,18,19584,Salesperson_2,Asia,CRM
O-500816,2023-05-09,C-2961,201,POS Terminal,Hardware,10,13450,Salesperson_9,Asia,CRM
O-500817,2023-04-16,C-3556,101,CRM Pro,Software,10,6940,Salesperson_8,Asia,CRM
O-500818,2024-04-07,C-1696,201,POS Terminal,Hardware,17,11611,Salesperson_8,Asia,CRM
O-500819,2024-09-15,C-1783,101,CRM Pro,Software,3,2259,Salesperson_7,North America,CRM
O-500820,2024-11-19,C-1663,101,CRM Pro,Software,10,10460,Salesperson_4,Europe,CRM
O-500821,2024-06-27,C-1260,101,CRM Pro,Software,3,843,Salesperson_2,Europe,CRM
O-500822,2024-11-22,C-1181,201,POS Terminal,Hardware,12,7404,Salesperson_10,North America,CRM
O-500823,2024-09-23,C-1654,101,CRM Pro,Software,5,4760,Salesperson_3,Asia,CRM
O-500824,2023-12-30,C-2904,101,CRM Pro,Software,19,8778,Salesperson_7,Europe,CRM
O-500825,2023-10-28,C-2840,201,POS Terminal,Hardware,14,8358,Salesperson_10,Europe,CRM
O-500826,2024-06-05,C-1476,101,CRM Pro,Software,17,20995,Salesperson_10,North America,CRM
O-500827,2023-12-30,C-2703,201,POS Terminal,Hardware,3,2589,Salesperson_11,Asia,CRM
O-500828,2024-09-08,C-3362,102,Analytics Suite,Software,8,5000,Salesperson_7,Europe,CRM
O-500829,2024-09-14,C-3688,101,CRM Pro,Software,11,7546,Salesperson_6,North America,CRM
O-500830,2023-10-24,C-2878,101,CRM Pro,Software,11,13442,Salesperson_5,North America,CRM
O-500831,2023-01-05,C-3410,201,POS Terminal,Hardware,12,10356,Salesperson_5,North America,CRM
O-500832,2024-06-04,C-2560,101,CRM Pro,Software,20,23960,Salesperson_10,Europe,CRM
O-500833,2024-07-15,C-1540,201,POS Terminal,Hardware,3,1410,Salesperson_8,Asia,CRM
O-500834,2024-04-19,C-1837,101,CRM Pro,Software,14,15932,Salesperson_4,Europe,CRM
O-500835,2023-09-06,C-1097,101,CRM Pro,Software,11,11858,Salesperson_3,North America,CRM
O-500836,2023-06-11,C-3868,201,POS Terminal,Hardware,10,10490,Salesperson_1,Asia,CRM
O-500837,2024-11-08,C-2903,101,CRM Pro,Software,19,19323,Salesperson_9,Europe,CRM
O-500838,2023-04-12,C-3819,101,CRM Pro,Software,7,7672,Salesperson_1,Europe,CRM
O-500839,2024-04-22,C-2779,102,Analytics Suite,Software,5,2335,Salesperson_2,Asia,CRM
O-500840,2024-02-04,C-3785,201,POS Terminal,Hardware,7,8477,Salesperson_9,North America,CRM
O-500841,2024-04-12,C-1398,201,POS Terminal,Hardware,4,3108,Salesperson_2,Asia,CRM
O-500842,2024-12-31,C-3681,101,CRM Pro,Software,18,5238,Salesperson_9,Europe,CRM
O-500843,2024-12-01,C-2826,201,POS Terminal,Hardware,17,5287,Salesperson_8,Europe,CRM
O-500844,2023-08-04,C-3000,102,Analytics Suite,Software,10,10920,Salesperson_11,Asia,CRM
O-500845,2024-02-08,C-1770,201,POS Terminal,Hardware,2,808,Salesperson_9,Asia,CRM
O-500846,2024-04-30,C-2122,101,CRM Pro,Software,17,6715,Salesperson_4,Europe,CRM
O-500847,2023-12-01,C-3792,102,Analytics Suite,Software,12,15168,Salesperson_6,Asia,CRM
O-500848,2023-03-19,C-3028,101,CRM Pro,Software,20,10180,Salesperson_4,Asia,CRM
O-500849,2024-12-08,C-2311,201,POS Terminal,Hardware,9,10440,Salesperson_4,Asia,CRM
O-500850,2023-07-04,C-3370,102,Analytics Suite,Software,9,4086,Salesperson_5,Europe,CRM
O-500851,2024-12-12,C-2122,101,CRM Pro,Software,5,6085,Salesperson_4,Europe,CRM
O-500852,2023-09-21,C-3407,101,CRM Pro,Software,17,21063,Salesperson_7,Europe,CRM
O-500853,2023-03-21,C-2840,101,CRM Pro,Software,3,4239,Salesperson_4,North America,CRM
O-500854,2023-07-31,C-1443,201,POS Terminal,Hardware,12,10092,Salesperson_6,Asia,CRM
O-500855,2024-07-22,C-1246,102,Analytics Suite,Software,10,9080,Salesperson_6,Europe,CRM
O-500856,2024-08-27,C-3138,101,CRM Pro,Software,15,9765,Salesperson_10,Europe,CRM
O-500857,2024-10-30,C-1100,101,CRM Pro,Software,19,24548,Salesperson_7,Asia,CRM
O-500858,2023-01-29,C-1092,102,Analytics Suite,Software,20,8000,Salesperson_3,Asia,CRM
O-500859,2023-03-16,C-2190,101,CRM Pro,Software,1,1280,Salesperson_8,North America,CRM
O-500860,2023-02-08,C-1245,201,POS Terminal,Hardware,5,3855,Salesperson_1,Asia,CRM
O-500861,2024-10-31,C-2338,101,CRM Pro,Software,3,3519,Salesperson_3,North America,CRM
O-500862,2023-01-09,C-3855,102,Analytics Suite,Software,4,2800,Salesperson_1,Europe,CRM
O-500863,2023-12-31,C-2545,201,POS Terminal,Hardware,9,8694,Salesperson_11,North America,CRM
O-500864,2023-04-18,C-2599,201,POS Terminal,Hardware,8,10136,Salesperson_8,Asia,CRM
O-500865,2023-06-13,C-2807,201,POS Terminal,Hardware,4,2740,Salesperson_9,North America,CRM
O-500866,2024-03-06,C-1465,101,CRM Pro,Software,14,15750,Salesperson_8,Europe,CRM
O-500867,2024-06-21,C-3307,101,CRM Pro,Software,17,9248,Salesperson_4,Asia,CRM
O-500868,2023-12-19,C-3612,102,Analytics Suite,Software,14,16772,Salesperson_9,Asia,CRM
O-500869,2024-01-23,C-2618,102,Analytics Suite,Software,19,25612,Salesperson_7,Asia,CRM
O-500870,2024-01-09,C-1781,102,Analytics Suite,Software,14,8148,Salesperson_4,Asia,CRM
O-500871,2024-08-21,C-2633,101,CRM Pro,Software,2,962,Salesperson_6,North America,CRM
O-500872,2024-09-20,C-2269,101,CRM Pro,Software,4,5876,Salesperson_2,North America,CRM
O-500873,2023-11-09,C-3659,101,CRM Pro,Software,12,13452,Salesperson_2,North America,CRM
O-500874,2023-01-22,C-2704,201,POS Terminal,Hardware,4,1104,Salesperson_7,North America,CRM
O-500875,2024-11-11,C-2347,201,POS Terminal,Hardware,12,12384,Salesperson_10,Europe,CRM
O-500876,2024-01-17,C-1407,101,CRM Pro,Software,16,9888,Salesperson_7,North America,CRM
O-500877,2024-01-07,C-3534,201,POS Terminal,Hardware,8,3240,Salesperson_10,Europe,CRM
O-500878,2023-10-21,C-1519,101,CRM Pro,Software,14,12628,Salesperson_5,North America,CRM
O-500879,2023-01-06,C-2559,102,Analytics Suite,Software,8,6856,Salesperson_9,Europe,CRM
O-500880,2024-09-30,C-3622,102,Analytics Suite,Software,11,14553,Salesperson_9,Asia,CRM
O-500881,2024-03-01,C-3251,201,POS Terminal,Hardware,3,2298,Salesperson_3,Asia,CRM
O-500882,2023-10-31,C-2352,102,Analytics Suite,Software,16,9008,Salesperson_11,Asia,CRM
O-500883,2024-10-02,C-1165,101,CRM Pro,Software,2,1812,Salesperson_7,Asia,CRM
O-500884,2024-02-10,C-3562,201,POS Terminal,Hardware,3,2460,Salesperson_2,Europe,CRM
O-500885,2024-03-13,C-1332,102,Analytics Suite,Software,16,9856,Salesperson_4,Europe,CRM
O-500886,2024-11-20,C-1013,201,POS Terminal,Hardware,11,5610,Salesperson_9,Asia,CRM
O-500887,2024-03-31,C-3426,101,CRM Pro,Software,19,27208,Salesperson_10,Europe,CRM
O-500888,2024-01-05,C-3256,102,Analytics Suite,Software,2,908,Salesperson_8,Europe,CRM
O-500889,2024-01-22,C-1334,102,Analytics Suite,Software,2,2596,Salesperson_4,Asia,CRM
O-500890,2024-06-05,C-1317,101,CRM Pro,Software,11,5588,Salesperson_2,North America,CRM
O-500891,2024-10-22,C-3424,201,POS Terminal,Hardware,10,7670,Salesperson_3,Europe,CRM
O-500892,2024-10-28,C-1835,101,CRM Pro,Software,12,4536,Salesperson_4,Europe,CRM
O-500893,2023-11-03,C-2107,201,POS Terminal,Hardware,17,14773,Salesperson_7,Europe,CRM
O-500894,2023-04-24,C-3052,102,Analytics Suite,Software,5,6890,Salesperson_10,North America,CRM
O-500895,2024-07-24,C-1563,201,POS Terminal,Hardware,19,14516,Salesperson_3,Asia,CRM
O-500896,2023-04-28,C-3827,102,Analytics Suite,Software,1,254,Salesperson_4,North America,CRM
O-500897,2023-08-22,C-1987,101,CRM Pro,Software,14,4242,Salesperson_9,North America,CRM
O-500898,2023-11-12,C-3689,101,CRM Pro,Software,19,14516,Salesperson_11,Asia,CRM
O-500899,2024-02-20,C-1960,102,Analytics Suite,Software,14,3500,Salesperson_11,Asia,CRM
O-500900,2023-10-14,C-3877,101,CRM Pro,Software,2,830,Salesperson_10,Europe,CRM
O-500901,2023-01-21,C-2540,101,CRM Pro,Software,16,11520,Salesperson_2,North America,CRM
O-500902,2023-01-27,C-3790,201,POS Terminal,Hardware,19,27132,Salesperson_5,Europe,CRM
O-500903,2024-07-09,C-3468,201,POS Terminal,Hardware,13,13117,Salesperson_9,Asia,CRM
O-500904,2024-10-10,C-1029,101,CRM Pro,Software,17,7837,Salesperson_7,Asia,CRM
O-500905,2024-09-21,C-1567,102,Analytics Suite,Software,18,7074,Salesperson_2,Europe,CRM
O-500906,2023-06-01,C-3539,102,Analytics Suite,Software,13,14313,Salesperson_7,North America,CRM
O-500907,2024-09-08,C-2313,101,CRM Pro,Software,10,2280,Salesperson_7,Asia,CRM
O-500908,2024-12-21,C-3799,102,Analytics Suite,Software,3,1986,Salesperson_4,North America,CRM
O-500909,2023-03-05,C-2486,101,CRM Pro,Software,15,9540,Salesperson_10,Europe,CRM
O-500910,2024-09-01,C-2804,101,CRM Pro,Software,3,939,Salesperson_5,Europe,CRM
O-500911,2024-06-04,C-1949,101,CRM Pro,Software,11,9174,Salesperson_11,North America,CRM
O-500912,2023-02-17,C-2073,101,CRM Pro,Software,2,2604,Salesperson_1,Asia,CRM
O-500913,2024-02-13,C-3959,101,CRM Pro,Software,5,7100,Salesperson_1,North America,CRM
O-500914,2024-08-01,C-1318,201,POS Terminal,Hardware,4,1180,Salesperson_2,North America,CRM
O-500915,2023-11-21,C-2836,101,CRM Pro,Software,8,5520,Salesperson_4,Asia,CRM
O-500916,2024-09-20,C-3430,101,CRM Pro,Software,11,10164,Salesperson_6,North America,CRM
O-500917,2024-03-27,C-1182,201,POS Terminal,Hardware,15,18630,Salesperson_9,Asia,CRM
O-500918,2024-05-06,C-2288,101,CRM Pro,Software,10,11340,Salesperson_8,North America,CRM
O-500919,2024-01-24,C-3074,201,POS Terminal,Hardware,1,785,Salesperson_6,Europe,CRM
O-500920,2023-10-12,C-3949,101,CRM Pro,Software,13,12389,Salesperson_8,Europe,CRM
O-500921,2024-08-04,C-3935,201,POS Terminal,Hardware,17,18802,Salesperson_11,Europe,CRM
O-500922,2024-10-29,C-1787,102,Analytics Suite,Software,9,2232,Salesperson_3,North America,CRM
O-500923,2023-11-15,C-1629,201,POS Terminal,Hardware,10,8690,Salesperson_11,Europe,CRM
O-500924,2023-06-16,C-1142,102,Analytics Suite,Software,7,8372,Salesperson_5,Europe,CRM
O-500925,2023-12-11,C-1177,102,Analytics Suite,Software,14,15722,Salesperson_5,North America,CRM
O-500926,2023-05-30,C-3965,101,CRM Pro,Software,12,14976,Salesperson_11,Europe,CRM
O-500927,2024-06-18,C-2491,102,Analytics Suite,Software,10,14310,Salesperson_10,North America,CRM
O-500928,2024-12-30,C-2052,101,CRM Pro,Software,7,9191,Salesperson_8,Europe,CRM
O-500929,2023-03-25,C-3479,102,Analytics Suite,Software,5,3935,Salesperson_4,North America,CRM
O-500930,2024-03-11,C-2083,101,CRM Pro,Software,8,1672,Salesperson_3,Asia,CRM
O-500931,2023-05-29,C-2751,101,CRM Pro,Software,14,4620,Salesperson_7,Europe,CRM
O-500932,2024-11-29,C-2709,102,Analytics Suite,Software,7,8708,Salesperson_11,Europe,CRM
O-500933,2024-08-15,C-3856,102,Analytics Suite,Software,1,1183,Salesperson_11,North America,CRM
O-500934,2024-11-02,C-1103,201,POS Terminal,Hardware,4,3304,Salesperson_6,Asia,CRM
O-500935,2023-06-18,C-1410,102,Analytics Suite,Software,8,2264,Salesperson_10,North America,CRM
O-500936,2024-07-20,C-2661,101,CRM Pro,Software,16,22208,Salesperson_7,Europe,CRM
O-500937,2024-04-17,C-3879,101,CRM Pro,Software,15,19155,Salesperson_3,Asia,CRM
O-500938,2024-02-25,C-1686,101,CRM Pro,Software,17,14620,Salesperson_7,Asia,CRM
O-500939,2024-12-13,C-1856,102,Analytics Suite,Software,6,2424,Salesperson_8,Asia,CRM
O-500940,2024-10-15,C-3277,102,Analytics Suite,Software,10,14790,Salesperson_10,Asia,CRM
O-500941,2024-12-07,C-1608,102,Analytics Suite,Software,2,2226,Salesperson_1,Europe,CRM
O-500942,2023-04-09,C-2102,101,CRM Pro,Software,16,13088,Salesperson_4,North America,CRM
O-500943,2024-12-07,C-2181,102,Analytics Suite,Software,11,15686,Salesperson_8,Asia,CRM
O-500944,2024-01-21,C-2416,102,Analytics Suite,Software,12,14436,Salesperson_10,North America,CRM
O-500945,2024-09-16,C-2358,201,POS Terminal,Hardware,5,5840,Salesperson_11,Asia,CRM
O-500946,2024-12-30,C-3846,201,POS Terminal,Hardware,7,1498,Salesperson_2,Europe,CRM
O-500947,2023-08-15,C-1812,201,POS Terminal,Hardware,7,5733,Salesperson_9,Europe,CRM
O-500948,2023-05-19,C-3300,201,POS Terminal,Hardware,12,12228,Salesperson_3,Asia,CRM
O-500949,2024-12-20,C-1581,201,POS Terminal,Hardware,18,12618,Salesperson_1,Europe,CRM
O-500950,2024-10-15,C-3224,101,CRM Pro,Software,12,12360,Salesperson_2,Europe,CRM
O-500951,2023-05-26,C-3189,201,POS Terminal,Hardware,4,2704,Salesperson_8,Asia,CRM
O-500952,2024-09-08,C-3128,201,POS Terminal,Hardware,20,15600,Salesperson_11,Europe,CRM
O-500953,2023-06-27,C-2834,101,CRM Pro,Software,16,22912,Salesperson_9,Asia,CRM
O-500954,2024-11-28,C-3268,101,CRM Pro,Software,1,769,Salesperson_1,Europe,CRM
O-500955,2023-06-21,C-2168,201,POS Terminal,Hardware,17,24123,Salesperson_5,Europe,CRM
O-500956,2024-10-03,C-2912,201,POS Terminal,Hardware,7,4501,Salesperson_5,North America,CRM
O-500957,2023-05-22,C-3231,201,POS Terminal,Hardware,16,20800,Salesperson_3,Asia,CRM
O-500958,2023-06-30,C-3577,201,POS Terminal,Hardware,10,11390,Salesperson_3,Asia,CRM
O-500959,2024-06-29,C-1391,101,CRM Pro,Software,13,9516,Salesperson_3,Asia,CRM
O-500960,2024-05-13,C-2464,101,CRM Pro,Software,3,3318,Salesperson_6,Europe,CRM
O-500961,2023-09-04,C-1269,102,Analytics Suite,Software,19,5377,Salesperson_8,North America,CRM
O-500962,2024-10-29,C-2430,101,CRM Pro,Software,20,8740,Salesperson_1,Asia,CRM
O-500963,2023-05-08,C-3194,102,Analytics Suite,Software,12,9468,Salesperson_2,Asia,CRM
O-500964,2024-08-15,C-1918,102,Analytics Suite,Software,14,18970,Salesperson_4,Europe,CRM
O-500965,2023-05-31,C-2290,201,POS Terminal,Hardware,7,3241,Salesperson_10,Europe,CRM
O-500966,2024-01-19,C-2435,201,POS Terminal,Hardware,10,9700,Salesperson_7,Asia,CRM
O-500967,2023-05-27,C-3647,101,CRM Pro,Software,1,887,Salesperson_1,Asia,CRM
O-500968,2024-10-14,C-2809,201,POS Terminal,Hardware,8,5488,Salesperson_1,North America,CRM
O-500969,2024-06-16,C-2060,102,Analytics Suite,Software,2,702,Salesperson_1,North America,CRM
O-500970,2024-08-05,C-3779,102,Analytics Suite,Software,13,9386,Salesperson_7,North America,CRM
O-500971,2024-09-21,C-3064,102,Analytics Suite,Software,14,7672,Salesperson_1,Asia,CRM
O-500972,2024-06-05,C-3755,102,Analytics Suite,Software,6,1950,Salesperson_3,Europe,CRM
O-500973,2024-01-14,C-3310,101,CRM Pro,Software,16,10528,Salesperson_3,Europe,CRM
O-500974,2023-03-08,C-1101,101,CRM Pro,Software,1,862,Salesperson_8,Asia,CRM
O-500975,2023-09-25,C-3850,201,POS Terminal,Hardware,6,3744,Salesperson_5,Asia,CRM
O-500976,2023-12-28,C-2829,101,CRM Pro,Software,17,10472,Salesperson_1,North America,CRM
O-500977,2024-07-25,C-2262,201,POS Terminal,Hardware,4,4016,Salesperson_5,Asia,CRM
O-500978,2024-02-29,C-1538,201,POS Terminal,Hardware,5,6735,Salesperson_6,Asia,CRM
O-500979,2024-06-19,C-2491,201,POS Terminal,Hardware,17,11645,Salesperson_7,Europe,CRM
O-500980,2023-05-22,C-1877,102,Analytics Suite,Software,3,4053,Salesperson_3,North America,CRM
O-500981,2023-01-13,C-1479,101,CRM Pro,Software,17,10064,Salesperson_10,North America,CRM
O-500982,2024-04-10,C-1535,101,CRM Pro,Software,20,24380,Salesperson_8,North America,CRM
O-500983,2023-01-23,C-3124,102,Analytics Suite,Software,15,17040,Salesperson_7,North America,CRM
O-500984,2023-12-19,C-1787,101,CRM Pro,Software,14,17248,Salesperson_11,North America,CRM
O-500985,2023-02-15,C-1859,101,CRM Pro,Software,1,219,Salesperson_5,North America,CRM
O-500986,2023-10-31,C-1927,102,Analytics Suite,Software,19,18563,Salesperson_7,North America,CRM
O-500987,2024-03-07,C-1132,102,Analytics Suite,Software,4,3032,Salesperson_4,North America,CRM
O-500988,2023-01-12,C-1535,102,Analytics Suite,Software,4,4556,Salesperson_1,Europe,CRM
O-500989,2024-05-11,C-3184,101,CRM Pro,Software,6,2448,Salesperson_4,North America,CRM
O-500990,2023-07-04,C-3380,101,CRM Pro,Software,19,27645,Salesperson_4,North America,CRM
O-500991,2024-09-21,C-3805,102,Analytics Suite,Software,8,8776,Salesperson_2,Asia,CRM
O-500992,2024-02-25,C-3712,101,CRM Pro,Software,3,3882,Salesperson_8,North America,CRM
O-500993,2023-06-02,C-2810,201,POS Terminal,Hardware,3,2310,Salesperson_1,Europe,CRM
O-500994,2024-01-23,C-1291,101,CRM Pro,Software,5,4905,Salesperson_5,Europe,CRM
O-500995,2023-12-09,C-3316,201,POS Terminal,Hardware,20,20660,Salesperson_7,North America,CRM
O-500996,2023-12-28,C-2426,102,Analytics Suite,Software,18,10044,Salesperson_7,North America,CRM
O-500997,2024-08-05,C-1555,201,POS Terminal,Hardware,5,3385,Salesperson_8,North America,CRM
O-500998,2023-11-26,C-3588,201,POS Terminal,Hardware,13,8684,Salesperson_4,Europe,CRM
O-500999,2023-04-03,C-2933,101,CRM Pro,Software,2,2722,Salesperson_5,North America,CRM
O-501000,2023-03-05,C-2575,201,POS Terminal,Hardware,19,18145,Salesperson_5,North America,CRM
O-501001,2023-06-10,C-1164,201,POS Terminal,Hardware,11,7315,Salesperson_3,Europe,CRM
O-501002,2024-08-04,C-3729,101,CRM Pro,Software,15,7515,Salesperson_2,Europe,CRM
O-501003,2023-03-14,C-2272,101,CRM Pro,Software,14,19586,Salesperson_2,Asia,CRM
O-501004,2023-05-11,C-2273,201,POS Terminal,Hardware,15,3030,Salesperson_6,North America,CRM
O-501005,2024-07-10,C-1125,101,CRM Pro,Software,18,21492,Salesperson_8,Asia,CRM
O-501006,2023-12-14,C-1227,201,POS Terminal,Hardware,12,16764,Salesperson_5,North America,CRM
O-501007,2023-07-24,C-3285,102,Analytics Suite,Software,9,7785,Salesperson_5,Europe,CRM
O-501008,2023-09-19,C-2806,101,CRM Pro,Software,19,19133,Salesperson_10,Asia,CRM
O-501009,2024-08-24,C-3140,201,POS Terminal,Hardware,13,5603,Salesperson_3,Europe,CRM
O-501010,2024-01-09,C-3186,102,Analytics Suite,Software,6,1512,Salesperson_2,Asia,CRM
O-501011,2024-12-29,C-2994,201,POS Terminal,Hardware,5,1400,Salesperson_3,Asia,CRM
O-501012,2024-05-10,C-2407,102,Analytics Suite,Software,2,2188,Salesperson_3,Europe,CRM
O-501013,2024-03-20,C-1528,101,CRM Pro,Software,3,2748,Salesperson_10,Europe,CRM
O-501014,2024-04-22,C-2745,201,POS Terminal,Hardware,19,4104,Salesperson_1,North America,CRM
O-501015,2024-12-19,C-3884,101,CRM Pro,Software,14,9898,Salesperson_5,Asia,CRM
O-501016,2024-08-13,C-1527,102,Analytics Suite,Software,4,3600,Salesperson_5,Asia,CRM
O-501017,2024-07-20,C-3237,102,Analytics Suite,Software,9,5688,Salesperson_2,Asia,CRM
O-501018,2024-09-01,C-2142,102,Analytics Suite,Software,17,11611,Salesperson_2,Europe,CRM
O-501019,2023-06-26,C-2727,102,Analytics Suite,Software,8,3600,Salesperson_2,Asia,CRM
O-501020,2023-06-23,C-3532,201,POS Terminal,Hardware,6,7710,Salesperson_8,Europe,CRM
O-501021,2023-05-31,C-3583,101,CRM Pro,Software,11,2288,Salesperson_10,Europe,CRM
O-501022,2023-06-30,C-3577,101,CRM Pro,Software,16,10000,Salesperson_1,North America,CRM
O-501023,2023-09-15,C-2167,101,CRM Pro,Software,3,759,Salesperson_8,North America,CRM
O-501024,2023-04-26,C-2284,201,POS Terminal,Hardware,16,21840,Salesperson_6,Europe,CRM
O-501025,2024-04-10,C-3384,102,Analytics Suite,Software,11,11682,Salesperson_10,Europe,CRM
O-501026,2024-02-24,C-3862,101,CRM Pro,Software,1,266,Salesperson_4,Asia,CRM
O-501027,2024-05-14,C-2643,102,Analytics Suite,Software,3,3978,Salesperson_9,North America,CRM
O-501028,2024-10-21,C-2230,102,Analytics Suite,Software,12,11268,Salesperson_2,Asia,CRM
O-501029,2023-01-03,C-1819,201,POS Terminal,Hardware,7,4578,Salesperson_11,North America,CRM
O-501030,2023-06-27,C-3216,201,POS Terminal,Hardware,20,24580,Salesperson_2,Europe,CRM
O-501031,2023-03-28,C-1597,101,CRM Pro,Software,2,438,Salesperson_4,North America,CRM
O-501032,2023-09-01,C-3718,201,POS Terminal,Hardware,14,17052,Salesperson_9,Asia,CRM
O-501033,2024-12-27,C-3072,101,CRM Pro,Software,11,14806,Salesperson_1,Europe,CRM
O-501034,2023-07-17,C-2587,102,Analytics Suite,Software,11,9625,Salesperson_1,Asia,CRM
O-501035,2023-09-27,C-3622,102,Analytics Suite,Software,9,13113,Salesperson_3,Asia,CRM
O-501036,2023-02-11,C-2909,102,Analytics Suite,Software,10,10600,Salesperson_2,Asia,CRM
O-501037,2023-06-07,C-3715,201,POS Terminal,Hardware,12,17220,Salesperson_11,North America,CRM
O-501038,2023-09-09,C-3005,102,Analytics Suite,Software,18,3780,Salesperson_10,Asia,CRM
O-501039,2024-03-23,C-1003,101,CRM Pro,Software,17,15691,Salesperson_2,Europe,CRM
O-501040,2024-01-15,C-1085,201,POS Terminal,Hardware,13,10634,Salesperson_9,Europe,CRM
O-501041,2024-04-28,C-3914,102,Analytics Suite,Software,14,3962,Salesperson_4,Asia,CRM
O-501042,2023-03-01,C-2432,201,POS Terminal,Hardware,14,8666,Salesperson_9,North America,CRM
O-501043,2024-08-09,C-2766,101,CRM Pro,Software,20,23040,Salesperson_1,Europe,CRM
O-501044,2023-10-20,C-3041,102,Analytics Suite,Software,13,9022,Salesperson_9,North America,CRM
O-501045,2023-07-27,C-3471,201,POS Terminal,Hardware,5,2645,Salesperson_4,Asia,CRM
O-501046,2024-10-05,C-3351,101,CRM Pro,Software,17,5134,Salesperson_5,North America,CRM
O-501047,2023-07-01,C-3675,102,Analytics Suite,Software,14,15442,Salesperson_7,Europe,CRM
O-501048,2023-06-29,C-3368,101,CRM Pro,Software,7,7028,Salesperson_7,Europe,CRM
O-501049,2024-09-21,C-3549,201,POS Terminal,Hardware,20,11400,Salesperson_6,North America,CRM
O-501050,2024-09-24,C-3903,101,CRM Pro,Software,12,17448,Salesperson_7,Asia,CRM
O-501051,2024-12-14,C-2239,101,CRM Pro,Software,16,22656,Salesperson_8,Asia,CRM
O-501052,2024-04-04,C-3838,201,POS Terminal,Hardware,7,7910,Salesperson_2,Asia,CRM
O-501053,2023-11-12,C-1019,101,CRM Pro,Software,8,8872,Salesperson_6,North America,CRM
O-501054,2023-02-05,C-1568,101,CRM Pro,Software,6,1674,Salesperson_5,Europe,CRM
O-501055,2024-04-07,C-1155,101,CRM Pro,Software,3,4092,Salesperson_10,Asia,CRM
O-501056,2024-12-06,C-3304,101,CRM Pro,Software,7,3332,Salesperson_9,North America,CRM
O-501057,2023-06-26,C-1816,101,CRM Pro,Software,19,21508,Salesperson_6,Europe,CRM
O-501058,2024-10-07,C-1816,201,POS Terminal,Hardware,1,906,Salesperson_2,Asia,CRM
O-501059,2023-03-15,C-3476,102,Analytics Suite,Software,18,26496,Salesperson_2,North America,CRM
O-501060,2023-09-15,C-1286,101,CRM Pro,Software,17,20587,Salesperson_9,North America,CRM
O-501061,2023-04-11,C-2704,102,Analytics Suite,Software,13,5629,Salesperson_3,Asia,CRM
O-501062,2024-07-17,C-3213,101,CRM Pro,Software,2,590,Salesperson_1,North America,CRM
O-501063,2024-07-21,C-3477,101,CRM Pro,Software,6,5982,Salesperson_5,Asia,CRM
O-501064,2024-04-15,C-3432,201,POS Terminal,Hardware,5,2375,Salesperson_2,Europe,CRM
O-501065,2023-03-03,C-3372,201,POS Terminal,Hardware,13,5577,Salesperson_8,Europe,CRM
O-501066,2023-02-09,C-2914,201,POS Terminal,Hardware,17,5134,Salesperson_1,Asia,CRM
O-501067,2023-04-20,C-2497,101,CRM Pro,Software,11,9482,Salesperson_5,Asia,CRM
O-501068,2023-02-24,C-1162,102,Analytics Suite,Software,18,4986,Salesperson_9,Asia,CRM
O-501069,2023-09-29,C-3960,101,CRM Pro,Software,7,2583,Salesperson_1,Europe,CRM
O-501070,2023-07-30,C-1968,201,POS Terminal,Hardware,18,6912,Salesperson_4,Asia,CRM
O-501071,2023-06-12,C-3295,102,Analytics Suite,Software,16,14864,Salesperson_1,Asia,CRM
O-501072,2024-09-18,C-3650,102,Analytics Suite,Software,14,12740,Salesperson_4,Asia,CRM
O-501073,2023-02-24,C-3156,102,Analytics Suite,Software,14,13986,Salesperson_6,North America,CRM
O-501074,2023-07-14,C-2107,101,CRM Pro,Software,1,1209,Salesperson_5,Asia,CRM
O-501075,2023-10-23,C-1596,101,CRM Pro,Software,8,2368,Salesperson_11,Europe,CRM
O-501076,2023-03-14,C-1035,102,Analytics Suite,Software,7,7700,Salesperson_1,Asia,CRM
O-501077,2024-05-24,C-3810,102,Analytics Suite,Software,6,3486,Salesperson_3,Europe,CRM
O-501078,2024-08-06,C-1095,201,POS Terminal,Hardware,14,7602,Salesperson_5,North America,CRM
O-501079,2024-01-27,C-2739,101,CRM Pro,Software,20,27420,Salesperson_4,North America,CRM
O-501080,2023-02-03,C-3187,102,Analytics Suite,Software,8,8760,Salesperson_11,Asia,CRM
O-501081,2023-11-20,C-2766,102,Analytics Suite,Software,20,25640,Salesperson_9,Europe,CRM
O-501082,2024-07-26,C-1195,201,POS Terminal,Hardware,2,2806,Salesperson_4,Europe,CRM
O-501083,2023-07-08,C-2613,102,Analytics Suite,Software,3,1980,Salesperson_10,Europe,CRM
O-501084,2023-09-26,C-1464,101,CRM Pro,Software,1,508,Salesperson_10,North America,CRM
O-501085,2024-04-16,C-2064,101,CRM Pro,Software,18,22302,Salesperson_2,North America,CRM
O-501086,2024-01-15,C-2980,201,POS Terminal,Hardware,8,8608,Salesperson_6,Asia,CRM
O-501087,2024-07-28,C-1202,201,POS Terminal,Hardware,13,4186,Salesperson_11,North America,CRM
O-501088,2023-07-23,C-3414,101,CRM Pro,Software,12,9468,Salesperson_9,Asia,CRM
O-501089,2023-06-06,C-1551,201,POS Terminal,Hardware,12,6804,Salesperson_1,Europe,CRM
O-501090,2023-03-16,C-3386,201,POS Terminal,Hardware,12,5220,Salesperson_11,Europe,CRM
O-501091,2023-12-18,C-3423,201,POS Terminal,Hardware,14,8372,Salesperson_6,Europe,CRM
O-501092,2023-05-18,C-1680,102,Analytics Suite,Software,8,10664,Salesperson_9,Europe,CRM
O-501093,2023-12-01,C-3719,201,POS Terminal,Hardware,18,15300,Salesperson_5,North America,CRM
O-501094,2024-01-19,C-1579,102,Analytics Suite,Software,15,21255,Salesperson_6,North America,CRM
O-501095,2023-11-07,C-3240,201,POS Terminal,Hardware,20,9560,Salesperson_1,Asia,CRM
O-501096,2024-03-30,C-1166,201,POS Terminal,Hardware,12,5028,Salesperson_2,North America,CRM
O-501097,2023-02-25,C-3073,201,POS Terminal,Hardware,18,18162,Salesperson_8,Europe,CRM
O-501098,2024-06-16,C-2377,201,POS Terminal,Hardware,14,18396,Salesperson_3,Europe,CRM
O-501099,2024-12-29,C-2879,102,Analytics Suite,Software,16,22800,Salesperson_3,Europe,CRM
O-501100,2023-05-25,C-1021,101,CRM Pro,Software,16,13360,Salesperson_2,Europe,CRM
O-501101,2024-04-19,C-3896,102,Analytics Suite,Software,6,8130,Salesperson_2,North America,CRM
O-501102,2024-01-26,C-3788,101,CRM Pro,Software,12,15252,Salesperson_8,Europe,CRM
O-501103,2024-06-08,C-3058,102,Analytics Suite,Software,7,9555,Salesperson_1,North America,CRM
O-501104,2023-03-18,C-1524,101,CRM Pro,Software,16,9520,Salesperson_8,Europe,CRM
O-501105,2024-07-22,C-3102,201,POS Terminal,Hardware,9,4527,Salesperson_11,North America,CRM
O-501106,2024-04-11,C-3870,101,CRM Pro,Software,13,7995,Salesperson_11,Asia,CRM
O-501107,2023-08-18,C-1369,201,POS Terminal,Hardware,16,19584,Salesperson_6,Asia,CRM
O-501108,2023-02-08,C-1749,201,POS Terminal,Hardware,20,23020,Salesperson_4,Europe,CRM
O-501109,2024-05-29,C-1022,101,CRM Pro,Software,5,4710,Salesperson_5,North America,CRM
O-501110,2024-07-30,C-1596,101,CRM Pro,Software,16,17536,Salesperson_11,North America,CRM
O-501111,2024-08-22,C-1882,101,CRM Pro,Software,4,2692,Salesperson_4,Europe,CRM
O-501112,2023-12-13,C-2712,201,POS Terminal,Hardware,5,7290,Salesperson_10,North America,CRM
O-501113,2024-01-30,C-2529,201,POS Terminal,Hardware,18,26820,Salesperson_11,Europe,CRM
O-501114,2024-07-09,C-3283,201,POS Terminal,Hardware,9,6921,Salesperson_1,Europe,CRM
O-501115,2024-05-20,C-2664,102,Analytics Suite,Software,4,3020,Salesperson_1,Europe,CRM
O-501116,2023-03-28,C-1732,102,Analytics Suite,Software,10,9770,Salesperson_8,North America,CRM
O-501117,2023-05-27,C-2419,201,POS Terminal,Hardware,14,13832,Salesperson_10,North America,CRM
O-501118,2024-01-16,C-1598,101,CRM Pro,Software,7,9611,Salesperson_4,Europe,CRM
O-501119,2024-10-18,C-2009,101,CRM Pro,Software,2,430,Salesperson_4,Europe,CRM
O-501120,2024-09-23,C-1250,101,CRM Pro,Software,9,2556,Salesperson_8,Asia,CRM
O-501121,2024-11-09,C-2740,102,Analytics Suite,Software,16,9360,Salesperson_2,Europe,CRM
O-501122,2024-06-02,C-2585,201,POS Terminal,Hardware,11,12342,Salesperson_6,Asia,CRM
O-501123,2024-10-14,C-3363,102,Analytics Suite,Software,4,4704,Salesperson_9,Asia,CRM
O-501124,2024-05-12,C-3788,201,POS Terminal,Hardware,15,21495,Salesperson_1,North America,CRM
O-501125,2024-12-04,C-2729,102,Analytics Suite,Software,16,4256,Salesperson_9,North America,CRM
O-501126,2023-08-20,C-3836,102,Analytics Suite,Software,18,3816,Salesperson_4,Asia,CRM
O-501127,2023-12-02,C-1563,101,CRM Pro,Software,16,4256,Salesperson_11,North America,CRM
O-501128,2023-11-25,C-3323,102,Analytics Suite,Software,19,26448,Salesperson_3,Europe,CRM
O-501129,2023-11-11,C-2498,201,POS Terminal,Hardware,2,2246,Salesperson_1,North America,CRM
O-501130,2023-01-10,C-1684,201,POS Terminal,Hardware,14,7434,Salesperson_9,North America,CRM
O-501131,2024-12-18,C-1662,101,CRM Pro,Software,3,3873,Salesperson_8,North America,CRM
O-501132,2023-07-16,C-2676,201,POS Terminal,Hardware,8,9528,Salesperson_5,North America,CRM
O-501133,2023-12-12,C-1767,102,Analytics Suite,Software,12,5964,Salesperson_6,North America,CRM
O-501134,2023-02-15,C-1591,102,Analytics Suite,Software,12,16308,Salesperson_7,Asia,CRM
O-501135,2023-08-24,C-2238,101,CRM Pro,Software,4,2584,Salesperson_7,North America,CRM
O-501136,2024-11-19,C-3508,102,Analytics Suite,Software,20,7440,Salesperson_8,Europe,CRM
O-501137,2023-01-05,C-3511,102,Analytics Suite,Software,17,18326,Salesperson_9,Asia,CRM
O-501138,2023-06-23,C-1099,102,Analytics Suite,Software,4,1144,Salesperson_10,Europe,CRM
O-501139,2024-12-06,C-2544,102,Analytics Suite,Software,10,9340,Salesperson_4,North America,CRM
O-501140,2023-05-10,C-2200,102,Analytics Suite,Software,10,11350,Salesperson_2,Asia,CRM
O-501141,2023-10-07,C-2175,102,Analytics Suite,Software,20,4860,Salesperson_8,North America,CRM
O-501142,2023-03-19,C-3905,102,Analytics Suite,Software,2,574,Salesperson_2,Asia,CRM
O-501143,2024-01-30,C-1239,101,CRM Pro,Software,17,24089,Salesperson_8,North America,CRM
O-501144,2024-07-22,C-3532,201,POS Terminal,Hardware,14,3500,Salesperson_10,Asia,CRM
O-501145,2023-03-08,C-3569,102,Analytics Suite,Software,11,3311,Salesperson_7,North America,CRM
O-501146,2023-12-06,C-1407,102,Analytics Suite,Software,7,7336,Salesperson_6,North America,CRM
O-501147,2024-08-17,C-3692,201,POS Terminal,Hardware,7,9513,Salesperson_4,Asia,CRM
O-501148,2024-11-22,C-2146,102,Analytics Suite,Software,6,3474,Salesperson_7,Asia,CRM
O-501149,2024-04-12,C-1199,201,POS Terminal,Hardware,12,7332,Salesperson_5,Europe,CRM
O-501150,2023-10-19,C-1824,101,CRM Pro,Software,13,12506,Salesperson_8,Europe,CRM
O-501151,2024-05-09,C-3211,101,CRM Pro,Software,2,1584,Salesperson_5,Europe,CRM
O-501152,2023-01-19,C-3567,201,POS Terminal,Hardware,19,16454,Salesperson_8,Asia,CRM
O-501153,2023-09-19,C-1287,101,CRM Pro,Software,19,23237,Salesperson_7,Asia,CRM
O-501154,2024-08-29,C-3091,102,Analytics Suite,Software,18,23670,Salesperson_7,Asia,CRM
O-501155,2024-09-19,C-2065,201,POS Terminal,Hardware,13,13481,Salesperson_5,North America,CRM
O-501156,2023-10-06,C-2061,102,Analytics Suite,Software,4,5084,Salesperson_1,North America,CRM
O-501157,2023-02-16,C-3270,102,Analytics Suite,Software,3,4065,Salesperson_9,North America,CRM
O-501158,2024-06-11,C-2604,102,Analytics Suite,Software,4,5624,Salesperson_4,North America,CRM
O-501159,2023-06-11,C-1705,201,POS Terminal,Hardware,20,27060,Salesperson_6,Europe,CRM
O-501160,2024-01-30,C-2667,201,POS Terminal,Hardware,1,371,Salesperson_10,Europe,CRM
O-501161,2024-08-25,C-3247,102,Analytics Suite,Software,6,6270,Salesperson_11,Europe,CRM
O-501162,2024-07-28,C-3987,102,Analytics Suite,Software,15,20685,Salesperson_8,Asia,CRM
O-501163,2024-03-15,C-3010,102,Analytics Suite,Software,10,11500,Salesperson_4,Europe,CRM
O-501164,2023-07-11,C-2100,101,CRM Pro,Software,17,17578,Salesperson_3,North America,CRM
O-501165,2024-09-12,C-2380,102,Analytics Suite,Software,10,4570,Salesperson_3,North America,CRM
O-501166,2023-01-11,C-1375,102,Analytics Suite,Software,20,6460,Salesperson_4,Asia,CRM
O-501167,2024-01-14,C-1746,102,Analytics Suite,Software,8,10168,Salesperson_3,Asia,CRM
O-501168,2024-03-12,C-3758,201,POS Terminal,Hardware,3,1542,Salesperson_11,Asia,CRM
O-501169,2023-03-04,C-3727,201,POS Terminal,Hardware,8,1728,Salesperson_9,Europe,CRM
O-501170,2023-10-19,C-1762,102,Analytics Suite,Software,8,5168,Salesperson_3,Asia,CRM
O-501171,2023-06-21,C-3857,101,CRM Pro,Software,16,23328,Salesperson_9,Asia,CRM
O-501172,2023-05-14,C-1471,201,POS Terminal,Hardware,8,5616,Salesperson_6,North America,CRM
O-501173,2023-07-10,C-2180,102,Analytics Suite,Software,13,17459,Salesperson_6,Europe,CRM
O-501174,2023-01-12,C-1846,101,CRM Pro,Software,1,794,Salesperson_9,Europe,CRM
O-501175,2024-03-19,C-1810,102,Analytics Suite,Software,2,1844,Salesperson_6,Europe,CRM
O-501176,2023-08-29,C-2978,101,CRM Pro,Software,17,9486,Salesperson_8,North America,CRM
O-501177,2024-03-30,C-1497,101,CRM Pro,Software,15,5700,Salesperson_8,Europe,CRM
O-501178,2023-10-05,C-2737,201,POS Terminal,Hardware,4,4396,Salesperson_7,Europe,CRM
O-501179,2023-02-06,C-3511,201,POS Terminal,Hardware,5,2840,Salesperson_1,North America,CRM
O-501180,2024-01-01,C-2018,102,Analytics Suite,Software,15,8535,Salesperson_10,Europe,CRM
O-501181,2023-09-09,C-1898,201,POS Terminal,Hardware,10,2870,Salesperson_9,Asia,CRM
O-501182,2024-03-31,C-2188,102,Analytics Suite,Software,16,20528,Salesperson_8,Europe,CRM
O-501183,2024-03-14,C-3672,102,Analytics Suite,Software,16,20784,Salesperson_5,Asia,CRM
O-501184,2024-04-04,C-3792,102,Analytics Suite,Software,1,886,Salesperson_1,Asia,CRM
O-501185,2023-06-28,C-1160,102,Analytics Suite,Software,19,16758,Salesperson_9,Asia,CRM
O-501186,2024-06-30,C-3070,102,Analytics Suite,Software,11,3168,Salesperson_8,Europe,CRM
O-501187,2024-02-22,C-1835,201,POS Terminal,Hardware,8,5968,Salesperson_8,Asia,CRM
O-501188,2024-03-14,C-3891,201,POS Terminal,Hardware,12,11520,Salesperson_3,Europe,CRM
O-501189,2023-12-26,C-2769,101,CRM Pro,Software,14,6132,Salesperson_10,Asia,CRM
O-501190,2024-01-27,C-1403,102,Analytics Suite,Software,2,856,Salesperson_1,North America,CRM
O-501191,2024-11-03,C-3212,102,Analytics Suite,Software,14,20314,Salesperson_9,North America,CRM
O-501192,2023-02-25,C-1978,102,Analytics Suite,Software,5,1570,Salesperson_2,Asia,CRM
O-501193,2023-08-18,C-1478,101,CRM Pro,Software,16,3632,Salesperson_11,North America,CRM
O-501194,2023-10-13,C-3776,201,POS Terminal,Hardware,11,14003,Salesperson_8,North America,CRM
O-501195,2023-11-20,C-2603,101,CRM Pro,Software,11,14520,Salesperson_4,North America,CRM
O-501196,2024-11-06,C-2578,102,Analytics Suite,Software,19,27417,Salesperson_4,Europe,CRM
O-501197,2024-02-23,C-2499,201,POS Terminal,Hardware,20,12440,Salesperson_4,North America,CRM
O-501198,2024-10-13,C-2790,201,POS Terminal,Hardware,9,12150,Salesperson_1,Europe,CRM
O-501199,2023-12-15,C-3656,101,CRM Pro,Software,15,8010,Salesperson_9,North America,CRM
O-501200,2024-06-17,C-2143,101,CRM Pro,Software,14,13454,Salesperson_5,Asia,CRM
O-501201,2023-11-06,C-2370,201,POS Terminal,Hardware,3,4491,Salesperson_4,Asia,CRM
O-501202,2023-10-10,C-1256,201,POS Terminal,Hardware,8,5088,Salesperson_6,Asia,CRM
O-501203,2024-02-22,C-3541,101,CRM Pro,Software,11,6138,Salesperson_2,Asia,CRM
O-501204,2023-04-14,C-3155,101,CRM Pro,Software,12,17844,Salesperson_6,Asia,CRM
O-501205,2023-08-20,C-2906,101,CRM Pro,Software,6,3432,Salesperson_2,Europe,CRM
O-501206,2023-07-05,C-3390,101,CRM Pro,Software,8,3120,Salesperson_10,Europe,CRM
O-501207,2023-10-03,C-1063,102,Analytics Suite,Software,2,584,Salesperson_6,Asia,CRM
O-501208,2023-04-02,C-2055,201,POS Terminal,Hardware,12,13956,Salesperson_1,North America,CRM
O-501209,2024-06-28,C-2809,201,POS Terminal,Hardware,10,5870,Salesperson_9,North America,CRM
O-501210,2023-02-05,C-1126,201,POS Terminal,Hardware,17,9350,Salesperson_5,Europe,CRM
O-501211,2023-02-06,C-3063,201,POS Terminal,Hardware,13,18369,Salesperson_2,North America,CRM
O-501212,2023-09-22,C-2078,101,CRM Pro,Software,16,21104,Salesperson_10,North America,CRM
O-501213,2023-07-09,C-3020,101,CRM Pro,Software,3,4251,Salesperson_5,Asia,CRM
O-501214,2024-10-12,C-2206,102,Analytics Suite,Software,7,2184,Salesperson_1,Asia,CRM
O-501215,2024-02-13,C-3276,102,Analytics Suite,Software,1,219,Salesperson_6,Europe,CRM
O-501216,2024-02-03,C-1770,201,POS Terminal,Hardware,11,8294,Salesperson_5,Europe,CRM
O-501217,2023-07-25,C-3956,102,Analytics Suite,Software,4,5320,Salesperson_6,Europe,CRM
O-501218,2023-10-10,C-2939,102,Analytics Suite,Software,19,8702,Salesperson_6,Asia,CRM
O-501219,2024-02-03,C-1014,102,Analytics Suite,Software,12,16344,Salesperson_6,Europe,CRM
O-501220,2024-08-26,C-2498,102,Analytics Suite,Software,1,1144,Salesperson_6,North America,CRM
O-501221,2024-09-29,C-3850,101,CRM Pro,Software,11,5324,Salesperson_3,Europe,CRM
O-501222,2024-04-29,C-1012,102,Analytics Suite,Software,18,16452,Salesperson_6,North America,CRM
O-501223,2023-08-29,C-1650,102,Analytics Suite,Software,2,2242,Salesperson_5,Asia,CRM
O-501224,2023-04-12,C-3504,102,Analytics Suite,Software,12,8988,Salesperson_11,Asia,CRM
O-501225,2023-10-07,C-1988,201,POS Terminal,Hardware,14,3486,Salesperson_5,Europe,CRM
O-501226,2024-07-22,C-2187,201,POS Terminal,Hardware,18,7416,Salesperson_9,North America,CRM
O-501227,2024-05-20,C-1836,102,Analytics Suite,Software,6,8508,Salesperson_5,North America,CRM
O-501228,2024-02-11,C-2479,102,Analytics Suite,Software,20,26800,Salesperson_10,Europe,CRM
O-501229,2024-08-23,C-3091,101,CRM Pro,Software,1,312,Salesperson_4,Europe,CRM
O-501230,2023-09-11,C-2496,201,POS Terminal,Hardware,6,2946,Salesperson_6,Europe,CRM
O-501231,2024-11-08,C-1957,201,POS Terminal,Hardware,1,1414,Salesperson_8,Europe,CRM
O-501232,2024-07-07,C-2826,201,POS Terminal,Hardware,18,23490,Salesperson_4,North America,CRM
O-501233,2024-10-14,C-3888,201,POS Terminal,Hardware,9,4941,Salesperson_10,Asia,CRM
O-501234,2023-08-11,C-3715,102,Analytics Suite,Software,18,4716,Salesperson_3,Europe,CRM
O-501235,2023-10-30,C-2605,101,CRM Pro,Software,6,4596,Salesperson_6,Asia,CRM
O-501236,2023-01-10,C-1911,101,CRM Pro,Software,3,3222,Salesperson_5,North America,CRM
O-501237,2024-10-01,C-2906,201,POS Terminal,Hardware,3,4245,Salesperson_8,Asia,CRM
O-501238,2023-05-14,C-3180,201,POS Terminal,Hardware,18,24264,Salesperson_7,Europe,CRM
O-501239,2023-06-28,C-2284,201,POS Terminal,Hardware,11,12144,Salesperson_7,Asia,CRM
O-501240,2024-04-23,C-1499,101,CRM Pro,Software,10,11750,Salesperson_5,Asia,CRM
O-501241,2023-11-12,C-3390,101,CRM Pro,Software,13,14716,Salesperson_5,North America,CRM
O-501242,2023-10-26,C-1802,101,CRM Pro,Software,6,5382,Salesperson_6,Europe,CRM
O-501243,2023-10-21,C-2570,201,POS Terminal,Hardware,14,13930,Salesperson_7,Europe,CRM
O-501244,2023-07-17,C-1848,201,POS Terminal,Hardware,16,5360,Salesperson_9,Europe,CRM
O-501245,2024-10-12,C-1434,201,POS Terminal,Hardware,10,2550,Salesperson_1,North America,CRM
O-501246,2023-03-02,C-1798,102,Analytics Suite,Software,17,19227,Salesperson_6,North America,CRM
O-501247,2023-10-23,C-1448,201,POS Terminal,Hardware,3,1245,Salesperson_9,North America,CRM
O-501248,2024-04-17,C-2802,102,Analytics Suite,Software,12,17340,Salesperson_1,North America,CRM
O-501249,2024-02-11,C-1816,101,CRM Pro,Software,5,7210,Salesperson_5,North America,CRM
O-501250,2023-05-21,C-3131,201,POS Terminal,Hardware,13,6825,Salesperson_7,Europe,CRM
O-501251,2024-10-23,C-2678,102,Analytics Suite,Software,3,684,Salesperson_10,North America,CRM
O-501252,2023-11-15,C-1527,102,Analytics Suite,Software,16,20240,Salesperson_10,North America,CRM
O-501253,2024-05-21,C-1663,101,CRM Pro,Software,4,5644,Salesperson_6,Europe,CRM
O-501254,2023-10-26,C-1892,201,POS Terminal,Hardware,3,3231,Salesperson_8,Europe,CRM
O-501255,2023-03-15,C-3531,201,POS Terminal,Hardware,14,14714,Salesperson_4,North America,CRM
O-501256,2024-12-07,C-3446,102,Analytics Suite,Software,20,18260,Salesperson_6,North America,CRM
O-501257,2024-09-23,C-2566,102,Analytics Suite,Software,14,15176,Salesperson_4,Europe,CRM
O-501258,2024-08-07,C-1775,102,Analytics Suite,Software,20,28660,Salesperson_3,Europe,CRM
O-501259,2023-09-03,C-2592,102,Analytics Suite,Software,11,9262,Salesperson_1,North America,CRM
O-501260,2024-05-12,C-2236,101,CRM Pro,Software,2,1282,Salesperson_9,Europe,CRM
O-501261,2023-04-30,C-2936,102,Analytics Suite,Software,20,20020,Salesperson_1,Asia,CRM
O-501262,2024-03-05,C-1075,102,Analytics Suite,Software,18,6102,Salesperson_5,Europe,CRM
O-501263,2024-04-16,C-3635,201,POS Terminal,Hardware,2,822,Salesperson_7,Asia,CRM
O-501264,2023-08-15,C-1125,102,Analytics Suite,Software,8,10584,Salesperson_8,Asia,CRM
O-501265,2023-02-09,C-2234,102,Analytics Suite,Software,3,615,Salesperson_3,Asia,CRM
O-501266,2024-05-12,C-1441,102,Analytics Suite,Software,18,3636,Salesperson_10,Europe,CRM
O-501267,2024-12-12,C-2774,102,Analytics Suite,Software,10,8880,Salesperson_8,Europe,CRM
O-501268,2024-09-11,C-1258,102,Analytics Suite,Software,18,19638,Salesperson_4,Asia,CRM
O-501269,2023-04-13,C-2198,101,CRM Pro,Software,5,5505,Salesperson_4,North America,CRM
O-501270,2024-05-10,C-2713,201,POS Terminal,Hardware,11,9669,Salesperson_9,Asia,CRM
O-501271,2023-06-20,C-1421,102,Analytics Suite,Software,19,24130,Salesperson_4,North America,CRM
O-501272,2023-05-04,C-1498,102,Analytics Suite,Software,1,915,Salesperson_4,Europe,CRM
O-501273,2024-01-17,C-2613,201,POS Terminal,Hardware,6,6960,Salesperson_8,North America,CRM
O-501274,2023-05-08,C-1071,101,CRM Pro,Software,16,5616,Salesperson_8,North America,CRM
O-501275,2024-05-01,C-1532,201,POS Terminal,Hardware,6,8586,Salesperson_4,Europe,CRM
O-501276,2023-08-27,C-1752,102,Analytics Suite,Software,9,6615,Salesperson_3,Asia,CRM
O-501277,2023-12-22,C-3161,201,POS Terminal,Hardware,19,14516,Salesperson_8,Asia,CRM
O-501278,2023-12-31,C-3598,101,CRM Pro,Software,17,16252,Salesperson_5,Europe,CRM
O-501279,2023-10-14,C-1649,101,CRM Pro,Software,16,17984,Salesperson_10,Asia,CRM
O-501280,2023-09-20,C-1859,102,Analytics Suite,Software,3,3906,Salesperson_10,Europe,CRM
O-501281,2023-07-27,C-3992,102,Analytics Suite,Software,19,25460,Salesperson_10,Europe,CRM
O-501282,2023-05-24,C-2241,101,CRM Pro,Software,14,7700,Salesperson_8,Asia,CRM
O-501283,2023-03-23,C-2241,101,CRM Pro,Software,17,19312,Salesperson_11,Asia,CRM
O-501284,2024-08-08,C-2942,201,POS Terminal,Hardware,1,1088,Salesperson_8,North America,CRM
O-501285,2024-12-03,C-2197,101,CRM Pro,Software,14,9184,Salesperson_8,Asia,CRM
O-501286,2023-05-18,C-3301,101,CRM Pro,Software,12,8664,Salesperson_9,Europe,CRM
O-501287,2024-06-17,C-3481,201,POS Terminal,Hardware,6,6870,Salesperson_10,Europe,CRM
O-501288,2024-05-20,C-2130,102,Analytics Suite,Software,20,28800,Salesperson_9,Asia,CRM
O-501289,2024-06-10,C-1573,101,CRM Pro,Software,2,898,Salesperson_9,Europe,CRM
O-501290,2024-06-07,C-3869,101,CRM Pro,Software,20,8880,Salesperson_4,Europe,CRM
O-501291,2024-09-12,C-1627,102,Analytics Suite,Software,1,604,Salesperson_5,Asia,CRM
O-501292,2023-01-14,C-3167,101,CRM Pro,Software,18,22806,Salesperson_3,North America,CRM
O-501293,2023-06-04,C-3074,201,POS Terminal,Hardware,20,18620,Salesperson_4,North America,CRM
O-501294,2024-06-12,C-1882,201,POS Terminal,Hardware,17,24650,Salesperson_11,Asia,CRM
O-501295,2023-08-25,C-1899,201,POS Terminal,Hardware,9,2970,Salesperson_9,Europe,CRM
O-501296,2024-12-21,C-1636,101,CRM Pro,Software,14,7364,Salesperson_10,Europe,CRM
O-501297,2023-05-31,C-3480,102,Analytics Suite,Software,10,14800,Salesperson_4,Europe,CRM
O-501298,2024-07-14,C-2414,201,POS Terminal,Hardware,14,11172,Salesperson_7,North America,CRM
O-501299,2023-04-06,C-2468,201,POS Terminal,Hardware,15,8400,Salesperson_3,Asia,CRM
O-501300,2023-04-13,C-1455,101,CRM Pro,Software,12,5568,Salesperson_10,Europe,CRM
O-501301,2024-05-08,C-3223,101,CRM Pro,Software,17,25296,Salesperson_6,Europe,CRM
O-501302,2023-09-25,C-1519,201,POS Terminal,Hardware,13,9464,Salesperson_2,Asia,CRM
O-501303,2024-08-05,C-2351,102,Analytics Suite,Software,14,5376,Salesperson_1,North America,CRM
O-501304,2023-04-20,C-1325,102,Analytics Suite,Software,11,10549,Salesperson_2,North America,CRM
O-501305,2024-05-18,C-2855,201,POS Terminal,Hardware,19,14649,Salesperson_6,North America,CRM
O-501306,2024-11-01,C-1118,102,Analytics Suite,Software,3,627,Salesperson_8,North America,CRM
O-501307,2024-08-22,C-2851,101,CRM Pro,Software,8,4032,Salesperson_4,Asia,CRM
O-501308,2024-10-20,C-1204,101,CRM Pro,Software,3,3996,Salesperson_6,Europe,CRM
O-501309,2023-06-14,C-2230,101,CRM Pro,Software,14,15778,Salesperson_7,Europe,CRM
O-501310,2023-10-14,C-1309,101,CRM Pro,Software,5,5935,Salesperson_9,Asia,CRM
O-501311,2024-10-08,C-1405,102,Analytics Suite,Software,11,6028,Salesperson_2,Europe,CRM
O-501312,2023-02-10,C-1427,102,Analytics Suite,Software,9,10827,Salesperson_2,North America,CRM
O-501313,2023-10-22,C-1022,201,POS Terminal,Hardware,12,14196,Salesperson_1,Asia,CRM
O-501314,2023-01-10,C-3656,101,CRM Pro,Software,13,5499,Salesperson_4,North America,CRM
O-501315,2024-08-26,C-2234,101,CRM Pro,Software,4,2760,Salesperson_3,Asia,CRM
O-501316,2024-10-03,C-2544,201,POS Terminal,Hardware,4,4308,Salesperson_10,Europe,CRM
O-501317,2023-06-09,C-3305,102,Analytics Suite,Software,2,1840,Salesperson_10,North America,CRM
O-501318,2024-01-28,C-2640,101,CRM Pro,Software,18,9630,Salesperson_3,Asia,CRM
O-501319,2024-06-19,C-2787,101,CRM Pro,Software,12,8592,Salesperson_2,Europe,CRM
O-501320,2024-06-23,C-3812,101,CRM Pro,Software,18,6282,Salesperson_10,Asia,CRM
O-501321,2023-10-09,C-1268,201,POS Terminal,Hardware,7,7420,Salesperson_2,Europe,CRM
O-501322,2024-02-10,C-3699,201,POS Terminal,Hardware,18,16272,Salesperson_10,Asia,CRM
O-501323,2024-09-07,C-1370,101,CRM Pro,Software,17,13974,Salesperson_7,Europe,CRM
O-501324,2024-12-17,C-1713,102,Analytics Suite,Software,19,8303,Salesperson_9,North America,CRM
O-501325,2023-08-09,C-3844,201,POS Terminal,Hardware,12,11160,Salesperson_2,North America,CRM
O-501326,2023-02-25,C-1514,201,POS Terminal,Hardware,14,11620,Salesperson_8,Asia,CRM
O-501327,2024-09-13,C-2586,101,CRM Pro,Software,10,4990,Salesperson_10,North America,CRM
O-501328,2023-05-22,C-1360,101,CRM Pro,Software,6,8664,Salesperson_7,North America,CRM
O-501329,2023-11-08,C-2096,101,CRM Pro,Software,8,10728,Salesperson_3,Asia,CRM
O-501330,2024-08-01,C-2474,102,Analytics Suite,Software,19,13452,Salesperson_4,Asia,CRM
O-501331,2023-09-28,C-1553,101,CRM Pro,Software,9,10521,Salesperson_7,Asia,CRM
O-501332,2024-10-17,C-2908,101,CRM Pro,Software,4,4632,Salesperson_7,Europe,CRM
O-501333,2024-12-20,C-2398,201,POS Terminal,Hardware,11,6644,Salesperson_6,Asia,CRM
O-501334,2024-02-21,C-1203,102,Analytics Suite,Software,15,20490,Salesperson_7,Europe,CRM
O-501335,2023-01-18,C-2233,101,CRM Pro,Software,14,9268,Salesperson_11,Asia,CRM
O-501336,2023-06-15,C-3292,101,CRM Pro,Software,12,3228,Salesperson_8,Asia,CRM
O-501337,2024-12-26,C-2823,201,POS Terminal,Hardware,19,11875,Salesperson_10,Europe,CRM
O-501338,2023-08-07,C-2789,201,POS Terminal,Hardware,9,1944,Salesperson_8,Asia,CRM
O-501339,2023-03-24,C-1938,201,POS Terminal,Hardware,9,2412,Salesperson_10,Asia,CRM
O-501340,2024-07-26,C-3479,101,CRM Pro,Software,18,19494,Salesperson_11,North America,CRM
O-501341,2024-02-29,C-1209,102,Analytics Suite,Software,4,4796,Salesperson_1,Europe,CRM
O-501342,2024-03-10,C-1680,201,POS Terminal,Hardware,18,6012,Salesperson_4,North America,CRM
O-501343,2023-08-07,C-2837,102,Analytics Suite,Software,20,21140,Salesperson_10,Europe,CRM
O-501344,2023-04-26,C-2610,101,CRM Pro,Software,19,4693,Salesperson_11,Asia,CRM
O-501345,2023-01-17,C-1424,102,Analytics Suite,Software,1,247,Salesperson_5,North America,CRM
O-501346,2024-01-09,C-3035,101,CRM Pro,Software,17,8041,Salesperson_4,North America,CRM
O-501347,2023-03-01,C-1509,201,POS Terminal,Hardware,4,1076,Salesperson_9,Europe,CRM
O-501348,2023-08-09,C-3682,101,CRM Pro,Software,10,3270,Salesperson_6,Asia,CRM
O-501349,2023-09-11,C-2722,201,POS Terminal,Hardware,8,10264,Salesperson_10,Europe,CRM
O-501350,2023-05-15,C-2985,201,POS Terminal,Hardware,19,25365,Salesperson_6,North America,CRM
O-501351,2024-12-10,C-2872,201,POS Terminal,Hardware,14,4578,Salesperson_9,North America,CRM
O-501352,2023-03-18,C-3429,101,CRM Pro,Software,9,13149,Salesperson_6,Asia,CRM
O-501353,2024-02-16,C-1303,101,CRM Pro,Software,7,7896,Salesperson_5,Europe,CRM
O-501354,2023-03-31,C-2353,102,Analytics Suite,Software,16,22848,Salesperson_1,Asia,CRM
O-501355,2023-05-30,C-1705,201,POS Terminal,Hardware,2,2582,Salesperson_7,Asia,CRM
O-501356,2023-07-11,C-3028,201,POS Terminal,Hardware,15,12825,Salesperson_3,Europe,CRM
O-501357,2023-07-04,C-3194,102,Analytics Suite,Software,14,20468,Salesperson_3,North America,CRM
O-501358,2024-11-25,C-2647,101,CRM Pro,Software,9,10836,Salesperson_2,Europe,CRM
O-501359,2023-02-08,C-1478,101,CRM Pro,Software,6,6120,Salesperson_1,Asia,CRM
O-501360,2023-12-31,C-1896,102,Analytics Suite,Software,6,7296,Salesperson_11,North America,CRM
O-501361,2023-09-06,C-3883,101,CRM Pro,Software,4,4512,Salesperson_3,Asia,CRM
O-501362,2024-03-13,C-1656,102,Analytics Suite,Software,10,2740,Salesperson_8,North America,CRM
O-501363,2023-01-31,C-1381,201,POS Terminal,Hardware,20,16680,Salesperson_3,Asia,CRM
O-501364,2024-09-02,C-1965,201,POS Terminal,Hardware,3,1791,Salesperson_4,North America,CRM
O-501365,2024-03-16,C-2131,201,POS Terminal,Hardware,8,7976,Salesperson_9,Europe,CRM
O-501366,2024-01-29,C-3458,201,POS Terminal,Hardware,7,1855,Salesperson_8,North America,CRM
O-501367,2024-02-02,C-3205,201,POS Terminal,Hardware,17,19142,Salesperson_10,Asia,CRM
O-501368,2023-10-28,C-2800,201,POS Terminal,Hardware,20,12200,Salesperson_2,North America,CRM
O-501369,2023-02-05,C-1732,201,POS Terminal,Hardware,1,1209,Salesperson_3,Asia,CRM
O-501370,2024-03-13,C-3232,102,Analytics Suite,Software,5,5220,Salesperson_11,Asia,CRM
O-501371,2024-01-05,C-3789,102,Analytics Suite,Software,14,6034,Salesperson_6,Asia,CRM
O-501372,2023-09-20,C-2160,201,POS Terminal,Hardware,10,6040,Salesperson_4,Europe,CRM
O-501373,2024-05-19,C-1168,102,Analytics Suite,Software,12,15576,Salesperson_4,Asia,CRM
O-501374,2024-08-17,C-2229,101,CRM Pro,Software,3,900,Salesperson_11,Europe,CRM
O-501375,2024-03-31,C-2340,201,POS Terminal,Hardware,2,1170,Salesperson_5,Europe,CRM
O-501376,2024-02-07,C-3155,201,POS Terminal,Hardware,13,4641,Salesperson_11,Asia,CRM
O-501377,2024-01-16,C-1320,102,Analytics Suite,Software,6,8730,Salesperson_4,Asia,CRM
O-501378,2023-08-06,C-2527,101,CRM Pro,Software,20,17780,Salesperson_1,North America,CRM
O-501379,2023-07-16,C-2512,201,POS Terminal,Hardware,12,4380,Salesperson_3,Asia,CRM
O-501380,2024-03-23,C-2045,101,CRM Pro,Software,5,1525,Salesperson_1,North America,CRM
O-501381,2023-12-02,C-3726,101,CRM Pro,Software,15,14700,Salesperson_10,Europe,CRM
O-501382,2023-05-15,C-2508,101,CRM Pro,Software,3,2865,Salesperson_9,Asia,CRM
O-501383,2023-02-09,C-2111,101,CRM Pro,Software,7,4214,Salesperson_9,Asia,CRM
O-501384,2024-08-24,C-2370,102,Analytics Suite,Software,16,18096,Salesperson_10,Asia,CRM
O-501385,2023-10-08,C-3219,101,CRM Pro,Software,19,15048,Salesperson_2,Asia,CRM
O-501386,2024-09-26,C-3195,101,CRM Pro,Software,18,15264,Salesperson_1,Asia,CRM
O-501387,2024-02-06,C-3103,101,CRM Pro,Software,12,18000,Salesperson_10,North America,CRM
O-501388,2024-10-06,C-1937,201,POS Terminal,Hardware,20,12100,Salesperson_2,North America,CRM
O-501389,2024-02-15,C-2835,101,CRM Pro,Software,13,13078,Salesperson_7,North America,CRM
O-501390,2023-02-18,C-2582,101,CRM Pro,Software,17,11764,Salesperson_5,Europe,CRM
O-501391,2024-06-15,C-3801,201,POS Terminal,Hardware,3,2619,Salesperson_4,Asia,CRM
O-501392,2024-05-29,C-1327,102,Analytics Suite,Software,13,4264,Salesperson_1,Europe,CRM
O-501393,2023-03-05,C-3762,102,Analytics Suite,Software,13,8931,Salesperson_7,North America,CRM
O-501394,2023-03-06,C-2051,201,POS Terminal,Hardware,2,1860,Salesperson_6,North America,CRM
O-501395,2024-02-25,C-2523,201,POS Terminal,Hardware,12,15924,Salesperson_8,North America,CRM
O-501396,2024-03-07,C-3639,201,POS Terminal,Hardware,14,11508,Salesperson_7,North America,CRM
O-501397,2024-01-23,C-1613,101,CRM Pro,Software,4,3876,Salesperson_3,Europe,CRM
O-501398,2023-03-21,C-2469,201,POS Terminal,Hardware,6,2538,Salesperson_2,North America,CRM
O-501399,2023-05-10,C-2656,201,POS Terminal,Hardware,5,7100,Salesperson_4,Europe,CRM
O-501400,2024-10-16,C-2625,101,CRM Pro,Software,2,2722,Salesperson_8,Asia,CRM
O-501401,2023-11-20,C-3092,201,POS Terminal,Hardware,4,3652,Salesperson_2,Europe,CRM
O-501402,2023-11-28,C-2039,101,CRM Pro,Software,5,3060,Salesperson_2,Europe,CRM
O-501403,2024-05-31,C-3919,201,POS Terminal,Hardware,20,6180,Salesperson_10,North America,CRM
O-501404,2024-04-11,C-2358,201,POS Terminal,Hardware,6,5826,Salesperson_6,Europe,CRM
O-501405,2024-05-21,C-1206,201,POS Terminal,Hardware,13,3315,Salesperson_3,Asia,CRM
O-501406,2024-08-09,C-2826,102,Analytics Suite,Software,7,2429,Salesperson_9,Europe,CRM
O-501407,2023-07-25,C-2195,101,CRM Pro,Software,6,6960,Salesperson_8,North America,CRM
O-501408,2023-10-28,C-3726,201,POS Terminal,Hardware,5,3555,Salesperson_3,Europe,CRM
O-501409,2024-04-11,C-1552,201,POS Terminal,Hardware,14,13482,Salesperson_11,Asia,CRM
O-501410,2023-09-05,C-2626,102,Analytics Suite,Software,17,15334,Salesperson_8,Europe,CRM
O-501411,2024-02-08,C-3963,102,Analytics Suite,Software,2,940,Salesperson_3,Asia,CRM
O-501412,2023-10-24,C-1650,102,Analytics Suite,Software,8,9504,Salesperson_1,Europe,CRM
O-501413,2024-09-06,C-1193,101,CRM Pro,Software,11,4906,Salesperson_6,Asia,CRM
O-501414,2023-08-31,C-1900,101,CRM Pro,Software,9,12636,Salesperson_4,Europe,CRM
O-501415,2023-11-19,C-1138,102,Analytics Suite,Software,14,9702,Salesperson_2,North America,CRM
O-501416,2023-03-28,C-3235,201,POS Terminal,Hardware,6,5064,Salesperson_1,North America,CRM
O-501417,2023-02-17,C-2556,101,CRM Pro,Software,3,1812,Salesperson_2,Asia,CRM
O-501418,2024-03-31,C-1572,102,Analytics Suite,Software,19,6004,Salesperson_6,Asia,CRM
O-501419,2023-06-19,C-2956,102,Analytics Suite,Software,4,5684,Salesperson_3,North America,CRM
O-501420,2024-06-18,C-3560,201,POS Terminal,Hardware,15,19440,Salesperson_3,Asia,CRM
O-501421,2023-01-18,C-3672,201,POS Terminal,Hardware,15,12840,Salesperson_8,North America,CRM
O-501422,2023-03-14,C-3658,201,POS Terminal,Hardware,13,5564,Salesperson_10,North America,CRM
O-501423,2023-11-03,C-2047,201,POS Terminal,Hardware,18,17388,Salesperson_2,Asia,CRM
O-501424,2023-10-14,C-2255,201,POS Terminal,Hardware,17,9010,Salesperson_1,Europe,CRM
O-501425,2023-12-20,C-3376,101,CRM Pro,Software,14,20804,Salesperson_3,Asia,CRM
O-501426,2023-07-13,C-1122,102,Analytics Suite,Software,13,4043,Salesperson_6,Europe,CRM
O-501427,2024-04-22,C-1022,102,Analytics Suite,Software,14,14840,Salesperson_6,Asia,CRM
O-501428,2023-02-16,C-3103,102,Analytics Suite,Software,3,3924,Salesperson_1,North America,CRM
O-501429,2023-06-24,C-2100,102,Analytics Suite,Software,1,1068,Salesperson_11,Europe,CRM
O-501430,2023-02-19,C-2319,101,CRM Pro,Software,12,15180,Salesperson_6,Asia,CRM
O-501431,2023-10-25,C-1664,101,CRM Pro,Software,12,9000,Salesperson_5,Europe,CRM
O-501432,2024-06-13,C-2729,101,CRM Pro,Software,19,16188,Salesperson_5,North America,CRM
O-501433,2024-10-04,C-3392,201,POS Terminal,Hardware,20,16420,Salesperson_1,Europe,CRM
O-501434,2024-08-08,C-3855,201,POS Terminal,Hardware,14,8134,Salesperson_2,Europe,CRM
O-501435,2024-03-26,C-2521,101,CRM Pro,Software,17,10557,Salesperson_6,North America,CRM
O-501436,2024-09-23,C-2929,201,POS Terminal,Hardware,18,25524,Salesperson_10,Asia,CRM
O-501437,2024-08-25,C-2099,101,CRM Pro,Software,3,3663,Salesperson_8,Asia,CRM
O-501438,2024-03-28,C-3079,101,CRM Pro,Software,12,6888,Salesperson_11,North America,CRM
O-501439,2023-02-20,C-1172,201,POS Terminal,Hardware,20,24460,Salesperson_1,Asia,CRM
O-501440,2024-06-12,C-2544,102,Analytics Suite,Software,15,17070,Salesperson_11,North America,CRM
O-501441,2023-07-23,C-2205,101,CRM Pro,Software,15,16605,Salesperson_11,North America,CRM
O-501442,2024-08-11,C-2499,201,POS Terminal,Hardware,4,2264,Salesperson_9,Europe,CRM
O-501443,2024-07-16,C-3920,101,CRM Pro,Software,10,8850,Salesperson_10,Asia,CRM
O-501444,2023-12-01,C-3579,101,CRM Pro,Software,8,1992,Salesperson_6,North America,CRM
O-501445,2024-05-01,C-1672,201,POS Terminal,Hardware,18,16992,Salesperson_9,Asia,CRM
O-501446,2024-07-14,C-3735,101,CRM Pro,Software,17,9690,Salesperson_1,North America,CRM
O-501447,2024-09-05,C-2393,102,Analytics Suite,Software,11,3201,Salesperson_6,Europe,CRM
O-501448,2023-11-17,C-2363,201,POS Terminal,Hardware,3,2532,Salesperson_4,Asia,CRM
O-501449,2023-02-24,C-1252,101,CRM Pro,Software,16,13344,Salesperson_8,Europe,CRM
O-501450,2023-01-10,C-1904,201,POS Terminal,Hardware,10,9720,Salesperson_1,North America,CRM
O-501451,2023-07-01,C-3292,101,CRM Pro,Software,9,7632,Salesperson_7,Asia,CRM
O-501452,2024-12-01,C-1365,101,CRM Pro,Software,1,681,Salesperson_3,North America,CRM
O-501453,2023-07-31,C-2213,201,POS Terminal,Hardware,4,3496,Salesperson_6,North America,CRM
O-501454,2024-11-13,C-2172,102,Analytics Suite,Software,5,5400,Salesperson_1,North America,CRM
O-501455,2024-12-04,C-3775,201,POS Terminal,Hardware,20,27220,Salesperson_10,Europe,CRM
O-501456,2023-02-01,C-1856,201,POS Terminal,Hardware,15,3960,Salesperson_9,North America,CRM
O-501457,2023-01-27,C-1781,101,CRM Pro,Software,6,8034,Salesperson_3,Europe,CRM
O-501458,2023-11-29,C-2658,101,CRM Pro,Software,11,8921,Salesperson_1,Europe,CRM
O-501459,2023-07-21,C-3990,101,CRM Pro,Software,10,4860,Salesperson_7,North America,CRM
O-501460,2023-08-20,C-1154,102,Analytics Suite,Software,15,10530,Salesperson_5,North America,CRM
O-501461,2024-06-16,C-3499,201,POS Terminal,Hardware,5,4620,Salesperson_11,Asia,CRM
O-501462,2023-09-19,C-3302,201,POS Terminal,Hardware,7,8071,Salesperson_6,North America,CRM
O-501463,2023-06-25,C-3920,101,CRM Pro,Software,19,18335,Salesperson_5,Asia,CRM
O-501464,2024-10-24,C-3453,102,Analytics Suite,Software,8,11280,Salesperson_5,Europe,CRM
O-501465,2023-03-19,C-1330,101,CRM Pro,Software,5,2870,Salesperson_3,Asia,CRM
O-501466,2023-12-31,C-2904,201,POS Terminal,Hardware,15,4965,Salesperson_11,Europe,CRM
O-501467,2023-08-01,C-2447,201,POS Terminal,Hardware,19,10450,Salesperson_1,Europe,CRM
O-501468,2023-02-08,C-1140,201,POS Terminal,Hardware,20,14080,Salesperson_7,North America,CRM
O-501469,2024-07-09,C-2531,102,Analytics Suite,Software,10,11800,Salesperson_4,North America,CRM
O-501470,2024-02-21,C-2741,201,POS Terminal,Hardware,7,4368,Salesperson_5,North America,CRM
O-501471,2023-05-06,C-2608,201,POS Terminal,Hardware,11,15752,Salesperson_8,Europe,CRM
O-501472,2024-04-14,C-2507,201,POS Terminal,Hardware,18,6444,Salesperson_1,North America,CRM
O-501473,2024-09-02,C-2839,102,Analytics Suite,Software,7,9331,Salesperson_5,Europe,CRM
O-501474,2024-06-07,C-2247,201,POS Terminal,Hardware,19,18620,Salesperson_8,North America,CRM
O-501475,2023-06-02,C-3423,201,POS Terminal,Hardware,8,7184,Salesperson_2,Asia,CRM
O-501476,2023-09-03,C-2369,102,Analytics Suite,Software,11,6039,Salesperson_9,Asia,CRM
O-501477,2023-08-12,C-3799,102,Analytics Suite,Software,17,24072,Salesperson_11,North America,CRM
O-501478,2024-04-12,C-1895,201,POS Terminal,Hardware,6,2448,Salesperson_8,North America,CRM
O-501479,2024-02-19,C-3896,102,Analytics Suite,Software,11,12826,Salesperson_7,Asia,CRM
O-501480,2023-07-15,C-3669,101,CRM Pro,Software,1,989,Salesperson_3,Asia,CRM
O-501481,2023-04-22,C-1298,101,CRM Pro,Software,2,2210,Salesperson_8,North America,CRM
O-501482,2024-04-02,C-3219,201,POS Terminal,Hardware,1,765,Salesperson_9,Asia,CRM
O-501483,2024-09-07,C-2447,101,CRM Pro,Software,19,16549,Salesperson_9,Europe,CRM
O-501484,2024-01-26,C-2877,101,CRM Pro,Software,4,3500,Salesperson_4,Asia,CRM
O-501485,2024-08-27,C-1626,201,POS Terminal,Hardware,6,7740,Salesperson_6,North America,CRM
O-501486,2024-07-21,C-2896,102,Analytics Suite,Software,10,8800,Salesperson_3,Europe,CRM
O-501487,2023-02-12,C-1770,102,Analytics Suite,Software,1,1405,Salesperson_9,Europe,CRM
O-501488,2023-01-15,C-3450,201,POS Terminal,Hardware,20,4280,Salesperson_6,North America,CRM
O-501489,2024-08-08,C-1609,101,CRM Pro,Software,6,2802,Salesperson_3,Asia,CRM
O-501490,2023-05-24,C-2685,101,CRM Pro,Software,12,14712,Salesperson_10,Europe,CRM
O-501491,2024-11-17,C-1216,102,Analytics Suite,Software,5,2985,Salesperson_9,Asia,CRM
O-501492,2023-11-04,C-1891,201,POS Terminal,Hardware,17,21216,Salesperson_4,Europe,CRM
O-501493,2024-10-01,C-3913,102,Analytics Suite,Software,3,699,Salesperson_10,Europe,CRM
O-501494,2024-01-31,C-1164,101,CRM Pro,Software,18,9450,Salesperson_4,North America,CRM
O-501495,2023-08-24,C-3348,101,CRM Pro,Software,5,2090,Salesperson_11,Asia,CRM
O-501496,2024-07-26,C-2936,101,CRM Pro,Software,7,8813,Salesperson_2,North America,CRM
O-501497,2023-03-21,C-1319,101,CRM Pro,Software,17,7956,Salesperson_9,North America,CRM
O-501498,2023-06-10,C-2934,201,POS Terminal,Hardware,11,10054,Salesperson_11,Europe,CRM
O-501499,2023-10-24,C-2652,101,CRM Pro,Software,6,3552,Salesperson_11,Asia,CRM
O-501500,2024-04-27,C-1042,201,POS Terminal,Hardware,13,14703,Salesperson_8,Asia,CRM
O-501501,2024-09-23,C-2744,101,CRM Pro,Software,19,18126,Salesperson_6,Asia,CRM
O-501502,2023-04-11,C-1348,101,CRM Pro,Software,9,5148,Salesperson_11,Asia,CRM
O-501503,2023-12-05,C-3657,201,POS Terminal,Hardware,13,5577,Salesperson_4,Asia,CRM
O-501504,2023-05-29,C-1272,102,Analytics Suite,Software,16,3360,Salesperson_4,North America,CRM
O-501505,2023-06-23,C-3152,102,Analytics Suite,Software,14,15274,Salesperson_8,Asia,CRM
O-501506,2024-11-24,C-3547,201,POS Terminal,Hardware,11,2475,Salesperson_8,Europe,CRM
O-501507,2023-03-20,C-2156,102,Analytics Suite,Software,13,15535,Salesperson_9,Europe,CRM
O-501508,2023-02-09,C-2201,102,Analytics Suite,Software,13,3068,Salesperson_6,North America,CRM
O-501509,2024-06-23,C-2979,101,CRM Pro,Software,8,10856,Salesperson_8,Europe,CRM
O-501510,2023-03-07,C-1566,201,POS Terminal,Hardware,12,2904,Salesperson_2,Europe,CRM
O-501511,2024-01-01,C-1524,201,POS Terminal,Hardware,19,25232,Salesperson_2,Europe,CRM
O-501512,2024-05-10,C-2854,101,CRM Pro,Software,11,13057,Salesperson_11,Asia,CRM
O-501513,2023-03-12,C-3759,102,Analytics Suite,Software,11,10626,Salesperson_4,Asia,CRM
O-501514,2024-03-30,C-3969,101,CRM Pro,Software,16,6576,Salesperson_1,Asia,CRM
O-501515,2023-03-21,C-1302,101,CRM Pro,Software,17,7361,Salesperson_7,Asia,CRM
O-501516,2023-05-29,C-2134,101,CRM Pro,Software,4,936,Salesperson_2,North America,CRM
O-501517,2023-11-15,C-2502,101,CRM Pro,Software,8,2784,Salesperson_2,Europe,CRM
O-501518,2023-04-08,C-2062,102,Analytics Suite,Software,8,1968,Salesperson_2,Europe,CRM
O-501519,2024-01-04,C-1483,102,Analytics Suite,Software,4,4912,Salesperson_5,North America,CRM
O-501520,2023-04-14,C-1302,101,CRM Pro,Software,13,18239,Salesperson_7,North America,CRM
O-501521,2023-01-14,C-2339,102,Analytics Suite,Software,12,5076,Salesperson_10,Asia,CRM
O-501522,2023-09-23,C-3523,101,CRM Pro,Software,18,16866,Salesperson_5,Europe,CRM
O-501523,2023-07-12,C-3731,101,CRM Pro,Software,7,5439,Salesperson_9,North America,CRM
O-501524,2024-11-02,C-3118,201,POS Terminal,Hardware,4,2132,Salesperson_1,Asia,CRM
O-501525,2023-05-16,C-2956,102,Analytics Suite,Software,18,13896,Salesperson_1,North America,CRM
O-501526,2023-08-08,C-3094,102,Analytics Suite,Software,1,494,Salesperson_8,Asia,CRM
O-501527,2024-04-04,C-3070,102,Analytics Suite,Software,6,7128,Salesperson_11,Asia,CRM
O-501528,2024-04-12,C-3217,201,POS Terminal,Hardware,12,10668,Salesperson_5,North America,CRM
O-501529,2023-07-05,C-3870,201,POS Terminal,Hardware,13,12194,Salesperson_10,Asia,CRM
O-501530,2024-10-29,C-2883,102,Analytics Suite,Software,17,3570,Salesperson_5,Asia,CRM
O-501531,2024-03-16,C-2842,102,Analytics Suite,Software,1,274,Salesperson_5,North America,CRM
O-501532,2023-10-15,C-3640,102,Analytics Suite,Software,20,19460,Salesperson_4,North America,CRM
O-501533,2023-12-25,C-3698,101,CRM Pro,Software,8,11040,Salesperson_8,North America,CRM
O-501534,2023-01-14,C-3848,102,Analytics Suite,Software,1,948,Salesperson_10,North America,CRM
O-501535,2024-11-06,C-3966,102,Analytics Suite,Software,8,4080,Salesperson_5,Asia,CRM
O-501536,2024-10-22,C-1272,101,CRM Pro,Software,4,5580,Salesperson_5,Europe,CRM
O-501537,2023-06-14,C-2819,201,POS Terminal,Hardware,2,1840,Salesperson_6,Asia,CRM
O-501538,2023-02-03,C-3626,201,POS Terminal,Hardware,15,18165,Salesperson_10,Asia,CRM
O-501539,2023-02-27,C-2428,102,Analytics Suite,Software,1,978,Salesperson_8,Asia,CRM
O-501540,2024-09-29,C-2823,201,POS Terminal,Hardware,1,235,Salesperson_9,North America,CRM
O-501541,2023-05-08,C-1092,102,Analytics Suite,Software,1,1357,Salesperson_6,North America,CRM
O-501542,2024-01-20,C-1066,102,Analytics Suite,Software,16,14368,Salesperson_6,Europe,CRM
O-501543,2023-09-23,C-1480,101,CRM Pro,Software,11,3619,Salesperson_2,Asia,CRM
O-501544,2024-03-17,C-3310,102,Analytics Suite,Software,12,9216,Salesperson_5,Asia,CRM
O-501545,2023-06-04,C-1532,101,CRM Pro,Software,4,5144,Salesperson_3,Europe,CRM
O-501546,2024-06-12,C-1106,101,CRM Pro,Software,18,14562,Salesperson_5,North America,CRM
O-501547,2024-04-10,C-1533,102,Analytics Suite,Software,14,15358,Salesperson_4,North America,CRM
O-501548,2024-03-28,C-1279,102,Analytics Suite,Software,12,12876,Salesperson_4,Asia,CRM
O-501549,2023-03-09,C-2590,201,POS Terminal,Hardware,13,7319,Salesperson_1,Europe,CRM
O-501550,2023-05-04,C-1557,201,POS Terminal,Hardware,1,291,Salesperson_1,Asia,CRM
O-501551,2023-08-13,C-2729,201,POS Terminal,Hardware,6,4674,Salesperson_8,North America,CRM
O-501552,2023-11-25,C-1674,102,Analytics Suite,Software,9,11070,Salesperson_2,Europe,CRM
O-501553,2023-05-28,C-2420,201,POS Terminal,Hardware,14,19348,Salesperson_8,Europe,CRM
O-501554,2024-06-09,C-3660,102,Analytics Suite,Software,15,8325,Salesperson_2,Asia,CRM
O-501555,2024-06-20,C-3243,101,CRM Pro,Software,20,21360,Salesperson_7,North America,CRM
O-501556,2024-06-03,C-2114,201,POS Terminal,Hardware,7,5005,Salesperson_8,North America,CRM
O-501557,2024-02-09,C-2572,201,POS Terminal,Hardware,11,11781,Salesperson_9,Asia,CRM
O-501558,2023-06-30,C-2947,101,CRM Pro,Software,3,912,Salesperson_5,Europe,CRM
O-501559,2023-08-27,C-1474,201,POS Terminal,Hardware,15,16725,Salesperson_1,Europe,CRM
O-501560,2024-09-26,C-1797,102,Analytics Suite,Software,7,4550,Salesperson_10,North America,CRM
O-501561,2023-10-21,C-2630,101,CRM Pro,Software,6,7332,Salesperson_5,North America,CRM
O-501562,2023-07-29,C-1937,201,POS Terminal,Hardware,13,16380,Salesperson_8,Europe,CRM
O-501563,2023-04-15,C-1303,201,POS Terminal,Hardware,3,1116,Salesperson_8,North America,CRM
O-501564,2024-01-27,C-3976,101,CRM Pro,Software,17,12835,Salesperson_4,North America,CRM
O-501565,2024-11-30,C-3182,102,Analytics Suite,Software,20,4620,Salesperson_9,North America,CRM
O-501566,2023-10-06,C-1118,101,CRM Pro,Software,9,12357,Salesperson_6,North America,CRM
O-501567,2023-03-03,C-2347,102,Analytics Suite,Software,1,1197,Salesperson_11,Asia,CRM
O-501568,2024-01-19,C-1374,101,CRM Pro,Software,8,4680,Salesperson_11,Asia,CRM
O-501569,2023-05-03,C-1478,201,POS Terminal,Hardware,20,16280,Salesperson_3,North America,CRM
O-501570,2024-07-06,C-3275,201,POS Terminal,Hardware,2,2618,Salesperson_11,Asia,CRM
O-501571,2023-07-02,C-1251,101,CRM Pro,Software,18,20934,Salesperson_11,North America,CRM
O-501572,2024-02-09,C-1528,102,Analytics Suite,Software,17,16473,Salesperson_7,North America,CRM
O-501573,2023-12-07,C-2261,102,Analytics Suite,Software,6,5778,Salesperson_6,Europe,CRM
O-501574,2023-07-19,C-2267,102,Analytics Suite,Software,9,5913,Salesperson_3,North America,CRM
O-501575,2024-01-15,C-1213,101,CRM Pro,Software,7,2114,Salesperson_2,Europe,CRM
O-501576,2023-01-23,C-1159,201,POS Terminal,Hardware,4,2672,Salesperson_1,Asia,CRM
O-501577,2023-03-03,C-2718,201,POS Terminal,Hardware,8,3208,Salesperson_11,Asia,CRM
O-501578,2024-04-22,C-1884,102,Analytics Suite,Software,4,2796,Salesperson_11,North America,CRM
O-501579,2024-08-17,C-1370,101,CRM Pro,Software,12,3024,Salesperson_3,Asia,CRM
O-501580,2023-10-07,C-1015,102,Analytics Suite,Software,7,8148,Salesperson_7,North America,CRM
O-501581,2023-09-09,C-3055,101,CRM Pro,Software,13,3380,Salesperson_8,North America,CRM
O-501582,2023-01-17,C-2776,101,CRM Pro,Software,3,1491,Salesperson_6,North America,CRM
O-501583,2024-09-14,C-2658,101,CRM Pro,Software,10,10970,Salesperson_4,Asia,CRM
O-501584,2024-03-16,C-2801,102,Analytics Suite,Software,6,7164,Salesperson_4,North America,CRM
O-501585,2023-08-02,C-2738,201,POS Terminal,Hardware,13,16640,Salesperson_6,Asia,CRM
O-501586,2023-11-25,C-2576,102,Analytics Suite,Software,16,10432,Salesperson_6,Europe,CRM
O-501587,2023-09-02,C-1639,201,POS Terminal,Hardware,16,14752,Salesperson_2,Europe,CRM
O-501588,2023-02-01,C-3173,201,POS Terminal,Hardware,13,9308,Salesperson_11,Asia,CRM
O-501589,2024-07-07,C-3656,102,Analytics Suite,Software,4,5296,Salesperson_11,Asia,CRM
O-501590,2024-05-19,C-1637,201,POS Terminal,Hardware,19,27303,Salesperson_6,Asia,CRM
O-501591,2024-02-18,C-2575,201,POS Terminal,Hardware,13,17654,Salesperson_6,Asia,CRM
O-501592,2024-03-07,C-2358,102,Analytics Suite,Software,18,7668,Salesperson_6,Europe,CRM
O-501593,2024-10-15,C-2781,102,Analytics Suite,Software,18,22338,Salesperson_1,North America,CRM
O-501594,2024-07-27,C-1945,101,CRM Pro,Software,11,11979,Salesperson_2,Asia,CRM
O-501595,2024-08-25,C-2842,102,Analytics Suite,Software,14,5754,Salesperson_8,Europe,CRM
O-501596,2024-03-05,C-3343,102,Analytics Suite,Software,15,3225,Salesperson_7,Asia,CRM
O-501597,2023-05-14,C-3300,102,Analytics Suite,Software,10,14790,Salesperson_4,Europe,CRM
O-501598,2023-10-30,C-1795,102,Analytics Suite,Software,2,2458,Salesperson_9,Europe,CRM
O-501599,2024-11-29,C-3299,101,CRM Pro,Software,16,9856,Salesperson_9,Asia,CRM
O-501600,2023-03-07,C-1600,201,POS Terminal,Hardware,11,3058,Salesperson_8,Asia,CRM
O-501601,2024-01-05,C-1828,102,Analytics Suite,Software,16,23712,Salesperson_8,Europe,CRM
O-501602,2023-05-31,C-1830,201,POS Terminal,Hardware,4,5252,Salesperson_6,Europe,CRM
O-501603,2023-08-18,C-3728,102,Analytics Suite,Software,5,3330,Salesperson_2,Asia,CRM
O-501604,2024-07-09,C-2866,102,Analytics Suite,Software,1,652,Salesperson_8,North America,CRM
O-501605,2023-01-09,C-2236,201,POS Terminal,Hardware,17,18802,Salesperson_6,North America,CRM
O-501606,2024-04-02,C-3643,102,Analytics Suite,Software,3,798,Salesperson_8,Asia,CRM
O-501607,2024-11-30,C-1782,101,CRM Pro,Software,17,7106,Salesperson_6,North America,CRM
O-501608,2024-12-19,C-2280,101,CRM Pro,Software,16,7408,Salesperson_8,North America,CRM
O-501609,2024-12-26,C-3385,101,CRM Pro,Software,16,15152,Salesperson_8,Europe,CRM
O-501610,2023-04-01,C-3805,102,Analytics Suite,Software,2,2956,Salesperson_11,Asia,CRM
O-501611,2023-01-14,C-3158,102,Analytics Suite,Software,4,4644,Salesperson_1,Europe,CRM
O-501612,2023-07-07,C-1262,102,Analytics Suite,Software,20,6120,Salesperson_10,Asia,CRM
O-501613,2023-04-17,C-1572,102,Analytics Suite,Software,20,7280,Salesperson_3,North America,CRM
O-501614,2024-03-22,C-3841,201,POS Terminal,Hardware,9,3978,Salesperson_9,North America,CRM
O-501615,2023-11-13,C-2293,101,CRM Pro,Software,9,7200,Salesperson_4,Europe,CRM
O-501616,2024-04-25,C-3071,201,POS Terminal,Hardware,6,6240,Salesperson_2,Asia,CRM
O-501617,2023-05-16,C-2196,102,Analytics Suite,Software,17,22355,Salesperson_5,Asia,CRM
O-501618,2024-09-02,C-3100,102,Analytics Suite,Software,6,7812,Salesperson_5,Asia,CRM
O-501619,2024-12-10,C-3369,101,CRM Pro,Software,9,2403,Salesperson_11,North America,CRM
O-501620,2023-04-09,C-1655,102,Analytics Suite,Software,9,5004,Salesperson_9,Asia,CRM
O-501621,2023-01-14,C-2066,201,POS Terminal,Hardware,15,21960,Salesperson_11,Asia,CRM
O-501622,2024-10-20,C-1462,102,Analytics Suite,Software,2,872,Salesperson_3,Europe,CRM
O-501623,2023-11-02,C-1384,201,POS Terminal,Hardware,9,1800,Salesperson_3,Asia,CRM
O-501624,2024-12-29,C-1240,101,CRM Pro,Software,5,6085,Salesperson_3,North America,CRM
O-501625,2024-11-20,C-3232,102,Analytics Suite,Software,4,2136,Salesperson_11,Asia,CRM
O-501626,2024-07-13,C-1039,201,POS Terminal,Hardware,5,4630,Salesperson_3,North America,CRM
O-501627,2023-11-13,C-1789,102,Analytics Suite,Software,12,9492,Salesperson_8,Asia,CRM
O-501628,2023-01-02,C-2099,201,POS Terminal,Hardware,1,400,Salesperson_5,Asia,CRM
O-501629,2024-02-15,C-1421,201,POS Terminal,Hardware,15,10410,Salesperson_3,Europe,CRM
O-501630,2023-01-13,C-2822,102,Analytics Suite,Software,2,2712,Salesperson_1,Europe,CRM
O-501631,2024-05-11,C-1911,201,POS Terminal,Hardware,5,2055,Salesperson_11,Europe,CRM
O-501632,2023-08-21,C-1409,101,CRM Pro,Software,14,8204,Salesperson_9,North America,CRM
O-501633,2024-11-10,C-3489,201,POS Terminal,Hardware,3,3222,Salesperson_5,North America,CRM
O-501634,2024-06-19,C-1327,101,CRM Pro,Software,5,5685,Salesperson_5,Asia,CRM
O-501635,2024-04-21,C-1554,201,POS Terminal,Hardware,14,6958,Salesperson_2,Europe,CRM
O-501636,2024-03-28,C-2949,101,CRM Pro,Software,17,24276,Salesperson_11,North America,CRM
O-501637,2024-02-06,C-1296,201,POS Terminal,Hardware,9,5445,Salesperson_2,Europe,CRM
O-501638,2024-12-16,C-2224,101,CRM Pro,Software,16,20880,Salesperson_2,North America,CRM
O-501639,2024-06-16,C-2990,101,CRM Pro,Software,10,11140,Salesperson_7,Europe,CRM
O-501640,2024-07-08,C-3039,201,POS Terminal,Hardware,8,11240,Salesperson_10,Europe,CRM
O-501641,2023-04-24,C-1317,201,POS Terminal,Hardware,15,5565,Salesperson_3,North America,CRM
O-501642,2023-01-17,C-1755,101,CRM Pro,Software,17,12971,Salesperson_9,Europe,CRM
O-501643,2023-04-12,C-3609,201,POS Terminal,Hardware,4,4420,Salesperson_4,Asia,CRM
O-501644,2024-11-24,C-3243,102,Analytics Suite,Software,11,16159,Salesperson_11,North America,CRM
O-501645,2024-12-05,C-3389,102,Analytics Suite,Software,12,16608,Salesperson_4,Europe,CRM
O-501646,2023-03-07,C-1978,102,Analytics Suite,Software,17,18938,Salesperson_1,Asia,CRM
O-501647,2023-06-16,C-3001,102,Analytics Suite,Software,10,13610,Salesperson_9,Asia,CRM
O-501648,2023-01-20,C-2795,102,Analytics Suite,Software,13,11232,Salesperson_5,Europe,CRM
O-501649,2024-11-11,C-1103,102,Analytics Suite,Software,9,13203,Salesperson_9,Asia,CRM
O-501650,2023-02-08,C-2051,102,Analytics Suite,Software,15,20940,Salesperson_3,Europe,CRM
O-501651,2023-08-26,C-1275,201,POS Terminal,Hardware,16,23904,Salesperson_9,Europe,CRM
O-501652,2023-01-17,C-1142,102,Analytics Suite,Software,16,12528,Salesperson_8,Asia,CRM
O-501653,2023-03-23,C-2552,101,CRM Pro,Software,1,1466,Salesperson_8,Asia,CRM
O-501654,2023-04-24,C-1360,102,Analytics Suite,Software,1,850,Salesperson_11,North America,CRM
O-501655,2024-08-23,C-3322,102,Analytics Suite,Software,10,9760,Salesperson_10,Europe,CRM
O-501656,2024-10-29,C-3599,201,POS Terminal,Hardware,16,3872,Salesperson_11,North America,CRM
O-501657,2024-09-29,C-1603,102,Analytics Suite,Software,8,8272,Salesperson_8,Asia,CRM
O-501658,2024-01-02,C-3442,101,CRM Pro,Software,5,5610,Salesperson_3,Europe,CRM
O-501659,2023-02-15,C-3734,201,POS Terminal,Hardware,10,3530,Salesperson_4,Asia,CRM
O-501660,2023-09-30,C-2101,201,POS Terminal,Hardware,2,1168,Salesperson_8,Europe,CRM
O-501661,2024-02-05,C-3831,201,POS Terminal,Hardware,9,11268,Salesperson_2,Europe,CRM
O-501662,2023-01-17,C-2455,201,POS Terminal,Hardware,18,20448,Salesperson_9,Asia,CRM
O-501663,2024-02-05,C-1153,102,Analytics Suite,Software,3,3585,Salesperson_8,Europe,CRM
O-501664,2023-02-14,C-2126,101,CRM Pro,Software,1,824,Salesperson_7,Europe,CRM
O-501665,2024-05-13,C-2047,201,POS Terminal,Hardware,15,11325,Salesperson_3,Asia,CRM
O-501666,2023-12-16,C-1839,101,CRM Pro,Software,3,3168,Salesperson_8,Europe,CRM
O-501667,2023-10-13,C-1337,201,POS Terminal,Hardware,12,11376,Salesperson_2,Europe,CRM
O-501668,2023-08-23,C-3849,101,CRM Pro,Software,2,702,Salesperson_10,Europe,CRM
O-501669,2023-01-15,C-3074,102,Analytics Suite,Software,17,24548,Salesperson_8,Europe,CRM
O-501670,2023-10-27,C-3772,201,POS Terminal,Hardware,8,8952,Salesperson_9,Asia,CRM
O-501671,2023-12-20,C-1356,101,CRM Pro,Software,12,14004,Salesperson_5,Europe,CRM
O-501672,2023-05-18,C-1308,101,CRM Pro,Software,16,5280,Salesperson_1,North America,CRM
O-501673,2024-02-09,C-2021,102,Analytics Suite,Software,5,3120,Salesperson_10,Asia,CRM
O-501674,2023-02-04,C-2798,101,CRM Pro,Software,12,15648,Salesperson_10,Asia,CRM
O-501675,2023-06-03,C-2072,201,POS Terminal,Hardware,2,828,Salesperson_2,Europe,CRM
O-501676,2023-02-03,C-3222,102,Analytics Suite,Software,6,4416,Salesperson_9,Asia,CRM
O-501677,2023-04-02,C-2457,102,Analytics Suite,Software,14,15414,Salesperson_4,Asia,CRM
O-501678,2023-04-16,C-3729,101,CRM Pro,Software,13,16133,Salesperson_11,Asia,CRM
O-501679,2023-11-18,C-1442,102,Analytics Suite,Software,6,5334,Salesperson_7,North America,CRM
O-501680,2023-10-19,C-1160,101,CRM Pro,Software,19,16454,Salesperson_10,Asia,CRM
O-501681,2023-11-09,C-2413,101,CRM Pro,Software,13,3159,Salesperson_7,Europe,CRM
O-501682,2023-06-27,C-3175,102,Analytics Suite,Software,6,2304,Salesperson_10,North America,CRM
O-501683,2024-01-11,C-3058,201,POS Terminal,Hardware,6,4260,Salesperson_8,Asia,CRM
O-501684,2023-11-05,C-1994,101,CRM Pro,Software,4,2872,Salesperson_8,Europe,CRM
O-501685,2023-06-24,C-2152,201,POS Terminal,Hardware,11,15521,Salesperson_2,Europe,CRM
O-501686,2023-11-16,C-1563,102,Analytics Suite,Software,16,23312,Salesperson_6,Asia,CRM
O-501687,2024-03-06,C-3850,101,CRM Pro,Software,20,15000,Salesperson_2,North America,CRM
O-501688,2024-03-01,C-3746,102,Analytics Suite,Software,17,14807,Salesperson_5,North America,CRM
O-501689,2023-08-05,C-3899,201,POS Terminal,Hardware,9,10629,Salesperson_7,North America,CRM
O-501690,2023-02-24,C-2274,101,CRM Pro,Software,5,1930,Salesperson_9,North America,CRM
O-501691,2023-08-09,C-1836,101,CRM Pro,Software,3,1194,Salesperson_10,Europe,CRM
O-501692,2024-08-15,C-2429,101,CRM Pro,Software,8,1728,Salesperson_6,Asia,CRM
O-501693,2024-02-29,C-2550,201,POS Terminal,Hardware,3,3288,Salesperson_5,Asia,CRM
O-501694,2023-04-23,C-2624,102,Analytics Suite,Software,15,7380,Salesperson_3,Asia,CRM
O-501695,2024-06-28,C-2245,101,CRM Pro,Software,9,10143,Salesperson_1,Asia,CRM
O-501696,2024-05-26,C-3950,102,Analytics Suite,Software,2,1606,Salesperson_1,North America,CRM
O-501697,2023-07-05,C-1306,101,CRM Pro,Software,18,22104,Salesperson_4,Europe,CRM
O-501698,2023-01-31,C-1712,102,Analytics Suite,Software,10,13250,Salesperson_1,North America,CRM
O-501699,2023-08-09,C-2265,201,POS Terminal,Hardware,6,4140,Salesperson_1,Europe,CRM
O-501700,2023-08-06,C-1642,101,CRM Pro,Software,10,6630,Salesperson_11,North America,CRM
O-501701,2024-09-05,C-2285,201,POS Terminal,Hardware,5,2365,Salesperson_1,Europe,CRM
O-501702,2024-01-03,C-3884,201,POS Terminal,Hardware,2,1834,Salesperson_9,Asia,CRM
O-501703,2023-01-16,C-3272,102,Analytics Suite,Software,17,21250,Salesperson_5,Asia,CRM
O-501704,2024-05-06,C-1556,201,POS Terminal,Hardware,15,17865,Salesperson_8,Europe,CRM
O-501705,2023-03-16,C-1146,102,Analytics Suite,Software,9,11430,Salesperson_11,North America,CRM
O-501706,2023-07-29,C-3392,102,Analytics Suite,Software,9,2106,Salesperson_9,Europe,CRM
O-501707,2024-02-18,C-1839,101,CRM Pro,Software,2,2322,Salesperson_1,North America,CRM
O-501708,2024-12-17,C-3194,201,POS Terminal,Hardware,15,6735,Salesperson_10,North America,CRM
O-501709,2023-09-05,C-1851,102,Analytics Suite,Software,2,1400,Salesperson_1,Asia,CRM
O-501710,2024-06-01,C-2530,102,Analytics Suite,Software,20,23600,Salesperson_5,North America,CRM
O-501711,2023-07-23,C-1741,201,POS Terminal,Hardware,2,1806,Salesperson_4,North America,CRM
O-501712,2023-12-02,C-2579,102,Analytics Suite,Software,20,21140,Salesperson_10,Asia,CRM
O-501713,2024-06-13,C-1703,101,CRM Pro,Software,20,28660,Salesperson_7,Europe,CRM
O-501714,2023-05-18,C-2700,101,CRM Pro,Software,6,5226,Salesperson_7,North America,CRM
O-501715,2024-12-24,C-1717,101,CRM Pro,Software,8,8216,Salesperson_2,Europe,CRM
O-501716,2024-09-12,C-2237,201,POS Terminal,Hardware,12,7308,Salesperson_2,Asia,CRM
O-501717,2023-01-29,C-1650,102,Analytics Suite,Software,5,1235,Salesperson_2,Europe,CRM
O-501718,2023-12-15,C-1548,101,CRM Pro,Software,10,3860,Salesperson_7,Asia,CRM
O-501719,2023-09-23,C-2502,201,POS Terminal,Hardware,2,824,Salesperson_9,North America,CRM
O-501720,2024-08-17,C-3764,201,POS Terminal,Hardware,16,17872,Salesperson_3,Europe,CRM
O-501721,2023-06-24,C-2251,101,CRM Pro,Software,5,2865,Salesperson_4,Asia,CRM
O-501722,2024-06-13,C-2757,101,CRM Pro,Software,13,11076,Salesperson_8,Asia,CRM
O-501723,2024-10-27,C-2603,201,POS Terminal,Hardware,8,11640,Salesperson_8,Europe,CRM
O-501724,2023-12-16,C-3645,102,Analytics Suite,Software,11,9570,Salesperson_3,Europe,CRM
O-501725,2024-01-01,C-3197,101,CRM Pro,Software,17,6936,Salesperson_2,Asia,CRM
O-501726,2024-05-25,C-3569,201,POS Terminal,Hardware,11,11473,Salesperson_6,Europe,CRM
O-501727,2023-09-29,C-3678,101,CRM Pro,Software,10,11120,Salesperson_8,Asia,CRM
O-501728,2024-06-23,C-3928,201,POS Terminal,Hardware,4,2316,Salesperson_1,Asia,CRM
O-501729,2023-12-01,C-2064,201,POS Terminal,Hardware,13,13754,Salesperson_9,Europe,CRM
O-501730,2023-12-31,C-2685,201,POS Terminal,Hardware,6,5076,Salesperson_2,North America,CRM
O-501731,2023-11-24,C-3838,201,POS Terminal,Hardware,10,8590,Salesperson_5,North America,CRM
O-501732,2024-10-28,C-2879,101,CRM Pro,Software,17,23375,Salesperson_5,Asia,CRM
O-501733,2024-10-30,C-2280,102,Analytics Suite,Software,1,468,Salesperson_8,Asia,CRM
O-501734,2024-12-30,C-2602,101,CRM Pro,Software,10,14900,Salesperson_6,Asia,CRM
O-501735,2023-02-22,C-1350,101,CRM Pro,Software,4,2600,Salesperson_7,North America,CRM
O-501736,2024-11-10,C-3603,201,POS Terminal,Hardware,20,14840,Salesperson_1,Asia,CRM
O-501737,2024-01-20,C-1517,102,Analytics Suite,Software,15,5850,Salesperson_7,Europe,CRM
O-501738,2024-09-27,C-2485,101,CRM Pro,Software,5,2675,Salesperson_5,Europe,CRM
O-501739,2023-10-04,C-3392,201,POS Terminal,Hardware,10,11850,Salesperson_6,Asia,CRM
O-501740,2023-05-09,C-2332,101,CRM Pro,Software,2,1812,Salesperson_8,Europe,CRM
O-501741,2024-08-01,C-1370,101,CRM Pro,Software,18,23508,Salesperson_3,North America,CRM
O-501742,2023-05-19,C-2012,102,Analytics Suite,Software,15,3075,Salesperson_10,Asia,CRM
O-501743,2024-11-09,C-3897,101,CRM Pro,Software,14,19908,Salesperson_11,Asia,CRM
O-501744,2023-06-12,C-3185,101,CRM Pro,Software,13,14599,Salesperson_8,Europe,CRM
O-501745,2023-10-24,C-3467,201,POS Terminal,Hardware,1,1203,Salesperson_6,Asia,CRM
O-501746,2023-10-09,C-1001,201,POS Terminal,Hardware,13,2769,Salesperson_3,North America,CRM
O-501747,2023-01-03,C-2391,201,POS Terminal,Hardware,12,2916,Salesperson_2,Europe,CRM
O-501748,2024-02-16,C-2230,101,CRM Pro,Software,2,2806,Salesperson_1,Asia,CRM
O-501749,2023-01-11,C-3579,201,POS Terminal,Hardware,18,18468,Salesperson_7,North America,CRM
O-501750,2023-07-21,C-3366,101,CRM Pro,Software,18,7974,Salesperson_9,Asia,CRM
O-501751,2023-01-16,C-3931,101,CRM Pro,Software,13,5083,Salesperson_10,Europe,CRM
O-501752,2023-10-12,C-3346,201,POS Terminal,Hardware,13,6565,Salesperson_8,Europe,CRM
O-501753,2024-12-16,C-3518,101,CRM Pro,Software,11,5170,Salesperson_9,North America,CRM
O-501754,2023-10-12,C-1784,101,CRM Pro,Software,19,27759,Salesperson_7,Europe,CRM
O-501755,2024-02-23,C-2766,101,CRM Pro,Software,12,10068,Salesperson_7,Europe,CRM
O-501756,2023-12-21,C-2326,102,Analytics Suite,Software,9,5733,Salesperson_8,Europe,CRM
O-501757,2024-09-26,C-1916,102,Analytics Suite,Software,10,5080,Salesperson_4,North America,CRM
O-501758,2024-12-09,C-3404,101,CRM Pro,Software,18,17766,Salesperson_7,Asia,CRM
O-501759,2024-07-08,C-2014,102,Analytics Suite,Software,14,12376,Salesperson_3,Europe,CRM
O-501760,2024-04-03,C-1436,101,CRM Pro,Software,19,19456,Salesperson_2,Asia,CRM
O-501761,2023-05-10,C-3970,201,POS Terminal,Hardware,13,13728,Salesperson_7,Asia,CRM
O-501762,2023-05-17,C-2154,201,POS Terminal,Hardware,10,3910,Salesperson_6,North America,CRM
O-501763,2023-06-21,C-2958,102,Analytics Suite,Software,1,903,Salesperson_2,Asia,CRM
O-501764,2024-10-14,C-3195,201,POS Terminal,Hardware,15,6825,Salesperson_5,Asia,CRM
O-501765,2023-03-09,C-2447,102,Analytics Suite,Software,1,1433,Salesperson_10,Europe,CRM
O-501766,2023-03-14,C-3321,101,CRM Pro,Software,13,11622,Salesperson_8,Asia,CRM
O-501767,2024-04-21,C-1062,201,POS Terminal,Hardware,8,7888,Salesperson_6,Asia,CRM
O-501768,2023-09-13,C-3429,101,CRM Pro,Software,2,738,Salesperson_11,North America,CRM
O-501769,2023-11-09,C-1343,201,POS Terminal,Hardware,15,18645,Salesperson_8,Asia,CRM
O-501770,2024-01-28,C-2788,201,POS Terminal,Hardware,19,15010,Salesperson_8,North America,CRM
O-501771,2023-12-15,C-1221,102,Analytics Suite,Software,7,6727,Salesperson_4,Europe,CRM
O-501772,2023-11-05,C-3816,102,Analytics Suite,Software,9,6795,Salesperson_8,Asia,CRM
O-501773,2024-02-11,C-3689,201,POS Terminal,Hardware,6,2532,Salesperson_11,North America,CRM
O-501774,2024-07-25,C-1002,101,CRM Pro,Software,4,5624,Salesperson_8,North America,CRM
O-501775,2023-12-23,C-1576,101,CRM Pro,Software,2,404,Salesperson_7,Europe,CRM
O-501776,2023-02-12,C-3735,102,Analytics Suite,Software,12,11136,Salesperson_4,Europe,CRM
O-501777,2023-11-25,C-1455,102,Analytics Suite,Software,15,17370,Salesperson_5,Asia,CRM
O-501778,2023-01-09,C-3038,101,CRM Pro,Software,3,1506,Salesperson_2,Asia,CRM
O-501779,2024-11-14,C-1849,102,Analytics Suite,Software,17,11492,Salesperson_2,North America,CRM
O-501780,2023-12-19,C-1780,201,POS Terminal,Hardware,9,11916,Salesperson_11,Asia,CRM
O-501781,2023-02-09,C-3553,102,Analytics Suite,Software,2,1852,Salesperson_5,Asia,CRM
O-501782,2023-09-19,C-2606,101,CRM Pro,Software,11,15708,Salesperson_1,North America,CRM
O-501783,2024-05-09,C-1877,101,CRM Pro,Software,4,1656,Salesperson_2,Asia,CRM
O-501784,2023-01-09,C-1828,101,CRM Pro,Software,17,12376,Salesperson_10,Europe,CRM
O-501785,2023-08-11,C-2610,102,Analytics Suite,Software,17,10523,Salesperson_7,Asia,CRM
O-501786,2024-02-09,C-3584,101,CRM Pro,Software,14,10780,Salesperson_10,North America,CRM
O-501787,2024-11-05,C-2156,101,CRM Pro,Software,1,764,Salesperson_7,North America,CRM
O-501788,2023-05-29,C-3971,201,POS Terminal,Hardware,17,4386,Salesperson_8,Europe,CRM
O-501789,2024-06-18,C-2626,101,CRM Pro,Software,2,2846,Salesperson_3,Europe,CRM
O-501790,2023-05-16,C-1908,201,POS Terminal,Hardware,6,7482,Salesperson_10,Asia,CRM
O-501791,2024-01-20,C-3459,201,POS Terminal,Hardware,4,4100,Salesperson_9,Asia,CRM
O-501792,2023-02-26,C-2819,102,Analytics Suite,Software,12,4212,Salesperson_11,Europe,CRM
O-501793,2024-05-06,C-1789,102,Analytics Suite,Software,16,6768,Salesperson_9,Europe,CRM
O-501794,2023-03-30,C-1295,201,POS Terminal,Hardware,12,11532,Salesperson_8,Europe,CRM
O-501795,2023-03-30,C-1955,102,Analytics Suite,Software,9,10872,Salesperson_4,Asia,CRM
O-501796,2023-08-08,C-2063,101,CRM Pro,Software,7,9310,Salesperson_1,Europe,CRM
O-501797,2024-05-27,C-1945,102,Analytics Suite,Software,6,6054,Salesperson_1,Europe,CRM
O-501798,2023-08-06,C-1170,102,Analytics Suite,Software,15,9630,Salesperson_7,North America,CRM
O-501799,2023-01-01,C-3964,201,POS Terminal,Hardware,19,23579,Salesperson_9,North America,CRM
O-501800,2023-06-28,C-2019,102,Analytics Suite,Software,4,4800,Salesperson_1,Asia,CRM
O-501801,2024-02-26,C-2975,101,CRM Pro,Software,8,2336,Salesperson_5,North America,CRM
O-501802,2024-11-30,C-2323,101,CRM Pro,Software,12,17364,Salesperson_3,North America,CRM
O-501803,2024-09-19,C-3593,201,POS Terminal,Hardware,14,10374,Salesperson_8,Europe,CRM
O-501804,2023-09-15,C-1874,101,CRM Pro,Software,8,6440,Salesperson_10,North America,CRM
O-501805,2023-02-19,C-2288,102,Analytics Suite,Software,4,1688,Salesperson_7,North America,CRM
O-501806,2023-09-28,C-1904,101,CRM Pro,Software,1,686,Salesperson_5,Asia,CRM
O-501807,2023-05-16,C-3320,102,Analytics Suite,Software,9,8118,Salesperson_8,North America,CRM
O-501808,2024-02-16,C-2898,102,Analytics Suite,Software,11,8701,Salesperson_1,Europe,CRM
O-501809,2023-04-27,C-3400,101,CRM Pro,Software,13,4797,Salesperson_2,North America,CRM
O-501810,2023-02-19,C-1330,102,Analytics Suite,Software,9,6210,Salesperson_11,Europe,CRM
O-501811,2024-06-29,C-2551,201,POS Terminal,Hardware,12,13620,Salesperson_1,Asia,CRM
O-501812,2023-03-14,C-1920,201,POS Terminal,Hardware,1,667,Salesperson_7,Asia,CRM
O-501813,2024-05-10,C-1740,102,Analytics Suite,Software,2,1546,Salesperson_7,North America,CRM
O-501814,2023-11-15,C-2946,102,Analytics Suite,Software,12,9936,Salesperson_10,Asia,CRM
O-501815,2024-12-31,C-3115,101,CRM Pro,Software,6,1422,Salesperson_5,Europe,CRM
O-501816,2024-11-13,C-2656,101,CRM Pro,Software,11,14916,Salesperson_6,Europe,CRM
O-501817,2024-04-11,C-3835,201,POS Terminal,Hardware,17,7055,Salesperson_3,Asia,CRM
O-501818,2023-07-06,C-3935,102,Analytics Suite,Software,15,17205,Salesperson_9,Asia,CRM
O-501819,2023-10-13,C-3605,101,CRM Pro,Software,17,21029,Salesperson_11,North America,CRM
O-501820,2023-06-16,C-3896,102,Analytics Suite,Software,7,2639,Salesperson_10,North America,CRM
O-501821,2023-05-20,C-1172,101,CRM Pro,Software,6,4086,Salesperson_1,North America,CRM
O-501822,2023-04-30,C-3467,102,Analytics Suite,Software,15,13395,Salesperson_1,Asia,CRM
O-501823,2023-02-16,C-1614,101,CRM Pro,Software,2,2278,Salesperson_8,North America,CRM
O-501824,2023-06-13,C-2236,102,Analytics Suite,Software,9,12735,Salesperson_2,North America,CRM
O-501825,2024-01-09,C-1621,101,CRM Pro,Software,16,19152,Salesperson_8,Europe,CRM
O-501826,2023-10-18,C-1891,201,POS Terminal,Hardware,11,16181,Salesperson_1,North America,CRM
O-501827,2023-02-21,C-3311,101,CRM Pro,Software,11,6754,Salesperson_5,Europe,CRM
O-501828,2023-07-08,C-3531,201,POS Terminal,Hardware,13,13676,Salesperson_5,North America,CRM
O-501829,2023-08-23,C-3695,201,POS Terminal,Hardware,16,14336,Salesperson_10,Europe,CRM
O-501830,2024-07-09,C-3675,102,Analytics Suite,Software,5,1485,Salesperson_2,North America,CRM
O-501831,2024-04-26,C-2752,101,CRM Pro,Software,18,8442,Salesperson_8,Asia,CRM
O-501832,2024-03-10,C-2197,201,POS Terminal,Hardware,1,251,Salesperson_6,Asia,CRM
O-501833,2024-05-10,C-3665,101,CRM Pro,Software,5,1005,Salesperson_4,Europe,CRM
O-501834,2023-08-08,C-2267,102,Analytics Suite,Software,5,2295,Salesperson_6,Asia,CRM
O-501835,2023-12-21,C-1920,201,POS Terminal,Hardware,12,15648,Salesperson_9,North America,CRM
O-501836,2024-11-27,C-3021,101,CRM Pro,Software,3,2421,Salesperson_3,Asia,CRM
O-501837,2023-08-06,C-2417,201,POS Terminal,Hardware,10,13020,Salesperson_10,North America,CRM
O-501838,2024-09-12,C-1378,102,Analytics Suite,Software,11,5753,Salesperson_2,Europe,CRM
O-501839,2024-09-15,C-3584,101,CRM Pro,Software,3,2997,Salesperson_7,Asia,CRM
O-501840,2023-09-12,C-1603,101,CRM Pro,Software,6,2112,Salesperson_6,Europe,CRM
O-501841,2024-05-03,C-2797,101,CRM Pro,Software,13,16562,Salesperson_5,North America,CRM
O-501842,2024-04-20,C-3603,201,POS Terminal,Hardware,19,6688,Salesperson_10,Europe,CRM
O-501843,2023-12-21,C-3470,102,Analytics Suite,Software,2,2706,Salesperson_7,Asia,CRM
O-501844,2023-06-07,C-1935,101,CRM Pro,Software,12,15840,Salesperson_11,North America,CRM
O-501845,2024-05-22,C-1458,101,CRM Pro,Software,19,11761,Salesperson_9,North America,CRM
O-501846,2023-04-09,C-3474,102,Analytics Suite,Software,13,2652,Salesperson_11,North America,CRM
O-501847,2024-02-19,C-1919,102,Analytics Suite,Software,1,706,Salesperson_2,Europe,CRM
O-501848,2023-11-22,C-2821,102,Analytics Suite,Software,16,12784,Salesperson_8,North America,CRM
O-501849,2024-05-31,C-1141,102,Analytics Suite,Software,9,4995,Salesperson_2,Europe,CRM
O-501850,2023-05-21,C-1412,101,CRM Pro,Software,9,11808,Salesperson_10,Asia,CRM
O-501851,2023-10-31,C-2602,201,POS Terminal,Hardware,6,3210,Salesperson_1,North America,CRM
O-501852,2023-12-10,C-1659,101,CRM Pro,Software,14,3654,Salesperson_9,Europe,CRM
O-501853,2023-06-23,C-3416,102,Analytics Suite,Software,10,12470,Salesperson_1,Europe,CRM
O-501854,2023-04-14,C-3325,201,POS Terminal,Hardware,9,12096,Salesperson_2,Europe,CRM
O-501855,2023-09-28,C-2869,102,Analytics Suite,Software,17,14348,Salesperson_9,North America,CRM
O-501856,2023-08-05,C-3121,201,POS Terminal,Hardware,19,16587,Salesperson_1,Europe,CRM
O-501857,2024-01-26,C-1364,102,Analytics Suite,Software,17,9894,Salesperson_3,Europe,CRM
O-501858,2024-10-20,C-3953,101,CRM Pro,Software,2,2822,Salesperson_5,Europe,CRM
O-501859,2023-01-02,C-3544,201,POS Terminal,Hardware,20,10620,Salesperson_1,Asia,CRM
O-501860,2023-09-23,C-2562,201,POS Terminal,Hardware,14,10808,Salesperson_6,Europe,CRM
O-501861,2023-05-23,C-1647,101,CRM Pro,Software,16,12048,Salesperson_4,North America,CRM
O-501862,2023-06-06,C-1121,101,CRM Pro,Software,20,27560,Salesperson_7,North America,CRM
O-501863,2023-06-22,C-3464,102,Analytics Suite,Software,1,626,Salesperson_7,North America,CRM
O-501864,2024-10-04,C-2912,201,POS Terminal,Hardware,18,15534,Salesperson_1,Asia,CRM
O-501865,2024-01-10,C-3027,201,POS Terminal,Hardware,6,1272,Salesperson_4,North America,CRM
O-501866,2023-06-11,C-1652,102,Analytics Suite,Software,8,11144,Salesperson_6,North America,CRM
O-501867,2024-05-16,C-2479,102,Analytics Suite,Software,15,13305,Salesperson_6,Europe,CRM
O-501868,2024-06-01,C-1576,102,Analytics Suite,Software,4,1664,Salesperson_5,North America,CRM
O-501869,2023-08-02,C-1106,101,CRM Pro,Software,3,4029,Salesperson_6,Asia,CRM
O-501870,2024-01-30,C-1193,201,POS Terminal,Hardware,5,4680,Salesperson_9,Europe,CRM
O-501871,2023-12-18,C-1888,101,CRM Pro,Software,9,4257,Salesperson_2,Asia,CRM
O-501872,2024-01-23,C-3718,101,CRM Pro,Software,19,24757,Salesperson_2,North America,CRM
O-501873,2024-05-26,C-2540,101,CRM Pro,Software,5,1165,Salesperson_10,North America,CRM
O-501874,2024-01-14,C-1155,101,CRM Pro,Software,11,13211,Salesperson_3,North America,CRM
O-501875,2023-03-28,C-2387,102,Analytics Suite,Software,19,17233,Salesperson_2,North America,CRM
O-501876,2024-02-20,C-2388,101,CRM Pro,Software,16,16368,Salesperson_5,Europe,CRM
O-501877,2023-03-06,C-3385,101,CRM Pro,Software,17,13447,Salesperson_4,Asia,CRM
O-501878,2024-04-25,C-2338,101,CRM Pro,Software,19,11571,Salesperson_3,North America,CRM
O-501879,2024-09-16,C-1227,201,POS Terminal,Hardware,10,6230,Salesperson_9,Europe,CRM
O-501880,2024-07-14,C-3638,102,Analytics Suite,Software,8,10472,Salesperson_11,Asia,CRM
O-501881,2023-09-04,C-2041,201,POS Terminal,Hardware,14,11648,Salesperson_2,Asia,CRM
O-501882,2024-10-16,C-3466,102,Analytics Suite,Software,9,6507,Salesperson_9,Asia,CRM
O-501883,2024-03-20,C-3879,201,POS Terminal,Hardware,13,16809,Salesperson_9,Europe,CRM
O-501884,2024-11-13,C-2866,201,POS Terminal,Hardware,2,1926,Salesperson_8,Europe,CRM
O-501885,2023-06-27,C-2592,201,POS Terminal,Hardware,13,3367,Salesperson_7,Europe,CRM
O-501886,2024-10-12,C-2255,102,Analytics Suite,Software,19,15618,Salesperson_3,North America,CRM
O-501887,2024-12-22,C-2727,101,CRM Pro,Software,4,2600,Salesperson_4,Asia,CRM
O-501888,2023-11-21,C-1711,102,Analytics Suite,Software,20,11740,Salesperson_6,Europe,CRM
O-501889,2023-12-27,C-1338,102,Analytics Suite,Software,3,966,Salesperson_4,North America,CRM
O-501890,2024-11-07,C-3240,102,Analytics Suite,Software,15,7095,Salesperson_9,Asia,CRM
O-501891,2023-01-12,C-2756,101,CRM Pro,Software,2,1752,Salesperson_1,Asia,CRM
O-501892,2024-04-27,C-3812,102,Analytics Suite,Software,16,3536,Salesperson_1,Asia,CRM
O-501893,2024-12-13,C-1132,101,CRM Pro,Software,15,17535,Salesperson_9,Asia,CRM
O-501894,2023-03-01,C-3978,101,CRM Pro,Software,3,1086,Salesperson_10,Asia,CRM
O-501895,2024-03-26,C-1599,102,Analytics Suite,Software,1,835,Salesperson_4,North America,CRM
O-501896,2023-06-02,C-3770,201,POS Terminal,Hardware,19,15732,Salesperson_3,North America,CRM
O-501897,2024-02-09,C-3823,101,CRM Pro,Software,14,14392,Salesperson_2,Asia,CRM
O-501898,2024-09-11,C-3665,101,CRM Pro,Software,13,18642,Salesperson_5,Asia,CRM
O-501899,2024-07-13,C-1599,201,POS Terminal,Hardware,1,1365,Salesperson_7,Europe,CRM
O-501900,2024-08-19,C-1021,102,Analytics Suite,Software,3,1494,Salesperson_7,Asia,CRM
O-501901,2023-10-28,C-3361,102,Analytics Suite,Software,8,11688,Salesperson_2,Asia,CRM
O-501902,2023-01-02,C-2084,201,POS Terminal,Hardware,15,13425,Salesperson_1,Asia,CRM
O-501903,2023-01-13,C-3713,101,CRM Pro,Software,14,9716,Salesperson_4,Asia,CRM
O-501904,2024-12-18,C-1430,102,Analytics Suite,Software,3,4152,Salesperson_7,Europe,CRM
O-501905,2024-06-12,C-2526,102,Analytics Suite,Software,4,3436,Salesperson_11,Europe,CRM
O-501906,2023-09-09,C-3305,102,Analytics Suite,Software,10,11610,Salesperson_2,Asia,CRM
O-501907,2024-09-09,C-1931,201,POS Terminal,Hardware,1,1030,Salesperson_1,North America,CRM
O-501908,2023-08-17,C-3529,201,POS Terminal,Hardware,13,17446,Salesperson_5,North America,CRM
O-501909,2023-11-27,C-2001,201,POS Terminal,Hardware,4,1436,Salesperson_9,Europe,CRM
O-501910,2024-10-07,C-2875,101,CRM Pro,Software,4,3404,Salesperson_6,North America,CRM
O-501911,2023-06-22,C-1017,101,CRM Pro,Software,17,5593,Salesperson_9,Europe,CRM
O-501912,2024-01-17,C-2720,201,POS Terminal,Hardware,20,9380,Salesperson_7,North America,CRM
O-501913,2024-09-29,C-3596,102,Analytics Suite,Software,6,8040,Salesperson_4,North America,CRM
O-501914,2024-01-12,C-1169,101,CRM Pro,Software,9,10584,Salesperson_6,Europe,CRM
O-501915,2023-05-21,C-1287,201,POS Terminal,Hardware,17,12342,Salesperson_4,Asia,CRM
O-501916,2024-04-30,C-3112,101,CRM Pro,Software,14,18074,Salesperson_7,Europe,CRM
O-501917,2023-07-19,C-1892,201,POS Terminal,Hardware,15,12615,Salesperson_8,Asia,CRM
O-501918,2023-11-29,C-2004,102,Analytics Suite,Software,16,6608,Salesperson_7,Europe,CRM
O-501919,2023-06-23,C-3067,102,Analytics Suite,Software,19,4009,Salesperson_5,Asia,CRM
O-501920,2024-04-04,C-3257,201,POS Terminal,Hardware,5,3685,Salesperson_7,Asia,CRM
O-501921,2023-12-11,C-2877,201,POS Terminal,Hardware,19,5776,Salesperson_2,Europe,CRM
O-501922,2024-06-22,C-2052,201,POS Terminal,Hardware,5,2700,Salesperson_5,Europe,CRM
O-501923,2024-11-13,C-1623,101,CRM Pro,Software,17,24735,Salesperson_11,North America,CRM
O-501924,2024-06-11,C-3411,101,CRM Pro,Software,11,10725,Salesperson_6,Europe,CRM
O-501925,2023-06-27,C-2939,201,POS Terminal,Hardware,16,3968,Salesperson_8,Asia,CRM
O-501926,2024-07-05,C-2032,101,CRM Pro,Software,16,10144,Salesperson_8,Asia,CRM
O-501927,2023-10-09,C-1568,201,POS Terminal,Hardware,19,9367,Salesperson_2,Europe,CRM
O-501928,2023-11-10,C-3913,102,Analytics Suite,Software,9,6480,Salesperson_3,Europe,CRM
O-501929,2023-07-09,C-1565,101,CRM Pro,Software,19,19760,Salesperson_11,North America,CRM
O-501930,2024-10-11,C-1626,201,POS Terminal,Hardware,8,8208,Salesperson_3,Europe,CRM
O-501931,2024-02-15,C-2457,201,POS Terminal,Hardware,6,1416,Salesperson_8,Europe,CRM
O-501932,2023-08-22,C-1664,102,Analytics Suite,Software,6,7638,Salesperson_6,North America,CRM
O-501933,2024-03-10,C-2381,101,CRM Pro,Software,6,4458,Salesperson_3,Asia,CRM
O-501934,2024-09-08,C-3166,201,POS Terminal,Hardware,7,7644,Salesperson_11,Europe,CRM
O-501935,2023-04-18,C-1345,102,Analytics Suite,Software,3,873,Salesperson_11,North America,CRM
O-501936,2023-10-06,C-2269,101,CRM Pro,Software,18,19170,Salesperson_4,North America,CRM
O-501937,2023-08-30,C-1347,201,POS Terminal,Hardware,13,10101,Salesperson_5,Asia,CRM
O-501938,2023-04-02,C-1896,101,CRM Pro,Software,2,2574,Salesperson_11,Europe,CRM
O-501939,2023-08-20,C-2093,201,POS Terminal,Hardware,3,2745,Salesperson_1,Asia,CRM
O-501940,2023-12-06,C-3683,102,Analytics Suite,Software,20,22640,Salesperson_9,Europe,CRM
O-501941,2024-05-24,C-3784,101,CRM Pro,Software,3,1653,Salesperson_1,North America,CRM
O-501942,2023-10-22,C-3635,102,Analytics Suite,Software,3,4059,Salesperson_5,Europe,CRM
O-501943,2023-04-25,C-3523,201,POS Terminal,Hardware,14,8050,Salesperson_9,Europe,CRM
O-501944,2023-02-14,C-3918,101,CRM Pro,Software,9,11619,Salesperson_3,Europe,CRM
O-501945,2024-01-07,C-2760,201,POS Terminal,Hardware,9,3978,Salesperson_2,Europe,CRM
O-501946,2024-12-23,C-1701,101,CRM Pro,Software,10,10010,Salesperson_3,North America,CRM
O-501947,2024-11-23,C-3440,101,CRM Pro,Software,3,3756,Salesperson_11,North America,CRM
O-501948,2024-12-22,C-1218,102,Analytics Suite,Software,16,10384,Salesperson_1,Europe,CRM
O-501949,2024-06-28,C-2668,102,Analytics Suite,Software,1,859,Salesperson_8,North America,CRM
O-501950,2024-12-27,C-2214,101,CRM Pro,Software,3,1926,Salesperson_11,Asia,CRM
O-501951,2024-11-20,C-2226,101,CRM Pro,Software,13,17121,Salesperson_4,Asia,CRM
O-501952,2023-11-19,C-3970,101,CRM Pro,Software,12,4752,Salesperson_6,Europe,CRM
O-501953,2024-12-15,C-3157,201,POS Terminal,Hardware,9,10503,Salesperson_9,Europe,CRM
O-501954,2024-01-19,C-2339,101,CRM Pro,Software,14,17780,Salesperson_8,Asia,CRM
O-501955,2023-01-09,C-2254,102,Analytics Suite,Software,3,3564,Salesperson_7,North America,CRM
O-501956,2023-08-07,C-3706,102,Analytics Suite,Software,13,3003,Salesperson_4,Europe,CRM
O-501957,2023-11-28,C-3397,201,POS Terminal,Hardware,17,6120,Salesperson_8,North America,CRM
O-501958,2023-12-31,C-3162,201,POS Terminal,Hardware,15,22125,Salesperson_3,Europe,CRM
O-501959,2023-02-07,C-1335,201,POS Terminal,Hardware,5,2130,Salesperson_10,Asia,CRM
O-501960,2023-09-07,C-1557,102,Analytics Suite,Software,15,18600,Salesperson_3,Europe,CRM
O-501961,2023-03-10,C-2972,102,Analytics Suite,Software,6,5970,Salesperson_11,North America,CRM
O-501962,2024-05-02,C-1189,102,Analytics Suite,Software,3,1173,Salesperson_8,North America,CRM
O-501963,2023-10-12,C-2452,201,POS Terminal,Hardware,8,4072,Salesperson_9,North America,CRM
O-501964,2023-09-17,C-3263,101,CRM Pro,Software,6,6870,Salesperson_5,Asia,CRM
O-501965,2023-06-21,C-1323,101,CRM Pro,Software,15,16845,Salesperson_6,Europe,CRM
O-501966,2024-01-15,C-1450,101,CRM Pro,Software,17,6222,Salesperson_10,Europe,CRM
O-501967,2024-12-06,C-3891,102,Analytics Suite,Software,11,15048,Salesperson_4,Europe,CRM
O-501968,2023-10-21,C-1572,102,Analytics Suite,Software,1,1199,Salesperson_11,North America,CRM
O-501969,2024-02-22,C-2117,102,Analytics Suite,Software,18,22302,Salesperson_10,Asia,CRM
O-501970,2023-10-23,C-1798,102,Analytics Suite,Software,11,11407,Salesperson_11,North America,CRM
O-501971,2024-02-27,C-2695,101,CRM Pro,Software,14,4172,Salesperson_3,North America,CRM
O-501972,2024-04-13,C-3523,101,CRM Pro,Software,11,9438,Salesperson_11,North America,CRM
O-501973,2023-11-04,C-3630,201,POS Terminal,Hardware,11,4686,Salesperson_3,Asia,CRM
O-501974,2024-01-09,C-1305,201,POS Terminal,Hardware,18,4806,Salesperson_6,Europe,CRM
O-501975,2023-01-17,C-3410,102,Analytics Suite,Software,3,3183,Salesperson_6,Asia,CRM
O-501976,2024-12-07,C-2469,201,POS Terminal,Hardware,1,301,Salesperson_5,Europe,CRM
O-501977,2024-02-15,C-1313,102,Analytics Suite,Software,10,6270,Salesperson_7,Europe,CRM
O-501978,2024-04-15,C-3851,201,POS Terminal,Hardware,5,5795,Salesperson_11,Asia,CRM
O-501979,2023-04-13,C-3220,101,CRM Pro,Software,2,598,Salesperson_4,North America,CRM
O-501980,2024-03-01,C-1249,102,Analytics Suite,Software,3,2028,Salesperson_4,Asia,CRM
O-501981,2024-07-22,C-3089,102,Analytics Suite,Software,14,17682,Salesperson_5,North America,CRM
O-501982,2024-11-28,C-3481,201,POS Terminal,Hardware,9,3087,Salesperson_9,Asia,CRM
O-501983,2024-12-12,C-2975,201,POS Terminal,Hardware,7,6055,Salesperson_7,Europe,CRM
O-501984,2024-05-15,C-1788,201,POS Terminal,Hardware,15,15330,Salesperson_5,Asia,CRM
O-501985,2024-10-27,C-2488,201,POS Terminal,Hardware,1,1212,Salesperson_8,North America,CRM
O-501986,2024-07-01,C-1382,101,CRM Pro,Software,15,10770,Salesperson_8,Europe,CRM
O-501987,2024-07-08,C-3379,201,POS Terminal,Hardware,17,4369,Salesperson_8,North America,CRM
O-501988,2023-12-13,C-1626,102,Analytics Suite,Software,16,9216,Salesperson_11,Asia,CRM
O-501989,2024-11-12,C-2096,102,Analytics Suite,Software,15,7020,Salesperson_11,Europe,CRM
O-501990,2023-05-10,C-1317,201,POS Terminal,Hardware,11,6171,Salesperson_5,North America,CRM
O-501991,2023-05-27,C-2910,101,CRM Pro,Software,13,6253,Salesperson_3,Europe,CRM
O-501992,2023-12-09,C-3553,201,POS Terminal,Hardware,20,17460,Salesperson_10,Europe,CRM
O-501993,2023-07-29,C-2991,101,CRM Pro,Software,17,10540,Salesperson_5,Asia,CRM
O-501994,2024-11-23,C-3999,101,CRM Pro,Software,11,7040,Salesperson_9,Asia,CRM
O-501995,2024-09-17,C-1042,201,POS Terminal,Hardware,15,17565,Salesperson_2,North America,CRM
O-501996,2023-02-25,C-2988,102,Analytics Suite,Software,8,10112,Salesperson_1,Europe,CRM
O-501997,2023-06-18,C-2968,101,CRM Pro,Software,14,19600,Salesperson_4,Asia,CRM
O-501998,2023-05-20,C-2938,101,CRM Pro,Software,16,19264,Salesperson_2,North America,CRM
O-501999,2024-03-24,C-2716,102,Analytics Suite,Software,6,2106,Salesperson_7,Asia,CRM
O-502000,2023-09-03,C-2639,201,POS Terminal,Hardware,9,3240,Salesperson_8,Asia,CRM
O-502001,2024-08-31,C-2164,201,POS Terminal,Hardware,18,25146,Salesperson_10,Asia,CRM
O-502002,2024-05-16,C-3182,102,Analytics Suite,Software,10,13170,Salesperson_8,Europe,CRM
O-502003,2024-06-14,C-1628,101,CRM Pro,Software,11,8591,Salesperson_6,North America,CRM
O-502004,2024-06-26,C-3141,102,Analytics Suite,Software,20,27560,Salesperson_3,Asia,CRM
O-502005,2023-08-22,C-2683,101,CRM Pro,Software,13,3068,Salesperson_2,Europe,CRM
O-502006,2024-01-03,C-1918,102,Analytics Suite,Software,11,7040,Salesperson_3,Asia,CRM
O-502007,2023-03-23,C-3809,201,POS Terminal,Hardware,13,11466,Salesperson_8,Asia,CRM
O-502008,2024-08-23,C-1729,201,POS Terminal,Hardware,9,7560,Salesperson_4,Europe,CRM
O-502009,2023-09-11,C-1205,201,POS Terminal,Hardware,12,5568,Salesperson_8,North America,CRM
O-502010,2023-02-15,C-3287,102,Analytics Suite,Software,13,4199,Salesperson_3,North America,CRM
O-502011,2024-02-08,C-2716,102,Analytics Suite,Software,13,17940,Salesperson_6,Europe,CRM
O-502012,2024-05-09,C-2514,102,Analytics Suite,Software,12,3336,Salesperson_8,Europe,CRM
O-502013,2024-04-05,C-1046,101,CRM Pro,Software,15,3495,Salesperson_11,Europe,CRM
O-502014,2023-11-01,C-3665,102,Analytics Suite,Software,1,278,Salesperson_10,Europe,CRM
O-502015,2024-05-20,C-1382,102,Analytics Suite,Software,4,1860,Salesperson_4,North America,CRM
O-502016,2023-11-25,C-1254,102,Analytics Suite,Software,8,3488,Salesperson_2,Europe,CRM
O-502017,2023-10-22,C-3792,101,CRM Pro,Software,5,1805,Salesperson_4,Asia,CRM
O-502018,2023-06-13,C-1617,201,POS Terminal,Hardware,16,23616,Salesperson_6,North America,CRM
O-502019,2024-12-26,C-3413,102,Analytics Suite,Software,7,10493,Salesperson_1,Asia,CRM
O-502020,2023-01-03,C-3621,101,CRM Pro,Software,7,4984,Salesperson_10,Asia,CRM
O-502021,2023-08-12,C-3141,101,CRM Pro,Software,17,18377,Salesperson_7,North America,CRM
O-502022,2024-01-05,C-2016,102,Analytics Suite,Software,12,10392,Salesperson_1,Europe,CRM
O-502023,2024-08-23,C-1454,201,POS Terminal,Hardware,16,8768,Salesperson_6,North America,CRM
O-502024,2023-08-02,C-2209,101,CRM Pro,Software,5,3675,Salesperson_4,Asia,CRM
O-502025,2023-02-15,C-2325,201,POS Terminal,Hardware,10,14360,Salesperson_11,Asia,CRM
O-502026,2023-03-21,C-2639,101,CRM Pro,Software,12,8196,Salesperson_11,Europe,CRM
O-502027,2023-04-03,C-2681,101,CRM Pro,Software,11,8569,Salesperson_7,Asia,CRM
O-502028,2023-03-06,C-2533,201,POS Terminal,Hardware,10,6430,Salesperson_8,North America,CRM
O-502029,2023-07-05,C-3053,201,POS Terminal,Hardware,20,24980,Salesperson_6,Asia,CRM
O-502030,2023-02-04,C-2763,102,Analytics Suite,Software,3,3837,Salesperson_2,Asia,CRM
O-502031,2024-10-31,C-3174,101,CRM Pro,Software,15,20400,Salesperson_2,North America,CRM
O-502032,2023-09-23,C-3063,101,CRM Pro,Software,16,23536,Salesperson_9,North America,CRM
O-502033,2024-03-07,C-2423,102,Analytics Suite,Software,2,1304,Salesperson_9,Asia,CRM
O-502034,2024-03-31,C-1678,201,POS Terminal,Hardware,11,10989,Salesperson_1,North America,CRM
O-502035,2024-02-06,C-1729,201,POS Terminal,Hardware,1,212,Salesperson_3,Europe,CRM
O-502036,2023-06-23,C-3366,102,Analytics Suite,Software,2,1436,Salesperson_11,North America,CRM
O-502037,2024-09-15,C-3664,201,POS Terminal,Hardware,16,23504,Salesperson_4,North America,CRM
O-502038,2023-03-31,C-3897,102,Analytics Suite,Software,9,2988,Salesperson_2,North America,CRM
O-502039,2023-03-22,C-1265,102,Analytics Suite,Software,3,4227,Salesperson_1,North America,CRM
O-502040,2024-02-15,C-2717,101,CRM Pro,Software,5,6060,Salesperson_3,Asia,CRM
O-502041,2023-08-03,C-3491,201,POS Terminal,Hardware,20,21520,Salesperson_9,Asia,CRM
O-502042,2024-09-27,C-3797,101,CRM Pro,Software,10,11600,Salesperson_3,Europe,CRM
O-502043,2024-05-25,C-3003,201,POS Terminal,Hardware,17,19176,Salesperson_2,Europe,CRM
O-502044,2024-07-01,C-3694,201,POS Terminal,Hardware,2,716,Salesperson_7,Europe,CRM
O-502045,2024-09-25,C-1015,201,POS Terminal,Hardware,6,4884,Salesperson_3,North America,CRM
O-502046,2023-04-27,C-3559,101,CRM Pro,Software,3,2310,Salesperson_1,Europe,CRM
O-502047,2023-10-30,C-1015,101,CRM Pro,Software,8,3912,Salesperson_5,Europe,CRM
O-502048,2023-06-12,C-3010,201,POS Terminal,Hardware,6,4512,Salesperson_5,Asia,CRM
O-502049,2023-08-06,C-3759,102,Analytics Suite,Software,12,12480,Salesperson_11,Europe,CRM
O-502050,2023-12-22,C-1376,102,Analytics Suite,Software,10,12790,Salesperson_8,Asia,CRM
O-502051,2024-10-09,C-2010,201,POS Terminal,Hardware,20,5360,Salesperson_10,North America,CRM
O-502052,2023-08-16,C-3693,101,CRM Pro,Software,17,20179,Salesperson_10,Europe,CRM
O-502053,2024-11-26,C-2050,101,CRM Pro,Software,9,9090,Salesperson_11,Asia,CRM
O-502054,2023-03-07,C-1148,201,POS Terminal,Hardware,7,7294,Salesperson_7,Asia,CRM
O-502055,2023-01-13,C-3977,101,CRM Pro,Software,16,20704,Salesperson_5,Asia,CRM
O-502056,2023-10-03,C-2473,102,Analytics Suite,Software,13,19266,Salesperson_3,Europe,CRM
O-502057,2023-03-06,C-1677,201,POS Terminal,Hardware,14,12572,Salesperson_6,Europe,CRM
O-502058,2023-01-09,C-3237,102,Analytics Suite,Software,7,4375,Salesperson_7,Asia,CRM
O-502059,2023-01-08,C-2425,102,Analytics Suite,Software,6,6738,Salesperson_4,Asia,CRM
O-502060,2023-01-14,C-2581,201,POS Terminal,Hardware,2,1834,Salesperson_3,North America,CRM
O-502061,2024-04-01,C-1899,102,Analytics Suite,Software,20,5100,Salesperson_5,Europe,CRM
O-502062,2024-03-16,C-2205,101,CRM Pro,Software,16,8096,Salesperson_3,Europe,CRM
O-502063,2023-11-09,C-1788,201,POS Terminal,Hardware,2,2018,Salesperson_5,Asia,CRM
O-502064,2023-06-06,C-1499,201,POS Terminal,Hardware,11,10604,Salesperson_10,Europe,CRM
O-502065,2023-03-18,C-1135,102,Analytics Suite,Software,18,23706,Salesperson_1,Europe,CRM
O-502066,2023-12-29,C-1082,101,CRM Pro,Software,1,920,Salesperson_8,Asia,CRM
O-502067,2024-09-26,C-3241,101,CRM Pro,Software,20,23180,Salesperson_6,Asia,CRM
O-502068,2024-02-16,C-3349,101,CRM Pro,Software,5,2810,Salesperson_5,North America,CRM
O-502069,2024-02-12,C-2740,201,POS Terminal,Hardware,7,7966,Salesperson_3,Europe,CRM
O-502070,2024-08-21,C-1545,101,CRM Pro,Software,4,1276,Salesperson_9,Europe,CRM
O-502071,2024-09-19,C-2539,201,POS Terminal,Hardware,13,17862,Salesperson_5,Asia,CRM
O-502072,2023-11-11,C-2851,201,POS Terminal,Hardware,15,17355,Salesperson_9,Europe,CRM
O-502073,2024-11-15,C-2100,201,POS Terminal,Hardware,19,8455,Salesperson_11,Asia,CRM
O-502074,2023-11-18,C-3875,102,Analytics Suite,Software,9,11745,Salesperson_1,North America,CRM
O-502075,2024-08-12,C-2466,102,Analytics Suite,Software,5,3725,Salesperson_11,Asia,CRM
O-502076,2024-09-17,C-3434,201,POS Terminal,Hardware,1,1256,Salesperson_3,Asia,CRM
O-502077,2024-06-10,C-2119,101,CRM Pro,Software,7,7791,Salesperson_4,Europe,CRM
O-502078,2024-02-03,C-1123,102,Analytics Suite,Software,2,1182,Salesperson_4,Asia,CRM
O-502079,2024-05-01,C-1631,102,Analytics Suite,Software,20,18900,Salesperson_2,North America,CRM
O-502080,2024-04-05,C-2110,101,CRM Pro,Software,11,9988,Salesperson_4,Asia,CRM
O-502081,2024-06-02,C-1508,201,POS Terminal,Hardware,12,12000,Salesperson_5,North America,CRM
O-502082,2024-10-02,C-1069,201,POS Terminal,Hardware,6,8202,Salesperson_2,Europe,CRM
O-502083,2023-10-15,C-2215,101,CRM Pro,Software,8,2616,Salesperson_3,Asia,CRM
O-502084,2024-06-23,C-2683,101,CRM Pro,Software,7,1988,Salesperson_6,Asia,CRM
O-502085,2023-12-15,C-1309,102,Analytics Suite,Software,16,9872,Salesperson_3,Europe,CRM
O-502086,2023-05-16,C-2777,201,POS Terminal,Hardware,10,6390,Salesperson_9,North America,CRM
O-502087,2024-06-16,C-3050,102,Analytics Suite,Software,7,3731,Salesperson_4,Asia,CRM
O-502088,2024-09-19,C-3142,201,POS Terminal,Hardware,9,6750,Salesperson_4,North America,CRM
O-502089,2024-09-09,C-2088,102,Analytics Suite,Software,10,6970,Salesperson_6,North America,CRM
O-502090,2023-02-24,C-3261,201,POS Terminal,Hardware,6,8496,Salesperson_2,Europe,CRM
O-502091,2023-09-30,C-2910,101,CRM Pro,Software,9,9225,Salesperson_7,Europe,CRM
O-502092,2024-02-16,C-2431,201,POS Terminal,Hardware,20,24540,Salesperson_11,Asia,CRM
O-502093,2023-10-02,C-2396,101,CRM Pro,Software,7,7896,Salesperson_4,North America,CRM
O-502094,2023-11-29,C-1886,101,CRM Pro,Software,20,6220,Salesperson_8,Europe,CRM
O-502095,2024-10-27,C-1384,101,CRM Pro,Software,7,6958,Salesperson_1,Asia,CRM
O-502096,2024-05-05,C-3440,102,Analytics Suite,Software,10,14310,Salesperson_5,Asia,CRM
O-502097,2024-03-10,C-3957,101,CRM Pro,Software,11,9581,Salesperson_8,North America,CRM
O-502098,2024-10-17,C-3172,102,Analytics Suite,Software,3,1125,Salesperson_10,Europe,CRM
O-502099,2023-07-29,C-2239,102,Analytics Suite,Software,10,13300,Salesperson_4,Europe,CRM
O-502100,2023-08-03,C-3114,102,Analytics Suite,Software,12,11616,Salesperson_9,North America,CRM
O-502101,2024-01-18,C-3944,101,CRM Pro,Software,17,22151,Salesperson_4,North America,CRM
O-502102,2023-04-07,C-1652,102,Analytics Suite,Software,3,3675,Salesperson_8,Europe,CRM
O-502103,2024-11-13,C-2143,102,Analytics Suite,Software,4,5392,Salesperson_3,North America,CRM
O-502104,2024-07-06,C-1423,101,CRM Pro,Software,13,2795,Salesperson_10,North America,CRM
O-502105,2023-01-12,C-2280,201,POS Terminal,Hardware,8,4152,Salesperson_1,North America,CRM
O-502106,2024-11-07,C-2430,101,CRM Pro,Software,16,14720,Salesperson_4,Europe,CRM
O-502107,2023-05-09,C-2872,102,Analytics Suite,Software,3,672,Salesperson_3,Asia,CRM
O-502108,2023-05-05,C-3590,101,CRM Pro,Software,1,344,Salesperson_1,Europe,CRM
O-502109,2023-03-07,C-1784,101,CRM Pro,Software,12,6240,Salesperson_10,Asia,CRM
O-502110,2023-09-11,C-1816,102,Analytics Suite,Software,12,10620,Salesperson_4,Asia,CRM
O-502111,2024-06-28,C-2361,101,CRM Pro,Software,10,13630,Salesperson_4,Asia,CRM
O-502112,2024-08-13,C-3423,101,CRM Pro,Software,20,9760,Salesperson_9,Europe,CRM
O-502113,2024-09-23,C-2832,102,Analytics Suite,Software,16,15296,Salesperson_2,Asia,CRM
O-502114,2024-07-31,C-2403,102,Analytics Suite,Software,13,7748,Salesperson_1,Asia,CRM
O-502115,2024-03-23,C-2718,101,CRM Pro,Software,17,15640,Salesperson_7,Europe,CRM
O-502116,2023-06-29,C-1572,102,Analytics Suite,Software,20,15120,Salesperson_11,North America,CRM
O-502117,2024-08-30,C-1142,102,Analytics Suite,Software,12,2868,Salesperson_5,North America,CRM
O-502118,2024-07-09,C-1191,101,CRM Pro,Software,11,5885,Salesperson_3,North America,CRM
O-502119,2024-07-19,C-3139,101,CRM Pro,Software,3,1698,Salesperson_8,Europe,CRM
O-502120,2024-12-20,C-1507,201,POS Terminal,Hardware,12,5796,Salesperson_11,Europe,CRM
O-502121,2024-09-03,C-1636,102,Analytics Suite,Software,17,12087,Salesperson_8,Asia,CRM
O-502122,2023-07-14,C-2743,101,CRM Pro,Software,19,10678,Salesperson_1,North America,CRM
O-502123,2024-10-11,C-3140,101,CRM Pro,Software,15,4365,Salesperson_2,North America,CRM
O-502124,2024-02-29,C-2715,101,CRM Pro,Software,4,2780,Salesperson_2,Europe,CRM
O-502125,2024-09-19,C-1030,201,POS Terminal,Hardware,18,8010,Salesperson_9,Europe,CRM
O-502126,2023-04-09,C-1901,201,POS Terminal,Hardware,14,6426,Salesperson_5,Europe,CRM
O-502127,2024-11-12,C-1025,101,CRM Pro,Software,18,13770,Salesperson_1,North America,CRM
O-502128,2024-09-01,C-2539,201,POS Terminal,Hardware,7,3962,Salesperson_9,Asia,CRM
O-502129,2024-11-23,C-1243,102,Analytics Suite,Software,6,6564,Salesperson_2,Asia,CRM
O-502130,2024-02-11,C-2249,101,CRM Pro,Software,3,4248,Salesperson_5,Europe,CRM
O-502131,2023-09-25,C-2792,201,POS Terminal,Hardware,14,17668,Salesperson_5,Europe,CRM
O-502132,2023-03-19,C-2920,102,Analytics Suite,Software,10,3290,Salesperson_1,Europe,CRM
O-502133,2023-07-22,C-3197,102,Analytics Suite,Software,6,2448,Salesperson_9,North America,CRM
O-502134,2023-11-02,C-3604,102,Analytics Suite,Software,7,7763,Salesperson_8,North America,CRM
O-502135,2023-09-17,C-3254,101,CRM Pro,Software,5,3755,Salesperson_2,North America,CRM
O-502136,2023-04-05,C-1772,201,POS Terminal,Hardware,16,18032,Salesperson_1,North America,CRM
O-502137,2023-06-12,C-3206,101,CRM Pro,Software,16,11264,Salesperson_5,North America,CRM
O-502138,2023-10-06,C-2393,102,Analytics Suite,Software,11,4158,Salesperson_6,Europe,CRM
O-502139,2023-05-12,C-3133,101,CRM Pro,Software,3,3159,Salesperson_7,Asia,CRM
O-502140,2023-11-29,C-3911,102,Analytics Suite,Software,15,3240,Salesperson_3,North America,CRM
O-502141,2024-06-28,C-1864,201,POS Terminal,Hardware,10,4610,Salesperson_3,North America,CRM
O-502142,2024-12-07,C-3325,102,Analytics Suite,Software,17,5729,Salesperson_2,Europe,CRM
O-502143,2024-02-27,C-1525,102,Analytics Suite,Software,4,1148,Salesperson_8,Europe,CRM
O-502144,2024-06-16,C-1215,101,CRM Pro,Software,13,8593,Salesperson_1,Europe,CRM
O-502145,2024-06-28,C-2500,201,POS Terminal,Hardware,13,7488,Salesperson_1,Europe,CRM
O-502146,2023-11-05,C-3355,201,POS Terminal,Hardware,6,4734,Salesperson_7,North America,CRM
O-502147,2024-10-22,C-2669,101,CRM Pro,Software,8,10656,Salesperson_1,Europe,CRM
O-502148,2023-10-25,C-1471,201,POS Terminal,Hardware,8,10240,Salesperson_6,Asia,CRM
O-502149,2023-01-22,C-3133,101,CRM Pro,Software,12,6816,Salesperson_3,Europe,CRM
O-502150,2024-02-29,C-1979,102,Analytics Suite,Software,13,7371,Salesperson_2,North America,CRM
O-502151,2024-03-19,C-3779,101,CRM Pro,Software,7,2009,Salesperson_1,Asia,CRM
O-502152,2023-06-25,C-2883,201,POS Terminal,Hardware,20,27580,Salesperson_5,Asia,CRM
O-502153,2024-12-28,C-1063,101,CRM Pro,Software,2,1056,Salesperson_5,Europe,CRM
O-502154,2023-05-08,C-3191,201,POS Terminal,Hardware,16,7952,Salesperson_11,Europe,CRM
O-502155,2023-11-28,C-1600,101,CRM Pro,Software,6,3612,Salesperson_7,Asia,CRM
O-502156,2024-10-04,C-1159,201,POS Terminal,Hardware,9,7200,Salesperson_11,Asia,CRM
O-502157,2023-04-18,C-1733,201,POS Terminal,Hardware,2,2418,Salesperson_7,Asia,CRM
O-502158,2024-11-30,C-3622,102,Analytics Suite,Software,9,10161,Salesperson_5,Asia,CRM
O-502159,2023-08-11,C-1673,101,CRM Pro,Software,18,24606,Salesperson_10,Asia,CRM
O-502160,2024-03-26,C-3183,201,POS Terminal,Hardware,20,27480,Salesperson_1,Europe,CRM
O-502161,2024-02-22,C-1424,102,Analytics Suite,Software,7,2023,Salesperson_6,Europe,CRM
O-502162,2023-04-04,C-2182,101,CRM Pro,Software,18,22374,Salesperson_3,North America,CRM
O-502163,2024-09-08,C-3283,201,POS Terminal,Hardware,19,24852,Salesperson_3,North America,CRM
O-502164,2024-07-28,C-2473,102,Analytics Suite,Software,3,2247,Salesperson_1,North America,CRM
O-502165,2024-03-05,C-3120,102,Analytics Suite,Software,2,1338,Salesperson_1,Asia,CRM
O-502166,2023-01-21,C-3402,102,Analytics Suite,Software,15,17970,Salesperson_3,Asia,CRM
O-502167,2023-09-28,C-1889,201,POS Terminal,Hardware,3,906,Salesperson_4,North America,CRM
O-502168,2024-12-14,C-1444,102,Analytics Suite,Software,15,4770,Salesperson_6,Europe,CRM
O-502169,2024-09-25,C-2916,201,POS Terminal,Hardware,10,8520,Salesperson_5,North America,CRM
O-502170,2023-04-28,C-3945,201,POS Terminal,Hardware,17,9758,Salesperson_2,Asia,CRM
O-502171,2024-02-12,C-2857,201,POS Terminal,Hardware,3,2835,Salesperson_9,Asia,CRM
O-502172,2024-07-28,C-1682,102,Analytics Suite,Software,20,5360,Salesperson_6,North America,CRM
O-502173,2024-05-23,C-2643,201,POS Terminal,Hardware,8,10112,Salesperson_8,Asia,CRM
O-502174,2023-04-26,C-2349,201,POS Terminal,Hardware,9,11763,Salesperson_3,Europe,CRM
O-502175,2023-11-10,C-3722,101,CRM Pro,Software,3,3564,Salesperson_10,Europe,CRM
O-502176,2024-07-31,C-3422,102,Analytics Suite,Software,9,13068,Salesperson_4,Asia,CRM
O-502177,2024-03-15,C-3222,101,CRM Pro,Software,3,4050,Salesperson_7,Europe,CRM
O-502178,2024-11-14,C-2136,101,CRM Pro,Software,8,3992,Salesperson_11,Europe,CRM
O-502179,2024-08-04,C-1567,101,CRM Pro,Software,7,9940,Salesperson_5,Europe,CRM
O-502180,2024-02-02,C-2557,102,Analytics Suite,Software,13,15353,Salesperson_6,North America,CRM
O-502181,2024-02-04,C-3076,102,Analytics Suite,Software,17,9741,Salesperson_1,North America,CRM
O-502182,2024-02-01,C-1730,101,CRM Pro,Software,2,520,Salesperson_1,Europe,CRM
O-502183,2023-06-12,C-3565,101,CRM Pro,Software,11,8063,Salesperson_11,Asia,CRM
O-502184,2024-04-08,C-2976,201,POS Terminal,Hardware,5,3215,Salesperson_11,North America,CRM
O-502185,2023-11-18,C-3868,102,Analytics Suite,Software,9,11349,Salesperson_6,Europe,CRM
O-502186,2024-06-19,C-1837,102,Analytics Suite,Software,3,2199,Salesperson_9,North America,CRM
O-502187,2023-09-30,C-3265,201,POS Terminal,Hardware,4,2560,Salesperson_4,North America,CRM
O-502188,2024-12-05,C-1556,102,Analytics Suite,Software,12,9708,Salesperson_7,Europe,CRM
O-502189,2023-09-12,C-1850,102,Analytics Suite,Software,8,6888,Salesperson_3,Europe,CRM
O-502190,2024-10-09,C-1636,201,POS Terminal,Hardware,3,4458,Salesperson_3,Asia,CRM
O-502191,2023-03-21,C-2352,201,POS Terminal,Hardware,7,5299,Salesperson_10,Europe,CRM
O-502192,2023-08-19,C-3700,201,POS Terminal,Hardware,19,25859,Salesperson_7,Europe,CRM
O-502193,2023-09-20,C-3922,102,Analytics Suite,Software,16,13008,Salesperson_9,Europe,CRM
O-502194,2023-12-14,C-1838,102,Analytics Suite,Software,14,16198,Salesperson_2,Asia,CRM
O-502195,2024-01-14,C-3492,201,POS Terminal,Hardware,11,3883,Salesperson_10,North America,CRM
O-502196,2024-11-11,C-1306,102,Analytics Suite,Software,1,1180,Salesperson_11,Europe,CRM
O-502197,2024-03-20,C-2425,102,Analytics Suite,Software,20,19220,Salesperson_3,Asia,CRM
O-502198,2023-09-10,C-3871,102,Analytics Suite,Software,4,4968,Salesperson_4,North America,CRM
O-502199,2024-01-27,C-1777,102,Analytics Suite,Software,18,3600,Salesperson_7,Asia,CRM
O-502200,2024-06-20,C-3092,101,CRM Pro,Software,2,1440,Salesperson_2,North America,CRM
O-502201,2024-03-12,C-1402,101,CRM Pro,Software,9,5391,Salesperson_2,Europe,CRM
O-502202,2023-07-20,C-3119,102,Analytics Suite,Software,6,8502,Salesperson_2,North America,CRM
O-502203,2023-04-10,C-1253,201,POS Terminal,Hardware,1,546,Salesperson_8,Europe,CRM
O-502204,2024-03-31,C-1871,102,Analytics Suite,Software,10,2600,Salesperson_1,Asia,CRM
O-502205,2024-01-22,C-1263,101,CRM Pro,Software,9,12582,Salesperson_11,Asia,CRM
O-502206,2024-08-02,C-1399,101,CRM Pro,Software,12,11232,Salesperson_8,Asia,CRM
O-502207,2023-07-21,C-3060,101,CRM Pro,Software,2,1686,Salesperson_5,Europe,CRM
O-502208,2023-08-21,C-3613,102,Analytics Suite,Software,16,6336,Salesperson_4,Asia,CRM
O-502209,2023-06-12,C-3562,101,CRM Pro,Software,6,2118,Salesperson_9,North America,CRM
O-502210,2024-11-15,C-1444,201,POS Terminal,Hardware,18,9828,Salesperson_5,Asia,CRM
O-502211,2024-11-30,C-3078,102,Analytics Suite,Software,10,8650,Salesperson_5,Europe,CRM
O-502212,2023-11-03,C-2739,101,CRM Pro,Software,3,4377,Salesperson_4,Asia,CRM
O-502213,2024-01-05,C-2689,101,CRM Pro,Software,8,3024,Salesperson_3,Europe,CRM
O-502214,2024-12-11,C-1873,101,CRM Pro,Software,2,784,Salesperson_6,Europe,CRM
O-502215,2024-01-24,C-3573,101,CRM Pro,Software,19,11381,Salesperson_2,Asia,CRM
O-502216,2023-01-30,C-3093,101,CRM Pro,Software,5,1645,Salesperson_6,Europe,CRM
O-502217,2024-07-31,C-1936,101,CRM Pro,Software,15,7410,Salesperson_2,Europe,CRM
O-502218,2024-11-19,C-1865,102,Analytics Suite,Software,13,18473,Salesperson_3,North America,CRM
O-502219,2024-02-22,C-1781,201,POS Terminal,Hardware,17,6290,Salesperson_6,Europe,CRM
O-502220,2024-05-13,C-2816,201,POS Terminal,Hardware,14,10990,Salesperson_5,Europe,CRM
O-502221,2024-06-11,C-1170,101,CRM Pro,Software,1,719,Salesperson_4,North America,CRM
O-502222,2024-03-04,C-1728,101,CRM Pro,Software,2,784,Salesperson_10,Asia,CRM
O-502223,2023-03-26,C-2408,102,Analytics Suite,Software,16,11216,Salesperson_2,North America,CRM
O-502224,2024-04-07,C-2638,201,POS Terminal,Hardware,13,5473,Salesperson_5,Europe,CRM
O-502225,2023-11-10,C-2010,201,POS Terminal,Hardware,17,4556,Salesperson_11,Europe,CRM
O-502226,2024-08-25,C-1932,101,CRM Pro,Software,20,14460,Salesperson_3,North America,CRM
O-502227,2023-03-11,C-3469,101,CRM Pro,Software,14,19460,Salesperson_3,Europe,CRM
O-502228,2024-04-11,C-3153,102,Analytics Suite,Software,20,11460,Salesperson_10,Europe,CRM
O-502229,2024-01-03,C-2114,201,POS Terminal,Hardware,16,7136,Salesperson_6,Europe,CRM
O-502230,2023-06-26,C-3517,201,POS Terminal,Hardware,19,6156,Salesperson_1,Asia,CRM
O-502231,2023-01-08,C-1606,101,CRM Pro,Software,12,16476,Salesperson_7,North America,CRM
O-502232,2024-11-15,C-3878,201,POS Terminal,Hardware,10,3490,Salesperson_7,Asia,CRM
O-502233,2024-05-20,C-2929,102,Analytics Suite,Software,6,7800,Salesperson_1,Asia,CRM
O-502234,2024-10-11,C-1790,101,CRM Pro,Software,14,3584,Salesperson_4,Europe,CRM
O-502235,2024-12-09,C-2067,101,CRM Pro,Software,4,3192,Salesperson_6,Asia,CRM
O-502236,2023-05-12,C-2609,201,POS Terminal,Hardware,2,1616,Salesperson_2,North America,CRM
O-502237,2023-07-20,C-2074,102,Analytics Suite,Software,19,10298,Salesperson_4,Europe,CRM
O-502238,2024-07-06,C-3706,101,CRM Pro,Software,15,11070,Salesperson_2,Asia,CRM
O-502239,2023-11-10,C-1565,101,CRM Pro,Software,11,8536,Salesperson_3,Europe,CRM
O-502240,2024-03-23,C-3157,102,Analytics Suite,Software,16,12768,Salesperson_8,Europe,CRM
O-502241,2023-07-25,C-1003,102,Analytics Suite,Software,11,12903,Salesperson_7,Asia,CRM
O-502242,2024-06-13,C-1672,201,POS Terminal,Hardware,12,3600,Salesperson_1,Europe,CRM
O-502243,2023-03-26,C-2536,101,CRM Pro,Software,16,22272,Salesperson_8,Asia,CRM
O-502244,2024-10-25,C-3569,102,Analytics Suite,Software,3,3249,Salesperson_7,Europe,CRM
O-502245,2023-06-19,C-2238,201,POS Terminal,Hardware,18,16830,Salesperson_11,Asia,CRM
O-502246,2023-12-15,C-3201,102,Analytics Suite,Software,12,14124,Salesperson_3,Europe,CRM
O-502247,2024-01-27,C-2045,102,Analytics Suite,Software,12,4080,Salesperson_1,North America,CRM
O-502248,2023-12-16,C-3920,201,POS Terminal,Hardware,11,4048,Salesperson_10,Europe,CRM
O-502249,2024-04-05,C-2611,101,CRM Pro,Software,11,6853,Salesperson_11,North America,CRM
O-502250,2023-05-30,C-2320,101,CRM Pro,Software,13,5694,Salesperson_1,Europe,CRM
O-502251,2023-03-20,C-2214,102,Analytics Suite,Software,8,7816,Salesperson_1,Asia,CRM
O-502252,2023-10-09,C-3844,101,CRM Pro,Software,15,13965,Salesperson_11,North America,CRM
O-502253,2024-03-12,C-2190,201,POS Terminal,Hardware,7,9779,Salesperson_10,Asia,CRM
O-502254,2024-01-25,C-1548,102,Analytics Suite,Software,17,17714,Salesperson_2,North America,CRM
O-502255,2024-03-13,C-3856,201,POS Terminal,Hardware,17,7667,Salesperson_7,North America,CRM
O-502256,2023-09-18,C-1010,102,Analytics Suite,Software,5,7275,Salesperson_3,Europe,CRM
O-502257,2023-04-25,C-3501,101,CRM Pro,Software,20,17740,Salesperson_11,Asia,CRM
O-502258,2024-09-19,C-3283,201,POS Terminal,Hardware,5,5705,Salesperson_1,North America,CRM
O-502259,2023-11-29,C-3033,101,CRM Pro,Software,18,16524,Salesperson_11,Europe,CRM
O-502260,2023-04-01,C-2013,102,Analytics Suite,Software,19,20577,Salesperson_1,North America,CRM
O-502261,2023-09-29,C-1656,201,POS Terminal,Hardware,15,9585,Salesperson_8,Europe,CRM
O-502262,2024-05-24,C-2872,201,POS Terminal,Hardware,2,2902,Salesperson_6,Asia,CRM
O-502263,2023-10-29,C-3153,101,CRM Pro,Software,16,10736,Salesperson_5,North America,CRM
O-502264,2024-06-21,C-3738,101,CRM Pro,Software,20,24960,Salesperson_3,Europe,CRM
O-502265,2024-09-16,C-2590,201,POS Terminal,Hardware,17,15283,Salesperson_2,Asia,CRM
O-502266,2024-09-06,C-2733,201,POS Terminal,Hardware,16,6544,Salesperson_5,Europe,CRM
O-502267,2024-06-03,C-3804,201,POS Terminal,Hardware,9,9846,Salesperson_1,Asia,CRM
O-502268,2023-02-17,C-2146,101,CRM Pro,Software,18,26280,Salesperson_3,Asia,CRM
O-502269,2023-02-19,C-3471,102,Analytics Suite,Software,19,7201,Salesperson_6,North America,CRM
O-502270,2024-01-17,C-2952,102,Analytics Suite,Software,6,5514,Salesperson_4,North America,CRM
O-502271,2023-06-12,C-1399,101,CRM Pro,Software,6,3606,Salesperson_2,Asia,CRM
O-502272,2024-02-05,C-1777,101,CRM Pro,Software,7,4550,Salesperson_3,Europe,CRM
O-502273,2024-02-23,C-3016,201,POS Terminal,Hardware,16,19600,Salesperson_9,Europe,CRM
O-502274,2024-07-11,C-3914,101,CRM Pro,Software,3,2862,Salesperson_1,North America,CRM
O-502275,2024-04-05,C-1005,102,Analytics Suite,Software,10,11540,Salesperson_3,North America,CRM
O-502276,2023-05-02,C-1688,102,Analytics Suite,Software,8,6584,Salesperson_3,Europe,CRM
O-502277,2024-04-30,C-1833,102,Analytics Suite,Software,20,6320,Salesperson_2,Europe,CRM
O-502278,2023-04-11,C-2493,102,Analytics Suite,Software,14,5600,Salesperson_10,Europe,CRM
O-502279,2023-10-25,C-2593,201,POS Terminal,Hardware,3,3390,Salesperson_7,Europe,CRM
O-502280,2024-09-10,C-1760,101,CRM Pro,Software,17,9163,Salesperson_4,Asia,CRM
O-502281,2023-02-05,C-2659,102,Analytics Suite,Software,12,16560,Salesperson_4,Asia,CRM
O-502282,2024-06-26,C-3137,201,POS Terminal,Hardware,8,8080,Salesperson_8,North America,CRM
O-502283,2024-09-29,C-2001,102,Analytics Suite,Software,16,14544,Salesperson_2,North America,CRM
O-502284,2023-03-21,C-2551,201,POS Terminal,Hardware,12,6768,Salesperson_9,North America,CRM
O-502285,2024-02-19,C-2321,201,POS Terminal,Hardware,11,11495,Salesperson_9,Europe,CRM
O-502286,2024-11-09,C-3903,102,Analytics Suite,Software,19,13965,Salesperson_10,Europe,CRM
O-502287,2024-10-17,C-2425,201,POS Terminal,Hardware,8,3960,Salesperson_1,North America,CRM
O-502288,2023-09-23,C-3382,201,POS Terminal,Hardware,12,15360,Salesperson_4,North America,CRM
O-502289,2024-05-30,C-3400,102,Analytics Suite,Software,8,4656,Salesperson_9,Europe,CRM
O-502290,2023-07-18,C-1838,201,POS Terminal,Hardware,2,1272,Salesperson_2,Asia,CRM
O-502291,2024-09-10,C-3032,201,POS Terminal,Hardware,3,1398,Salesperson_6,Asia,CRM
O-502292,2024-01-24,C-3861,102,Analytics Suite,Software,9,12699,Salesperson_6,Asia,CRM
O-502293,2024-12-23,C-1692,101,CRM Pro,Software,3,3888,Salesperson_3,Europe,CRM
O-502294,2023-08-02,C-1760,102,Analytics Suite,Software,6,1272,Salesperson_3,Asia,CRM
O-502295,2024-12-24,C-1243,101,CRM Pro,Software,11,7887,Salesperson_6,Europe,CRM
O-502296,2023-04-17,C-1753,102,Analytics Suite,Software,2,472,Salesperson_1,North America,CRM
O-502297,2024-07-08,C-3437,102,Analytics Suite,Software,8,2368,Salesperson_4,Asia,CRM
O-502298,2024-04-22,C-2209,101,CRM Pro,Software,4,3512,Salesperson_9,North America,CRM
O-502299,2024-04-10,C-1249,102,Analytics Suite,Software,8,1928,Salesperson_8,North America,CRM
O-502300,2023-10-04,C-2319,101,CRM Pro,Software,15,5385,Salesperson_8,Asia,CRM
O-502301,2023-08-23,C-2649,102,Analytics Suite,Software,3,771,Salesperson_10,North America,CRM
O-502302,2023-04-26,C-1411,102,Analytics Suite,Software,9,4419,Salesperson_5,Europe,CRM
O-502303,2023-05-26,C-3420,101,CRM Pro,Software,4,4108,Salesperson_3,Asia,CRM
O-502304,2024-12-04,C-1962,201,POS Terminal,Hardware,1,1021,Salesperson_5,North America,CRM
O-502305,2024-06-24,C-2795,102,Analytics Suite,Software,1,428,Salesperson_4,Asia,CRM
O-502306,2024-12-03,C-2863,101,CRM Pro,Software,14,13188,Salesperson_10,North America,CRM
O-502307,2024-05-11,C-3605,102,Analytics Suite,Software,2,1296,Salesperson_5,Europe,CRM
O-502308,2023-12-06,C-1835,101,CRM Pro,Software,5,7270,Salesperson_5,Asia,CRM
O-502309,2024-11-16,C-3610,102,Analytics Suite,Software,12,3516,Salesperson_2,Europe,CRM
O-502310,2023-03-07,C-1573,101,CRM Pro,Software,7,7560,Salesperson_5,Europe,CRM
O-502311,2023-12-08,C-2143,101,CRM Pro,Software,2,2596,Salesperson_4,North America,CRM
O-502312,2024-12-20,C-1980,201,POS Terminal,Hardware,6,4812,Salesperson_7,North America,CRM
O-502313,2023-03-29,C-1679,102,Analytics Suite,Software,19,17119,Salesperson_4,Europe,CRM
O-502314,2023-02-18,C-1307,101,CRM Pro,Software,7,2324,Salesperson_3,Asia,CRM
O-502315,2023-11-05,C-1508,102,Analytics Suite,Software,7,5138,Salesperson_6,Europe,CRM
O-502316,2024-04-24,C-1458,102,Analytics Suite,Software,15,20835,Salesperson_10,North America,CRM
O-502317,2023-08-13,C-3365,201,POS Terminal,Hardware,9,9873,Salesperson_10,North America,CRM
O-502318,2023-05-04,C-3108,201,POS Terminal,Hardware,20,11340,Salesperson_6,Europe,CRM
O-502319,2023-05-15,C-1709,101,CRM Pro,Software,14,18816,Salesperson_7,North America,CRM
O-502320,2023-12-30,C-3392,201,POS Terminal,Hardware,4,4876,Salesperson_6,Europe,CRM
O-502321,2024-05-27,C-1118,101,CRM Pro,Software,9,6174,Salesperson_4,Asia,CRM
O-502322,2024-12-25,C-1918,101,CRM Pro,Software,10,10830,Salesperson_3,North America,CRM
O-502323,2024-01-28,C-1104,101,CRM Pro,Software,6,2544,Salesperson_11,Asia,CRM
O-502324,2024-08-01,C-1412,201,POS Terminal,Hardware,17,10812,Salesperson_2,Asia,CRM
O-502325,2023-11-15,C-1503,102,Analytics Suite,Software,4,3884,Salesperson_6,North America,CRM
O-502326,2024-01-25,C-3674,201,POS Terminal,Hardware,3,1248,Salesperson_10,Asia,CRM
O-502327,2024-11-09,C-3295,102,Analytics Suite,Software,15,9435,Salesperson_9,Asia,CRM
O-502328,2023-06-03,C-3025,201,POS Terminal,Hardware,4,3644,Salesperson_4,North America,CRM
O-502329,2023-08-08,C-1452,101,CRM Pro,Software,1,630,Salesperson_9,Asia,CRM
O-502330,2024-09-01,C-3379,102,Analytics Suite,Software,11,4026,Salesperson_8,Europe,CRM
O-502331,2024-05-10,C-3203,101,CRM Pro,Software,17,19924,Salesperson_10,Asia,CRM
O-502332,2024-01-23,C-1863,201,POS Terminal,Hardware,7,6909,Salesperson_7,North America,CRM
O-502333,2023-09-19,C-1003,101,CRM Pro,Software,8,8368,Salesperson_10,Europe,CRM
O-502334,2024-09-28,C-3871,201,POS Terminal,Hardware,13,17537,Salesperson_5,North America,CRM
O-502335,2023-08-26,C-1149,101,CRM Pro,Software,14,3612,Salesperson_1,Europe,CRM
O-502336,2024-02-19,C-2999,102,Analytics Suite,Software,13,17355,Salesperson_9,North America,CRM
O-502337,2024-01-21,C-2163,201,POS Terminal,Hardware,19,12901,Salesperson_2,North America,CRM
O-502338,2023-06-18,C-1214,101,CRM Pro,Software,9,7155,Salesperson_2,Europe,CRM
O-502339,2024-03-04,C-2207,201,POS Terminal,Hardware,11,15895,Salesperson_10,North America,CRM
O-502340,2023-05-07,C-2289,102,Analytics Suite,Software,6,5796,Salesperson_1,North America,CRM
O-502341,2023-05-06,C-2433,101,CRM Pro,Software,18,4608,Salesperson_11,Europe,CRM
O-502342,2024-04-23,C-1350,102,Analytics Suite,Software,6,3858,Salesperson_11,Europe,CRM
O-502343,2023-04-03,C-2474,201,POS Terminal,Hardware,3,753,Salesperson_9,Asia,CRM
O-502344,2024-01-07,C-1849,201,POS Terminal,Hardware,18,7902,Salesperson_3,Europe,CRM
O-502345,2024-04-21,C-2888,102,Analytics Suite,Software,3,1005,Salesperson_8,Europe,CRM
O-502346,2023-08-28,C-3958,102,Analytics Suite,Software,7,3311,Salesperson_7,Europe,CRM
O-502347,2024-04-10,C-2784,201,POS Terminal,Hardware,12,9168,Salesperson_8,Asia,CRM
O-502348,2023-03-27,C-3935,102,Analytics Suite,Software,1,438,Salesperson_4,North America,CRM
O-502349,2024-04-01,C-1724,201,POS Terminal,Hardware,16,8208,Salesperson_3,Asia,CRM
O-502350,2024-05-13,C-1966,101,CRM Pro,Software,17,25262,Salesperson_1,North America,CRM
O-502351,2023-09-18,C-3471,201,POS Terminal,Hardware,1,1357,Salesperson_5,Asia,CRM
O-502352,2023-08-30,C-2855,101,CRM Pro,Software,4,1744,Salesperson_1,North America,CRM
O-502353,2023-09-23,C-3000,101,CRM Pro,Software,9,5346,Salesperson_7,North America,CRM
O-502354,2023-07-17,C-1623,101,CRM Pro,Software,9,10557,Salesperson_7,Asia,CRM
O-502355,2023-05-09,C-2950,102,Analytics Suite,Software,10,14430,Salesperson_4,Asia,CRM
O-502356,2024-03-09,C-2255,101,CRM Pro,Software,3,2046,Salesperson_1,Asia,CRM
O-502357,2024-10-01,C-1027,101,CRM Pro,Software,4,5404,Salesperson_7,Asia,CRM
O-502358,2024-03-29,C-1483,201,POS Terminal,Hardware,7,3976,Salesperson_3,Asia,CRM
O-502359,2024-08-10,C-1331,201,POS Terminal,Hardware,7,4102,Salesperson_4,Europe,CRM
O-502360,2023-03-21,C-2418,101,CRM Pro,Software,5,6355,Salesperson_5,Europe,CRM
O-502361,2024-02-08,C-3742,201,POS Terminal,Hardware,7,4326,Salesperson_7,Asia,CRM
O-502362,2023-10-13,C-1021,201,POS Terminal,Hardware,18,4140,Salesperson_10,Asia,CRM
O-502363,2023-07-16,C-1723,201,POS Terminal,Hardware,5,5930,Salesperson_3,North America,CRM
O-502364,2023-03-02,C-2074,201,POS Terminal,Hardware,4,1484,Salesperson_7,Europe,CRM
O-502365,2024-05-04,C-3235,201,POS Terminal,Hardware,13,6461,Salesperson_3,North America,CRM
O-502366,2024-05-07,C-1557,201,POS Terminal,Hardware,11,4092,Salesperson_11,Asia,CRM
O-502367,2023-12-10,C-2014,201,POS Terminal,Hardware,12,14580,Salesperson_7,Asia,CRM
O-502368,2023-11-06,C-1614,101,CRM Pro,Software,5,5350,Salesperson_5,North America,CRM
O-502369,2023-02-14,C-1598,201,POS Terminal,Hardware,11,15235,Salesperson_4,Europe,CRM
O-502370,2023-09-23,C-2976,102,Analytics Suite,Software,13,4056,Salesperson_1,Europe,CRM
O-502371,2024-04-15,C-3814,101,CRM Pro,Software,8,3640,Salesperson_7,Asia,CRM
O-502372,2023-05-09,C-1789,201,POS Terminal,Hardware,20,5980,Salesperson_11,Europe,CRM
O-502373,2024-07-11,C-3703,101,CRM Pro,Software,19,13585,Salesperson_6,Europe,CRM
O-502374,2024-11-30,C-2864,201,POS Terminal,Hardware,3,2574,Salesperson_9,Asia,CRM
O-502375,2023-05-03,C-2876,102,Analytics Suite,Software,11,6743,Salesperson_1,North America,CRM
O-502376,2024-07-23,C-1656,101,CRM Pro,Software,12,3816,Salesperson_10,North America,CRM
O-502377,2024-07-16,C-3049,101,CRM Pro,Software,4,4356,Salesperson_10,Asia,CRM
O-502378,2024-01-12,C-1439,101,CRM Pro,Software,13,4693,Salesperson_4,North America,CRM
O-502379,2023-08-24,C-1755,201,POS Terminal,Hardware,7,8708,Salesperson_8,North America,CRM
O-502380,2024-09-05,C-1346,101,CRM Pro,Software,1,354,Salesperson_8,Europe,CRM
O-502381,2024-08-24,C-2383,201,POS Terminal,Hardware,8,5232,Salesperson_7,Asia,CRM
O-502382,2023-09-29,C-1357,201,POS Terminal,Hardware,18,22716,Salesperson_8,Europe,CRM
O-502383,2023-05-23,C-3514,101,CRM Pro,Software,10,3370,Salesperson_2,Asia,CRM
O-502384,2023-06-18,C-1133,201,POS Terminal,Hardware,2,940,Salesperson_5,North America,CRM
O-502385,2023-09-17,C-3779,101,CRM Pro,Software,7,2968,Salesperson_5,North America,CRM
O-502386,2024-06-23,C-2411,101,CRM Pro,Software,13,14365,Salesperson_9,Asia,CRM
O-502387,2024-10-14,C-2307,102,Analytics Suite,Software,18,5346,Salesperson_3,Asia,CRM
O-502388,2023-06-30,C-3693,102,Analytics Suite,Software,9,3285,Salesperson_7,Asia,CRM
O-502389,2024-11-02,C-2526,101,CRM Pro,Software,15,3405,Salesperson_10,Asia,CRM
O-502390,2024-05-26,C-2103,201,POS Terminal,Hardware,6,4308,Salesperson_5,Europe,CRM
O-502391,2023-02-09,C-3739,102,Analytics Suite,Software,12,11664,Salesperson_1,Asia,CRM
O-502392,2023-04-22,C-1543,201,POS Terminal,Hardware,5,7425,Salesperson_5,North America,CRM
O-502393,2024-06-14,C-3480,101,CRM Pro,Software,16,9248,Salesperson_6,North America,CRM
O-502394,2024-06-05,C-3072,201,POS Terminal,Hardware,2,1300,Salesperson_2,Europe,CRM
O-502395,2024-05-20,C-2918,102,Analytics Suite,Software,2,908,Salesperson_6,Asia,CRM
O-502396,2024-02-27,C-1864,201,POS Terminal,Hardware,19,26239,Salesperson_1,Asia,CRM
O-502397,2024-09-01,C-2683,201,POS Terminal,Hardware,1,1099,Salesperson_7,Europe,CRM
O-502398,2023-11-12,C-1576,102,Analytics Suite,Software,2,2738,Salesperson_11,Asia,CRM
O-502399,2024-11-16,C-2995,101,CRM Pro,Software,9,8028,Salesperson_6,North America,CRM
O-502400,2024-02-19,C-2611,201,POS Terminal,Hardware,14,13314,Salesperson_3,Europe,CRM
O-502401,2023-06-08,C-1894,101,CRM Pro,Software,4,3616,Salesperson_7,North America,CRM
O-502402,2023-06-29,C-3343,201,POS Terminal,Hardware,14,11158,Salesperson_5,North America,CRM
O-502403,2024-01-06,C-1248,102,Analytics Suite,Software,6,6426,Salesperson_6,Asia,CRM
O-502404,2023-08-19,C-2806,201,POS Terminal,Hardware,7,6951,Salesperson_2,North America,CRM
O-502405,2023-09-12,C-1209,102,Analytics Suite,Software,8,8072,Salesperson_5,Asia,CRM
O-502406,2024-11-10,C-2896,201,POS Terminal,Hardware,20,6620,Salesperson_3,Asia,CRM
O-502407,2024-09-10,C-1964,201,POS Terminal,Hardware,20,17860,Salesperson_10,North America,CRM
O-502408,2023-05-28,C-3652,201,POS Terminal,Hardware,9,6246,Salesperson_7,Europe,CRM
O-502409,2024-10-07,C-2303,101,CRM Pro,Software,1,717,Salesperson_5,North America,CRM
O-502410,2024-04-21,C-2249,102,Analytics Suite,Software,6,3282,Salesperson_10,North America,CRM
O-502411,2023-09-04,C-2614,201,POS Terminal,Hardware,9,4977,Salesperson_6,Europe,CRM
O-502412,2024-12-23,C-1481,201,POS Terminal,Hardware,9,12402,Salesperson_10,Europe,CRM
O-502413,2023-01-14,C-2934,101,CRM Pro,Software,3,3843,Salesperson_9,Asia,CRM
O-502414,2023-07-28,C-1378,101,CRM Pro,Software,18,21852,Salesperson_1,North America,CRM
O-502415,2024-12-27,C-1836,102,Analytics Suite,Software,20,29640,Salesperson_11,North America,CRM
O-502416,2023-11-16,C-1469,102,Analytics Suite,Software,4,4988,Salesperson_5,North America,CRM
O-502417,2024-12-18,C-1520,101,CRM Pro,Software,20,6880,Salesperson_8,North America,CRM
O-502418,2024-11-07,C-2710,201,POS Terminal,Hardware,2,2570,Salesperson_5,Asia,CRM
O-502419,2023-05-06,C-3649,201,POS Terminal,Hardware,3,2727,Salesperson_6,Asia,CRM
O-502420,2023-03-13,C-3390,101,CRM Pro,Software,1,304,Salesperson_11,North America,CRM
O-502421,2024-11-18,C-1114,201,POS Terminal,Hardware,3,1815,Salesperson_10,Asia,CRM
O-502422,2024-07-11,C-3059,102,Analytics Suite,Software,16,22928,Salesperson_8,Europe,CRM
O-502423,2024-08-10,C-2427,102,Analytics Suite,Software,8,2184,Salesperson_11,North America,CRM
O-502424,2024-06-03,C-1823,101,CRM Pro,Software,17,3825,Salesperson_7,North America,CRM
O-502425,2023-08-28,C-1550,201,POS Terminal,Hardware,13,17485,Salesperson_7,North America,CRM
O-502426,2023-02-01,C-3761,201,POS Terminal,Hardware,20,27200,Salesperson_5,Europe,CRM
O-502427,2024-03-24,C-1003,201,POS Terminal,Hardware,11,14608,Salesperson_2,Asia,CRM
O-502428,2024-03-18,C-3311,201,POS Terminal,Hardware,14,20580,Salesperson_3,Asia,CRM
O-502429,2023-06-19,C-1627,102,Analytics Suite,Software,19,4807,Salesperson_3,North America,CRM
O-502430,2024-08-15,C-3596,201,POS Terminal,Hardware,2,2618,Salesperson_6,Asia,CRM
O-502431,2023-11-15,C-3884,101,CRM Pro,Software,5,6765,Salesperson_5,North America,CRM
O-502432,2024-11-20,C-2573,102,Analytics Suite,Software,2,1998,Salesperson_8,Europe,CRM
O-502433,2024-09-20,C-1071,101,CRM Pro,Software,11,9713,Salesperson_8,Asia,CRM
O-502434,2023-07-25,C-1756,201,POS Terminal,Hardware,13,12181,Salesperson_4,Asia,CRM
O-502435,2024-03-01,C-2703,201,POS Terminal,Hardware,18,8010,Salesperson_11,North America,CRM
O-502436,2023-03-31,C-2222,102,Analytics Suite,Software,8,5800,Salesperson_2,Europe,CRM
O-502437,2023-08-23,C-2072,102,Analytics Suite,Software,17,11033,Salesperson_9,Asia,CRM
O-502438,2023-08-23,C-1709,102,Analytics Suite,Software,6,3210,Salesperson_7,North America,CRM
O-502439,2024-01-10,C-2125,101,CRM Pro,Software,2,1734,Salesperson_1,Asia,CRM
O-502440,2023-10-02,C-1858,102,Analytics Suite,Software,4,5036,Salesperson_1,Europe,CRM
O-502441,2024-06-27,C-3016,201,POS Terminal,Hardware,18,9846,Salesperson_4,Asia,CRM
O-502442,2023-12-23,C-3327,101,CRM Pro,Software,17,13379,Salesperson_7,North America,CRM
O-502443,2024-02-13,C-2829,101,CRM Pro,Software,4,920,Salesperson_10,Europe,CRM
O-502444,2023-12-17,C-3163,101,CRM Pro,Software,13,12389,Salesperson_5,Europe,CRM
O-502445,2024-12-27,C-1296,102,Analytics Suite,Software,6,4452,Salesperson_6,North America,CRM
O-502446,2023-04-26,C-3016,201,POS Terminal,Hardware,6,4314,Salesperson_11,North America,CRM
O-502447,2024-11-04,C-1462,201,POS Terminal,Hardware,10,4640,Salesperson_9,North America,CRM
O-502448,2024-10-27,C-1920,201,POS Terminal,Hardware,7,6580,Salesperson_9,Asia,CRM
O-502449,2023-12-08,C-2723,102,Analytics Suite,Software,11,13585,Salesperson_5,Asia,CRM
O-502450,2024-04-08,C-2297,102,Analytics Suite,Software,13,16510,Salesperson_10,Europe,CRM
O-502451,2024-12-31,C-1813,102,Analytics Suite,Software,11,6105,Salesperson_8,Europe,CRM
O-502452,2024-10-30,C-2451,101,CRM Pro,Software,17,14263,Salesperson_2,Europe,CRM
O-502453,2024-06-09,C-2024,101,CRM Pro,Software,4,4604,Salesperson_5,Europe,CRM
O-502454,2024-11-20,C-2107,201,POS Terminal,Hardware,2,2614,Salesperson_2,Europe,CRM
O-502455,2023-10-28,C-3710,102,Analytics Suite,Software,1,1485,Salesperson_5,Asia,CRM
O-502456,2023-06-29,C-1754,102,Analytics Suite,Software,12,14028,Salesperson_6,Europe,CRM
O-502457,2023-06-21,C-2930,201,POS Terminal,Hardware,13,5941,Salesperson_2,Europe,CRM
O-502458,2024-08-29,C-1119,101,CRM Pro,Software,13,18018,Salesperson_2,Asia,CRM
O-502459,2023-10-14,C-2254,201,POS Terminal,Hardware,17,14654,Salesperson_11,Asia,CRM
O-502460,2023-01-27,C-3256,201,POS Terminal,Hardware,15,14850,Salesperson_10,Europe,CRM
O-502461,2024-11-23,C-1291,201,POS Terminal,Hardware,3,1440,Salesperson_5,North America,CRM
O-502462,2023-05-12,C-2953,102,Analytics Suite,Software,4,3504,Salesperson_2,Asia,CRM
O-502463,2024-11-05,C-3270,102,Analytics Suite,Software,15,19065,Salesperson_6,North America,CRM
O-502464,2024-07-03,C-2670,101,CRM Pro,Software,4,4512,Salesperson_11,Europe,CRM
O-502465,2024-02-12,C-3816,201,POS Terminal,Hardware,9,7623,Salesperson_5,Europe,CRM
O-502466,2024-05-08,C-2052,101,CRM Pro,Software,17,5100,Salesperson_2,Asia,CRM
O-502467,2024-11-26,C-2529,201,POS Terminal,Hardware,15,16440,Salesperson_7,North America,CRM
O-502468,2024-07-03,C-1282,201,POS Terminal,Hardware,8,6056,Salesperson_1,Europe,CRM
O-502469,2024-04-21,C-3627,101,CRM Pro,Software,17,15742,Salesperson_2,Europe,CRM
O-502470,2023-02-05,C-3175,101,CRM Pro,Software,10,9050,Salesperson_5,North America,CRM
O-502471,2024-05-26,C-1497,201,POS Terminal,Hardware,3,966,Salesperson_8,North America,CRM
O-502472,2024-08-07,C-2370,102,Analytics Suite,Software,10,11390,Salesperson_6,Europe,CRM
O-502473,2023-07-20,C-2255,101,CRM Pro,Software,14,13482,Salesperson_8,Asia,CRM
O-502474,2023-06-11,C-2462,102,Analytics Suite,Software,12,15780,Salesperson_9,North America,CRM
O-502475,2024-08-13,C-1955,102,Analytics Suite,Software,14,4004,Salesperson_10,Asia,CRM
O-502476,2024-02-04,C-1023,201,POS Terminal,Hardware,8,10688,Salesperson_3,Asia,CRM
O-502477,2023-07-20,C-3414,201,POS Terminal,Hardware,16,23312,Salesperson_11,Asia,CRM
O-502478,2023-09-13,C-1856,102,Analytics Suite,Software,4,2436,Salesperson_4,Europe,CRM
O-502479,2024-04-08,C-1205,201,POS Terminal,Hardware,4,3040,Salesperson_2,Asia,CRM
O-502480,2024-04-17,C-2676,201,POS Terminal,Hardware,1,1142,Salesperson_5,Europe,CRM
O-502481,2023-06-11,C-3674,201,POS Terminal,Hardware,9,5328,Salesperson_4,North America,CRM
O-502482,2024-09-12,C-1215,101,CRM Pro,Software,5,4040,Salesperson_10,Asia,CRM
O-502483,2023-02-02,C-3333,101,CRM Pro,Software,17,13056,Salesperson_4,Europe,CRM
O-502484,2024-06-25,C-3865,102,Analytics Suite,Software,6,5844,Salesperson_8,Asia,CRM
O-502485,2024-08-20,C-1437,201,POS Terminal,Hardware,5,4390,Salesperson_2,Asia,CRM
O-502486,2024-11-26,C-1683,101,CRM Pro,Software,1,665,Salesperson_6,Europe,CRM
O-502487,2023-04-10,C-1522,101,CRM Pro,Software,12,11532,Salesperson_8,Asia,CRM
O-502488,2024-07-14,C-1561,201,POS Terminal,Hardware,9,10836,Salesperson_10,Asia,CRM
O-502489,2024-11-25,C-2098,201,POS Terminal,Hardware,12,11736,Salesperson_1,North America,CRM
O-502490,2024-01-28,C-3414,102,Analytics Suite,Software,17,17612,Salesperson_6,Asia,CRM
O-502491,2024-11-19,C-3691,201,POS Terminal,Hardware,12,6012,Salesperson_6,North America,CRM
O-502492,2023-10-24,C-1703,201,POS Terminal,Hardware,19,26999,Salesperson_9,North America,CRM
O-502493,2024-05-24,C-1321,101,CRM Pro,Software,13,9958,Salesperson_6,Europe,CRM
O-502494,2023-08-05,C-1575,101,CRM Pro,Software,8,5472,Salesperson_2,Asia,CRM
O-502495,2023-09-28,C-3217,101,CRM Pro,Software,7,9156,Salesperson_6,North America,CRM
O-502496,2023-05-08,C-2496,101,CRM Pro,Software,6,6984,Salesperson_6,North America,CRM
O-502497,2024-06-14,C-2042,201,POS Terminal,Hardware,13,14963,Salesperson_3,North America,CRM
O-502498,2024-04-24,C-2777,102,Analytics Suite,Software,5,4270,Salesperson_9,North America,CRM
O-502499,2023-03-14,C-1585,201,POS Terminal,Hardware,12,17796,Salesperson_8,Europe,CRM
O-501447,2024-09-06,C-2393,102,Analytics Suite,Software,11,3201,Salesperson_6,Europe,DataWarehouse
O-501114,2024-07-09,C-3283,201,POS Terminal,Hardware,9,6921,Salesperson_1,Europe,DataWarehouse
O-501064,2024-04-16,C-3432,201,POS Terminal,Hardware,5,2375,Salesperson_2,Europe,DataWarehouse
O-502287,2024-10-17,C-2425,201,POS Terminal,Hardware,8,3960,Salesperson_1,North America,DataWarehouse
O-501537,2023-06-15,C-2819,201,POS Terminal,Hardware,2,1840,Salesperson_6,Asia,DataWarehouse
O-500668,2024-04-28,C-1600,101,CRM Pro,Software,8,2912,Salesperson_9,Asia,DataWarehouse
O-501583,2024-09-15,C-2658,101,CRM Pro,Software,10,10970,Salesperson_4,Asia,DataWarehouse
O-502404,2023-08-20,C-2806,201,POS Terminal,Hardware,7,6951,Salesperson_2,North America,DataWarehouse
O-500497,2023-04-07,C-2695,101,CRM Pro,Software,3,4371,Salesperson_2,Europe,DataWarehouse
O-502480,2024-04-18,C-2676,201,POS Terminal,Hardware,1,1142,Salesperson_5,Europe,DataWarehouse
O-500471,2024-07-15,C-1969,101,CRM Pro,Software,14,5348,Salesperson_4,North America,DataWarehouse
O-500246,2024-06-27,C-1718,102,Analytics Suite,Software,8,3496,Salesperson_2,Asia,DataWarehouse
O-500923,2023-11-15,C-1629,201,POS Terminal,Hardware,10,8690,Salesperson_11,Europe,DataWarehouse
O-501131,2024-12-18,C-1662,101,CRM Pro,Software,3,3873,Salesperson_8,North America,DataWarehouse
O-500670,2024-09-23,C-3738,102,Analytics Suite,Software,5,2110,Salesperson_11,Asia,DataWarehouse
O-500916,2024-09-20,C-3430,101,CRM Pro,Software,11,10164,Salesperson_6,North America,DataWarehouse
O-501414,2023-08-31,C-1900,101,CRM Pro,Software,9,12636,Salesperson_4,Europe,DataWarehouse
O-501606,2024-04-03,C-3643,102,Analytics Suite,Software,3,798,Salesperson_8,Asia,DataWarehouse
O-500402,2024-06-27,C-3411,102,Analytics Suite,Software,17,24514,Salesperson_3,North America,DataWarehouse
O-501103,2024-06-08,C-3058,102,Analytics Suite,Software,7,9555,Salesperson_1,North America,DataWarehouse
O-502072,2023-11-11,C-2851,201,POS Terminal,Hardware,15,17355,Salesperson_9,Europe,DataWarehouse
O-500719,2023-06-04,C-3449,201,POS Terminal,Hardware,7,3612,Salesperson_6,Asia,DataWarehouse
O-502011,2024-02-09,C-2716,102,Analytics Suite,Software,13,17940,Salesperson_6,Europe,DataWarehouse
O-502436,2023-04-01,C-2222,102,Analytics Suite,Software,8,5800,Salesperson_2,Europe,DataWarehouse
O-500196,2024-03-11,C-3982,101,CRM Pro,Software,20,22900,Salesperson_11,North America,DataWarehouse
O-500891,2024-10-23,C-3424,201,POS Terminal,Hardware,10,7670,Salesperson_3,Europe,DataWarehouse
O-501264,2023-08-16,C-1125,102,Analytics Suite,Software,8,10584,Salesperson_8,Asia,DataWarehouse
O-501034,2023-07-18,C-2587,102,Analytics Suite,Software,11,9625,Salesperson_1,Asia,DataWarehouse
O-501325,2023-08-09,C-3844,201,POS Terminal,Hardware,12,11160,Salesperson_2,North America,DataWarehouse
O-500509,2024-04-10,C-1051,102,Analytics Suite,Software,5,7260,Salesperson_4,Asia,DataWarehouse
O-501427,2024-04-22,C-1022,102,Analytics Suite,Software,14,14840,Salesperson_6,Asia,DataWarehouse
O-500194,2023-05-29,C-1195,201,POS Terminal,Hardware,14,20930,Salesperson_11,Europe,DataWarehouse
O-501179,2023-02-07,C-3511,201,POS Terminal,Hardware,5,2840,Salesperson_1,North America,DataWarehouse
O-502032,2023-09-24,C-3063,101,CRM Pro,Software,16,23536,Salesperson_9,North America,DataWarehouse
O-500932,2024-11-30,C-2709,102,Analytics Suite,Software,7,8708,Salesperson_11,Europe,DataWarehouse
O-501124,2024-05-12,C-3788,201,POS Terminal,Hardware,15,21495,Salesperson_1,North America,DataWarehouse
O-501822,2023-05-01,C-3467,102,Analytics Suite,Software,15,13395,Salesperson_1,Asia,DataWarehouse
O-501366,2024-01-29,C-3458,201,POS Terminal,Hardware,7,1855,Salesperson_8,North America,DataWarehouse
O-501992,2023-12-10,C-3553,201,POS Terminal,Hardware,20,17460,Salesperson_10,Europe,DataWarehouse
O-501258,2024-08-08,C-1775,102,Analytics Suite,Software,20,28660,Salesperson_3,Europe,DataWarehouse
O-502274,2024-07-12,C-3914,101,CRM Pro,Software,3,2862,Salesperson_1,North America,DataWarehouse
O-501273,2024-01-17,C-2613,201,POS Terminal,Hardware,6,6960,Salesperson_8,North America,DataWarehouse
O-501936,2023-10-07,C-2269,101,CRM Pro,Software,18,19170,Salesperson_4,North America,DataWarehouse
O-501266,2024-05-12,C-1441,102,Analytics Suite,Software,18,3636,Salesperson_10,Europe,DataWarehouse
O-500772,2023-02-25,C-2234,101,CRM Pro,Software,10,14420,Salesperson_1,Asia,DataWarehouse
O-501608,2024-12-19,C-2280,101,CRM Pro,Software,16,7408,Salesperson_8,North America,DataWarehouse
O-501311,2024-10-08,C-1405,102,Analytics Suite,Software,11,6028,Salesperson_2,Europe,DataWarehouse
O-500134,2023-02-05,C-2762,102,Analytics Suite,Software,4,5712,Salesperson_5,Asia,DataWarehouse
O-501855,2023-09-28,C-2869,102,Analytics Suite,Software,17,14348,Salesperson_9,North America,DataWarehouse
O-502399,2024-11-17,C-2995,101,CRM Pro,Software,9,8028,Salesperson_6,North America,DataWarehouse
O-500420,2023-08-02,C-2666,201,POS Terminal,Hardware,20,14820,Salesperson_2,Asia,DataWarehouse
O-501755,2024-02-23,C-2766,101,CRM Pro,Software,12,10068,Salesperson_7,Europe,DataWarehouse
O-500707,2023-06-08,C-1201,201,POS Terminal,Hardware,9,9675,Salesperson_10,North America,DataWarehouse
O-500093,2024-05-31,C-3909,101,CRM Pro,Software,9,13347,Salesperson_8,Asia,DataWarehouse
O-500056,2024-10-02,C-1938,201,POS Terminal,Hardware,1,1241,Salesperson_7,Europe,DataWarehouse
O-500218,2023-08-23,C-1776,101,CRM Pro,Software,4,3652,Salesperson_10,Europe,DataWarehouse
O-501036,2023-02-12,C-2909,102,Analytics Suite,Software,10,10600,Salesperson_2,Asia,DataWarehouse
O-501293,2023-06-04,C-3074,201,POS Terminal,Hardware,20,18620,Salesperson_4,North America,DataWarehouse
O-501952,2023-11-20,C-3970,101,CRM Pro,Software,12,4752,Salesperson_6,Europe,DataWarehouse
O-501449,2023-02-25,C-1252,101,CRM Pro,Software,16,13344,Salesperson_8,Europe,DataWarehouse
O-502359,2024-08-10,C-1331,201,POS Terminal,Hardware,7,4102,Salesperson_4,Europe,DataWarehouse
O-501465,2023-03-19,C-1330,101,CRM Pro,Software,5,2870,Salesperson_3,Asia,DataWarehouse
O-500298,2023-07-26,C-3053,102,Analytics Suite,Software,18,5454,Salesperson_4,North America,DataWarehouse
O-502177,2024-03-15,C-3222,101,CRM Pro,Software,3,4050,Salesperson_7,Europe,DataWarehouse
O-500178,2023-02-28,C-1859,101,CRM Pro,Software,1,901,Salesperson_4,North America,DataWarehouse
O-501187,2024-02-23,C-1835,201,POS Terminal,Hardware,8,5968,Salesperson_8,Asia,DataWarehouse
O-501472,2024-04-15,C-2507,201,POS Terminal,Hardware,18,6444,Salesperson_1,North America,DataWarehouse
O-500188,2023-06-09,C-1867,201,POS Terminal,Hardware,7,3073,Salesperson_7,Asia,DataWarehouse
O-500572,2024-04-21,C-3065,201,POS Terminal,Hardware,7,5600,Salesperson_8,Europe,DataWarehouse
O-500433,2024-06-10,C-1753,101,CRM Pro,Software,15,11355,Salesperson_4,North America,DataWarehouse
O-500518,2023-11-09,C-1804,101,CRM Pro,Software,15,6840,Salesperson_11,North America,DataWarehouse
O-502346,2023-08-29,C-3958,102,Analytics Suite,Software,7,3311,Salesperson_7,Europe,DataWarehouse
O-502271,2023-06-13,C-1399,101,CRM Pro,Software,6,3606,Salesperson_2,Asia,DataWarehouse
O-501084,2023-09-26,C-1464,101,CRM Pro,Software,1,508,Salesperson_10,North America,DataWarehouse
O-501288,2024-05-20,C-2130,102,Analytics Suite,Software,20,28800,Salesperson_9,Asia,DataWarehouse
O-501123,2024-10-14,C-3363,102,Analytics Suite,Software,4,4704,Salesperson_9,Asia,DataWarehouse
O-501341,2024-02-29,C-1209,102,Analytics Suite,Software,4,4796,Salesperson_1,Europe,DataWarehouse
O-502256,2023-09-19,C-1010,102,Analytics Suite,Software,5,7275,Salesperson_3,Europe,DataWarehouse
O-501490,2023-05-24,C-2685,101,CRM Pro,Software,12,14712,Salesperson_10,Europe,DataWarehouse
O-500043,2024-04-07,C-2115,201,POS Terminal,Hardware,19,24244,Salesperson_5,Asia,DataWarehouse
O-501878,2024-04-26,C-2338,101,CRM Pro,Software,19,11571,Salesperson_3,North America,DataWarehouse
O-500450,2024-05-07,C-2329,101,CRM Pro,Software,6,7230,Salesperson_6,Asia,DataWarehouse
O-502045,2024-09-25,C-1015,201,POS Terminal,Hardware,6,4884,Salesperson_3,North America,DataWarehouse
O-500044,2023-10-21,C-1060,201,POS Terminal,Hardware,15,10215,Salesperson_6,Europe,DataWarehouse
O-501283,2023-03-23,C-2241,101,CRM Pro,Software,17,19312,Salesperson_11,Asia,DataWarehouse
O-501967,2024-12-07,C-3891,102,Analytics Suite,Software,11,15048,Salesperson_4,Europe,DataWarehouse
O-502090,2023-02-24,C-3261,201,POS Terminal,Hardware,6,8496,Salesperson_2,Europe,DataWarehouse
O-500254,2023-12-16,C-3307,201,POS Terminal,Hardware,5,3710,Salesperson_11,Europe,DataWarehouse
O-501945,2024-01-08,C-2760,201,POS Terminal,Hardware,9,3978,Salesperson_2,Europe,DataWarehouse
O-501874,2024-01-14,C-1155,101,CRM Pro,Software,11,13211,Salesperson_3,North America,DataWarehouse
O-501862,2023-06-07,C-1121,101,CRM Pro,Software,20,27560,Salesperson_7,North America,DataWarehouse
O-500564,2023-12-09,C-2931,101,CRM Pro,Software,10,3010,Salesperson_10,Europe,DataWarehouse
O-500212,2024-08-28,C-3928,201,POS Terminal,Hardware,1,571,Salesperson_6,Europe,DataWarehouse
O-500866,2024-03-06,C-1465,101,CRM Pro,Software,14,15750,Salesperson_8,Europe,DataWarehouse
O-500742,2024-08-07,C-2527,102,Analytics Suite,Software,12,13656,Salesperson_7,Europe,DataWarehouse
O-501251,2024-10-23,C-2678,102,Analytics Suite,Software,3,684,Salesperson_10,North America,DataWarehouse
O-501047,2023-07-02,C-3675,102,Analytics Suite,Software,14,15442,Salesperson_7,Europe,DataWarehouse
O-501736,2024-11-10,C-3603,201,POS Terminal,Hardware,20,14840,Salesperson_1,Asia,DataWarehouse
O-501017,2024-07-21,C-3237,102,Analytics Suite,Software,9,5688,Salesperson_2,Asia,DataWarehouse
O-500170,2023-04-19,C-2945,101,CRM Pro,Software,7,5873,Salesperson_3,Europe,DataWarehouse
O-502096,2024-05-05,C-3440,102,Analytics Suite,Software,10,14310,Salesperson_5,Asia,DataWarehouse
O-502487,2023-04-10,C-1522,101,CRM Pro,Software,12,11532,Salesperson_8,Asia,DataWarehouse
O-502217,2024-08-01,C-1936,101,CRM Pro,Software,15,7410,Salesperson_2,Europe,DataWarehouse
O-501797,2024-05-28,C-1945,102,Analytics Suite,Software,6,6054,Salesperson_1,Europe,DataWarehouse
O-500544,2024-02-22,C-1120,102,Analytics Suite,Software,17,24140,Salesperson_7,Asia,DataWarehouse
O-501221,2024-09-29,C-3850,101,CRM Pro,Software,11,5324,Salesperson_3,Europe,DataWarehouse
O-500463,2023-04-11,C-2163,102,Analytics Suite,Software,11,11198,Salesperson_8,North America,DataWarehouse
O-500988,2023-01-13,C-1535,102,Analytics Suite,Software,4,4556,Salesperson_1,Europe,DataWarehouse
O-501321,2023-10-09,C-1268,201,POS Terminal,Hardware,7,7420,Salesperson_2,Europe,DataWarehouse
O-500602,2023-09-14,C-2358,101,CRM Pro,Software,15,13605,Salesperson_3,Europe,DataWarehouse
O-501336,2023-06-15,C-3292,101,CRM Pro,Software,12,3228,Salesperson_8,Asia,DataWarehouse
O-502339,2024-03-05,C-2207,201,POS Terminal,Hardware,11,15895,Salesperson_10,North America,DataWarehouse
O-501260,2024-05-13,C-2236,101,CRM Pro,Software,2,1282,Salesperson_9,Europe,DataWarehouse
O-502114,2024-07-31,C-2403,102,Analytics Suite,Software,13,7748,Salesperson_1,Asia,DataWarehouse
O-500807,2024-05-14,C-1186,201,POS Terminal,Hardware,10,11560,Salesperson_7,Asia,DataWarehouse
O-500886,2024-11-21,C-1013,201,POS Terminal,Hardware,11,5610,Salesperson_9,Asia,DataWarehouse
O-501582,2023-01-17,C-2776,101,CRM Pro,Software,3,1491,Salesperson_6,North America,DataWarehouse
O-501614,2024-03-23,C-3841,201,POS Terminal,Hardware,9,3978,Salesperson_9,North America,DataWarehouse
O-501837,2023-08-06,C-2417,201,POS Terminal,Hardware,10,13020,Salesperson_10,North America,DataWarehouse
O-501873,2024-05-26,C-2540,101,CRM Pro,Software,5,1165,Salesperson_10,North America,DataWarehouse
O-500282,2024-02-27,C-3380,102,Analytics Suite,Software,4,2776,Salesperson_7,Asia,DataWarehouse
O-500210,2023-12-28,C-3629,102,Analytics Suite,Software,12,5832,Salesperson_9,Asia,DataWarehouse
O-500111,2024-03-11,C-1008,102,Analytics Suite,Software,11,3091,Salesperson_4,North America,DataWarehouse
O-501920,2024-04-04,C-3257,201,POS Terminal,Hardware,5,3685,Salesperson_7,Asia,DataWarehouse
O-502165,2024-03-06,C-3120,102,Analytics Suite,Software,2,1338,Salesperson_1,Asia,DataWarehouse
O-500457,2023-09-02,C-1883,201,POS Terminal,Hardware,11,13035,Salesperson_4,Asia,DataWarehouse
O-500819,2024-09-15,C-1783,101,CRM Pro,Software,3,2259,Salesperson_7,North America,DataWarehouse
O-502184,2024-04-08,C-2976,201,POS Terminal,Hardware,5,3215,Salesperson_11,North America,DataWarehouse
O-501655,2024-08-23,C-3322,102,Analytics Suite,Software,10,9760,Salesperson_10,Europe,DataWarehouse
O-500252,2024-03-27,C-2986,102,Analytics Suite,Software,7,9849,Salesperson_10,North America,DataWarehouse
O-500251,2023-09-25,C-3925,101,CRM Pro,Software,18,19764,Salesperson_7,Europe,DataWarehouse
O-501539,2023-02-28,C-2428,102,Analytics Suite,Software,1,978,Salesperson_8,Asia,DataWarehouse
O-502129,2024-11-23,C-1243,102,Analytics Suite,Software,6,6564,Salesperson_2,Asia,DataWarehouse
O-501926,2024-07-05,C-2032,101,CRM Pro,Software,16,10144,Salesperson_8,Asia,DataWarehouse
O-501018,2024-09-01,C-2142,102,Analytics Suite,Software,17,11611,Salesperson_2,Europe,DataWarehouse
O-500422,2024-11-30,C-1330,101,CRM Pro,Software,6,5388,Salesperson_10,North America,DataWarehouse
O-501175,2024-03-20,C-1810,102,Analytics Suite,Software,2,1844,Salesperson_6,Europe,DataWarehouse
O-500620,2024-03-01,C-1286,201,POS Terminal,Hardware,19,11704,Salesperson_6,Europe,DataWarehouse
O-500173,2023-03-29,C-3247,102,Analytics Suite,Software,17,25330,Salesperson_7,North America,DataWarehouse
O-500486,2023-03-02,C-3307,101,CRM Pro,Software,7,1792,Salesperson_2,Asia,DataWarehouse
O-501985,2024-10-28,C-2488,201,POS Terminal,Hardware,1,1212,Salesperson_8,North America,DataWarehouse
O-501080,2023-02-04,C-3187,102,Analytics Suite,Software,8,8760,Salesperson_11,Asia,DataWarehouse
O-501117,2023-05-28,C-2419,201,POS Terminal,Hardware,14,13832,Salesperson_10,North America,DataWarehouse
O-501357,2023-07-05,C-3194,102,Analytics Suite,Software,14,20468,Salesperson_3,North America,DataWarehouse
O-501041,2024-04-29,C-3914,102,Analytics Suite,Software,14,3962,Salesperson_4,Asia,DataWarehouse
O-501090,2023-03-17,C-3386,201,POS Terminal,Hardware,12,5220,Salesperson_11,Europe,DataWarehouse
O-501355,2023-05-31,C-1705,201,POS Terminal,Hardware,2,2582,Salesperson_7,Asia,DataWarehouse
O-500211,2023-03-23,C-2981,101,CRM Pro,Software,5,2500,Salesperson_2,Europe,DataWarehouse
O-500613,2023-11-05,C-3676,102,Analytics Suite,Software,3,2298,Salesperson_6,North America,DataWarehouse
O-502149,2023-01-22,C-3133,101,CRM Pro,Software,12,6816,Salesperson_3,Europe,DataWarehouse
O-500464,2024-01-22,C-2090,101,CRM Pro,Software,2,576,Salesperson_8,Asia,DataWarehouse
O-501467,2023-08-01,C-2447,201,POS Terminal,Hardware,19,10450,Salesperson_1,Europe,DataWarehouse
O-500554,2024-02-28,C-1042,102,Analytics Suite,Software,2,596,Salesperson_2,Europe,DataWarehouse
O-500907,2024-09-08,C-2313,101,CRM Pro,Software,10,2280,Salesperson_7,Asia,DataWarehouse
O-500993,2023-06-03,C-2810,201,POS Terminal,Hardware,3,2310,Salesperson_1,Europe,DataWarehouse
O-501968,2023-10-21,C-1572,102,Analytics Suite,Software,1,1199,Salesperson_11,North America,DataWarehouse
O-501788,2023-05-29,C-3971,201,POS Terminal,Hardware,17,4386,Salesperson_8,Europe,DataWarehouse
O-501598,2023-10-31,C-1795,102,Analytics Suite,Software,2,2458,Salesperson_9,Europe,DataWarehouse
O-500096,2024-11-19,C-3756,201,POS Terminal,Hardware,4,2656,Salesperson_2,Europe,DataWarehouse
O-501964,2023-09-17,C-3263,101,CRM Pro,Software,6,6870,Salesperson_5,Asia,DataWarehouse
O-501364,2024-09-02,C-1965,201,POS Terminal,Hardware,3,1791,Salesperson_4,North America,DataWarehouse
O-501924,2024-06-12,C-3411,101,CRM Pro,Software,11,10725,Salesperson_6,Europe,DataWarehouse
O-500611,2024-05-30,C-2593,201,POS Terminal,Hardware,7,2107,Salesperson_1,Asia,DataWarehouse
O-500445,2024-04-04,C-1994,201,POS Terminal,Hardware,3,4251,Salesperson_6,Asia,DataWarehouse
O-500237,2024-04-21,C-3403,102,Analytics Suite,Software,16,10528,Salesperson_6,Asia,DataWarehouse
O-502310,2023-03-08,C-1573,101,CRM Pro,Software,7,7560,Salesperson_5,Europe,DataWarehouse
O-500873,2023-11-10,C-3659,101,CRM Pro,Software,12,13452,Salesperson_2,North America,DataWarehouse
O-502497,2024-06-14,C-2042,201,POS Terminal,Hardware,13,14963,Salesperson_3,North America,DataWarehouse
O-502054,2023-03-08,C-1148,201,POS Terminal,Hardware,7,7294,Salesperson_7,Asia,DataWarehouse
O-501673,2024-02-10,C-2021,102,Analytics Suite,Software,5,3120,Salesperson_10,Asia,DataWarehouse
O-502122,2023-07-14,C-2743,101,CRM Pro,Software,19,10678,Salesperson_1,North America,DataWarehouse
O-500839,2024-04-23,C-2779,102,Analytics Suite,Software,5,2335,Salesperson_2,Asia,DataWarehouse
O-500581,2023-11-28,C-1243,201,POS Terminal,Hardware,13,10634,Salesperson_1,North America,DataWarehouse
O-501281,2023-07-28,C-3992,102,Analytics Suite,Software,19,25460,Salesperson_10,Europe,DataWarehouse
O-500979,2024-06-19,C-2491,201,POS Terminal,Hardware,17,11645,Salesperson_7,Europe,DataWarehouse
O-500790,2024-11-29,C-1763,201,POS Terminal,Hardware,1,1256,Salesperson_6,North America,DataWarehouse
O-500841,2024-04-13,C-1398,201,POS Terminal,Hardware,4,3108,Salesperson_2,Asia,DataWarehouse
O-500482,2024-12-27,C-3356,102,Analytics Suite,Software,9,6903,Salesperson_8,Europe,DataWarehouse
O-501910,2024-10-07,C-2875,101,CRM Pro,Software,4,3404,Salesperson_6,North America,DataWarehouse
O-500621,2024-06-14,C-3690,101,CRM Pro,Software,18,11268,Salesperson_5,North America,DataWarehouse
O-501502,2023-04-11,C-1348,101,CRM Pro,Software,9,5148,Salesperson_11,Asia,DataWarehouse
O-500332,2024-02-27,C-1391,102,Analytics Suite,Software,2,1218,Salesperson_10,North America,DataWarehouse
O-500478,2024-07-10,C-3712,201,POS Terminal,Hardware,7,9758,Salesperson_5,Europe,DataWarehouse
O-501494,2024-02-01,C-1164,101,CRM Pro,Software,18,9450,Salesperson_4,North America,DataWarehouse
O-500507,2024-04-29,C-1797,102,Analytics Suite,Software,13,13611,Salesperson_11,Europe,DataWarehouse
O-501450,2023-01-10,C-1904,201,POS Terminal,Hardware,10,9720,Salesperson_1,North America,DataWarehouse
O-502423,2024-08-10,C-2427,102,Analytics Suite,Software,8,2184,Salesperson_11,North America,DataWarehouse
O-500643,2023-01-06,C-1780,201,POS Terminal,Hardware,15,5070,Salesperson_6,Asia,DataWarehouse
O-500480,2023-10-31,C-2237,102,Analytics Suite,Software,10,13010,Salesperson_1,Europe,DataWarehouse
O-501455,2024-12-04,C-3775,201,POS Terminal,Hardware,20,27220,Salesperson_10,Europe,DataWarehouse
O-502394,2024-06-05,C-3072,201,POS Terminal,Hardware,2,1300,Salesperson_2,Europe,DataWarehouse
O-501011,2024-12-29,C-2994,201,POS Terminal,Hardware,5,1400,Salesperson_3,Asia,DataWarehouse
O-500764,2024-04-05,C-1127,102,Analytics Suite,Software,18,20628,Salesperson_10,Europe,DataWarehouse
O-501289,2024-06-10,C-1573,101,CRM Pro,Software,2,898,Salesperson_9,Europe,DataWarehouse
O-501223,2023-08-29,C-1650,102,Analytics Suite,Software,2,2242,Salesperson_5,Asia,DataWarehouse
O-501333,2024-12-20,C-2398,201,POS Terminal,Hardware,11,6644,Salesperson_6,Asia,DataWarehouse
O-500617,2024-11-29,C-3646,101,CRM Pro,Software,5,2580,Salesperson_5,Europe,DataWarehouse
O-500521,2024-07-19,C-3322,101,CRM Pro,Software,8,2568,Salesperson_10,North America,DataWarehouse
O-500582,2023-03-12,C-1954,101,CRM Pro,Software,16,12032,Salesperson_9,Asia,DataWarehouse
O-501058,2024-10-07,C-1816,201,POS Terminal,Hardware,1,906,Salesperson_2,Asia,DataWarehouse
O-501406,2024-08-09,C-2826,102,Analytics Suite,Software,7,2429,Salesperson_9,Europe,DataWarehouse
O-500296,2024-03-26,C-2734,201,POS Terminal,Hardware,12,13668,Salesperson_5,Asia,DataWarehouse
O-502442,2023-12-23,C-3327,101,CRM Pro,Software,17,13379,Salesperson_7,North America,DataWarehouse
O-501061,2023-04-12,C-2704,102,Analytics Suite,Software,13,5629,Salesperson_3,Asia,DataWarehouse
O-500857,2024-10-31,C-1100,101,CRM Pro,Software,19,24548,Salesperson_7,Asia,DataWarehouse
O-501692,2024-08-15,C-2429,101,CRM Pro,Software,8,1728,Salesperson_6,Asia,DataWarehouse
O-500407,2024-08-04,C-2202,102,Analytics Suite,Software,8,2040,Salesperson_2,North America,DataWarehouse
O-501078,2024-08-07,C-1095,201,POS Terminal,Hardware,14,7602,Salesperson_5,North America,DataWarehouse
O-501083,2023-07-08,C-2613,102,Analytics Suite,Software,3,1980,Salesperson_10,Europe,DataWarehouse
O-500168,2024-12-22,C-1867,201,POS Terminal,Hardware,16,8288,Salesperson_3,Asia,DataWarehouse
O-502180,2024-02-03,C-2557,102,Analytics Suite,Software,13,15353,Salesperson_6,North America,DataWarehouse
O-500239,2023-10-31,C-1588,102,Analytics Suite,Software,9,9135,Salesperson_4,Europe,DataWarehouse
O-502305,2024-06-24,C-2795,102,Analytics Suite,Software,1,428,Salesperson_4,Asia,DataWarehouse
O-501997,2023-06-19,C-2968,101,CRM Pro,Software,14,19600,Salesperson_4,Asia,DataWarehouse
O-501901,2023-10-28,C-3361,102,Analytics Suite,Software,8,11688,Salesperson_2,Asia,DataWarehouse
O-501050,2024-09-25,C-3903,101,CRM Pro,Software,12,17448,Salesperson_7,Asia,DataWarehouse
O-501912,2024-01-18,C-2720,201,POS Terminal,Hardware,20,9380,Salesperson_7,North America,DataWarehouse
O-501867,2024-05-17,C-2479,102,Analytics Suite,Software,15,13305,Salesperson_6,Europe,DataWarehouse
O-502095,2024-10-28,C-1384,101,CRM Pro,Software,7,6958,Salesperson_1,Asia,DataWarehouse
O-500522,2023-11-03,C-1566,201,POS Terminal,Hardware,6,6648,Salesperson_11,Asia,DataWarehouse
O-501737,2024-01-20,C-1517,102,Analytics Suite,Software,15,5850,Salesperson_7,Europe,DataWarehouse
O-502472,2024-08-07,C-2370,102,Analytics Suite,Software,10,11390,Salesperson_6,Europe,DataWarehouse
O-501847,2024-02-19,C-1919,102,Analytics Suite,Software,1,706,Salesperson_2,Europe,DataWarehouse
O-502368,2023-11-06,C-1614,101,CRM Pro,Software,5,5350,Salesperson_5,North America,DataWarehouse
O-502249,2024-04-05,C-2611,101,CRM Pro,Software,11,6853,Salesperson_11,North America,DataWarehouse
O-501883,2024-03-20,C-3879,201,POS Terminal,Hardware,13,16809,Salesperson_9,Europe,DataWarehouse
O-501511,2024-01-01,C-1524,201,POS Terminal,Hardware,19,25232,Salesperson_2,Europe,DataWarehouse
O-501459,2023-07-22,C-3990,101,CRM Pro,Software,10,4860,Salesperson_7,North America,DataWarehouse
O-501938,2023-04-03,C-1896,101,CRM Pro,Software,2,2574,Salesperson_11,Europe,DataWarehouse
O-501723,2024-10-28,C-2603,201,POS Terminal,Hardware,8,11640,Salesperson_8,Europe,DataWarehouse
O-502025,2023-02-16,C-2325,201,POS Terminal,Hardware,10,14360,Salesperson_11,Asia,DataWarehouse
O-501607,2024-11-30,C-1782,101,CRM Pro,Software,17,7106,Salesperson_6,North America,DataWarehouse
O-501977,2024-02-16,C-1313,102,Analytics Suite,Software,10,6270,Salesperson_7,Europe,DataWarehouse
O-500508,2024-06-15,C-1941,101,CRM Pro,Software,7,10304,Salesperson_9,Europe,DataWarehouse
O-500632,2024-07-29,C-1802,101,CRM Pro,Software,12,13068,Salesperson_10,North America,DataWarehouse
O-500915,2023-11-22,C-2836,101,CRM Pro,Software,8,5520,Salesperson_4,Asia,DataWarehouse
O-500259,2023-09-04,C-1451,101,CRM Pro,Software,4,3380,Salesperson_2,Europe,DataWarehouse
O-501395,2024-02-25,C-2523,201,POS Terminal,Hardware,12,15924,Salesperson_8,North America,DataWarehouse
O-502295,2024-12-25,C-1243,101,CRM Pro,Software,11,7887,Salesperson_6,Europe,DataWarehouse
O-502321,2024-05-27,C-1118,101,CRM Pro,Software,9,6174,Salesperson_4,Asia,DataWarehouse
O-500802,2023-01-31,C-3494,101,CRM Pro,Software,18,26460,Salesperson_1,Asia,DataWarehouse
O-501935,2023-04-19,C-1345,102,Analytics Suite,Software,3,873,Salesperson_11,North America,DataWarehouse
O-501196,2024-11-06,C-2578,102,Analytics Suite,Software,19,27417,Salesperson_4,Europe,DataWarehouse
O-501944,2023-02-14,C-3918,101,CRM Pro,Software,9,11619,Salesperson_3,Europe,DataWarehouse
O-500756,2024-07-17,C-1158,102,Analytics Suite,Software,8,4888,Salesperson_1,North America,DataWarehouse
O-500801,2024-05-07,C-2306,101,CRM Pro,Software,15,7005,Salesperson_11,Europe,DataWarehouse
O-500233,2023-03-15,C-1488,101,CRM Pro,Software,18,23436,Salesperson_11,North America,DataWarehouse
O-501514,2024-03-31,C-3969,101,CRM Pro,Software,16,6576,Salesperson_1,Asia,DataWarehouse
O-500940,2024-10-15,C-3277,102,Analytics Suite,Software,10,14790,Salesperson_10,Asia,DataWarehouse
O-500998,2023-11-26,C-3588,201,POS Terminal,Hardware,13,8684,Salesperson_4,Europe,DataWarehouse
O-501102,2024-01-26,C-3788,101,CRM Pro,Software,12,15252,Salesperson_8,Europe,DataWarehouse
O-501463,2023-06-25,C-3920,101,CRM Pro,Software,19,18335,Salesperson_5,Asia,DataWarehouse
O-501876,2024-02-20,C-2388,101,CRM Pro,Software,16,16368,Salesperson_5,Europe,DataWarehouse
O-501225,2023-10-07,C-1988,201,POS Terminal,Hardware,14,3486,Salesperson_5,Europe,DataWarehouse
O-500324,2023-12-10,C-2338,102,Analytics Suite,Software,11,14377,Salesperson_7,Asia,DataWarehouse
O-501763,2023-06-22,C-2958,102,Analytics Suite,Software,1,903,Salesperson_2,Asia,DataWarehouse
O-501953,2024-12-15,C-3157,201,POS Terminal,Hardware,9,10503,Salesperson_9,Europe,DataWarehouse
O-501377,2024-01-16,C-1320,102,Analytics Suite,Software,6,8730,Salesperson_4,Asia,DataWarehouse
O-500100,2024-01-02,C-2325,102,Analytics Suite,Software,6,4014,Salesperson_2,Europe,DataWarehouse
O-502481,2023-06-11,C-3674,201,POS Terminal,Hardware,9,5328,Salesperson_4,North America,DataWarehouse
O-501340,2024-07-27,C-3479,101,CRM Pro,Software,18,19494,Salesperson_11,North America,DataWarehouse
O-500387,2024-08-11,C-2646,201,POS Terminal,Hardware,12,15348,Salesperson_7,Europe,DataWarehouse
O-501954,2024-01-20,C-2339,101,CRM Pro,Software,14,17780,Salesperson_8,Asia,DataWarehouse
O-500179,2024-03-31,C-2418,201,POS Terminal,Hardware,13,8632,Salesperson_10,Europe,DataWarehouse
O-501694,2023-04-23,C-2624,102,Analytics Suite,Software,15,7380,Salesperson_3,Asia,DataWarehouse
O-501662,2023-01-18,C-2455,201,POS Terminal,Hardware,18,20448,Salesperson_9,Asia,DataWarehouse
O-501304,2023-04-21,C-1325,102,Analytics Suite,Software,11,10549,Salesperson_2,North America,DataWarehouse
O-500927,2024-06-19,C-2491,102,Analytics Suite,Software,10,14310,Salesperson_10,North America,DataWarehouse
O-501430,2023-02-20,C-2319,101,CRM Pro,Software,12,15180,Salesperson_6,Asia,DataWarehouse
O-502268,2023-02-18,C-2146,101,CRM Pro,Software,18,26280,Salesperson_3,Asia,DataWarehouse
O-500141,2023-12-29,C-2308,101,CRM Pro,Software,11,13728,Salesperson_8,North America,DataWarehouse
O-500368,2023-04-04,C-2125,101,CRM Pro,Software,14,14238,Salesperson_9,Asia,DataWarehouse
O-502445,2024-12-27,C-1296,102,Analytics Suite,Software,6,4452,Salesperson_6,North America,DataWarehouse
O-501085,2024-04-17,C-2064,101,CRM Pro,Software,18,22302,Salesperson_2,North America,DataWarehouse
O-500367,2023-09-04,C-1783,201,POS Terminal,Hardware,19,8892,Salesperson_3,Europe,DataWarehouse
O-501674,2023-02-05,C-2798,101,CRM Pro,Software,12,15648,Salesperson_10,Asia,DataWarehouse
O-501044,2023-10-21,C-3041,102,Analytics Suite,Software,13,9022,Salesperson_9,North America,DataWarehouse
O-500318,2024-05-17,C-1461,101,CRM Pro,Software,1,429,Salesperson_9,Asia,DataWarehouse
O-501538,2023-02-04,C-3626,201,POS Terminal,Hardware,15,18165,Salesperson_10,Asia,DataWarehouse
O-500247,2023-09-28,C-2303,201,POS Terminal,Hardware,17,23307,Salesperson_9,North America,DataWarehouse
O-500321,2024-10-01,C-1794,101,CRM Pro,Software,6,5670,Salesperson_10,Europe,DataWarehouse
O-501833,2024-05-10,C-3665,101,CRM Pro,Software,5,1005,Salesperson_4,Europe,DataWarehouse
O-501839,2024-09-15,C-3584,101,CRM Pro,Software,3,2997,Salesperson_7,Asia,DataWarehouse
O-500999,2023-04-03,C-2933,101,CRM Pro,Software,2,2722,Salesperson_5,North America,DataWarehouse
O-500942,2023-04-09,C-2102,101,CRM Pro,Software,16,13088,Salesperson_4,North America,DataWarehouse
O-501772,2023-11-06,C-3816,102,Analytics Suite,Software,9,6795,Salesperson_8,Asia,DataWarehouse
O-500029,2024-12-10,C-3736,101,CRM Pro,Software,14,12180,Salesperson_1,Asia,DataWarehouse
O-501299,2023-04-07,C-2468,201,POS Terminal,Hardware,15,8400,Salesperson_3,Asia,DataWarehouse
O-501993,2023-07-29,C-2991,101,CRM Pro,Software,17,10540,Salesperson_5,Asia,DataWarehouse
O-501914,2024-01-13,C-1169,101,CRM Pro,Software,9,10584,Salesperson_6,Europe,DataWarehouse
O-500695,2024-04-30,C-1874,101,CRM Pro,Software,20,8520,Salesperson_3,Europe,DataWarehouse
O-502470,2023-02-06,C-3175,101,CRM Pro,Software,10,9050,Salesperson_5,North America,DataWarehouse
O-502028,2023-03-06,C-2533,201,POS Terminal,Hardware,10,6430,Salesperson_8,North America,DataWarehouse
O-501600,2023-03-07,C-1600,201,POS Terminal,Hardware,11,3058,Salesperson_8,Asia,DataWarehouse
O-502329,2023-08-08,C-1452,101,CRM Pro,Software,1,630,Salesperson_9,Asia,DataWarehouse
O-501231,2024-11-09,C-1957,201,POS Terminal,Hardware,1,1414,Salesperson_8,Europe,DataWarehouse
O-502173,2024-05-23,C-2643,201,POS Terminal,Hardware,8,10112,Salesperson_8,Asia,DataWarehouse
O-501915,2023-05-22,C-1287,201,POS Terminal,Hardware,17,12342,Salesperson_4,Asia,DataWarehouse
O-501729,2023-12-02,C-2064,201,POS Terminal,Hardware,13,13754,Salesperson_9,Europe,DataWarehouse
O-501706,2023-07-29,C-3392,102,Analytics Suite,Software,9,2106,Salesperson_9,Europe,DataWarehouse
O-501703,2023-01-17,C-3272,102,Analytics Suite,Software,17,21250,Salesperson_5,Asia,DataWarehouse
O-500755,2024-10-30,C-1243,101,CRM Pro,Software,12,11664,Salesperson_1,North America,DataWarehouse
O-501330,2024-08-02,C-2474,102,Analytics Suite,Software,19,13452,Salesperson_4,Asia,DataWarehouse
O-500353,2023-02-25,C-3764,102,Analytics Suite,Software,20,25000,Salesperson_11,Asia,DataWarehouse
O-500208,2023-12-14,C-3010,201,POS Terminal,Hardware,19,4465,Salesperson_4,Asia,DataWarehouse
O-502144,2024-06-16,C-1215,101,CRM Pro,Software,13,8593,Salesperson_1,Europe,DataWarehouse
O-500903,2024-07-09,C-3468,201,POS Terminal,Hardware,13,13117,Salesperson_9,Asia,DataWarehouse
O-500952,2024-09-09,C-3128,201,POS Terminal,Hardware,20,15600,Salesperson_11,Europe,DataWarehouse
O-501337,2024-12-26,C-2823,201,POS Terminal,Hardware,19,11875,Salesperson_10,Europe,DataWarehouse
O-501551,2023-08-13,C-2729,201,POS Terminal,Hardware,6,4674,Salesperson_8,North America,DataWarehouse
O-501567,2023-03-04,C-2347,102,Analytics Suite,Software,1,1197,Salesperson_11,Asia,DataWarehouse
O-501943,2023-04-25,C-3523,201,POS Terminal,Hardware,14,8050,Salesperson_9,Europe,DataWarehouse
O-500485,2024-04-30,C-1682,201,POS Terminal,Hardware,15,13410,Salesperson_11,North America,DataWarehouse
O-501629,2024-02-15,C-1421,201,POS Terminal,Hardware,15,10410,Salesperson_3,Europe,DataWarehouse
O-502039,2023-03-23,C-1265,102,Analytics Suite,Software,3,4227,Salesperson_1,North America,DataWarehouse
O-500199,2023-05-08,C-1615,201,POS Terminal,Hardware,20,24420,Salesperson_6,North America,DataWarehouse
O-500229,2023-01-02,C-1951,101,CRM Pro,Software,19,20691,Salesperson_5,Europe,DataWarehouse
O-500810,2024-04-04,C-2354,102,Analytics Suite,Software,19,4769,Salesperson_3,Europe,DataWarehouse
O-500787,2023-07-28,C-3101,102,Analytics Suite,Software,5,4230,Salesperson_4,Europe,DataWarehouse
O-500410,2023-04-30,C-1617,201,POS Terminal,Hardware,19,13585,Salesperson_10,Asia,DataWarehouse
O-500629,2024-06-08,C-2212,102,Analytics Suite,Software,16,15360,Salesperson_11,Asia,DataWarehouse
O-501510,2023-03-07,C-1566,201,POS Terminal,Hardware,12,2904,Salesperson_2,Europe,DataWarehouse
O-500662,2024-08-01,C-1507,102,Analytics Suite,Software,14,6090,Salesperson_7,North America,DataWarehouse
O-502142,2024-12-07,C-3325,102,Analytics Suite,Software,17,5729,Salesperson_2,Europe,DataWarehouse
O-501918,2023-11-30,C-2004,102,Analytics Suite,Software,16,6608,Salesperson_7,Europe,DataWarehouse
O-502334,2024-09-28,C-3871,201,POS Terminal,Hardware,13,17537,Salesperson_5,North America,DataWarehouse
O-501269,2023-04-14,C-2198,101,CRM Pro,Software,5,5505,Salesperson_4,North America,DataWarehouse
O-500069,2023-09-14,C-2101,101,CRM Pro,Software,15,21150,Salesperson_10,Europe,DataWarehouse
O-500443,2023-03-26,C-2746,201,POS Terminal,Hardware,5,3975,Salesperson_4,Asia,DataWarehouse
O-502147,2024-10-23,C-2669,101,CRM Pro,Software,8,10656,Salesperson_1,Europe,DataWarehouse
O-502241,2023-07-25,C-1003,102,Analytics Suite,Software,11,12903,Salesperson_7,Asia,DataWarehouse
O-501584,2024-03-17,C-2801,102,Analytics Suite,Software,6,7164,Salesperson_4,North America,DataWarehouse
O-500231,2024-04-13,C-2064,102,Analytics Suite,Software,18,7686,Salesperson_3,North America,DataWarehouse
O-500440,2023-02-01,C-3812,201,POS Terminal,Hardware,12,13272,Salesperson_10,Europe,DataWarehouse
O-501627,2023-11-14,C-1789,102,Analytics Suite,Software,12,9492,Salesperson_8,Asia,DataWarehouse
O-501322,2024-02-10,C-3699,201,POS Terminal,Hardware,18,16272,Salesperson_10,Asia,DataWarehouse
O-501278,2023-12-31,C-3598,101,CRM Pro,Software,17,16252,Salesperson_5,Europe,DataWarehouse
O-500817,2023-04-17,C-3556,101,CRM Pro,Software,10,6940,Salesperson_8,Asia,DataWarehouse
O-500599,2023-09-30,C-3221,102,Analytics Suite,Software,16,20096,Salesperson_6,Europe,DataWarehouse
O-501056,2024-12-07,C-3304,101,CRM Pro,Software,7,3332,Salesperson_9,North America,DataWarehouse
O-500414,2023-01-29,C-1118,201,POS Terminal,Hardware,15,18765,Salesperson_5,Asia,DataWarehouse
O-500679,2024-03-09,C-2058,201,POS Terminal,Hardware,14,5516,Salesperson_7,Asia,DataWarehouse
O-501518,2023-04-08,C-2062,102,Analytics Suite,Software,8,1968,Salesperson_2,Europe,DataWarehouse
O-501116,2023-03-29,C-1732,102,Analytics Suite,Software,10,9770,Salesperson_8,North America,DataWarehouse
O-500279,2023-11-04,C-3699,101,CRM Pro,Software,9,5526,Salesperson_9,Europe,DataWarehouse
O-501385,2023-10-09,C-3219,101,CRM Pro,Software,19,15048,Salesperson_2,Asia,DataWarehouse
O-500408,2023-01-06,C-3271,201,POS Terminal,Hardware,12,15396,Salesperson_2,North America,DataWarehouse
O-501091,2023-12-18,C-3423,201,POS Terminal,Hardware,14,8372,Salesperson_6,Europe,DataWarehouse
O-502282,2024-06-26,C-3137,201,POS Terminal,Hardware,8,8080,Salesperson_8,North America,DataWarehouse
O-501216,2024-02-03,C-1770,201,POS Terminal,Hardware,11,8294,Salesperson_5,Europe,DataWarehouse
O-502078,2024-02-03,C-1123,102,Analytics Suite,Software,2,1182,Salesperson_4,Asia,DataWarehouse
O-500498,2024-01-15,C-2750,102,Analytics Suite,Software,17,12852,Salesperson_2,Europe,DataWarehouse
O-501708,2024-12-17,C-3194,201,POS Terminal,Hardware,15,6735,Salesperson_10,North America,DataWarehouse
O-502026,2023-03-21,C-2639,101,CRM Pro,Software,12,8196,Salesperson_11,Europe,DataWarehouse
O-500789,2023-07-03,C-3422,201,POS Terminal,Hardware,1,1499,Salesperson_10,Asia,DataWarehouse
O-501070,2023-07-31,C-1968,201,POS Terminal,Hardware,18,6912,Salesperson_4,Asia,DataWarehouse
O-502265,2024-09-16,C-2590,201,POS Terminal,Hardware,17,15283,Salesperson_2,Asia,DataWarehouse
O-500435,2023-03-05,C-1324,102,Analytics Suite,Software,3,1470,Salesperson_3,Europe,DataWarehouse
O-502043,2024-05-25,C-3003,201,POS Terminal,Hardware,17,19176,Salesperson_2,Europe,DataWarehouse
O-501879,2024-09-16,C-1227,201,POS Terminal,Hardware,10,6230,Salesperson_9,Europe,DataWarehouse
O-500782,2023-07-20,C-3611,101,CRM Pro,Software,7,9436,Salesperson_10,Europe,DataWarehouse
O-501476,2023-09-04,C-2369,102,Analytics Suite,Software,11,6039,Salesperson_9,Asia,DataWarehouse
O-501831,2024-04-27,C-2752,101,CRM Pro,Software,18,8442,Salesperson_8,Asia,DataWarehouse
O-501836,2024-11-27,C-3021,101,CRM Pro,Software,3,2421,Salesperson_3,Asia,DataWarehouse
O-500149,2023-05-03,C-1369,102,Analytics Suite,Software,20,22660,Salesperson_1,North America,DataWarehouse
O-501194,2023-10-13,C-3776,201,POS Terminal,Hardware,11,14003,Salesperson_8,North America,DataWarehouse
O-502451,2025-01-01,C-1813,102,Analytics Suite,Software,11,6105,Salesperson_8,Europe,DataWarehouse
O-501241,2023-11-12,C-3390,101,CRM Pro,Software,13,14716,Salesperson_5,North America,DataWarehouse
O-501055,2024-04-07,C-1155,101,CRM Pro,Software,3,4092,Salesperson_10,Asia,DataWarehouse
O-501769,2023-11-09,C-1343,201,POS Terminal,Hardware,15,18645,Salesperson_8,Asia,DataWarehouse
O-501689,2023-08-05,C-3899,201,POS Terminal,Hardware,9,10629,Salesperson_7,North America,DataWarehouse
O-502093,2023-10-03,C-2396,101,CRM Pro,Software,7,7896,Salesperson_4,North America,DataWarehouse
O-502192,2023-08-20,C-3700,201,POS Terminal,Hardware,19,25859,Salesperson_7,Europe,DataWarehouse
O-501929,2023-07-10,C-1565,101,CRM Pro,Software,19,19760,Salesperson_11,North America,DataWarehouse
O-500163,2023-05-10,C-2002,201,POS Terminal,Hardware,7,1666,Salesperson_7,Europe,DataWarehouse
O-500438,2023-10-31,C-1347,102,Analytics Suite,Software,14,15848,Salesperson_10,Asia,DataWarehouse
O-501025,2024-04-10,C-3384,102,Analytics Suite,Software,11,11682,Salesperson_10,Europe,DataWarehouse
O-501382,2023-05-15,C-2508,101,CRM Pro,Software,3,2865,Salesperson_9,Asia,DataWarehouse
O-501978,2024-04-15,C-3851,201,POS Terminal,Hardware,5,5795,Salesperson_11,Asia,DataWarehouse
O-500829,2024-09-14,C-3688,101,CRM Pro,Software,11,7546,Salesperson_6,North America,DataWarehouse
O-500654,2024-12-26,C-1688,201,POS Terminal,Hardware,17,16558,Salesperson_3,Europe,DataWarehouse
O-500528,2023-06-13,C-1276,201,POS Terminal,Hardware,9,5580,Salesperson_9,North America,DataWarehouse
O-501133,2023-12-12,C-1767,102,Analytics Suite,Software,12,5964,Salesperson_6,North America,DataWarehouse
O-500049,2024-03-08,C-3173,101,CRM Pro,Software,18,9198,Salesperson_7,Europe,DataWarehouse
O-500067,2024-02-27,C-1461,102,Analytics Suite,Software,14,9100,Salesperson_3,Asia,DataWarehouse
O-502016,2023-11-25,C-1254,102,Analytics Suite,Software,8,3488,Salesperson_2,Europe,DataWarehouse
O-501370,2024-03-13,C-3232,102,Analytics Suite,Software,5,5220,Salesperson_11,Asia,DataWarehouse
O-502270,2024-01-18,C-2952,102,Analytics Suite,Software,6,5514,Salesperson_4,North America,DataWarehouse
O-500048,2023-09-03,C-2997,101,CRM Pro,Software,17,16286,Salesperson_4,North America,DataWarehouse
O-501334,2024-02-22,C-1203,102,Analytics Suite,Software,15,20490,Salesperson_7,Europe,DataWarehouse
O-501681,2023-11-10,C-2413,101,CRM Pro,Software,13,3159,Salesperson_7,Europe,DataWarehouse
O-500838,2023-04-12,C-3819,101,CRM Pro,Software,7,7672,Salesperson_1,Europe,DataWarehouse
O-502162,2023-04-05,C-2182,101,CRM Pro,Software,18,22374,Salesperson_3,North America,DataWarehouse
O-500124,2023-06-14,C-2911,102,Analytics Suite,Software,13,15951,Salesperson_1,Asia,DataWarehouse
O-500610,2024-07-07,C-1877,102,Analytics Suite,Software,13,15652,Salesperson_4,Asia,DataWarehouse
O-501860,2023-09-24,C-2562,201,POS Terminal,Hardware,14,10808,Salesperson_6,Europe,DataWarehouse
O-502332,2024-01-23,C-1863,201,POS Terminal,Hardware,7,6909,Salesperson_7,North America,DataWarehouse
O-501512,2024-05-10,C-2854,101,CRM Pro,Software,11,13057,Salesperson_11,Asia,DataWarehouse
O-500741,2024-10-25,C-3010,201,POS Terminal,Hardware,4,3504,Salesperson_3,Europe,DataWarehouse
O-500025,2023-07-21,C-3422,201,POS Terminal,Hardware,16,12224,Salesperson_4,Europe,DataWarehouse
O-502388,2023-06-30,C-3693,102,Analytics Suite,Software,9,3285,Salesperson_7,Asia,DataWarehouse
O-501752,2023-10-12,C-3346,201,POS Terminal,Hardware,13,6565,Salesperson_8,Europe,DataWarehouse
O-501533,2023-12-25,C-3698,101,CRM Pro,Software,8,11040,Salesperson_8,North America,DataWarehouse
O-501815,2024-12-31,C-3115,101,CRM Pro,Software,6,1422,Salesperson_5,Europe,DataWarehouse
O-501616,2024-04-26,C-3071,201,POS Terminal,Hardware,6,6240,Salesperson_2,Asia,DataWarehouse
O-501454,2024-11-14,C-2172,102,Analytics Suite,Software,5,5400,Salesperson_1,North America,DataWarehouse
O-500565,2023-03-03,C-2485,201,POS Terminal,Hardware,14,3192,Salesperson_1,Asia,DataWarehouse
O-500845,2024-02-08,C-1770,201,POS Terminal,Hardware,2,808,Salesperson_9,Asia,DataWarehouse
O-502489,2024-11-26,C-2098,201,POS Terminal,Hardware,12,11736,Salesperson_1,North America,DataWarehouse
O-501456,2023-02-01,C-1856,201,POS Terminal,Hardware,15,3960,Salesperson_9,North America,DataWarehouse
O-500361,2023-03-04,C-3451,201,POS Terminal,Hardware,16,5312,Salesperson_8,North America,DataWarehouse
O-501565,2024-11-30,C-3182,102,Analytics Suite,Software,20,4620,Salesperson_9,North America,DataWarehouse
O-502498,2024-04-25,C-2777,102,Analytics Suite,Software,5,4270,Salesperson_9,North America,DataWarehouse
O-502414,2023-07-28,C-1378,101,CRM Pro,Software,18,21852,Salesperson_1,North America,DataWarehouse
O-501834,2023-08-08,C-2267,102,Analytics Suite,Software,5,2295,Salesperson_6,Asia,DataWarehouse
O-501784,2023-01-10,C-1828,101,CRM Pro,Software,17,12376,Salesperson_10,Europe,DataWarehouse
O-500430,2024-09-22,C-3584,101,CRM Pro,Software,12,16092,Salesperson_7,Asia,DataWarehouse
O-502309,2024-11-17,C-3610,102,Analytics Suite,Software,12,3516,Salesperson_2,Europe,DataWarehouse
O-500637,2023-06-28,C-3889,102,Analytics Suite,Software,6,4638,Salesperson_1,Europe,DataWarehouse
O-502187,2023-10-01,C-3265,201,POS Terminal,Hardware,4,2560,Salesperson_4,North America,DataWarehouse
O-500651,2024-08-03,C-1392,102,Analytics Suite,Software,3,1146,Salesperson_10,North America,DataWarehouse
O-500240,2023-04-09,C-2814,101,CRM Pro,Software,9,6939,Salesperson_3,North America,DataWarehouse
O-500693,2024-07-23,C-3801,102,Analytics Suite,Software,1,1062,Salesperson_11,North America,DataWarehouse
O-500070,2024-06-09,C-3005,102,Analytics Suite,Software,14,12040,Salesperson_2,Europe,DataWarehouse
O-502232,2024-11-15,C-3878,201,POS Terminal,Hardware,10,3490,Salesperson_7,Asia,DataWarehouse
O-500650,2023-02-08,C-1861,101,CRM Pro,Software,16,21568,Salesperson_4,Asia,DataWarehouse
O-502018,2023-06-13,C-1617,201,POS Terminal,Hardware,16,23616,Salesperson_6,North America,DataWarehouse
O-500073,2024-07-30,C-2482,102,Analytics Suite,Software,18,14292,Salesperson_9,Europe,DataWarehouse
O-501163,2024-03-16,C-3010,102,Analytics Suite,Software,10,11500,Salesperson_4,Europe,DataWarehouse
O-500350,2024-09-30,C-1703,102,Analytics Suite,Software,10,6980,Salesperson_10,North America,DataWarehouse
O-502289,2024-05-30,C-3400,102,Analytics Suite,Software,8,4656,Salesperson_9,Europe,DataWarehouse
O-502168,2024-12-14,C-1444,102,Analytics Suite,Software,15,4770,Salesperson_6,Europe,DataWarehouse
O-501098,2024-06-17,C-2377,201,POS Terminal,Hardware,14,18396,Salesperson_3,Europe,DataWarehouse
O-501446,2024-07-15,C-3735,101,CRM Pro,Software,17,9690,Salesperson_1,North America,DataWarehouse
O-502328,2023-06-03,C-3025,201,POS Terminal,Hardware,4,3644,Salesperson_4,North America,DataWarehouse
O-500076,2023-07-22,C-2523,101,CRM Pro,Software,15,9390,Salesperson_1,North America,DataWarehouse
O-500432,2023-01-03,C-1791,101,CRM Pro,Software,14,17276,Salesperson_4,Europe,DataWarehouse
O-502349,2024-04-01,C-1724,201,POS Terminal,Hardware,16,8208,Salesperson_3,Asia,DataWarehouse
O-501292,2023-01-15,C-3167,101,CRM Pro,Software,18,22806,Salesperson_3,North America,DataWarehouse
O-500157,2024-05-15,C-1242,102,Analytics Suite,Software,4,3272,Salesperson_5,Asia,DataWarehouse
O-501798,2023-08-06,C-1170,102,Analytics Suite,Software,15,9630,Salesperson_7,North America,DataWarehouse
O-501405,2024-05-21,C-1206,201,POS Terminal,Hardware,13,3315,Salesperson_3,Asia,DataWarehouse
O-502050,2023-12-23,C-1376,102,Analytics Suite,Software,10,12790,Salesperson_8,Asia,DataWarehouse
O-500135,2024-09-19,C-3216,101,CRM Pro,Software,18,5076,Salesperson_9,Europe,DataWarehouse
O-502137,2023-06-13,C-3206,101,CRM Pro,Software,16,11264,Salesperson_5,North America,DataWarehouse
O-501928,2023-11-11,C-3913,102,Analytics Suite,Software,9,6480,Salesperson_3,Europe,DataWarehouse
O-501690,2023-02-25,C-2274,101,CRM Pro,Software,5,1930,Salesperson_9,North America,DataWarehouse
O-500867,2024-06-21,C-3307,101,CRM Pro,Software,17,9248,Salesperson_4,Asia,DataWarehouse
O-501949,2024-06-28,C-2668,102,Analytics Suite,Software,1,859,Salesperson_8,North America,DataWarehouse
O-500051,2024-09-20,C-3585,201,POS Terminal,Hardware,6,6426,Salesperson_4,Asia,DataWarehouse
O-501900,2024-08-19,C-1021,102,Analytics Suite,Software,3,1494,Salesperson_7,Asia,DataWarehouse
O-500678,2023-08-21,C-2291,102,Analytics Suite,Software,20,10100,Salesperson_6,North America,DataWarehouse
O-501503,2023-12-05,C-3657,201,POS Terminal,Hardware,13,5577,Salesperson_4,Asia,DataWarehouse
O-500289,2023-10-15,C-2631,102,Analytics Suite,Software,4,5928,Salesperson_6,Asia,DataWarehouse
O-502247,2024-01-28,C-2045,102,Analytics Suite,Software,12,4080,Salesperson_1,North America,DataWarehouse
O-501420,2024-06-19,C-3560,201,POS Terminal,Hardware,15,19440,Salesperson_3,Asia,DataWarehouse
O-501602,2023-05-31,C-1830,201,POS Terminal,Hardware,4,5252,Salesperson_6,Europe,DataWarehouse
O-500532,2023-12-01,C-1243,201,POS Terminal,Hardware,12,9720,Salesperson_7,Asia,DataWarehouse
O-500479,2024-12-05,C-1375,102,Analytics Suite,Software,6,1212,Salesperson_7,Europe,DataWarehouse
O-501403,2024-06-01,C-3919,201,POS Terminal,Hardware,20,6180,Salesperson_10,North America,DataWarehouse
O-501932,2023-08-22,C-1664,102,Analytics Suite,Software,6,7638,Salesperson_6,North America,DataWarehouse
O-500291,2024-04-03,C-2486,102,Analytics Suite,Software,20,15840,Salesperson_8,Asia,DataWarehouse
O-501721,2023-06-25,C-2251,101,CRM Pro,Software,5,2865,Salesperson_4,Asia,DataWarehouse
O-501068,2023-02-25,C-1162,102,Analytics Suite,Software,18,4986,Salesperson_9,Asia,DataWarehouse
O-501023,2023-09-15,C-2167,101,CRM Pro,Software,3,759,Salesperson_8,North America,DataWarehouse
O-502179,2024-08-05,C-1567,101,CRM Pro,Software,7,9940,Salesperson_5,Europe,DataWarehouse
O-502227,2023-03-11,C-3469,101,CRM Pro,Software,14,19460,Salesperson_3,Europe,DataWarehouse
O-500705,2024-03-12,C-1979,102,Analytics Suite,Software,15,13425,Salesperson_4,Asia,DataWarehouse
O-502034,2024-03-31,C-1678,201,POS Terminal,Hardware,11,10989,Salesperson_1,North America,DataWarehouse
O-500406,2023-09-24,C-3556,101,CRM Pro,Software,1,689,Salesperson_8,Asia,DataWarehouse
O-502099,2023-07-30,C-2239,102,Analytics Suite,Software,10,13300,Salesperson_4,Europe,DataWarehouse
O-502023,2024-08-23,C-1454,201,POS Terminal,Hardware,16,8768,Salesperson_6,North America,DataWarehouse
O-502408,2023-05-29,C-3652,201,POS Terminal,Hardware,9,6246,Salesperson_7,Europe,DataWarehouse
O-500978,2024-03-01,C-1538,201,POS Terminal,Hardware,5,6735,Salesperson_6,Asia,DataWarehouse
O-501745,2023-10-24,C-3467,201,POS Terminal,Hardware,1,1203,Salesperson_6,Asia,DataWarehouse
O-501880,2024-07-15,C-3638,102,Analytics Suite,Software,8,10472,Salesperson_11,Asia,DataWarehouse
O-500342,2024-05-03,C-2045,201,POS Terminal,Hardware,17,25194,Salesperson_7,Asia,DataWarehouse
O-501990,2023-05-10,C-1317,201,POS Terminal,Hardware,11,6171,Salesperson_5,North America,DataWarehouse
O-502476,2024-02-04,C-1023,201,POS Terminal,Hardware,8,10688,Salesperson_3,Asia,DataWarehouse
O-500834,2024-04-20,C-1837,101,CRM Pro,Software,14,15932,Salesperson_4,Europe,DataWarehouse
O-501452,2024-12-01,C-1365,101,CRM Pro,Software,1,681,Salesperson_3,North America,DataWarehouse
O-500299,2024-11-07,C-3563,201,POS Terminal,Hardware,11,9427,Salesperson_4,North America,DataWarehouse
O-501988,2023-12-13,C-1626,102,Analytics Suite,Software,16,9216,Salesperson_11,Asia,DataWarehouse
O-502293,2024-12-24,C-1692,101,CRM Pro,Software,3,3888,Salesperson_3,Europe,DataWarehouse
O-500495,2024-08-27,C-2019,102,Analytics Suite,Software,1,206,Salesperson_11,Europe,DataWarehouse
O-500812,2024-08-10,C-1563,201,POS Terminal,Hardware,9,7128,Salesperson_7,Europe,DataWarehouse
O-500929,2023-03-25,C-3479,102,Analytics Suite,Software,5,3935,Salesperson_4,North America,DataWarehouse
O-501057,2023-06-27,C-1816,101,CRM Pro,Software,19,21508,Salesperson_6,Europe,DataWarehouse
O-501637,2024-02-06,C-1296,201,POS Terminal,Hardware,9,5445,Salesperson_2,Europe,DataWarehouse
O-502455,2023-10-29,C-3710,102,Analytics Suite,Software,1,1485,Salesperson_5,Asia,DataWarehouse
O-500220,2023-04-21,C-2919,101,CRM Pro,Software,15,21390,Salesperson_6,Europe,DataWarehouse
O-502486,2024-11-26,C-1683,101,CRM Pro,Software,1,665,Salesperson_6,Europe,DataWarehouse
O-501659,2023-02-15,C-3734,201,POS Terminal,Hardware,10,3530,Salesperson_4,Asia,DataWarehouse
O-500527,2023-08-07,C-1112,201,POS Terminal,Hardware,5,5810,Salesperson_11,North America,DataWarehouse
O-501486,2024-07-22,C-2896,102,Analytics Suite,Software,10,8800,Salesperson_3,Europe,DataWarehouse
O-502375,2023-05-04,C-2876,102,Analytics Suite,Software,11,6743,Salesperson_1,North America,DataWarehouse
O-501609,2024-12-27,C-3385,101,CRM Pro,Software,16,15152,Salesperson_8,Europe,DataWarehouse
O-500596,2023-03-27,C-2242,102,Analytics Suite,Software,9,10530,Salesperson_8,North America,DataWarehouse
O-500084,2023-06-17,C-3344,201,POS Terminal,Hardware,4,3304,Salesperson_3,Asia,DataWarehouse
O-502213,2024-01-05,C-2689,101,CRM Pro,Software,8,3024,Salesperson_3,Europe,DataWarehouse
O-502055,2023-01-13,C-3977,101,CRM Pro,Software,16,20704,Salesperson_5,Asia,DataWarehouse
O-501961,2023-03-11,C-2972,102,Analytics Suite,Software,6,5970,Salesperson_11,North America,DataWarehouse
O-501864,2024-10-04,C-2912,201,POS Terminal,Hardware,18,15534,Salesperson_1,Asia,DataWarehouse
O-502326,2024-01-25,C-3674,201,POS Terminal,Hardware,3,1248,Salesperson_10,Asia,DataWarehouse
O-500461,2024-06-15,C-3544,101,CRM Pro,Software,20,10100,Salesperson_4,North America,DataWarehouse
O-500109,2024-12-19,C-1530,102,Analytics Suite,Software,15,16380,Salesperson_11,Europe,DataWarehouse
O-501962,2024-05-03,C-1189,102,Analytics Suite,Software,3,1173,Salesperson_8,North America,DataWarehouse
O-500354,2024-03-25,C-1110,101,CRM Pro,Software,1,1082,Salesperson_6,North America,DataWarehouse
O-500266,2023-03-15,C-1139,201,POS Terminal,Hardware,16,9936,Salesperson_8,Asia,DataWarehouse
O-501545,2023-06-05,C-1532,101,CRM Pro,Software,4,5144,Salesperson_3,Europe,DataWarehouse
O-500530,2023-03-12,C-3457,201,POS Terminal,Hardware,15,6270,Salesperson_6,Asia,DataWarehouse
O-502446,2023-04-27,C-3016,201,POS Terminal,Hardware,6,4314,Salesperson_11,North America,DataWarehouse
O-500290,2024-08-14,C-3160,101,CRM Pro,Software,19,4218,Salesperson_3,North America,DataWarehouse
O-500605,2024-03-28,C-3435,101,CRM Pro,Software,14,11312,Salesperson_9,North America,DataWarehouse
O-501560,2024-09-26,C-1797,102,Analytics Suite,Software,7,4550,Salesperson_10,North America,DataWarehouse
O-500416,2023-07-13,C-2125,102,Analytics Suite,Software,11,11792,Salesperson_11,North America,DataWarehouse
O-500472,2024-04-03,C-2816,201,POS Terminal,Hardware,1,1099,Salesperson_6,Europe,DataWarehouse
O-500931,2023-05-30,C-2751,101,CRM Pro,Software,14,4620,Salesperson_7,Europe,DataWarehouse
O-502279,2023-10-25,C-2593,201,POS Terminal,Hardware,3,3390,Salesperson_7,Europe,DataWarehouse
O-502419,2023-05-06,C-3649,201,POS Terminal,Hardware,3,2727,Salesperson_6,Asia,DataWarehouse
O-500808,2024-08-08,C-2783,102,Analytics Suite,Software,13,18486,Salesperson_6,North America,DataWarehouse
O-500798,2024-06-17,C-1509,102,Analytics Suite,Software,18,7830,Salesperson_11,North America,DataWarehouse
O-502491,2024-11-19,C-3691,201,POS Terminal,Hardware,12,6012,Salesperson_6,North America,DataWarehouse
O-500930,2024-03-11,C-2083,101,CRM Pro,Software,8,1672,Salesperson_3,Asia,DataWarehouse
O-500278,2024-01-30,C-2025,101,CRM Pro,Software,15,18195,Salesperson_2,North America,DataWarehouse
O-501517,2023-11-15,C-2502,101,CRM Pro,Software,8,2784,Salesperson_2,Europe,DataWarehouse
O-500883,2024-10-02,C-1165,101,CRM Pro,Software,2,1812,Salesperson_7,Asia,DataWarehouse
O-501014,2024-04-22,C-2745,201,POS Terminal,Hardware,19,4104,Salesperson_1,North America,DataWarehouse
O-500018,2024-09-07,C-3412,102,Analytics Suite,Software,14,7518,Salesperson_2,Asia,DataWarehouse
O-501234,2023-08-11,C-3715,102,Analytics Suite,Software,18,4716,Salesperson_3,Europe,DataWarehouse
O-502401,2023-06-09,C-1894,101,CRM Pro,Software,4,3616,Salesperson_7,North America,DataWarehouse
O-501972,2024-04-13,C-3523,101,CRM Pro,Software,11,9438,Salesperson_11,North America,DataWarehouse
O-501532,2023-10-15,C-3640,102,Analytics Suite,Software,20,19460,Salesperson_4,North America,DataWarehouse
O-501902,2023-01-03,C-2084,201,POS Terminal,Hardware,15,13425,Salesperson_1,Asia,DataWarehouse
O-502133,2023-07-23,C-3197,102,Analytics Suite,Software,6,2448,Salesperson_9,North America,DataWarehouse
O-501501,2024-09-23,C-2744,101,CRM Pro,Software,19,18126,Salesperson_6,Asia,DataWarehouse
O-501564,2024-01-27,C-3976,101,CRM Pro,Software,17,12835,Salesperson_4,North America,DataWarehouse
O-500219,2024-07-29,C-3994,102,Analytics Suite,Software,10,12510,Salesperson_10,North America,DataWarehouse
O-500618,2023-06-27,C-1204,201,POS Terminal,Hardware,4,1372,Salesperson_5,Europe,DataWarehouse
O-501247,2023-10-24,C-1448,201,POS Terminal,Hardware,3,1245,Salesperson_9,North America,DataWarehouse
O-500303,2023-07-23,C-3120,101,CRM Pro,Software,19,20349,Salesperson_10,Europe,DataWarehouse
O-501738,2024-09-27,C-2485,101,CRM Pro,Software,5,2675,Salesperson_5,Europe,DataWarehouse
O-502376,2024-07-24,C-1656,101,CRM Pro,Software,12,3816,Salesperson_10,North America,DataWarehouse
O-502008,2024-08-24,C-1729,201,POS Terminal,Hardware,9,7560,Salesperson_4,Europe,DataWarehouse
O-502064,2023-06-07,C-1499,201,POS Terminal,Hardware,11,10604,Salesperson_10,Europe,DataWarehouse
O-501295,2023-08-26,C-1899,201,POS Terminal,Hardware,9,2970,Salesperson_9,Europe,DataWarehouse
O-502201,2024-03-12,C-1402,101,CRM Pro,Software,9,5391,Salesperson_2,Europe,DataWarehouse
O-500879,2023-01-07,C-2559,102,Analytics Suite,Software,8,6856,Salesperson_9,Europe,DataWarehouse
O-502158,2024-11-30,C-3622,102,Analytics Suite,Software,9,10161,Salesperson_5,Asia,DataWarehouse
O-501005,2024-07-10,C-1125,101,CRM Pro,Software,18,21492,Salesperson_8,Asia,DataWarehouse
O-501033,2024-12-28,C-3072,101,CRM Pro,Software,11,14806,Salesperson_1,Europe,DataWarehouse
O-501505,2023-06-23,C-3152,102,Analytics Suite,Software,14,15274,Salesperson_8,Asia,DataWarehouse
O-501053,2023-11-13,C-1019,101,CRM Pro,Software,8,8872,Salesperson_6,North America,DataWarehouse
O-501869,2023-08-03,C-1106,101,CRM Pro,Software,3,4029,Salesperson_6,Asia,DataWarehouse
O-501100,2023-05-26,C-1021,101,CRM Pro,Software,16,13360,Salesperson_2,Europe,DataWarehouse
O-500192,2024-11-30,C-1531,102,Analytics Suite,Software,7,6839,Salesperson_9,Europe,DataWarehouse
O-500174,2023-07-31,C-1581,201,POS Terminal,Hardware,17,7038,Salesperson_10,North America,DataWarehouse
O-500765,2024-01-04,C-2002,201,POS Terminal,Hardware,16,8832,Salesperson_9,North America,DataWarehouse
O-501378,2023-08-06,C-2527,101,CRM Pro,Software,20,17780,Salesperson_1,North America,DataWarehouse
O-501566,2023-10-06,C-1118,101,CRM Pro,Software,9,12357,Salesperson_6,North America,DataWarehouse
O-501904,2024-12-19,C-1430,102,Analytics Suite,Software,3,4152,Salesperson_7,Europe,DataWarehouse
O-500700,2024-01-04,C-2315,101,CRM Pro,Software,1,497,Salesperson_11,Asia,DataWarehouse
O-500128,2024-02-23,C-1007,101,CRM Pro,Software,5,4480,Salesperson_6,North America,DataWarehouse
O-500340,2023-10-01,C-2324,201,POS Terminal,Hardware,17,5270,Salesperson_5,Asia,DataWarehouse
O-502127,2024-11-12,C-1025,101,CRM Pro,Software,18,13770,Salesperson_1,North America,DataWarehouse
O-500647,2023-05-22,C-1544,101,CRM Pro,Software,4,1036,Salesperson_9,Asia,DataWarehouse
O-501286,2023-05-19,C-3301,101,CRM Pro,Software,12,8664,Salesperson_9,Europe,DataWarehouse
O-500307,2023-03-07,C-3170,102,Analytics Suite,Software,3,2706,Salesperson_2,North America,DataWarehouse
O-500383,2023-11-04,C-3165,201,POS Terminal,Hardware,12,11436,Salesperson_1,Asia,DataWarehouse
O-501272,2023-05-04,C-1498,102,Analytics Suite,Software,1,915,Salesperson_4,Europe,DataWarehouse
O-502314,2023-02-19,C-1307,101,CRM Pro,Software,7,2324,Salesperson_3,Asia,DataWarehouse
O-501263,2024-04-17,C-3635,201,POS Terminal,Hardware,2,822,Salesperson_7,Asia,DataWarehouse
O-500177,2023-05-25,C-2390,101,CRM Pro,Software,12,12552,Salesperson_1,Asia,DataWarehouse
O-500426,2023-04-03,C-2472,201,POS Terminal,Hardware,8,9552,Salesperson_4,Europe,DataWarehouse
O-500786,2023-01-27,C-1645,101,CRM Pro,Software,3,852,Salesperson_7,Asia,DataWarehouse
O-501746,2023-10-10,C-1001,201,POS Terminal,Hardware,13,2769,Salesperson_3,North America,DataWarehouse
O-501099,2024-12-30,C-2879,102,Analytics Suite,Software,16,22800,Salesperson_3,Europe,DataWarehouse
O-502389,2024-11-03,C-2526,101,CRM Pro,Software,15,3405,Salesperson_10,Asia,DataWarehouse
O-500184,2024-06-12,C-1316,101,CRM Pro,Software,17,12359,Salesperson_3,Europe,DataWarehouse
O-501591,2024-02-18,C-2575,201,POS Terminal,Hardware,13,17654,Salesperson_6,Asia,DataWarehouse
O-501989,2024-11-12,C-2096,102,Analytics Suite,Software,15,7020,Salesperson_11,Europe,DataWarehouse
O-502495,2023-09-28,C-3217,101,CRM Pro,Software,7,9156,Salesperson_6,North America,DataWarehouse
O-502285,2024-02-19,C-2321,201,POS Terminal,Hardware,11,11495,Salesperson_9,Europe,DataWarehouse
O-501303,2024-08-05,C-2351,102,Analytics Suite,Software,14,5376,Salesperson_1,North America,DataWarehouse
O-500961,2023-09-04,C-1269,102,Analytics Suite,Software,19,5377,Salesperson_8,North America,DataWarehouse
O-501639,2024-06-16,C-2990,101,CRM Pro,Software,10,11140,Salesperson_7,Europe,DataWarehouse
O-500489,2023-09-04,C-2923,101,CRM Pro,Software,18,9216,Salesperson_10,Europe,DataWarehouse
O-500761,2024-10-27,C-2946,102,Analytics Suite,Software,10,9640,Salesperson_7,Asia,DataWarehouse
O-500809,2024-12-25,C-2445,201,POS Terminal,Hardware,9,13464,Salesperson_7,Asia,DataWarehouse
O-502277,2024-05-01,C-1833,102,Analytics Suite,Software,20,6320,Salesperson_2,Europe,DataWarehouse
O-501429,2023-06-24,C-2100,102,Analytics Suite,Software,1,1068,Salesperson_11,Europe,DataWarehouse
O-501657,2024-09-29,C-1603,102,Analytics Suite,Software,8,8272,Salesperson_8,Asia,DataWarehouse
O-501525,2023-05-16,C-2956,102,Analytics Suite,Software,18,13896,Salesperson_1,North America,DataWarehouse
O-502086,2023-05-17,C-2777,201,POS Terminal,Hardware,10,6390,Salesperson_9,North America,DataWarehouse
O-500118,2023-03-02,C-2597,101,CRM Pro,Software,6,8382,Salesperson_3,Asia,DataWarehouse
O-501553,2023-05-29,C-2420,201,POS Terminal,Hardware,14,19348,Salesperson_8,Europe,DataWarehouse
O-500281,2024-09-05,C-2808,101,CRM Pro,Software,20,9080,Salesperson_8,Asia,DataWarehouse
O-502185,2023-11-18,C-3868,102,Analytics Suite,Software,9,11349,Salesperson_6,Europe,DataWarehouse
O-502464,2024-07-04,C-2670,101,CRM Pro,Software,4,4512,Salesperson_11,Europe,DataWarehouse
O-501835,2023-12-21,C-1920,201,POS Terminal,Hardware,12,15648,Salesperson_9,North America,DataWarehouse
O-500649,2024-02-19,C-1308,101,CRM Pro,Software,11,10362,Salesperson_7,Asia,DataWarehouse
O-500727,2024-05-17,C-2448,201,POS Terminal,Hardware,11,16379,Salesperson_3,North America,DataWarehouse
O-500366,2024-01-30,C-2242,101,CRM Pro,Software,15,14100,Salesperson_10,Europe,DataWarehouse
O-501351,2024-12-11,C-2872,201,POS Terminal,Hardware,14,4578,Salesperson_9,North America,DataWarehouse
O-500555,2023-10-30,C-3312,101,CRM Pro,Software,5,6970,Salesperson_3,Asia,DataWarehouse
O-501410,2023-09-06,C-2626,102,Analytics Suite,Software,17,15334,Salesperson_8,Europe,DataWarehouse
O-502280,2024-09-10,C-1760,101,CRM Pro,Software,17,9163,Salesperson_4,Asia,DataWarehouse
O-501913,2024-09-29,C-3596,102,Analytics Suite,Software,6,8040,Salesperson_4,North America,DataWarehouse
O-500203,2023-09-12,C-3825,201,POS Terminal,Hardware,8,11216,Salesperson_6,Europe,DataWarehouse
O-502113,2024-09-23,C-2832,102,Analytics Suite,Software,16,15296,Salesperson_2,Asia,DataWarehouse
O-500120,2024-09-23,C-3097,102,Analytics Suite,Software,2,1220,Salesperson_1,Asia,DataWarehouse
O-500283,2024-03-01,C-2111,201,POS Terminal,Hardware,3,4185,Salesperson_8,North America,DataWarehouse
O-500575,2024-06-04,C-2706,102,Analytics Suite,Software,8,2904,Salesperson_10,Asia,DataWarehouse
O-501301,2024-05-09,C-3223,101,CRM Pro,Software,17,25296,Salesperson_6,Europe,DataWarehouse
O-502413,2023-01-14,C-2934,101,CRM Pro,Software,3,3843,Salesperson_9,Asia,DataWarehouse
O-500275,2024-02-11,C-3979,101,CRM Pro,Software,10,12080,Salesperson_11,Asia,DataWarehouse
O-500965,2023-05-31,C-2290,201,POS Terminal,Hardware,7,3241,Salesperson_10,Europe,DataWarehouse
O-501547,2024-04-11,C-1533,102,Analytics Suite,Software,14,15358,Salesperson_4,North America,DataWarehouse
O-500360,2024-06-30,C-2804,101,CRM Pro,Software,15,10065,Salesperson_10,Europe,DataWarehouse
O-501127,2023-12-02,C-1563,101,CRM Pro,Software,16,4256,Salesperson_11,North America,DataWarehouse
O-500767,2024-04-08,C-3115,201,POS Terminal,Hardware,8,8240,Salesperson_2,North America,DataWarehouse
O-502003,2024-06-14,C-1628,101,CRM Pro,Software,11,8591,Salesperson_6,North America,DataWarehouse
O-501726,2024-05-25,C-3569,201,POS Terminal,Hardware,11,11473,Salesperson_6,Europe,DataWarehouse
O-501888,2023-11-22,C-1711,102,Analytics Suite,Software,20,11740,Salesperson_6,Europe,DataWarehouse
O-500286,2024-04-20,C-3555,102,Analytics Suite,Software,8,9208,Salesperson_2,North America,DataWarehouse
