Employee_ID,Full_Name,Gender,Employee_Name,Age,Attrition,BusinessTravel,DailyRate,Department,DistanceFromHome,Education,EducationField,EmployeeCount,EmployeeNumber,EnvironmentSatisfaction,HourlyRate,JobInvolvement,JobLevel,JobRole,JobSatisfaction,MaritalStatus,MonthlyIncome,MonthlyRate,NumCompaniesWorked,Over18,OverTime,PercentSalaryHike,PerformanceRating,RelationshipSatisfaction,StandardHours,StockOptionLevel,TotalWorkingYears,TrainingTimesLastYear,WorkLifeBalance,YearsAtCompany,YearsInCurrentRole,YearsSinceLastPromotion,YearsWithCurrManager
E0001,Barbara Allen,Female,Susan,41,Yes,Travel_Rarely,1102,Sales,1,2,Life Sciences,1,1,2,94,3,2,Sales Executive,4,Single,5993,19479,8,Y,Yes,11,3,1,80,0,8,0,1,6,4,0,5
E0002,William Martin,Male,Michael,49,No,Travel_Frequently,279,Research & Development,8,1,Life Sciences,1,2,3,61,2,2,Research Scientist,2,Married,5130,24907,1,Y,No,23,4,4,80,1,10,3,3,10,7,1,7
E0003,Thomas Brown,Male,Joseph,37,Yes,Travel_Rarely,1373,Research & Development,2,2,Other,1,4,4,92,2,1,Laboratory Technician,3,Single,2090,2396,6,Y,Yes,15,3,2,80,0,7,3,3,0,0,0,0
E0004,Susan Wright,Female,Elizabeth,33,No,Travel_Frequently,1392,Research & Development,3,4,Life Sciences,1,5,4,56,3,1,Research Scientist,3,Married,2909,23159,1,Y,Yes,11,3,3,80,0,8,3,3,8,7,3,0
E0005,Charles Anderson,Male,Richard,27,No,Travel_Rarely,591,Research & Development,2,1,Medical,1,7,1,40,3,1,Laboratory Technician,2,Married,3468,16632,9,Y,No,12,3,4,80,1,6,3,3,2,2,2,2
E0006,Richard Johnson,Male,Charles,32,No,Travel_Frequently,1005,Research & Development,2,2,Life Sciences,1,8,4,79,3,1,Laboratory Technician,4,Single,3068,11864,0,Y,No,13,3,3,80,0,8,2,2,7,7,3,6
E0007,Linda Clark,Female,Jennifer,59,No,Travel_Rarely,1324,Research & Development,3,3,Medical,1,10,3,81,4,1,Laboratory Technician,1,Married,2670,9964,4,Y,Yes,20,4,1,80,3,12,3,2,1,0,0,0
E0008,Richard Johnson,Male,Richard,30,No,Travel_Rarely,1358,Research & Development,24,1,Life Sciences,1,11,4,67,3,1,Laboratory Technician,3,Divorced,2693,13335,1,Y,No,22,4,2,80,1,1,2,3,1,0,0,0
E0009,James Harris,Male,Joseph,38,No,Travel_Frequently,216,Research & Development,23,3,Life Sciences,1,12,4,44,2,3,Manufacturing Director,3,Single,9526,8787,0,Y,No,21,4,2,80,0,10,2,3,9,7,1,8
E0010,James White,Male,William,36,No,Travel_Rarely,1299,Research & Development,27,3,Medical,1,13,3,94,3,2,Healthcare Representative,3,Married,5237,16577,6,Y,No,13,3,2,80,2,17,3,2,7,7,7,7
E0011,John White,Male,Michael,35,No,Travel_Rarely,809,Research & Development,16,3,Medical,1,14,1,84,4,1,Laboratory Technician,2,Married,2426,16479,0,Y,No,13,3,3,80,1,6,5,3,5,4,0,3
E0012,Jennifer Hall,Female,Jessica,29,No,Travel_Rarely,153,Research & Development,15,2,Life Sciences,1,15,4,49,2,2,Laboratory Technician,3,Single,4193,12682,0,Y,Yes,12,3,4,80,0,10,3,3,9,5,0,8
E0013,Robert Jackson,Male,Joseph,31,No,Travel_Rarely,670,Research & Development,26,1,Life Sciences,1,16,1,31,3,1,Research Scientist,3,Divorced,2911,15170,1,Y,No,17,3,4,80,1,5,1,2,5,2,4,3
E0014,Charles Harris,Male,Robert,34,No,Travel_Rarely,1346,Research & Development,19,2,Medical,1,18,2,93,3,1,Laboratory Technician,4,Divorced,2661,8758,0,Y,No,11,3,3,80,1,3,2,3,2,2,1,2
E0015,John Anderson,Male,David,28,Yes,Travel_Rarely,103,Research & Development,24,3,Life Sciences,1,19,3,50,2,1,Laboratory Technician,3,Single,2028,12947,5,Y,Yes,14,3,2,80,0,6,4,3,4,2,0,3
E0016,Barbara Robinson,Female,Elizabeth,29,No,Travel_Rarely,1389,Research & Development,21,4,Life Sciences,1,20,2,51,4,3,Manufacturing Director,1,Divorced,9980,10195,1,Y,No,11,3,3,80,1,10,1,3,10,9,8,8
E0017,Michael Taylor,Male,John,32,No,Travel_Rarely,334,Research & Development,5,2,Life Sciences,1,21,1,80,4,1,Research Scientist,2,Divorced,3298,15053,0,Y,Yes,12,3,4,80,2,7,5,2,6,2,0,5
E0018,John Taylor,Male,Joseph,22,No,Non-Travel,1123,Research & Development,16,2,Medical,1,22,4,96,4,1,Laboratory Technician,4,Divorced,2935,7324,1,Y,Yes,13,3,2,80,2,1,2,2,1,0,0,0
E0019,Mary Hall,Female,Barbara,53,No,Travel_Rarely,1219,Sales,2,4,Life Sciences,1,23,1,78,2,4,Manager,4,Married,15427,22021,2,Y,No,16,3,3,80,0,31,3,3,25,8,3,7
E0020,James Martin,Male,John,38,No,Travel_Rarely,371,Research & Development,2,3,Life Sciences,1,24,4,45,3,1,Research Scientist,4,Single,3944,4306,5,Y,Yes,11,3,3,80,0,6,3,3,3,2,1,2
E0021,Barbara Davis,Female,Elizabeth,24,No,Non-Travel,673,Research & Development,11,2,Other,1,26,1,96,4,2,Manufacturing Director,3,Divorced,4011,8232,0,Y,No,18,3,4,80,1,5,5,2,4,2,1,3
E0022,David Martin,Male,James,36,Yes,Travel_Rarely,1218,Sales,9,4,Life Sciences,1,27,3,82,2,1,Sales Representative,1,Single,3407,6986,7,Y,No,23,4,2,80,0,10,4,3,5,3,0,3
E0023,Jessica Clark,Female,Karen,34,No,Travel_Rarely,419,Research & Development,7,4,Life Sciences,1,28,1,53,3,3,Research Director,2,Single,11994,21293,0,Y,No,11,3,3,80,0,13,4,3,12,6,2,11
E0024,John Taylor,Male,David,21,No,Travel_Rarely,391,Research & Development,15,2,Life Sciences,1,30,3,96,3,1,Research Scientist,4,Single,1232,19281,1,Y,No,14,3,4,80,0,0,6,3,0,0,0,0
E0025,Robert Taylor,Male,Thomas,34,Yes,Travel_Rarely,699,Research & Development,6,1,Medical,1,31,2,83,3,1,Research Scientist,1,Single,2960,17102,2,Y,No,11,3,3,80,0,8,2,3,4,2,1,3
E0026,Susan Davis,Female,Mary,53,No,Travel_Rarely,1282,Research & Development,5,3,Other,1,32,3,58,3,5,Manager,3,Divorced,19094,10735,4,Y,No,11,3,4,80,1,26,3,2,14,13,4,8
E0027,Barbara Lewis,Female,Karen,32,Yes,Travel_Frequently,1125,Research & Development,16,1,Life Sciences,1,33,2,72,1,1,Research Scientist,1,Single,3919,4681,1,Y,Yes,22,4,2,80,0,10,5,3,10,2,6,7
E0028,Charles Jackson,Male,Robert,42,No,Travel_Rarely,691,Sales,8,4,Marketing,1,35,3,48,3,2,Sales Executive,2,Married,6825,21173,0,Y,No,11,3,4,80,1,10,2,3,9,7,4,2
E0029,Karen Clark,Female,Susan,44,No,Travel_Rarely,477,Research & Development,7,4,Medical,1,36,1,42,2,3,Healthcare Representative,4,Married,10248,2094,3,Y,No,14,3,4,80,1,24,4,3,22,6,5,17
E0030,Patricia Robinson,Female,Linda,46,No,Travel_Rarely,705,Sales,2,4,Marketing,1,38,2,83,3,5,Manager,1,Single,18947,22822,3,Y,No,12,3,4,80,0,22,2,2,2,2,2,1
E0031,James Brown,Male,Thomas,33,No,Travel_Rarely,924,Research & Development,2,3,Medical,1,39,3,78,3,1,Laboratory Technician,4,Single,2496,6670,4,Y,No,11,3,4,80,0,7,3,3,1,1,0,0
E0032,Thomas Jackson,Male,Robert,44,No,Travel_Rarely,1459,Research & Development,10,4,Other,1,40,4,41,3,2,Healthcare Representative,4,Married,6465,19121,2,Y,Yes,13,3,4,80,0,9,5,4,4,2,1,3
E0033,Richard Taylor,Male,William,30,No,Travel_Rarely,125,Research & Development,9,2,Medical,1,41,4,83,2,1,Laboratory Technician,3,Single,2206,16117,1,Y,No,13,3,1,80,0,10,5,3,10,0,1,8
E0034,John Taylor,Male,Robert,39,Yes,Travel_Rarely,895,Sales,5,3,Technical Degree,1,42,4,56,3,2,Sales Representative,4,Married,2086,3335,3,Y,No,14,3,3,80,1,19,6,4,1,0,0,0
E0035,David Brown,Male,Richard,24,Yes,Travel_Rarely,813,Research & Development,1,3,Medical,1,45,2,61,3,1,Research Scientist,4,Married,2293,3020,2,Y,Yes,16,3,1,80,1,6,2,2,2,0,2,0
E0036,Mary Young,Female,Elizabeth,43,No,Travel_Rarely,1273,Research & Development,2,2,Medical,1,46,4,72,4,1,Research Scientist,3,Divorced,2645,21923,1,Y,No,12,3,4,80,2,6,3,2,5,3,1,4
E0037,William Anderson,Male,Thomas,50,Yes,Travel_Rarely,869,Sales,3,2,Marketing,1,47,1,86,2,1,Sales Representative,3,Married,2683,3810,1,Y,Yes,14,3,3,80,0,3,2,3,3,2,0,2
E0038,Linda Hall,Female,Susan,35,No,Travel_Rarely,890,Sales,2,3,Marketing,1,49,4,97,3,1,Sales Representative,4,Married,2014,9687,1,Y,No,13,3,1,80,0,2,3,3,2,2,2,2
E0039,Jennifer King,Female,Patricia,36,No,Travel_Rarely,852,Research & Development,5,4,Life Sciences,1,51,2,82,2,1,Research Scientist,1,Married,3419,13072,9,Y,Yes,14,3,4,80,1,6,3,4,1,1,0,0
E0040,Elizabeth Lewis,Female,Linda,33,No,Travel_Frequently,1141,Sales,1,3,Life Sciences,1,52,3,42,4,2,Sales Executive,1,Married,5376,3193,2,Y,No,19,3,1,80,2,10,3,3,5,3,1,3
E0041,James Martin,Male,Thomas,35,No,Travel_Rarely,464,Research & Development,4,2,Other,1,53,3,75,3,1,Laboratory Technician,4,Divorced,1951,10910,1,Y,No,12,3,3,80,1,1,3,3,1,0,0,0
E0042,Barbara Clark,Female,Patricia,27,No,Travel_Rarely,1240,Research & Development,2,4,Life Sciences,1,54,4,33,3,1,Laboratory Technician,1,Divorced,2341,19715,1,Y,No,13,3,4,80,1,1,6,3,1,0,0,0
E0043,Robert Smith,Male,Charles,26,Yes,Travel_Rarely,1357,Research & Development,25,3,Life Sciences,1,55,1,48,1,1,Laboratory Technician,3,Single,2293,10558,1,Y,No,12,3,3,80,0,1,2,2,1,0,0,1
E0044,Thomas White,Male,Thomas,27,No,Travel_Frequently,994,Sales,8,3,Life Sciences,1,56,4,37,3,3,Sales Executive,3,Single,8726,2975,1,Y,No,15,3,4,80,0,9,0,3,9,8,1,7
E0045,Patricia Young,Female,Karen,30,No,Travel_Frequently,721,Research & Development,1,2,Medical,1,57,3,58,3,2,Laboratory Technician,4,Single,4011,10781,1,Y,No,23,4,4,80,0,12,2,3,12,8,3,7
E0046,Sarah Davis,Female,Elizabeth,41,Yes,Travel_Rarely,1360,Research & Development,12,3,Technical Degree,1,58,2,49,3,5,Research Director,3,Married,19545,16280,1,Y,No,12,3,4,80,0,23,0,3,22,15,15,8
E0047,William White,Male,John,34,No,Non-Travel,1065,Sales,23,4,Marketing,1,60,2,72,3,2,Sales Executive,3,Single,4568,10034,0,Y,No,20,4,3,80,0,10,2,3,9,5,8,7
E0048,John Taylor,Male,Michael,37,No,Travel_Rarely,408,Research & Development,19,2,Life Sciences,1,61,2,73,3,1,Research Scientist,2,Married,3022,10227,4,Y,No,21,4,1,80,0,8,1,3,1,0,0,0
E0049,Richard Brown,Male,Richard,46,No,Travel_Frequently,1211,Sales,5,4,Marketing,1,62,1,98,3,2,Sales Executive,4,Single,5772,20445,4,Y,Yes,21,4,3,80,0,14,4,3,9,6,0,8
E0050,William White,Male,Joseph,35,No,Travel_Rarely,1229,Research & Development,8,1,Life Sciences,1,63,4,36,4,1,Laboratory Technician,4,Married,2269,4892,1,Y,No,19,3,4,80,0,1,2,3,1,0,0,1
E0051,Charles Brown,Male,Robert,48,Yes,Travel_Rarely,626,Research & Development,1,2,Life Sciences,1,64,1,98,2,3,Laboratory Technician,3,Single,5381,19294,9,Y,Yes,13,3,4,80,0,23,2,3,1,0,0,0
E0052,Michael Harris,Male,James,28,Yes,Travel_Rarely,1434,Research & Development,5,4,Technical Degree,1,65,3,50,3,1,Laboratory Technician,3,Single,3441,11179,1,Y,Yes,13,3,3,80,0,2,3,2,2,2,2,2
E0053,Susan Davis,Female,Linda,44,No,Travel_Rarely,1488,Sales,1,5,Marketing,1,68,2,75,3,2,Sales Executive,1,Divorced,5454,4009,5,Y,Yes,21,4,3,80,1,9,2,2,4,3,1,3
E0054,Michael Taylor,Male,John,35,No,Non-Travel,1097,Research & Development,11,2,Medical,1,70,3,79,2,3,Healthcare Representative,1,Married,9884,8302,2,Y,Yes,13,3,3,80,1,10,3,3,4,0,2,3
E0055,Sarah Hall,Female,Jessica,26,No,Travel_Rarely,1443,Sales,23,3,Marketing,1,72,3,47,2,2,Sales Executive,4,Married,4157,21436,7,Y,Yes,19,3,3,80,1,5,2,2,2,2,0,0
E0056,Sarah Hall,Female,Linda,33,No,Travel_Frequently,515,Research & Development,1,2,Life Sciences,1,73,1,98,3,3,Research Director,4,Single,13458,15146,1,Y,Yes,12,3,3,80,0,15,1,3,15,14,8,12
E0057,David Anderson,Male,John,35,No,Travel_Frequently,853,Sales,18,5,Life Sciences,1,74,2,71,3,3,Sales Executive,1,Married,9069,11031,1,Y,No,22,4,4,80,1,9,3,2,9,8,1,8
E0058,Elizabeth Clark,Female,Barbara,35,No,Travel_Rarely,1142,Research & Development,23,4,Medical,1,75,3,30,3,1,Laboratory Technician,1,Married,4014,16002,3,Y,Yes,15,3,3,80,1,4,3,3,2,2,2,2
E0059,Joseph White,Male,David,31,No,Travel_Rarely,655,Research & Development,7,4,Life Sciences,1,76,4,48,3,2,Laboratory Technician,4,Divorced,5915,9528,3,Y,No,22,4,4,80,1,10,3,2,7,7,1,7
E0060,James White,Male,Charles,37,No,Travel_Rarely,1115,Research & Development,1,4,Life Sciences,1,77,1,51,2,2,Manufacturing Director,3,Divorced,5993,2689,1,Y,No,18,3,3,80,1,7,2,4,7,5,0,7
E0061,William Johnson,Male,Michael,32,No,Travel_Rarely,427,Research & Development,1,3,Medical,1,78,1,33,3,2,Manufacturing Director,4,Married,6162,10877,1,Y,Yes,22,4,2,80,1,9,3,3,9,8,7,8
E0062,Patricia Hall,Female,Barbara,38,No,Travel_Frequently,653,Research & Development,29,5,Life Sciences,1,79,4,50,3,2,Laboratory Technician,4,Single,2406,5456,1,Y,No,11,3,4,80,0,10,2,3,10,3,9,9
E0063,Sarah Davis,Female,Patricia,50,No,Travel_Rarely,989,Research & Development,7,2,Medical,1,80,2,43,2,5,Research Director,3,Divorced,18740,16701,5,Y,Yes,12,3,4,80,1,29,2,2,27,3,13,8
E0064,Barbara King,Female,Karen,59,No,Travel_Rarely,1435,Sales,25,3,Life Sciences,1,81,1,99,3,3,Sales Executive,1,Single,7637,2354,7,Y,No,11,3,4,80,0,28,3,2,21,16,7,9
E0065,Jessica Hall,Female,Patricia,36,No,Travel_Rarely,1223,Research & Development,8,3,Technical Degree,1,83,3,59,3,3,Healthcare Representative,3,Divorced,10096,8202,1,Y,No,13,3,2,80,3,17,2,3,17,14,12,8
E0066,Jennifer Young,Female,Karen,55,No,Travel_Rarely,836,Research & Development,8,3,Medical,1,84,4,33,3,4,Manager,3,Divorced,14756,19730,2,Y,Yes,14,3,3,80,3,21,2,3,5,0,0,2
E0067,Thomas Smith,Male,Michael,36,No,Travel_Frequently,1195,Research & Development,11,3,Life Sciences,1,85,2,95,2,2,Manufacturing Director,2,Single,6499,22656,1,Y,No,13,3,3,80,0,6,3,3,6,5,0,3
E0068,Thomas Thomas,Male,Joseph,45,No,Travel_Rarely,1339,Research & Development,7,3,Life Sciences,1,86,2,59,3,3,Research Scientist,1,Divorced,9724,18787,2,Y,No,17,3,3,80,1,25,2,3,1,0,0,0
E0069,David Taylor,Male,Richard,35,No,Travel_Frequently,664,Research & Development,1,3,Medical,1,88,2,79,3,1,Research Scientist,1,Married,2194,5868,4,Y,No,13,3,4,80,1,5,2,2,3,2,1,2
E0070,James Martin,Male,Thomas,36,Yes,Travel_Rarely,318,Research & Development,9,3,Medical,1,90,4,79,2,1,Research Scientist,3,Married,3388,21777,0,Y,Yes,17,3,1,80,1,2,0,2,1,0,0,0
E0071,Jessica Clark,Female,Jessica,59,No,Travel_Frequently,1225,Sales,1,1,Life Sciences,1,91,1,57,2,2,Sales Executive,3,Single,5473,24668,7,Y,No,11,3,4,80,0,20,2,2,4,3,1,3
E0072,James Johnson,Male,William,29,No,Travel_Rarely,1328,Research & Development,2,3,Life Sciences,1,94,3,76,3,1,Research Scientist,2,Married,2703,4956,0,Y,No,23,4,4,80,1,6,3,3,5,4,0,4
E0073,James Smith,Male,John,31,No,Travel_Rarely,1082,Research & Development,1,4,Medical,1,95,3,87,3,1,Research Scientist,2,Single,2501,18775,1,Y,No,17,3,2,80,0,1,4,3,1,1,1,0
E0074,Thomas Smith,Male,William,32,No,Travel_Rarely,548,Research & Development,1,3,Life Sciences,1,96,2,66,3,2,Research Scientist,2,Married,6220,7346,1,Y,No,17,3,2,80,2,10,3,3,10,4,0,9
E0075,Linda Wright,Female,Jessica,36,No,Travel_Rarely,132,Research & Development,6,3,Life Sciences,1,97,2,55,4,1,Laboratory Technician,4,Married,3038,22002,3,Y,No,12,3,2,80,0,5,3,3,1,0,0,0
E0076,Barbara Allen,Female,Karen,31,No,Travel_Rarely,746,Research & Development,8,4,Life Sciences,1,98,3,61,3,2,Manufacturing Director,4,Single,4424,20682,1,Y,No,23,4,4,80,0,11,2,3,11,7,1,8
E0077,John Thomas,Male,Thomas,35,No,Travel_Rarely,776,Sales,1,4,Marketing,1,100,3,32,2,2,Sales Executive,1,Single,4312,23016,0,Y,No,14,3,2,80,0,16,2,3,15,13,2,8
E0078,Richard Martin,Male,Thomas,45,No,Travel_Rarely,193,Research & Development,6,4,Other,1,101,4,52,3,3,Research Director,1,Married,13245,15067,4,Y,Yes,14,3,2,80,0,17,3,4,0,0,0,0
E0079,Charles Johnson,Male,James,37,No,Travel_Rarely,397,Research & Development,7,4,Medical,1,102,1,30,3,3,Research Director,3,Single,13664,25258,4,Y,No,13,3,1,80,0,16,3,4,5,2,0,2
E0080,John Martin,Male,Thomas,46,No,Travel_Rarely,945,Human Resources,5,2,Medical,1,103,2,80,3,2,Human Resources,2,Divorced,5021,10425,8,Y,Yes,22,4,4,80,1,16,2,3,4,2,0,2
E0081,Richard Smith,Male,Richard,30,No,Travel_Rarely,852,Research & Development,1,1,Life Sciences,1,104,4,55,2,2,Laboratory Technician,4,Married,5126,15998,1,Y,Yes,12,3,3,80,2,10,1,2,10,8,3,0
E0082,Joseph Brown,Male,Thomas,35,No,Travel_Rarely,1214,Research & Development,1,3,Medical,1,105,2,30,2,1,Research Scientist,3,Single,2859,26278,1,Y,No,18,3,1,80,0,6,3,3,6,4,0,4
E0083,David Harris,Male,Joseph,55,No,Travel_Rarely,111,Sales,1,2,Life Sciences,1,106,1,70,3,3,Sales Executive,4,Married,10239,18092,3,Y,No,14,3,4,80,1,24,4,3,1,0,1,0
E0084,Barbara King,Female,Mary,38,No,Non-Travel,573,Research & Development,6,3,Medical,1,107,2,79,1,2,Research Scientist,4,Divorced,5329,15717,7,Y,Yes,12,3,4,80,3,17,3,3,13,11,1,9
E0085,Richard Harris,Male,Joseph,34,No,Travel_Rarely,1153,Research & Development,1,2,Medical,1,110,1,94,3,2,Manufacturing Director,2,Married,4325,17736,1,Y,No,15,3,3,80,0,5,2,3,5,2,1,3
E0086,John White,Male,Joseph,56,No,Travel_Rarely,1400,Research & Development,7,3,Life Sciences,1,112,4,49,1,3,Manufacturing Director,4,Single,7260,21698,4,Y,No,11,3,1,80,0,37,3,2,6,4,0,2
E0087,Joseph Johnson,Male,Robert,23,No,Travel_Rarely,541,Sales,2,1,Technical Degree,1,113,3,62,3,1,Sales Representative,1,Divorced,2322,9518,3,Y,No,13,3,3,80,1,3,3,3,0,0,0,0
E0088,Michael Jackson,Male,James,51,No,Travel_Rarely,432,Research & Development,9,4,Life Sciences,1,116,4,96,3,1,Laboratory Technician,4,Married,2075,18725,3,Y,No,23,4,2,80,2,10,4,3,4,2,0,3
E0089,Michael Taylor,Male,Joseph,30,No,Travel_Rarely,288,Research & Development,2,3,Life Sciences,1,117,3,99,2,2,Healthcare Representative,4,Married,4152,15830,1,Y,No,19,3,1,80,3,11,3,3,11,10,10,8
E0090,David Martin,Male,Robert,46,Yes,Travel_Rarely,669,Sales,9,2,Medical,1,118,3,64,2,3,Sales Executive,4,Single,9619,13596,1,Y,No,16,3,4,80,0,9,3,3,9,8,4,7
E0091,David Martin,Male,Robert,40,No,Travel_Frequently,530,Research & Development,1,4,Life Sciences,1,119,3,78,2,4,Healthcare Representative,2,Married,13503,14115,1,Y,No,22,4,4,80,1,22,3,2,22,3,11,11
E0092,Robert Harris,Male,James,51,No,Travel_Rarely,632,Sales,21,4,Marketing,1,120,3,71,3,2,Sales Executive,4,Single,5441,8423,0,Y,Yes,22,4,4,80,0,11,2,1,10,7,1,0
E0093,Karen Clark,Female,Elizabeth,30,No,Travel_Rarely,1334,Sales,4,2,Medical,1,121,3,63,2,2,Sales Executive,2,Divorced,5209,19760,1,Y,Yes,12,3,2,80,3,11,4,2,11,8,2,7
E0094,David Jackson,Male,Charles,46,No,Travel_Frequently,638,Research & Development,1,3,Medical,1,124,3,40,2,3,Healthcare Representative,1,Married,10673,3142,2,Y,Yes,13,3,3,80,1,21,5,2,10,9,9,5
E0095,Thomas Brown,Male,Richard,32,No,Travel_Rarely,1093,Sales,6,4,Medical,1,125,2,87,3,2,Sales Executive,3,Single,5010,24301,1,Y,No,16,3,1,80,0,12,0,3,11,8,5,7
E0096,Karen Lewis,Female,Karen,54,No,Travel_Rarely,1217,Research & Development,2,4,Technical Degree,1,126,1,60,3,3,Research Director,3,Married,13549,24001,9,Y,No,12,3,1,80,1,16,5,1,4,3,0,3
E0097,Susan Robinson,Female,Sarah,24,No,Travel_Rarely,1353,Sales,3,2,Other,1,128,1,33,3,2,Sales Executive,3,Married,4999,17519,0,Y,No,21,4,1,80,1,4,2,2,3,2,0,2
E0098,Joseph Jackson,Male,Richard,28,No,Non-Travel,120,Sales,4,3,Medical,1,129,2,43,3,2,Sales Executive,3,Married,4221,8863,1,Y,No,15,3,2,80,0,5,3,4,5,4,0,4
E0099,William Jackson,Male,Thomas,58,No,Travel_Rarely,682,Sales,10,4,Medical,1,131,4,37,3,4,Sales Executive,3,Single,13872,24409,0,Y,No,13,3,3,80,0,38,1,2,37,10,1,8
E0100,Robert Johnson,Male,Joseph,44,No,Non-Travel,489,Research & Development,23,3,Medical,1,132,2,67,3,2,Laboratory Technician,2,Married,2042,25043,4,Y,No,12,3,3,80,1,17,3,4,3,2,1,2
E0101,David Johnson,Male,John,37,Yes,Travel_Rarely,807,Human Resources,6,4,Human Resources,1,133,3,63,3,1,Human Resources,1,Divorced,2073,23648,4,Y,Yes,22,4,4,80,0,7,3,3,3,2,0,2
E0102,Robert Thomas,Male,James,32,No,Travel_Rarely,827,Research & Development,1,1,Life Sciences,1,134,4,71,3,1,Research Scientist,1,Single,2956,15178,1,Y,No,13,3,4,80,0,1,2,3,1,0,0,0
E0103,Elizabeth Young,Female,Susan,20,Yes,Travel_Frequently,871,Research & Development,6,3,Life Sciences,1,137,4,66,2,1,Laboratory Technician,4,Single,2926,19783,1,Y,Yes,18,3,2,80,0,1,5,3,1,0,1,0
E0104,Sarah Lewis,Female,Susan,34,No,Travel_Rarely,665,Research & Development,6,4,Other,1,138,1,41,3,2,Research Scientist,3,Single,4809,12482,1,Y,No,14,3,3,80,0,16,3,3,16,13,2,10
E0105,Charles Brown,Male,Joseph,37,No,Non-Travel,1040,Research & Development,2,2,Life Sciences,1,139,3,100,2,2,Healthcare Representative,4,Divorced,5163,15850,5,Y,No,14,3,4,80,1,17,2,4,1,0,0,0
E0106,Jennifer Hall,Female,Elizabeth,59,No,Non-Travel,1420,Human Resources,2,4,Human Resources,1,140,3,32,2,5,Manager,4,Married,18844,21922,9,Y,No,21,4,4,80,1,30,3,3,3,2,2,2
E0107,Mary Allen,Female,Jennifer,50,No,Travel_Frequently,1115,Research & Development,1,3,Life Sciences,1,141,1,73,3,5,Research Director,2,Married,18172,9755,3,Y,Yes,19,3,1,80,0,28,1,2,8,3,0,7
E0108,James Anderson,Male,Joseph,25,Yes,Travel_Rarely,240,Sales,5,3,Marketing,1,142,3,46,2,2,Sales Executive,3,Single,5744,26959,1,Y,Yes,11,3,4,80,0,6,1,3,6,4,0,3
E0109,Charles White,Male,David,25,No,Travel_Rarely,1280,Research & Development,7,1,Medical,1,143,4,64,2,1,Research Scientist,4,Married,2889,26897,1,Y,No,11,3,3,80,2,2,2,3,2,2,2,1
E0110,Linda Walker,Female,Jennifer,22,No,Travel_Rarely,534,Research & Development,15,3,Medical,1,144,2,59,3,1,Laboratory Technician,4,Single,2871,23785,1,Y,No,15,3,3,80,0,1,5,3,0,0,0,0
E0111,Linda Robinson,Female,Mary,51,No,Travel_Frequently,1456,Research & Development,1,4,Medical,1,145,1,30,2,3,Healthcare Representative,1,Single,7484,25796,3,Y,No,20,4,3,80,0,23,1,2,13,12,12,8
E0112,Joseph Johnson,Male,Robert,34,Yes,Travel_Frequently,658,Research & Development,7,3,Life Sciences,1,147,1,66,1,2,Laboratory Technician,3,Single,6074,22887,1,Y,Yes,24,4,4,80,0,9,3,3,9,7,0,6
E0113,Mary Lewis,Female,Elizabeth,54,No,Non-Travel,142,Human Resources,26,3,Human Resources,1,148,4,30,4,4,Manager,4,Single,17328,13871,2,Y,Yes,12,3,3,80,0,23,3,3,5,3,4,4
E0114,Thomas Taylor,Male,Robert,24,No,Travel_Rarely,1127,Research & Development,18,1,Life Sciences,1,150,2,52,3,1,Laboratory Technician,3,Married,2774,13257,0,Y,No,12,3,3,80,1,6,2,3,5,3,1,2
E0115,Karen Walker,Female,Mary,34,No,Travel_Rarely,1031,Research & Development,6,4,Life Sciences,1,151,3,45,2,2,Research Scientist,2,Divorced,4505,15000,6,Y,No,15,3,3,80,1,12,3,3,1,0,0,0
E0116,John Taylor,Male,William,37,No,Travel_Rarely,1189,Sales,3,3,Life Sciences,1,152,3,87,3,3,Sales Executive,4,Single,7428,14506,2,Y,No,12,3,1,80,0,12,3,3,5,3,1,3
E0117,Patricia Clark,Female,Karen,34,No,Travel_Rarely,1354,Research & Development,5,3,Medical,1,153,3,45,2,3,Manager,1,Single,11631,5615,2,Y,No,12,3,4,80,0,14,6,3,11,10,5,8
E0118,Linda Hall,Female,Susan,36,No,Travel_Frequently,1467,Sales,11,2,Technical Degree,1,154,2,92,3,3,Sales Executive,4,Married,9738,22952,0,Y,No,14,3,3,80,1,10,6,3,9,7,2,8
E0119,Susan Wright,Female,Susan,36,No,Travel_Rarely,922,Research & Development,3,2,Life Sciences,1,155,1,39,3,1,Laboratory Technician,4,Divorced,2835,2561,5,Y,No,22,4,1,80,1,7,2,3,1,0,0,0
E0120,Robert Brown,Male,Thomas,43,No,Travel_Frequently,394,Sales,26,2,Life Sciences,1,158,3,92,3,4,Manager,4,Married,16959,19494,1,Y,Yes,12,3,4,80,2,25,3,4,25,12,4,12
E0121,Charles Thomas,Male,Charles,30,No,Travel_Frequently,1312,Research & Development,23,3,Life Sciences,1,159,1,96,1,1,Research Scientist,3,Divorced,2613,22310,1,Y,No,25,4,3,80,3,10,2,2,10,7,0,9
E0122,Robert Johnson,Male,Charles,33,No,Non-Travel,750,Sales,22,2,Marketing,1,160,3,95,3,2,Sales Executive,2,Married,6146,15480,0,Y,No,13,3,1,80,1,8,2,4,7,7,0,7
E0123,Jessica Walker,Female,Jennifer,56,Yes,Travel_Rarely,441,Research & Development,14,4,Life Sciences,1,161,2,72,3,1,Research Scientist,2,Married,4963,4510,9,Y,Yes,18,3,1,80,3,7,2,3,5,4,4,3
E0124,James Brown,Male,Richard,51,No,Travel_Rarely,684,Research & Development,6,3,Life Sciences,1,162,1,51,3,5,Research Director,3,Single,19537,6462,7,Y,No,13,3,3,80,0,23,5,3,20,18,15,15
E0125,Charles White,Male,James,31,Yes,Travel_Rarely,249,Sales,6,4,Life Sciences,1,163,2,76,1,2,Sales Executive,3,Married,6172,20739,4,Y,Yes,18,3,2,80,0,12,3,2,7,7,7,7
E0126,Linda Allen,Female,Linda,26,No,Travel_Rarely,841,Research & Development,6,3,Other,1,164,3,46,2,1,Research Scientist,2,Married,2368,23300,1,Y,No,19,3,3,80,0,5,3,2,5,4,4,3
E0127,Karen Clark,Female,Linda,58,Yes,Travel_Rarely,147,Research & Development,23,4,Medical,1,165,4,94,3,3,Healthcare Representative,4,Married,10312,3465,1,Y,No,12,3,4,80,1,40,3,2,40,10,15,6
E0128,Richard Anderson,Male,William,19,Yes,Travel_Rarely,528,Sales,22,1,Marketing,1,167,4,50,3,1,Sales Representative,3,Single,1675,26820,1,Y,Yes,19,3,4,80,0,0,2,2,0,0,0,0
E0129,William Thomas,Male,Richard,22,No,Travel_Rarely,594,Research & Development,2,1,Technical Degree,1,169,3,100,3,1,Laboratory Technician,4,Married,2523,19299,0,Y,No,14,3,3,80,1,3,2,3,2,1,2,1
E0130,Sarah Hall,Female,Susan,49,No,Travel_Rarely,470,Research & Development,20,4,Medical,1,170,3,96,3,2,Manufacturing Director,1,Married,6567,5549,1,Y,No,14,3,3,80,0,16,2,2,15,11,5,11
E0131,Jessica Allen,Female,Linda,43,No,Travel_Frequently,957,Research & Development,28,3,Medical,1,171,2,72,4,1,Research Scientist,3,Single,4739,16090,4,Y,No,12,3,4,80,0,18,2,3,3,2,1,2
E0132,Sarah Robinson,Female,Susan,50,No,Travel_Frequently,809,Sales,12,3,Marketing,1,174,3,77,3,3,Sales Executive,4,Single,9208,6645,4,Y,No,11,3,4,80,0,16,3,3,2,2,2,1
E0133,Patricia Allen,Female,Jennifer,31,Yes,Travel_Rarely,542,Sales,20,3,Life Sciences,1,175,2,71,1,2,Sales Executive,3,Married,4559,24788,3,Y,Yes,11,3,3,80,1,4,2,3,2,2,2,2
E0134,David Smith,Male,David,41,No,Travel_Rarely,802,Sales,9,1,Life Sciences,1,176,3,96,3,3,Sales Executive,3,Divorced,8189,21196,3,Y,Yes,13,3,3,80,1,12,2,3,9,7,0,7
E0135,Sarah King,Female,Patricia,26,No,Travel_Rarely,1355,Human Resources,25,1,Life Sciences,1,177,3,61,3,1,Human Resources,3,Married,2942,8916,1,Y,No,23,4,4,80,1,8,3,3,8,7,5,7
E0136,John Brown,Male,Charles,36,No,Travel_Rarely,216,Research & Development,6,2,Medical,1,178,2,84,3,2,Manufacturing Director,2,Divorced,4941,2819,6,Y,No,20,4,4,80,2,7,0,3,3,2,0,1
E0137,William Anderson,Male,Thomas,51,Yes,Travel_Frequently,1150,Research & Development,8,4,Life Sciences,1,179,1,53,1,3,Manufacturing Director,4,Single,10650,25150,2,Y,No,15,3,4,80,0,18,2,3,4,2,0,3
E0138,Mary Young,Female,Elizabeth,39,No,Travel_Rarely,1329,Sales,4,4,Life Sciences,1,182,4,47,2,2,Sales Executive,3,Married,5902,14590,4,Y,No,14,3,3,80,1,17,1,4,15,11,5,9
E0139,Joseph Taylor,Male,David,25,No,Travel_Rarely,959,Sales,28,3,Life Sciences,1,183,1,41,2,2,Sales Executive,3,Married,8639,24835,2,Y,No,18,3,4,80,0,6,3,3,2,2,2,2
E0140,Richard Martin,Male,Michael,30,No,Travel_Rarely,1240,Human Resources,9,3,Human Resources,1,184,3,48,3,2,Human Resources,4,Married,6347,13982,0,Y,Yes,19,3,4,80,0,12,2,1,11,9,4,7
E0141,Jennifer Hall,Female,Karen,32,Yes,Travel_Rarely,1033,Research & Development,9,3,Medical,1,190,1,41,3,1,Laboratory Technician,1,Single,4200,10224,7,Y,No,22,4,1,80,0,10,2,4,5,4,0,4
E0142,Charles Martin,Male,Richard,45,No,Travel_Rarely,1316,Research & Development,29,3,Medical,1,192,3,83,3,1,Research Scientist,4,Single,3452,9752,5,Y,No,13,3,2,80,0,9,2,2,6,5,0,3
E0143,Sarah Davis,Female,Sarah,38,No,Travel_Rarely,364,Research & Development,3,5,Technical Degree,1,193,4,32,3,2,Research Scientist,3,Single,4317,2302,3,Y,Yes,20,4,2,80,0,19,2,3,3,2,2,2
E0144,Elizabeth Robinson,Female,Susan,30,No,Travel_Rarely,438,Research & Development,18,3,Life Sciences,1,194,1,75,3,1,Research Scientist,3,Single,2632,23910,1,Y,No,14,3,3,80,0,5,4,2,5,4,0,4
E0145,Joseph Smith,Male,James,32,No,Travel_Frequently,689,Sales,9,2,Medical,1,195,4,35,1,2,Sales Executive,4,Divorced,4668,22812,0,Y,No,17,3,4,80,3,9,2,4,8,7,0,7
E0146,Sarah Hall,Female,Mary,30,No,Travel_Rarely,201,Research & Development,5,3,Technical Degree,1,197,4,84,3,1,Research Scientist,1,Divorced,3204,10415,5,Y,No,14,3,4,80,1,8,3,3,3,2,2,2
E0147,Michael Harris,Male,Thomas,30,No,Travel_Rarely,1427,Research & Development,2,1,Medical,1,198,2,35,2,1,Laboratory Technician,4,Single,2720,11162,0,Y,No,13,3,4,80,0,6,3,3,5,3,1,2
E0148,William Anderson,Male,Thomas,41,No,Travel_Frequently,857,Research & Development,10,3,Life Sciences,1,199,4,91,2,4,Manager,1,Divorced,17181,12888,4,Y,No,13,3,2,80,1,21,2,2,7,6,7,7
E0149,William Smith,Male,Michael,41,No,Travel_Rarely,933,Research & Development,9,4,Life Sciences,1,200,3,94,3,1,Laboratory Technician,1,Married,2238,6961,2,Y,No,21,4,4,80,1,7,2,3,5,0,1,4
E0150,Mary Young,Female,Sarah,19,No,Travel_Rarely,1181,Research & Development,3,1,Medical,1,201,2,79,3,1,Laboratory Technician,2,Single,1483,16102,1,Y,No,14,3,4,80,0,1,3,3,1,0,0,0
E0151,Jessica Hall,Female,Jennifer,40,No,Travel_Frequently,1395,Research & Development,26,3,Medical,1,202,2,54,3,2,Research Scientist,2,Divorced,5605,8504,1,Y,No,11,3,1,80,1,20,2,3,20,7,2,13
E0152,Michael Johnson,Male,Richard,35,No,Travel_Rarely,662,Sales,1,5,Marketing,1,204,3,94,3,3,Sales Executive,2,Married,7295,11439,1,Y,No,13,3,1,80,2,10,3,3,10,8,0,6
E0153,John Harris,Male,David,53,No,Travel_Rarely,1436,Sales,6,2,Marketing,1,205,2,34,3,2,Sales Representative,3,Married,2306,16047,2,Y,Yes,20,4,4,80,1,13,3,1,7,7,4,5
E0154,William Taylor,Male,Joseph,45,No,Travel_Rarely,194,Research & Development,9,3,Life Sciences,1,206,2,60,3,2,Laboratory Technician,2,Divorced,2348,10901,8,Y,No,18,3,3,80,1,20,2,1,17,9,0,15
E0155,Karen Davis,Female,Sarah,32,No,Travel_Frequently,967,Sales,8,3,Marketing,1,207,2,43,3,3,Sales Executive,4,Single,8998,15589,1,Y,No,14,3,4,80,0,9,2,3,9,8,3,7
E0156,Richard Brown,Male,William,29,No,Non-Travel,1496,Research & Development,1,1,Technical Degree,1,208,4,41,3,2,Manufacturing Director,3,Married,4319,26283,1,Y,No,13,3,1,80,1,10,1,3,10,7,0,9
E0157,David Anderson,Male,James,51,No,Travel_Rarely,1169,Research & Development,7,4,Medical,1,211,2,34,2,2,Manufacturing Director,3,Married,6132,13983,2,Y,No,17,3,3,80,0,10,2,3,1,0,0,0
E0158,Elizabeth Walker,Female,Jennifer,58,No,Travel_Rarely,1145,Research & Development,9,3,Medical,1,214,2,75,2,1,Research Scientist,2,Married,3346,11873,4,Y,Yes,20,4,2,80,1,9,3,2,1,0,0,0
E0159,James Smith,Male,Charles,40,No,Travel_Rarely,630,Sales,4,4,Marketing,1,215,3,67,2,3,Sales Executive,4,Married,10855,8552,7,Y,No,11,3,1,80,1,15,2,2,12,11,2,11
E0160,Jennifer Wright,Female,Jessica,34,No,Travel_Frequently,303,Sales,2,4,Marketing,1,216,3,75,3,1,Sales Representative,3,Married,2231,11314,6,Y,No,18,3,4,80,1,6,3,3,4,3,1,2
E0161,Michael Anderson,Male,David,22,No,Travel_Rarely,1256,Research & Development,19,1,Medical,1,217,3,80,3,1,Research Scientist,4,Married,2323,11992,1,Y,No,24,4,1,80,2,2,6,3,2,2,2,2
E0162,John White,Male,Joseph,27,No,Non-Travel,691,Research & Development,9,3,Medical,1,218,4,57,3,1,Research Scientist,2,Divorced,2024,5970,6,Y,No,18,3,4,80,1,6,1,1,2,2,2,2
E0163,John Harris,Male,Thomas,28,No,Travel_Rarely,440,Research & Development,21,3,Medical,1,221,3,42,3,1,Research Scientist,4,Married,2713,6672,1,Y,No,11,3,3,80,1,5,2,1,5,2,0,2
E0164,John Harris,Male,Michael,57,No,Travel_Rarely,334,Research & Development,24,2,Life Sciences,1,223,3,83,4,3,Healthcare Representative,4,Divorced,9439,23402,3,Y,Yes,16,3,2,80,1,12,2,1,5,3,1,4
E0165,Richard White,Male,James,27,No,Non-Travel,1450,Research & Development,3,3,Medical,1,224,3,79,2,1,Research Scientist,3,Divorced,2566,25326,1,Y,Yes,15,3,4,80,1,1,2,2,1,1,0,1
E0166,Patricia Allen,Female,Mary,50,No,Travel_Rarely,1452,Research & Development,11,3,Life Sciences,1,226,3,53,3,5,Manager,2,Single,19926,17053,3,Y,No,15,3,2,80,0,21,5,3,5,4,4,4
E0167,David Taylor,Male,Charles,41,No,Travel_Rarely,465,Research & Development,14,3,Life Sciences,1,227,1,56,3,1,Research Scientist,3,Divorced,2451,4609,4,Y,No,12,3,1,80,1,13,2,3,9,8,1,8
E0168,Susan Robinson,Female,Linda,30,No,Travel_Rarely,1339,Sales,5,3,Life Sciences,1,228,2,41,3,3,Sales Executive,4,Married,9419,8053,2,Y,No,12,3,3,80,1,12,2,3,10,9,7,4
E0169,Patricia Wright,Female,Susan,38,No,Travel_Rarely,702,Sales,1,4,Life Sciences,1,230,1,59,2,2,Sales Executive,4,Single,8686,12930,4,Y,No,22,4,3,80,0,12,2,4,8,3,0,7
E0170,Richard White,Male,John,32,No,Travel_Rarely,120,Research & Development,6,5,Life Sciences,1,231,3,43,3,1,Research Scientist,3,Single,3038,12430,3,Y,No,20,4,1,80,0,8,2,3,5,4,1,4
E0171,John Anderson,Male,Robert,27,No,Travel_Rarely,1157,Research & Development,17,3,Technical Degree,1,233,3,51,3,1,Research Scientist,2,Married,3058,13364,0,Y,Yes,16,3,4,80,1,6,3,2,5,2,1,1
E0172,Mary Allen,Female,Mary,19,Yes,Travel_Frequently,602,Sales,1,1,Technical Degree,1,235,3,100,1,1,Sales Representative,1,Single,2325,20989,0,Y,No,21,4,1,80,0,1,5,4,0,0,0,0
E0173,Joseph Thomas,Male,William,36,No,Travel_Frequently,1480,Research & Development,3,2,Medical,1,238,4,30,3,1,Laboratory Technician,2,Single,2088,15062,4,Y,No,12,3,3,80,0,13,3,2,8,7,7,2
E0174,William Thomas,Male,James,30,No,Non-Travel,111,Research & Development,9,3,Medical,1,239,3,66,3,2,Laboratory Technician,1,Divorced,3072,11012,1,Y,No,11,3,3,80,2,12,4,3,12,9,6,10
E0175,Patricia Davis,Female,Jessica,45,No,Travel_Rarely,1268,Sales,4,2,Life Sciences,1,240,3,30,3,2,Sales Executive,1,Divorced,5006,6319,4,Y,Yes,11,3,1,80,1,9,3,4,5,4,0,3
E0176,Susan Allen,Female,Mary,56,No,Travel_Rarely,713,Research & Development,8,3,Life Sciences,1,241,3,67,3,1,Research Scientist,1,Divorced,4257,13939,4,Y,Yes,18,3,3,80,1,19,3,3,2,2,2,2
E0177,Charles Martin,Male,James,33,No,Travel_Rarely,134,Research & Development,2,3,Life Sciences,1,242,3,90,3,1,Research Scientist,4,Single,2500,10515,0,Y,No,14,3,1,80,0,4,2,4,3,1,0,2
E0178,John Johnson,Male,John,19,Yes,Travel_Rarely,303,Research & Development,2,3,Life Sciences,1,243,2,47,2,1,Laboratory Technician,4,Single,1102,9241,1,Y,No,22,4,3,80,0,1,3,2,1,0,1,0
E0179,Mary Wright,Female,Patricia,46,No,Travel_Rarely,526,Sales,1,2,Marketing,1,244,2,92,3,3,Sales Executive,1,Divorced,10453,2137,1,Y,No,25,4,3,80,3,24,2,3,24,13,15,7
E0180,Jessica Young,Female,Barbara,38,No,Travel_Rarely,1380,Research & Development,9,2,Life Sciences,1,245,3,75,3,1,Laboratory Technician,4,Single,2288,6319,1,Y,No,12,3,3,80,0,2,3,3,2,2,2,1
E0181,Mary Young,Female,Susan,31,No,Travel_Rarely,140,Research & Development,12,1,Medical,1,246,3,95,3,1,Research Scientist,4,Married,3929,6984,8,Y,Yes,23,4,3,80,1,7,0,3,4,2,0,2
E0182,Sarah Robinson,Female,Elizabeth,34,No,Travel_Rarely,629,Research & Development,27,2,Medical,1,247,4,95,3,1,Research Scientist,2,Single,2311,5711,2,Y,No,15,3,4,80,0,9,3,3,3,2,1,2
E0183,Mary Davis,Female,Mary,41,Yes,Travel_Rarely,1356,Sales,20,2,Marketing,1,248,2,70,3,1,Sales Representative,2,Single,3140,21728,1,Y,Yes,22,4,4,80,0,4,5,2,4,3,0,2
E0184,Robert Anderson,Male,James,50,No,Travel_Rarely,328,Research & Development,1,3,Medical,1,249,3,86,2,1,Laboratory Technician,3,Married,3690,3425,2,Y,No,15,3,4,80,1,5,2,2,3,2,0,2
E0185,Elizabeth King,Female,Jennifer,53,No,Travel_Rarely,1084,Research & Development,13,2,Medical,1,250,4,57,4,2,Manufacturing Director,1,Divorced,4450,26250,1,Y,No,11,3,3,80,2,5,3,3,4,2,1,3
E0186,Karen Clark,Female,Patricia,33,No,Travel_Rarely,931,Research & Development,14,3,Medical,1,252,4,72,3,1,Research Scientist,2,Married,2756,4673,1,Y,No,13,3,4,80,1,8,5,3,8,7,1,6
E0187,Patricia Hall,Female,Elizabeth,40,No,Travel_Rarely,989,Research & Development,4,1,Medical,1,253,4,46,3,5,Manager,3,Married,19033,6499,1,Y,No,14,3,2,80,1,21,2,3,20,8,9,9
E0188,Thomas Smith,Male,Charles,55,No,Travel_Rarely,692,Research & Development,14,4,Medical,1,254,3,61,4,5,Research Director,2,Single,18722,13339,8,Y,No,11,3,4,80,0,36,3,3,24,15,2,15
E0189,Thomas Harris,Male,David,34,No,Travel_Frequently,1069,Research & Development,2,1,Life Sciences,1,256,4,45,2,2,Manufacturing Director,3,Married,9547,14074,1,Y,No,17,3,3,80,0,10,2,2,10,9,1,9
E0190,Sarah Walker,Female,Susan,51,No,Travel_Rarely,313,Research & Development,3,3,Medical,1,258,4,98,3,4,Healthcare Representative,2,Single,13734,7192,3,Y,No,18,3,3,80,0,21,6,3,7,7,1,0
E0191,Thomas Taylor,Male,Michael,52,No,Travel_Rarely,699,Research & Development,1,4,Life Sciences,1,259,3,65,2,5,Manager,3,Married,19999,5678,0,Y,No,14,3,1,80,1,34,5,3,33,18,11,9
E0192,Patricia Hall,Female,Susan,27,No,Travel_Rarely,894,Research & Development,9,3,Medical,1,260,4,99,3,1,Research Scientist,2,Single,2279,11781,1,Y,No,16,3,4,80,0,7,2,2,7,7,0,3
E0193,Michael Thomas,Male,Joseph,35,Yes,Travel_Rarely,556,Research & Development,23,2,Life Sciences,1,261,2,50,2,2,Manufacturing Director,3,Married,5916,15497,3,Y,Yes,13,3,1,80,0,8,1,3,1,0,0,1
E0194,Robert Thomas,Male,James,43,No,Non-Travel,1344,Research & Development,7,3,Medical,1,262,4,37,4,1,Research Scientist,4,Divorced,2089,5228,4,Y,No,14,3,4,80,3,7,3,4,5,4,2,2
E0195,John Johnson,Male,David,45,No,Non-Travel,1195,Research & Development,2,2,Medical,1,264,1,65,2,4,Manager,4,Married,16792,20462,9,Y,No,23,4,4,80,1,22,1,3,20,8,11,8
E0196,Thomas Jackson,Male,Joseph,37,No,Travel_Rarely,290,Research & Development,21,3,Life Sciences,1,267,2,65,4,1,Research Scientist,1,Married,3564,22977,1,Y,Yes,12,3,1,80,1,8,3,2,8,7,1,7
E0197,Jennifer Davis,Female,Elizabeth,35,No,Travel_Frequently,138,Research & Development,2,3,Medical,1,269,2,37,3,2,Laboratory Technician,2,Single,4425,15986,5,Y,No,11,3,4,80,0,10,5,3,6,2,1,2
E0198,Jessica Hall,Female,Linda,42,No,Non-Travel,926,Research & Development,21,2,Medical,1,270,3,36,3,2,Manufacturing Director,3,Divorced,5265,16439,2,Y,No,16,3,2,80,1,11,5,3,5,3,0,2
E0199,Richard Harris,Male,John,38,No,Travel_Rarely,1261,Research & Development,2,4,Life Sciences,1,271,4,88,3,2,Manufacturing Director,3,Married,6553,7259,9,Y,No,14,3,2,80,0,14,3,3,1,0,0,0
E0200,William Smith,Male,David,38,No,Travel_Rarely,1084,Research & Development,29,3,Technical Degree,1,273,4,54,3,2,Manufacturing Director,4,Married,6261,4185,3,Y,No,18,3,1,80,1,9,3,1,7,7,1,7
E0201,Charles Jackson,Male,David,27,No,Travel_Frequently,472,Research & Development,1,1,Technical Degree,1,274,3,60,2,2,Manufacturing Director,1,Married,4298,9679,5,Y,No,19,3,3,80,1,6,1,3,2,2,2,0
E0202,William Brown,Male,James,49,No,Non-Travel,1002,Research & Development,18,4,Life Sciences,1,275,4,92,3,2,Manufacturing Director,4,Divorced,6804,23793,1,Y,Yes,15,3,1,80,2,7,0,3,7,7,1,7
E0203,Thomas Smith,Male,Thomas,34,No,Travel_Frequently,878,Research & Development,10,4,Medical,1,277,4,43,3,1,Research Scientist,3,Divorced,3815,5972,1,Y,Yes,17,3,4,80,1,5,4,4,5,3,2,0
E0204,James Smith,Male,David,40,No,Travel_Rarely,905,Research & Development,19,2,Medical,1,281,3,99,3,2,Laboratory Technician,4,Married,2741,16523,8,Y,Yes,15,3,3,80,1,15,2,4,7,2,3,7
E0205,Robert Thomas,Male,Robert,38,Yes,Travel_Rarely,1180,Research & Development,29,1,Medical,1,282,2,70,3,2,Healthcare Representative,1,Married,6673,11354,7,Y,Yes,19,3,2,80,0,17,2,3,1,0,0,0
E0206,Karen Lewis,Female,Linda,29,Yes,Travel_Rarely,121,Sales,27,3,Marketing,1,283,2,35,3,3,Sales Executive,4,Married,7639,24525,1,Y,No,22,4,4,80,3,10,3,2,10,4,1,9
E0207,Joseph Martin,Male,Michael,22,No,Travel_Rarely,1136,Research & Development,5,3,Life Sciences,1,284,4,60,4,1,Research Scientist,2,Divorced,2328,12392,1,Y,Yes,16,3,1,80,1,4,2,2,4,2,2,2
E0208,Patricia King,Female,Jennifer,36,No,Travel_Frequently,635,Research & Development,18,1,Medical,1,286,2,73,3,1,Laboratory Technician,4,Single,2153,7703,1,Y,No,13,3,1,80,0,8,2,3,8,1,1,7
E0209,Robert Anderson,Male,Charles,40,No,Non-Travel,1151,Research & Development,9,5,Life Sciences,1,287,4,63,2,2,Healthcare Representative,4,Married,4876,14242,9,Y,No,14,3,4,80,1,5,5,1,3,2,0,2
E0210,Charles White,Male,Robert,46,No,Travel_Rarely,644,Research & Development,1,4,Medical,1,288,4,97,3,3,Healthcare Representative,1,Divorced,9396,12368,7,Y,No,16,3,3,80,1,17,3,3,4,2,0,3
E0211,John Thomas,Male,Robert,32,Yes,Travel_Rarely,1045,Sales,4,4,Medical,1,291,4,32,1,3,Sales Executive,4,Married,10400,25812,1,Y,No,11,3,3,80,0,14,2,2,14,8,9,8
E0212,William Martin,Male,Michael,30,No,Non-Travel,829,Research & Development,1,1,Life Sciences,1,292,3,88,2,3,Manufacturing Director,3,Single,8474,20925,1,Y,No,22,4,3,80,0,12,2,3,11,8,5,8
E0213,Sarah Walker,Female,Susan,27,No,Travel_Frequently,1242,Sales,20,3,Life Sciences,1,293,4,90,3,2,Sales Executive,3,Single,9981,12916,1,Y,No,14,3,4,80,0,7,2,3,7,7,0,7
E0214,John Anderson,Male,Michael,51,No,Travel_Rarely,1469,Research & Development,8,4,Life Sciences,1,296,2,81,2,3,Research Director,2,Married,12490,15736,5,Y,No,16,3,4,80,2,16,5,1,10,9,4,7
E0215,Linda Allen,Female,Sarah,30,Yes,Travel_Rarely,1005,Research & Development,3,3,Technical Degree,1,297,4,88,3,1,Research Scientist,1,Single,2657,8556,5,Y,Yes,11,3,3,80,0,8,5,3,5,2,0,4
E0216,Barbara Clark,Female,Mary,41,No,Travel_Rarely,896,Sales,6,3,Life Sciences,1,298,4,75,3,3,Manager,4,Single,13591,14674,3,Y,Yes,18,3,3,80,0,16,3,3,1,0,0,0
E0217,Elizabeth Allen,Female,Jessica,30,Yes,Travel_Frequently,334,Sales,26,4,Marketing,1,299,3,52,2,2,Sales Executive,1,Single,6696,22967,5,Y,No,15,3,3,80,0,9,5,2,6,3,0,1
E0218,Richard Anderson,Male,Richard,29,Yes,Travel_Rarely,992,Research & Development,1,3,Technical Degree,1,300,3,85,3,1,Research Scientist,3,Single,2058,19757,0,Y,No,14,3,4,80,0,7,1,2,6,2,1,5
E0219,Sarah Robinson,Female,Patricia,45,No,Non-Travel,1052,Sales,6,3,Medical,1,302,4,57,2,3,Sales Executive,4,Single,8865,16840,6,Y,No,12,3,4,80,0,23,2,3,19,7,12,8
E0220,Jennifer Robinson,Female,Jessica,54,No,Travel_Rarely,1147,Sales,3,3,Marketing,1,303,4,52,3,2,Sales Executive,1,Married,5940,17011,2,Y,No,14,3,4,80,1,16,4,3,6,2,0,5
E0221,William Thomas,Male,James,36,No,Travel_Rarely,1396,Research & Development,5,2,Life Sciences,1,304,4,62,3,2,Laboratory Technician,2,Single,5914,9945,8,Y,No,16,3,4,80,0,16,3,4,13,11,3,7
E0222,Jennifer Clark,Female,Sarah,33,No,Travel_Rarely,147,Research & Development,4,4,Medical,1,305,3,47,2,1,Research Scientist,2,Married,2622,13248,6,Y,No,21,4,4,80,0,7,3,3,3,2,1,1
E0223,Michael Anderson,Male,Thomas,37,No,Travel_Frequently,663,Research & Development,11,3,Other,1,306,2,47,3,3,Research Director,4,Divorced,12185,10056,1,Y,Yes,14,3,3,80,3,10,1,3,10,8,0,7
E0224,Michael Brown,Male,John,38,No,Travel_Rarely,119,Sales,3,3,Life Sciences,1,307,1,76,3,3,Sales Executive,3,Divorced,10609,9647,0,Y,No,12,3,3,80,2,17,6,2,16,10,5,13
E0225,Joseph Martin,Male,Richard,31,No,Non-Travel,979,Research & Development,1,4,Medical,1,308,3,90,1,2,Manufacturing Director,3,Married,4345,4381,0,Y,No,12,3,4,80,1,6,2,3,5,4,1,4
E0226,Michael Johnson,Male,Charles,59,No,Travel_Rarely,142,Research & Development,3,3,Life Sciences,1,309,3,70,2,1,Research Scientist,4,Married,2177,8456,3,Y,No,17,3,1,80,1,7,6,3,1,0,0,0
E0227,John Smith,Male,Robert,37,No,Travel_Frequently,319,Sales,4,4,Marketing,1,311,1,41,3,1,Sales Representative,4,Divorced,2793,2539,4,Y,No,17,3,3,80,1,13,2,3,9,8,5,8
E0228,Linda Wright,Female,Susan,29,No,Travel_Frequently,1413,Sales,1,1,Medical,1,312,2,42,3,3,Sales Executive,4,Married,7918,6599,1,Y,No,14,3,4,80,1,11,5,3,11,10,4,1
E0229,Sarah Allen,Female,Karen,35,No,Travel_Frequently,944,Sales,1,3,Marketing,1,314,3,92,3,3,Sales Executive,3,Single,8789,9096,1,Y,No,14,3,1,80,0,10,3,4,10,7,0,8
E0230,Charles Jackson,Male,Thomas,29,Yes,Travel_Rarely,896,Research & Development,18,1,Medical,1,315,3,86,2,1,Research Scientist,4,Single,2389,14961,1,Y,Yes,13,3,3,80,0,4,3,2,4,3,0,1
E0231,Susan Young,Female,Linda,52,No,Travel_Rarely,1323,Research & Development,2,3,Life Sciences,1,316,3,89,2,1,Laboratory Technician,4,Single,3212,3300,7,Y,No,15,3,2,80,0,6,3,2,2,2,2,2
E0232,James Martin,Male,James,42,No,Travel_Rarely,532,Research & Development,4,2,Technical Degree,1,319,3,58,3,5,Manager,4,Married,19232,4933,1,Y,No,11,3,4,80,0,22,3,3,22,17,11,15
E0233,Charles White,Male,John,59,No,Travel_Rarely,818,Human Resources,6,2,Medical,1,321,2,52,3,1,Human Resources,3,Married,2267,25657,8,Y,No,17,3,4,80,0,7,2,2,2,2,2,2
E0234,Linda Robinson,Female,Mary,50,No,Travel_Rarely,854,Sales,1,4,Medical,1,323,4,68,3,5,Manager,4,Divorced,19517,24118,3,Y,No,11,3,3,80,1,32,3,2,7,0,0,6
E0235,Michael Thomas,Male,William,33,Yes,Travel_Rarely,813,Research & Development,14,3,Medical,1,325,3,58,3,1,Laboratory Technician,4,Married,2436,22149,5,Y,Yes,13,3,3,80,1,8,2,1,5,4,0,4
E0236,Susan Hall,Female,Elizabeth,43,No,Travel_Rarely,1034,Sales,16,3,Marketing,1,327,4,80,3,4,Manager,4,Married,16064,7744,5,Y,Yes,22,4,3,80,1,22,3,3,17,13,1,9
E0237,Mary Young,Female,Susan,33,Yes,Travel_Rarely,465,Research & Development,2,2,Life Sciences,1,328,1,39,3,1,Laboratory Technician,1,Married,2707,21509,7,Y,No,20,4,1,80,0,13,3,4,9,7,1,7
E0238,Charles Jackson,Male,Thomas,52,No,Non-Travel,771,Sales,2,4,Life Sciences,1,329,1,79,2,5,Manager,3,Single,19068,21030,1,Y,Yes,18,3,4,80,0,33,2,4,33,7,15,12
E0239,Barbara Hall,Female,Sarah,32,No,Travel_Rarely,1401,Sales,4,2,Life Sciences,1,330,3,56,3,1,Sales Representative,2,Married,3931,20990,2,Y,No,11,3,1,80,1,6,5,3,4,3,1,2
E0240,William Thomas,Male,Robert,32,Yes,Travel_Rarely,515,Research & Development,1,3,Life Sciences,1,331,4,62,2,1,Laboratory Technician,3,Single,3730,9571,0,Y,Yes,14,3,4,80,0,4,2,1,3,2,1,2
E0241,Sarah Wright,Female,Jennifer,39,No,Travel_Rarely,1431,Research & Development,1,4,Medical,1,332,3,96,3,1,Laboratory Technician,3,Divorced,2232,15417,7,Y,No,14,3,3,80,3,7,1,3,3,2,1,2
E0242,Thomas Martin,Male,Robert,32,No,Non-Travel,976,Sales,26,4,Marketing,1,333,3,100,3,2,Sales Executive,4,Married,4465,12069,0,Y,No,18,3,1,80,0,4,2,3,3,2,2,2
E0243,Joseph Martin,Male,Michael,41,No,Travel_Rarely,1411,Research & Development,19,2,Life Sciences,1,334,3,36,3,2,Research Scientist,1,Divorced,3072,19877,2,Y,No,16,3,1,80,2,17,2,2,1,0,0,0
E0244,Thomas Martin,Male,Joseph,40,No,Travel_Rarely,1300,Research & Development,24,2,Technical Degree,1,335,1,62,3,2,Research Scientist,4,Divorced,3319,24447,1,Y,No,17,3,1,80,2,9,3,3,9,8,4,7
E0245,Joseph White,Male,David,45,No,Travel_Rarely,252,Research & Development,1,3,Other,1,336,3,70,4,5,Manager,4,Married,19202,15970,0,Y,No,11,3,3,80,1,25,2,3,24,0,1,7
E0246,James Martin,Male,Joseph,31,No,Travel_Frequently,1327,Research & Development,3,4,Medical,1,337,2,73,3,3,Research Director,3,Divorced,13675,13523,9,Y,No,12,3,1,80,1,9,3,3,2,2,2,2
E0247,Elizabeth Robinson,Female,Mary,33,No,Travel_Rarely,832,Research & Development,5,4,Life Sciences,1,338,3,63,2,1,Research Scientist,4,Married,2911,14776,1,Y,No,13,3,3,80,1,2,2,2,2,2,0,2
E0248,John White,Male,Joseph,34,No,Travel_Rarely,470,Research & Development,2,4,Life Sciences,1,339,4,84,2,2,Manufacturing Director,1,Married,5957,23687,6,Y,No,13,3,2,80,1,13,3,3,11,9,5,9
E0249,Jennifer Robinson,Female,Linda,37,No,Travel_Rarely,1017,Research & Development,1,2,Medical,1,340,3,83,2,1,Research Scientist,1,Married,3920,18697,2,Y,No,14,3,1,80,1,17,2,2,3,1,0,2
E0250,Richard Martin,Male,James,45,No,Travel_Frequently,1199,Research & Development,7,4,Life Sciences,1,341,1,77,4,2,Manufacturing Director,3,Married,6434,5118,4,Y,No,17,3,4,80,1,9,1,3,3,2,0,2
E0251,Thomas Johnson,Male,Joseph,37,Yes,Travel_Frequently,504,Research & Development,10,3,Medical,1,342,1,61,3,3,Manufacturing Director,3,Divorced,10048,22573,6,Y,No,11,3,2,80,2,17,5,3,1,0,0,0
E0252,Jennifer Robinson,Female,Linda,39,No,Travel_Frequently,505,Research & Development,2,4,Technical Degree,1,343,3,64,3,3,Healthcare Representative,3,Single,10938,6420,0,Y,No,25,4,4,80,0,20,1,3,19,6,11,8
E0253,Charles Smith,Male,David,29,No,Travel_Rarely,665,Research & Development,15,3,Life Sciences,1,346,3,60,3,1,Research Scientist,4,Single,2340,22673,1,Y,No,19,3,1,80,0,6,1,3,6,5,1,5
E0254,Susan Clark,Female,Jessica,42,No,Travel_Rarely,916,Research & Development,17,2,Life Sciences,1,347,4,82,4,2,Research Scientist,1,Single,6545,23016,3,Y,Yes,13,3,3,80,0,10,1,3,3,2,0,2
E0255,William Smith,Male,Michael,29,No,Travel_Rarely,1247,Sales,20,2,Marketing,1,349,4,45,3,2,Sales Executive,4,Divorced,6931,10732,2,Y,No,14,3,4,80,1,10,2,3,3,2,0,2
E0256,Jennifer Clark,Female,Jennifer,25,No,Travel_Rarely,685,Research & Development,1,3,Life Sciences,1,350,1,62,3,2,Manufacturing Director,3,Married,4898,7505,0,Y,No,12,3,4,80,2,5,3,3,4,2,1,2
E0257,Mary Allen,Female,Sarah,42,No,Travel_Rarely,269,Research & Development,2,3,Medical,1,351,4,56,2,1,Laboratory Technician,1,Divorced,2593,8007,0,Y,Yes,11,3,3,80,1,10,4,3,9,6,7,8
E0258,William Smith,Male,Robert,40,No,Travel_Rarely,1416,Research & Development,2,2,Medical,1,352,1,49,3,5,Research Director,3,Divorced,19436,5949,0,Y,No,19,3,4,80,1,22,5,3,21,7,3,9
E0259,David Anderson,Male,Thomas,51,No,Travel_Rarely,833,Research & Development,1,3,Life Sciences,1,353,3,96,3,1,Research Scientist,4,Married,2723,23231,1,Y,No,11,3,2,80,0,1,0,2,1,0,0,0
E0260,Robert Jackson,Male,John,31,Yes,Travel_Frequently,307,Research & Development,29,2,Medical,1,355,3,71,2,1,Laboratory Technician,2,Single,3479,11652,0,Y,No,11,3,2,80,0,6,2,4,5,4,1,4
E0261,Charles Harris,Male,John,32,No,Travel_Frequently,1311,Research & Development,7,3,Life Sciences,1,359,2,100,4,1,Laboratory Technician,2,Married,2794,26062,1,Y,No,20,4,3,80,0,5,3,1,5,1,0,3
E0262,Thomas Harris,Male,John,38,No,Non-Travel,1327,Sales,2,2,Life Sciences,1,361,4,39,2,2,Sales Executive,4,Married,5249,19682,3,Y,No,18,3,4,80,1,13,0,3,8,7,7,5
E0263,John Brown,Male,David,32,No,Travel_Rarely,128,Research & Development,2,1,Technical Degree,1,362,4,84,2,2,Laboratory Technician,1,Single,2176,19737,4,Y,No,13,3,4,80,0,9,5,3,6,2,0,4
E0264,Susan Walker,Female,Jennifer,46,No,Travel_Rarely,488,Sales,2,3,Technical Degree,1,363,3,75,1,4,Manager,2,Married,16872,14977,3,Y,Yes,12,3,2,80,1,28,2,2,7,7,7,7
E0265,John Brown,Male,Thomas,28,Yes,Travel_Rarely,529,Research & Development,2,4,Life Sciences,1,364,1,79,3,1,Laboratory Technician,3,Single,3485,14935,2,Y,No,11,3,3,80,0,5,5,1,0,0,0,0
E0266,Charles Thomas,Male,Michael,29,No,Travel_Rarely,1210,Sales,2,3,Medical,1,366,1,78,2,2,Sales Executive,2,Married,6644,3687,2,Y,No,19,3,2,80,2,10,2,3,0,0,0,0
E0267,Richard Harris,Male,James,31,No,Travel_Rarely,1463,Research & Development,23,3,Medical,1,367,2,64,2,2,Healthcare Representative,4,Married,5582,14408,0,Y,No,21,4,2,80,1,10,2,3,9,0,7,8
E0268,James Jackson,Male,Michael,25,No,Non-Travel,675,Research & Development,5,2,Life Sciences,1,369,2,85,4,2,Healthcare Representative,1,Divorced,4000,18384,1,Y,No,12,3,4,80,2,6,2,3,6,3,1,5
E0269,Joseph Brown,Male,James,45,No,Travel_Rarely,1385,Research & Development,20,2,Medical,1,372,3,79,3,4,Healthcare Representative,4,Married,13496,7501,0,Y,Yes,14,3,2,80,0,21,2,3,20,7,4,10
E0270,Michael Martin,Male,William,36,No,Travel_Rarely,1403,Research & Development,6,3,Life Sciences,1,373,4,47,3,1,Laboratory Technician,4,Married,3210,20251,0,Y,No,11,3,3,80,1,16,4,3,15,13,10,11
E0271,David Martin,Male,Michael,55,No,Travel_Rarely,452,Research & Development,1,3,Medical,1,374,4,81,3,5,Manager,1,Single,19045,18938,0,Y,Yes,14,3,3,80,0,37,2,3,36,10,4,13
E0272,Richard Taylor,Male,Joseph,47,Yes,Non-Travel,666,Research & Development,29,4,Life Sciences,1,376,1,88,3,3,Manager,2,Married,11849,10268,1,Y,Yes,12,3,4,80,1,10,2,2,10,7,9,9
E0273,Joseph Anderson,Male,Joseph,28,No,Travel_Rarely,1158,Research & Development,9,3,Medical,1,377,4,94,3,1,Research Scientist,4,Married,2070,2613,1,Y,No,23,4,4,80,1,5,3,2,5,2,0,4
E0274,James Taylor,Male,Richard,37,No,Travel_Rarely,228,Sales,6,4,Medical,1,378,3,98,3,2,Sales Executive,4,Married,6502,22825,4,Y,No,14,3,2,80,1,7,5,4,5,4,0,1
E0275,Robert Harris,Male,Robert,21,No,Travel_Rarely,996,Research & Development,3,2,Medical,1,379,4,100,2,1,Research Scientist,3,Single,3230,10531,1,Y,No,17,3,1,80,0,3,4,4,3,2,1,0
E0276,Jessica Davis,Female,Mary,37,No,Non-Travel,728,Research & Development,1,4,Medical,1,380,1,80,3,3,Research Director,4,Divorced,13603,11677,2,Y,Yes,18,3,1,80,2,15,2,3,5,2,0,2
E0277,Barbara King,Female,Mary,35,No,Travel_Rarely,1315,Research & Development,22,3,Life Sciences,1,381,2,71,4,3,Manager,2,Divorced,11996,19100,7,Y,No,18,3,2,80,1,10,6,2,7,7,6,2
E0278,Susan Robinson,Female,Jennifer,38,No,Travel_Rarely,322,Sales,7,2,Medical,1,382,1,44,4,2,Sales Executive,1,Divorced,5605,19191,1,Y,Yes,24,4,3,80,1,8,3,3,8,0,7,7
E0279,Mary Clark,Female,Barbara,26,No,Travel_Frequently,1479,Research & Development,1,3,Life Sciences,1,384,3,84,3,2,Manufacturing Director,2,Divorced,6397,26767,1,Y,No,20,4,1,80,1,6,6,1,6,5,1,4
E0280,William Anderson,Male,Richard,50,No,Travel_Rarely,797,Research & Development,4,1,Life Sciences,1,385,1,96,3,5,Research Director,2,Divorced,19144,15815,3,Y,No,14,3,1,80,2,28,4,2,10,4,1,6
E0281,Joseph Thomas,Male,David,53,No,Travel_Rarely,1070,Research & Development,3,4,Medical,1,386,3,45,3,4,Research Director,3,Married,17584,21016,3,Y,Yes,16,3,4,80,3,21,5,2,5,3,1,3
E0282,Joseph Johnson,Male,David,42,No,Travel_Rarely,635,Sales,1,1,Life Sciences,1,387,2,99,3,2,Sales Executive,3,Married,4907,24532,1,Y,No,25,4,3,80,0,20,3,3,20,16,11,6
E0283,Robert Thomas,Male,David,29,No,Travel_Frequently,442,Sales,2,2,Life Sciences,1,388,2,44,3,2,Sales Executive,4,Single,4554,20260,1,Y,No,18,3,1,80,0,10,3,2,10,7,0,9
E0284,Charles Brown,Male,Robert,55,No,Travel_Rarely,147,Research & Development,20,2,Technical Degree,1,389,2,37,3,2,Laboratory Technician,4,Married,5415,15972,3,Y,Yes,19,3,4,80,1,12,4,3,10,7,0,8
E0285,David Thomas,Male,David,26,No,Travel_Frequently,496,Research & Development,11,2,Medical,1,390,1,60,3,2,Healthcare Representative,1,Married,4741,22722,1,Y,Yes,13,3,3,80,1,5,3,3,5,3,3,3
E0286,Patricia Allen,Female,Jessica,37,No,Travel_Rarely,1372,Research & Development,1,3,Life Sciences,1,391,4,42,3,1,Research Scientist,4,Single,2115,15881,1,Y,No,12,3,2,80,0,17,3,3,17,12,5,7
E0287,John Thomas,Male,John,44,Yes,Travel_Frequently,920,Research & Development,24,3,Life Sciences,1,392,4,43,3,1,Laboratory Technician,3,Divorced,3161,19920,3,Y,Yes,22,4,4,80,1,19,0,1,1,0,0,0
E0288,James Brown,Male,William,38,No,Travel_Rarely,688,Research & Development,23,4,Life Sciences,1,393,4,82,3,2,Healthcare Representative,4,Divorced,5745,18899,9,Y,No,14,3,2,80,1,10,2,3,2,2,1,2
E0289,John Jackson,Male,James,26,Yes,Travel_Rarely,1449,Research & Development,16,4,Medical,1,394,1,45,3,1,Laboratory Technician,2,Divorced,2373,14180,2,Y,Yes,13,3,4,80,1,5,2,3,3,2,0,2
E0290,Linda Young,Female,Mary,28,No,Travel_Rarely,1117,Research & Development,8,2,Life Sciences,1,395,4,66,3,1,Research Scientist,4,Single,3310,4488,1,Y,No,21,4,4,80,0,5,3,3,5,3,0,2
E0291,Barbara Wright,Female,Elizabeth,49,No,Travel_Frequently,636,Research & Development,10,4,Life Sciences,1,396,3,35,3,5,Research Director,1,Single,18665,25594,9,Y,Yes,11,3,4,80,0,22,4,3,3,2,1,2
E0292,Michael Anderson,Male,Robert,36,No,Travel_Rarely,506,Research & Development,3,3,Technical Degree,1,397,3,30,3,2,Research Scientist,2,Single,4485,26285,4,Y,No,12,3,4,80,0,10,2,3,8,0,7,7
E0293,Sarah Allen,Female,Linda,31,No,Travel_Frequently,444,Sales,5,3,Marketing,1,399,4,84,3,1,Sales Representative,2,Divorced,2789,3909,1,Y,No,11,3,3,80,1,2,5,2,2,2,2,2
E0294,Charles Harris,Male,Robert,26,Yes,Travel_Rarely,950,Sales,4,4,Marketing,1,401,4,48,2,2,Sales Executive,4,Single,5828,8450,1,Y,Yes,12,3,2,80,0,8,0,3,8,7,7,4
E0295,Richard Smith,Male,James,37,No,Travel_Frequently,889,Research & Development,9,3,Medical,1,403,2,53,3,1,Research Scientist,4,Married,2326,11411,1,Y,Yes,12,3,3,80,3,4,3,2,4,2,1,2
E0296,Jessica Robinson,Female,Mary,42,No,Travel_Frequently,555,Sales,26,3,Marketing,1,404,3,77,3,4,Sales Executive,2,Married,13525,14864,5,Y,No,14,3,4,80,1,23,2,4,20,4,4,8
E0297,Robert Jackson,Male,William,18,Yes,Travel_Rarely,230,Research & Development,3,3,Life Sciences,1,405,3,54,3,1,Laboratory Technician,3,Single,1420,25233,1,Y,No,13,3,3,80,0,0,2,3,0,0,0,0
E0298,Robert White,Male,David,35,No,Travel_Rarely,1232,Sales,16,3,Marketing,1,406,3,96,3,3,Sales Executive,2,Married,8020,5100,0,Y,No,15,3,3,80,2,12,3,2,11,9,6,9
E0299,David Anderson,Male,Robert,36,No,Travel_Frequently,566,Research & Development,18,4,Life Sciences,1,407,3,81,4,1,Laboratory Technician,4,Married,3688,7122,4,Y,No,18,3,4,80,2,4,2,3,1,0,0,0
E0300,Michael White,Male,Thomas,51,No,Travel_Rarely,1302,Research & Development,2,3,Medical,1,408,4,84,1,2,Manufacturing Director,2,Divorced,5482,16321,5,Y,No,18,3,4,80,1,13,3,3,4,1,1,2
E0301,Joseph Smith,Male,William,41,No,Travel_Rarely,334,Sales,2,4,Life Sciences,1,410,4,88,3,4,Manager,2,Single,16015,15896,1,Y,No,19,3,2,80,0,22,2,3,22,10,0,4
E0302,Sarah Walker,Female,Jessica,18,No,Travel_Rarely,812,Sales,10,3,Medical,1,411,4,69,2,1,Sales Representative,3,Single,1200,9724,1,Y,No,12,3,1,80,0,0,2,3,0,0,0,0
E0303,Michael Thomas,Male,James,28,No,Travel_Rarely,1476,Research & Development,16,2,Medical,1,412,2,68,4,2,Healthcare Representative,1,Single,5661,4824,0,Y,No,19,3,3,80,0,9,2,3,8,3,0,7
E0304,David Johnson,Male,William,31,No,Travel_Rarely,218,Sales,7,3,Technical Degree,1,416,2,100,4,2,Sales Executive,4,Married,6929,12241,4,Y,No,11,3,2,80,1,10,3,2,8,7,7,7
E0305,Joseph Jackson,Male,Robert,39,No,Travel_Rarely,1132,Research & Development,1,3,Medical,1,417,3,48,4,3,Healthcare Representative,4,Divorced,9613,10942,0,Y,No,17,3,1,80,3,19,5,2,18,10,3,7
E0306,Mary Walker,Female,Mary,36,No,Non-Travel,1105,Research & Development,24,4,Life Sciences,1,419,2,47,3,2,Laboratory Technician,2,Married,5674,6927,7,Y,No,15,3,3,80,1,11,3,3,9,8,0,8
E0307,David Taylor,Male,Michael,32,No,Travel_Rarely,906,Sales,7,3,Life Sciences,1,420,4,91,2,2,Sales Executive,3,Married,5484,16985,1,Y,No,14,3,3,80,1,13,3,2,13,8,4,8
E0308,Patricia Robinson,Female,Elizabeth,38,No,Travel_Rarely,849,Research & Development,25,2,Life Sciences,1,421,1,81,2,3,Research Director,2,Married,12061,26707,3,Y,No,17,3,3,80,1,19,2,3,10,8,0,1
E0309,James Jackson,Male,Richard,58,No,Non-Travel,390,Research & Development,1,4,Life Sciences,1,422,4,32,1,2,Healthcare Representative,3,Divorced,5660,17056,2,Y,Yes,13,3,4,80,1,12,2,3,5,3,1,2
E0310,John Johnson,Male,James,31,No,Travel_Rarely,691,Research & Development,5,4,Technical Degree,1,423,3,86,3,1,Research Scientist,4,Married,4821,10077,0,Y,Yes,12,3,3,80,1,6,4,3,5,2,0,3
E0311,Thomas Anderson,Male,Robert,31,No,Travel_Rarely,106,Human Resources,2,3,Human Resources,1,424,1,62,2,2,Human Resources,1,Married,6410,17822,3,Y,No,12,3,4,80,0,9,1,3,2,2,1,0
E0312,John Harris,Male,John,45,No,Travel_Frequently,1249,Research & Development,7,3,Life Sciences,1,425,1,97,3,3,Laboratory Technician,1,Divorced,5210,20308,1,Y,No,18,3,1,80,1,24,2,3,24,9,9,11
E0313,Thomas Smith,Male,Thomas,31,No,Travel_Rarely,192,Research & Development,2,4,Life Sciences,1,426,3,32,3,1,Research Scientist,4,Divorced,2695,7747,0,Y,Yes,18,3,2,80,1,3,2,1,2,2,2,2
E0314,Jennifer Robinson,Female,Karen,33,No,Travel_Frequently,553,Research & Development,5,4,Life Sciences,1,428,4,74,3,3,Manager,2,Married,11878,23364,6,Y,No,11,3,2,80,2,12,2,3,10,6,8,8
E0315,Richard Martin,Male,David,39,No,Travel_Rarely,117,Research & Development,10,1,Medical,1,429,3,99,3,4,Manager,1,Married,17068,5355,1,Y,Yes,14,3,4,80,0,21,3,3,21,9,11,10
E0316,Linda Clark,Female,Karen,43,No,Travel_Frequently,185,Research & Development,10,4,Life Sciences,1,430,3,33,3,1,Laboratory Technician,4,Single,2455,10675,0,Y,No,19,3,1,80,0,9,5,3,8,7,1,7
E0317,Susan Hall,Female,Jennifer,49,No,Travel_Rarely,1091,Research & Development,1,2,Technical Degree,1,431,3,90,2,4,Healthcare Representative,3,Single,13964,17810,7,Y,Yes,12,3,4,80,0,25,2,3,7,1,0,7
E0318,Robert Thomas,Male,Joseph,52,Yes,Travel_Rarely,723,Research & Development,8,4,Medical,1,433,3,85,2,2,Research Scientist,2,Married,4941,17747,2,Y,No,15,3,1,80,0,11,3,2,8,2,7,7
E0319,Barbara Walker,Female,Jessica,27,No,Travel_Rarely,1220,Research & Development,5,3,Life Sciences,1,434,3,85,3,1,Research Scientist,2,Single,2478,20938,1,Y,Yes,12,3,2,80,0,4,2,2,4,3,1,2
E0320,Linda Wright,Female,Patricia,32,No,Travel_Rarely,588,Sales,8,2,Technical Degree,1,436,3,65,2,2,Sales Executive,2,Married,5228,24624,1,Y,Yes,11,3,4,80,0,13,2,3,13,12,11,9
E0321,James Martin,Male,David,27,No,Travel_Rarely,1377,Sales,2,3,Life Sciences,1,437,4,74,3,2,Sales Executive,3,Single,4478,5242,1,Y,Yes,11,3,1,80,0,5,3,3,5,4,0,4
E0322,David Johnson,Male,Richard,31,No,Travel_Rarely,691,Sales,7,3,Marketing,1,438,4,73,3,2,Sales Executive,4,Divorced,7547,7143,4,Y,No,12,3,4,80,3,13,3,3,7,7,1,7
E0323,Jennifer Young,Female,Patricia,32,No,Travel_Rarely,1018,Research & Development,2,4,Medical,1,439,1,74,4,2,Research Scientist,4,Single,5055,10557,7,Y,No,16,3,3,80,0,10,0,2,7,7,0,7
E0324,Charles Thomas,Male,Charles,28,Yes,Travel_Rarely,1157,Research & Development,2,4,Medical,1,440,1,84,1,1,Research Scientist,4,Married,3464,24737,5,Y,Yes,13,3,4,80,0,5,4,2,3,2,2,2
E0325,Jennifer Allen,Female,Patricia,30,No,Travel_Rarely,1275,Research & Development,28,2,Medical,1,441,4,64,3,2,Research Scientist,4,Married,5775,11934,1,Y,No,13,3,4,80,2,11,2,3,10,8,1,9
E0326,Linda King,Female,Karen,31,No,Travel_Frequently,798,Research & Development,7,2,Life Sciences,1,442,3,48,2,3,Manufacturing Director,3,Married,8943,14034,1,Y,No,24,4,1,80,1,10,2,3,10,9,8,9
E0327,William Brown,Male,James,39,No,Travel_Frequently,672,Research & Development,7,2,Medical,1,444,3,54,2,5,Manager,4,Married,19272,21141,1,Y,No,15,3,1,80,1,21,2,3,21,9,13,3
E0328,Patricia Clark,Female,Jessica,39,Yes,Travel_Rarely,1162,Sales,3,2,Medical,1,445,4,41,3,2,Sales Executive,3,Married,5238,17778,4,Y,Yes,18,3,1,80,0,12,3,2,1,0,0,0
E0329,Robert Johnson,Male,James,33,No,Travel_Frequently,508,Sales,10,3,Marketing,1,446,2,46,2,2,Sales Executive,4,Single,4682,4317,3,Y,No,14,3,3,80,0,9,6,2,7,7,0,1
E0330,Michael Johnson,Male,Thomas,47,No,Travel_Rarely,1482,Research & Development,5,5,Life Sciences,1,447,4,42,3,5,Research Director,3,Married,18300,16375,4,Y,No,11,3,2,80,1,21,2,3,3,2,1,1
E0331,Karen King,Female,Barbara,43,No,Travel_Frequently,559,Research & Development,10,4,Life Sciences,1,448,3,82,2,2,Laboratory Technician,3,Divorced,5257,6227,1,Y,No,11,3,2,80,1,9,3,4,9,7,0,0
E0332,John Harris,Male,Richard,27,No,Non-Travel,210,Sales,1,1,Marketing,1,449,3,73,3,2,Sales Executive,2,Married,6349,22107,0,Y,Yes,13,3,4,80,1,6,0,3,5,4,1,4
E0333,Barbara Davis,Female,Karen,54,No,Travel_Frequently,928,Research & Development,20,4,Life Sciences,1,450,4,31,3,2,Research Scientist,3,Single,4869,16885,3,Y,No,12,3,4,80,0,20,4,2,4,3,0,3
E0334,Linda Davis,Female,Susan,43,No,Travel_Rarely,1001,Research & Development,7,3,Life Sciences,1,451,3,43,3,3,Healthcare Representative,1,Married,9985,9262,8,Y,No,16,3,1,80,1,10,1,2,1,0,0,0
E0335,David Taylor,Male,Charles,45,No,Travel_Rarely,549,Research & Development,8,4,Other,1,452,4,75,3,2,Research Scientist,4,Married,3697,9278,9,Y,No,14,3,1,80,2,12,3,3,10,9,9,8
E0336,Robert Brown,Male,Robert,40,No,Travel_Rarely,1124,Sales,1,2,Medical,1,453,2,57,1,2,Sales Executive,4,Married,7457,13273,2,Y,Yes,22,4,3,80,3,6,2,2,4,3,0,2
E0337,Thomas Thomas,Male,John,29,Yes,Travel_Rarely,318,Research & Development,8,4,Other,1,454,2,77,1,1,Laboratory Technician,1,Married,2119,4759,1,Y,Yes,11,3,4,80,0,7,4,2,7,7,0,7
E0338,Thomas Anderson,Male,Thomas,29,No,Travel_Rarely,738,Research & Development,9,5,Other,1,455,2,30,2,1,Laboratory Technician,4,Single,3983,7621,0,Y,No,17,3,3,80,0,4,2,3,3,2,2,2
E0339,Patricia Young,Female,Jessica,30,No,Travel_Rarely,570,Sales,5,3,Marketing,1,456,4,30,2,2,Sales Executive,3,Divorced,6118,5431,1,Y,No,13,3,3,80,3,10,2,3,10,9,1,2
E0340,Elizabeth Clark,Female,Karen,27,No,Travel_Rarely,1130,Sales,8,4,Marketing,1,458,2,56,3,2,Sales Executive,2,Married,6214,3415,1,Y,No,18,3,1,80,1,8,3,3,8,7,0,7
E0341,Michael Harris,Male,Richard,37,No,Travel_Rarely,1192,Research & Development,5,2,Medical,1,460,4,61,3,2,Manufacturing Director,4,Divorced,6347,23177,7,Y,No,16,3,3,80,2,8,2,2,6,2,0,4
E0342,Michael Taylor,Male,Thomas,38,No,Travel_Rarely,343,Research & Development,15,2,Life Sciences,1,461,3,92,2,3,Research Director,4,Divorced,11510,15682,0,Y,Yes,14,3,2,80,1,12,3,3,11,10,2,9
E0343,Patricia Hall,Female,Linda,31,No,Travel_Rarely,1232,Research & Development,7,4,Medical,1,462,3,39,3,3,Manufacturing Director,4,Single,7143,25713,1,Y,Yes,14,3,3,80,0,11,2,2,11,9,4,10
E0344,Patricia Allen,Female,Linda,29,No,Travel_Rarely,144,Sales,10,1,Marketing,1,463,4,39,2,2,Sales Executive,2,Divorced,8268,11866,1,Y,Yes,14,3,1,80,2,7,2,3,7,7,1,7
E0345,Robert Brown,Male,James,35,No,Travel_Rarely,1296,Research & Development,5,4,Technical Degree,1,464,3,62,3,3,Manufacturing Director,2,Single,8095,18264,0,Y,No,13,3,4,80,0,17,5,3,16,6,0,13
E0346,William Brown,Male,Joseph,23,No,Travel_Rarely,1309,Research & Development,26,1,Life Sciences,1,465,3,83,3,1,Research Scientist,4,Divorced,2904,16092,1,Y,No,12,3,3,80,2,4,2,2,4,2,0,2
E0347,John Martin,Male,Robert,41,No,Travel_Rarely,483,Research & Development,6,3,Medical,1,466,4,95,2,2,Manufacturing Director,2,Single,6032,10110,6,Y,Yes,15,3,4,80,0,8,3,3,5,4,1,2
E0348,Thomas Johnson,Male,Richard,47,No,Travel_Frequently,1309,Sales,4,1,Medical,1,467,2,99,3,2,Sales Representative,3,Single,2976,25751,3,Y,No,19,3,1,80,0,5,3,3,0,0,0,0
E0349,Patricia Young,Female,Patricia,42,No,Travel_Rarely,810,Research & Development,23,5,Life Sciences,1,468,1,44,3,4,Research Director,4,Single,15992,15901,2,Y,No,14,3,2,80,0,16,2,3,1,0,0,0
E0350,Thomas Jackson,Male,John,29,No,Non-Travel,746,Sales,2,3,Life Sciences,1,469,4,61,3,2,Sales Executive,3,Married,4649,16928,1,Y,No,14,3,1,80,1,4,3,2,4,3,0,2
E0351,Robert Harris,Male,Richard,42,No,Travel_Rarely,544,Human Resources,2,1,Technical Degree,1,470,3,52,3,1,Human Resources,3,Divorced,2696,24017,0,Y,Yes,11,3,3,80,1,4,5,3,3,2,1,0
E0352,Jennifer Walker,Female,Barbara,32,No,Travel_Rarely,1062,Research & Development,2,3,Medical,1,471,3,75,3,1,Laboratory Technician,2,Married,2370,3956,1,Y,No,13,3,3,80,1,8,4,3,8,0,0,7
E0353,Sarah Lewis,Female,Jennifer,48,No,Travel_Rarely,530,Sales,29,1,Medical,1,473,1,91,3,3,Manager,3,Married,12504,23978,3,Y,No,21,4,2,80,1,15,3,1,0,0,0,0
E0354,Richard Smith,Male,Thomas,37,No,Travel_Rarely,1319,Research & Development,6,3,Medical,1,474,3,51,4,2,Research Scientist,1,Divorced,5974,17001,4,Y,Yes,13,3,1,80,2,13,2,3,7,7,6,7
E0355,Linda Robinson,Female,Karen,30,No,Non-Travel,641,Sales,25,2,Technical Degree,1,475,4,85,3,2,Sales Executive,3,Married,4736,6069,7,Y,Yes,12,3,2,80,1,4,2,4,2,2,2,2
E0356,Richard White,Male,David,26,No,Travel_Rarely,933,Sales,1,3,Life Sciences,1,476,3,57,3,2,Sales Executive,3,Married,5296,20156,1,Y,No,17,3,2,80,1,8,3,3,8,7,7,7
E0357,James Anderson,Male,Charles,42,No,Travel_Rarely,1332,Research & Development,2,4,Other,1,477,1,98,2,2,Healthcare Representative,4,Single,6781,17078,3,Y,No,23,4,2,80,0,14,6,3,1,0,0,0
E0358,Susan Robinson,Female,Karen,21,Yes,Travel_Frequently,756,Sales,1,1,Technical Degree,1,478,1,99,2,1,Sales Representative,2,Single,2174,9150,1,Y,Yes,11,3,3,80,0,3,3,3,3,2,1,2
E0359,Linda Robinson,Female,Barbara,36,No,Non-Travel,845,Sales,1,5,Medical,1,479,4,45,3,2,Sales Executive,4,Single,6653,15276,4,Y,No,15,3,2,80,0,7,6,3,1,0,0,0
E0360,David Jackson,Male,James,36,No,Travel_Frequently,541,Sales,3,4,Medical,1,481,1,48,2,3,Sales Executive,4,Married,9699,7246,4,Y,No,11,3,1,80,1,16,2,3,13,9,1,12
E0361,John Anderson,Male,Michael,57,No,Travel_Rarely,593,Research & Development,1,4,Medical,1,482,4,88,3,2,Healthcare Representative,3,Married,6755,2967,2,Y,No,11,3,3,80,0,15,2,3,3,2,1,2
E0362,Linda Lewis,Female,Karen,40,No,Travel_Rarely,1171,Research & Development,10,4,Life Sciences,1,483,4,46,4,1,Laboratory Technician,3,Married,2213,22495,3,Y,Yes,13,3,3,80,1,10,3,3,7,7,1,7
E0363,Richard Thomas,Male,David,21,No,Non-Travel,895,Sales,9,2,Medical,1,484,1,39,3,1,Sales Representative,4,Single,2610,2851,1,Y,No,24,4,3,80,0,3,3,2,3,2,2,2
E0364,Susan Walker,Female,Barbara,33,Yes,Travel_Rarely,350,Sales,5,3,Marketing,1,485,4,34,3,1,Sales Representative,3,Single,2851,9150,1,Y,Yes,13,3,2,80,0,1,2,3,1,0,0,0
E0365,Barbara Walker,Female,Elizabeth,37,No,Travel_Rarely,921,Research & Development,10,3,Medical,1,486,3,98,3,1,Laboratory Technician,1,Married,3452,17663,6,Y,No,20,4,2,80,1,17,3,3,5,4,0,3
E0366,Susan Clark,Female,Mary,46,No,Non-Travel,1144,Research & Development,7,4,Medical,1,487,3,30,3,2,Manufacturing Director,3,Married,5258,16044,2,Y,No,14,3,3,80,0,7,2,4,1,0,0,0
E0367,William Thomas,Male,Joseph,41,Yes,Travel_Frequently,143,Sales,4,3,Marketing,1,488,1,56,3,2,Sales Executive,2,Single,9355,9558,1,Y,No,18,3,3,80,0,8,5,3,8,7,7,7
E0368,David Anderson,Male,William,50,No,Travel_Rarely,1046,Research & Development,10,3,Technical Degree,1,491,4,100,2,3,Healthcare Representative,4,Single,10496,2755,6,Y,No,15,3,4,80,0,20,2,3,4,3,1,3
E0369,Charles Jackson,Male,William,40,Yes,Travel_Rarely,575,Sales,22,2,Marketing,1,492,3,68,2,2,Sales Executive,3,Married,6380,6110,2,Y,Yes,12,3,1,80,2,8,6,3,6,4,1,0
E0370,Charles White,Male,Richard,31,No,Travel_Rarely,408,Research & Development,9,4,Life Sciences,1,493,3,42,2,1,Research Scientist,2,Single,2657,7551,0,Y,Yes,16,3,4,80,0,3,5,3,2,2,2,2
E0371,Susan Walker,Female,Linda,21,Yes,Travel_Rarely,156,Sales,12,3,Life Sciences,1,494,3,90,4,1,Sales Representative,2,Single,2716,25422,1,Y,No,15,3,4,80,0,1,0,3,1,0,0,0
E0372,James Anderson,Male,David,29,No,Travel_Rarely,1283,Research & Development,23,3,Life Sciences,1,495,4,54,3,1,Research Scientist,4,Single,2201,18168,9,Y,No,16,3,4,80,0,6,4,3,3,2,1,2
E0373,Charles Johnson,Male,Michael,35,No,Travel_Rarely,755,Research & Development,9,4,Life Sciences,1,496,3,97,2,2,Healthcare Representative,2,Single,6540,19394,9,Y,No,19,3,3,80,0,10,5,3,1,1,0,0
E0374,William Anderson,Male,Robert,27,No,Travel_Rarely,1469,Research & Development,1,2,Medical,1,497,4,82,3,1,Laboratory Technician,2,Divorced,3816,17881,1,Y,No,11,3,2,80,1,5,2,3,5,2,0,4
E0375,John Anderson,Male,Richard,28,No,Travel_Rarely,304,Sales,9,4,Life Sciences,1,498,2,92,3,2,Sales Executive,4,Single,5253,20750,1,Y,No,16,3,4,80,0,7,1,3,7,5,0,7
E0376,Michael Smith,Male,Joseph,49,No,Travel_Rarely,1261,Research & Development,7,3,Other,1,499,2,31,2,3,Healthcare Representative,3,Single,10965,12066,8,Y,No,24,4,3,80,0,26,2,3,5,2,0,0
E0377,Jennifer Davis,Female,Linda,51,No,Travel_Rarely,1178,Sales,14,2,Life Sciences,1,500,3,87,3,2,Sales Executive,4,Married,4936,14862,4,Y,No,11,3,3,80,1,18,2,2,7,7,0,7
E0378,Elizabeth Robinson,Female,Patricia,36,No,Travel_Rarely,329,Research & Development,2,3,Life Sciences,1,501,4,96,3,1,Research Scientist,3,Married,2543,11868,4,Y,No,13,3,2,80,1,6,3,3,2,2,2,2
E0379,Richard Anderson,Male,Charles,34,Yes,Non-Travel,1362,Sales,19,3,Marketing,1,502,1,67,4,2,Sales Executive,4,Single,5304,4652,8,Y,Yes,13,3,2,80,0,9,3,2,5,2,0,4
E0380,Karen Robinson,Female,Jennifer,55,No,Travel_Rarely,1311,Research & Development,2,3,Life Sciences,1,505,3,97,3,4,Manager,4,Single,16659,23258,2,Y,Yes,13,3,3,80,0,30,2,3,5,4,1,2
E0381,Patricia Robinson,Female,Mary,24,No,Travel_Rarely,1371,Sales,10,4,Marketing,1,507,4,77,3,2,Sales Executive,3,Divorced,4260,5915,1,Y,Yes,12,3,4,80,1,5,2,4,5,2,0,3
E0382,John White,Male,Joseph,30,No,Travel_Rarely,202,Sales,2,1,Technical Degree,1,508,3,72,3,1,Sales Representative,2,Married,2476,17434,1,Y,No,18,3,1,80,1,1,3,3,1,0,0,0
E0383,Robert Harris,Male,Robert,26,Yes,Travel_Frequently,575,Research & Development,3,1,Technical Degree,1,510,3,73,3,1,Research Scientist,1,Single,3102,6582,0,Y,No,22,4,3,80,0,7,2,3,6,4,0,4
E0384,Linda Hall,Female,Karen,22,No,Travel_Rarely,253,Research & Development,11,3,Medical,1,511,1,43,3,1,Research Scientist,2,Married,2244,24440,1,Y,No,13,3,4,80,1,2,1,3,2,1,1,2
E0385,Charles Anderson,Male,Richard,36,No,Travel_Rarely,164,Sales,2,2,Medical,1,513,2,61,2,3,Sales Executive,3,Married,7596,3809,1,Y,No,13,3,2,80,2,10,2,3,10,9,9,0
E0386,Charles Smith,Male,Charles,30,Yes,Travel_Frequently,464,Research & Development,4,3,Technical Degree,1,514,3,40,3,1,Research Scientist,4,Single,2285,3427,9,Y,Yes,23,4,3,80,0,3,4,3,1,0,0,0
E0387,Sarah Davis,Female,Elizabeth,37,No,Travel_Rarely,1107,Research & Development,14,3,Life Sciences,1,515,4,95,3,1,Laboratory Technician,1,Divorced,3034,26914,1,Y,No,12,3,3,80,1,18,2,2,18,7,12,17
E0388,Jessica King,Female,Karen,40,No,Travel_Rarely,759,Sales,2,2,Marketing,1,516,4,46,3,2,Sales Executive,2,Divorced,5715,22553,7,Y,No,12,3,3,80,2,8,5,3,5,4,1,3
E0389,Sarah Davis,Female,Elizabeth,42,No,Travel_Rarely,201,Research & Development,1,4,Life Sciences,1,517,2,95,3,1,Laboratory Technician,1,Divorced,2576,20490,3,Y,No,16,3,2,80,1,8,5,3,5,2,1,2
E0390,John Smith,Male,Richard,37,No,Travel_Rarely,1305,Research & Development,10,4,Life Sciences,1,518,3,49,3,2,Manufacturing Director,2,Single,4197,21123,2,Y,Yes,12,3,4,80,0,18,2,2,1,0,0,1
E0391,Charles Johnson,Male,Thomas,43,No,Travel_Rarely,982,Research & Development,12,3,Life Sciences,1,520,1,59,2,4,Research Director,2,Divorced,14336,4345,1,Y,No,11,3,3,80,1,25,3,3,25,10,3,9
E0392,Karen Young,Female,Elizabeth,40,No,Travel_Rarely,555,Research & Development,2,3,Medical,1,521,2,78,2,2,Laboratory Technician,3,Married,3448,13436,6,Y,No,22,4,2,80,1,20,3,3,1,0,0,0
E0393,William Jackson,Male,James,54,No,Travel_Rarely,821,Research & Development,5,2,Medical,1,522,1,86,3,5,Research Director,1,Married,19406,8509,4,Y,No,11,3,3,80,1,24,4,2,4,2,1,2
E0394,Patricia Young,Female,Karen,34,No,Non-Travel,1381,Sales,4,4,Marketing,1,523,3,72,3,2,Sales Executive,3,Married,6538,12740,9,Y,No,15,3,1,80,1,6,3,3,3,2,1,2
E0395,Barbara Young,Female,Karen,31,No,Travel_Rarely,480,Research & Development,7,2,Medical,1,524,2,31,3,2,Manufacturing Director,1,Married,4306,4156,1,Y,No,12,3,2,80,1,13,5,1,13,10,3,12
E0396,James Smith,Male,James,43,No,Travel_Frequently,313,Research & Development,21,3,Medical,1,525,4,61,3,1,Laboratory Technician,4,Married,2258,15238,7,Y,No,20,4,1,80,1,8,1,3,3,2,1,2
E0397,Susan Young,Female,Patricia,43,No,Travel_Rarely,1473,Research & Development,8,4,Other,1,526,3,74,3,2,Healthcare Representative,3,Divorced,4522,2227,4,Y,Yes,14,3,4,80,0,8,3,3,5,2,0,2
E0398,Jennifer Walker,Female,Barbara,25,No,Travel_Rarely,891,Sales,4,2,Life Sciences,1,527,2,99,2,2,Sales Executive,4,Single,4487,12090,1,Y,Yes,11,3,2,80,0,5,3,3,5,4,1,3
E0399,Mary Allen,Female,Sarah,37,No,Non-Travel,1063,Research & Development,25,5,Medical,1,529,2,72,3,2,Research Scientist,3,Married,4449,23866,3,Y,Yes,15,3,1,80,2,15,2,3,13,11,10,7
E0400,William White,Male,Joseph,31,No,Travel_Rarely,329,Research & Development,1,2,Life Sciences,1,530,4,98,2,1,Laboratory Technician,1,Married,2218,16193,1,Y,No,12,3,3,80,1,4,3,3,4,2,3,2
E0401,Joseph Harris,Male,William,39,No,Travel_Frequently,1218,Research & Development,1,1,Life Sciences,1,531,2,52,3,5,Manager,3,Divorced,19197,8213,1,Y,Yes,14,3,3,80,1,21,3,3,21,8,1,6
E0402,Susan Davis,Female,Mary,56,No,Travel_Frequently,906,Sales,6,3,Life Sciences,1,532,3,86,4,4,Sales Executive,1,Married,13212,18256,9,Y,No,11,3,4,80,3,36,0,2,7,7,7,7
E0403,Jennifer Young,Female,Susan,30,No,Travel_Rarely,1082,Sales,12,3,Technical Degree,1,533,2,83,3,2,Sales Executive,3,Single,6577,19558,0,Y,No,11,3,2,80,0,6,6,3,5,4,4,4
E0404,Robert White,Male,William,41,No,Travel_Rarely,645,Sales,1,3,Marketing,1,534,2,49,4,3,Sales Executive,1,Married,8392,19566,1,Y,No,16,3,3,80,1,10,2,3,10,7,0,7
E0405,James Anderson,Male,David,28,No,Travel_Rarely,1300,Research & Development,17,2,Medical,1,536,3,79,3,2,Laboratory Technician,1,Divorced,4558,13535,1,Y,No,12,3,4,80,1,10,2,3,10,0,1,8
E0406,Michael Anderson,Male,Richard,25,Yes,Travel_Rarely,688,Research & Development,3,3,Medical,1,538,1,91,3,1,Laboratory Technician,1,Married,4031,9396,5,Y,No,13,3,3,80,1,6,5,3,2,2,0,2
E0407,Joseph Martin,Male,Robert,52,No,Travel_Rarely,319,Research & Development,3,3,Medical,1,543,4,39,2,3,Manufacturing Director,3,Married,7969,19609,2,Y,Yes,14,3,3,80,0,28,4,3,5,4,0,4
E0408,Michael Taylor,Male,Charles,45,No,Travel_Rarely,192,Research & Development,10,2,Life Sciences,1,544,1,69,3,1,Research Scientist,4,Married,2654,9655,3,Y,No,21,4,4,80,2,8,3,2,2,2,0,2
E0409,Jennifer Allen,Female,Jennifer,52,No,Travel_Rarely,1490,Research & Development,4,2,Life Sciences,1,546,4,30,3,4,Manager,4,Married,16555,10310,2,Y,No,13,3,4,80,0,31,2,1,5,2,1,4
E0410,Jennifer Lewis,Female,Elizabeth,42,No,Travel_Frequently,532,Research & Development,29,2,Life Sciences,1,547,1,92,3,2,Research Scientist,3,Divorced,4556,12932,2,Y,No,11,3,2,80,1,19,3,3,5,4,0,2
E0411,Karen Walker,Female,Barbara,30,No,Travel_Rarely,317,Research & Development,2,3,Life Sciences,1,548,3,43,1,2,Manufacturing Director,4,Single,6091,24793,2,Y,No,20,4,3,80,0,11,2,3,5,4,0,2
E0412,Elizabeth Hall,Female,Sarah,60,No,Travel_Rarely,422,Research & Development,7,3,Life Sciences,1,549,1,41,3,5,Manager,1,Married,19566,3854,5,Y,No,11,3,4,80,0,33,5,1,29,8,11,10
E0413,Jessica Wright,Female,Elizabeth,46,No,Travel_Rarely,1485,Research & Development,18,3,Medical,1,550,3,87,3,2,Manufacturing Director,3,Divorced,4810,26314,2,Y,No,14,3,3,80,1,19,5,2,10,7,0,8
E0414,Barbara Davis,Female,Mary,42,No,Travel_Frequently,1368,Research & Development,28,4,Technical Degree,1,551,4,88,2,2,Healthcare Representative,4,Married,4523,4386,0,Y,No,11,3,4,80,3,7,4,4,6,5,0,4
E0415,Jessica Young,Female,Linda,24,Yes,Travel_Rarely,1448,Sales,1,1,Technical Degree,1,554,1,62,3,1,Sales Representative,2,Single,3202,21972,1,Y,Yes,16,3,2,80,0,6,4,3,5,3,1,4
E0416,Sarah King,Female,Elizabeth,34,Yes,Travel_Frequently,296,Sales,6,2,Marketing,1,555,4,33,1,1,Sales Representative,3,Divorced,2351,12253,0,Y,No,16,3,4,80,1,3,3,2,2,2,1,0
E0417,John Johnson,Male,Charles,38,No,Travel_Frequently,1490,Research & Development,2,2,Life Sciences,1,556,4,42,3,1,Laboratory Technician,4,Married,1702,12106,1,Y,Yes,23,4,3,80,1,1,3,3,1,0,0,0
E0418,Jennifer Davis,Female,Karen,40,No,Travel_Rarely,1398,Sales,2,4,Life Sciences,1,558,3,79,3,5,Manager,3,Married,18041,13022,0,Y,No,14,3,4,80,0,21,2,3,20,15,1,12
E0419,Linda Robinson,Female,Elizabeth,26,No,Travel_Rarely,1349,Research & Development,23,3,Life Sciences,1,560,1,90,3,1,Research Scientist,4,Divorced,2886,3032,1,Y,No,22,4,2,80,2,3,3,1,3,2,0,2
E0420,Thomas Harris,Male,Richard,30,No,Non-Travel,1400,Research & Development,3,3,Life Sciences,1,562,3,53,3,1,Laboratory Technician,4,Married,2097,16734,4,Y,No,15,3,3,80,1,9,3,1,5,3,1,4
E0421,Thomas Martin,Male,Michael,29,No,Travel_Rarely,986,Research & Development,3,4,Medical,1,564,2,93,2,3,Research Director,3,Married,11935,21526,1,Y,No,18,3,3,80,0,10,2,3,10,2,0,7
E0422,Susan Clark,Female,Mary,29,Yes,Travel_Rarely,408,Research & Development,25,5,Technical Degree,1,565,3,71,2,1,Research Scientist,2,Married,2546,18300,5,Y,No,16,3,2,80,0,6,2,4,2,2,1,1
E0423,Charles Anderson,Male,William,19,Yes,Travel_Rarely,489,Human Resources,2,2,Technical Degree,1,566,1,52,2,1,Human Resources,4,Single,2564,18437,1,Y,No,12,3,3,80,0,1,3,4,1,0,0,0
E0424,Linda Young,Female,Susan,30,No,Non-Travel,1398,Sales,22,4,Other,1,567,3,69,3,3,Sales Executive,1,Married,8412,2890,0,Y,No,11,3,3,80,0,10,3,3,9,8,7,8
E0425,John Thomas,Male,Charles,57,No,Travel_Rarely,210,Sales,29,3,Marketing,1,568,1,56,2,4,Manager,4,Divorced,14118,22102,3,Y,No,12,3,3,80,1,32,3,2,1,0,0,0
E0426,William Johnson,Male,Charles,50,No,Travel_Rarely,1099,Research & Development,29,4,Life Sciences,1,569,2,88,2,4,Manager,3,Married,17046,9314,0,Y,No,15,3,2,80,1,28,2,3,27,10,15,7
E0427,Karen Davis,Female,Barbara,30,No,Non-Travel,1116,Research & Development,2,3,Medical,1,571,3,49,3,1,Laboratory Technician,4,Single,2564,7181,0,Y,No,14,3,3,80,0,12,2,2,11,7,6,7
E0428,Jessica Clark,Female,Elizabeth,60,No,Travel_Frequently,1499,Sales,28,3,Marketing,1,573,3,80,2,3,Sales Executive,1,Married,10266,2845,4,Y,No,19,3,4,80,0,22,5,4,18,13,13,11
E0429,Susan King,Female,Linda,47,No,Travel_Rarely,983,Research & Development,2,2,Medical,1,574,1,65,3,2,Manufacturing Director,4,Divorced,5070,7389,5,Y,No,13,3,3,80,3,20,2,3,5,0,0,4
E0430,Thomas White,Male,John,46,No,Travel_Rarely,1009,Research & Development,2,3,Life Sciences,1,575,1,51,3,4,Research Director,3,Married,17861,2288,6,Y,No,13,3,3,80,0,26,2,1,3,2,0,1
E0431,Charles Harris,Male,Michael,35,No,Travel_Rarely,144,Research & Development,22,3,Life Sciences,1,577,4,46,1,1,Laboratory Technician,3,Single,4230,19225,0,Y,No,15,3,3,80,0,6,2,3,5,4,4,3
E0432,Patricia Hall,Female,Karen,54,No,Travel_Rarely,548,Research & Development,8,4,Life Sciences,1,578,3,42,3,2,Laboratory Technician,3,Single,3780,23428,7,Y,No,11,3,3,80,0,19,3,3,1,0,0,0
E0433,Michael Taylor,Male,Charles,34,No,Travel_Rarely,1303,Research & Development,2,4,Life Sciences,1,579,4,62,2,1,Research Scientist,3,Divorced,2768,8416,3,Y,No,12,3,3,80,1,14,3,3,7,3,5,7
E0434,Elizabeth Lewis,Female,Jennifer,46,No,Travel_Rarely,1125,Sales,10,3,Marketing,1,580,3,94,2,3,Sales Executive,4,Married,9071,11563,2,Y,Yes,19,3,3,80,1,15,3,3,3,2,1,2
E0435,James White,Male,Charles,31,No,Travel_Rarely,1274,Research & Development,9,1,Life Sciences,1,581,3,33,3,3,Manufacturing Director,2,Divorced,10648,14394,1,Y,No,25,4,4,80,1,13,6,4,13,8,0,8
E0436,William Brown,Male,James,33,Yes,Travel_Rarely,1277,Research & Development,15,1,Medical,1,582,2,56,3,3,Manager,3,Married,13610,24619,7,Y,Yes,12,3,4,80,0,15,2,4,7,6,7,7
E0437,Charles Jackson,Male,Joseph,33,Yes,Travel_Rarely,587,Research & Development,10,1,Medical,1,584,1,38,1,1,Laboratory Technician,4,Divorced,3408,6705,7,Y,No,13,3,1,80,3,8,2,3,4,3,1,3
E0438,Richard Smith,Male,William,30,No,Travel_Rarely,413,Sales,7,1,Marketing,1,585,4,57,3,1,Sales Representative,2,Single,2983,18398,0,Y,No,14,3,1,80,0,4,3,3,3,2,1,2
E0439,Thomas Johnson,Male,Michael,35,No,Travel_Rarely,1276,Research & Development,16,3,Life Sciences,1,586,4,72,3,3,Healthcare Representative,3,Married,7632,14295,4,Y,Yes,12,3,3,80,0,10,2,3,8,7,0,0
E0440,William Anderson,Male,Joseph,31,Yes,Travel_Frequently,534,Research & Development,20,3,Life Sciences,1,587,1,66,3,3,Healthcare Representative,3,Married,9824,22908,3,Y,No,12,3,1,80,0,12,2,3,1,0,0,0
E0441,Jessica Young,Female,Susan,34,Yes,Travel_Frequently,988,Human Resources,23,3,Human Resources,1,590,2,43,3,3,Human Resources,1,Divorced,9950,11533,9,Y,Yes,15,3,3,80,3,11,2,3,3,2,0,2
E0442,Richard Jackson,Male,John,42,No,Travel_Frequently,1474,Research & Development,5,2,Other,1,591,2,97,3,1,Laboratory Technician,3,Married,2093,9260,4,Y,No,17,3,4,80,1,8,4,3,2,2,2,0
E0443,David Thomas,Male,James,36,No,Non-Travel,635,Sales,10,4,Medical,1,592,2,32,3,3,Sales Executive,4,Single,9980,15318,1,Y,No,14,3,4,80,0,10,3,2,10,3,9,7
E0444,Thomas Thomas,Male,Michael,22,Yes,Travel_Frequently,1368,Research & Development,4,1,Technical Degree,1,593,3,99,2,1,Laboratory Technician,3,Single,3894,9129,5,Y,No,16,3,3,80,0,4,3,3,2,2,1,2
E0445,Patricia Clark,Female,Jessica,48,No,Travel_Rarely,163,Sales,2,5,Marketing,1,595,2,37,3,2,Sales Executive,4,Married,4051,19658,2,Y,No,14,3,1,80,1,14,2,3,9,7,6,7
E0446,Elizabeth Robinson,Female,Patricia,55,No,Travel_Rarely,1117,Sales,18,5,Life Sciences,1,597,1,83,3,4,Manager,2,Single,16835,9873,3,Y,No,23,4,4,80,0,37,2,3,10,9,7,7
E0447,John Brown,Male,Robert,41,No,Non-Travel,267,Sales,10,2,Life Sciences,1,599,4,56,3,2,Sales Executive,4,Single,6230,13430,7,Y,No,14,3,4,80,0,16,3,3,14,3,1,10
E0448,Richard White,Male,James,35,No,Travel_Rarely,619,Sales,1,3,Marketing,1,600,2,85,3,2,Sales Executive,3,Married,4717,18659,9,Y,No,11,3,3,80,0,15,2,3,11,9,6,9
E0449,Barbara Walker,Female,Mary,40,No,Travel_Rarely,302,Research & Development,6,3,Life Sciences,1,601,2,75,3,4,Manufacturing Director,3,Single,13237,20364,7,Y,No,15,3,3,80,0,22,3,3,20,6,5,13
E0450,Mary Young,Female,Jennifer,39,No,Travel_Frequently,443,Research & Development,8,1,Life Sciences,1,602,3,48,3,1,Laboratory Technician,3,Married,3755,17872,1,Y,No,11,3,1,80,1,8,3,3,8,3,0,7
E0451,Robert Thomas,Male,William,31,No,Travel_Rarely,828,Sales,2,1,Life Sciences,1,604,2,77,3,2,Sales Executive,4,Single,6582,8346,4,Y,Yes,13,3,3,80,0,10,2,4,6,5,0,5
E0452,Robert Jackson,Male,Robert,42,No,Travel_Rarely,319,Research & Development,24,3,Medical,1,605,4,56,3,3,Manufacturing Director,1,Married,7406,6950,1,Y,Yes,21,4,4,80,1,10,5,2,10,9,5,8
E0453,Richard Harris,Male,James,45,No,Travel_Rarely,561,Sales,2,3,Other,1,606,4,61,3,2,Sales Executive,2,Married,4805,16177,0,Y,No,19,3,2,80,1,9,3,4,8,7,3,7
E0454,Elizabeth Young,Female,Mary,26,Yes,Travel_Frequently,426,Human Resources,17,4,Life Sciences,1,608,2,58,3,1,Human Resources,3,Divorced,2741,22808,0,Y,Yes,11,3,2,80,1,8,2,2,7,7,1,0
E0455,Charles Martin,Male,Joseph,29,No,Travel_Rarely,232,Research & Development,19,3,Technical Degree,1,611,4,34,3,2,Manufacturing Director,4,Divorced,4262,22645,4,Y,No,12,3,2,80,2,8,2,4,3,2,1,2
E0456,Jessica Davis,Female,Karen,33,No,Travel_Rarely,922,Research & Development,1,5,Medical,1,612,1,95,4,4,Research Director,3,Divorced,16184,22578,4,Y,No,19,3,3,80,1,10,2,3,6,1,0,5
E0457,William Brown,Male,John,31,No,Travel_Rarely,688,Sales,7,3,Life Sciences,1,613,3,44,2,3,Manager,4,Divorced,11557,25291,9,Y,No,21,4,3,80,1,10,3,2,5,4,0,1
E0458,James Taylor,Male,Robert,18,Yes,Travel_Frequently,1306,Sales,5,3,Marketing,1,614,2,69,3,1,Sales Representative,2,Single,1878,8059,1,Y,Yes,14,3,4,80,0,0,3,3,0,0,0,0
E0459,Joseph Brown,Male,John,40,No,Non-Travel,1094,Sales,28,3,Other,1,615,3,58,1,3,Sales Executive,1,Divorced,10932,11373,3,Y,No,15,3,3,80,1,20,2,3,1,0,0,1
E0460,Karen Clark,Female,Jennifer,41,No,Non-Travel,509,Research & Development,2,4,Other,1,616,1,62,2,2,Healthcare Representative,3,Single,6811,2112,2,Y,Yes,17,3,1,80,0,10,3,3,8,7,0,7
E0461,Thomas Martin,Male,Richard,26,No,Travel_Rarely,775,Sales,29,2,Medical,1,618,1,45,3,2,Sales Executive,3,Divorced,4306,4267,5,Y,No,12,3,1,80,2,8,5,3,0,0,0,0
E0462,Elizabeth Allen,Female,Mary,35,No,Travel_Rarely,195,Sales,1,3,Medical,1,620,1,80,3,2,Sales Executive,3,Single,4859,6698,1,Y,No,16,3,4,80,0,5,3,3,5,4,0,3
E0463,John Harris,Male,Charles,34,No,Travel_Rarely,258,Sales,21,4,Life Sciences,1,621,4,74,4,2,Sales Executive,4,Single,5337,19921,1,Y,No,12,3,4,80,0,10,3,3,10,7,5,7
E0464,Thomas Taylor,Male,Joseph,26,Yes,Travel_Rarely,471,Research & Development,24,3,Technical Degree,1,622,3,66,1,1,Laboratory Technician,4,Single,2340,23213,1,Y,Yes,18,3,2,80,0,1,3,1,1,0,0,0
E0465,Linda Hall,Female,Karen,37,No,Travel_Rarely,799,Research & Development,1,3,Technical Degree,1,623,2,59,3,3,Manufacturing Director,4,Single,7491,23848,4,Y,No,17,3,4,80,0,12,3,4,6,5,1,2
E0466,Karen Wright,Female,Karen,46,No,Travel_Frequently,1034,Research & Development,18,1,Medical,1,624,1,86,3,3,Healthcare Representative,3,Married,10527,8984,5,Y,No,11,3,4,80,0,28,3,2,2,2,1,2
E0467,Karen Hall,Female,Karen,41,No,Travel_Rarely,1276,Sales,2,5,Life Sciences,1,625,2,91,3,4,Manager,1,Married,16595,5626,7,Y,No,16,3,2,80,1,22,2,3,18,16,11,8
E0468,James Harris,Male,John,37,No,Non-Travel,142,Sales,9,4,Medical,1,626,1,69,3,3,Sales Executive,2,Divorced,8834,24666,1,Y,No,13,3,4,80,1,9,6,3,9,5,7,7
E0469,John Anderson,Male,Robert,52,No,Travel_Rarely,956,Research & Development,6,2,Technical Degree,1,630,4,78,3,2,Research Scientist,1,Divorced,5577,22087,3,Y,Yes,12,3,2,80,2,18,3,3,10,9,6,9
E0470,Thomas Taylor,Male,Thomas,32,Yes,Non-Travel,1474,Sales,11,4,Other,1,631,4,60,4,2,Sales Executive,3,Married,4707,23914,8,Y,No,12,3,4,80,0,6,2,3,4,2,1,2
E0471,Robert Jackson,Male,Richard,24,No,Travel_Frequently,535,Sales,24,3,Medical,1,632,4,38,3,1,Sales Representative,4,Married,2400,5530,0,Y,No,13,3,3,80,2,3,3,3,2,2,2,1
E0472,Barbara Young,Female,Linda,38,No,Travel_Rarely,1495,Research & Development,10,3,Medical,1,634,3,76,3,2,Healthcare Representative,3,Married,9824,22174,3,Y,No,19,3,3,80,1,18,4,3,1,0,0,0
E0473,Jennifer Walker,Female,Karen,37,No,Travel_Rarely,446,Research & Development,1,4,Life Sciences,1,635,2,65,3,2,Manufacturing Director,2,Married,6447,15701,6,Y,No,12,3,2,80,1,8,2,2,6,5,4,3
E0474,Charles Taylor,Male,William,49,No,Travel_Rarely,1245,Research & Development,18,4,Life Sciences,1,638,4,58,2,5,Research Director,3,Divorced,19502,2125,1,Y,Yes,17,3,3,80,1,31,5,3,31,9,0,9
E0475,Michael Taylor,Male,John,24,No,Travel_Rarely,691,Research & Development,23,3,Medical,1,639,2,89,4,1,Research Scientist,4,Married,2725,21630,1,Y,Yes,11,3,2,80,2,6,3,3,6,5,1,4
E0476,Charles White,Male,Joseph,26,No,Travel_Rarely,703,Sales,28,2,Marketing,1,641,1,66,3,2,Sales Executive,2,Married,6272,7428,1,Y,No,20,4,4,80,2,6,5,4,5,3,1,4
E0477,David Brown,Male,Michael,24,No,Travel_Rarely,823,Research & Development,17,2,Other,1,643,4,94,2,1,Laboratory Technician,2,Married,2127,9100,1,Y,No,21,4,4,80,1,1,2,3,1,0,0,0
E0478,Charles Anderson,Male,Thomas,50,No,Travel_Frequently,1246,Human Resources,3,3,Medical,1,644,1,99,3,5,Manager,2,Married,18200,7999,1,Y,No,11,3,3,80,1,32,2,3,32,5,10,7
E0479,David Anderson,Male,William,25,No,Travel_Rarely,622,Sales,13,1,Medical,1,645,2,40,3,1,Sales Representative,3,Married,2096,26376,1,Y,No,11,3,3,80,0,7,1,3,7,4,0,6
E0480,Barbara Young,Female,Sarah,24,Yes,Travel_Frequently,1287,Research & Development,7,3,Life Sciences,1,647,1,55,3,1,Laboratory Technician,3,Married,2886,14168,1,Y,Yes,16,3,4,80,1,6,4,3,6,3,1,2
E0481,Richard Anderson,Male,Michael,30,Yes,Travel_Frequently,448,Sales,12,4,Life Sciences,1,648,2,74,2,1,Sales Representative,1,Married,2033,14470,1,Y,No,18,3,3,80,1,1,2,4,1,0,0,0
E0482,Charles Thomas,Male,Charles,34,No,Travel_Rarely,254,Research & Development,1,2,Life Sciences,1,649,2,83,2,1,Research Scientist,4,Married,3622,22794,1,Y,Yes,13,3,4,80,1,6,3,3,6,5,1,3
E0483,Michael Harris,Male,William,31,Yes,Travel_Rarely,1365,Sales,13,4,Medical,1,650,2,46,3,2,Sales Executive,1,Divorced,4233,11512,2,Y,No,17,3,3,80,0,9,2,1,3,1,1,2
E0484,Michael Smith,Male,Thomas,35,No,Travel_Rarely,538,Research & Development,25,2,Other,1,652,1,54,2,2,Laboratory Technician,4,Single,3681,14004,4,Y,No,14,3,4,80,0,9,3,3,3,2,0,2
E0485,Richard Jackson,Male,Joseph,31,No,Travel_Rarely,525,Sales,6,4,Medical,1,653,1,66,4,2,Sales Executive,4,Divorced,5460,6219,4,Y,No,22,4,4,80,2,13,4,4,7,7,5,7
E0486,Linda Lewis,Female,Jennifer,27,No,Travel_Rarely,798,Research & Development,6,4,Medical,1,655,1,66,2,1,Research Scientist,3,Divorced,2187,5013,0,Y,No,12,3,3,80,2,6,5,2,5,3,0,3
E0487,Joseph Anderson,Male,James,37,No,Travel_Rarely,558,Sales,2,3,Marketing,1,656,4,75,3,2,Sales Executive,3,Married,9602,3010,4,Y,Yes,11,3,3,80,1,17,3,2,3,0,1,0
E0488,Karen Allen,Female,Jennifer,20,No,Travel_Rarely,959,Research & Development,1,3,Life Sciences,1,657,4,83,2,1,Research Scientist,2,Single,2836,11757,1,Y,No,13,3,4,80,0,1,0,4,1,0,0,0
E0489,Linda Robinson,Female,Linda,42,No,Travel_Rarely,622,Research & Development,2,4,Life Sciences,1,659,3,81,3,2,Healthcare Representative,4,Married,4089,5718,1,Y,No,13,3,2,80,2,10,4,3,10,2,2,2
E0490,Joseph White,Male,John,43,No,Travel_Rarely,782,Research & Development,6,4,Other,1,661,2,50,2,4,Research Director,4,Divorced,16627,2671,4,Y,Yes,14,3,3,80,1,21,3,2,1,0,0,0
E0491,Patricia Clark,Female,Mary,38,No,Travel_Rarely,362,Research & Development,1,1,Life Sciences,1,662,3,43,3,1,Research Scientist,1,Single,2619,14561,3,Y,No,17,3,4,80,0,8,3,2,0,0,0,0
E0492,Robert Brown,Male,Richard,43,No,Travel_Frequently,1001,Research & Development,9,5,Medical,1,663,4,72,3,2,Laboratory Technician,3,Divorced,5679,19627,3,Y,Yes,13,3,2,80,1,10,3,3,8,7,4,7
E0493,Mary Lewis,Female,Jessica,48,No,Travel_Rarely,1236,Research & Development,1,4,Life Sciences,1,664,4,40,2,4,Manager,1,Married,15402,17997,7,Y,No,11,3,1,80,1,21,3,1,3,2,0,2
E0494,Barbara Young,Female,Susan,44,No,Travel_Rarely,1112,Human Resources,1,4,Life Sciences,1,665,1,50,2,2,Human Resources,3,Single,5985,26894,4,Y,No,11,3,2,80,0,10,1,4,2,2,0,2
E0495,Karen Hall,Female,Elizabeth,34,No,Travel_Rarely,204,Sales,14,3,Technical Degree,1,666,3,31,3,1,Sales Representative,3,Divorced,2579,2912,1,Y,Yes,18,3,4,80,2,8,3,3,8,2,0,6
E0496,William Taylor,Male,James,27,Yes,Travel_Rarely,1420,Sales,2,1,Marketing,1,667,3,85,3,1,Sales Representative,1,Divorced,3041,16346,0,Y,No,11,3,2,80,1,5,3,3,4,3,0,2
E0497,Robert Taylor,Male,Richard,21,No,Travel_Rarely,1343,Sales,22,1,Technical Degree,1,669,3,49,3,1,Sales Representative,3,Single,3447,24444,1,Y,No,11,3,3,80,0,3,2,3,3,2,1,2
E0498,Richard Smith,Male,Richard,44,No,Travel_Rarely,1315,Research & Development,3,4,Other,1,671,4,35,3,5,Manager,4,Married,19513,9358,4,Y,Yes,12,3,1,80,1,26,2,4,2,2,0,1
E0499,Richard Smith,Male,Thomas,22,No,Travel_Rarely,604,Research & Development,6,1,Medical,1,675,1,69,3,1,Research Scientist,3,Married,2773,12145,0,Y,No,20,4,4,80,0,3,3,3,2,2,2,2
E0500,John Taylor,Male,Robert,33,No,Travel_Rarely,1216,Sales,8,4,Marketing,1,677,3,39,3,2,Sales Executive,3,Divorced,7104,20431,0,Y,No,12,3,4,80,0,6,3,3,5,0,1,2
E0501,Mary King,Female,Sarah,32,No,Travel_Rarely,646,Research & Development,9,4,Life Sciences,1,679,1,92,3,2,Research Scientist,4,Married,6322,18089,1,Y,Yes,12,3,4,80,1,6,2,2,6,4,0,5
E0502,Barbara Davis,Female,Mary,30,No,Travel_Frequently,160,Research & Development,3,3,Medical,1,680,3,71,3,1,Research Scientist,3,Divorced,2083,22653,1,Y,No,20,4,3,80,1,1,2,3,1,0,0,0
E0503,Mary Hall,Female,Mary,53,No,Travel_Rarely,238,Sales,1,1,Medical,1,682,4,34,3,2,Sales Executive,1,Single,8381,7507,7,Y,No,20,4,4,80,0,18,2,4,14,7,8,10
E0504,Michael Taylor,Male,Michael,34,No,Travel_Rarely,1397,Research & Development,1,5,Life Sciences,1,683,2,42,3,1,Research Scientist,4,Married,2691,7660,1,Y,No,12,3,4,80,1,10,4,2,10,9,8,8
E0505,Barbara Allen,Female,Sarah,45,Yes,Travel_Frequently,306,Sales,26,4,Life Sciences,1,684,1,100,3,2,Sales Executive,1,Married,4286,5630,2,Y,No,14,3,4,80,2,5,4,3,1,1,0,0
E0506,Sarah Wright,Female,Barbara,26,No,Travel_Rarely,991,Research & Development,6,3,Life Sciences,1,686,3,71,3,1,Laboratory Technician,4,Married,2659,17759,1,Y,Yes,13,3,3,80,1,3,2,3,3,2,0,2
E0507,William Harris,Male,Robert,37,No,Travel_Rarely,482,Research & Development,3,3,Other,1,689,3,36,3,3,Manufacturing Director,3,Married,9434,9606,1,Y,No,15,3,3,80,1,10,2,3,10,7,7,8
E0508,Linda Wright,Female,Mary,29,No,Travel_Rarely,1176,Sales,3,2,Medical,1,690,2,62,3,2,Sales Executive,3,Married,5561,3487,1,Y,No,14,3,1,80,1,6,5,2,6,0,1,2
E0509,John Brown,Male,Michael,35,No,Travel_Rarely,1017,Research & Development,6,4,Life Sciences,1,691,2,82,1,2,Research Scientist,4,Single,6646,19368,1,Y,No,13,3,2,80,0,17,3,3,17,11,11,8
E0510,James Thomas,Male,Thomas,33,No,Travel_Frequently,1296,Research & Development,6,3,Life Sciences,1,692,3,30,3,2,Healthcare Representative,4,Divorced,7725,5335,3,Y,No,23,4,3,80,1,15,2,1,13,11,4,7
E0511,David Smith,Male,Robert,54,No,Travel_Rarely,397,Human Resources,19,4,Medical,1,698,3,88,3,3,Human Resources,2,Married,10725,6729,2,Y,No,15,3,3,80,1,16,1,4,9,7,7,1
E0512,Robert Anderson,Male,Thomas,36,No,Travel_Rarely,913,Research & Development,9,2,Medical,1,699,2,48,2,2,Manufacturing Director,2,Divorced,8847,13934,2,Y,Yes,11,3,3,80,1,13,2,3,3,2,0,2
E0513,Robert Martin,Male,Richard,27,No,Travel_Rarely,1115,Research & Development,3,4,Medical,1,700,1,54,2,1,Research Scientist,4,Single,2045,15174,0,Y,No,13,3,4,80,0,5,0,3,4,2,1,1
E0514,Robert Martin,Male,Michael,20,Yes,Travel_Rarely,1362,Research & Development,10,1,Medical,1,701,4,32,3,1,Research Scientist,3,Single,1009,26999,1,Y,Yes,11,3,4,80,0,1,5,3,1,0,1,1
E0515,Robert Anderson,Male,Robert,33,Yes,Travel_Frequently,1076,Research & Development,3,3,Life Sciences,1,702,1,70,3,1,Research Scientist,1,Single,3348,3164,1,Y,Yes,11,3,1,80,0,10,3,3,10,8,9,7
E0516,William Taylor,Male,Charles,35,No,Non-Travel,727,Research & Development,3,3,Life Sciences,1,704,3,41,2,1,Laboratory Technician,3,Married,1281,16900,1,Y,No,18,3,3,80,2,1,3,3,1,0,0,0
E0517,James Anderson,Male,William,23,No,Travel_Rarely,885,Research & Development,4,3,Medical,1,705,1,58,4,1,Research Scientist,1,Married,2819,8544,2,Y,No,16,3,1,80,1,5,3,4,3,2,0,2
E0518,Charles Anderson,Male,William,25,No,Travel_Rarely,810,Sales,8,3,Life Sciences,1,707,4,57,4,2,Sales Executive,2,Married,4851,15678,0,Y,No,22,4,3,80,1,4,4,3,3,2,1,2
E0519,Linda Hall,Female,Jennifer,38,No,Travel_Rarely,243,Sales,7,4,Marketing,1,709,4,46,2,2,Sales Executive,4,Single,4028,7791,0,Y,No,20,4,1,80,0,8,2,3,7,7,0,5
E0520,Charles Taylor,Male,Thomas,29,No,Travel_Frequently,806,Research & Development,1,4,Life Sciences,1,710,2,76,1,1,Research Scientist,4,Divorced,2720,18959,1,Y,No,18,3,4,80,1,10,5,3,10,7,2,8
E0521,Richard Jackson,Male,Michael,48,No,Travel_Rarely,817,Sales,2,1,Marketing,1,712,2,56,4,2,Sales Executive,2,Married,8120,18597,3,Y,No,12,3,4,80,0,12,3,3,2,2,2,2
E0522,Patricia Lewis,Female,Elizabeth,27,No,Travel_Frequently,1410,Sales,3,1,Medical,1,714,4,71,4,2,Sales Executive,4,Divorced,4647,16673,1,Y,Yes,20,4,2,80,2,6,3,3,6,5,0,4
E0523,James White,Male,Michael,37,No,Travel_Rarely,1225,Research & Development,10,2,Life Sciences,1,715,4,80,4,1,Research Scientist,4,Single,4680,15232,3,Y,No,17,3,1,80,0,4,2,3,1,0,0,0
E0524,Thomas Taylor,Male,William,50,No,Travel_Rarely,1207,Research & Development,28,1,Medical,1,716,4,74,4,1,Laboratory Technician,3,Married,3221,3297,1,Y,Yes,11,3,3,80,3,20,3,3,20,8,3,8
E0525,Barbara King,Female,Susan,34,No,Travel_Rarely,1442,Research & Development,9,3,Medical,1,717,4,46,2,3,Healthcare Representative,2,Single,8621,17654,1,Y,No,14,3,2,80,0,9,3,4,8,7,7,7
E0526,Barbara King,Female,Sarah,24,Yes,Travel_Rarely,693,Sales,3,2,Life Sciences,1,720,1,65,3,2,Sales Executive,3,Single,4577,24785,9,Y,No,14,3,1,80,0,4,3,3,2,2,2,0
E0527,Linda Young,Female,Susan,39,No,Travel_Rarely,408,Research & Development,2,4,Technical Degree,1,721,4,80,2,2,Healthcare Representative,3,Single,4553,20978,1,Y,No,11,3,1,80,0,20,4,3,20,7,11,10
E0528,Thomas Taylor,Male,William,32,No,Travel_Rarely,929,Sales,10,3,Marketing,1,722,4,55,3,2,Sales Executive,4,Single,5396,21703,1,Y,No,12,3,4,80,0,10,2,2,10,7,0,8
E0529,William White,Male,Charles,50,Yes,Travel_Frequently,562,Sales,8,2,Technical Degree,1,723,2,50,3,2,Sales Executive,3,Married,6796,23452,3,Y,Yes,14,3,1,80,1,18,4,3,4,3,1,3
E0530,Karen Hall,Female,Karen,38,No,Travel_Rarely,827,Research & Development,1,4,Life Sciences,1,724,2,33,4,2,Healthcare Representative,4,Single,7625,19383,0,Y,No,13,3,3,80,0,10,4,2,9,7,1,8
E0531,Susan Lewis,Female,Susan,27,No,Travel_Rarely,608,Research & Development,1,2,Life Sciences,1,725,3,68,3,3,Manufacturing Director,1,Married,7412,6009,1,Y,No,11,3,4,80,0,9,3,3,9,7,0,7
E0532,Susan Young,Female,Karen,32,No,Travel_Rarely,1018,Research & Development,3,2,Life Sciences,1,727,3,39,3,3,Research Director,4,Single,11159,19373,3,Y,No,15,3,4,80,0,10,6,3,7,7,7,7
E0533,Charles Thomas,Male,William,47,No,Travel_Rarely,703,Sales,14,4,Marketing,1,728,4,42,3,2,Sales Executive,1,Single,4960,11825,2,Y,No,12,3,4,80,0,20,2,3,7,7,1,7
E0534,Charles Harris,Male,Robert,40,No,Travel_Frequently,580,Sales,5,4,Life Sciences,1,729,4,48,2,3,Sales Executive,1,Married,10475,23772,5,Y,Yes,21,4,3,80,1,20,2,3,18,13,1,12
E0535,David Harris,Male,Richard,53,No,Travel_Rarely,970,Research & Development,7,3,Life Sciences,1,730,3,59,4,4,Research Director,3,Married,14814,13514,3,Y,No,19,3,3,80,0,32,3,3,5,1,1,3
E0536,Michael White,Male,John,41,No,Travel_Rarely,427,Human Resources,10,4,Human Resources,1,731,2,73,2,5,Manager,4,Divorced,19141,8861,3,Y,No,15,3,2,80,3,23,2,2,21,6,12,6
E0537,Michael Johnson,Male,Thomas,60,No,Travel_Rarely,1179,Sales,16,4,Marketing,1,732,1,84,3,2,Sales Executive,1,Single,5405,11924,8,Y,No,14,3,4,80,0,10,1,3,2,2,2,2
E0538,Charles Harris,Male,Charles,27,No,Travel_Frequently,294,Research & Development,10,2,Life Sciences,1,733,4,32,3,3,Manufacturing Director,1,Divorced,8793,4809,1,Y,No,21,4,3,80,2,9,4,2,9,7,1,7
E0539,William Taylor,Male,Charles,41,No,Travel_Rarely,314,Human Resources,1,3,Human Resources,1,734,4,59,2,5,Manager,3,Married,19189,19562,1,Y,No,12,3,2,80,1,22,3,3,22,7,2,10
E0540,John Smith,Male,James,50,No,Travel_Rarely,316,Sales,8,4,Marketing,1,738,4,54,3,1,Sales Representative,2,Married,3875,9983,7,Y,No,15,3,4,80,1,4,2,3,2,2,2,2
E0541,Susan Hall,Female,Barbara,28,Yes,Travel_Rarely,654,Research & Development,1,2,Life Sciences,1,741,1,67,1,1,Research Scientist,2,Single,2216,3872,7,Y,Yes,13,3,4,80,0,10,4,3,7,7,3,7
E0542,Patricia Young,Female,Susan,36,No,Non-Travel,427,Research & Development,8,3,Life Sciences,1,742,1,63,4,3,Research Director,1,Married,11713,20335,9,Y,No,14,3,1,80,1,10,2,3,8,7,0,5
E0543,Linda Young,Female,Jessica,38,No,Travel_Rarely,168,Research & Development,1,3,Life Sciences,1,743,3,81,3,3,Manufacturing Director,3,Single,7861,15397,4,Y,Yes,14,3,4,80,0,10,4,4,1,0,0,0
E0544,Richard Anderson,Male,Charles,44,No,Non-Travel,381,Research & Development,24,3,Medical,1,744,1,49,1,1,Laboratory Technician,3,Single,3708,2104,2,Y,No,14,3,3,80,0,9,5,3,5,2,1,4
E0545,Karen Wright,Female,Sarah,47,No,Travel_Frequently,217,Sales,3,3,Medical,1,746,4,49,3,4,Sales Executive,3,Divorced,13770,10225,9,Y,Yes,12,3,4,80,2,28,2,2,22,2,11,13
E0546,Joseph Harris,Male,John,30,No,Travel_Rarely,501,Sales,27,5,Marketing,1,747,3,99,3,2,Sales Executive,4,Divorced,5304,25275,7,Y,No,23,4,4,80,1,10,2,2,8,7,7,7
E0547,William Martin,Male,Charles,29,No,Travel_Rarely,1396,Sales,10,3,Life Sciences,1,749,3,99,3,1,Sales Representative,3,Single,2642,2755,1,Y,No,11,3,3,80,0,1,6,3,1,0,0,0
E0548,William Johnson,Male,John,42,Yes,Travel_Frequently,933,Research & Development,19,3,Medical,1,752,3,57,4,1,Research Scientist,3,Divorced,2759,20366,6,Y,Yes,12,3,4,80,0,7,2,3,2,2,2,2
E0549,William Brown,Male,William,43,No,Travel_Frequently,775,Sales,15,3,Life Sciences,1,754,4,47,2,2,Sales Executive,4,Married,6804,23683,3,Y,No,18,3,3,80,1,7,5,3,2,2,2,2
E0550,Susan Wright,Female,Elizabeth,34,No,Travel_Rarely,970,Research & Development,8,2,Medical,1,757,2,96,3,2,Healthcare Representative,3,Single,6142,7360,3,Y,No,11,3,4,80,0,10,2,3,5,1,4,3
E0551,William White,Male,David,23,No,Travel_Rarely,650,Research & Development,9,1,Medical,1,758,2,37,3,1,Laboratory Technician,1,Married,2500,4344,1,Y,No,14,3,4,80,1,5,2,4,4,3,0,2
E0552,Mary Lewis,Female,Jennifer,39,No,Travel_Rarely,141,Human Resources,3,3,Human Resources,1,760,3,44,4,2,Human Resources,2,Married,6389,18767,9,Y,No,15,3,3,80,1,12,3,1,8,3,3,6
E0553,Robert Harris,Male,Joseph,56,No,Travel_Rarely,832,Research & Development,9,3,Medical,1,762,3,81,3,4,Healthcare Representative,4,Married,11103,20420,7,Y,No,11,3,3,80,0,30,1,2,10,7,1,1
E0554,Elizabeth King,Female,Mary,40,No,Travel_Rarely,804,Research & Development,2,1,Medical,1,763,4,86,2,1,Research Scientist,4,Single,2342,22929,0,Y,Yes,20,4,4,80,0,5,2,2,4,2,2,3
E0555,Sarah Davis,Female,Barbara,27,No,Travel_Rarely,975,Research & Development,7,3,Medical,1,764,4,55,2,2,Healthcare Representative,1,Single,6811,23398,8,Y,No,19,3,1,80,0,9,2,1,7,6,0,7
E0556,John Anderson,Male,Michael,29,No,Travel_Rarely,1090,Sales,10,3,Marketing,1,766,4,83,3,1,Sales Representative,2,Divorced,2297,17967,1,Y,No,14,3,4,80,2,2,2,3,2,2,2,2
E0557,Michael Martin,Male,James,53,No,Travel_Rarely,346,Research & Development,6,3,Life Sciences,1,769,4,86,3,2,Laboratory Technician,4,Single,2450,10919,2,Y,No,17,3,4,80,0,19,4,3,2,2,2,2
E0558,Sarah Allen,Female,Susan,35,No,Non-Travel,1225,Research & Development,2,4,Life Sciences,1,771,4,61,3,2,Healthcare Representative,1,Divorced,5093,4761,2,Y,No,11,3,1,80,1,16,2,4,1,0,0,0
E0559,David Jackson,Male,Thomas,32,No,Travel_Frequently,430,Research & Development,24,4,Life Sciences,1,772,1,80,3,2,Laboratory Technician,4,Married,5309,21146,1,Y,No,15,3,4,80,2,10,2,3,10,8,4,7
E0560,James Smith,Male,Michael,38,No,Travel_Rarely,268,Research & Development,2,5,Medical,1,773,4,92,3,1,Research Scientist,3,Married,3057,20471,6,Y,Yes,13,3,2,80,1,6,0,1,1,0,0,1
E0561,Jessica Clark,Female,Linda,34,No,Travel_Rarely,167,Research & Development,8,5,Life Sciences,1,775,2,32,3,2,Manufacturing Director,1,Divorced,5121,4187,3,Y,No,14,3,3,80,1,7,3,3,0,0,0,0
E0562,Charles Harris,Male,David,52,No,Travel_Rarely,621,Sales,3,4,Marketing,1,776,3,31,2,4,Manager,1,Married,16856,10084,1,Y,No,11,3,1,80,0,34,3,4,34,6,1,16
E0563,Richard Thomas,Male,Robert,33,Yes,Travel_Rarely,527,Research & Development,1,4,Other,1,780,4,63,3,1,Research Scientist,4,Single,2686,5207,1,Y,Yes,13,3,3,80,0,10,2,2,10,9,7,8
E0564,Mary Davis,Female,Barbara,25,No,Travel_Rarely,883,Sales,26,1,Medical,1,781,3,32,3,2,Sales Executive,4,Single,6180,22807,1,Y,No,23,4,2,80,0,6,5,2,6,5,1,4
E0565,John Thomas,Male,Richard,45,No,Travel_Rarely,954,Sales,2,2,Technical Degree,1,783,2,46,1,2,Sales Representative,3,Single,6632,12388,0,Y,No,13,3,1,80,0,9,3,3,8,7,3,1
E0566,David Johnson,Male,Charles,23,No,Travel_Rarely,310,Research & Development,10,1,Medical,1,784,1,79,4,1,Research Scientist,3,Single,3505,19630,1,Y,No,18,3,4,80,0,2,3,3,2,2,0,2
E0567,Mary Wright,Female,Karen,47,Yes,Travel_Frequently,719,Sales,27,2,Life Sciences,1,785,2,77,4,2,Sales Executive,3,Single,6397,10339,4,Y,Yes,12,3,4,80,0,8,2,3,5,4,1,3
E0568,William Anderson,Male,Robert,34,No,Travel_Rarely,304,Sales,2,3,Other,1,786,4,60,3,2,Sales Executive,4,Single,6274,18686,1,Y,No,22,4,3,80,0,6,5,3,6,5,1,4
E0569,John Thomas,Male,Richard,55,Yes,Travel_Rarely,725,Research & Development,2,3,Medical,1,787,4,78,3,5,Manager,1,Married,19859,21199,5,Y,Yes,13,3,4,80,1,24,2,3,5,2,1,4
E0570,Thomas Johnson,Male,Robert,36,No,Non-Travel,1434,Sales,8,4,Life Sciences,1,789,1,76,2,3,Sales Executive,1,Single,7587,14229,1,Y,No,15,3,2,80,0,10,1,3,10,7,0,9
E0571,Charles Johnson,Male,John,52,No,Non-Travel,715,Research & Development,19,4,Medical,1,791,4,41,3,1,Research Scientist,4,Married,4258,26589,0,Y,No,18,3,1,80,1,5,3,3,4,3,1,2
E0572,Jennifer Allen,Female,Karen,26,No,Travel_Frequently,575,Research & Development,1,2,Life Sciences,1,792,1,71,1,1,Laboratory Technician,4,Divorced,4364,5288,3,Y,No,14,3,1,80,1,5,2,3,2,2,2,0
E0573,Barbara Young,Female,Linda,29,No,Travel_Rarely,657,Research & Development,27,3,Medical,1,793,2,66,3,2,Healthcare Representative,3,Married,4335,25549,4,Y,No,12,3,1,80,1,11,3,2,8,7,1,1
E0574,Joseph Thomas,Male,Joseph,26,Yes,Travel_Rarely,1146,Sales,8,3,Technical Degree,1,796,4,38,2,2,Sales Executive,1,Single,5326,3064,6,Y,No,17,3,3,80,0,6,2,2,4,3,1,2
E0575,Karen Lewis,Female,Sarah,34,No,Travel_Rarely,182,Research & Development,1,4,Life Sciences,1,797,2,72,4,1,Research Scientist,4,Single,3280,13551,2,Y,No,16,3,3,80,0,10,2,3,4,2,1,3
E0576,Jennifer Davis,Female,Susan,54,No,Travel_Rarely,376,Research & Development,19,4,Medical,1,799,4,95,3,2,Manufacturing Director,1,Divorced,5485,22670,9,Y,Yes,11,3,2,80,2,9,4,3,5,3,1,4
E0577,Richard Anderson,Male,James,27,No,Travel_Frequently,829,Sales,8,1,Marketing,1,800,3,84,3,2,Sales Executive,4,Married,4342,24008,0,Y,No,19,3,2,80,1,5,3,3,4,2,1,1
E0578,Linda Wright,Female,Jennifer,37,No,Travel_Rarely,571,Research & Development,10,1,Life Sciences,1,802,4,82,3,1,Research Scientist,1,Divorced,2782,19905,0,Y,Yes,13,3,2,80,2,6,3,2,5,3,4,3
E0579,Linda Robinson,Female,Sarah,38,No,Travel_Frequently,240,Research & Development,2,4,Life Sciences,1,803,1,75,4,2,Manufacturing Director,1,Single,5980,26085,6,Y,Yes,12,3,4,80,0,17,2,3,15,7,4,12
E0580,Barbara Young,Female,Mary,34,No,Travel_Rarely,121,Research & Development,2,4,Medical,1,804,3,86,2,1,Research Scientist,1,Single,4381,7530,1,Y,No,11,3,3,80,0,6,3,3,6,5,1,3
E0581,Jessica Walker,Female,Sarah,35,No,Travel_Rarely,384,Sales,8,4,Life Sciences,1,805,1,72,3,1,Sales Representative,4,Married,2572,20317,1,Y,No,16,3,2,80,1,3,1,2,3,2,0,2
E0582,David Taylor,Male,Joseph,30,No,Travel_Rarely,921,Research & Development,1,3,Life Sciences,1,806,4,38,1,1,Laboratory Technician,3,Married,3833,24375,3,Y,No,21,4,3,80,2,7,2,3,2,2,0,2
E0583,Sarah Young,Female,Mary,40,No,Travel_Frequently,791,Research & Development,2,2,Medical,1,807,3,38,4,2,Healthcare Representative,2,Married,4244,9931,1,Y,No,24,4,4,80,1,8,2,3,8,7,3,7
E0584,Karen Wright,Female,Barbara,34,No,Travel_Rarely,1111,Sales,8,2,Life Sciences,1,808,3,93,3,2,Sales Executive,1,Married,6500,13305,5,Y,No,17,3,2,80,1,6,1,3,3,2,1,2
E0585,James Johnson,Male,William,42,No,Travel_Frequently,570,Research & Development,8,3,Life Sciences,1,809,2,66,3,5,Manager,4,Divorced,18430,16225,1,Y,No,13,3,2,80,1,24,4,2,24,7,14,9
E0586,Thomas White,Male,David,23,Yes,Travel_Rarely,1243,Research & Development,6,3,Life Sciences,1,811,3,63,4,1,Laboratory Technician,1,Married,1601,3445,1,Y,Yes,21,4,3,80,2,1,2,3,0,0,0,0
E0587,Robert White,Male,Charles,24,No,Non-Travel,1092,Research & Development,9,3,Life Sciences,1,812,3,60,2,1,Laboratory Technician,2,Divorced,2694,26551,1,Y,No,11,3,3,80,3,1,4,3,1,0,0,0
E0588,Mary Wright,Female,Elizabeth,52,No,Travel_Rarely,1325,Research & Development,11,4,Life Sciences,1,813,4,82,3,2,Laboratory Technician,3,Married,3149,21821,8,Y,No,20,4,2,80,1,9,3,3,5,2,1,4
E0589,Michael Brown,Male,David,50,No,Travel_Rarely,691,Research & Development,2,3,Medical,1,815,3,64,3,4,Research Director,3,Married,17639,6881,5,Y,No,16,3,4,80,0,30,3,3,4,3,0,3
E0590,Barbara Allen,Female,Elizabeth,29,Yes,Travel_Rarely,805,Research & Development,1,2,Life Sciences,1,816,2,36,2,1,Laboratory Technician,1,Married,2319,6689,1,Y,Yes,11,3,4,80,1,1,1,3,1,0,0,0
E0591,Michael Jackson,Male,William,33,No,Travel_Rarely,213,Research & Development,7,3,Medical,1,817,3,49,3,3,Research Director,3,Married,11691,25995,0,Y,No,11,3,4,80,0,14,3,4,13,9,3,7
E0592,Sarah Clark,Female,Linda,33,Yes,Travel_Rarely,118,Sales,16,3,Marketing,1,819,1,69,3,2,Sales Executive,1,Single,5324,26507,5,Y,No,15,3,3,80,0,6,3,3,3,2,0,2
E0593,Jennifer Walker,Female,Jennifer,47,No,Travel_Rarely,202,Research & Development,2,2,Other,1,820,3,33,3,4,Manager,4,Married,16752,12982,1,Y,Yes,11,3,3,80,1,26,3,2,26,14,3,0
E0594,Jennifer Young,Female,Jennifer,36,No,Travel_Rarely,676,Research & Development,1,3,Other,1,823,3,35,3,2,Manufacturing Director,2,Married,5228,23361,0,Y,No,15,3,1,80,1,10,2,3,9,7,0,5
E0595,Charles White,Male,Michael,29,No,Travel_Rarely,1252,Research & Development,23,2,Life Sciences,1,824,3,81,4,1,Research Scientist,3,Married,2700,23779,1,Y,No,24,4,3,80,1,10,3,3,10,7,0,7
E0596,Joseph Harris,Male,Thomas,58,Yes,Travel_Rarely,286,Research & Development,2,4,Life Sciences,1,825,4,31,3,5,Research Director,2,Single,19246,25761,7,Y,Yes,12,3,4,80,0,40,2,3,31,15,13,8
E0597,Linda Walker,Female,Patricia,35,No,Travel_Rarely,1258,Research & Development,1,4,Life Sciences,1,826,4,40,4,1,Research Scientist,3,Single,2506,13301,3,Y,No,13,3,3,80,0,7,0,3,2,2,2,2
E0598,Elizabeth Young,Female,Sarah,42,No,Travel_Rarely,932,Research & Development,1,2,Life Sciences,1,827,4,43,2,2,Manufacturing Director,4,Married,6062,4051,9,Y,Yes,13,3,4,80,1,8,4,3,4,3,0,2
E0599,Richard Harris,Male,James,28,Yes,Travel_Rarely,890,Research & Development,2,4,Medical,1,828,3,46,3,1,Research Scientist,3,Single,4382,16374,6,Y,No,17,3,4,80,0,5,3,2,2,2,2,1
E0600,Joseph Johnson,Male,James,36,No,Travel_Rarely,1041,Human Resources,13,3,Human Resources,1,829,3,36,3,1,Human Resources,2,Married,2143,25527,4,Y,No,13,3,2,80,1,8,2,3,5,2,0,4
E0601,Karen Robinson,Female,Elizabeth,32,No,Travel_Rarely,859,Research & Development,4,3,Life Sciences,1,830,3,98,2,2,Manufacturing Director,3,Married,6162,19124,1,Y,No,12,3,3,80,1,14,3,3,14,13,6,8
E0602,David Johnson,Male,David,40,No,Travel_Frequently,720,Research & Development,16,4,Medical,1,832,1,51,2,2,Laboratory Technician,3,Single,5094,11983,6,Y,No,14,3,4,80,0,10,6,3,1,0,0,0
E0603,Susan Lewis,Female,Barbara,30,No,Travel_Rarely,946,Research & Development,2,3,Medical,1,833,3,52,2,2,Manufacturing Director,4,Single,6877,20234,5,Y,Yes,24,4,2,80,0,12,4,2,0,0,0,0
E0604,Jennifer Clark,Female,Jennifer,45,No,Travel_Rarely,252,Research & Development,2,3,Life Sciences,1,834,2,95,2,1,Research Scientist,3,Single,2274,6153,1,Y,No,14,3,4,80,0,1,3,3,1,0,0,0
E0605,Joseph Thomas,Male,Richard,42,No,Travel_Rarely,933,Research & Development,29,3,Life Sciences,1,836,2,98,3,2,Manufacturing Director,2,Married,4434,11806,1,Y,No,13,3,4,80,1,10,3,2,9,8,7,8
E0606,James Smith,Male,Thomas,38,No,Travel_Frequently,471,Research & Development,12,3,Life Sciences,1,837,1,45,2,2,Healthcare Representative,1,Divorced,6288,4284,2,Y,No,15,3,3,80,1,13,3,2,4,3,1,2
E0607,Susan Young,Female,Karen,34,No,Travel_Frequently,702,Research & Development,16,4,Life Sciences,1,838,3,100,2,1,Research Scientist,4,Single,2553,8306,1,Y,No,16,3,3,80,0,6,3,3,5,2,1,3
E0608,Elizabeth Walker,Female,Jessica,49,Yes,Travel_Rarely,1184,Sales,11,3,Marketing,1,840,3,43,3,3,Sales Executive,4,Married,7654,5860,1,Y,No,18,3,1,80,2,9,3,4,9,8,7,7
E0609,Michael Thomas,Male,David,55,Yes,Travel_Rarely,436,Sales,2,1,Medical,1,842,3,37,3,2,Sales Executive,4,Single,5160,21519,4,Y,No,16,3,3,80,0,12,3,2,9,7,7,3
E0610,David Brown,Male,Joseph,43,No,Travel_Rarely,589,Research & Development,14,2,Life Sciences,1,843,2,94,3,4,Research Director,1,Married,17159,5200,6,Y,No,24,4,3,80,1,22,3,3,4,1,1,0
E0611,Thomas Jackson,Male,William,27,No,Travel_Rarely,269,Research & Development,5,1,Technical Degree,1,844,3,42,2,3,Research Director,4,Divorced,12808,8842,1,Y,Yes,16,3,2,80,1,9,3,3,9,8,0,8
E0612,James Jackson,Male,Joseph,35,No,Travel_Rarely,950,Research & Development,7,3,Other,1,845,3,59,3,3,Manufacturing Director,3,Single,10221,18869,3,Y,No,21,4,2,80,0,17,3,4,8,5,1,6
E0613,Elizabeth Walker,Female,Karen,28,No,Travel_Rarely,760,Sales,2,4,Marketing,1,846,2,81,3,2,Sales Executive,2,Married,4779,3698,1,Y,Yes,20,4,1,80,0,8,2,3,8,7,7,5
E0614,John Taylor,Male,Michael,34,No,Travel_Rarely,829,Human Resources,3,2,Human Resources,1,847,3,88,3,1,Human Resources,4,Married,3737,2243,0,Y,No,19,3,3,80,1,4,1,1,3,2,0,2
E0615,Barbara Wright,Female,Karen,26,Yes,Travel_Frequently,887,Research & Development,5,2,Medical,1,848,3,88,2,1,Research Scientist,3,Married,2366,20898,1,Y,Yes,14,3,1,80,1,8,2,3,8,7,1,7
E0616,Richard Anderson,Male,Joseph,27,No,Non-Travel,443,Research & Development,3,3,Medical,1,850,4,50,3,1,Research Scientist,4,Married,1706,16571,1,Y,No,11,3,3,80,3,0,6,2,0,0,0,0
E0617,Sarah Lewis,Female,Karen,51,No,Travel_Rarely,1318,Sales,26,4,Marketing,1,851,1,66,3,4,Manager,3,Married,16307,5594,2,Y,No,14,3,3,80,1,29,2,2,20,6,4,17
E0618,James Taylor,Male,John,44,No,Travel_Rarely,625,Research & Development,4,3,Medical,1,852,4,50,3,2,Healthcare Representative,2,Single,5933,5197,9,Y,No,12,3,4,80,0,10,2,2,5,2,2,3
E0619,Thomas Taylor,Male,William,25,No,Travel_Rarely,180,Research & Development,2,1,Medical,1,854,1,65,4,1,Research Scientist,1,Single,3424,21632,7,Y,No,13,3,3,80,0,6,3,2,4,3,0,1
E0620,John Martin,Male,Thomas,33,No,Travel_Rarely,586,Sales,1,3,Medical,1,855,1,48,4,2,Sales Executive,1,Divorced,4037,21816,1,Y,No,22,4,1,80,1,9,5,3,9,8,0,8
E0621,Elizabeth Lewis,Female,Linda,35,No,Travel_Rarely,1343,Research & Development,27,1,Medical,1,856,3,53,2,1,Research Scientist,1,Single,2559,17852,1,Y,No,11,3,4,80,0,6,3,2,6,5,1,1
E0622,Thomas Taylor,Male,David,36,No,Travel_Rarely,928,Sales,1,2,Life Sciences,1,857,2,56,3,2,Sales Executive,4,Married,6201,2823,1,Y,Yes,14,3,4,80,1,18,1,2,18,14,4,11
E0623,David Johnson,Male,James,32,No,Travel_Rarely,117,Sales,13,4,Life Sciences,1,859,2,73,3,2,Sales Executive,4,Divorced,4403,9250,2,Y,No,11,3,3,80,1,8,3,2,5,2,0,3
E0624,David Brown,Male,Thomas,30,No,Travel_Frequently,1012,Research & Development,5,4,Life Sciences,1,861,2,75,2,1,Research Scientist,4,Divorced,3761,2373,9,Y,No,12,3,2,80,1,10,3,2,5,4,0,3
E0625,Sarah Clark,Female,Mary,53,No,Travel_Rarely,661,Sales,7,2,Marketing,1,862,1,78,2,3,Sales Executive,4,Married,10934,20715,7,Y,Yes,18,3,4,80,1,35,3,3,5,2,0,4
E0626,Thomas Anderson,Male,William,45,No,Travel_Rarely,930,Sales,9,3,Marketing,1,864,4,74,3,3,Sales Executive,1,Divorced,10761,19239,4,Y,Yes,12,3,3,80,1,18,2,3,5,4,0,2
E0627,Jessica Clark,Female,Linda,32,No,Travel_Rarely,638,Research & Development,8,2,Medical,1,865,3,91,4,2,Research Scientist,3,Married,5175,22162,5,Y,No,12,3,3,80,1,9,3,2,5,3,1,3
E0628,Barbara Lewis,Female,Jennifer,52,No,Travel_Frequently,890,Research & Development,25,4,Medical,1,867,3,81,2,4,Manufacturing Director,4,Married,13826,19028,3,Y,No,22,4,3,80,0,31,3,3,9,8,0,0
E0629,Charles Anderson,Male,David,37,No,Travel_Rarely,342,Sales,16,4,Marketing,1,868,4,66,2,2,Sales Executive,3,Divorced,6334,24558,4,Y,No,19,3,4,80,2,9,2,3,1,0,0,0
E0630,Joseph Martin,Male,John,28,No,Travel_Rarely,1169,Human Resources,8,2,Medical,1,869,2,63,2,1,Human Resources,4,Divorced,4936,23965,1,Y,No,13,3,4,80,1,6,6,3,5,1,0,4
E0631,James Anderson,Male,Robert,22,No,Travel_Rarely,1230,Research & Development,1,2,Life Sciences,1,872,4,33,2,2,Manufacturing Director,4,Married,4775,19146,6,Y,No,22,4,1,80,2,4,2,1,2,2,2,2
E0632,Robert Taylor,Male,William,44,No,Travel_Rarely,986,Research & Development,8,4,Life Sciences,1,874,1,62,4,1,Laboratory Technician,4,Married,2818,5044,2,Y,Yes,24,4,3,80,1,10,2,2,3,2,0,2
E0633,John Harris,Male,Thomas,42,No,Travel_Frequently,1271,Research & Development,2,1,Medical,1,875,2,35,3,1,Research Scientist,4,Single,2515,9068,5,Y,Yes,14,3,4,80,0,8,2,3,2,1,2,2
E0634,Robert Johnson,Male,John,36,No,Travel_Rarely,1278,Human Resources,8,3,Life Sciences,1,878,1,77,2,1,Human Resources,1,Married,2342,8635,0,Y,No,21,4,3,80,0,6,3,3,5,4,0,3
E0635,Charles Harris,Male,Charles,25,No,Travel_Rarely,141,Sales,3,1,Other,1,879,3,98,3,2,Sales Executive,1,Married,4194,14363,1,Y,Yes,18,3,4,80,0,5,3,3,5,3,0,3
E0636,Susan Hall,Female,Jessica,35,No,Travel_Rarely,607,Research & Development,9,3,Life Sciences,1,880,4,66,2,3,Manufacturing Director,3,Married,10685,23457,1,Y,Yes,20,4,2,80,1,17,2,3,17,14,5,15
E0637,Mary Walker,Female,Patricia,35,Yes,Travel_Frequently,130,Research & Development,25,4,Life Sciences,1,881,4,96,3,1,Research Scientist,2,Divorced,2022,16612,1,Y,Yes,19,3,1,80,1,10,3,2,10,2,7,8
E0638,Robert Smith,Male,William,32,No,Non-Travel,300,Research & Development,1,3,Life Sciences,1,882,4,61,3,1,Laboratory Technician,4,Divorced,2314,9148,0,Y,No,12,3,2,80,1,4,2,3,3,0,0,2
E0639,Michael Johnson,Male,Richard,25,No,Travel_Rarely,583,Sales,4,1,Marketing,1,885,3,87,2,2,Sales Executive,1,Married,4256,18154,1,Y,No,12,3,1,80,0,5,1,4,5,2,0,3
E0640,Patricia Lewis,Female,Jessica,49,No,Travel_Rarely,1418,Research & Development,1,3,Technical Degree,1,887,3,36,3,1,Research Scientist,1,Married,3580,10554,2,Y,No,16,3,2,80,1,7,2,3,4,2,0,2
E0641,Joseph White,Male,James,24,No,Non-Travel,1269,Research & Development,4,1,Life Sciences,1,888,1,46,2,1,Laboratory Technician,4,Married,3162,10778,0,Y,No,17,3,4,80,0,6,2,2,5,2,3,4
E0642,Richard Thomas,Male,David,32,No,Travel_Frequently,379,Sales,5,2,Life Sciences,1,889,2,48,3,2,Sales Executive,2,Married,6524,8891,1,Y,No,14,3,4,80,1,10,3,3,10,8,5,3
E0643,Thomas Taylor,Male,James,38,No,Travel_Rarely,395,Sales,9,3,Marketing,1,893,2,98,2,1,Sales Representative,2,Married,2899,12102,0,Y,No,19,3,4,80,1,3,3,3,2,2,1,2
E0644,Mary Young,Female,Patricia,42,No,Travel_Rarely,1265,Research & Development,3,3,Life Sciences,1,894,3,95,4,2,Laboratory Technician,4,Married,5231,23726,2,Y,Yes,13,3,2,80,1,17,1,2,5,3,1,3
E0645,Richard Jackson,Male,James,31,No,Travel_Rarely,1222,Research & Development,11,4,Life Sciences,1,895,4,48,3,1,Research Scientist,4,Married,2356,14871,3,Y,Yes,19,3,2,80,1,8,2,3,6,4,0,2
E0646,Jennifer Robinson,Female,Elizabeth,29,Yes,Travel_Rarely,341,Sales,1,3,Medical,1,896,2,48,2,1,Sales Representative,3,Divorced,2800,23522,6,Y,Yes,19,3,3,80,3,5,3,3,3,2,0,2
E0647,Charles Harris,Male,Charles,53,No,Travel_Rarely,868,Sales,8,3,Marketing,1,897,1,73,3,4,Sales Executive,4,Married,11836,22789,5,Y,No,14,3,3,80,1,28,3,3,2,0,2,2
E0648,David Anderson,Male,Thomas,35,No,Travel_Rarely,672,Research & Development,25,3,Technical Degree,1,899,4,78,2,3,Manufacturing Director,2,Married,10903,9129,3,Y,No,16,3,1,80,0,16,2,3,13,10,4,8
E0649,Jennifer King,Female,Barbara,37,No,Travel_Frequently,1231,Sales,21,2,Medical,1,900,3,54,3,1,Sales Representative,4,Married,2973,21222,5,Y,No,15,3,2,80,1,10,3,3,5,4,0,0
E0650,Elizabeth Walker,Female,Mary,53,No,Travel_Rarely,102,Research & Development,23,4,Life Sciences,1,901,4,72,3,4,Research Director,4,Single,14275,20206,6,Y,No,18,3,3,80,0,33,0,3,12,9,3,8
E0651,Linda Robinson,Female,Mary,43,No,Travel_Frequently,422,Research & Development,1,3,Life Sciences,1,902,4,33,3,2,Healthcare Representative,4,Married,5562,21782,4,Y,No,13,3,2,80,1,12,2,2,5,2,2,2
E0652,Mary Allen,Female,Patricia,47,No,Travel_Rarely,249,Sales,2,2,Marketing,1,903,3,35,3,2,Sales Executive,4,Married,4537,17783,0,Y,Yes,22,4,1,80,1,8,2,3,7,6,7,7
E0653,Thomas Brown,Male,Thomas,37,No,Non-Travel,1252,Sales,19,2,Medical,1,904,1,32,3,3,Sales Executive,2,Single,7642,4814,1,Y,Yes,13,3,4,80,0,10,2,3,10,0,0,9
E0654,John Brown,Male,Robert,50,No,Non-Travel,881,Research & Development,2,4,Life Sciences,1,905,1,98,3,4,Manager,1,Divorced,17924,4544,1,Y,No,11,3,4,80,1,31,3,3,31,6,14,7
E0655,Mary Hall,Female,Mary,39,No,Travel_Rarely,1383,Human Resources,2,3,Life Sciences,1,909,4,42,2,2,Human Resources,4,Married,5204,7790,8,Y,No,11,3,3,80,2,13,2,3,5,4,0,4
E0656,Richard Johnson,Male,William,33,No,Travel_Rarely,1075,Human Resources,3,2,Human Resources,1,910,4,57,3,1,Human Resources,2,Divorced,2277,22650,3,Y,Yes,11,3,3,80,1,7,4,4,4,3,0,3
E0657,Joseph Thomas,Male,Richard,32,Yes,Travel_Rarely,374,Research & Development,25,4,Life Sciences,1,911,1,87,3,1,Laboratory Technician,4,Single,2795,18016,1,Y,Yes,24,4,3,80,0,1,2,1,1,0,0,1
E0658,Linda Walker,Female,Barbara,29,No,Travel_Rarely,1086,Research & Development,7,1,Medical,1,912,1,62,2,1,Laboratory Technician,4,Divorced,2532,6054,6,Y,No,14,3,3,80,3,8,5,3,4,3,0,3
E0659,Joseph Brown,Male,James,44,No,Travel_Rarely,661,Research & Development,9,2,Life Sciences,1,913,2,61,3,1,Research Scientist,1,Married,2559,7508,1,Y,Yes,13,3,4,80,0,8,0,3,8,7,7,1
E0660,Robert Taylor,Male,William,28,No,Travel_Rarely,821,Sales,5,4,Medical,1,916,1,98,3,2,Sales Executive,4,Single,4908,24252,1,Y,No,14,3,2,80,0,4,3,3,4,2,0,2
E0661,James Harris,Male,William,58,Yes,Travel_Frequently,781,Research & Development,2,1,Life Sciences,1,918,4,57,2,1,Laboratory Technician,4,Divorced,2380,13384,9,Y,Yes,14,3,4,80,1,3,3,2,1,0,0,0
E0662,Jessica Young,Female,Barbara,43,No,Travel_Rarely,177,Research & Development,8,3,Life Sciences,1,920,1,55,3,2,Manufacturing Director,2,Divorced,4765,23814,4,Y,No,21,4,3,80,1,4,2,4,1,0,0,0
E0663,Karen Hall,Female,Jennifer,20,Yes,Travel_Rarely,500,Sales,2,3,Medical,1,922,3,49,2,1,Sales Representative,3,Single,2044,22052,1,Y,No,13,3,4,80,0,2,3,2,2,2,0,2
E0664,Susan Hall,Female,Elizabeth,21,Yes,Travel_Rarely,1427,Research & Development,18,1,Other,1,923,4,65,3,1,Research Scientist,4,Single,2693,8870,1,Y,No,19,3,1,80,0,1,3,2,1,0,0,0
E0665,Thomas Brown,Male,Richard,36,No,Travel_Rarely,1425,Research & Development,14,1,Life Sciences,1,924,3,68,3,2,Healthcare Representative,4,Married,6586,4821,0,Y,Yes,17,3,1,80,1,17,2,2,16,8,4,11
E0666,Jennifer Lewis,Female,Elizabeth,47,No,Travel_Rarely,1454,Sales,2,4,Life Sciences,1,925,4,65,2,1,Sales Representative,4,Single,3294,13137,1,Y,Yes,18,3,1,80,0,3,3,2,3,2,1,2
E0667,Karen Lewis,Female,Elizabeth,22,Yes,Travel_Rarely,617,Research & Development,3,1,Life Sciences,1,926,2,34,3,2,Manufacturing Director,3,Married,4171,10022,0,Y,Yes,19,3,1,80,1,4,3,4,3,2,0,2
E0668,Sarah Robinson,Female,Elizabeth,41,Yes,Travel_Rarely,1085,Research & Development,2,4,Life Sciences,1,927,2,57,1,1,Laboratory Technician,4,Divorced,2778,17725,4,Y,Yes,13,3,3,80,1,10,1,2,7,7,1,0
E0669,Susan King,Female,Karen,28,No,Travel_Rarely,995,Research & Development,9,3,Medical,1,930,3,77,3,1,Research Scientist,3,Divorced,2377,9834,5,Y,No,18,3,2,80,1,6,2,3,2,2,2,2
E0670,Richard Harris,Male,Charles,39,Yes,Travel_Rarely,1122,Research & Development,6,3,Medical,1,932,4,70,3,1,Laboratory Technician,1,Married,2404,4303,7,Y,Yes,21,4,4,80,0,8,2,1,2,2,2,2
E0671,Jennifer Robinson,Female,Jennifer,27,No,Travel_Rarely,618,Research & Development,4,3,Life Sciences,1,933,2,76,3,1,Research Scientist,3,Single,2318,17808,1,Y,No,19,3,3,80,0,1,2,3,1,1,0,0
E0672,Joseph Thomas,Male,James,34,No,Travel_Rarely,546,Research & Development,10,3,Life Sciences,1,934,2,83,3,1,Laboratory Technician,2,Divorced,2008,6896,1,Y,No,14,3,2,80,2,1,3,3,1,0,1,0
E0673,Elizabeth Robinson,Female,Elizabeth,42,No,Travel_Rarely,462,Sales,14,2,Medical,1,936,3,68,2,2,Sales Executive,3,Single,6244,7824,7,Y,No,17,3,1,80,0,10,6,3,5,4,0,3
E0674,Joseph Smith,Male,Thomas,33,No,Travel_Rarely,1198,Research & Development,1,4,Other,1,939,3,100,2,1,Research Scientist,1,Single,2799,3339,3,Y,Yes,11,3,2,80,0,6,1,3,3,2,0,2
E0675,Sarah Davis,Female,Mary,58,No,Travel_Rarely,1272,Research & Development,5,3,Technical Degree,1,940,3,37,2,3,Healthcare Representative,2,Divorced,10552,9255,2,Y,Yes,13,3,4,80,1,24,3,3,6,0,0,4
E0676,Joseph Taylor,Male,Robert,31,No,Travel_Rarely,154,Sales,7,4,Life Sciences,1,941,2,41,2,1,Sales Representative,3,Married,2329,11737,3,Y,No,15,3,2,80,0,13,2,4,7,7,5,2
E0677,Sarah Walker,Female,Linda,35,No,Travel_Rarely,1137,Research & Development,21,1,Life Sciences,1,942,4,51,3,2,Healthcare Representative,4,Married,4014,19170,1,Y,Yes,25,4,4,80,1,10,2,1,10,6,0,7
E0678,Jennifer King,Female,Mary,49,No,Travel_Rarely,527,Research & Development,8,2,Other,1,944,1,51,3,3,Laboratory Technician,2,Married,7403,22477,4,Y,No,11,3,3,80,1,29,3,2,26,9,1,7
E0679,Thomas Taylor,Male,James,48,No,Travel_Rarely,1469,Research & Development,20,4,Medical,1,945,4,51,3,1,Research Scientist,3,Married,2259,5543,4,Y,No,17,3,1,80,2,13,2,2,0,0,0,0
E0680,Linda Young,Female,Jessica,31,No,Non-Travel,1188,Sales,20,2,Marketing,1,947,4,45,3,2,Sales Executive,3,Married,6932,24406,1,Y,No,13,3,4,80,1,9,2,2,9,8,0,0
E0681,John Harris,Male,John,36,No,Travel_Rarely,188,Research & Development,7,4,Other,1,949,2,65,3,1,Research Scientist,4,Single,4678,23293,2,Y,No,18,3,3,80,0,8,6,3,6,2,0,1
E0682,Barbara King,Female,Jessica,38,No,Travel_Rarely,1333,Research & Development,1,3,Technical Degree,1,950,4,80,3,3,Research Director,1,Married,13582,16292,1,Y,No,13,3,2,80,1,15,3,3,15,12,5,11
E0683,Jessica Allen,Female,Susan,32,No,Non-Travel,1184,Research & Development,1,3,Life Sciences,1,951,3,70,2,1,Laboratory Technician,2,Married,2332,3974,6,Y,No,20,4,3,80,0,5,3,3,3,0,0,2
E0684,James Brown,Male,Charles,25,Yes,Travel_Rarely,867,Sales,19,2,Marketing,1,952,3,36,2,1,Sales Representative,2,Married,2413,18798,1,Y,Yes,18,3,3,80,3,1,2,3,1,0,0,0
E0685,John Anderson,Male,Charles,40,No,Travel_Rarely,658,Sales,10,4,Marketing,1,954,1,67,2,3,Sales Executive,2,Divorced,9705,20652,2,Y,No,12,3,2,80,1,11,2,2,1,0,0,0
E0686,William Anderson,Male,John,26,No,Travel_Frequently,1283,Sales,1,3,Medical,1,956,3,52,2,2,Sales Executive,1,Single,4294,11148,1,Y,No,12,3,2,80,0,7,2,3,7,7,0,7
E0687,Michael Anderson,Male,David,41,No,Travel_Rarely,263,Research & Development,6,3,Medical,1,957,4,59,3,1,Laboratory Technician,1,Single,4721,3119,2,Y,Yes,13,3,3,80,0,20,3,3,18,13,2,17
E0688,Robert Smith,Male,David,36,No,Travel_Rarely,938,Research & Development,2,4,Medical,1,958,3,79,3,1,Laboratory Technician,3,Single,2519,12287,4,Y,No,21,4,3,80,0,16,6,3,11,8,3,9
E0689,William Harris,Male,Robert,19,Yes,Travel_Rarely,419,Sales,21,3,Other,1,959,4,37,2,1,Sales Representative,2,Single,2121,9947,1,Y,Yes,13,3,2,80,0,1,3,4,1,0,0,0
E0690,Thomas Taylor,Male,John,20,Yes,Travel_Rarely,129,Research & Development,4,3,Technical Degree,1,960,1,84,3,1,Laboratory Technician,1,Single,2973,13008,1,Y,No,19,3,2,80,0,1,2,3,1,0,0,0
E0691,Jennifer Davis,Female,Mary,31,No,Travel_Rarely,616,Research & Development,12,3,Medical,1,961,4,41,3,2,Healthcare Representative,4,Married,5855,17369,0,Y,Yes,11,3,3,80,2,10,2,1,9,7,8,5
E0692,John White,Male,David,40,No,Travel_Frequently,1469,Research & Development,9,4,Medical,1,964,4,35,3,1,Research Scientist,2,Divorced,3617,25063,8,Y,Yes,14,3,4,80,1,3,2,3,1,1,0,0
E0693,Mary Young,Female,Elizabeth,32,No,Travel_Rarely,498,Research & Development,3,4,Medical,1,966,3,93,3,2,Manufacturing Director,1,Married,6725,13554,1,Y,No,12,3,3,80,1,8,2,4,8,7,6,3
E0694,Richard White,Male,Thomas,36,Yes,Travel_Rarely,530,Sales,3,1,Life Sciences,1,967,3,51,2,3,Sales Executive,4,Married,10325,5518,1,Y,Yes,11,3,1,80,1,16,6,3,16,7,3,7
E0695,Barbara King,Female,Mary,33,No,Travel_Rarely,1069,Research & Development,1,3,Life Sciences,1,969,2,42,2,2,Healthcare Representative,4,Single,6949,12291,0,Y,No,14,3,1,80,0,6,3,3,5,0,1,4
E0696,Robert Martin,Male,Richard,37,Yes,Travel_Rarely,625,Sales,1,4,Life Sciences,1,970,1,46,2,3,Sales Executive,3,Married,10609,14922,5,Y,No,11,3,3,80,0,17,2,1,14,1,11,7
E0697,Michael Thomas,Male,William,45,No,Non-Travel,805,Research & Development,4,2,Life Sciences,1,972,3,57,3,2,Laboratory Technician,2,Married,4447,23163,1,Y,No,12,3,2,80,0,9,5,2,9,7,0,8
E0698,Jessica Walker,Female,Elizabeth,29,No,Travel_Frequently,1404,Sales,20,3,Technical Degree,1,974,3,84,3,1,Sales Representative,4,Married,2157,18203,1,Y,No,15,3,2,80,1,3,5,3,3,1,0,2
E0699,Jennifer Hall,Female,Patricia,35,No,Travel_Rarely,1219,Sales,18,3,Medical,1,975,3,86,3,2,Sales Executive,3,Married,4601,6179,1,Y,No,16,3,2,80,0,5,3,3,5,2,1,0
E0700,Michael Harris,Male,Robert,52,No,Travel_Rarely,1053,Research & Development,1,2,Life Sciences,1,976,4,70,3,4,Manager,4,Married,17099,13829,2,Y,No,15,3,2,80,1,26,2,2,9,8,7,8
E0701,Robert Taylor,Male,Richard,58,Yes,Travel_Rarely,289,Research & Development,2,3,Technical Degree,1,977,4,51,3,1,Research Scientist,3,Single,2479,26227,4,Y,No,24,4,1,80,0,7,4,3,1,0,0,0
E0702,Richard Jackson,Male,David,53,No,Travel_Rarely,1376,Sales,2,2,Medical,1,981,3,45,3,4,Manager,3,Divorced,14852,13938,6,Y,No,13,3,3,80,1,22,3,4,17,13,15,2
E0703,Michael Thomas,Male,John,30,No,Travel_Rarely,231,Sales,8,2,Other,1,982,3,62,3,3,Sales Executive,3,Divorced,7264,9977,5,Y,No,11,3,1,80,1,10,2,4,8,4,7,7
E0704,Jennifer Hall,Female,Barbara,38,No,Non-Travel,152,Sales,10,3,Technical Degree,1,983,3,85,3,2,Sales Executive,4,Single,5666,19899,1,Y,Yes,13,3,2,80,0,6,1,3,5,3,1,3
E0705,John White,Male,John,35,No,Travel_Rarely,882,Sales,3,4,Life Sciences,1,984,4,92,3,3,Sales Executive,4,Divorced,7823,6812,6,Y,No,13,3,2,80,1,12,2,3,10,9,0,8
E0706,John Jackson,Male,John,39,No,Travel_Rarely,903,Sales,2,5,Life Sciences,1,985,1,41,4,3,Sales Executive,3,Single,7880,2560,0,Y,No,18,3,4,80,0,9,3,3,8,7,0,7
E0707,Sarah Davis,Female,Patricia,40,Yes,Non-Travel,1479,Sales,24,3,Life Sciences,1,986,2,100,4,4,Sales Executive,2,Single,13194,17071,4,Y,Yes,16,3,4,80,0,22,2,2,1,0,0,0
E0708,Joseph Jackson,Male,Robert,47,No,Travel_Frequently,1379,Research & Development,16,4,Medical,1,987,3,64,4,2,Manufacturing Director,3,Divorced,5067,6759,1,Y,Yes,19,3,3,80,0,20,3,4,19,10,2,7
E0709,David Thomas,Male,John,36,No,Non-Travel,1229,Sales,8,4,Technical Degree,1,990,1,84,3,2,Sales Executive,4,Divorced,5079,25952,4,Y,No,13,3,4,80,2,12,3,3,7,7,0,7
E0710,David Harris,Male,Michael,31,Yes,Non-Travel,335,Research & Development,9,2,Medical,1,991,3,46,2,1,Research Scientist,1,Single,2321,10322,0,Y,Yes,22,4,1,80,0,4,0,3,3,2,1,2
E0711,John Smith,Male,Thomas,33,No,Non-Travel,722,Sales,17,3,Life Sciences,1,992,4,38,3,4,Manager,3,Single,17444,20489,1,Y,No,11,3,4,80,0,10,2,3,10,8,6,0
E0712,Barbara Wright,Female,Barbara,29,Yes,Travel_Rarely,906,Research & Development,10,3,Life Sciences,1,994,4,92,2,1,Research Scientist,1,Single,2404,11479,6,Y,Yes,20,4,3,80,0,3,5,3,0,0,0,0
E0713,Jessica Lewis,Female,Mary,33,No,Travel_Rarely,461,Research & Development,13,1,Life Sciences,1,995,2,53,3,1,Research Scientist,4,Single,3452,17241,3,Y,No,18,3,1,80,0,5,4,3,3,2,0,2
E0714,Karen Davis,Female,Jessica,45,No,Travel_Rarely,974,Research & Development,1,4,Medical,1,996,4,91,3,1,Laboratory Technician,4,Divorced,2270,11005,3,Y,No,14,3,4,80,2,8,2,3,5,3,0,2
E0715,Thomas Smith,Male,Richard,50,No,Travel_Rarely,1126,Research & Development,1,2,Medical,1,997,4,66,3,4,Research Director,4,Divorced,17399,6615,9,Y,No,22,4,3,80,1,32,1,2,5,4,1,3
E0716,Jennifer Young,Female,Karen,33,No,Travel_Frequently,827,Research & Development,1,4,Other,1,998,3,84,4,2,Healthcare Representative,2,Married,5488,20161,1,Y,Yes,13,3,1,80,1,6,2,3,6,5,1,2
E0717,Robert Taylor,Male,Robert,41,No,Travel_Frequently,840,Research & Development,9,3,Medical,1,999,1,64,3,5,Research Director,3,Divorced,19419,3735,2,Y,No,17,3,2,80,1,21,2,4,18,16,0,11
E0718,Jessica Davis,Female,Mary,27,No,Travel_Rarely,1134,Research & Development,16,4,Technical Degree,1,1001,3,37,3,1,Laboratory Technician,2,Married,2811,12086,9,Y,No,14,3,2,80,1,4,2,3,2,2,2,2
E0719,David Smith,Male,William,45,No,Non-Travel,248,Research & Development,23,2,Life Sciences,1,1002,4,42,3,2,Laboratory Technician,1,Married,3633,14039,1,Y,Yes,15,3,3,80,1,9,2,3,9,8,0,8
E0720,Mary Young,Female,Linda,47,No,Travel_Rarely,955,Sales,4,2,Life Sciences,1,1003,4,83,3,2,Sales Executive,4,Single,4163,8571,1,Y,Yes,17,3,3,80,0,9,0,3,9,0,0,7
E0721,Linda Davis,Female,Karen,30,Yes,Travel_Rarely,138,Research & Development,22,3,Life Sciences,1,1004,1,48,3,1,Research Scientist,3,Married,2132,11539,4,Y,Yes,11,3,2,80,0,7,2,3,5,2,0,1
E0722,Charles Jackson,Male,Joseph,50,No,Travel_Rarely,939,Research & Development,24,3,Life Sciences,1,1005,4,95,3,4,Manufacturing Director,3,Married,13973,4161,3,Y,Yes,18,3,4,80,1,22,2,3,12,11,1,5
E0723,William Anderson,Male,James,38,No,Travel_Frequently,1391,Research & Development,10,1,Medical,1,1006,3,66,3,1,Research Scientist,3,Married,2684,12127,0,Y,No,17,3,2,80,1,3,0,2,2,1,0,2
E0724,James Martin,Male,Charles,46,No,Travel_Rarely,566,Research & Development,7,2,Medical,1,1007,4,75,3,3,Manufacturing Director,3,Divorced,10845,24208,6,Y,No,13,3,2,80,1,13,3,3,8,7,0,7
E0725,Barbara King,Female,Mary,24,No,Travel_Rarely,1206,Research & Development,17,1,Medical,1,1009,4,41,2,2,Manufacturing Director,3,Divorced,4377,24117,1,Y,No,15,3,2,80,2,5,6,3,4,2,3,2
E0726,Thomas White,Male,Michael,35,Yes,Travel_Rarely,622,Research & Development,14,4,Other,1,1010,3,39,2,1,Laboratory Technician,2,Divorced,3743,10074,1,Y,Yes,24,4,4,80,1,5,2,1,4,2,0,2
E0727,Elizabeth Davis,Female,Jessica,31,No,Travel_Frequently,853,Research & Development,1,1,Life Sciences,1,1011,3,96,3,2,Manufacturing Director,1,Married,4148,11275,1,Y,No,12,3,3,80,1,4,1,3,4,3,0,3
E0728,Thomas Smith,Male,William,18,No,Non-Travel,287,Research & Development,5,2,Life Sciences,1,1012,2,73,3,1,Research Scientist,4,Single,1051,13493,1,Y,No,15,3,4,80,0,0,2,3,0,0,0,0
E0729,Jessica Walker,Female,Patricia,54,No,Travel_Rarely,1441,Research & Development,17,3,Technical Degree,1,1013,3,56,3,3,Manufacturing Director,3,Married,10739,13943,8,Y,No,11,3,3,80,1,22,2,3,10,7,0,8
E0730,Jennifer Allen,Female,Barbara,35,No,Travel_Rarely,583,Research & Development,25,4,Medical,1,1014,3,57,3,3,Healthcare Representative,3,Divorced,10388,6975,1,Y,Yes,11,3,3,80,1,16,3,2,16,10,10,1
E0731,Susan King,Female,Elizabeth,30,No,Travel_Rarely,153,Research & Development,8,2,Life Sciences,1,1015,2,73,4,3,Research Director,1,Married,11416,17802,0,Y,Yes,12,3,3,80,3,9,4,2,8,7,1,7
E0732,Susan Lewis,Female,Patricia,20,Yes,Travel_Rarely,1097,Research & Development,11,3,Medical,1,1016,4,98,2,1,Research Scientist,1,Single,2600,18275,1,Y,Yes,15,3,1,80,0,1,2,3,1,0,0,0
E0733,Mary Young,Female,Jennifer,30,Yes,Travel_Frequently,109,Research & Development,5,3,Medical,1,1017,2,60,3,1,Laboratory Technician,2,Single,2422,25725,0,Y,No,17,3,1,80,0,4,3,3,3,2,1,2
E0734,Robert White,Male,Thomas,26,No,Travel_Rarely,1066,Research & Development,2,2,Medical,1,1018,4,32,4,2,Manufacturing Director,4,Married,5472,3334,1,Y,No,12,3,2,80,0,8,2,3,8,7,1,3
E0735,Joseph Anderson,Male,Richard,22,No,Travel_Rarely,217,Research & Development,8,1,Life Sciences,1,1019,2,94,1,1,Laboratory Technician,1,Married,2451,6881,1,Y,No,15,3,1,80,1,4,3,2,4,3,1,1
E0736,James Martin,Male,Richard,48,No,Travel_Rarely,277,Research & Development,6,3,Life Sciences,1,1022,1,97,2,2,Healthcare Representative,3,Single,4240,13119,2,Y,No,13,3,4,80,0,19,0,3,2,2,2,2
E0737,Richard Martin,Male,David,48,No,Travel_Rarely,1355,Research & Development,4,4,Life Sciences,1,1024,3,78,2,3,Healthcare Representative,3,Single,10999,22245,7,Y,No,14,3,2,80,0,27,3,3,15,11,4,8
E0738,Elizabeth Young,Female,Jessica,41,No,Travel_Rarely,549,Research & Development,7,2,Medical,1,1025,4,42,3,2,Manufacturing Director,3,Single,5003,23371,6,Y,No,14,3,2,80,0,8,6,3,2,2,2,1
E0739,Sarah Allen,Female,Linda,39,No,Travel_Rarely,466,Research & Development,1,1,Life Sciences,1,1026,4,65,2,4,Manufacturing Director,4,Married,12742,7060,1,Y,No,16,3,3,80,1,21,3,3,21,6,11,8
E0740,Susan Davis,Female,Jessica,27,No,Travel_Rarely,1055,Research & Development,2,4,Life Sciences,1,1027,1,47,3,2,Manufacturing Director,4,Married,4227,4658,0,Y,No,18,3,2,80,1,4,2,3,3,2,2,2
E0741,Michael Johnson,Male,Michael,35,No,Travel_Rarely,802,Research & Development,10,3,Other,1,1028,2,45,3,1,Laboratory Technician,4,Divorced,3917,9541,1,Y,No,20,4,1,80,1,3,4,2,3,2,1,2
E0742,John Johnson,Male,Joseph,42,No,Travel_Rarely,265,Sales,5,2,Marketing,1,1029,4,90,3,5,Manager,3,Married,18303,7770,6,Y,No,13,3,2,80,0,21,3,4,1,0,0,0
E0743,Michael Smith,Male,Thomas,50,No,Travel_Rarely,804,Research & Development,9,3,Life Sciences,1,1030,1,64,3,1,Laboratory Technician,4,Married,2380,20165,4,Y,No,18,3,2,80,0,8,5,3,1,0,0,0
E0744,Linda Clark,Female,Jennifer,59,No,Travel_Rarely,715,Research & Development,2,3,Life Sciences,1,1032,3,69,2,4,Manufacturing Director,4,Single,13726,21829,3,Y,Yes,13,3,1,80,0,30,4,3,5,3,4,3
E0745,Elizabeth Lewis,Female,Jennifer,37,Yes,Travel_Rarely,1141,Research & Development,11,2,Medical,1,1033,1,61,1,2,Healthcare Representative,2,Married,4777,14382,5,Y,No,15,3,1,80,0,15,2,1,1,0,0,0
E0746,Joseph Taylor,Male,John,55,No,Travel_Frequently,135,Research & Development,18,4,Medical,1,1034,3,62,3,2,Healthcare Representative,2,Married,6385,12992,3,Y,Yes,14,3,4,80,2,17,3,3,8,7,6,7
E0747,Mary Davis,Female,Karen,41,No,Non-Travel,247,Research & Development,7,1,Life Sciences,1,1035,2,55,1,5,Research Director,3,Divorced,19973,20284,1,Y,No,22,4,2,80,2,21,3,3,21,16,5,10
E0748,Charles Brown,Male,Robert,38,No,Travel_Rarely,1035,Sales,3,4,Life Sciences,1,1036,2,42,3,2,Sales Executive,4,Single,6861,4981,8,Y,Yes,12,3,3,80,0,19,1,3,1,0,0,0
E0749,Thomas Jackson,Male,Robert,26,Yes,Non-Travel,265,Sales,29,2,Medical,1,1037,2,79,1,2,Sales Executive,1,Single,4969,21813,8,Y,No,18,3,4,80,0,7,6,3,2,2,2,2
E0750,Patricia King,Female,Elizabeth,52,Yes,Travel_Rarely,266,Sales,2,1,Marketing,1,1038,1,57,1,5,Manager,4,Married,19845,25846,1,Y,No,15,3,4,80,1,33,3,3,32,14,6,9
E0751,Karen Clark,Female,Elizabeth,44,No,Travel_Rarely,1448,Sales,28,3,Medical,1,1039,4,53,4,4,Sales Executive,4,Married,13320,11737,3,Y,Yes,18,3,3,80,1,23,2,3,12,11,11,11
E0752,Jennifer Wright,Female,Patricia,50,No,Non-Travel,145,Sales,1,3,Life Sciences,1,1040,4,95,3,2,Sales Executive,3,Married,6347,24920,0,Y,No,12,3,1,80,1,19,3,3,18,7,0,13
E0753,Patricia Lewis,Female,Karen,36,Yes,Travel_Rarely,885,Research & Development,16,4,Life Sciences,1,1042,3,43,4,1,Laboratory Technician,1,Single,2743,8269,1,Y,No,16,3,3,80,0,18,1,3,17,13,15,14
E0754,Barbara King,Female,Barbara,39,No,Travel_Frequently,945,Research & Development,22,3,Medical,1,1043,4,82,3,3,Manufacturing Director,1,Single,10880,5083,1,Y,Yes,13,3,3,80,0,21,2,3,21,6,2,8
E0755,Sarah Allen,Female,Elizabeth,33,No,Non-Travel,1038,Sales,8,1,Life Sciences,1,1044,2,88,2,1,Sales Representative,4,Single,2342,21437,0,Y,No,19,3,4,80,0,3,2,2,2,2,2,2
E0756,Jennifer Robinson,Female,Barbara,45,No,Travel_Rarely,1234,Sales,11,2,Life Sciences,1,1045,4,90,3,4,Manager,4,Married,17650,5404,3,Y,No,13,3,2,80,1,26,4,4,9,3,1,1
E0757,Barbara Walker,Female,Mary,32,No,Non-Travel,1109,Research & Development,29,4,Medical,1,1046,4,69,3,1,Laboratory Technician,3,Single,4025,11135,9,Y,No,12,3,2,80,0,10,2,3,8,7,7,7
E0758,John Thomas,Male,William,34,No,Travel_Rarely,216,Sales,1,4,Marketing,1,1047,2,75,4,2,Sales Executive,4,Divorced,9725,12278,0,Y,No,11,3,4,80,1,16,2,2,15,1,0,9
E0759,Robert White,Male,Thomas,59,No,Travel_Rarely,1089,Sales,1,2,Technical Degree,1,1048,2,66,3,3,Manager,4,Married,11904,11038,3,Y,Yes,14,3,3,80,1,14,1,1,6,4,0,4
E0760,John Smith,Male,Charles,45,No,Travel_Rarely,788,Human Resources,24,4,Medical,1,1049,2,36,3,1,Human Resources,2,Single,2177,8318,1,Y,No,16,3,1,80,0,6,3,3,6,3,0,4
E0761,Sarah Lewis,Female,Patricia,53,No,Travel_Frequently,124,Sales,2,3,Marketing,1,1050,3,38,2,3,Sales Executive,2,Married,7525,23537,2,Y,No,12,3,1,80,1,30,2,3,15,7,6,12
E0762,James Jackson,Male,James,36,Yes,Travel_Rarely,660,Research & Development,15,3,Other,1,1052,1,81,3,2,Laboratory Technician,3,Divorced,4834,7858,7,Y,No,14,3,2,80,1,9,3,2,1,0,0,0
E0763,Charles Anderson,Male,Charles,26,Yes,Travel_Frequently,342,Research & Development,2,3,Life Sciences,1,1053,1,57,3,1,Research Scientist,1,Married,2042,15346,6,Y,Yes,14,3,2,80,1,6,2,3,3,2,1,2
E0764,Elizabeth Davis,Female,Sarah,34,No,Travel_Rarely,1333,Sales,10,4,Life Sciences,1,1055,3,87,3,1,Sales Representative,3,Married,2220,18410,1,Y,Yes,19,3,4,80,1,1,2,3,1,1,0,0
E0765,Thomas Jackson,Male,Charles,28,No,Travel_Rarely,1144,Sales,10,1,Medical,1,1056,4,74,3,1,Sales Representative,2,Married,1052,23384,1,Y,No,22,4,2,80,0,1,5,3,1,0,0,0
E0766,Joseph Harris,Male,Thomas,38,No,Travel_Frequently,1186,Research & Development,3,4,Other,1,1060,3,44,3,1,Research Scientist,3,Married,2821,2997,3,Y,No,16,3,1,80,1,8,2,3,2,2,2,2
E0767,David Anderson,Male,Thomas,50,No,Travel_Rarely,1464,Research & Development,2,4,Medical,1,1061,2,62,3,5,Research Director,3,Married,19237,12853,2,Y,Yes,11,3,4,80,1,29,2,2,8,1,7,7
E0768,Barbara Clark,Female,Barbara,37,No,Travel_Rarely,124,Research & Development,3,3,Other,1,1062,4,35,3,2,Healthcare Representative,2,Single,4107,13848,3,Y,No,15,3,1,80,0,8,3,2,4,3,0,1
E0769,Michael Brown,Male,Joseph,40,No,Travel_Rarely,300,Sales,26,3,Marketing,1,1066,3,74,3,2,Sales Executive,1,Married,8396,22217,1,Y,No,14,3,2,80,1,8,3,2,7,7,7,5
E0770,Susan King,Female,Mary,26,No,Travel_Frequently,921,Research & Development,1,1,Medical,1,1068,1,66,2,1,Research Scientist,3,Divorced,2007,25265,1,Y,No,13,3,3,80,2,5,5,3,5,3,1,3
E0771,William Thomas,Male,Charles,46,No,Travel_Rarely,430,Research & Development,1,4,Medical,1,1069,4,40,3,5,Research Director,4,Divorced,19627,21445,9,Y,No,17,3,4,80,2,23,0,3,2,2,2,2
E0772,Karen Clark,Female,Linda,54,No,Travel_Rarely,1082,Sales,2,4,Life Sciences,1,1070,3,41,2,3,Sales Executive,3,Married,10686,8392,6,Y,No,11,3,2,80,1,13,4,3,9,4,7,0
E0773,Jennifer Lewis,Female,Mary,56,No,Travel_Frequently,1240,Research & Development,9,3,Medical,1,1071,1,63,3,1,Research Scientist,3,Married,2942,12154,2,Y,No,19,3,2,80,1,18,4,3,5,4,0,3
E0774,Sarah Allen,Female,Jessica,36,No,Travel_Rarely,796,Research & Development,12,5,Medical,1,1073,4,51,2,3,Manufacturing Director,4,Single,8858,15669,0,Y,No,11,3,2,80,0,15,2,2,14,8,7,8
E0775,Joseph Martin,Male,James,55,No,Non-Travel,444,Research & Development,2,1,Medical,1,1074,3,40,2,4,Manager,1,Single,16756,17323,7,Y,No,15,3,2,80,0,31,3,4,9,7,6,2
E0776,Thomas Thomas,Male,Robert,43,No,Travel_Rarely,415,Sales,25,3,Medical,1,1076,3,79,2,3,Sales Executive,4,Divorced,10798,5268,5,Y,No,13,3,3,80,1,18,5,3,1,0,0,0
E0777,Linda Davis,Female,Linda,20,Yes,Travel_Frequently,769,Sales,9,3,Marketing,1,1077,4,54,3,1,Sales Representative,4,Single,2323,17205,1,Y,Yes,14,3,2,80,0,2,3,3,2,2,0,2
E0778,Jessica Allen,Female,Jessica,21,Yes,Travel_Rarely,1334,Research & Development,10,3,Life Sciences,1,1079,3,36,2,1,Laboratory Technician,1,Single,1416,17258,1,Y,No,13,3,1,80,0,1,6,2,1,0,1,0
E0779,Patricia Young,Female,Barbara,46,No,Travel_Rarely,1003,Research & Development,8,4,Life Sciences,1,1080,4,74,2,2,Research Scientist,1,Divorced,4615,21029,8,Y,Yes,23,4,1,80,3,19,2,3,16,13,1,7
E0780,William Jackson,Male,Charles,51,Yes,Travel_Rarely,1323,Research & Development,4,4,Life Sciences,1,1081,1,34,3,1,Research Scientist,3,Married,2461,10332,9,Y,Yes,12,3,3,80,3,18,2,4,10,0,2,7
E0781,Michael Anderson,Male,Richard,28,Yes,Non-Travel,1366,Research & Development,24,2,Technical Degree,1,1082,2,72,2,3,Healthcare Representative,1,Single,8722,12355,1,Y,No,12,3,1,80,0,10,2,2,10,7,1,9
E0782,Joseph Smith,Male,Joseph,26,No,Travel_Rarely,192,Research & Development,1,2,Medical,1,1083,1,59,2,1,Laboratory Technician,1,Married,3955,11141,1,Y,No,16,3,1,80,2,6,2,3,5,3,1,3
E0783,James Taylor,Male,John,30,No,Travel_Rarely,1176,Research & Development,20,3,Other,1,1084,3,85,3,2,Manufacturing Director,1,Married,9957,9096,0,Y,No,15,3,3,80,1,7,1,2,6,2,0,2
E0784,Jennifer Wright,Female,Karen,41,No,Travel_Rarely,509,Research & Development,7,2,Technical Degree,1,1085,2,43,4,1,Research Scientist,3,Married,3376,18863,1,Y,No,13,3,3,80,0,10,3,3,10,6,0,8
E0785,Patricia Lewis,Female,Jessica,38,No,Travel_Rarely,330,Research & Development,17,1,Life Sciences,1,1088,3,65,2,3,Healthcare Representative,3,Married,8823,24608,0,Y,No,18,3,1,80,1,20,4,2,19,9,1,9
E0786,James Smith,Male,Robert,40,No,Travel_Rarely,1492,Research & Development,20,4,Technical Degree,1,1092,1,61,3,3,Healthcare Representative,4,Married,10322,26542,4,Y,No,20,4,4,80,1,14,6,3,11,10,11,1
E0787,David Anderson,Male,Richard,27,No,Non-Travel,1277,Research & Development,8,5,Life Sciences,1,1094,1,87,1,1,Laboratory Technician,3,Married,4621,5869,1,Y,No,19,3,4,80,3,3,4,3,3,2,1,2
E0788,Joseph Johnson,Male,Robert,55,No,Travel_Frequently,1091,Research & Development,2,1,Life Sciences,1,1096,4,65,3,3,Manufacturing Director,2,Married,10976,15813,3,Y,No,18,3,2,80,1,23,4,3,3,2,1,2
E0789,Linda Young,Female,Susan,28,No,Travel_Rarely,857,Research & Development,10,3,Other,1,1097,3,59,3,2,Research Scientist,3,Single,3660,7909,3,Y,No,13,3,4,80,0,10,4,4,8,7,1,7
E0790,David Smith,Male,John,44,Yes,Travel_Rarely,1376,Human Resources,1,2,Medical,1,1098,2,91,2,3,Human Resources,1,Married,10482,2326,9,Y,No,14,3,4,80,1,24,1,3,20,6,3,6
E0791,Michael Smith,Male,Charles,33,No,Travel_Rarely,654,Research & Development,5,3,Life Sciences,1,1099,4,34,2,3,Healthcare Representative,4,Divorced,7119,21214,4,Y,No,15,3,3,80,1,9,2,3,3,2,1,2
E0792,John Anderson,Male,David,35,Yes,Travel_Rarely,1204,Sales,4,3,Technical Degree,1,1100,4,86,3,3,Sales Executive,1,Single,9582,10333,0,Y,Yes,22,4,1,80,0,9,2,3,8,7,4,7
E0793,Jessica Young,Female,Jennifer,33,Yes,Travel_Frequently,827,Research & Development,29,4,Medical,1,1101,1,54,2,2,Research Scientist,3,Single,4508,3129,1,Y,No,22,4,2,80,0,14,4,3,13,7,3,8
E0794,Robert Taylor,Male,Robert,28,No,Travel_Rarely,895,Research & Development,15,2,Life Sciences,1,1102,1,50,3,1,Laboratory Technician,3,Divorced,2207,22482,1,Y,No,16,3,4,80,1,4,5,2,4,2,2,2
E0795,Charles Thomas,Male,Thomas,34,No,Travel_Frequently,618,Research & Development,3,1,Life Sciences,1,1103,1,45,3,2,Healthcare Representative,4,Single,7756,22266,0,Y,No,17,3,3,80,0,7,1,2,6,2,0,4
E0796,Karen Lewis,Female,Susan,37,No,Travel_Rarely,309,Sales,10,4,Life Sciences,1,1105,4,88,2,2,Sales Executive,4,Divorced,6694,24223,2,Y,Yes,14,3,3,80,3,8,5,3,1,0,0,0
E0797,John Thomas,Male,William,25,Yes,Travel_Rarely,1219,Research & Development,4,1,Technical Degree,1,1106,4,32,3,1,Laboratory Technician,4,Married,3691,4605,1,Y,Yes,15,3,2,80,1,7,3,4,7,7,5,6
E0798,William Martin,Male,Charles,26,Yes,Travel_Rarely,1330,Research & Development,21,3,Medical,1,1107,1,37,3,1,Laboratory Technician,3,Divorced,2377,19373,1,Y,No,20,4,3,80,1,1,0,2,1,1,0,0
E0799,William Martin,Male,Richard,33,Yes,Travel_Rarely,1017,Research & Development,25,3,Medical,1,1108,1,55,2,1,Research Scientist,2,Single,2313,2993,4,Y,Yes,20,4,2,80,0,5,0,3,2,2,2,2
E0800,William Martin,Male,Thomas,42,No,Travel_Rarely,469,Research & Development,2,2,Medical,1,1109,4,35,3,4,Manager,1,Married,17665,14399,0,Y,No,17,3,4,80,1,23,3,3,22,6,13,7
E0801,William Brown,Male,James,28,Yes,Travel_Frequently,1009,Research & Development,1,3,Medical,1,1111,1,45,2,1,Laboratory Technician,2,Divorced,2596,7160,1,Y,No,15,3,1,80,2,1,2,3,1,0,0,0
E0802,Richard Thomas,Male,Richard,50,Yes,Travel_Frequently,959,Sales,1,4,Other,1,1113,4,81,3,2,Sales Executive,3,Single,4728,17251,3,Y,Yes,14,3,4,80,0,5,4,3,0,0,0,0
E0803,Linda Clark,Female,Barbara,33,No,Travel_Frequently,970,Sales,7,3,Life Sciences,1,1114,4,30,3,2,Sales Executive,2,Married,4302,13401,0,Y,No,17,3,3,80,1,4,3,3,3,2,0,2
E0804,Thomas Smith,Male,Charles,34,No,Non-Travel,697,Research & Development,3,4,Life Sciences,1,1115,3,40,2,1,Research Scientist,4,Married,2979,22478,3,Y,No,17,3,4,80,3,6,2,3,0,0,0,0
E0805,Michael Smith,Male,Thomas,48,No,Non-Travel,1262,Research & Development,1,4,Medical,1,1116,1,35,4,4,Manager,4,Single,16885,16154,2,Y,No,22,4,3,80,0,27,3,2,5,4,2,1
E0806,Barbara Robinson,Female,Mary,45,No,Non-Travel,1050,Sales,9,4,Life Sciences,1,1117,2,65,2,2,Sales Executive,3,Married,5593,17970,1,Y,No,13,3,4,80,1,15,2,3,15,10,4,12
E0807,William Anderson,Male,Michael,52,No,Travel_Rarely,994,Research & Development,7,4,Life Sciences,1,1118,2,87,3,3,Healthcare Representative,2,Single,10445,15322,7,Y,No,19,3,4,80,0,18,4,3,8,6,4,0
E0808,Thomas Smith,Male,Thomas,38,No,Travel_Rarely,770,Sales,10,4,Marketing,1,1119,3,73,2,3,Sales Executive,3,Divorced,8740,5569,0,Y,Yes,14,3,2,80,2,9,2,3,8,7,2,7
E0809,Patricia Hall,Female,Linda,29,No,Travel_Rarely,1107,Research & Development,28,4,Life Sciences,1,1120,3,93,3,1,Research Scientist,4,Divorced,2514,26968,4,Y,No,22,4,1,80,1,11,1,3,7,5,1,7
E0810,Elizabeth Allen,Female,Karen,28,No,Travel_Rarely,950,Research & Development,3,3,Medical,1,1121,4,93,3,3,Manufacturing Director,2,Divorced,7655,8039,0,Y,No,17,3,2,80,3,10,3,2,9,7,1,7
E0811,Robert Brown,Male,Robert,46,No,Travel_Rarely,406,Sales,3,1,Marketing,1,1124,1,52,3,4,Manager,3,Married,17465,15596,3,Y,No,12,3,4,80,1,23,3,3,12,9,4,9
E0812,Charles Johnson,Male,Thomas,38,No,Travel_Rarely,130,Sales,2,2,Marketing,1,1125,4,32,3,3,Sales Executive,2,Single,7351,20619,7,Y,No,16,3,3,80,0,10,2,3,1,0,0,0
E0813,Jennifer Wright,Female,Patricia,43,No,Travel_Frequently,1082,Research & Development,27,3,Life Sciences,1,1126,3,83,3,3,Manufacturing Director,1,Married,10820,11535,8,Y,No,11,3,3,80,1,18,1,3,8,7,0,1
E0814,James Anderson,Male,Michael,39,Yes,Travel_Frequently,203,Research & Development,2,3,Life Sciences,1,1127,1,84,3,4,Healthcare Representative,4,Divorced,12169,13547,7,Y,No,11,3,4,80,3,21,4,3,18,7,11,5
E0815,William Jackson,Male,David,40,No,Travel_Rarely,1308,Research & Development,14,3,Medical,1,1128,3,44,2,5,Research Director,3,Single,19626,17544,1,Y,No,14,3,1,80,0,21,2,4,20,7,4,9
E0816,Linda Lewis,Female,Patricia,21,No,Travel_Rarely,984,Research & Development,1,1,Technical Degree,1,1131,4,70,2,1,Research Scientist,2,Single,2070,25326,1,Y,Yes,11,3,3,80,0,2,6,4,2,2,2,2
E0817,James White,Male,Joseph,39,No,Non-Travel,439,Research & Development,9,3,Life Sciences,1,1132,3,70,3,2,Laboratory Technician,2,Single,6782,8770,9,Y,No,15,3,3,80,0,9,2,2,5,4,0,3
E0818,Robert Johnson,Male,Joseph,36,No,Non-Travel,217,Research & Development,18,4,Life Sciences,1,1133,1,78,3,2,Manufacturing Director,4,Single,7779,23238,2,Y,No,20,4,1,80,0,18,0,3,11,9,0,9
E0819,Michael Brown,Male,James,31,No,Travel_Frequently,793,Sales,20,3,Life Sciences,1,1135,3,67,4,1,Sales Representative,4,Married,2791,21981,0,Y,No,12,3,1,80,1,3,4,3,2,2,2,2
E0820,James Brown,Male,Robert,28,No,Travel_Rarely,1451,Research & Development,2,1,Life Sciences,1,1136,1,67,2,1,Research Scientist,2,Married,3201,19911,0,Y,No,17,3,1,80,0,6,2,1,5,3,0,4
E0821,John White,Male,Charles,35,No,Travel_Frequently,1182,Sales,11,2,Marketing,1,1137,4,54,3,2,Sales Executive,4,Divorced,4968,18500,1,Y,No,11,3,4,80,1,5,3,3,5,2,0,2
E0822,David Harris,Male,Thomas,49,No,Travel_Rarely,174,Sales,8,4,Technical Degree,1,1138,4,56,2,4,Sales Executive,2,Married,13120,11879,6,Y,No,17,3,2,80,1,22,3,3,9,8,2,3
E0823,Joseph Martin,Male,William,34,No,Travel_Frequently,1003,Research & Development,2,2,Life Sciences,1,1140,4,95,3,2,Manufacturing Director,3,Single,4033,15834,2,Y,No,11,3,4,80,0,5,3,2,3,2,0,2
E0824,Jennifer Walker,Female,Barbara,29,No,Travel_Frequently,490,Research & Development,10,3,Life Sciences,1,1143,4,61,3,1,Research Scientist,2,Divorced,3291,17940,0,Y,No,14,3,4,80,2,8,2,2,7,5,1,1
E0825,Richard Anderson,Male,Michael,42,No,Travel_Rarely,188,Research & Development,29,3,Medical,1,1148,2,56,1,2,Laboratory Technician,4,Single,4272,9558,4,Y,No,19,3,1,80,0,16,3,3,1,0,0,0
E0826,Joseph Anderson,Male,Charles,29,No,Travel_Rarely,718,Research & Development,8,1,Medical,1,1150,2,79,2,2,Manufacturing Director,4,Married,5056,17689,1,Y,Yes,15,3,3,80,1,10,2,2,10,7,1,2
E0827,James Anderson,Male,John,38,No,Travel_Rarely,433,Human Resources,1,3,Human Resources,1,1152,3,37,4,1,Human Resources,3,Married,2844,6004,1,Y,No,13,3,4,80,1,7,2,4,7,6,5,0
E0828,Michael Thomas,Male,Joseph,28,No,Travel_Frequently,773,Research & Development,6,3,Life Sciences,1,1154,3,39,2,1,Research Scientist,3,Divorced,2703,22088,1,Y,Yes,14,3,4,80,1,3,2,3,3,1,0,2
E0829,Robert Anderson,Male,David,18,Yes,Non-Travel,247,Research & Development,8,1,Medical,1,1156,3,80,3,1,Laboratory Technician,3,Single,1904,13556,1,Y,No,12,3,4,80,0,0,0,3,0,0,0,0
E0830,Patricia Hall,Female,Elizabeth,33,Yes,Travel_Rarely,603,Sales,9,4,Marketing,1,1157,1,77,3,2,Sales Executive,1,Single,8224,18385,0,Y,Yes,17,3,1,80,0,6,3,3,5,2,0,3
E0831,David Anderson,Male,Thomas,41,No,Travel_Rarely,167,Research & Development,12,4,Life Sciences,1,1158,2,46,3,1,Laboratory Technician,4,Married,4766,9051,3,Y,Yes,11,3,1,80,1,6,4,3,1,0,0,0
E0832,David Jackson,Male,James,31,Yes,Travel_Frequently,874,Research & Development,15,3,Medical,1,1160,3,72,3,1,Laboratory Technician,3,Married,2610,6233,1,Y,No,12,3,3,80,1,2,5,2,2,2,2,2
E0833,Elizabeth Davis,Female,Elizabeth,37,No,Travel_Rarely,367,Research & Development,25,2,Medical,1,1161,3,52,2,2,Healthcare Representative,4,Divorced,5731,17171,7,Y,No,13,3,3,80,2,9,2,3,6,2,1,3
E0834,Joseph Taylor,Male,David,27,No,Travel_Rarely,199,Research & Development,6,3,Life Sciences,1,1162,4,55,2,1,Research Scientist,3,Married,2539,7950,1,Y,No,13,3,3,80,1,4,0,3,4,2,2,2
E0835,Sarah Wright,Female,Elizabeth,34,No,Travel_Rarely,1400,Sales,9,1,Life Sciences,1,1163,2,70,3,2,Sales Executive,3,Married,5714,5829,1,Y,No,20,4,1,80,0,6,3,2,6,5,1,3
E0836,David Smith,Male,David,35,No,Travel_Rarely,528,Human Resources,8,4,Technical Degree,1,1164,3,100,3,1,Human Resources,3,Single,4323,7108,1,Y,No,17,3,2,80,0,6,2,1,5,4,1,4
E0837,Jennifer Lewis,Female,Barbara,29,Yes,Travel_Rarely,408,Sales,23,1,Life Sciences,1,1165,4,45,2,3,Sales Executive,1,Married,7336,11162,1,Y,No,13,3,1,80,1,11,3,1,11,8,3,10
E0838,Karen Robinson,Female,Susan,40,No,Travel_Frequently,593,Research & Development,9,4,Medical,1,1166,2,88,3,3,Research Director,3,Single,13499,13782,9,Y,No,17,3,3,80,0,20,3,2,18,7,2,13
E0839,David Jackson,Male,Michael,42,Yes,Travel_Frequently,481,Sales,12,3,Life Sciences,1,1167,3,44,3,4,Sales Executive,1,Single,13758,2447,0,Y,Yes,12,3,2,80,0,22,2,2,21,9,13,14
E0840,Charles Taylor,Male,Joseph,42,No,Travel_Rarely,647,Sales,4,4,Marketing,1,1171,2,45,3,2,Sales Executive,1,Single,5155,2253,7,Y,No,13,3,4,80,0,9,3,4,6,4,1,5
E0841,David Smith,Male,Richard,35,No,Travel_Rarely,982,Research & Development,1,4,Medical,1,1172,4,58,2,1,Laboratory Technician,3,Married,2258,16340,6,Y,No,12,3,2,80,1,10,2,3,8,0,1,7
E0842,Joseph Jackson,Male,Thomas,24,No,Travel_Rarely,477,Research & Development,24,3,Medical,1,1173,4,49,3,1,Laboratory Technician,2,Single,3597,6409,8,Y,No,22,4,4,80,0,6,2,3,4,3,1,2
E0843,Sarah Lewis,Female,Susan,28,Yes,Travel_Rarely,1485,Research & Development,12,1,Life Sciences,1,1175,3,79,3,1,Laboratory Technician,4,Married,2515,22955,1,Y,Yes,11,3,4,80,0,1,4,2,1,1,0,0
E0844,John Smith,Male,Robert,26,No,Travel_Rarely,1384,Research & Development,3,4,Medical,1,1177,1,82,4,1,Laboratory Technician,4,Married,4420,13421,1,Y,No,22,4,2,80,1,8,2,3,8,7,0,7
E0845,Robert Anderson,Male,Robert,30,No,Travel_Rarely,852,Sales,10,3,Marketing,1,1179,3,72,2,2,Sales Executive,3,Married,6578,2706,1,Y,No,18,3,1,80,1,10,3,3,10,3,1,4
E0846,Patricia Lewis,Female,Jessica,40,No,Travel_Frequently,902,Research & Development,26,2,Medical,1,1180,3,92,2,2,Research Scientist,4,Married,4422,21203,3,Y,Yes,13,3,4,80,1,16,3,1,1,1,0,0
E0847,Michael Jackson,Male,William,35,No,Travel_Rarely,819,Research & Development,2,3,Life Sciences,1,1182,3,44,2,3,Manufacturing Director,2,Divorced,10274,19588,2,Y,No,18,3,2,80,1,15,2,4,7,7,6,4
E0848,Robert Harris,Male,Michael,34,No,Travel_Frequently,669,Research & Development,1,3,Medical,1,1184,4,97,2,2,Healthcare Representative,1,Single,5343,25755,0,Y,No,20,4,3,80,0,14,3,3,13,9,4,9
E0849,Joseph Taylor,Male,Joseph,35,No,Travel_Frequently,636,Research & Development,4,4,Other,1,1185,4,47,2,1,Laboratory Technician,4,Married,2376,26537,1,Y,No,13,3,2,80,1,2,2,4,2,2,2,2
E0850,Mary Davis,Female,Barbara,43,Yes,Travel_Rarely,1372,Sales,9,3,Marketing,1,1188,1,85,1,2,Sales Executive,3,Single,5346,9489,8,Y,No,13,3,2,80,0,7,2,2,4,3,1,3
E0851,Mary Davis,Female,Patricia,32,No,Non-Travel,862,Sales,2,1,Life Sciences,1,1190,3,76,3,1,Sales Representative,1,Divorced,2827,14947,1,Y,No,12,3,3,80,3,1,3,3,1,0,0,0
E0852,Jessica Lewis,Female,Linda,56,No,Travel_Rarely,718,Research & Development,4,4,Technical Degree,1,1191,4,92,3,5,Manager,1,Divorced,19943,18575,4,Y,No,13,3,4,80,1,28,2,3,5,2,4,2
E0853,Barbara Lewis,Female,Linda,29,No,Travel_Rarely,1401,Research & Development,6,1,Medical,1,1192,2,54,3,1,Laboratory Technician,4,Married,3131,26342,1,Y,No,13,3,1,80,1,10,5,3,10,8,0,8
E0854,William Jackson,Male,David,19,No,Travel_Rarely,645,Research & Development,9,2,Life Sciences,1,1193,3,54,3,1,Research Scientist,1,Single,2552,7172,1,Y,No,25,4,3,80,0,1,4,3,1,1,0,0
E0855,Patricia Hall,Female,Barbara,45,No,Travel_Rarely,1457,Research & Development,7,3,Medical,1,1195,1,83,3,1,Research Scientist,3,Married,4477,20100,4,Y,Yes,19,3,3,80,1,7,2,2,3,2,0,2
E0856,Barbara Lewis,Female,Mary,37,No,Travel_Rarely,977,Research & Development,1,3,Life Sciences,1,1196,4,56,2,2,Manufacturing Director,4,Married,6474,9961,1,Y,No,13,3,2,80,1,14,2,2,14,8,3,11
E0857,David Martin,Male,Joseph,20,No,Travel_Rarely,805,Research & Development,3,3,Life Sciences,1,1198,1,87,2,1,Laboratory Technician,3,Single,3033,12828,1,Y,No,12,3,1,80,0,2,2,2,2,2,1,2
E0858,Charles Anderson,Male,David,44,Yes,Travel_Rarely,1097,Research & Development,10,4,Life Sciences,1,1200,3,96,3,1,Research Scientist,3,Single,2936,10826,1,Y,Yes,11,3,3,80,0,6,4,3,6,4,0,2
E0859,Patricia King,Female,Jennifer,53,No,Travel_Rarely,1223,Research & Development,7,2,Medical,1,1201,4,50,3,5,Manager,3,Divorced,18606,18640,3,Y,No,18,3,2,80,1,26,6,3,7,7,4,7
E0860,Jessica Lewis,Female,Sarah,29,No,Travel_Rarely,942,Research & Development,15,1,Life Sciences,1,1202,2,69,1,1,Research Scientist,4,Married,2168,26933,0,Y,Yes,18,3,1,80,1,6,2,2,5,4,1,3
E0861,Joseph Harris,Male,John,22,Yes,Travel_Frequently,1256,Research & Development,3,4,Life Sciences,1,1203,3,48,2,1,Research Scientist,4,Married,2853,4223,0,Y,Yes,11,3,2,80,1,1,5,3,0,0,0,0
E0862,Jennifer Lewis,Female,Jessica,46,No,Travel_Rarely,1402,Sales,2,3,Marketing,1,1204,3,69,3,4,Manager,1,Married,17048,24097,8,Y,No,23,4,1,80,0,28,2,3,26,15,15,9
E0863,John White,Male,Charles,44,No,Non-Travel,111,Research & Development,17,3,Life Sciences,1,1206,4,74,1,1,Research Scientist,3,Single,2290,4279,2,Y,No,13,3,4,80,0,6,3,3,0,0,0,0
E0864,Charles Smith,Male,Robert,33,No,Travel_Rarely,147,Human Resources,2,3,Human Resources,1,1207,2,99,3,1,Human Resources,3,Married,3600,8429,1,Y,No,13,3,4,80,1,5,2,3,5,4,1,4
E0865,Joseph Jackson,Male,William,41,Yes,Non-Travel,906,Research & Development,5,2,Life Sciences,1,1210,1,95,2,1,Research Scientist,1,Divorced,2107,20293,6,Y,No,17,3,1,80,1,5,2,1,1,0,0,0
E0866,Richard Brown,Male,David,30,No,Travel_Rarely,1329,Sales,29,4,Life Sciences,1,1211,3,61,3,2,Sales Executive,1,Divorced,4115,13192,8,Y,No,19,3,3,80,3,8,3,3,4,3,0,3
E0867,James Taylor,Male,Charles,40,No,Travel_Frequently,1184,Sales,2,4,Medical,1,1212,2,62,3,2,Sales Executive,2,Married,4327,25440,5,Y,No,12,3,4,80,3,5,2,3,0,0,0,0
E0868,Sarah Walker,Female,Barbara,50,No,Travel_Frequently,1421,Research & Development,2,3,Medical,1,1215,4,30,3,4,Manager,1,Married,17856,9490,2,Y,No,22,4,3,80,1,32,3,3,2,2,2,2
E0869,James Anderson,Male,Michael,28,No,Travel_Rarely,1179,Research & Development,19,4,Medical,1,1216,4,78,2,1,Laboratory Technician,1,Married,3196,12449,1,Y,No,12,3,3,80,3,6,2,3,6,5,3,3
E0870,Joseph White,Male,Robert,46,No,Travel_Rarely,1450,Research & Development,15,2,Life Sciences,1,1217,4,52,3,5,Research Director,2,Married,19081,10849,5,Y,No,11,3,1,80,1,25,2,3,4,2,0,3
E0871,William Harris,Male,Michael,35,No,Travel_Rarely,1361,Sales,17,4,Life Sciences,1,1218,3,94,3,2,Sales Executive,1,Married,8966,21026,3,Y,Yes,15,3,4,80,3,15,2,3,7,7,1,7
E0872,Mary Robinson,Female,Mary,24,Yes,Travel_Rarely,984,Research & Development,17,2,Life Sciences,1,1219,4,97,3,1,Laboratory Technician,2,Married,2210,3372,1,Y,No,13,3,1,80,1,1,3,1,1,0,0,0
E0873,Jennifer Clark,Female,Linda,33,No,Travel_Frequently,1146,Sales,25,3,Medical,1,1220,2,82,3,2,Sales Executive,3,Married,4539,4905,1,Y,No,12,3,1,80,1,10,3,2,10,7,0,1
E0874,Joseph Jackson,Male,James,36,No,Travel_Rarely,917,Research & Development,6,4,Life Sciences,1,1221,3,60,1,1,Laboratory Technician,3,Divorced,2741,6865,1,Y,No,14,3,3,80,1,7,4,3,7,7,1,7
E0875,Thomas Johnson,Male,James,30,No,Travel_Rarely,853,Research & Development,7,4,Life Sciences,1,1224,3,49,3,2,Laboratory Technician,3,Divorced,3491,11309,1,Y,No,13,3,1,80,3,10,4,2,10,7,8,9
E0876,Michael Thomas,Male,Charles,44,No,Travel_Rarely,200,Research & Development,29,4,Other,1,1225,4,32,3,2,Research Scientist,4,Single,4541,7744,1,Y,No,25,4,2,80,0,20,3,3,20,11,13,17
E0877,Robert White,Male,David,20,No,Travel_Rarely,654,Sales,21,3,Marketing,1,1226,3,43,4,1,Sales Representative,4,Single,2678,5050,1,Y,No,17,3,4,80,0,2,2,3,2,1,2,2
E0878,Robert Johnson,Male,William,46,No,Travel_Rarely,150,Research & Development,2,4,Technical Degree,1,1228,4,60,3,2,Manufacturing Director,4,Divorced,7379,17433,2,Y,No,11,3,3,80,1,12,3,2,6,3,1,4
E0879,Robert Thomas,Male,Michael,42,No,Non-Travel,179,Human Resources,2,5,Medical,1,1231,4,79,4,2,Human Resources,1,Married,6272,12858,7,Y,No,16,3,1,80,1,10,3,4,4,3,0,3
E0880,John White,Male,Robert,60,No,Travel_Rarely,696,Sales,7,4,Marketing,1,1233,2,52,4,2,Sales Executive,4,Divorced,5220,10893,0,Y,Yes,18,3,2,80,1,12,3,3,11,7,1,9
E0881,Mary Allen,Female,Mary,32,No,Travel_Frequently,116,Research & Development,13,3,Other,1,1234,3,77,2,1,Laboratory Technician,2,Married,2743,7331,1,Y,No,20,4,3,80,1,2,2,3,2,2,2,2
E0882,Patricia Wright,Female,Barbara,32,No,Travel_Frequently,1316,Research & Development,2,2,Life Sciences,1,1235,4,38,3,2,Research Scientist,3,Single,4998,2338,4,Y,Yes,14,3,4,80,0,10,2,3,8,7,0,7
E0883,Barbara Clark,Female,Patricia,36,No,Travel_Rarely,363,Research & Development,1,3,Technical Degree,1,1237,3,77,1,3,Manufacturing Director,1,Divorced,10252,4235,2,Y,Yes,21,4,3,80,1,17,2,3,7,7,7,7
E0884,John Martin,Male,Joseph,33,No,Travel_Rarely,117,Research & Development,9,3,Medical,1,1238,1,60,3,1,Research Scientist,4,Married,2781,6311,0,Y,No,13,3,2,80,1,15,5,3,14,10,4,10
E0885,Jessica Clark,Female,Karen,40,No,Travel_Rarely,107,Sales,10,3,Technical Degree,1,1239,2,84,2,2,Sales Executive,2,Divorced,6852,11591,7,Y,No,12,3,2,80,1,7,2,4,5,1,1,3
E0886,Richard Brown,Male,William,25,No,Travel_Rarely,1356,Sales,10,4,Life Sciences,1,1240,3,57,3,2,Sales Executive,4,Single,4950,20623,0,Y,No,14,3,2,80,0,5,4,3,4,3,1,1
E0887,Joseph Jackson,Male,Richard,30,No,Travel_Rarely,1465,Research & Development,1,3,Medical,1,1241,4,63,3,1,Research Scientist,2,Married,3579,9369,0,Y,Yes,21,4,1,80,1,12,2,3,11,9,5,7
E0888,Jessica Allen,Female,Karen,42,No,Travel_Frequently,458,Research & Development,26,5,Medical,1,1242,1,60,3,3,Research Director,1,Married,13191,23281,3,Y,Yes,17,3,3,80,0,20,6,3,1,0,0,0
E0889,Barbara Allen,Female,Patricia,35,No,Non-Travel,1212,Sales,8,2,Marketing,1,1243,3,78,2,3,Sales Executive,4,Married,10377,13755,4,Y,Yes,11,3,2,80,1,16,6,2,13,2,4,12
E0890,William Jackson,Male,Joseph,27,No,Travel_Rarely,1103,Research & Development,14,3,Life Sciences,1,1244,1,42,3,1,Research Scientist,1,Married,2235,14377,1,Y,Yes,14,3,4,80,2,9,3,2,9,7,6,8
E0891,Mary Davis,Female,Patricia,54,No,Travel_Frequently,966,Research & Development,1,4,Life Sciences,1,1245,4,53,3,3,Manufacturing Director,3,Divorced,10502,9659,7,Y,No,17,3,1,80,1,33,2,1,5,4,1,4
E0892,Sarah Walker,Female,Linda,44,No,Travel_Rarely,1117,Research & Development,2,1,Life Sciences,1,1246,1,72,4,1,Research Scientist,4,Married,2011,19982,1,Y,No,13,3,4,80,1,10,5,3,10,5,7,7
E0893,Elizabeth Lewis,Female,Mary,19,Yes,Non-Travel,504,Research & Development,10,3,Medical,1,1248,1,96,2,1,Research Scientist,2,Single,1859,6148,1,Y,Yes,25,4,2,80,0,1,2,4,1,1,0,0
E0894,Elizabeth Lewis,Female,Elizabeth,29,No,Travel_Rarely,1010,Research & Development,1,3,Life Sciences,1,1249,1,97,3,1,Research Scientist,4,Divorced,3760,5598,1,Y,No,15,3,1,80,3,3,5,3,3,2,1,2
E0895,Thomas Harris,Male,Thomas,54,No,Travel_Rarely,685,Research & Development,3,3,Life Sciences,1,1250,4,85,3,4,Research Director,4,Married,17779,23474,3,Y,No,14,3,1,80,0,36,2,3,10,9,0,9
E0896,David Smith,Male,James,31,No,Travel_Rarely,1332,Research & Development,11,2,Medical,1,1251,3,80,3,2,Healthcare Representative,1,Married,6833,17089,1,Y,Yes,12,3,4,80,0,6,2,2,6,5,0,1
E0897,Susan Allen,Female,Sarah,31,No,Travel_Rarely,1062,Research & Development,24,3,Medical,1,1252,3,96,2,2,Healthcare Representative,1,Single,6812,17198,1,Y,No,19,3,2,80,0,10,2,3,10,9,1,8
E0898,Karen Wright,Female,Jessica,59,No,Travel_Rarely,326,Sales,3,3,Life Sciences,1,1254,3,48,2,2,Sales Executive,4,Single,5171,16490,5,Y,No,17,3,4,80,0,13,2,3,6,1,0,5
E0899,Michael White,Male,David,43,No,Travel_Rarely,920,Research & Development,3,3,Life Sciences,1,1255,3,96,1,5,Research Director,4,Married,19740,18625,3,Y,No,14,3,2,80,1,25,2,3,8,7,0,7
E0900,David Taylor,Male,Richard,49,No,Travel_Rarely,1098,Research & Development,4,2,Medical,1,1256,1,85,2,5,Manager,3,Married,18711,12124,2,Y,No,13,3,3,80,1,23,2,4,1,0,0,0
E0901,Michael Johnson,Male,Robert,36,No,Travel_Frequently,469,Research & Development,3,3,Technical Degree,1,1257,3,46,3,1,Research Scientist,2,Married,3692,9256,1,Y,No,12,3,3,80,0,12,2,2,11,10,0,7
E0902,John Taylor,Male,James,48,No,Travel_Rarely,969,Research & Development,2,2,Technical Degree,1,1258,4,76,4,1,Laboratory Technician,2,Single,2559,16620,5,Y,No,11,3,3,80,0,7,4,2,1,0,0,0
E0903,William White,Male,William,27,No,Travel_Rarely,1167,Research & Development,4,2,Life Sciences,1,1259,1,76,3,1,Research Scientist,3,Divorced,2517,3208,1,Y,No,11,3,2,80,3,5,2,3,5,3,0,3
E0904,David Taylor,Male,John,29,No,Travel_Rarely,1329,Research & Development,7,3,Life Sciences,1,1260,3,82,3,2,Healthcare Representative,4,Divorced,6623,4204,1,Y,Yes,11,3,2,80,2,6,2,3,6,0,1,0
E0905,Richard White,Male,William,48,No,Travel_Rarely,715,Research & Development,1,3,Life Sciences,1,1263,4,76,2,5,Research Director,4,Single,18265,8733,6,Y,No,12,3,3,80,0,25,3,4,1,0,0,0
E0906,Patricia Allen,Female,Jessica,29,No,Travel_Rarely,694,Research & Development,1,3,Life Sciences,1,1264,4,87,2,4,Research Director,4,Divorced,16124,3423,3,Y,No,14,3,2,80,2,9,2,2,7,7,1,7
E0907,Patricia Clark,Female,Sarah,34,No,Travel_Rarely,1320,Research & Development,20,3,Technical Degree,1,1265,3,89,4,1,Research Scientist,3,Married,2585,21643,0,Y,No,17,3,4,80,0,2,5,2,1,0,0,0
E0908,Joseph Johnson,Male,John,44,No,Travel_Rarely,1099,Sales,5,3,Marketing,1,1267,2,88,3,5,Manager,2,Married,18213,8751,7,Y,No,11,3,3,80,1,26,5,3,22,9,3,10
E0909,Thomas Smith,Male,Robert,33,No,Travel_Rarely,536,Sales,10,5,Marketing,1,1268,4,82,4,3,Sales Executive,3,Divorced,8380,21708,0,Y,Yes,14,3,4,80,2,10,3,3,9,8,0,8
E0910,Sarah Davis,Female,Jennifer,19,No,Travel_Rarely,265,Research & Development,25,3,Life Sciences,1,1269,2,57,4,1,Research Scientist,4,Single,2994,21221,1,Y,Yes,12,3,4,80,0,1,2,3,1,0,0,1
E0911,Charles Martin,Male,James,23,No,Travel_Rarely,373,Research & Development,1,2,Life Sciences,1,1270,4,47,3,1,Research Scientist,3,Married,1223,16901,1,Y,No,22,4,4,80,1,1,2,3,1,0,0,1
E0912,John Thomas,Male,Joseph,25,Yes,Travel_Frequently,599,Sales,24,1,Life Sciences,1,1273,3,73,1,1,Sales Representative,4,Single,1118,8040,1,Y,Yes,14,3,4,80,0,1,4,3,1,0,1,0
E0913,David Smith,Male,David,26,No,Travel_Rarely,583,Research & Development,4,2,Life Sciences,1,1275,3,53,3,1,Research Scientist,4,Single,2875,9973,1,Y,Yes,20,4,2,80,0,8,2,2,8,5,2,2
E0914,Susan Young,Female,Jessica,45,Yes,Travel_Rarely,1449,Sales,2,3,Marketing,1,1277,1,94,1,5,Manager,2,Single,18824,2493,2,Y,Yes,16,3,1,80,0,26,2,3,24,10,1,11
E0915,John White,Male,Thomas,55,No,Non-Travel,177,Research & Development,8,1,Medical,1,1278,4,37,2,4,Healthcare Representative,2,Divorced,13577,25592,1,Y,Yes,15,3,4,80,1,34,3,3,33,9,15,0
E0916,Sarah Hall,Female,Elizabeth,21,Yes,Travel_Frequently,251,Research & Development,10,2,Life Sciences,1,1279,1,45,2,1,Laboratory Technician,3,Single,2625,25308,1,Y,No,20,4,3,80,0,2,2,1,2,2,2,2
E0917,Elizabeth King,Female,Jennifer,46,No,Travel_Rarely,168,Sales,4,2,Marketing,1,1280,4,33,2,5,Manager,2,Married,18789,9946,2,Y,No,14,3,3,80,1,26,2,3,11,4,0,8
E0918,Sarah Davis,Female,Elizabeth,34,No,Travel_Rarely,131,Sales,2,3,Marketing,1,1281,3,86,3,2,Sales Executive,1,Single,4538,6039,0,Y,Yes,12,3,4,80,0,4,3,3,3,2,0,2
E0919,Robert Harris,Male,William,51,No,Travel_Frequently,237,Sales,9,3,Life Sciences,1,1282,4,83,3,5,Manager,2,Divorced,19847,19196,4,Y,Yes,24,4,1,80,1,31,5,2,29,10,11,10
E0920,John Taylor,Male,William,59,No,Travel_Rarely,1429,Research & Development,18,4,Medical,1,1283,4,67,3,3,Manufacturing Director,4,Single,10512,20002,6,Y,No,12,3,4,80,0,25,6,2,9,7,5,4
E0921,Linda Clark,Female,Jennifer,34,No,Travel_Frequently,135,Research & Development,19,3,Medical,1,1285,3,46,3,2,Laboratory Technician,2,Divorced,4444,22534,4,Y,No,13,3,3,80,2,15,2,4,11,8,5,10
E0922,Robert Brown,Male,Charles,28,No,Travel_Frequently,791,Research & Development,1,4,Medical,1,1286,4,44,3,1,Laboratory Technician,3,Single,2154,6842,0,Y,Yes,11,3,3,80,0,5,2,2,4,2,0,2
E0923,James Thomas,Male,Michael,44,No,Travel_Rarely,1199,Research & Development,4,2,Life Sciences,1,1288,3,92,4,5,Manager,1,Divorced,19190,17477,1,Y,No,14,3,4,80,2,26,4,2,25,9,14,13
E0924,Joseph Brown,Male,Thomas,34,No,Travel_Frequently,648,Human Resources,11,3,Life Sciences,1,1289,3,56,2,2,Human Resources,2,Married,4490,21833,4,Y,No,11,3,4,80,2,14,5,4,10,9,1,8
E0925,William Smith,Male,Charles,35,No,Travel_Rarely,735,Research & Development,6,1,Life Sciences,1,1291,3,66,3,1,Research Scientist,3,Married,3506,6020,0,Y,Yes,14,3,4,80,0,4,3,3,3,2,2,2
E0926,Karen Allen,Female,Sarah,42,No,Travel_Rarely,603,Research & Development,7,4,Medical,1,1292,2,78,4,2,Research Scientist,2,Married,2372,5628,6,Y,Yes,16,3,4,80,0,18,2,3,1,0,0,0
E0927,Karen Davis,Female,Patricia,43,No,Travel_Rarely,531,Sales,4,4,Marketing,1,1293,4,56,2,3,Sales Executive,4,Single,10231,20364,3,Y,No,14,3,4,80,0,23,3,4,21,7,15,17
E0928,Sarah Young,Female,Jessica,36,No,Travel_Rarely,429,Research & Development,2,4,Life Sciences,1,1294,3,53,3,2,Manufacturing Director,2,Single,5410,2323,9,Y,Yes,11,3,4,80,0,18,2,3,16,14,5,12
E0929,Susan Wright,Female,Jessica,44,Yes,Travel_Rarely,621,Research & Development,15,3,Medical,1,1295,1,73,3,3,Healthcare Representative,4,Married,7978,14075,1,Y,No,11,3,4,80,1,10,2,3,10,7,0,5
E0930,Richard Anderson,Male,Richard,28,No,Travel_Frequently,193,Research & Development,2,3,Life Sciences,1,1296,4,52,2,1,Laboratory Technician,4,Married,3867,14222,1,Y,Yes,12,3,2,80,1,2,2,3,2,2,2,2
E0931,Elizabeth Walker,Female,Jessica,51,No,Travel_Frequently,968,Research & Development,6,2,Medical,1,1297,2,40,2,1,Laboratory Technician,3,Single,2838,4257,0,Y,No,14,3,2,80,0,8,6,2,7,0,7,7
E0932,Mary Young,Female,Jennifer,30,No,Non-Travel,879,Research & Development,9,2,Medical,1,1298,3,72,3,2,Manufacturing Director,3,Single,4695,12858,7,Y,Yes,18,3,3,80,0,10,3,3,8,4,1,7
E0933,Mary Robinson,Female,Barbara,29,Yes,Travel_Rarely,806,Research & Development,7,3,Technical Degree,1,1299,2,39,3,1,Laboratory Technician,3,Divorced,3339,17285,3,Y,Yes,13,3,1,80,2,10,2,3,7,7,7,7
E0934,Thomas Harris,Male,James,28,No,Travel_Rarely,640,Research & Development,1,3,Technical Degree,1,1301,4,84,3,1,Research Scientist,1,Single,2080,4732,2,Y,No,11,3,2,80,0,5,2,2,3,2,1,2
E0935,Elizabeth Robinson,Female,Susan,25,No,Travel_Rarely,266,Research & Development,1,3,Medical,1,1303,4,40,3,1,Research Scientist,2,Single,2096,18830,1,Y,No,18,3,4,80,0,2,3,2,2,2,2,1
E0936,Robert Brown,Male,James,32,No,Travel_Rarely,604,Sales,8,3,Medical,1,1304,3,56,4,2,Sales Executive,4,Married,6209,11693,1,Y,No,15,3,3,80,2,10,4,4,10,7,0,8
E0937,Elizabeth Wright,Female,Sarah,45,No,Travel_Frequently,364,Research & Development,25,3,Medical,1,1306,2,83,3,5,Manager,2,Single,18061,13035,3,Y,No,22,4,3,80,0,22,4,3,0,0,0,0
E0938,Mary Walker,Female,Mary,39,No,Travel_Rarely,412,Research & Development,13,4,Medical,1,1307,3,94,2,4,Manager,2,Divorced,17123,17334,6,Y,Yes,13,3,4,80,2,21,4,3,19,9,15,2
E0939,David Jackson,Male,James,58,No,Travel_Rarely,848,Research & Development,23,4,Life Sciences,1,1308,1,88,3,1,Research Scientist,3,Divorced,2372,26076,1,Y,No,12,3,4,80,2,2,3,3,2,2,2,2
E0940,Thomas Brown,Male,Richard,32,Yes,Travel_Rarely,1089,Research & Development,7,2,Life Sciences,1,1309,4,79,3,2,Laboratory Technician,3,Married,4883,22845,1,Y,No,18,3,1,80,1,10,3,3,10,4,1,1
E0941,John Brown,Male,John,39,Yes,Travel_Rarely,360,Research & Development,23,3,Medical,1,1310,3,93,3,1,Research Scientist,1,Single,3904,22154,0,Y,No,13,3,1,80,0,6,2,3,5,2,0,3
E0942,Sarah Allen,Female,Elizabeth,30,No,Travel_Rarely,1138,Research & Development,6,3,Technical Degree,1,1311,1,48,2,2,Laboratory Technician,4,Married,4627,23631,0,Y,No,12,3,1,80,1,10,6,3,9,2,6,7
E0943,Sarah Clark,Female,Jessica,36,No,Travel_Rarely,325,Research & Development,10,4,Technical Degree,1,1312,4,63,3,3,Healthcare Representative,3,Married,7094,5747,3,Y,No,12,3,1,80,0,10,0,3,7,7,1,7
E0944,Elizabeth Robinson,Female,Jessica,46,No,Travel_Rarely,991,Human Resources,1,2,Life Sciences,1,1314,4,44,3,1,Human Resources,1,Single,3423,22957,6,Y,No,12,3,3,80,0,10,3,4,7,6,5,7
E0945,Patricia King,Female,Jennifer,28,No,Non-Travel,1476,Research & Development,1,3,Life Sciences,1,1315,3,55,1,2,Laboratory Technician,4,Married,6674,16392,0,Y,No,11,3,1,80,3,10,6,3,9,8,7,5
E0946,Sarah Hall,Female,Susan,50,No,Travel_Rarely,1322,Research & Development,28,3,Life Sciences,1,1317,4,43,3,4,Research Director,1,Married,16880,22422,4,Y,Yes,11,3,2,80,0,25,2,3,3,2,1,2
E0947,David White,Male,Robert,40,Yes,Travel_Rarely,299,Sales,25,4,Marketing,1,1318,4,57,2,3,Sales Executive,2,Single,9094,17235,2,Y,Yes,12,3,3,80,0,9,2,3,5,4,1,0
E0948,David Smith,Male,David,52,Yes,Travel_Rarely,1030,Sales,5,3,Life Sciences,1,1319,2,64,3,3,Sales Executive,2,Single,8446,21534,9,Y,Yes,19,3,3,80,0,10,2,2,8,7,7,7
E0949,Linda Allen,Female,Barbara,30,No,Travel_Rarely,634,Research & Development,17,4,Medical,1,1321,2,95,3,3,Manager,1,Married,11916,25927,1,Y,Yes,23,4,4,80,2,9,2,3,9,1,0,8
E0950,John Harris,Male,Robert,39,No,Travel_Rarely,524,Research & Development,18,2,Life Sciences,1,1322,1,32,3,2,Manufacturing Director,3,Single,4534,13352,0,Y,No,11,3,1,80,0,9,6,3,8,7,1,7
E0951,Jessica Young,Female,Susan,31,No,Non-Travel,587,Sales,2,4,Life Sciences,1,1324,4,57,3,3,Sales Executive,3,Divorced,9852,8935,1,Y,Yes,19,3,1,80,1,10,5,2,10,8,9,6
E0952,Richard Taylor,Male,Robert,41,No,Non-Travel,256,Sales,10,2,Medical,1,1329,3,40,1,2,Sales Executive,2,Single,6151,22074,1,Y,No,13,3,1,80,0,19,4,3,19,2,11,9
E0953,Patricia Lewis,Female,Jessica,31,Yes,Travel_Frequently,1060,Sales,1,3,Life Sciences,1,1331,4,54,3,1,Sales Representative,2,Single,2302,8319,1,Y,Yes,11,3,1,80,0,3,2,4,3,2,2,2
E0954,David Anderson,Male,Charles,44,Yes,Travel_Rarely,935,Research & Development,3,3,Life Sciences,1,1333,1,89,3,1,Laboratory Technician,1,Married,2362,14669,4,Y,No,12,3,3,80,0,10,4,4,3,2,1,2
E0955,Joseph Thomas,Male,Michael,42,No,Non-Travel,495,Research & Development,2,1,Life Sciences,1,1334,3,37,3,4,Manager,3,Married,17861,26582,0,Y,Yes,13,3,4,80,0,21,3,2,20,8,2,10
E0956,Barbara Davis,Female,Mary,55,No,Travel_Rarely,282,Research & Development,2,2,Medical,1,1336,4,58,1,5,Manager,3,Married,19187,6992,4,Y,No,14,3,4,80,1,23,5,3,19,9,9,11
E0957,Michael Anderson,Male,Michael,56,No,Travel_Rarely,206,Human Resources,8,4,Life Sciences,1,1338,4,99,3,5,Manager,2,Single,19717,4022,6,Y,No,14,3,1,80,0,36,4,3,7,3,7,7
E0958,Robert Harris,Male,Richard,40,No,Non-Travel,458,Research & Development,16,2,Life Sciences,1,1340,3,74,3,1,Research Scientist,3,Divorced,3544,8532,9,Y,No,16,3,2,80,1,6,0,3,4,2,0,0
E0959,James Thomas,Male,Michael,34,No,Travel_Rarely,943,Research & Development,9,3,Life Sciences,1,1344,4,86,3,3,Healthcare Representative,4,Divorced,8500,5494,0,Y,No,11,3,4,80,1,10,0,2,9,7,1,6
E0960,David Martin,Male,David,40,No,Travel_Rarely,523,Research & Development,2,3,Life Sciences,1,1346,3,98,3,2,Research Scientist,4,Single,4661,22455,1,Y,No,13,3,3,80,0,9,4,3,9,8,8,8
E0961,Elizabeth Walker,Female,Sarah,41,No,Travel_Frequently,1018,Sales,1,3,Marketing,1,1349,3,66,3,2,Sales Executive,1,Divorced,4103,4297,0,Y,No,17,3,4,80,1,10,2,3,9,3,1,7
E0962,Charles Anderson,Male,James,35,No,Travel_Frequently,482,Research & Development,4,4,Life Sciences,1,1350,3,87,3,2,Research Scientist,3,Single,4249,2690,1,Y,Yes,11,3,2,80,0,9,3,3,9,6,1,1
E0963,David White,Male,William,51,No,Travel_Rarely,770,Human Resources,5,3,Life Sciences,1,1352,3,84,3,4,Manager,2,Divorced,14026,17588,1,Y,Yes,11,3,2,80,1,33,2,3,33,9,0,10
E0964,Patricia Hall,Female,Susan,38,No,Travel_Rarely,1009,Sales,2,2,Life Sciences,1,1355,2,31,3,2,Sales Executive,1,Divorced,6893,19461,3,Y,No,15,3,4,80,1,11,3,3,7,7,1,7
E0965,Mary Robinson,Female,Mary,34,No,Travel_Rarely,507,Sales,15,2,Medical,1,1356,3,66,3,2,Sales Executive,1,Single,6125,23553,1,Y,No,12,3,4,80,0,10,6,4,10,8,9,6
E0966,Charles Brown,Male,Michael,25,No,Travel_Rarely,882,Research & Development,19,1,Medical,1,1358,4,67,3,1,Laboratory Technician,4,Married,3669,9075,3,Y,No,11,3,3,80,3,7,6,2,3,2,1,2
E0967,Sarah Lewis,Female,Barbara,58,Yes,Travel_Rarely,601,Research & Development,7,4,Medical,1,1360,3,53,2,3,Manufacturing Director,1,Married,10008,12023,7,Y,Yes,14,3,4,80,0,31,0,2,10,9,5,9
E0968,David Smith,Male,John,40,No,Travel_Rarely,329,Research & Development,1,4,Life Sciences,1,1361,2,88,3,1,Laboratory Technician,2,Married,2387,6762,3,Y,No,22,4,3,80,1,7,3,3,4,2,0,3
E0969,Barbara Robinson,Female,Karen,36,No,Travel_Frequently,607,Sales,7,3,Marketing,1,1362,1,83,4,2,Sales Executive,1,Married,4639,2261,2,Y,No,16,3,4,80,1,17,2,2,15,7,6,13
E0970,Joseph Harris,Male,William,48,No,Travel_Rarely,855,Research & Development,4,3,Life Sciences,1,1363,4,54,3,3,Manufacturing Director,4,Single,7898,18706,1,Y,No,11,3,3,80,0,11,2,3,10,9,0,8
E0971,Linda Wright,Female,Karen,27,No,Travel_Rarely,1291,Sales,11,3,Medical,1,1364,3,98,4,1,Sales Representative,4,Married,2534,6527,8,Y,No,14,3,2,80,1,5,4,3,1,0,0,0
E0972,Karen Hall,Female,Mary,51,No,Travel_Rarely,1405,Research & Development,11,2,Technical Degree,1,1367,4,82,2,4,Manufacturing Director,2,Single,13142,24439,3,Y,No,16,3,2,80,0,29,1,2,5,2,0,3
E0973,Mary Robinson,Female,Barbara,18,No,Non-Travel,1124,Research & Development,1,3,Life Sciences,1,1368,4,97,3,1,Laboratory Technician,4,Single,1611,19305,1,Y,No,15,3,3,80,0,0,5,4,0,0,0,0
E0974,Susan Davis,Female,Barbara,35,No,Travel_Rarely,817,Research & Development,1,3,Medical,1,1369,4,60,2,2,Laboratory Technician,4,Married,5363,10846,0,Y,No,12,3,2,80,1,10,0,3,9,7,0,0
E0975,Joseph Martin,Male,Michael,27,No,Travel_Frequently,793,Sales,2,1,Life Sciences,1,1371,4,43,1,2,Sales Executive,4,Single,5071,20392,3,Y,No,20,4,2,80,0,8,3,3,6,2,0,0
E0976,David Anderson,Male,Joseph,55,Yes,Travel_Rarely,267,Sales,13,4,Marketing,1,1372,1,85,4,4,Sales Executive,3,Single,13695,9277,6,Y,Yes,17,3,3,80,0,24,2,2,19,7,3,8
E0977,Charles Harris,Male,Michael,56,No,Travel_Rarely,1369,Research & Development,23,3,Life Sciences,1,1373,4,68,3,4,Manufacturing Director,2,Married,13402,18235,4,Y,Yes,12,3,1,80,1,33,0,3,19,16,15,9
E0978,Patricia Walker,Female,Jessica,34,No,Non-Travel,999,Research & Development,26,1,Technical Degree,1,1374,1,92,2,1,Research Scientist,3,Divorced,2029,15891,1,Y,No,20,4,3,80,3,5,2,3,5,4,0,0
E0979,Barbara Allen,Female,Jessica,40,No,Travel_Rarely,1202,Research & Development,2,1,Medical,1,1375,2,89,4,2,Healthcare Representative,3,Divorced,6377,13888,5,Y,No,20,4,2,80,3,15,0,3,12,11,11,8
E0980,William Harris,Male,William,34,No,Travel_Rarely,285,Research & Development,29,3,Medical,1,1377,2,86,3,2,Laboratory Technician,3,Married,5429,17491,4,Y,No,13,3,1,80,2,10,1,3,8,7,7,7
E0981,Mary Allen,Female,Linda,31,Yes,Travel_Frequently,703,Sales,2,3,Life Sciences,1,1379,3,90,2,1,Sales Representative,4,Single,2785,11882,7,Y,No,14,3,3,80,0,3,3,4,1,0,0,0
E0982,Karen Allen,Female,Patricia,35,Yes,Travel_Frequently,662,Sales,18,4,Marketing,1,1380,4,67,3,2,Sales Executive,3,Married,4614,23288,0,Y,Yes,18,3,3,80,1,5,0,2,4,2,3,2
E0983,Michael Harris,Male,Robert,38,No,Travel_Frequently,693,Research & Development,7,3,Life Sciences,1,1382,4,57,4,1,Research Scientist,3,Divorced,2610,15748,1,Y,No,11,3,4,80,3,4,2,3,4,2,0,3
E0984,Elizabeth Robinson,Female,Jennifer,34,No,Travel_Rarely,404,Research & Development,2,4,Technical Degree,1,1383,3,98,3,2,Healthcare Representative,4,Single,6687,6163,1,Y,No,11,3,4,80,0,14,2,4,14,11,4,11
E0985,Richard Taylor,Male,Michael,28,No,Travel_Rarely,736,Sales,26,3,Life Sciences,1,1387,3,48,2,2,Sales Executive,1,Married,4724,24232,1,Y,No,11,3,3,80,1,5,0,3,5,3,0,4
E0986,Robert Harris,Male,Michael,31,Yes,Travel_Rarely,330,Research & Development,22,4,Medical,1,1389,4,98,3,2,Manufacturing Director,3,Married,6179,21057,1,Y,Yes,15,3,4,80,2,10,3,2,10,2,6,7
E0987,Joseph Smith,Male,Charles,39,No,Travel_Rarely,1498,Sales,21,4,Life Sciences,1,1390,1,44,2,2,Sales Executive,4,Married,6120,3567,3,Y,Yes,12,3,4,80,2,8,2,4,5,4,1,4
E0988,Richard Harris,Male,William,51,No,Travel_Frequently,541,Sales,2,3,Marketing,1,1391,2,52,3,3,Sales Executive,2,Married,10596,15395,2,Y,No,11,3,2,80,0,14,5,3,4,2,3,2
E0989,Jessica Young,Female,Linda,41,No,Travel_Frequently,1200,Research & Development,22,3,Life Sciences,1,1392,4,75,3,2,Research Scientist,4,Divorced,5467,13953,3,Y,Yes,14,3,1,80,2,12,4,2,6,2,3,3
E0990,David Taylor,Male,Charles,37,No,Travel_Rarely,1439,Research & Development,4,1,Life Sciences,1,1394,3,54,3,1,Research Scientist,3,Married,2996,5182,7,Y,Yes,15,3,4,80,0,8,2,3,6,4,1,3
E0991,Joseph Brown,Male,Joseph,33,No,Travel_Frequently,1111,Sales,5,1,Life Sciences,1,1395,2,61,3,2,Sales Executive,4,Married,9998,19293,6,Y,No,13,3,1,80,0,8,2,4,5,4,1,2
E0992,Thomas Johnson,Male,David,32,No,Travel_Rarely,499,Sales,2,1,Marketing,1,1396,3,36,3,2,Sales Executive,2,Married,4078,20497,0,Y,Yes,13,3,1,80,3,4,3,2,3,2,1,2
E0993,John Jackson,Male,David,39,No,Non-Travel,1485,Research & Development,25,2,Life Sciences,1,1397,3,71,3,3,Healthcare Representative,3,Married,10920,3449,3,Y,No,21,4,2,80,1,13,2,3,6,4,0,5
E0994,Charles Taylor,Male,Joseph,25,No,Travel_Rarely,1372,Sales,18,1,Life Sciences,1,1399,1,93,4,2,Sales Executive,3,Married,6232,12477,2,Y,No,11,3,2,80,0,6,3,2,3,2,1,2
E0995,Karen Young,Female,Susan,52,No,Travel_Frequently,322,Research & Development,28,2,Medical,1,1401,4,59,4,4,Manufacturing Director,3,Married,13247,9731,2,Y,Yes,11,3,2,80,1,24,3,2,5,3,0,2
E0996,Sarah Allen,Female,Karen,43,No,Travel_Rarely,930,Research & Development,6,3,Medical,1,1402,1,73,2,2,Research Scientist,3,Single,4081,20003,1,Y,Yes,14,3,1,80,0,20,3,1,20,7,1,8
E0997,Elizabeth Young,Female,Karen,27,No,Travel_Rarely,205,Sales,10,3,Marketing,1,1403,4,98,2,2,Sales Executive,4,Married,5769,7100,1,Y,Yes,11,3,4,80,0,6,3,3,6,2,4,4
E0998,Linda Clark,Female,Jessica,27,Yes,Travel_Rarely,135,Research & Development,17,4,Life Sciences,1,1405,4,51,3,1,Research Scientist,3,Single,2394,25681,1,Y,Yes,13,3,4,80,0,8,2,3,8,2,7,7
E0999,David Harris,Male,John,26,No,Travel_Rarely,683,Research & Development,2,1,Medical,1,1407,1,36,2,1,Research Scientist,4,Single,3904,4050,0,Y,No,12,3,4,80,0,5,2,3,4,3,1,1
E1000,Mary Wright,Female,Sarah,42,No,Travel_Rarely,1147,Human Resources,10,3,Human Resources,1,1408,3,31,3,4,Manager,1,Married,16799,16616,0,Y,No,14,3,3,80,1,21,5,3,20,7,0,9
E1001,Susan Wright,Female,Mary,52,No,Travel_Rarely,258,Research & Development,8,4,Other,1,1409,3,54,3,1,Laboratory Technician,1,Married,2950,17363,9,Y,No,13,3,3,80,0,12,2,1,5,4,0,4
E1002,Sarah Wright,Female,Jessica,37,No,Travel_Rarely,1462,Research & Development,11,3,Medical,1,1411,1,94,3,1,Laboratory Technician,3,Single,3629,19106,4,Y,No,18,3,1,80,0,8,6,3,3,2,0,2
E1003,Thomas Martin,Male,Michael,35,No,Travel_Frequently,200,Research & Development,18,2,Life Sciences,1,1412,3,60,3,3,Manufacturing Director,4,Single,9362,19944,2,Y,No,11,3,3,80,0,10,2,3,2,2,2,2
E1004,Robert Anderson,Male,Michael,25,No,Travel_Rarely,949,Research & Development,1,3,Technical Degree,1,1415,1,81,3,1,Laboratory Technician,4,Married,3229,4910,4,Y,No,11,3,2,80,1,7,2,2,3,2,0,2
E1005,Joseph White,Male,William,26,No,Travel_Rarely,652,Research & Development,7,3,Other,1,1417,3,100,4,1,Laboratory Technician,1,Single,3578,23577,0,Y,No,12,3,4,80,0,8,2,3,7,7,0,7
E1006,Michael Smith,Male,Joseph,29,No,Travel_Rarely,332,Human Resources,17,3,Other,1,1419,2,51,2,3,Human Resources,1,Single,7988,9769,1,Y,No,13,3,1,80,0,10,3,2,10,9,0,9
E1007,James Taylor,Male,William,49,Yes,Travel_Frequently,1475,Research & Development,28,2,Life Sciences,1,1420,1,97,2,2,Laboratory Technician,1,Single,4284,22710,3,Y,No,20,4,1,80,0,20,2,3,4,3,1,3
E1008,Barbara Young,Female,Jessica,29,Yes,Travel_Frequently,337,Research & Development,14,1,Other,1,1421,3,84,3,3,Healthcare Representative,4,Single,7553,22930,0,Y,Yes,12,3,1,80,0,9,1,3,8,7,7,7
E1009,Barbara King,Female,Karen,54,No,Travel_Rarely,971,Research & Development,1,3,Medical,1,1422,4,54,3,4,Research Director,4,Single,17328,5652,6,Y,No,19,3,4,80,0,29,3,2,20,7,12,7
E1010,Sarah Clark,Female,Mary,58,No,Travel_Rarely,1055,Research & Development,1,3,Medical,1,1423,4,76,3,5,Research Director,1,Married,19701,22456,3,Y,Yes,21,4,3,80,1,32,3,3,9,8,1,5
E1011,Charles Smith,Male,Charles,55,No,Travel_Rarely,1136,Research & Development,1,4,Medical,1,1424,2,81,4,4,Research Director,4,Divorced,14732,12414,2,Y,No,13,3,4,80,2,31,4,4,7,7,0,0
E1012,Patricia Walker,Female,Sarah,36,No,Travel_Rarely,1174,Sales,3,4,Marketing,1,1425,1,99,3,2,Sales Executive,2,Single,9278,20763,3,Y,Yes,16,3,4,80,0,15,3,3,5,4,0,1
E1013,Linda Robinson,Female,Barbara,31,Yes,Travel_Frequently,667,Sales,1,4,Life Sciences,1,1427,2,50,1,1,Sales Representative,3,Single,1359,16154,1,Y,No,12,3,2,80,0,1,3,3,1,0,0,0
E1014,Sarah Young,Female,Jennifer,30,No,Travel_Rarely,855,Sales,7,4,Marketing,1,1428,4,73,3,2,Sales Executive,1,Divorced,4779,12761,7,Y,No,14,3,2,80,2,8,3,3,3,2,0,2
E1015,Barbara Davis,Female,Jessica,31,No,Travel_Rarely,182,Research & Development,8,5,Life Sciences,1,1430,1,93,3,4,Research Director,2,Single,16422,8847,3,Y,No,11,3,3,80,0,9,3,4,3,2,1,0
E1016,John Thomas,Male,Thomas,34,No,Travel_Frequently,560,Research & Development,1,4,Other,1,1431,4,91,3,1,Research Scientist,1,Divorced,2996,20284,5,Y,No,14,3,3,80,2,10,2,3,4,3,1,3
E1017,Patricia Wright,Female,Barbara,31,Yes,Travel_Rarely,202,Research & Development,8,3,Life Sciences,1,1433,1,34,2,1,Research Scientist,2,Single,1261,22262,1,Y,No,12,3,3,80,0,1,3,4,1,0,0,0
E1018,William Anderson,Male,Richard,27,No,Travel_Rarely,1377,Research & Development,11,1,Life Sciences,1,1434,2,91,3,1,Laboratory Technician,1,Married,2099,7679,0,Y,No,14,3,2,80,0,6,3,4,5,0,1,4
E1019,David Thomas,Male,James,36,No,Travel_Rarely,172,Research & Development,4,4,Life Sciences,1,1435,1,37,2,2,Laboratory Technician,4,Single,5810,22604,1,Y,No,16,3,3,80,0,10,2,2,10,4,1,8
E1020,Barbara Clark,Female,Elizabeth,36,No,Travel_Rarely,329,Sales,16,4,Marketing,1,1436,3,98,2,2,Sales Executive,1,Married,5647,13494,4,Y,No,13,3,1,80,2,11,3,2,3,2,0,2
E1021,Charles Brown,Male,William,47,No,Travel_Rarely,465,Research & Development,1,3,Technical Degree,1,1438,1,74,3,1,Research Scientist,4,Married,3420,10205,7,Y,No,12,3,3,80,1,17,2,2,6,5,1,2
E1022,David White,Male,Charles,25,Yes,Travel_Rarely,383,Sales,9,2,Life Sciences,1,1439,1,68,2,1,Sales Representative,1,Married,4400,15182,3,Y,No,12,3,1,80,0,6,2,3,3,2,2,2
E1023,James Smith,Male,Michael,37,No,Non-Travel,1413,Research & Development,5,2,Technical Degree,1,1440,3,84,4,1,Laboratory Technician,3,Single,3500,25470,0,Y,No,14,3,1,80,0,7,2,1,6,5,1,3
E1024,Patricia Hall,Female,Barbara,56,No,Travel_Rarely,1255,Research & Development,1,2,Life Sciences,1,1441,1,90,3,1,Research Scientist,1,Married,2066,10494,2,Y,No,22,4,4,80,1,5,3,4,3,2,1,0
E1025,Sarah Robinson,Female,Susan,47,No,Travel_Rarely,359,Research & Development,2,4,Medical,1,1443,1,82,3,4,Research Director,3,Married,17169,26703,3,Y,No,19,3,2,80,2,26,2,4,20,17,5,6
E1026,Jennifer Young,Female,Sarah,24,No,Travel_Rarely,1476,Sales,4,1,Medical,1,1445,4,42,3,2,Sales Executive,3,Married,4162,15211,1,Y,Yes,12,3,3,80,2,5,3,3,5,4,0,3
E1027,Charles Harris,Male,James,32,No,Travel_Rarely,601,Sales,7,5,Marketing,1,1446,4,97,3,2,Sales Executive,4,Married,9204,23343,4,Y,No,12,3,3,80,1,7,3,2,4,3,0,3
E1028,Elizabeth King,Female,Barbara,34,No,Travel_Rarely,401,Research & Development,1,3,Life Sciences,1,1447,4,86,2,1,Laboratory Technician,2,Married,3294,3708,5,Y,No,17,3,1,80,1,7,2,2,5,4,0,2
E1029,John Brown,Male,Richard,41,No,Travel_Rarely,1283,Research & Development,5,5,Medical,1,1448,2,90,4,1,Research Scientist,3,Married,2127,5561,2,Y,Yes,12,3,1,80,0,7,5,2,4,2,0,3
E1030,Richard Jackson,Male,Robert,40,No,Non-Travel,663,Research & Development,9,4,Other,1,1449,3,81,3,2,Laboratory Technician,3,Divorced,3975,23099,3,Y,No,11,3,3,80,2,11,2,4,8,7,0,7
E1031,David Thomas,Male,Joseph,31,No,Travel_Rarely,326,Sales,8,2,Life Sciences,1,1453,1,31,3,3,Sales Executive,4,Divorced,10793,8386,1,Y,No,18,3,1,80,1,13,5,3,13,7,9,9
E1032,John Martin,Male,William,46,Yes,Travel_Rarely,377,Sales,9,3,Marketing,1,1457,1,52,3,3,Sales Executive,4,Divorced,10096,15986,4,Y,No,11,3,1,80,1,28,1,4,7,7,4,3
E1033,Barbara Robinson,Female,Sarah,39,Yes,Non-Travel,592,Research & Development,2,3,Life Sciences,1,1458,1,54,2,1,Laboratory Technician,1,Single,3646,17181,2,Y,Yes,23,4,2,80,0,11,2,4,1,0,0,0
E1034,Jennifer Clark,Female,Elizabeth,31,Yes,Travel_Frequently,1445,Research & Development,1,5,Life Sciences,1,1459,3,100,4,3,Manufacturing Director,2,Single,7446,8931,1,Y,No,11,3,1,80,0,10,2,3,10,8,4,7
E1035,James Anderson,Male,Thomas,45,No,Travel_Rarely,1038,Research & Development,20,3,Medical,1,1460,2,95,1,3,Healthcare Representative,1,Divorced,10851,19863,2,Y,Yes,18,3,2,80,1,24,2,3,7,7,0,7
E1036,Patricia Clark,Female,Karen,31,No,Travel_Rarely,1398,Human Resources,8,2,Medical,1,1461,4,96,4,1,Human Resources,2,Single,2109,24609,9,Y,No,18,3,4,80,0,8,3,3,3,2,0,2
E1037,Richard White,Male,Michael,31,Yes,Travel_Frequently,523,Research & Development,2,3,Life Sciences,1,1464,2,94,3,1,Laboratory Technician,4,Married,3722,21081,6,Y,Yes,13,3,3,80,1,7,2,1,2,2,2,2
E1038,Charles White,Male,Thomas,45,No,Travel_Rarely,1448,Research & Development,29,3,Technical Degree,1,1465,2,55,3,3,Manufacturing Director,4,Married,9380,14720,4,Y,Yes,18,3,4,80,2,10,4,4,3,1,1,2
E1039,Michael Smith,Male,William,48,No,Travel_Rarely,1221,Sales,7,3,Marketing,1,1466,3,96,3,2,Sales Executive,1,Divorced,5486,24795,4,Y,No,11,3,1,80,3,15,3,3,2,2,2,2
E1040,Susan Davis,Female,Karen,34,Yes,Travel_Rarely,1107,Human Resources,9,4,Technical Degree,1,1467,1,52,3,1,Human Resources,3,Married,2742,3072,1,Y,No,15,3,4,80,0,2,0,3,2,2,2,2
E1041,Michael White,Male,Thomas,40,No,Non-Travel,218,Research & Development,8,1,Medical,1,1468,4,55,2,3,Research Director,2,Divorced,13757,25178,2,Y,No,11,3,3,80,1,16,5,3,9,8,4,8
E1042,John Thomas,Male,Robert,28,No,Travel_Rarely,866,Sales,5,3,Medical,1,1469,4,84,3,2,Sales Executive,1,Single,8463,23490,0,Y,No,18,3,4,80,0,6,4,3,5,4,1,3
E1043,David Harris,Male,Michael,44,No,Non-Travel,981,Research & Development,5,3,Life Sciences,1,1471,3,90,2,1,Laboratory Technician,3,Single,3162,7973,3,Y,No,14,3,4,80,0,7,5,3,5,2,0,3
E1044,William Martin,Male,Thomas,53,No,Travel_Rarely,447,Research & Development,2,3,Medical,1,1472,4,39,4,4,Research Director,2,Single,16598,19764,4,Y,No,12,3,2,80,0,35,2,2,9,8,8,8
E1045,Michael Anderson,Male,Charles,49,No,Travel_Rarely,1495,Research & Development,5,4,Technical Degree,1,1473,1,96,3,2,Healthcare Representative,3,Married,6651,21534,2,Y,No,14,3,2,80,1,20,0,2,3,2,1,2
E1046,Charles Anderson,Male,David,40,No,Travel_Rarely,896,Research & Development,2,3,Medical,1,1474,3,68,3,1,Research Scientist,3,Divorced,2345,8045,2,Y,No,14,3,3,80,1,8,3,4,3,1,1,2
E1047,Joseph Martin,Male,John,44,No,Travel_Rarely,1467,Research & Development,20,3,Life Sciences,1,1475,4,49,3,1,Research Scientist,2,Single,3420,21158,1,Y,No,13,3,3,80,0,6,3,2,5,2,1,3
E1048,Joseph Johnson,Male,Richard,33,No,Travel_Frequently,430,Sales,7,3,Medical,1,1477,4,54,3,2,Sales Executive,1,Married,4373,17456,0,Y,No,14,3,1,80,2,5,2,3,4,3,0,3
E1049,Richard White,Male,John,34,No,Travel_Rarely,1326,Sales,3,3,Other,1,1478,4,81,1,2,Sales Executive,1,Single,4759,15891,3,Y,No,18,3,4,80,0,15,2,3,13,9,3,12
E1050,David Anderson,Male,John,30,No,Travel_Rarely,1358,Sales,16,1,Life Sciences,1,1479,4,96,3,2,Sales Executive,3,Married,5301,2939,8,Y,No,15,3,3,80,2,4,2,2,2,1,2,2
E1051,Sarah Lewis,Female,Mary,42,No,Travel_Frequently,748,Research & Development,9,2,Medical,1,1480,1,74,3,1,Laboratory Technician,4,Single,3673,16458,1,Y,No,13,3,3,80,0,12,3,3,12,9,5,8
E1052,Karen Robinson,Female,Jennifer,44,No,Travel_Frequently,383,Sales,1,5,Marketing,1,1481,1,79,3,2,Sales Executive,3,Married,4768,9282,7,Y,No,12,3,3,80,1,11,4,2,1,0,0,0
E1053,Thomas Thomas,Male,David,30,No,Non-Travel,990,Research & Development,7,3,Technical Degree,1,1482,3,64,3,1,Research Scientist,3,Divorced,1274,7152,1,Y,No,13,3,2,80,2,1,2,2,1,0,0,0
E1054,Joseph Jackson,Male,Joseph,57,No,Travel_Rarely,405,Research & Development,1,2,Life Sciences,1,1483,2,93,4,2,Research Scientist,3,Married,4900,2721,0,Y,No,24,4,1,80,1,13,2,2,12,9,2,8
E1055,John Brown,Male,Thomas,49,No,Travel_Rarely,1490,Research & Development,7,4,Life Sciences,1,1484,3,35,3,3,Healthcare Representative,2,Divorced,10466,20948,3,Y,No,14,3,2,80,2,29,3,3,8,7,0,7
E1056,James Harris,Male,Richard,34,No,Travel_Frequently,829,Research & Development,15,3,Medical,1,1485,2,71,3,4,Research Director,1,Divorced,17007,11929,7,Y,No,14,3,4,80,2,16,3,2,14,8,6,9
E1057,Richard Smith,Male,Michael,28,Yes,Travel_Frequently,1496,Sales,1,3,Technical Degree,1,1486,1,92,3,1,Sales Representative,3,Married,2909,15747,3,Y,No,15,3,4,80,1,5,3,4,3,2,1,2
E1058,Jennifer Robinson,Female,Barbara,29,Yes,Travel_Frequently,115,Sales,13,3,Technical Degree,1,1487,1,51,3,2,Sales Executive,2,Single,5765,17485,5,Y,No,11,3,1,80,0,7,4,1,5,3,0,0
E1059,Linda Walker,Female,Elizabeth,34,Yes,Travel_Rarely,790,Sales,24,4,Medical,1,1489,1,40,2,2,Sales Executive,2,Single,4599,7815,0,Y,Yes,23,4,3,80,0,16,2,4,15,9,10,10
E1060,Robert Brown,Male,Joseph,35,No,Travel_Rarely,660,Sales,7,1,Life Sciences,1,1492,4,76,3,1,Sales Representative,3,Married,2404,16192,1,Y,No,13,3,1,80,1,1,3,3,1,0,0,0
E1061,James Jackson,Male,James,24,Yes,Travel_Frequently,381,Research & Development,9,3,Medical,1,1494,2,89,3,1,Laboratory Technician,1,Single,3172,16998,2,Y,Yes,11,3,3,80,0,4,2,2,0,0,0,0
E1062,Karen Davis,Female,Mary,24,No,Non-Travel,830,Sales,13,2,Life Sciences,1,1495,4,78,3,1,Sales Representative,2,Married,2033,7103,1,Y,No,13,3,3,80,1,1,2,3,1,0,0,0
E1063,John Taylor,Male,David,44,No,Travel_Frequently,1193,Research & Development,2,1,Medical,1,1496,2,86,3,3,Manufacturing Director,3,Single,10209,19719,5,Y,Yes,18,3,2,80,0,16,2,2,2,2,2,2
E1064,Michael Anderson,Male,Charles,29,No,Travel_Rarely,1246,Sales,19,3,Life Sciences,1,1497,3,77,2,2,Sales Executive,3,Divorced,8620,23757,1,Y,No,14,3,3,80,2,10,3,3,10,7,0,4
E1065,John Taylor,Male,John,30,No,Travel_Rarely,330,Human Resources,1,3,Life Sciences,1,1499,3,46,3,1,Human Resources,3,Divorced,2064,15428,0,Y,No,21,4,1,80,1,6,3,4,5,3,1,3
E1066,James Johnson,Male,William,55,No,Travel_Rarely,1229,Research & Development,4,4,Life Sciences,1,1501,4,30,3,2,Healthcare Representative,3,Married,4035,16143,0,Y,Yes,16,3,2,80,0,4,2,3,3,2,1,2
E1067,Mary Wright,Female,Mary,33,No,Travel_Rarely,1099,Research & Development,4,4,Medical,1,1502,1,82,2,1,Laboratory Technician,2,Married,3838,8192,8,Y,No,11,3,4,80,0,8,5,3,5,4,0,2
E1068,Karen Robinson,Female,Susan,47,No,Travel_Rarely,571,Sales,14,3,Medical,1,1503,3,78,3,2,Sales Executive,3,Married,4591,24200,3,Y,Yes,17,3,3,80,1,11,4,2,5,4,1,2
E1069,Michael Jackson,Male,James,28,Yes,Travel_Frequently,289,Research & Development,2,2,Medical,1,1504,3,38,2,1,Laboratory Technician,1,Single,2561,5355,7,Y,No,11,3,3,80,0,8,2,2,0,0,0,0
E1070,Charles Harris,Male,Michael,28,No,Travel_Rarely,1423,Research & Development,1,3,Life Sciences,1,1506,1,72,2,1,Research Scientist,3,Divorced,1563,12530,1,Y,No,14,3,4,80,1,1,2,1,1,0,0,0
E1071,Thomas Anderson,Male,Thomas,28,No,Travel_Frequently,467,Sales,7,3,Life Sciences,1,1507,3,55,3,2,Sales Executive,1,Single,4898,11827,0,Y,No,14,3,4,80,0,5,5,3,4,2,1,3
E1072,Karen Davis,Female,Mary,49,No,Travel_Rarely,271,Research & Development,3,2,Medical,1,1509,3,43,2,2,Laboratory Technician,1,Married,4789,23070,4,Y,No,25,4,1,80,1,10,3,3,3,2,1,2
E1073,Mary Hall,Female,Linda,29,No,Travel_Frequently,410,Research & Development,2,1,Life Sciences,1,1513,4,97,3,1,Laboratory Technician,2,Married,3180,4668,0,Y,No,13,3,3,80,3,4,3,3,3,2,0,2
E1074,John White,Male,David,28,No,Travel_Rarely,1083,Research & Development,29,1,Life Sciences,1,1514,3,96,1,2,Manufacturing Director,2,Married,6549,3173,1,Y,No,14,3,2,80,2,8,2,2,8,6,1,7
E1075,Thomas Taylor,Male,David,33,No,Travel_Rarely,516,Research & Development,8,5,Life Sciences,1,1515,4,69,3,2,Healthcare Representative,3,Single,6388,22049,2,Y,Yes,17,3,1,80,0,14,6,3,0,0,0,0
E1076,William White,Male,Joseph,32,No,Travel_Rarely,495,Research & Development,10,3,Medical,1,1516,3,64,3,3,Manager,4,Single,11244,21072,2,Y,No,25,4,2,80,0,10,5,4,5,2,0,0
E1077,Jennifer Walker,Female,Mary,54,No,Travel_Frequently,1050,Research & Development,11,4,Medical,1,1520,2,87,3,4,Manager,4,Divorced,16032,24456,3,Y,No,20,4,1,80,1,26,2,3,14,9,1,12
E1078,Robert Martin,Male,Richard,29,Yes,Travel_Rarely,224,Research & Development,1,4,Technical Degree,1,1522,1,100,2,1,Research Scientist,1,Single,2362,7568,6,Y,No,13,3,3,80,0,11,2,1,9,7,0,7
E1079,Robert Brown,Male,James,44,No,Travel_Rarely,136,Research & Development,28,3,Life Sciences,1,1523,4,32,3,4,Research Director,1,Married,16328,22074,3,Y,No,13,3,3,80,1,24,1,4,20,6,14,17
E1080,Susan Allen,Female,Susan,39,No,Travel_Rarely,1089,Research & Development,6,3,Life Sciences,1,1525,2,32,3,3,Manufacturing Director,2,Single,8376,9150,4,Y,No,18,3,4,80,0,9,3,3,2,0,2,2
E1081,Susan Wright,Female,Jennifer,46,No,Travel_Rarely,228,Sales,3,3,Life Sciences,1,1527,3,51,3,4,Manager,2,Married,16606,11380,8,Y,No,12,3,4,80,1,23,2,4,13,12,5,1
E1082,Jessica Walker,Female,Jessica,35,No,Travel_Rarely,1029,Research & Development,16,3,Life Sciences,1,1529,4,91,2,3,Healthcare Representative,2,Single,8606,21195,1,Y,No,19,3,4,80,0,11,3,1,11,8,3,3
E1083,William Taylor,Male,Robert,23,No,Travel_Rarely,507,Research & Development,20,1,Life Sciences,1,1533,1,97,3,2,Laboratory Technician,3,Single,2272,24812,0,Y,No,14,3,2,80,0,5,2,3,4,3,1,2
E1084,Richard Martin,Male,James,40,Yes,Travel_Rarely,676,Research & Development,9,4,Life Sciences,1,1534,4,86,3,1,Laboratory Technician,1,Single,2018,21831,3,Y,No,14,3,2,80,0,15,3,1,5,4,1,0
E1085,Michael Johnson,Male,Joseph,34,No,Travel_Rarely,971,Sales,1,3,Technical Degree,1,1535,4,64,2,3,Sales Executive,3,Married,7083,12288,1,Y,Yes,14,3,4,80,0,10,3,3,10,9,8,6
E1086,Linda Young,Female,Jennifer,31,Yes,Travel_Frequently,561,Research & Development,3,3,Life Sciences,1,1537,4,33,3,1,Research Scientist,3,Single,4084,4156,1,Y,No,12,3,1,80,0,7,2,1,7,2,7,7
E1087,Thomas Brown,Male,John,50,No,Travel_Frequently,333,Research & Development,22,5,Medical,1,1539,3,88,1,4,Research Director,4,Single,14411,24450,1,Y,Yes,13,3,4,80,0,32,2,3,32,6,13,9
E1088,Richard Harris,Male,James,34,No,Travel_Rarely,1440,Sales,7,2,Technical Degree,1,1541,2,55,3,1,Sales Representative,3,Married,2308,4944,0,Y,Yes,25,4,2,80,1,12,4,3,11,10,5,7
E1089,Michael Martin,Male,Robert,42,No,Travel_Rarely,1210,Research & Development,2,3,Medical,1,1542,3,68,2,1,Laboratory Technician,2,Married,4841,24052,4,Y,No,14,3,2,80,1,4,3,3,1,0,0,0
E1090,Robert Anderson,Male,John,37,No,Travel_Rarely,674,Research & Development,13,3,Medical,1,1543,1,47,3,2,Research Scientist,4,Married,4285,3031,1,Y,No,17,3,1,80,0,10,2,3,10,8,3,7
E1091,Mary Lewis,Female,Patricia,29,No,Travel_Rarely,441,Research & Development,8,1,Other,1,1544,3,39,1,2,Healthcare Representative,1,Married,9715,7288,3,Y,No,13,3,3,80,1,9,3,3,7,7,0,7
E1092,Joseph White,Male,David,33,No,Travel_Rarely,575,Research & Development,25,3,Life Sciences,1,1545,4,44,2,2,Manufacturing Director,2,Single,4320,24152,1,Y,No,13,3,4,80,0,5,2,3,5,3,0,2
E1093,Michael Johnson,Male,James,45,No,Travel_Rarely,950,Research & Development,28,3,Technical Degree,1,1546,4,97,3,1,Research Scientist,4,Married,2132,4585,4,Y,No,20,4,4,80,1,8,3,3,5,4,0,3
E1094,Joseph White,Male,John,42,No,Travel_Frequently,288,Research & Development,2,3,Life Sciences,1,1547,4,40,3,3,Healthcare Representative,4,Married,10124,18611,2,Y,Yes,14,3,3,80,1,24,3,1,20,8,13,9
E1095,Charles Taylor,Male,David,40,No,Travel_Rarely,1342,Sales,9,2,Medical,1,1548,1,47,3,2,Sales Executive,1,Married,5473,19345,0,Y,No,12,3,4,80,0,9,5,4,8,4,7,1
E1096,Robert Johnson,Male,Robert,33,No,Travel_Rarely,589,Research & Development,28,4,Life Sciences,1,1549,2,79,3,2,Laboratory Technician,3,Married,5207,22949,1,Y,Yes,12,3,2,80,1,15,3,3,15,14,5,7
E1097,Thomas Smith,Male,Michael,40,No,Travel_Rarely,898,Human Resources,6,2,Medical,1,1550,3,38,3,4,Manager,4,Single,16437,17381,1,Y,Yes,21,4,4,80,0,21,2,3,21,7,7,7
E1098,Richard Anderson,Male,James,24,No,Travel_Rarely,350,Research & Development,21,2,Technical Degree,1,1551,3,57,2,1,Laboratory Technician,1,Divorced,2296,10036,0,Y,No,14,3,2,80,3,2,3,3,1,1,0,0
E1099,Joseph Taylor,Male,Joseph,40,No,Non-Travel,1142,Research & Development,8,2,Life Sciences,1,1552,4,72,3,2,Healthcare Representative,4,Divorced,4069,8841,3,Y,Yes,18,3,3,80,0,8,2,3,2,2,2,2
E1100,Richard Anderson,Male,Richard,45,No,Travel_Rarely,538,Research & Development,1,4,Technical Degree,1,1553,1,66,3,3,Healthcare Representative,2,Divorced,7441,20933,1,Y,No,12,3,1,80,3,10,4,3,10,8,7,7
E1101,Elizabeth King,Female,Susan,35,No,Travel_Rarely,1402,Sales,28,4,Life Sciences,1,1554,2,98,2,1,Sales Representative,3,Married,2430,26204,0,Y,No,23,4,1,80,2,6,5,3,5,3,4,2
E1102,Sarah King,Female,Jennifer,32,No,Travel_Rarely,824,Research & Development,5,2,Life Sciences,1,1555,4,67,2,2,Research Scientist,2,Married,5878,15624,3,Y,No,12,3,1,80,1,12,2,3,7,1,2,5
E1103,David Thomas,Male,Charles,36,No,Travel_Rarely,1157,Sales,2,4,Life Sciences,1,1556,3,70,3,1,Sales Representative,4,Single,2644,17001,3,Y,Yes,21,4,4,80,0,7,3,2,3,2,1,2
E1104,Elizabeth King,Female,Karen,48,No,Travel_Rarely,492,Sales,16,4,Life Sciences,1,1557,3,96,3,2,Sales Executive,3,Divorced,6439,13693,8,Y,No,14,3,3,80,1,18,2,3,8,7,7,7
E1105,Charles White,Male,Robert,29,No,Travel_Rarely,598,Research & Development,9,3,Life Sciences,1,1558,3,91,4,1,Research Scientist,3,Married,2451,22376,6,Y,No,18,3,1,80,2,5,2,2,1,0,0,0
E1106,Richard Jackson,Male,John,33,No,Travel_Rarely,1242,Sales,8,4,Life Sciences,1,1560,1,46,3,2,Sales Executive,1,Married,6392,10589,2,Y,No,13,3,4,80,1,8,6,1,2,2,2,2
E1107,David Anderson,Male,James,30,Yes,Travel_Rarely,740,Sales,1,3,Life Sciences,1,1562,2,64,2,2,Sales Executive,1,Married,9714,5323,1,Y,No,11,3,4,80,1,10,4,3,10,8,6,7
E1108,Michael Brown,Male,Richard,38,No,Travel_Frequently,888,Human Resources,10,4,Human Resources,1,1563,3,71,3,2,Human Resources,3,Married,6077,14814,3,Y,No,11,3,3,80,0,10,2,3,6,3,1,2
E1109,Robert Thomas,Male,Richard,35,No,Travel_Rarely,992,Research & Development,1,3,Medical,1,1564,4,68,2,1,Laboratory Technician,1,Single,2450,21731,1,Y,No,19,3,2,80,0,3,3,3,3,0,1,2
E1110,Michael Thomas,Male,John,30,No,Travel_Rarely,1288,Sales,29,4,Technical Degree,1,1568,3,33,3,3,Sales Executive,2,Married,9250,17799,3,Y,No,12,3,2,80,1,9,3,3,4,2,1,3
E1111,Jennifer Robinson,Female,Susan,35,Yes,Travel_Rarely,104,Research & Development,2,3,Life Sciences,1,1569,1,69,3,1,Laboratory Technician,1,Divorced,2074,26619,1,Y,Yes,12,3,4,80,1,1,2,3,1,0,0,0
E1112,Sarah Walker,Female,Jessica,53,Yes,Travel_Rarely,607,Research & Development,2,5,Technical Degree,1,1572,3,78,2,3,Manufacturing Director,4,Married,10169,14618,0,Y,No,16,3,2,80,1,34,4,3,33,7,1,9
E1113,Richard Martin,Male,James,38,Yes,Travel_Rarely,903,Research & Development,2,3,Medical,1,1573,3,81,3,2,Manufacturing Director,2,Married,4855,7653,4,Y,No,11,3,1,80,2,7,2,3,5,2,1,4
E1114,John Anderson,Male,Thomas,32,No,Non-Travel,1200,Research & Development,1,4,Technical Degree,1,1574,4,62,3,2,Research Scientist,1,Married,4087,25174,4,Y,No,14,3,2,80,1,9,3,2,6,5,1,2
E1115,Sarah Lewis,Female,Susan,48,No,Travel_Rarely,1108,Research & Development,15,4,Other,1,1576,3,65,3,1,Research Scientist,1,Married,2367,16530,8,Y,No,12,3,4,80,1,10,3,2,8,2,7,6
E1116,Thomas Thomas,Male,Robert,34,No,Travel_Rarely,479,Research & Development,7,4,Medical,1,1577,1,35,3,1,Research Scientist,4,Single,2972,22061,1,Y,No,13,3,3,80,0,1,4,1,1,0,0,0
E1117,Michael Jackson,Male,Joseph,55,No,Travel_Rarely,685,Sales,26,5,Marketing,1,1578,3,60,2,5,Manager,4,Married,19586,23037,1,Y,No,21,4,3,80,1,36,3,3,36,6,2,13
E1118,Joseph Thomas,Male,Richard,34,No,Travel_Rarely,1351,Research & Development,1,4,Life Sciences,1,1580,2,45,3,2,Research Scientist,4,Married,5484,13008,9,Y,No,17,3,2,80,1,9,3,2,2,2,2,1
E1119,Elizabeth Hall,Female,Jessica,26,No,Travel_Rarely,474,Research & Development,3,3,Life Sciences,1,1581,1,89,3,1,Research Scientist,4,Married,2061,11133,1,Y,No,21,4,1,80,0,1,5,3,1,0,0,0
E1120,William White,Male,David,38,No,Travel_Rarely,1245,Sales,14,3,Life Sciences,1,1582,3,80,3,2,Sales Executive,2,Married,9924,12355,0,Y,No,11,3,4,80,1,10,3,3,9,8,7,7
E1121,Mary Allen,Female,Sarah,38,No,Travel_Rarely,437,Sales,16,3,Life Sciences,1,1583,2,90,3,2,Sales Executive,2,Single,4198,16379,2,Y,No,12,3,2,80,0,8,5,4,3,2,1,2
E1122,Karen Wright,Female,Elizabeth,36,No,Travel_Rarely,884,Sales,1,4,Life Sciences,1,1585,2,73,3,2,Sales Executive,3,Single,6815,21447,6,Y,No,13,3,1,80,0,15,5,3,1,0,0,0
E1123,John Harris,Male,Robert,29,No,Travel_Rarely,1370,Research & Development,3,1,Medical,1,1586,2,87,3,1,Laboratory Technician,1,Single,4723,16213,1,Y,Yes,18,3,4,80,0,10,3,3,10,9,1,5
E1124,Mary Wright,Female,Jennifer,35,No,Travel_Rarely,670,Research & Development,10,4,Medical,1,1587,1,51,3,2,Healthcare Representative,3,Single,6142,4223,3,Y,Yes,16,3,3,80,0,10,4,3,5,2,0,4
E1125,David Harris,Male,James,39,No,Travel_Rarely,1462,Sales,6,3,Medical,1,1588,4,38,4,3,Sales Executive,3,Married,8237,4658,2,Y,No,11,3,1,80,1,11,3,3,7,6,7,6
E1126,James Taylor,Male,Joseph,29,No,Travel_Frequently,995,Research & Development,2,1,Life Sciences,1,1590,1,87,3,2,Healthcare Representative,4,Divorced,8853,24483,1,Y,No,19,3,4,80,1,6,0,4,6,4,1,3
E1127,Michael Harris,Male,John,50,No,Travel_Rarely,264,Sales,9,3,Marketing,1,1591,3,59,3,5,Manager,3,Married,19331,19519,4,Y,Yes,16,3,3,80,1,27,2,3,1,0,0,0
E1128,William Anderson,Male,Robert,23,No,Travel_Rarely,977,Research & Development,10,3,Technical Degree,1,1592,4,45,4,1,Research Scientist,3,Married,2073,12826,2,Y,No,16,3,4,80,1,4,2,3,2,2,2,2
E1129,David Smith,Male,Joseph,36,No,Travel_Frequently,1302,Research & Development,6,4,Life Sciences,1,1594,1,80,4,2,Laboratory Technician,1,Married,5562,19711,3,Y,Yes,13,3,4,80,1,9,3,3,3,2,0,2
E1130,James Harris,Male,Joseph,42,No,Travel_Rarely,1059,Research & Development,9,2,Other,1,1595,4,93,2,5,Manager,4,Single,19613,26362,8,Y,No,22,4,4,80,0,24,2,3,1,0,0,1
E1131,Robert Taylor,Male,Michael,35,No,Travel_Rarely,750,Research & Development,28,3,Life Sciences,1,1596,2,46,4,2,Laboratory Technician,3,Married,3407,25348,1,Y,No,17,3,4,80,2,10,3,2,10,9,6,8
E1132,James Harris,Male,Michael,34,No,Travel_Frequently,653,Research & Development,10,4,Technical Degree,1,1597,4,92,2,2,Healthcare Representative,3,Married,5063,15332,1,Y,No,14,3,2,80,1,8,3,2,8,2,7,7
E1133,Jessica Clark,Female,Elizabeth,40,No,Travel_Rarely,118,Sales,14,2,Life Sciences,1,1598,4,84,3,2,Sales Executive,1,Married,4639,11262,1,Y,No,15,3,3,80,1,5,2,3,5,4,1,2
E1134,Joseph Jackson,Male,David,43,No,Travel_Rarely,990,Research & Development,27,3,Technical Degree,1,1599,4,87,4,1,Laboratory Technician,2,Divorced,4876,5855,5,Y,No,12,3,3,80,1,8,0,3,6,4,0,2
E1135,David Smith,Male,William,35,No,Travel_Rarely,1349,Research & Development,7,2,Life Sciences,1,1601,3,63,2,1,Laboratory Technician,4,Married,2690,7713,1,Y,No,18,3,4,80,1,1,5,2,1,0,0,1
E1136,Richard Martin,Male,Richard,46,No,Travel_Rarely,563,Sales,1,4,Life Sciences,1,1602,4,56,4,4,Manager,1,Single,17567,3156,1,Y,No,15,3,2,80,0,27,5,1,26,0,0,12
E1137,Richard Harris,Male,John,28,Yes,Travel_Rarely,329,Research & Development,24,3,Medical,1,1604,3,51,3,1,Laboratory Technician,2,Married,2408,7324,1,Y,Yes,17,3,3,80,3,1,3,3,1,1,0,0
E1138,Mary Clark,Female,Susan,22,No,Non-Travel,457,Research & Development,26,2,Other,1,1605,2,85,2,1,Research Scientist,3,Married,2814,10293,1,Y,Yes,14,3,2,80,0,4,2,2,4,2,1,3
E1139,Thomas Harris,Male,Charles,50,No,Travel_Frequently,1234,Research & Development,20,5,Medical,1,1606,2,41,3,4,Healthcare Representative,3,Married,11245,20689,2,Y,Yes,15,3,3,80,1,32,3,3,30,8,12,13
E1140,Barbara Hall,Female,Susan,32,No,Travel_Rarely,634,Research & Development,5,4,Other,1,1607,2,35,4,1,Research Scientist,4,Married,3312,18783,3,Y,No,17,3,4,80,2,6,3,3,3,2,0,2
E1141,Linda Robinson,Female,Mary,44,No,Travel_Rarely,1313,Research & Development,7,3,Medical,1,1608,2,31,3,5,Research Director,4,Divorced,19049,3549,0,Y,Yes,14,3,4,80,1,23,4,2,22,7,1,10
E1142,William Brown,Male,Richard,30,No,Travel_Rarely,241,Research & Development,7,3,Medical,1,1609,2,48,2,1,Research Scientist,2,Married,2141,5348,1,Y,No,12,3,2,80,1,6,3,2,6,4,1,1
E1143,Mary Davis,Female,Elizabeth,45,No,Travel_Rarely,1015,Research & Development,5,5,Medical,1,1611,3,50,1,2,Laboratory Technician,1,Single,5769,23447,1,Y,Yes,14,3,1,80,0,10,3,3,10,7,1,4
E1144,Richard Smith,Male,Robert,45,No,Non-Travel,336,Sales,26,3,Marketing,1,1612,1,52,2,2,Sales Executive,1,Married,4385,24162,1,Y,No,15,3,1,80,1,10,2,3,10,7,4,5
E1145,James Brown,Male,Robert,31,No,Travel_Frequently,715,Sales,2,4,Other,1,1613,4,54,3,2,Sales Executive,1,Single,5332,21602,7,Y,No,13,3,4,80,0,10,3,3,5,2,0,3
E1146,Karen Robinson,Female,Linda,36,No,Travel_Rarely,559,Research & Development,12,4,Life Sciences,1,1614,3,76,3,2,Manufacturing Director,3,Married,4663,12421,9,Y,Yes,12,3,2,80,2,7,2,3,3,2,1,1
E1147,Michael Johnson,Male,John,34,No,Travel_Frequently,426,Research & Development,10,4,Life Sciences,1,1615,3,42,4,2,Manufacturing Director,4,Divorced,4724,17000,1,Y,No,13,3,1,80,1,9,3,3,9,7,7,2
E1148,Mary Lewis,Female,Patricia,49,No,Travel_Rarely,722,Research & Development,25,4,Life Sciences,1,1617,3,84,3,1,Laboratory Technician,1,Married,3211,22102,1,Y,No,14,3,4,80,1,10,3,2,9,6,1,4
E1149,Michael Brown,Male,James,39,No,Travel_Rarely,1387,Research & Development,10,5,Medical,1,1618,2,76,3,2,Manufacturing Director,1,Married,5377,3835,2,Y,No,13,3,4,80,3,10,3,3,7,7,7,7
E1150,Joseph Martin,Male,William,27,No,Travel_Rarely,1302,Research & Development,19,3,Other,1,1619,4,67,2,1,Laboratory Technician,1,Divorced,4066,16290,1,Y,No,11,3,1,80,2,7,3,3,7,7,0,7
E1151,James Johnson,Male,Michael,35,No,Travel_Rarely,819,Research & Development,18,5,Life Sciences,1,1621,2,48,4,2,Research Scientist,1,Married,5208,26312,1,Y,No,11,3,4,80,0,16,2,3,16,15,1,10
E1152,Susan Robinson,Female,Karen,28,No,Travel_Rarely,580,Research & Development,27,3,Medical,1,1622,2,39,1,2,Manufacturing Director,1,Divorced,4877,20460,0,Y,No,21,4,2,80,1,6,5,2,5,3,0,0
E1153,Joseph Brown,Male,John,21,No,Travel_Rarely,546,Research & Development,5,1,Medical,1,1623,3,97,3,1,Research Scientist,4,Single,3117,26009,1,Y,No,18,3,3,80,0,3,2,3,2,2,2,2
E1154,Barbara King,Female,Jennifer,18,Yes,Travel_Frequently,544,Sales,3,2,Medical,1,1624,2,70,3,1,Sales Representative,4,Single,1569,18420,1,Y,Yes,12,3,3,80,0,0,2,4,0,0,0,0
E1155,Mary Davis,Female,Susan,47,No,Travel_Rarely,1176,Human Resources,26,4,Life Sciences,1,1625,4,98,3,5,Manager,3,Married,19658,5220,3,Y,No,11,3,3,80,1,27,2,3,5,2,1,0
E1156,Joseph Brown,Male,Richard,39,No,Travel_Rarely,170,Research & Development,3,2,Medical,1,1627,3,76,2,2,Laboratory Technician,3,Divorced,3069,10302,0,Y,No,15,3,4,80,1,11,3,3,10,8,0,7
E1157,Elizabeth Davis,Female,Linda,40,No,Travel_Rarely,884,Research & Development,15,3,Life Sciences,1,1628,1,80,2,3,Manufacturing Director,3,Married,10435,25800,1,Y,No,13,3,4,80,2,18,2,3,18,15,14,12
E1158,Elizabeth Hall,Female,Elizabeth,35,No,Non-Travel,208,Research & Development,8,4,Life Sciences,1,1630,3,52,3,2,Healthcare Representative,3,Married,4148,12250,1,Y,No,12,3,4,80,1,15,5,3,14,11,2,9
E1159,Joseph Brown,Male,William,37,No,Travel_Rarely,671,Research & Development,19,3,Life Sciences,1,1631,3,85,3,2,Manufacturing Director,3,Married,5768,26493,3,Y,No,17,3,1,80,3,9,2,2,4,3,0,2
E1160,Jennifer Wright,Female,Barbara,39,No,Travel_Frequently,711,Research & Development,4,3,Medical,1,1633,1,81,3,2,Manufacturing Director,3,Single,5042,3140,0,Y,No,13,3,4,80,0,10,2,1,9,2,3,8
E1161,Sarah Robinson,Female,Sarah,45,No,Travel_Rarely,1329,Research & Development,2,2,Other,1,1635,4,59,2,2,Manufacturing Director,4,Divorced,5770,5388,1,Y,No,19,3,1,80,2,10,3,3,10,7,3,9
E1162,Linda Allen,Female,Patricia,38,No,Travel_Rarely,397,Research & Development,2,2,Medical,1,1638,4,54,2,3,Manufacturing Director,3,Married,7756,14199,3,Y,Yes,19,3,4,80,1,10,6,4,5,4,0,2
E1163,John White,Male,William,35,Yes,Travel_Rarely,737,Sales,10,3,Medical,1,1639,4,55,2,3,Sales Executive,1,Married,10306,21530,9,Y,No,17,3,3,80,0,15,3,3,13,12,6,0
E1164,Barbara Lewis,Female,Jennifer,37,No,Travel_Rarely,1470,Research & Development,10,3,Medical,1,1640,2,71,3,1,Research Scientist,2,Married,3936,9953,1,Y,No,11,3,1,80,1,8,2,1,8,4,7,7
E1165,Sarah Walker,Female,Linda,40,No,Travel_Rarely,448,Research & Development,16,3,Life Sciences,1,1641,3,84,3,3,Manufacturing Director,4,Single,7945,19948,6,Y,Yes,15,3,4,80,0,18,2,2,4,2,3,3
E1166,Joseph Jackson,Male,Charles,44,No,Travel_Frequently,602,Human Resources,1,5,Human Resources,1,1642,1,37,3,2,Human Resources,4,Married,5743,10503,4,Y,Yes,11,3,3,80,0,14,3,3,10,7,0,2
E1167,Joseph Jackson,Male,David,48,No,Travel_Frequently,365,Research & Development,4,5,Medical,1,1644,3,89,2,4,Manager,4,Married,15202,5602,2,Y,No,25,4,2,80,1,23,3,3,2,2,2,2
E1168,Robert Johnson,Male,Joseph,35,Yes,Travel_Rarely,763,Sales,15,2,Medical,1,1645,1,59,1,2,Sales Executive,4,Divorced,5440,22098,6,Y,Yes,14,3,4,80,2,7,2,2,2,2,2,2
E1169,Susan Lewis,Female,Mary,24,No,Travel_Frequently,567,Research & Development,2,1,Technical Degree,1,1646,1,32,3,1,Research Scientist,4,Single,3760,17218,1,Y,Yes,13,3,3,80,0,6,2,3,6,3,1,3
E1170,Jennifer Clark,Female,Karen,27,No,Travel_Rarely,486,Research & Development,8,3,Medical,1,1647,2,86,4,1,Research Scientist,3,Married,3517,22490,7,Y,No,17,3,1,80,0,5,0,3,3,2,0,2
E1171,Michael White,Male,Joseph,27,No,Travel_Frequently,591,Research & Development,2,3,Medical,1,1648,4,87,3,1,Research Scientist,4,Single,2580,6297,2,Y,No,13,3,3,80,0,6,0,2,4,2,1,2
E1172,James Smith,Male,Richard,40,Yes,Travel_Rarely,1329,Research & Development,7,3,Life Sciences,1,1649,1,73,3,1,Laboratory Technician,1,Single,2166,3339,3,Y,Yes,14,3,2,80,0,10,3,1,4,2,0,3
E1173,William Anderson,Male,James,29,No,Travel_Rarely,469,Sales,10,3,Medical,1,1650,3,42,2,2,Sales Executive,3,Single,5869,23413,9,Y,No,11,3,3,80,0,8,2,3,5,2,1,4
E1174,Mary Hall,Female,Patricia,36,No,Travel_Rarely,711,Research & Development,5,4,Life Sciences,1,1651,2,42,3,3,Healthcare Representative,1,Married,8008,22792,4,Y,No,12,3,3,80,2,9,6,3,3,2,0,2
E1175,James Anderson,Male,Robert,25,No,Travel_Frequently,772,Research & Development,2,1,Life Sciences,1,1653,4,77,4,2,Manufacturing Director,3,Divorced,5206,4973,1,Y,No,17,3,3,80,2,7,6,3,7,7,0,7
E1176,Thomas Anderson,Male,James,39,No,Travel_Rarely,492,Research & Development,12,3,Medical,1,1654,4,66,3,2,Manufacturing Director,2,Married,5295,7693,4,Y,No,21,4,3,80,0,7,3,3,5,4,1,0
E1177,Barbara Young,Female,Sarah,49,No,Travel_Rarely,301,Research & Development,22,4,Other,1,1655,1,72,3,4,Research Director,2,Married,16413,3498,3,Y,No,16,3,2,80,2,27,2,3,4,2,1,2
E1178,Mary Clark,Female,Jessica,50,No,Travel_Rarely,813,Research & Development,17,5,Life Sciences,1,1656,4,50,2,3,Research Director,1,Divorced,13269,21981,5,Y,No,15,3,3,80,3,19,3,3,14,11,1,11
E1179,Sarah Lewis,Female,Patricia,20,No,Travel_Rarely,1141,Sales,2,3,Medical,1,1657,3,31,3,1,Sales Representative,3,Single,2783,13251,1,Y,No,19,3,1,80,0,2,3,3,2,2,2,2
E1180,Barbara Walker,Female,Sarah,34,No,Travel_Rarely,1130,Research & Development,3,3,Life Sciences,1,1658,4,66,3,2,Research Scientist,2,Divorced,5433,19332,1,Y,No,12,3,3,80,1,11,2,3,11,8,7,9
E1181,John Jackson,Male,Richard,36,No,Travel_Rarely,311,Research & Development,7,3,Life Sciences,1,1659,1,77,3,1,Laboratory Technician,2,Single,2013,10950,2,Y,No,11,3,3,80,0,15,4,3,4,3,1,3
E1182,Linda Davis,Female,Sarah,49,No,Travel_Rarely,465,Research & Development,6,1,Life Sciences,1,1661,3,41,2,4,Healthcare Representative,3,Married,13966,11652,2,Y,Yes,19,3,2,80,1,30,3,3,15,11,2,12
E1183,Linda Hall,Female,Barbara,36,No,Non-Travel,894,Research & Development,1,4,Medical,1,1662,4,33,2,2,Manufacturing Director,3,Married,4374,15411,0,Y,No,15,3,3,80,0,4,6,3,3,2,1,2
E1184,Richard Jackson,Male,David,36,No,Travel_Rarely,1040,Research & Development,3,2,Life Sciences,1,1664,4,79,4,2,Healthcare Representative,1,Divorced,6842,26308,6,Y,No,20,4,1,80,1,13,3,3,5,4,0,4
E1185,Susan Lewis,Female,Linda,54,No,Travel_Rarely,584,Research & Development,22,5,Medical,1,1665,2,91,3,4,Manager,3,Married,17426,18685,3,Y,No,25,4,3,80,1,36,6,3,10,8,4,7
E1186,David White,Male,Charles,43,No,Travel_Rarely,1291,Research & Development,15,2,Life Sciences,1,1666,3,65,2,4,Research Director,3,Married,17603,3525,1,Y,No,24,4,1,80,1,14,3,3,14,10,6,11
E1187,Michael White,Male,Charles,35,Yes,Travel_Frequently,880,Sales,12,4,Other,1,1667,4,36,3,2,Sales Executive,4,Single,4581,10414,3,Y,Yes,24,4,1,80,0,13,2,4,11,9,6,7
E1188,John Martin,Male,John,38,No,Travel_Frequently,1189,Research & Development,1,3,Life Sciences,1,1668,4,90,3,2,Research Scientist,4,Married,4735,9867,7,Y,No,15,3,4,80,2,19,4,4,13,11,2,9
E1189,Thomas Harris,Male,Richard,29,No,Travel_Rarely,991,Sales,5,3,Medical,1,1669,1,43,2,2,Sales Executive,2,Divorced,4187,3356,1,Y,Yes,13,3,2,80,1,10,3,2,10,0,0,9
E1190,Joseph Martin,Male,William,33,No,Travel_Rarely,392,Sales,2,4,Medical,1,1670,4,93,3,2,Sales Executive,4,Divorced,5505,3921,1,Y,No,14,3,3,80,2,6,5,3,6,2,0,4
E1191,Charles Smith,Male,David,32,No,Travel_Rarely,977,Research & Development,2,3,Medical,1,1671,4,45,3,2,Research Scientist,2,Divorced,5470,25518,0,Y,No,13,3,3,80,2,10,4,2,9,5,1,6
E1192,Patricia Hall,Female,Patricia,31,No,Travel_Rarely,1112,Sales,5,4,Life Sciences,1,1673,1,67,3,2,Sales Executive,4,Married,5476,22589,1,Y,No,11,3,1,80,2,10,2,3,10,0,0,2
E1193,Karen Walker,Female,Elizabeth,49,No,Travel_Rarely,464,Research & Development,16,3,Medical,1,1674,4,74,3,1,Laboratory Technician,1,Divorced,2587,24941,4,Y,Yes,16,3,2,80,1,17,2,2,2,2,2,2
E1194,Sarah Walker,Female,Karen,38,No,Travel_Frequently,148,Research & Development,2,3,Medical,1,1675,4,42,2,1,Laboratory Technician,2,Single,2440,23826,1,Y,No,22,4,2,80,0,4,3,3,4,3,3,3
E1195,Patricia Wright,Female,Linda,47,No,Travel_Rarely,1225,Sales,2,4,Life Sciences,1,1676,2,47,4,4,Manager,2,Divorced,15972,21086,6,Y,No,14,3,3,80,3,29,2,3,3,2,1,2
E1196,Michael Harris,Male,Thomas,49,No,Travel_Rarely,809,Research & Development,1,3,Life Sciences,1,1677,3,36,3,4,Manager,3,Single,15379,22384,4,Y,No,14,3,1,80,0,23,2,3,8,7,0,0
E1197,James Smith,Male,David,41,No,Travel_Rarely,1206,Sales,23,2,Life Sciences,1,1678,4,80,3,3,Sales Executive,3,Single,7082,11591,3,Y,Yes,16,3,4,80,0,21,2,3,2,0,0,2
E1198,Richard Brown,Male,John,20,No,Travel_Rarely,727,Sales,9,1,Life Sciences,1,1680,4,54,3,1,Sales Representative,1,Single,2728,21082,1,Y,No,11,3,1,80,0,2,3,3,2,2,0,2
E1199,Karen Clark,Female,Mary,33,No,Non-Travel,530,Sales,16,3,Life Sciences,1,1681,3,36,3,2,Sales Executive,4,Divorced,5368,16130,1,Y,Yes,25,4,3,80,1,7,2,3,6,5,1,2
E1200,Thomas Brown,Male,William,36,No,Travel_Rarely,1351,Research & Development,26,4,Life Sciences,1,1682,1,80,3,2,Healthcare Representative,3,Married,5347,7419,6,Y,No,14,3,2,80,2,10,2,2,3,2,0,2
E1201,Patricia Young,Female,Sarah,44,No,Travel_Rarely,528,Human Resources,1,3,Life Sciences,1,1683,3,44,3,1,Human Resources,4,Divorced,3195,4167,4,Y,Yes,18,3,1,80,3,8,2,3,2,2,2,2
E1202,Charles Thomas,Male,David,23,Yes,Travel_Rarely,1320,Research & Development,8,1,Medical,1,1684,4,93,2,1,Laboratory Technician,3,Single,3989,20586,1,Y,Yes,11,3,1,80,0,5,2,3,5,4,1,2
E1203,Barbara Wright,Female,Karen,38,No,Travel_Rarely,1495,Research & Development,4,2,Medical,1,1687,4,87,3,1,Laboratory Technician,3,Married,3306,26176,7,Y,No,19,3,4,80,1,7,5,2,0,0,0,0
E1204,Richard Jackson,Male,Richard,53,No,Travel_Rarely,1395,Research & Development,24,4,Medical,1,1689,2,48,4,3,Healthcare Representative,4,Married,7005,3458,3,Y,No,15,3,3,80,0,11,2,3,4,3,1,2
E1205,Barbara Robinson,Female,Elizabeth,48,Yes,Travel_Frequently,708,Sales,7,2,Medical,1,1691,4,95,3,1,Sales Representative,3,Married,2655,11740,2,Y,Yes,11,3,3,80,2,19,3,3,9,7,7,7
E1206,Thomas Thomas,Male,Charles,32,Yes,Travel_Rarely,1259,Research & Development,2,4,Life Sciences,1,1692,4,95,3,1,Laboratory Technician,2,Single,1393,24852,1,Y,No,12,3,1,80,0,1,2,3,1,0,0,0
E1207,Michael Brown,Male,David,26,No,Non-Travel,786,Research & Development,7,3,Medical,1,1693,4,76,3,1,Laboratory Technician,4,Single,2570,11925,1,Y,No,20,4,3,80,0,7,5,3,7,7,5,7
E1208,Michael Brown,Male,William,55,No,Travel_Rarely,1441,Research & Development,22,3,Technical Degree,1,1694,1,94,2,1,Research Scientist,2,Divorced,3537,23737,5,Y,No,12,3,4,80,1,8,1,3,4,2,1,2
E1209,John Anderson,Male,Thomas,34,No,Travel_Rarely,1157,Research & Development,5,2,Medical,1,1696,2,57,2,2,Laboratory Technician,4,Married,3986,11912,1,Y,No,14,3,3,80,1,15,3,4,15,10,4,13
E1210,John Thomas,Male,David,60,No,Travel_Rarely,370,Research & Development,1,4,Medical,1,1697,3,92,1,3,Healthcare Representative,4,Divorced,10883,20467,3,Y,No,20,4,3,80,1,19,2,4,1,0,0,0
E1211,Robert Thomas,Male,Joseph,33,No,Travel_Rarely,267,Research & Development,21,3,Medical,1,1698,2,79,4,1,Laboratory Technician,2,Married,2028,13637,1,Y,No,18,3,4,80,3,14,6,3,14,11,2,13
E1212,Charles Harris,Male,John,37,No,Travel_Frequently,1278,Sales,1,4,Medical,1,1700,3,31,1,2,Sales Executive,4,Divorced,9525,7677,1,Y,No,14,3,3,80,2,6,2,2,6,3,1,3
E1213,Mary Hall,Female,Sarah,34,No,Travel_Rarely,678,Research & Development,19,3,Life Sciences,1,1701,2,35,2,1,Research Scientist,4,Married,2929,20338,1,Y,No,12,3,2,80,0,10,3,3,10,9,8,7
E1214,Thomas Taylor,Male,William,23,Yes,Travel_Rarely,427,Sales,7,3,Life Sciences,1,1702,3,99,3,1,Sales Representative,4,Divorced,2275,25103,1,Y,Yes,21,4,2,80,1,3,2,3,3,2,0,2
E1215,Patricia Robinson,Female,Susan,44,No,Travel_Rarely,921,Research & Development,2,3,Life Sciences,1,1703,3,96,4,3,Healthcare Representative,4,Married,7879,14810,1,Y,Yes,19,3,2,80,1,9,2,3,8,7,6,7
E1216,James Brown,Male,Charles,35,No,Travel_Frequently,146,Research & Development,2,4,Medical,1,1704,1,79,2,1,Research Scientist,4,Single,4930,13970,0,Y,Yes,14,3,3,80,0,6,2,4,5,4,1,4
E1217,Charles Harris,Male,James,43,No,Travel_Rarely,1179,Sales,2,3,Medical,1,1706,4,73,3,2,Sales Executive,4,Married,7847,6069,1,Y,Yes,17,3,1,80,1,10,3,3,10,9,8,8
E1218,Charles Anderson,Male,Charles,24,No,Travel_Rarely,581,Research & Development,9,3,Medical,1,1707,3,62,4,1,Research Scientist,3,Married,4401,17616,1,Y,No,16,3,4,80,1,5,1,3,5,3,0,4
E1219,David Brown,Male,William,41,No,Travel_Rarely,918,Sales,6,3,Marketing,1,1708,4,35,3,3,Sales Executive,3,Single,9241,15869,1,Y,No,12,3,2,80,0,10,3,3,10,8,8,7
E1220,Elizabeth Young,Female,Karen,29,No,Travel_Rarely,1082,Research & Development,9,4,Medical,1,1709,4,43,3,1,Laboratory Technician,3,Married,2974,25412,9,Y,No,17,3,3,80,1,9,2,3,5,3,1,2
E1221,Barbara Robinson,Female,Patricia,36,No,Travel_Rarely,530,Sales,2,4,Life Sciences,1,1710,3,51,3,2,Sales Representative,4,Single,4502,7439,3,Y,No,15,3,3,80,0,17,2,2,13,7,6,7
E1222,John Harris,Male,David,45,No,Non-Travel,1238,Research & Development,1,1,Life Sciences,1,1712,3,74,2,3,Healthcare Representative,3,Married,10748,3395,3,Y,No,23,4,4,80,1,25,3,2,23,15,14,4
E1223,James Smith,Male,James,24,Yes,Travel_Rarely,240,Human Resources,22,1,Human Resources,1,1714,4,58,1,1,Human Resources,3,Married,1555,11585,1,Y,No,11,3,3,80,1,1,2,3,1,0,0,0
E1224,Michael Jackson,Male,Robert,47,Yes,Travel_Frequently,1093,Sales,9,3,Life Sciences,1,1716,3,82,1,4,Sales Executive,3,Married,12936,24164,7,Y,No,11,3,3,80,0,25,3,1,23,5,14,10
E1225,James Harris,Male,William,26,No,Travel_Rarely,390,Research & Development,17,4,Medical,1,1718,4,62,1,1,Laboratory Technician,3,Married,2305,6217,1,Y,No,15,3,3,80,3,3,3,4,3,2,0,2
E1226,Linda Lewis,Female,Linda,45,No,Travel_Rarely,1005,Research & Development,28,2,Technical Degree,1,1719,4,48,2,4,Research Director,2,Single,16704,17119,1,Y,No,11,3,3,80,0,21,2,3,21,6,8,6
E1227,James Martin,Male,Robert,32,No,Travel_Frequently,585,Research & Development,10,3,Life Sciences,1,1720,1,56,3,1,Research Scientist,3,Married,3433,17360,6,Y,No,13,3,1,80,1,10,3,2,5,2,1,3
E1228,Michael Harris,Male,Charles,31,No,Travel_Rarely,741,Research & Development,2,4,Life Sciences,1,1721,2,69,3,1,Laboratory Technician,3,Married,3477,18103,1,Y,No,14,3,4,80,1,6,2,4,5,2,0,3
E1229,Charles Thomas,Male,William,41,No,Non-Travel,552,Human Resources,4,3,Human Resources,1,1722,3,60,1,2,Human Resources,2,Married,6430,20794,6,Y,No,19,3,2,80,1,10,4,3,3,2,1,2
E1230,Barbara Davis,Female,Jessica,40,No,Travel_Rarely,369,Research & Development,8,2,Life Sciences,1,1724,2,92,3,2,Manufacturing Director,1,Married,6516,5041,2,Y,Yes,16,3,2,80,1,18,3,3,1,0,0,0
E1231,Charles Johnson,Male,Michael,24,No,Travel_Rarely,506,Research & Development,29,1,Medical,1,1725,2,91,3,1,Laboratory Technician,1,Divorced,3907,3622,1,Y,No,13,3,2,80,3,6,2,4,6,2,1,2
E1232,David Johnson,Male,James,46,No,Travel_Rarely,717,Research & Development,13,4,Life Sciences,1,1727,3,34,3,2,Healthcare Representative,2,Single,5562,9697,6,Y,No,14,3,4,80,0,19,3,3,10,7,0,9
E1233,Robert Taylor,Male,Richard,35,No,Travel_Rarely,1370,Research & Development,27,4,Life Sciences,1,1728,4,49,3,2,Manufacturing Director,3,Married,6883,5151,2,Y,No,16,3,2,80,1,17,3,3,7,7,0,7
E1234,William Harris,Male,Joseph,30,No,Travel_Rarely,793,Research & Development,16,1,Life Sciences,1,1729,2,33,3,1,Research Scientist,4,Married,2862,3811,1,Y,No,12,3,2,80,1,10,2,2,10,0,0,8
E1235,Michael Harris,Male,Robert,47,No,Non-Travel,543,Sales,2,4,Marketing,1,1731,3,87,3,2,Sales Executive,2,Married,4978,3536,7,Y,No,11,3,4,80,1,4,3,1,1,0,0,0
E1236,Charles Brown,Male,David,46,No,Travel_Rarely,1277,Sales,2,3,Life Sciences,1,1732,3,74,3,3,Sales Executive,4,Divorced,10368,5596,4,Y,Yes,12,3,2,80,1,13,5,2,10,6,0,3
E1237,Joseph Smith,Male,John,36,Yes,Travel_Rarely,1456,Sales,13,5,Marketing,1,1733,2,96,2,2,Sales Executive,1,Divorced,6134,8658,5,Y,Yes,13,3,2,80,3,16,3,3,2,2,2,2
E1238,Thomas Harris,Male,Richard,32,Yes,Travel_Rarely,964,Sales,1,2,Life Sciences,1,1734,1,34,1,2,Sales Executive,2,Single,6735,12147,6,Y,No,15,3,2,80,0,10,2,3,0,0,0,0
E1239,Karen Clark,Female,Jessica,23,No,Travel_Rarely,160,Research & Development,4,1,Medical,1,1735,3,51,3,1,Laboratory Technician,2,Single,3295,12862,1,Y,No,13,3,3,80,0,3,3,1,3,2,1,2
E1240,Linda Young,Female,Barbara,31,No,Travel_Frequently,163,Research & Development,24,1,Technical Degree,1,1736,4,30,3,2,Manufacturing Director,4,Single,5238,6670,2,Y,No,20,4,4,80,0,9,3,2,5,4,1,4
E1241,Richard Smith,Male,David,39,No,Non-Travel,792,Research & Development,1,3,Life Sciences,1,1737,4,77,3,2,Laboratory Technician,4,Married,6472,8989,1,Y,Yes,15,3,4,80,1,9,2,3,9,8,5,8
E1242,William Jackson,Male,William,32,No,Travel_Rarely,371,Sales,19,3,Life Sciences,1,1739,4,80,1,3,Sales Executive,3,Married,9610,3840,3,Y,No,13,3,3,80,1,10,2,1,4,3,0,2
E1243,Michael Smith,Male,Joseph,40,No,Travel_Rarely,611,Sales,7,4,Medical,1,1740,2,88,3,5,Manager,2,Single,19833,4349,1,Y,No,14,3,2,80,0,21,3,2,21,8,12,8
E1244,Sarah Walker,Female,Mary,45,No,Travel_Rarely,176,Human Resources,4,3,Life Sciences,1,1744,3,56,1,3,Human Resources,3,Married,9756,6595,4,Y,No,21,4,3,80,2,9,2,4,5,0,0,3
E1245,Patricia Young,Female,Karen,30,No,Travel_Frequently,1312,Research & Development,2,4,Technical Degree,1,1745,4,78,2,1,Research Scientist,1,Single,4968,26427,0,Y,No,16,3,4,80,0,10,2,3,9,7,0,7
E1246,John Brown,Male,Michael,24,No,Travel_Frequently,897,Human Resources,10,3,Medical,1,1746,1,59,3,1,Human Resources,4,Married,2145,2097,0,Y,No,14,3,4,80,1,3,2,3,2,2,2,1
E1247,Karen Davis,Female,Linda,30,Yes,Travel_Frequently,600,Human Resources,8,3,Human Resources,1,1747,3,66,2,1,Human Resources,4,Divorced,2180,9732,6,Y,No,11,3,3,80,1,6,0,2,4,2,1,2
E1248,John Jackson,Male,Robert,31,No,Travel_Rarely,1003,Sales,5,3,Technical Degree,1,1749,1,51,3,2,Sales Executive,3,Married,8346,20943,1,Y,No,19,3,3,80,1,6,3,3,5,2,0,2
E1249,Karen Clark,Female,Jennifer,27,No,Travel_Rarely,1054,Research & Development,8,3,Medical,1,1751,3,67,3,1,Research Scientist,4,Single,3445,6152,1,Y,No,11,3,3,80,0,6,5,2,6,2,1,4
E1250,Barbara Lewis,Female,Linda,29,Yes,Travel_Rarely,428,Sales,9,3,Marketing,1,1752,2,52,1,1,Sales Representative,2,Single,2760,14630,1,Y,No,13,3,3,80,0,2,3,3,2,2,2,2
E1251,Michael White,Male,James,29,No,Travel_Frequently,461,Research & Development,1,3,Life Sciences,1,1753,4,70,4,2,Healthcare Representative,3,Single,6294,23060,8,Y,Yes,12,3,4,80,0,10,5,4,3,2,0,2
E1252,Robert Martin,Male,John,30,No,Travel_Rarely,979,Sales,15,2,Marketing,1,1754,3,94,2,3,Sales Executive,1,Divorced,7140,3088,2,Y,No,11,3,1,80,1,12,2,3,7,7,1,7
E1253,David Smith,Male,Thomas,34,No,Travel_Rarely,181,Research & Development,2,4,Medical,1,1755,4,97,4,1,Research Scientist,4,Married,2932,5586,0,Y,Yes,14,3,1,80,3,6,3,3,5,0,1,2
E1254,Susan Young,Female,Karen,33,No,Non-Travel,1283,Sales,2,3,Marketing,1,1756,4,62,3,2,Sales Executive,2,Single,5147,10697,8,Y,No,15,3,4,80,0,13,2,2,11,7,1,7
E1255,Jessica Lewis,Female,Patricia,49,No,Travel_Rarely,1313,Sales,11,4,Marketing,1,1757,4,80,3,2,Sales Executive,4,Single,4507,8191,3,Y,No,12,3,3,80,0,8,1,4,5,1,0,4
E1256,Karen Davis,Female,Elizabeth,33,Yes,Travel_Rarely,211,Sales,16,3,Life Sciences,1,1758,1,74,3,3,Sales Executive,1,Single,8564,10092,2,Y,Yes,20,4,3,80,0,11,2,2,0,0,0,0
E1257,Sarah Hall,Female,Sarah,38,No,Travel_Frequently,594,Research & Development,2,2,Medical,1,1760,3,75,2,1,Laboratory Technician,2,Married,2468,15963,4,Y,No,14,3,2,80,1,9,4,2,6,1,0,5
E1258,Thomas Jackson,Male,Thomas,31,Yes,Travel_Rarely,1079,Sales,16,4,Marketing,1,1761,1,70,3,3,Sales Executive,3,Married,8161,19002,2,Y,No,13,3,1,80,3,10,2,3,1,0,0,0
E1259,Mary Davis,Female,Jessica,29,No,Travel_Rarely,590,Research & Development,4,3,Technical Degree,1,1762,4,91,2,1,Research Scientist,1,Divorced,2109,10007,1,Y,No,13,3,3,80,1,1,2,3,1,0,0,0
E1260,David Anderson,Male,James,30,No,Travel_Rarely,305,Research & Development,16,3,Life Sciences,1,1763,3,58,4,2,Healthcare Representative,3,Married,5294,9128,3,Y,No,16,3,3,80,1,10,3,3,7,0,1,7
E1261,Thomas Johnson,Male,James,32,No,Non-Travel,953,Research & Development,5,4,Technical Degree,1,1764,2,65,3,1,Research Scientist,2,Single,2718,17674,2,Y,No,14,3,2,80,0,12,3,3,7,7,0,7
E1262,Joseph Anderson,Male,Thomas,38,No,Travel_Rarely,833,Research & Development,18,3,Medical,1,1766,2,60,1,2,Healthcare Representative,4,Married,5811,24539,3,Y,Yes,16,3,3,80,1,15,2,3,1,0,1,0
E1263,John Martin,Male,Joseph,43,Yes,Travel_Frequently,807,Research & Development,17,3,Technical Degree,1,1767,3,38,2,1,Research Scientist,3,Married,2437,15587,9,Y,Yes,16,3,4,80,1,6,4,3,1,0,0,0
E1264,David Martin,Male,Charles,42,No,Travel_Rarely,855,Research & Development,12,3,Medical,1,1768,2,57,3,1,Laboratory Technician,2,Divorced,2766,8952,8,Y,No,22,4,2,80,3,7,6,2,5,3,0,4
E1265,Joseph Taylor,Male,Thomas,55,No,Travel_Rarely,478,Research & Development,2,3,Medical,1,1770,3,60,2,5,Research Director,1,Married,19038,19805,8,Y,No,12,3,2,80,3,34,2,3,1,0,0,0
E1266,John Anderson,Male,Richard,33,No,Non-Travel,775,Research & Development,4,3,Technical Degree,1,1771,4,90,3,2,Research Scientist,2,Divorced,3055,6194,5,Y,No,15,3,4,80,2,11,2,2,9,8,1,7
E1267,John Johnson,Male,Robert,41,No,Travel_Rarely,548,Research & Development,9,4,Life Sciences,1,1772,3,94,3,1,Laboratory Technician,1,Divorced,2289,20520,1,Y,No,20,4,2,80,2,5,2,3,5,3,0,4
E1268,David Martin,Male,Robert,34,No,Non-Travel,1375,Sales,10,3,Life Sciences,1,1774,4,87,3,2,Sales Executive,3,Divorced,4001,12313,1,Y,Yes,14,3,3,80,1,15,3,3,15,14,0,7
E1269,Sarah Robinson,Female,Patricia,53,No,Non-Travel,661,Research & Development,1,4,Medical,1,1775,1,60,2,4,Manufacturing Director,3,Married,12965,22308,4,Y,Yes,20,4,4,80,3,27,2,2,3,2,0,2
E1270,David Jackson,Male,William,43,No,Travel_Rarely,244,Human Resources,2,3,Life Sciences,1,1778,2,97,3,1,Human Resources,4,Single,3539,5033,0,Y,No,13,3,2,80,0,10,5,3,9,7,1,8
E1271,Barbara Young,Female,Jennifer,34,No,Travel_Rarely,511,Sales,3,2,Life Sciences,1,1779,4,32,1,2,Sales Executive,4,Single,6029,25353,5,Y,No,12,3,1,80,0,6,3,3,2,2,2,2
E1272,Michael Smith,Male,David,21,Yes,Travel_Rarely,337,Sales,7,1,Marketing,1,1780,2,31,3,1,Sales Representative,2,Single,2679,4567,1,Y,No,13,3,2,80,0,1,3,3,1,0,1,0
E1273,Susan Lewis,Female,Patricia,38,No,Travel_Rarely,1153,Research & Development,6,2,Other,1,1782,4,40,2,1,Laboratory Technician,3,Married,3702,16376,1,Y,No,11,3,2,80,1,5,3,3,5,4,0,4
E1274,Barbara Clark,Female,Jennifer,22,Yes,Travel_Rarely,1294,Research & Development,8,1,Medical,1,1783,3,79,3,1,Laboratory Technician,1,Married,2398,15999,1,Y,Yes,17,3,3,80,0,1,6,3,1,0,0,0
E1275,Sarah Davis,Female,Elizabeth,31,No,Travel_Rarely,196,Sales,29,4,Marketing,1,1784,1,91,2,2,Sales Executive,4,Married,5468,13402,1,Y,No,14,3,1,80,2,13,3,3,12,7,5,7
E1276,Barbara Hall,Female,Mary,51,No,Travel_Rarely,942,Research & Development,3,3,Technical Degree,1,1786,1,53,3,3,Manager,3,Married,13116,22984,2,Y,No,11,3,4,80,0,15,2,3,2,2,2,2
E1277,William Anderson,Male,James,37,No,Travel_Rarely,589,Sales,9,2,Marketing,1,1787,2,46,2,2,Sales Executive,2,Married,4189,8800,1,Y,No,14,3,1,80,2,5,2,3,5,2,0,3
E1278,James Martin,Male,Charles,46,No,Travel_Rarely,734,Research & Development,2,4,Medical,1,1789,3,46,3,5,Research Director,4,Divorced,19328,14218,7,Y,Yes,17,3,3,80,1,24,3,3,2,1,2,2
E1279,William Johnson,Male,Thomas,36,No,Travel_Rarely,1383,Research & Development,10,3,Life Sciences,1,1790,4,90,3,3,Healthcare Representative,1,Married,8321,25949,7,Y,Yes,13,3,4,80,1,15,1,3,12,8,5,7
E1280,Richard Brown,Male,Richard,44,Yes,Travel_Frequently,429,Research & Development,1,2,Medical,1,1792,3,99,3,1,Research Scientist,2,Divorced,2342,11092,1,Y,Yes,12,3,3,80,3,6,2,2,5,3,2,3
E1281,Michael Brown,Male,James,37,No,Travel_Rarely,1239,Human Resources,8,2,Other,1,1794,3,89,3,2,Human Resources,2,Divorced,4071,12832,2,Y,No,13,3,3,80,0,19,4,2,10,0,4,7
E1282,Robert Taylor,Male,Joseph,35,Yes,Travel_Rarely,303,Sales,27,3,Life Sciences,1,1797,3,84,3,2,Sales Executive,4,Single,5813,13492,1,Y,Yes,18,3,4,80,0,10,2,3,10,7,7,7
E1283,William Smith,Male,Robert,33,No,Travel_Rarely,867,Research & Development,8,4,Life Sciences,1,1798,4,90,4,1,Research Scientist,1,Married,3143,6076,6,Y,No,19,3,2,80,1,14,1,3,10,8,7,6
E1284,Michael White,Male,Joseph,28,No,Travel_Rarely,1181,Research & Development,1,3,Life Sciences,1,1799,3,82,3,1,Research Scientist,4,Married,2044,5531,1,Y,No,11,3,3,80,1,5,6,4,5,3,0,3
E1285,Charles Jackson,Male,William,39,No,Travel_Rarely,1253,Research & Development,10,1,Medical,1,1800,3,65,3,3,Research Director,3,Single,13464,7914,7,Y,No,21,4,3,80,0,9,3,3,4,3,2,2
E1286,Thomas Anderson,Male,James,46,No,Non-Travel,849,Sales,26,2,Life Sciences,1,1801,2,98,2,2,Sales Executive,2,Single,7991,25166,8,Y,No,15,3,3,80,0,6,3,3,2,2,2,2
E1287,Karen Robinson,Female,Susan,40,No,Travel_Rarely,616,Research & Development,2,2,Life Sciences,1,1802,3,99,3,1,Laboratory Technician,1,Married,3377,25605,4,Y,No,17,3,4,80,1,7,5,2,4,3,0,2
E1288,Joseph Harris,Male,William,42,No,Travel_Rarely,1128,Research & Development,13,3,Medical,1,1803,2,95,4,2,Healthcare Representative,1,Married,5538,5696,5,Y,No,18,3,3,80,2,10,2,2,0,0,0,0
E1289,Richard Jackson,Male,David,35,No,Non-Travel,1180,Research & Development,2,2,Medical,1,1804,2,90,3,2,Manufacturing Director,4,Divorced,5762,24442,2,Y,No,14,3,3,80,1,15,6,3,7,7,1,7
E1290,William Taylor,Male,David,38,No,Non-Travel,1336,Human Resources,2,3,Human Resources,1,1805,1,100,3,1,Human Resources,2,Divorced,2592,7129,5,Y,No,13,3,4,80,3,13,3,3,11,10,3,8
E1291,Charles Smith,Male,Joseph,34,Yes,Travel_Frequently,234,Research & Development,9,4,Life Sciences,1,1807,4,93,3,2,Laboratory Technician,1,Married,5346,6208,4,Y,No,17,3,3,80,1,11,3,2,7,1,0,7
E1292,Charles Martin,Male,Thomas,37,Yes,Travel_Rarely,370,Research & Development,10,4,Medical,1,1809,4,58,3,2,Manufacturing Director,1,Single,4213,4992,1,Y,No,15,3,2,80,0,10,4,1,10,3,0,8
E1293,Richard Smith,Male,John,39,No,Travel_Frequently,766,Sales,20,3,Life Sciences,1,1812,3,83,3,2,Sales Executive,4,Divorced,4127,19188,2,Y,No,18,3,4,80,1,7,6,3,2,1,2,2
E1294,James Anderson,Male,Thomas,43,No,Non-Travel,343,Research & Development,9,3,Life Sciences,1,1813,1,52,3,1,Research Scientist,3,Single,2438,24978,4,Y,No,13,3,3,80,0,7,2,2,3,2,1,2
E1295,Thomas Thomas,Male,Charles,41,No,Travel_Rarely,447,Research & Development,5,3,Life Sciences,1,1814,2,85,4,2,Healthcare Representative,2,Single,6870,15530,3,Y,No,12,3,1,80,0,11,3,1,3,2,1,2
E1296,Jennifer Lewis,Female,Sarah,41,No,Travel_Rarely,796,Sales,4,1,Marketing,1,1815,3,81,3,3,Sales Executive,3,Divorced,10447,26458,0,Y,Yes,13,3,4,80,1,23,3,4,22,14,13,5
E1297,Susan Hall,Female,Karen,30,No,Travel_Rarely,1092,Research & Development,10,3,Medical,1,1816,1,64,3,3,Manufacturing Director,3,Single,9667,2739,9,Y,No,14,3,2,80,0,9,3,3,7,7,0,2
E1298,Sarah Hall,Female,Karen,26,Yes,Travel_Rarely,920,Human Resources,20,2,Medical,1,1818,4,69,3,1,Human Resources,2,Married,2148,6889,0,Y,Yes,11,3,3,80,0,6,3,3,5,1,1,4
E1299,Elizabeth Wright,Female,Susan,46,Yes,Travel_Rarely,261,Research & Development,21,2,Medical,1,1821,4,66,3,2,Healthcare Representative,2,Married,8926,10842,4,Y,No,22,4,4,80,1,13,2,4,9,7,3,7
E1300,Susan Davis,Female,Mary,40,No,Travel_Rarely,1194,Research & Development,1,3,Life Sciences,1,1822,3,52,3,2,Healthcare Representative,4,Divorced,6513,9060,4,Y,No,17,3,4,80,1,12,3,3,5,3,0,3
E1301,Richard Brown,Male,Richard,34,No,Travel_Rarely,810,Sales,8,2,Technical Degree,1,1823,2,92,4,2,Sales Executive,3,Married,6799,22128,1,Y,No,21,4,3,80,2,10,5,3,10,8,4,8
E1302,Thomas Thomas,Male,Charles,58,No,Non-Travel,350,Sales,2,3,Medical,1,1824,2,52,3,4,Manager,2,Divorced,16291,22577,4,Y,No,22,4,4,80,1,37,0,2,16,9,14,14
E1303,Thomas Anderson,Male,William,35,No,Travel_Rarely,185,Research & Development,23,4,Medical,1,1826,2,91,1,1,Laboratory Technician,3,Married,2705,9696,0,Y,No,16,3,2,80,1,6,2,4,5,4,0,3
E1304,Susan Robinson,Female,Barbara,47,No,Travel_Rarely,1001,Research & Development,4,3,Life Sciences,1,1827,3,92,2,3,Manufacturing Director,2,Divorced,10333,19271,8,Y,Yes,12,3,3,80,1,28,4,3,22,11,14,10
E1305,Susan Davis,Female,Karen,40,No,Travel_Rarely,750,Research & Development,12,3,Life Sciences,1,1829,2,47,3,2,Healthcare Representative,1,Divorced,4448,10748,2,Y,No,12,3,2,80,1,15,3,3,7,4,7,7
E1306,Susan Young,Female,Susan,54,No,Travel_Rarely,431,Research & Development,7,4,Medical,1,1830,4,68,3,2,Research Scientist,4,Married,6854,15696,4,Y,No,15,3,2,80,1,14,2,2,7,1,1,7
E1307,Elizabeth Clark,Female,Elizabeth,31,No,Travel_Frequently,1125,Sales,7,4,Marketing,1,1833,1,68,3,3,Sales Executive,1,Married,9637,8277,2,Y,No,14,3,4,80,2,9,3,3,3,2,2,2
E1308,Elizabeth Hall,Female,Susan,28,No,Travel_Rarely,1217,Research & Development,1,3,Medical,1,1834,3,67,3,1,Research Scientist,1,Married,3591,12719,1,Y,No,25,4,3,80,1,3,3,3,3,2,1,2
E1309,Patricia Hall,Female,Sarah,38,No,Travel_Rarely,723,Sales,2,4,Marketing,1,1835,2,77,1,2,Sales Representative,4,Married,5405,4244,2,Y,Yes,20,4,1,80,2,20,4,2,4,2,0,3
E1310,David Smith,Male,Robert,26,No,Travel_Rarely,572,Sales,10,3,Medical,1,1836,3,46,3,2,Sales Executive,4,Single,4684,9125,1,Y,No,13,3,1,80,0,5,4,3,5,3,1,2
E1311,James Martin,Male,Joseph,58,No,Travel_Frequently,1216,Research & Development,15,4,Life Sciences,1,1837,1,87,3,4,Research Director,3,Married,15787,21624,2,Y,Yes,14,3,2,80,0,23,3,3,2,2,2,2
E1312,Jennifer Wright,Female,Patricia,18,No,Non-Travel,1431,Research & Development,14,3,Medical,1,1839,2,33,3,1,Research Scientist,3,Single,1514,8018,1,Y,No,16,3,3,80,0,0,4,1,0,0,0,0
E1313,Charles Brown,Male,Richard,31,Yes,Travel_Rarely,359,Human Resources,18,5,Human Resources,1,1842,4,89,4,1,Human Resources,1,Married,2956,21495,0,Y,No,17,3,3,80,0,2,4,3,1,0,0,0
E1314,Michael Johnson,Male,John,29,Yes,Travel_Rarely,350,Human Resources,13,3,Human Resources,1,1844,1,56,2,1,Human Resources,1,Divorced,2335,3157,4,Y,Yes,15,3,4,80,3,4,3,3,2,2,2,0
E1315,Sarah Wright,Female,Linda,45,No,Non-Travel,589,Sales,2,4,Life Sciences,1,1845,3,67,3,2,Sales Executive,3,Married,5154,19665,4,Y,No,22,4,2,80,2,10,3,4,8,7,5,7
E1316,Susan Allen,Female,Susan,36,No,Travel_Rarely,430,Research & Development,2,4,Other,1,1847,4,73,3,2,Research Scientist,2,Married,6962,19573,4,Y,Yes,22,4,4,80,1,15,2,3,1,0,0,0
E1317,David Brown,Male,Robert,43,No,Travel_Frequently,1422,Sales,2,4,Life Sciences,1,1849,1,92,3,2,Sales Executive,4,Married,5675,19246,1,Y,No,20,4,3,80,1,7,5,3,7,7,7,7
E1318,Barbara Young,Female,Patricia,27,No,Travel_Frequently,1297,Research & Development,5,2,Life Sciences,1,1850,4,53,3,1,Laboratory Technician,4,Single,2379,19826,0,Y,Yes,14,3,3,80,0,6,3,2,5,4,0,2
E1319,Joseph Harris,Male,Charles,29,No,Travel_Frequently,574,Research & Development,20,1,Medical,1,1852,4,40,3,1,Laboratory Technician,4,Married,3812,7003,1,Y,No,13,3,2,80,0,11,3,4,11,8,3,10
E1320,James Smith,Male,Richard,32,No,Travel_Frequently,1318,Sales,10,4,Marketing,1,1853,4,79,3,2,Sales Executive,4,Single,4648,26075,8,Y,No,13,3,3,80,0,4,2,4,0,0,0,0
E1321,Robert Brown,Male,James,42,No,Non-Travel,355,Research & Development,10,4,Technical Degree,1,1854,3,38,3,1,Research Scientist,3,Married,2936,6161,3,Y,No,22,4,2,80,2,10,1,2,6,3,3,3
E1322,Karen Young,Female,Jessica,47,No,Travel_Rarely,207,Research & Development,9,4,Life Sciences,1,1856,2,64,3,1,Laboratory Technician,3,Single,2105,5411,4,Y,No,12,3,3,80,0,7,2,3,2,2,2,0
E1323,Charles Smith,Male,Robert,46,No,Travel_Rarely,706,Research & Development,2,2,Life Sciences,1,1857,4,82,3,3,Manufacturing Director,4,Divorced,8578,19989,3,Y,No,14,3,3,80,1,12,4,2,9,8,4,7
E1324,John Johnson,Male,John,28,No,Non-Travel,280,Human Resources,1,2,Life Sciences,1,1858,3,43,3,1,Human Resources,4,Divorced,2706,10494,1,Y,No,15,3,2,80,1,3,2,3,3,2,2,2
E1325,Robert Thomas,Male,Robert,29,No,Travel_Rarely,726,Research & Development,29,1,Life Sciences,1,1859,4,93,1,2,Healthcare Representative,3,Divorced,6384,21143,8,Y,No,17,3,4,80,2,11,3,3,7,0,1,6
E1326,James Johnson,Male,William,42,No,Travel_Rarely,1142,Research & Development,8,3,Life Sciences,1,1860,4,81,3,1,Laboratory Technician,3,Single,3968,13624,4,Y,No,13,3,4,80,0,8,3,3,0,0,0,0
E1327,James Anderson,Male,Joseph,32,Yes,Travel_Rarely,414,Sales,2,4,Marketing,1,1862,3,82,2,2,Sales Executive,2,Single,9907,26186,7,Y,Yes,12,3,3,80,0,7,3,2,2,2,2,2
E1328,Susan Young,Female,Karen,46,No,Travel_Rarely,1319,Sales,3,3,Technical Degree,1,1863,1,45,4,4,Sales Executive,1,Divorced,13225,7739,2,Y,No,12,3,4,80,1,25,5,3,19,17,2,8
E1329,Karen Davis,Female,Susan,27,No,Travel_Rarely,728,Sales,23,1,Medical,1,1864,2,36,2,2,Sales Representative,3,Married,3540,7018,1,Y,No,21,4,4,80,1,9,5,3,9,8,5,8
E1330,Richard Anderson,Male,Richard,29,No,Travel_Rarely,352,Human Resources,6,1,Medical,1,1865,4,87,2,1,Human Resources,2,Married,2804,15434,1,Y,No,11,3,4,80,0,1,3,3,1,0,0,0
E1331,Karen Davis,Female,Susan,43,No,Travel_Rarely,823,Research & Development,6,3,Medical,1,1866,1,81,2,5,Manager,3,Married,19392,22539,7,Y,No,13,3,4,80,0,21,2,3,16,12,6,14
E1332,Robert Jackson,Male,Joseph,48,No,Travel_Rarely,1224,Research & Development,10,3,Life Sciences,1,1867,4,91,2,5,Research Director,2,Married,19665,13583,4,Y,No,12,3,4,80,0,29,3,3,22,10,12,9
E1333,Charles Smith,Male,James,29,Yes,Travel_Frequently,459,Research & Development,24,2,Life Sciences,1,1868,4,73,2,1,Research Scientist,4,Single,2439,14753,1,Y,Yes,24,4,2,80,0,1,3,2,1,0,1,0
E1334,Susan Walker,Female,Linda,46,Yes,Travel_Rarely,1254,Sales,10,3,Life Sciences,1,1869,3,64,3,3,Sales Executive,2,Married,7314,14011,5,Y,No,21,4,3,80,3,14,2,3,8,7,0,7
E1335,Mary Davis,Female,Barbara,27,No,Travel_Frequently,1131,Research & Development,15,3,Life Sciences,1,1870,4,77,2,1,Research Scientist,1,Married,4774,23844,0,Y,No,19,3,4,80,1,8,2,2,7,6,7,3
E1336,James Harris,Male,Thomas,39,No,Travel_Rarely,835,Research & Development,19,4,Other,1,1871,4,41,3,2,Research Scientist,4,Divorced,3902,5141,8,Y,No,14,3,2,80,3,7,2,3,2,2,2,2
E1337,Robert Anderson,Male,John,55,No,Travel_Rarely,836,Research & Development,2,4,Technical Degree,1,1873,2,98,2,1,Research Scientist,4,Married,2662,7975,8,Y,No,20,4,2,80,1,19,2,4,5,2,0,4
E1338,Karen King,Female,Mary,28,No,Travel_Rarely,1172,Sales,3,3,Medical,1,1875,2,78,3,1,Sales Representative,2,Married,2856,3692,1,Y,No,19,3,4,80,1,1,3,3,1,0,0,0
E1339,David Harris,Male,Charles,30,Yes,Travel_Rarely,945,Sales,9,3,Medical,1,1876,2,89,3,1,Sales Representative,4,Single,1081,16019,1,Y,No,13,3,3,80,0,1,3,2,1,0,0,0
E1340,Joseph White,Male,John,22,Yes,Travel_Rarely,391,Research & Development,7,1,Life Sciences,1,1878,4,75,3,1,Research Scientist,2,Single,2472,26092,1,Y,Yes,23,4,1,80,0,1,2,3,1,0,0,0
E1341,Mary King,Female,Susan,36,No,Travel_Rarely,1266,Sales,10,4,Technical Degree,1,1880,2,63,2,2,Sales Executive,3,Married,5673,6060,1,Y,Yes,13,3,1,80,1,10,4,3,10,9,1,7
E1342,David Harris,Male,Robert,31,No,Travel_Rarely,311,Research & Development,20,3,Life Sciences,1,1881,2,89,3,2,Laboratory Technician,3,Divorced,4197,18624,1,Y,No,11,3,1,80,1,10,2,3,10,8,0,2
E1343,Robert Brown,Male,Charles,34,No,Travel_Rarely,1480,Sales,4,3,Life Sciences,1,1882,3,64,3,3,Sales Executive,4,Married,9713,24444,2,Y,Yes,13,3,4,80,3,9,3,3,5,3,1,0
E1344,David Harris,Male,John,29,No,Travel_Rarely,592,Research & Development,7,3,Life Sciences,1,1883,4,59,3,1,Laboratory Technician,1,Single,2062,19384,3,Y,No,14,3,2,80,0,11,2,3,3,2,1,2
E1345,Richard Brown,Male,Richard,37,No,Travel_Rarely,783,Research & Development,7,4,Medical,1,1885,4,78,3,2,Research Scientist,1,Married,4284,13588,5,Y,Yes,22,4,3,80,1,16,2,3,5,3,0,4
E1346,Jennifer Clark,Female,Patricia,35,No,Travel_Rarely,219,Research & Development,16,2,Other,1,1886,4,44,2,2,Manufacturing Director,2,Married,4788,25388,0,Y,Yes,11,3,4,80,0,4,2,3,3,2,0,2
E1347,Sarah Lewis,Female,Jennifer,45,No,Travel_Rarely,556,Research & Development,25,2,Life Sciences,1,1888,2,93,2,2,Manufacturing Director,4,Married,5906,23888,0,Y,No,13,3,4,80,2,10,2,2,9,8,3,8
E1348,William Harris,Male,Richard,36,No,Travel_Frequently,1213,Human Resources,2,1,Human Resources,1,1890,2,94,2,2,Human Resources,4,Single,3886,4223,1,Y,No,21,4,4,80,0,10,2,2,10,1,0,8
E1349,Joseph Johnson,Male,Michael,40,No,Travel_Rarely,1137,Research & Development,1,4,Life Sciences,1,1892,1,98,3,4,Manager,1,Divorced,16823,18991,2,Y,No,11,3,1,80,1,22,3,3,19,7,11,16
E1350,Jennifer Clark,Female,Mary,26,No,Travel_Rarely,482,Research & Development,1,2,Life Sciences,1,1893,2,90,2,1,Research Scientist,3,Married,2933,14908,1,Y,Yes,13,3,3,80,1,1,3,2,1,0,1,0
E1351,Jessica Hall,Female,Elizabeth,27,No,Travel_Rarely,511,Sales,2,2,Medical,1,1898,1,89,4,2,Sales Executive,3,Single,6500,26997,0,Y,No,14,3,2,80,0,9,5,2,8,7,0,7
E1352,Barbara King,Female,Sarah,48,No,Travel_Frequently,117,Research & Development,22,3,Medical,1,1900,4,58,3,4,Manager,4,Divorced,17174,2437,3,Y,No,11,3,2,80,1,24,3,3,22,17,4,7
E1353,Joseph Taylor,Male,Joseph,44,No,Travel_Rarely,170,Research & Development,1,4,Life Sciences,1,1903,2,78,4,2,Healthcare Representative,1,Married,5033,9364,2,Y,No,15,3,4,80,1,10,5,3,2,0,2,2
E1354,Michael Harris,Male,Thomas,34,Yes,Non-Travel,967,Research & Development,16,4,Technical Degree,1,1905,4,85,1,1,Research Scientist,1,Married,2307,14460,1,Y,Yes,23,4,2,80,1,5,2,3,5,2,3,0
E1355,James Johnson,Male,Charles,56,Yes,Travel_Rarely,1162,Research & Development,24,2,Life Sciences,1,1907,1,97,3,1,Laboratory Technician,4,Single,2587,10261,1,Y,No,16,3,4,80,0,5,3,3,4,2,1,0
E1356,John Thomas,Male,Thomas,36,No,Travel_Rarely,335,Sales,17,2,Marketing,1,1908,3,33,2,2,Sales Executive,2,Married,5507,16822,2,Y,No,16,3,3,80,2,12,1,1,4,2,1,3
E1357,Linda Wright,Female,Susan,41,No,Travel_Rarely,337,Sales,8,3,Marketing,1,1909,3,54,3,2,Sales Executive,2,Married,4393,26841,5,Y,No,21,4,3,80,1,14,3,3,5,4,1,4
E1358,Robert Brown,Male,Michael,42,No,Travel_Rarely,1396,Research & Development,6,3,Medical,1,1911,3,83,3,3,Research Director,1,Married,13348,14842,9,Y,No,13,3,2,80,1,18,3,4,13,7,5,7
E1359,Jennifer Hall,Female,Elizabeth,31,No,Travel_Rarely,1079,Sales,10,2,Medical,1,1912,3,86,3,2,Sales Executive,4,Divorced,6583,20115,2,Y,Yes,11,3,4,80,1,8,2,3,5,2,1,4
E1360,Jessica Allen,Female,Mary,34,No,Travel_Rarely,735,Sales,3,1,Medical,1,1915,4,75,2,2,Sales Executive,4,Married,8103,16495,3,Y,Yes,12,3,3,80,0,9,3,2,4,2,0,1
E1361,Linda Robinson,Female,Mary,31,No,Travel_Rarely,471,Research & Development,4,3,Medical,1,1916,1,62,4,1,Laboratory Technician,3,Divorced,3978,16031,8,Y,No,12,3,2,80,1,4,0,2,2,2,2,2
E1362,Charles Johnson,Male,Robert,26,No,Travel_Frequently,1096,Research & Development,6,3,Other,1,1918,3,61,4,1,Laboratory Technician,4,Married,2544,7102,0,Y,No,18,3,1,80,1,8,3,3,7,7,7,7
E1363,James Harris,Male,Joseph,45,No,Travel_Frequently,1297,Research & Development,1,4,Medical,1,1922,2,44,3,2,Healthcare Representative,3,Single,5399,14511,4,Y,No,12,3,3,80,0,12,3,3,4,2,0,3
E1364,John White,Male,John,33,No,Travel_Rarely,217,Sales,10,4,Marketing,1,1924,2,43,3,2,Sales Executive,3,Single,5487,10410,1,Y,No,14,3,2,80,0,10,2,2,10,4,0,9
E1365,Thomas Taylor,Male,Michael,28,No,Travel_Frequently,783,Sales,1,2,Life Sciences,1,1927,3,42,2,2,Sales Executive,4,Married,6834,19255,1,Y,Yes,12,3,3,80,1,7,2,3,7,7,0,7
E1366,Joseph Harris,Male,John,29,Yes,Travel_Frequently,746,Sales,24,3,Technical Degree,1,1928,3,45,4,1,Sales Representative,1,Single,1091,10642,1,Y,No,17,3,4,80,0,1,3,3,1,0,0,0
E1367,Karen Wright,Female,Elizabeth,39,No,Non-Travel,1251,Sales,21,4,Life Sciences,1,1929,1,32,1,2,Sales Executive,3,Married,5736,3987,6,Y,No,19,3,3,80,1,10,1,3,3,2,1,2
E1368,William Jackson,Male,Thomas,27,No,Travel_Rarely,1354,Research & Development,2,4,Technical Degree,1,1931,2,41,3,1,Research Scientist,2,Married,2226,6073,1,Y,No,11,3,3,80,1,6,3,2,5,3,1,2
E1369,Charles Taylor,Male,James,34,No,Travel_Frequently,735,Research & Development,22,4,Other,1,1932,3,86,2,2,Research Scientist,4,Married,5747,26496,1,Y,Yes,15,3,2,80,0,16,3,3,15,10,6,11
E1370,Mary Lewis,Female,Elizabeth,28,Yes,Travel_Rarely,1475,Sales,13,2,Marketing,1,1933,4,84,3,2,Sales Executive,3,Single,9854,23352,3,Y,Yes,11,3,4,80,0,6,0,3,2,0,2,2
E1371,William Brown,Male,Thomas,47,No,Non-Travel,1169,Research & Development,14,4,Technical Degree,1,1934,3,64,3,2,Research Scientist,2,Married,5467,2125,8,Y,No,18,3,3,80,1,16,4,4,8,7,1,7
E1372,Susan King,Female,Mary,56,No,Travel_Rarely,1443,Sales,11,5,Marketing,1,1935,4,89,2,2,Sales Executive,1,Married,5380,20328,4,Y,No,16,3,3,80,1,6,3,3,0,0,0,0
E1373,David Martin,Male,Thomas,39,No,Travel_Rarely,867,Research & Development,9,2,Medical,1,1936,1,87,3,2,Manufacturing Director,1,Married,5151,12315,1,Y,No,25,4,4,80,1,10,3,3,10,0,7,9
E1374,Mary Allen,Female,Jessica,38,No,Travel_Frequently,1394,Research & Development,8,3,Medical,1,1937,4,58,2,2,Research Scientist,2,Divorced,2133,18115,1,Y,Yes,16,3,3,80,1,20,3,3,20,11,0,7
E1375,Jennifer Walker,Female,Linda,58,No,Travel_Rarely,605,Sales,21,3,Life Sciences,1,1938,4,72,3,4,Manager,4,Married,17875,11761,4,Y,Yes,13,3,3,80,1,29,2,2,1,0,0,0
E1376,Karen Robinson,Female,Karen,32,Yes,Travel_Frequently,238,Research & Development,5,2,Life Sciences,1,1939,1,47,4,1,Research Scientist,3,Single,2432,15318,3,Y,Yes,14,3,1,80,0,8,2,3,4,1,0,3
E1377,Charles Anderson,Male,William,38,No,Travel_Rarely,1206,Research & Development,9,2,Life Sciences,1,1940,2,71,3,1,Research Scientist,4,Divorced,4771,14293,2,Y,No,19,3,4,80,2,10,0,4,5,2,0,3
E1378,William Thomas,Male,William,49,No,Travel_Frequently,1064,Research & Development,2,1,Life Sciences,1,1941,2,42,3,5,Research Director,4,Married,19161,13738,3,Y,No,15,3,4,80,0,28,3,3,5,4,4,3
E1379,Charles Martin,Male,David,42,No,Travel_Rarely,419,Sales,12,4,Marketing,1,1943,2,77,3,2,Sales Executive,4,Divorced,5087,2900,3,Y,Yes,12,3,3,80,2,14,4,3,0,0,0,0
E1380,Barbara Young,Female,Susan,27,Yes,Travel_Frequently,1337,Human Resources,22,3,Human Resources,1,1944,1,58,2,1,Human Resources,2,Married,2863,19555,1,Y,No,12,3,1,80,0,1,2,3,1,0,0,0
E1381,Joseph Harris,Male,Joseph,35,No,Travel_Rarely,682,Sales,18,4,Medical,1,1945,2,71,3,2,Sales Executive,1,Married,5561,15975,0,Y,No,16,3,4,80,1,6,2,1,5,3,0,4
E1382,Joseph Johnson,Male,Joseph,28,No,Non-Travel,1103,Research & Development,16,3,Medical,1,1947,3,49,3,1,Research Scientist,3,Single,2144,2122,1,Y,No,14,3,3,80,0,5,3,2,5,3,1,4
E1383,Charles Smith,Male,John,31,No,Non-Travel,976,Research & Development,3,2,Medical,1,1948,3,48,3,1,Research Scientist,1,Divorced,3065,3995,1,Y,Yes,13,3,4,80,1,4,3,4,4,2,2,3
E1384,Charles Johnson,Male,Thomas,36,No,Non-Travel,1351,Research & Development,9,4,Life Sciences,1,1949,1,66,4,1,Laboratory Technician,2,Married,2810,9238,1,Y,No,22,4,2,80,0,5,3,3,5,4,0,2
E1385,John Brown,Male,Richard,34,No,Travel_Rarely,937,Sales,1,3,Marketing,1,1950,1,32,3,3,Sales Executive,4,Single,9888,6770,1,Y,No,21,4,1,80,0,14,3,2,14,8,2,1
E1386,Charles Jackson,Male,Michael,34,No,Travel_Rarely,1239,Sales,13,4,Medical,1,1951,4,39,3,3,Sales Executive,3,Divorced,8628,22914,1,Y,No,18,3,3,80,1,9,2,2,8,7,1,1
E1387,John Smith,Male,Michael,26,No,Travel_Rarely,157,Research & Development,1,3,Medical,1,1952,3,95,3,1,Laboratory Technician,1,Single,2867,20006,0,Y,No,13,3,4,80,0,8,6,2,7,7,7,6
E1388,David Harris,Male,Joseph,29,No,Travel_Rarely,136,Research & Development,1,3,Life Sciences,1,1954,1,89,3,2,Healthcare Representative,1,Married,5373,6225,0,Y,No,12,3,1,80,1,6,5,2,5,3,0,2
E1389,Jennifer Hall,Female,Linda,32,No,Non-Travel,1146,Research & Development,15,4,Medical,1,1955,3,34,3,2,Healthcare Representative,4,Divorced,6667,16542,5,Y,No,18,3,2,80,1,9,6,3,5,1,1,2
E1390,Robert Smith,Male,David,31,No,Travel_Frequently,1125,Research & Development,1,3,Life Sciences,1,1956,4,48,1,2,Research Scientist,1,Married,5003,5771,1,Y,No,21,4,2,80,0,10,6,3,10,8,8,7
E1391,William Martin,Male,William,28,Yes,Travel_Rarely,1404,Research & Development,17,3,Technical Degree,1,1960,3,32,2,1,Laboratory Technician,4,Divorced,2367,18779,5,Y,No,12,3,1,80,1,6,2,2,4,1,0,3
E1392,Michael Jackson,Male,Robert,38,No,Travel_Rarely,1404,Sales,1,3,Life Sciences,1,1961,1,59,2,1,Sales Representative,1,Single,2858,11473,4,Y,No,14,3,1,80,0,20,3,2,1,0,0,0
E1393,Barbara Wright,Female,Karen,35,No,Travel_Rarely,1224,Sales,7,4,Life Sciences,1,1962,3,55,3,2,Sales Executive,4,Married,5204,13586,1,Y,Yes,11,3,4,80,0,10,2,3,10,8,0,9
E1394,Richard Anderson,Male,John,27,No,Travel_Rarely,954,Sales,9,3,Marketing,1,1965,4,44,3,2,Sales Executive,4,Single,4105,5099,1,Y,No,14,3,1,80,0,7,5,3,7,7,0,7
E1395,Michael Jackson,Male,Thomas,32,No,Travel_Rarely,1373,Research & Development,5,4,Life Sciences,1,1966,4,56,2,2,Manufacturing Director,4,Single,9679,10138,8,Y,No,24,4,2,80,0,8,1,3,1,0,0,0
E1396,Richard Thomas,Male,Charles,31,Yes,Travel_Frequently,754,Sales,26,4,Marketing,1,1967,1,63,3,2,Sales Executive,4,Married,5617,21075,1,Y,Yes,11,3,3,80,0,10,4,3,10,7,0,8
E1397,Joseph Taylor,Male,Thomas,53,Yes,Travel_Rarely,1168,Sales,24,4,Life Sciences,1,1968,1,66,3,3,Sales Executive,1,Single,10448,5843,6,Y,Yes,13,3,2,80,0,15,2,2,2,2,2,2
E1398,Karen Walker,Female,Mary,54,No,Travel_Rarely,155,Research & Development,9,2,Life Sciences,1,1969,1,67,3,2,Research Scientist,3,Married,2897,22474,3,Y,No,11,3,3,80,2,9,6,2,4,3,2,3
E1399,Michael Smith,Male,Charles,33,No,Travel_Frequently,1303,Research & Development,7,2,Life Sciences,1,1970,4,36,3,2,Healthcare Representative,3,Divorced,5968,18079,1,Y,No,20,4,3,80,3,9,2,3,9,7,2,8
E1400,Joseph Smith,Male,Robert,43,No,Travel_Rarely,574,Research & Development,11,3,Life Sciences,1,1971,1,30,3,3,Healthcare Representative,3,Married,7510,16873,1,Y,No,17,3,2,80,1,10,1,3,10,9,0,9
E1401,William Thomas,Male,Joseph,38,No,Travel_Frequently,1444,Human Resources,1,4,Other,1,1972,4,88,3,1,Human Resources,2,Married,2991,5224,0,Y,Yes,11,3,2,80,1,7,2,3,6,2,1,2
E1402,David Anderson,Male,David,55,No,Travel_Rarely,189,Human Resources,26,4,Human Resources,1,1973,3,71,4,5,Manager,2,Married,19636,25811,4,Y,Yes,18,3,1,80,1,35,0,3,10,9,1,4
E1403,Jennifer Walker,Female,Elizabeth,31,No,Travel_Rarely,1276,Research & Development,2,1,Medical,1,1974,4,59,1,1,Laboratory Technician,4,Divorced,1129,17536,1,Y,Yes,11,3,3,80,3,1,4,3,1,0,0,0
E1404,Joseph Johnson,Male,William,39,No,Travel_Rarely,119,Sales,15,4,Marketing,1,1975,2,77,3,4,Sales Executive,1,Single,13341,25098,0,Y,No,12,3,1,80,0,21,3,3,20,8,11,10
E1405,David Harris,Male,David,42,No,Non-Travel,335,Research & Development,23,2,Life Sciences,1,1976,4,37,2,2,Research Scientist,3,Single,4332,14811,1,Y,No,12,3,4,80,0,20,2,3,20,9,3,7
E1406,Jessica Young,Female,Susan,31,No,Non-Travel,697,Research & Development,10,3,Medical,1,1979,3,40,3,3,Research Director,3,Married,11031,26862,4,Y,No,20,4,3,80,1,13,2,4,11,7,4,8
E1407,Jessica Allen,Female,Mary,54,No,Travel_Rarely,157,Research & Development,10,3,Medical,1,1980,3,77,3,2,Manufacturing Director,1,Single,4440,25198,6,Y,Yes,19,3,4,80,0,9,3,3,5,2,1,4
E1408,Joseph Thomas,Male,Thomas,24,No,Travel_Rarely,771,Research & Development,1,2,Life Sciences,1,1981,2,45,2,2,Healthcare Representative,3,Single,4617,14120,1,Y,No,12,3,2,80,0,4,2,2,4,3,1,2
E1409,John Johnson,Male,Robert,23,No,Travel_Rarely,571,Research & Development,12,2,Other,1,1982,4,78,3,1,Laboratory Technician,4,Single,2647,13672,1,Y,No,13,3,3,80,0,5,6,4,5,2,1,4
E1410,Jessica Davis,Female,Linda,40,No,Travel_Frequently,692,Research & Development,11,3,Technical Degree,1,1985,4,73,3,2,Laboratory Technician,3,Married,6323,26849,1,Y,No,11,3,1,80,1,10,2,4,10,9,9,4
E1411,Barbara Hall,Female,Karen,40,No,Travel_Rarely,444,Sales,2,2,Marketing,1,1986,2,92,3,2,Sales Executive,2,Married,5677,4258,3,Y,No,14,3,3,80,1,15,4,3,11,8,5,10
E1412,Linda Wright,Female,Mary,25,No,Travel_Rarely,309,Human Resources,2,3,Human Resources,1,1987,3,82,3,1,Human Resources,2,Married,2187,19655,4,Y,No,14,3,3,80,0,6,3,3,2,0,1,2
E1413,Robert Brown,Male,Charles,30,No,Travel_Rarely,911,Research & Development,1,2,Medical,1,1989,4,76,3,1,Laboratory Technician,2,Married,3748,4077,1,Y,No,13,3,3,80,0,12,6,2,12,8,1,7
E1414,James Brown,Male,Robert,25,No,Travel_Rarely,977,Research & Development,2,1,Other,1,1992,4,57,3,1,Laboratory Technician,3,Divorced,3977,7298,6,Y,Yes,19,3,3,80,1,7,2,2,2,2,0,2
E1415,Michael Anderson,Male,John,47,No,Travel_Rarely,1180,Research & Development,25,3,Medical,1,1993,1,84,3,3,Healthcare Representative,3,Single,8633,13084,2,Y,No,23,4,2,80,0,25,3,3,17,14,12,11
E1416,Robert Thomas,Male,John,33,No,Non-Travel,1313,Research & Development,1,2,Medical,1,1994,2,59,2,1,Laboratory Technician,3,Divorced,2008,20439,1,Y,No,12,3,3,80,3,1,2,2,1,1,0,0
E1417,William Brown,Male,James,38,No,Travel_Rarely,1321,Sales,1,4,Life Sciences,1,1995,4,86,3,2,Sales Executive,2,Married,4440,7636,0,Y,No,15,3,1,80,2,16,3,3,15,13,5,8
E1418,David Thomas,Male,Joseph,31,No,Travel_Rarely,1154,Sales,2,2,Life Sciences,1,1996,1,54,3,1,Sales Representative,3,Married,3067,6393,0,Y,No,19,3,3,80,1,3,1,3,2,2,1,2
E1419,Joseph Johnson,Male,Robert,38,No,Travel_Frequently,508,Research & Development,6,4,Life Sciences,1,1997,1,72,2,2,Manufacturing Director,3,Married,5321,14284,2,Y,No,11,3,4,80,1,10,1,3,8,3,7,7
E1420,James Taylor,Male,Robert,42,No,Travel_Rarely,557,Research & Development,18,4,Life Sciences,1,1998,4,35,3,2,Research Scientist,1,Divorced,5410,11189,6,Y,Yes,17,3,3,80,1,9,3,2,4,3,1,2
E1421,Richard Martin,Male,David,41,No,Travel_Rarely,642,Research & Development,1,3,Life Sciences,1,1999,4,76,3,1,Research Scientist,4,Married,2782,21412,3,Y,No,22,4,1,80,1,12,3,3,5,3,1,0
E1422,Jennifer Lewis,Female,Jessica,47,No,Non-Travel,1162,Research & Development,1,1,Medical,1,2000,3,98,3,3,Research Director,2,Married,11957,17231,0,Y,No,18,3,1,80,2,14,3,1,13,8,5,12
E1423,William Anderson,Male,Thomas,35,No,Travel_Rarely,1490,Research & Development,11,4,Medical,1,2003,4,43,3,1,Laboratory Technician,3,Married,2660,20232,7,Y,Yes,11,3,3,80,1,5,3,3,2,2,2,2
E1424,Charles Brown,Male,Thomas,22,No,Travel_Rarely,581,Research & Development,1,2,Life Sciences,1,2007,4,63,3,1,Research Scientist,3,Single,3375,17624,0,Y,No,12,3,4,80,0,4,2,4,3,2,1,2
E1425,Thomas Taylor,Male,Michael,35,No,Travel_Rarely,1395,Research & Development,9,4,Medical,1,2008,2,48,3,2,Research Scientist,3,Single,5098,18698,1,Y,No,19,3,2,80,0,10,5,3,10,7,0,8
E1426,Jennifer Clark,Female,Elizabeth,33,No,Travel_Rarely,501,Research & Development,15,2,Medical,1,2009,2,95,3,2,Healthcare Representative,4,Married,4878,21653,0,Y,Yes,13,3,1,80,1,10,6,3,9,7,8,1
E1427,Karen King,Female,Patricia,32,No,Travel_Rarely,267,Research & Development,29,4,Life Sciences,1,2010,3,49,2,1,Laboratory Technician,2,Single,2837,15919,1,Y,No,13,3,3,80,0,6,3,3,6,2,4,1
E1428,Michael Brown,Male,Thomas,40,No,Travel_Rarely,543,Research & Development,1,4,Life Sciences,1,2012,1,83,3,1,Laboratory Technician,4,Married,2406,4060,8,Y,No,19,3,3,80,2,8,3,2,1,0,0,0
E1429,Richard White,Male,Joseph,32,No,Travel_Rarely,234,Sales,1,4,Medical,1,2013,2,68,2,1,Sales Representative,2,Married,2269,18024,0,Y,No,14,3,2,80,1,3,2,3,2,2,2,2
E1430,John Jackson,Male,Robert,39,No,Travel_Rarely,116,Research & Development,24,1,Life Sciences,1,2014,1,52,3,2,Research Scientist,4,Single,4108,5340,7,Y,No,13,3,1,80,0,18,2,3,7,7,1,7
E1431,Elizabeth Walker,Female,Sarah,38,No,Travel_Rarely,201,Research & Development,10,3,Medical,1,2015,2,99,1,3,Research Director,3,Married,13206,3376,3,Y,No,12,3,1,80,1,20,3,3,18,16,1,11
E1432,Jennifer Walker,Female,Jennifer,32,No,Travel_Rarely,801,Sales,1,4,Marketing,1,2016,3,48,3,3,Sales Executive,4,Married,10422,24032,1,Y,No,19,3,3,80,2,14,3,3,14,10,5,7
E1433,Patricia Robinson,Female,Sarah,37,No,Travel_Rarely,161,Research & Development,10,3,Life Sciences,1,2017,3,42,4,3,Research Director,4,Married,13744,15471,1,Y,Yes,25,4,1,80,1,16,2,3,16,11,6,8
E1434,Barbara Davis,Female,Patricia,25,No,Travel_Rarely,1382,Sales,8,2,Other,1,2018,1,85,3,2,Sales Executive,3,Divorced,4907,13684,0,Y,Yes,22,4,2,80,1,6,3,2,5,3,0,4
E1435,Charles Taylor,Male,Charles,52,No,Non-Travel,585,Sales,29,4,Life Sciences,1,2019,1,40,3,1,Sales Representative,4,Divorced,3482,19788,2,Y,No,15,3,2,80,2,16,3,2,9,8,0,0
E1436,David Harris,Male,Thomas,44,No,Travel_Rarely,1037,Research & Development,1,3,Medical,1,2020,2,42,3,1,Research Scientist,4,Single,2436,13422,6,Y,Yes,12,3,3,80,0,6,2,3,4,3,1,2
E1437,John Jackson,Male,Joseph,21,No,Travel_Rarely,501,Sales,5,1,Medical,1,2021,3,58,3,1,Sales Representative,1,Single,2380,25479,1,Y,Yes,11,3,4,80,0,2,6,3,2,2,1,2
E1438,David Johnson,Male,Thomas,39,No,Non-Travel,105,Research & Development,9,3,Life Sciences,1,2022,4,87,3,5,Manager,4,Single,19431,15302,2,Y,No,13,3,3,80,0,21,3,2,6,0,1,3
E1439,Joseph Jackson,Male,William,23,Yes,Travel_Frequently,638,Sales,9,3,Marketing,1,2023,4,33,3,1,Sales Representative,1,Married,1790,26956,1,Y,No,19,3,1,80,1,1,3,2,1,0,1,0
E1440,Elizabeth Walker,Female,Patricia,36,No,Travel_Rarely,557,Sales,3,3,Medical,1,2024,1,94,2,3,Sales Executive,4,Married,7644,12695,0,Y,No,19,3,3,80,2,10,2,3,9,7,3,4
E1441,Susan King,Female,Jessica,36,No,Travel_Frequently,688,Research & Development,4,2,Life Sciences,1,2025,4,97,3,2,Manufacturing Director,2,Divorced,5131,9192,7,Y,No,13,3,2,80,3,18,3,3,4,2,0,2
E1442,Thomas Harris,Male,David,56,No,Non-Travel,667,Research & Development,1,4,Life Sciences,1,2026,3,57,3,2,Healthcare Representative,3,Divorced,6306,26236,1,Y,No,21,4,1,80,1,13,2,2,13,12,1,9
E1443,David Martin,Male,Joseph,29,Yes,Travel_Rarely,1092,Research & Development,1,4,Medical,1,2027,1,36,3,1,Research Scientist,4,Married,4787,26124,9,Y,Yes,14,3,2,80,3,4,3,4,2,2,2,2
E1444,David Brown,Male,William,42,No,Travel_Rarely,300,Research & Development,2,3,Life Sciences,1,2031,1,56,3,5,Manager,3,Married,18880,17312,5,Y,No,11,3,1,80,0,24,2,2,22,6,4,14
E1445,James Jackson,Male,Charles,56,Yes,Travel_Rarely,310,Research & Development,7,2,Technical Degree,1,2032,4,72,3,1,Laboratory Technician,3,Married,2339,3666,8,Y,No,11,3,4,80,1,14,4,1,10,9,9,8
E1446,Linda Davis,Female,Patricia,41,No,Travel_Rarely,582,Research & Development,28,4,Life Sciences,1,2034,1,60,2,4,Manufacturing Director,2,Married,13570,5640,0,Y,No,23,4,3,80,1,21,3,3,20,7,0,10
E1447,Jessica Hall,Female,Barbara,34,No,Travel_Rarely,704,Sales,28,3,Marketing,1,2035,4,95,2,2,Sales Executive,3,Married,6712,8978,1,Y,No,21,4,4,80,2,8,2,3,8,7,1,7
E1448,David Johnson,Male,William,36,No,Non-Travel,301,Sales,15,4,Marketing,1,2036,4,88,1,2,Sales Executive,4,Divorced,5406,10436,1,Y,No,24,4,1,80,1,15,4,2,15,12,11,11
E1449,James Johnson,Male,William,41,No,Travel_Rarely,930,Sales,3,3,Life Sciences,1,2037,3,57,2,2,Sales Executive,2,Divorced,8938,12227,2,Y,No,11,3,3,80,1,14,5,3,5,4,0,4
E1450,Michael Johnson,Male,James,32,No,Travel_Rarely,529,Research & Development,2,3,Technical Degree,1,2038,4,78,3,1,Research Scientist,1,Single,2439,11288,1,Y,No,14,3,4,80,0,4,4,3,4,2,1,2
E1451,Mary Allen,Female,Patricia,35,No,Travel_Rarely,1146,Human Resources,26,4,Life Sciences,1,2040,3,31,3,3,Human Resources,4,Single,8837,16642,1,Y,Yes,16,3,3,80,0,9,2,3,9,0,1,7
E1452,Jessica Hall,Female,Jessica,38,No,Travel_Rarely,345,Sales,10,2,Life Sciences,1,2041,1,100,3,2,Sales Executive,4,Married,5343,5982,1,Y,No,11,3,3,80,1,10,1,3,10,7,1,9
E1453,Michael Thomas,Male,Robert,50,Yes,Travel_Frequently,878,Sales,1,4,Life Sciences,1,2044,2,94,3,2,Sales Executive,3,Divorced,6728,14255,7,Y,No,12,3,4,80,2,12,3,3,6,3,0,1
E1454,Jennifer Young,Female,Karen,36,No,Travel_Rarely,1120,Sales,11,4,Marketing,1,2045,2,100,2,2,Sales Executive,4,Married,6652,14369,4,Y,No,13,3,1,80,1,8,2,2,6,3,0,0
E1455,Karen Clark,Female,Jennifer,45,No,Travel_Rarely,374,Sales,20,3,Life Sciences,1,2046,4,50,3,2,Sales Executive,3,Single,4850,23333,8,Y,No,15,3,3,80,0,8,3,3,5,3,0,1
E1456,William Smith,Male,Joseph,40,No,Travel_Rarely,1322,Research & Development,2,4,Life Sciences,1,2048,3,52,2,1,Research Scientist,3,Single,2809,2725,2,Y,No,14,3,4,80,0,8,2,3,2,2,2,2
E1457,David Johnson,Male,Joseph,35,No,Travel_Frequently,1199,Research & Development,18,4,Life Sciences,1,2049,3,80,3,2,Healthcare Representative,3,Married,5689,24594,1,Y,Yes,14,3,4,80,2,10,2,4,10,2,0,2
E1458,Linda Hall,Female,Patricia,40,No,Travel_Rarely,1194,Research & Development,2,4,Medical,1,2051,3,98,3,1,Research Scientist,3,Married,2001,12549,2,Y,No,14,3,2,80,3,20,2,3,5,3,0,2
E1459,Karen Young,Female,Jessica,35,No,Travel_Rarely,287,Research & Development,1,4,Life Sciences,1,2052,3,62,1,1,Research Scientist,4,Married,2977,8952,1,Y,No,12,3,4,80,1,4,5,3,4,3,1,1
E1460,Joseph Thomas,Male,James,29,No,Travel_Rarely,1378,Research & Development,13,2,Other,1,2053,4,46,2,2,Laboratory Technician,2,Married,4025,23679,4,Y,Yes,13,3,1,80,1,10,2,3,4,3,0,3
E1461,Linda Young,Female,Barbara,29,No,Travel_Rarely,468,Research & Development,28,4,Medical,1,2054,4,73,2,1,Research Scientist,1,Single,3785,8489,1,Y,No,14,3,2,80,0,5,3,1,5,4,0,4
E1462,Joseph Martin,Male,Joseph,50,Yes,Travel_Rarely,410,Sales,28,3,Marketing,1,2055,4,39,2,3,Sales Executive,1,Divorced,10854,16586,4,Y,Yes,13,3,2,80,1,20,3,3,3,2,2,0
E1463,Mary Robinson,Female,Jennifer,39,No,Travel_Rarely,722,Sales,24,1,Marketing,1,2056,2,60,2,4,Sales Executive,4,Married,12031,8828,0,Y,No,11,3,1,80,1,21,2,2,20,9,9,6
E1464,Michael Jackson,Male,Joseph,31,No,Non-Travel,325,Research & Development,5,3,Medical,1,2057,2,74,3,2,Manufacturing Director,1,Single,9936,3787,0,Y,No,19,3,2,80,0,10,2,3,9,4,1,7
E1465,Susan Young,Female,Mary,26,No,Travel_Rarely,1167,Sales,5,3,Other,1,2060,4,30,2,1,Sales Representative,3,Single,2966,21378,0,Y,No,18,3,4,80,0,5,2,3,4,2,0,0
E1466,William Jackson,Male,Thomas,36,No,Travel_Frequently,884,Research & Development,23,2,Medical,1,2061,3,41,4,2,Laboratory Technician,4,Married,2571,12290,4,Y,No,17,3,3,80,1,17,3,3,5,2,0,3
E1467,Joseph Harris,Male,Thomas,39,No,Travel_Rarely,613,Research & Development,6,1,Medical,1,2062,4,42,2,3,Healthcare Representative,1,Married,9991,21457,4,Y,No,15,3,1,80,1,9,5,3,7,7,1,7
E1468,Robert Brown,Male,William,27,No,Travel_Rarely,155,Research & Development,4,3,Life Sciences,1,2064,2,87,4,2,Manufacturing Director,2,Married,6142,5174,1,Y,Yes,20,4,2,80,1,6,0,3,6,2,0,3
E1469,Michael Anderson,Male,Charles,49,No,Travel_Frequently,1023,Sales,2,3,Medical,1,2065,4,63,2,2,Sales Executive,2,Married,5390,13243,2,Y,No,14,3,4,80,0,17,3,2,9,6,0,8
E1470,Charles Smith,Male,Michael,34,No,Travel_Rarely,628,Research & Development,8,3,Medical,1,2068,2,82,4,2,Laboratory Technician,3,Married,4404,10228,2,Y,No,12,3,1,80,0,6,3,4,4,3,1,2